date,home_team,away_team,home_score,away_score,neutral,overtime,game_id,sport,season,notes,game_id_pred,p_home_win,win_prob_dist,pred_margin,pred_total,model_id,extra,home_win,actual_margin
2025-10-25,Orlando Magic,Chicago Bulls,98.0,110.0,False,False,2025-10-25|Chicago Bulls|Orlando Magic,,,,2025-10-25|Chicago Bulls|Orlando Magic,0.20386063332333337,"[{""p_home_win"": 0.0, ""weight"": 0.25}, {""p_home_win"": 0.20386063332333337, ""weight"": 0.5}, {""p_home_win"": 0.40772126664666675, ""weight"": 0.25}]",-2.2107130306499876,,elo,"{'home_advantage': 1.1898960848629752, 'scale': 0.3215702589970049, 'error_term': 12.45983935909709, 'win_prob_k': 1.622735015882516}",0.0,-12.0
2025-10-25,Atlanta Hawks,Oklahoma City Thunder,100.0,117.0,False,False,2025-10-25|Oklahoma City Thunder|Atlanta Hawks,,,,2025-10-25|Oklahoma City Thunder|Atlanta Hawks,0.04482717041624101,"[{""p_home_win"": 0.0, ""weight"": 0.25}, {""p_home_win"": 0.04482717041624101, ""weight"": 0.5}, {""p_home_win"": 0.08965434083248203, ""weight"": 0.25}]",-4.9640727587642255,,elo,"{'home_advantage': 1.1898960848629752, 'scale': 0.3215702589970049, 'error_term': 12.45983935909709, 'win_prob_k': 1.622735015882516}",0.0,-17.0
2025-10-25,Philadelphia 76ers,Charlotte Hornets,125.0,121.0,False,False,2025-10-25|Charlotte Hornets|Philadelphia 76ers,,,,2025-10-25|Charlotte Hornets|Philadelphia 76ers,0.6755215197442075,"[{""p_home_win"": 0.351043039488415, ""weight"": 0.25}, {""p_home_win"": 0.6755215197442075, ""weight"": 0.5}, {""p_home_win"": 1.0, ""weight"": 0.25}]",1.1898960848629752,,elo,"{'home_advantage': 1.1898960848629752, 'scale': 0.3215702589970049, 'error_term': 12.45983935909709, 'win_prob_k': 1.622735015882516}",1.0,4.0
2025-10-25,Memphis Grizzlies,Indiana Pacers,128.0,103.0,False,False,2025-10-25|Indiana Pacers|Memphis Grizzlies,,,,2025-10-25|Indiana Pacers|Memphis Grizzlies,0.927166250204319,"[{""p_home_win"": 0.854332500408638, ""weight"": 0.25}, {""p_home_win"": 0.927166250204319, ""weight"": 0.5}, {""p_home_win"": 1.0, ""weight"": 0.25}]",4.128162338520127,,elo,"{'home_advantage': 1.1898960848629752, 'scale': 0.3215702589970049, 'error_term': 12.45983935909709, 'win_prob_k': 1.622735015882516}",1.0,25.0
2025-10-25,Denver Nuggets,Phoenix Suns,133.0,111.0,False,False,2025-10-25|Phoenix Suns|Denver Nuggets,,,,2025-10-25|Phoenix Suns|Denver Nuggets,0.25399421690375734,"[{""p_home_win"": 0.0, ""weight"": 0.25}, {""p_home_win"": 0.25399421690375734, ""weight"": 0.5}, {""p_home_win"": 0.5079884338075147, ""weight"": 0.25}]",-1.7483701687941766,,elo,"{'home_advantage': 1.1898960848629752, 'scale': 0.3215702589970049, 'error_term': 12.45983935909709, 'win_prob_k': 1.622735015882516}",1.0,22.0
2025-10-26,San Antonio Spurs,Brooklyn Nets,118.0,107.0,False,False,2025-10-26|Brooklyn Nets|San Antonio Spurs,,,,2025-10-26|Brooklyn Nets|San Antonio Spurs,0.9973673752843744,"[{""p_home_win"": 0.9947347505687487, ""weight"": 0.25}, {""p_home_win"": 0.9973673752843744, ""weight"": 0.5}, {""p_home_win"": 1.0, ""weight"": 0.25}]",14.50412677165031,,elo,"{'home_advantage': 2.036396093123758, 'scale': 0.3162392960056921, 'error_term': 12.54840239144442, 'win_prob_k': 2.442949305513109}",1.0,11.0
2025-10-26,Detroit Pistons,Boston Celtics,119.0,113.0,False,False,2025-10-26|Boston Celtics|Detroit Pistons,,,,2025-10-26|Boston Celtics|Detroit Pistons,0.966043936204297,"[{""p_home_win"": 0.9320878724085939, ""weight"": 0.25}, {""p_home_win"": 0.966043936204297, ""weight"": 0.5}, {""p_home_win"": 1.0, ""weight"": 0.25}]",8.179340851536468,,elo,"{'home_advantage': 2.036396093123758, 'scale': 0.3162392960056921, 'error_term': 12.54840239144442, 'win_prob_k': 2.442949305513109}",1.0,6.0
2025-10-26,Washington Wizards,Charlotte Hornets,113.0,139.0,False,False,2025-10-26|Charlotte Hornets|Washington Wizards,,,,2025-10-26|Charlotte Hornets|Washington Wizards,0.6971115778394968,"[{""p_home_win"": 0.3942231556789937, ""weight"": 0.25}, {""p_home_win"": 0.6971115778394968, ""weight"": 0.5}, {""p_home_win"": 1.0, ""weight"": 0.25}]",2.036396093123758,,elo,"{'home_advantage': 2.036396093123758, 'scale': 0.3162392960056921, 'error_term': 12.54840239144442, 'win_prob_k': 2.442949305513109}",0.0,-26.0
2025-10-26,Miami Heat,New York Knicks,115.0,107.0,False,False,2025-10-26|New York Knicks|Miami Heat,,,,2025-10-26|New York Knicks|Miami Heat,0.16706887542725746,"[{""p_home_win"": 0.0, ""weight"": 0.25}, {""p_home_win"": 0.16706887542725746, ""weight"": 0.5}, {""p_home_win"": 0.3341377508545149, ""weight"": 0.25}]",-3.9247075035878187,,elo,"{'home_advantage': 2.036396093123758, 'scale': 0.3162392960056921, 'error_term': 12.54840239144442, 'win_prob_k': 2.442949305513109}",1.0,8.0
2025-10-26,Cleveland Cavaliers,Milwaukee Bucks,118.0,113.0,False,False,2025-10-26|Milwaukee Bucks|Cleveland Cavaliers,,,,2025-10-26|Milwaukee Bucks|Cleveland Cavaliers,0.14736551057009814,"[{""p_home_win"": 0.0, ""weight"": 0.25}, {""p_home_win"": 0.14736551057009814, ""weight"": 0.5}, {""p_home_win"": 0.2947310211401963, ""weight"": 0.25}]",-4.288389826990084,,elo,"{'home_advantage': 2.036396093123758, 'scale': 0.3162392960056921, 'error_term': 12.54840239144442, 'win_prob_k': 2.442949305513109}",1.0,5.0
2025-10-26,Minnesota Timberwolves,Indiana Pacers,114.0,110.0,False,False,2025-10-26|Indiana Pacers|Minnesota Timberwolves,,,,2025-10-26|Indiana Pacers|Minnesota Timberwolves,0.9636262872479139,"[{""p_home_win"": 0.9272525744958278, ""weight"": 0.25}, {""p_home_win"": 0.9636262872479139, ""weight"": 0.5}, {""p_home_win"": 1.0, ""weight"": 0.25}]",8.00519605523359,,elo,"{'home_advantage': 2.036396093123758, 'scale': 0.3162392960056921, 'error_term': 12.54840239144442, 'win_prob_k': 2.442949305513109}",1.0,4.0
2025-10-26,Dallas Mavericks,Toronto Raptors,139.0,129.0,False,False,2025-10-26|Toronto Raptors|Dallas Mavericks,,,,2025-10-26|Toronto Raptors|Dallas Mavericks,0.14736551057009814,"[{""p_home_win"": 0.0, ""weight"": 0.25}, {""p_home_win"": 0.14736551057009814, ""weight"": 0.5}, {""p_home_win"": 0.2947310211401963, ""weight"": 0.25}]",-4.288389826990084,,elo,"{'home_advantage': 2.036396093123758, 'scale': 0.3162392960056921, 'error_term': 12.54840239144442, 'win_prob_k': 2.442949305513109}",1.0,10.0
2025-10-26,Sacramento Kings,Los Angeles Lakers,120.0,127.0,False,False,2025-10-26|Los Angeles Lakers|Sacramento Kings,,,,2025-10-26|Los Angeles Lakers|Sacramento Kings,0.6971115778394968,"[{""p_home_win"": 0.3942231556789937, ""weight"": 0.25}, {""p_home_win"": 0.6971115778394968, ""weight"": 0.5}, {""p_home_win"": 1.0, ""weight"": 0.25}]",2.036396093123758,,elo,"{'home_advantage': 2.036396093123758, 'scale': 0.3162392960056921, 'error_term': 12.54840239144442, 'win_prob_k': 2.442949305513109}",0.0,-7.0
2025-10-26,Los Angeles Clippers,Portland Trail Blazers,114.0,107.0,False,False,2025-10-26|Portland Trail Blazers|Los Angeles Clippers,,,,2025-10-26|Portland Trail Blazers|Los Angeles Clippers,0.6894568649896631,"[{""p_home_win"": 0.37891372997932615, ""weight"": 0.25}, {""p_home_win"": 0.6894568649896631, ""weight"": 0.5}, {""p_home_win"": 1.0, ""weight"": 0.25}]",1.9484507380925806,,elo,"{'home_advantage': 2.036396093123758, 'scale': 0.3162392960056921, 'error_term': 12.54840239144442, 'win_prob_k': 2.442949305513109}",1.0,7.0
2025-10-27,Detroit Pistons,Cleveland Cavaliers,95.0,116.0,False,False,2025-10-27|Cleveland Cavaliers|Detroit Pistons,,,,2025-10-27|Cleveland Cavaliers|Detroit Pistons,0.6424871101258977,"[{""p_home_win"": 0.2849742202517953, ""weight"": 0.25}, {""p_home_win"": 0.6424871101258977, ""weight"": 0.5}, {""p_home_win"": 1.0, ""weight"": 0.25}]",1.3865790977984136,,elo,"{'home_advantage': 1.674178203789497, 'scale': 0.2537208814484842, 'error_term': 12.095940764194875, 'win_prob_k': 2.3654681615821507}",0.0,-21.0
2025-10-27,Philadelphia 76ers,Orlando Magic,136.0,124.0,False,False,2025-10-27|Orlando Magic|Philadelphia 76ers,,,,2025-10-27|Orlando Magic|Philadelphia 76ers,0.9811942203922764,"[{""p_home_win"": 0.9623884407845529, ""weight"": 0.25}, {""p_home_win"": 0.9811942203922764, ""weight"": 0.5}, {""p_home_win"": 1.0, ""weight"": 0.25}]",9.35449499498157,,elo,"{'home_advantage': 1.674178203789497, 'scale': 0.2537208814484842, 'error_term': 12.095940764194875, 'win_prob_k': 2.3654681615821507}",1.0,12.0
2025-10-27,Chicago Bulls,Atlanta Hawks,128.0,123.0,False,False,2025-10-27|Atlanta Hawks|Chicago Bulls,,,,2025-10-27|Atlanta Hawks|Chicago Bulls,0.9775165018769527,"[{""p_home_win"": 0.9550330037539054, ""weight"": 0.25}, {""p_home_win"": 0.9775165018769527, ""weight"": 0.5}, {""p_home_win"": 1.0, ""weight"": 0.25}]",8.92309836071255,,elo,"{'home_advantage': 1.674178203789497, 'scale': 0.2537208814484842, 'error_term': 12.095940764194875, 'win_prob_k': 2.3654681615821507}",1.0,5.0
2025-10-27,Houston Rockets,Brooklyn Nets,137.0,109.0,False,False,2025-10-27|Brooklyn Nets|Houston Rockets,,,,2025-10-27|Brooklyn Nets|Houston Rockets,0.840126257351922,"[{""p_home_win"": 0.6802525147038441, ""weight"": 0.25}, {""p_home_win"": 0.840126257351922, ""weight"": 0.5}, {""p_home_win"": 1.0, ""weight"": 0.25}]",3.9247085858457336,,elo,"{'home_advantage': 1.674178203789497, 'scale': 0.2537208814484842, 'error_term': 12.095940764194875, 'win_prob_k': 2.3654681615821507}",1.0,28.0
2025-10-27,New Orleans Pelicans,Boston Celtics,90.0,122.0,False,False,2025-10-27|Boston Celtics|New Orleans Pelicans,,,,2025-10-27|Boston Celtics|New Orleans Pelicans,0.8481873661394221,"[{""p_home_win"": 0.6963747322788443, ""weight"": 0.25}, {""p_home_win"": 0.8481873661394221, ""weight"": 0.5}, {""p_home_win"": 1.0, ""weight"": 0.25}]",4.069680280540986,,elo,"{'home_advantage': 1.674178203789497, 'scale': 0.2537208814484842, 'error_term': 12.095940764194875, 'win_prob_k': 2.3654681615821507}",0.0,-32.0
2025-10-27,San Antonio Spurs,Toronto Raptors,121.0,103.0,False,False,2025-10-27|Toronto Raptors|San Antonio Spurs,,,,2025-10-27|Toronto Raptors|San Antonio Spurs,0.9924376148080921,"[{""p_home_win"": 0.9848752296161842, ""weight"": 0.25}, {""p_home_win"": 0.9924376148080921, ""weight"": 0.5}, {""p_home_win"": 1.0, ""weight"": 0.25}]",11.53633502930026,,elo,"{'home_advantage': 1.674178203789497, 'scale': 0.2537208814484842, 'error_term': 12.095940764194875, 'win_prob_k': 2.3654681615821507}",1.0,18.0
2025-10-27,Dallas Mavericks,Oklahoma City Thunder,94.0,101.0,False,False,2025-10-27|Oklahoma City Thunder|Dallas Mavericks,,,,2025-10-27|Oklahoma City Thunder|Dallas Mavericks,0.031337672883093935,"[{""p_home_win"": 0.0, ""weight"": 0.25}, {""p_home_win"": 0.031337672883093935, ""weight"": 0.5}, {""p_home_win"": 0.06267534576618787, ""weight"": 0.25}]",-8.116146207175381,,elo,"{'home_advantage': 1.674178203789497, 'scale': 0.2537208814484842, 'error_term': 12.095940764194875, 'win_prob_k': 2.3654681615821507}",0.0,-7.0
2025-10-27,Utah Jazz,Phoenix Suns,138.0,134.0,False,False,2025-10-27|Phoenix Suns|Utah Jazz,,,,2025-10-27|Phoenix Suns|Utah Jazz,0.8591880981462617,"[{""p_home_win"": 0.7183761962925235, ""weight"": 0.25}, {""p_home_win"": 0.8591880981462617, ""weight"": 0.5}, {""p_home_win"": 1.0, ""weight"": 0.25}]",4.27809796064144,,elo,"{'home_advantage': 1.674178203789497, 'scale': 0.2537208814484842, 'error_term': 12.095940764194875, 'win_prob_k': 2.3654681615821507}",1.0,4.0
2025-10-27,Minnesota Timberwolves,Denver Nuggets,114.0,127.0,False,False,2025-10-27|Denver Nuggets|Minnesota Timberwolves,,,,2025-10-27|Denver Nuggets|Minnesota Timberwolves,0.8322150777423044,"[{""p_home_win"": 0.6644301554846088, ""weight"": 0.25}, {""p_home_win"": 0.8322150777423044, ""weight"": 0.5}, {""p_home_win"": 1.0, ""weight"": 0.25}]",3.7880795898184356,,elo,"{'home_advantage': 1.674178203789497, 'scale': 0.2537208814484842, 'error_term': 12.095940764194875, 'win_prob_k': 2.3654681615821507}",0.0,-13.0
2025-10-27,Golden State Warriors,Memphis Grizzlies,131.0,118.0,False,False,2025-10-27|Memphis Grizzlies|Golden State Warriors,,,,2025-10-27|Memphis Grizzlies|Golden State Warriors,0.6626816024752747,"[{""p_home_win"": 0.3253632049505495, ""weight"": 0.25}, {""p_home_win"": 0.6626816024752747, ""weight"": 0.5}, {""p_home_win"": 1.0, ""weight"": 0.25}]",1.5973234244425658,,elo,"{'home_advantage': 1.674178203789497, 'scale': 0.2537208814484842, 'error_term': 12.095940764194875, 'win_prob_k': 2.3654681615821507}",1.0,13.0
2025-10-27,Los Angeles Lakers,Portland Trail Blazers,108.0,122.0,False,False,2025-10-27|Portland Trail Blazers|Los Angeles Lakers,,,,2025-10-27|Portland Trail Blazers|Los Angeles Lakers,0.9439587188514328,"[{""p_home_win"": 0.8879174377028656, ""weight"": 0.25}, {""p_home_win"": 0.9439587188514328, ""weight"": 0.5}, {""p_home_win"": 1.0, ""weight"": 0.25}]",6.680067546895469,,elo,"{'home_advantage': 1.674178203789497, 'scale': 0.2537208814484842, 'error_term': 12.095940764194875, 'win_prob_k': 2.3654681615821507}",0.0,-14.0
2025-10-28,Washington Wizards,Philadelphia 76ers,134.0,139.0,False,False,2025-10-28|Philadelphia 76ers|Washington Wizards,,,,2025-10-28|Philadelphia 76ers|Washington Wizards,0.03508408638977487,"[{""p_home_win"": 0.0, ""weight"": 0.25}, {""p_home_win"": 0.03508408638977487, ""weight"": 0.5}, {""p_home_win"": 0.07016817277954975, ""weight"": 0.25}]",-8.991985975809438,,elo,"{'home_advantage': 1.0272156526741774, 'scale': 0.2560429829133676, 'error_term': 12.089836693085553, 'win_prob_k': 2.713092996544712}",0.0,-5.0
2025-10-28,Miami Heat,Charlotte Hornets,144.0,117.0,False,False,2025-10-28|Charlotte Hornets|Miami Heat,,,,2025-10-28|Charlotte Hornets|Miami Heat,0.6186993781685951,"[{""p_home_win"": 0.2373987563371902, ""weight"": 0.25}, {""p_home_win"": 0.6186993781685951, ""weight"": 0.5}, {""p_home_win"": 1.0, ""weight"": 0.25}]",1.3132222008879375,,elo,"{'home_advantage': 1.0272156526741774, 'scale': 0.2560429829133676, 'error_term': 12.089836693085553, 'win_prob_k': 2.713092996544712}",1.0,27.0
2025-10-28,Milwaukee Bucks,New York Knicks,121.0,111.0,False,False,2025-10-28|New York Knicks|Milwaukee Bucks,,,,2025-10-28|New York Knicks|Milwaukee Bucks,0.6058177436530481,"[{""p_home_win"": 0.21163548730609616, ""weight"": 0.25}, {""p_home_win"": 0.6058177436530481, ""weight"": 0.5}, {""p_home_win"": 1.0, ""weight"": 0.25}]",1.1659945980995983,,elo,"{'home_advantage': 1.0272156526741774, 'scale': 0.2560429829133676, 'error_term': 12.089836693085553, 'win_prob_k': 2.713092996544712}",1.0,10.0
2025-10-28,Oklahoma City Thunder,Sacramento Kings,107.0,101.0,False,False,2025-10-28|Sacramento Kings|Oklahoma City Thunder,,,,2025-10-28|Sacramento Kings|Oklahoma City Thunder,0.9923055709433157,"[{""p_home_win"": 0.9846111418866315, ""weight"": 0.25}, {""p_home_win"": 0.9923055709433157, ""weight"": 0.5}, {""p_home_win"": 1.0, ""weight"": 0.25}]",13.184369092216096,,elo,"{'home_advantage': 1.0272156526741774, 'scale': 0.2560429829133676, 'error_term': 12.089836693085553, 'win_prob_k': 2.713092996544712}",1.0,6.0
2025-10-28,Golden State Warriors,Los Angeles Clippers,98.0,79.0,False,False,2025-10-28|Los Angeles Clippers|Golden State Warriors,,,,2025-10-28|Los Angeles Clippers|Golden State Warriors,0.7614201443373342,"[{""p_home_win"": 0.5228402886746684, ""weight"": 0.25}, {""p_home_win"": 0.7614201443373342, ""weight"": 0.5}, {""p_home_win"": 1.0, ""weight"": 0.25}]",3.1484934752168665,,elo,"{'home_advantage': 1.0272156526741774, 'scale': 0.2560429829133676, 'error_term': 12.089836693085553, 'win_prob_k': 2.713092996544712}",1.0,19.0
2025-10-29,Toronto Raptors,Houston Rockets,121.0,139.0,False,False,2025-10-29|Houston Rockets|Toronto Raptors,,,,2025-10-29|Houston Rockets|Toronto Raptors,0.4750369218012876,"[{""p_home_win"": 0.0, ""weight"": 0.25}, {""p_home_win"": 0.4750369218012876, ""weight"": 0.5}, {""p_home_win"": 0.9500738436025752, ""weight"": 0.25}]",-0.29746037837357986,,elo,"{'home_advantage': 1.7682404571292734, 'scale': 0.22439519429621466, 'error_term': 12.26744348599883, 'win_prob_k': 2.9765265676243478}",0.0,-18.0
2025-10-29,Boston Celtics,Cleveland Cavaliers,125.0,105.0,False,False,2025-10-29|Cleveland Cavaliers|Boston Celtics,,,,2025-10-29|Cleveland Cavaliers|Boston Celtics,0.0865566208301197,"[{""p_home_win"": 0.0, ""weight"": 0.25}, {""p_home_win"": 0.0865566208301197, ""weight"": 0.5}, {""p_home_win"": 0.1731132416602394, ""weight"": 0.25}]",-7.013954520274149,,elo,"{'home_advantage': 1.7682404571292734, 'scale': 0.22439519429621466, 'error_term': 12.26744348599883, 'win_prob_k': 2.9765265676243478}",1.0,20.0
2025-10-29,Detroit Pistons,Orlando Magic,135.0,116.0,False,False,2025-10-29|Orlando Magic|Detroit Pistons,,,,2025-10-29|Orlando Magic|Detroit Pistons,0.8825781242239124,"[{""p_home_win"": 0.7651562484478247, ""weight"": 0.25}, {""p_home_win"": 0.8825781242239124, ""weight"": 0.5}, {""p_home_win"": 1.0, ""weight"": 0.25}]",6.003874604313336,,elo,"{'home_advantage': 1.7682404571292734, 'scale': 0.22439519429621466, 'error_term': 12.26744348599883, 'win_prob_k': 2.9765265676243478}",1.0,19.0
2025-10-29,Brooklyn Nets,Atlanta Hawks,112.0,117.0,False,False,2025-10-29|Atlanta Hawks|Brooklyn Nets,,,,2025-10-29|Atlanta Hawks|Brooklyn Nets,0.2776865052631499,"[{""p_home_win"": 0.0, ""weight"": 0.25}, {""p_home_win"": 0.2776865052631499, ""weight"": 0.5}, {""p_home_win"": 0.5553730105262998, ""weight"": 0.25}]",-2.845459534449252,,elo,"{'home_advantage': 1.7682404571292734, 'scale': 0.22439519429621466, 'error_term': 12.26744348599883, 'win_prob_k': 2.9765265676243478}",0.0,-5.0
2025-10-29,Chicago Bulls,Sacramento Kings,126.0,113.0,False,False,2025-10-29|Sacramento Kings|Chicago Bulls,,,,2025-10-29|Sacramento Kings|Chicago Bulls,0.9842174682243018,"[{""p_home_win"": 0.9684349364486036, ""weight"": 0.25}, {""p_home_win"": 0.9842174682243018, ""weight"": 0.5}, {""p_home_win"": 1.0, ""weight"": 0.25}]",12.301815035830067,,elo,"{'home_advantage': 1.7682404571292734, 'scale': 0.22439519429621466, 'error_term': 12.26744348599883, 'win_prob_k': 2.9765265676243478}",1.0,13.0
2025-10-29,Dallas Mavericks,Indiana Pacers,107.0,105.0,False,False,2025-10-29|Indiana Pacers|Dallas Mavericks,,,,2025-10-29|Indiana Pacers|Dallas Mavericks,0.8009512570275652,"[{""p_home_win"": 0.6019025140551304, ""weight"": 0.25}, {""p_home_win"": 0.8009512570275652, ""weight"": 0.5}, {""p_home_win"": 1.0, ""weight"": 0.25}]",4.144070180191129,,elo,"{'home_advantage': 1.7682404571292734, 'scale': 0.22439519429621466, 'error_term': 12.26744348599883, 'win_prob_k': 2.9765265676243478}",1.0,2.0
2025-10-29,Utah Jazz,Portland Trail Blazers,134.0,136.0,False,False,2025-10-29|Portland Trail Blazers|Utah Jazz,,,,2025-10-29|Portland Trail Blazers|Utah Jazz,0.764202039321816,"[{""p_home_win"": 0.5284040786436319, ""weight"": 0.25}, {""p_home_win"": 0.764202039321816, ""weight"": 0.5}, {""p_home_win"": 1.0, ""weight"": 0.25}]",3.4999691955312877,,elo,"{'home_advantage': 1.7682404571292734, 'scale': 0.22439519429621466, 'error_term': 12.26744348599883, 'win_prob_k': 2.9765265676243478}",0.0,-2.0
2025-10-29,Denver Nuggets,New Orleans Pelicans,122.0,88.0,False,False,2025-10-29|New Orleans Pelicans|Denver Nuggets,,,,2025-10-29|New Orleans Pelicans|Denver Nuggets,0.9745761328813483,"[{""p_home_win"": 0.9491522657626965, ""weight"": 0.25}, {""p_home_win"": 0.9745761328813483, ""weight"": 0.5}, {""p_home_win"": 1.0, ""weight"": 0.25}]",10.853351262238965,,elo,"{'home_advantage': 1.7682404571292734, 'scale': 0.22439519429621466, 'error_term': 12.26744348599883, 'win_prob_k': 2.9765265676243478}",1.0,34.0
2025-10-29,Minnesota Timberwolves,Los Angeles Lakers,115.0,116.0,False,False,2025-10-29|Los Angeles Lakers|Minnesota Timberwolves,,,,2025-10-29|Los Angeles Lakers|Minnesota Timberwolves,0.6203748159196723,"[{""p_home_win"": 0.2407496318393445, ""weight"": 0.25}, {""p_home_win"": 0.6203748159196723, ""weight"": 0.5}, {""p_home_win"": 1.0, ""weight"": 0.25}]",1.4618895585794371,,elo,"{'home_advantage': 1.7682404571292734, 'scale': 0.22439519429621466, 'error_term': 12.26744348599883, 'win_prob_k': 2.9765265676243478}",0.0,-1.0
2025-10-29,Phoenix Suns,Memphis Grizzlies,113.0,114.0,False,False,2025-10-29|Memphis Grizzlies|Phoenix Suns,,,,2025-10-29|Memphis Grizzlies|Phoenix Suns,0.29094807898250147,"[{""p_home_win"": 0.0, ""weight"": 0.25}, {""p_home_win"": 0.29094807898250147, ""weight"": 0.5}, {""p_home_win"": 0.5818961579650029, ""weight"": 0.25}]",-2.6514420237624075,,elo,"{'home_advantage': 1.7682404571292734, 'scale': 0.22439519429621466, 'error_term': 12.26744348599883, 'win_prob_k': 2.9765265676243478}",0.0,-1.0
2025-10-30,Charlotte Hornets,Orlando Magic,107.0,123.0,False,False,2025-10-30|Orlando Magic|Charlotte Hornets,,,,2025-10-30|Orlando Magic|Charlotte Hornets,0.9194614558331442,"[{""p_home_win"": 0.8389229116662884, ""weight"": 0.25}, {""p_home_win"": 0.9194614558331442, ""weight"": 0.5}, {""p_home_win"": 1.0, ""weight"": 0.25}]",8.198381140623985,,elo,"{'home_advantage': 1.9355636399356548, 'scale': 0.2167735158488159, 'error_term': 12.035325785808142, 'win_prob_k': 3.3668194006146304}",0.0,-16.0
2025-10-30,Milwaukee Bucks,Golden State Warriors,120.0,110.0,False,False,2025-10-30|Golden State Warriors|Milwaukee Bucks,,,,2025-10-30|Golden State Warriors|Milwaukee Bucks,0.49531452613593085,"[{""p_home_win"": 0.0, ""weight"": 0.25}, {""p_home_win"": 0.49531452613593085, ""weight"": 0.5}, {""p_home_win"": 0.9906290522718617, ""weight"": 0.25}]",-0.06310242437574853,,elo,"{'home_advantage': 1.9355636399356548, 'scale': 0.2167735158488159, 'error_term': 12.035325785808142, 'win_prob_k': 3.3668194006146304}",1.0,10.0
2025-10-30,Oklahoma City Thunder,Washington Wizards,127.0,108.0,False,False,2025-10-30|Washington Wizards|Oklahoma City Thunder,,,,2025-10-30|Washington Wizards|Oklahoma City Thunder,0.9918133880456235,"[{""p_home_win"": 0.9836267760912469, ""weight"": 0.25}, {""p_home_win"": 0.9918133880456235, ""weight"": 0.5}, {""p_home_win"": 1.0, ""weight"": 0.25}]",16.150749968803463,,elo,"{'home_advantage': 1.9355636399356548, 'scale': 0.2167735158488159, 'error_term': 12.035325785808142, 'win_prob_k': 3.3668194006146304}",1.0,19.0
2025-10-30,San Antonio Spurs,Miami Heat,107.0,101.0,False,False,2025-10-30|Miami Heat|San Antonio Spurs,,,,2025-10-30|Miami Heat|San Antonio Spurs,0.8335841120481522,"[{""p_home_win"": 0.6671682240963044, ""weight"": 0.25}, {""p_home_win"": 0.8335841120481522, ""weight"": 0.5}, {""p_home_win"": 1.0, ""weight"": 0.25}]",5.424769602203085,,elo,"{'home_advantage': 1.9355636399356548, 'scale': 0.2167735158488159, 'error_term': 12.035325785808142, 'win_prob_k': 3.3668194006146304}",1.0,6.0
2025-10-31,Indiana Pacers,Atlanta Hawks,108.0,128.0,False,False,2025-10-31|Atlanta Hawks|Indiana Pacers,,,,2025-10-31|Atlanta Hawks|Indiana Pacers,0.2089332445664771,"[{""p_home_win"": 0.0, ""weight"": 0.25}, {""p_home_win"": 0.2089332445664771, ""weight"": 0.5}, {""p_home_win"": 0.4178664891329542, ""weight"": 0.25}]",-4.250392731750112,,elo,"{'home_advantage': 1.7225032553713449, 'scale': 0.1993848345152288, 'error_term': 12.178731624118843, 'win_prob_k': 3.192501346997062}",0.0,-20.0
2025-10-31,Philadelphia 76ers,Boston Celtics,108.0,109.0,False,False,2025-10-31|Boston Celtics|Philadelphia 76ers,,,,2025-10-31|Boston Celtics|Philadelphia 76ers,0.9670772321897803,"[{""p_home_win"": 0.9341544643795605, ""weight"": 0.25}, {""p_home_win"": 0.9670772321897803, ""weight"": 0.5}, {""p_home_win"": 1.0, ""weight"": 0.25}]",10.791018213736535,,elo,"{'home_advantage': 1.7225032553713449, 'scale': 0.1993848345152288, 'error_term': 12.178731624118843, 'win_prob_k': 3.192501346997062}",0.0,-1.0
2025-10-31,Cleveland Cavaliers,Toronto Raptors,101.0,112.0,False,False,2025-10-31|Toronto Raptors|Cleveland Cavaliers,,,,2025-10-31|Toronto Raptors|Cleveland Cavaliers,0.9503256231069206,"[{""p_home_win"": 0.9006512462138412, ""weight"": 0.25}, {""p_home_win"": 0.9503256231069206, ""weight"": 0.5}, {""p_home_win"": 1.0, ""weight"": 0.25}]",9.422078525095339,,elo,"{'home_advantage': 1.7225032553713449, 'scale': 0.1993848345152288, 'error_term': 12.178731624118843, 'win_prob_k': 3.192501346997062}",0.0,-11.0
2025-10-31,Chicago Bulls,New York Knicks,135.0,125.0,False,False,2025-10-31|New York Knicks|Chicago Bulls,,,,2025-10-31|New York Knicks|Chicago Bulls,0.9503759450331485,"[{""p_home_win"": 0.900751890066297, ""weight"": 0.25}, {""p_home_win"": 0.9503759450331485, ""weight"": 0.5}, {""p_home_win"": 1.0, ""weight"": 0.25}]",9.42548332856977,,elo,"{'home_advantage': 1.7225032553713449, 'scale': 0.1993848345152288, 'error_term': 12.178731624118843, 'win_prob_k': 3.192501346997062}",1.0,10.0
2025-10-31,Memphis Grizzlies,Los Angeles Lakers,112.0,117.0,False,False,2025-10-31|Los Angeles Lakers|Memphis Grizzlies,,,,2025-10-31|Los Angeles Lakers|Memphis Grizzlies,0.6114169605395814,"[{""p_home_win"": 0.22283392107916278, ""weight"": 0.25}, {""p_home_win"": 0.6114169605395814, ""weight"": 0.5}, {""p_home_win"": 1.0, ""weight"": 0.25}]",1.447072296826141,,elo,"{'home_advantage': 1.7225032553713449, 'scale': 0.1993848345152288, 'error_term': 12.178731624118843, 'win_prob_k': 3.192501346997062}",0.0,-5.0
2025-10-31,Phoenix Suns,Utah Jazz,118.0,96.0,False,False,2025-10-31|Utah Jazz|Phoenix Suns,,,,2025-10-31|Utah Jazz|Phoenix Suns,0.22022175827443158,"[{""p_home_win"": 0.0, ""weight"": 0.25}, {""p_home_win"": 0.22022175827443158, ""weight"": 0.5}, {""p_home_win"": 0.44044351654886316, ""weight"": 0.25}]",-4.036517431493353,,elo,"{'home_advantage': 1.7225032553713449, 'scale': 0.1993848345152288, 'error_term': 12.178731624118843, 'win_prob_k': 3.192501346997062}",1.0,22.0
2025-10-31,Portland Trail Blazers,Denver Nuggets,109.0,107.0,False,False,2025-10-31|Denver Nuggets|Portland Trail Blazers,,,,2025-10-31|Denver Nuggets|Portland Trail Blazers,0.5100409074547309,"[{""p_home_win"": 0.020081814909461704, ""weight"": 0.25}, {""p_home_win"": 0.5100409074547309, ""weight"": 0.5}, {""p_home_win"": 1.0, ""weight"": 0.25}]",0.12823968295424315,,elo,"{'home_advantage': 1.7225032553713449, 'scale': 0.1993848345152288, 'error_term': 12.178731624118843, 'win_prob_k': 3.192501346997062}",1.0,2.0
2025-10-31,Los Angeles Clippers,New Orleans Pelicans,126.0,124.0,False,False,2025-10-31|New Orleans Pelicans|Los Angeles Clippers,,,,2025-10-31|New Orleans Pelicans|Los Angeles Clippers,0.9524663753238065,"[{""p_home_win"": 0.904932750647613, ""weight"": 0.25}, {""p_home_win"": 0.9524663753238065, ""weight"": 0.5}, {""p_home_win"": 1.0, ""weight"": 0.25}]",9.56989776719347,,elo,"{'home_advantage': 1.7225032553713449, 'scale': 0.1993848345152288, 'error_term': 12.178731624118843, 'win_prob_k': 3.192501346997062}",1.0,2.0
2025-11-01,Milwaukee Bucks,Sacramento Kings,133.0,135.0,False,False,2025-11-01|Sacramento Kings|Milwaukee Bucks,,,,2025-11-01|Sacramento Kings|Milwaukee Bucks,0.9702805705332453,"[{""p_home_win"": 0.9405611410664907, ""weight"": 0.25}, {""p_home_win"": 0.9702805705332453, ""weight"": 0.5}, {""p_home_win"": 1.0, ""weight"": 0.25}]",12.243463081532308,,elo,"{'home_advantage': 1.36326372156509, 'scale': 0.19291617884416357, 'error_term': 12.167055633333918, 'win_prob_k': 3.5123984119864997}",0.0,-2.0
2025-11-01,Charlotte Hornets,Minnesota Timberwolves,105.0,122.0,False,False,2025-11-01|Minnesota Timberwolves|Charlotte Hornets,,,,2025-11-01|Minnesota Timberwolves|Charlotte Hornets,0.6027000090793802,"[{""p_home_win"": 0.2054000181587603, ""weight"": 0.25}, {""p_home_win"": 0.6027000090793802, ""weight"": 0.5}, {""p_home_win"": 1.0, ""weight"": 0.25}]",1.4637145391814892,,elo,"{'home_advantage': 1.36326372156509, 'scale': 0.19291617884416357, 'error_term': 12.167055633333918, 'win_prob_k': 3.5123984119864997}",0.0,-17.0
2025-11-01,Indiana Pacers,Golden State Warriors,114.0,109.0,False,False,2025-11-01|Golden State Warriors|Indiana Pacers,,,,2025-11-01|Golden State Warriors|Indiana Pacers,0.03759006258483996,"[{""p_home_win"": 0.0, ""weight"": 0.25}, {""p_home_win"": 0.03759006258483996, ""weight"": 0.5}, {""p_home_win"": 0.07518012516967992, ""weight"": 0.25}]",-11.389657027224846,,elo,"{'home_advantage': 1.36326372156509, 'scale': 0.19291617884416357, 'error_term': 12.167055633333918, 'win_prob_k': 3.5123984119864997}",1.0,5.0
2025-11-01,Washington Wizards,Orlando Magic,94.0,125.0,False,False,2025-11-01|Orlando Magic|Washington Wizards,,,,2025-11-01|Orlando Magic|Washington Wizards,0.4736985493078852,"[{""p_home_win"": 0.0, ""weight"": 0.25}, {""p_home_win"": 0.4736985493078852, ""weight"": 0.5}, {""p_home_win"": 0.9473970986157704, ""weight"": 0.25}]",-0.36986609453927377,,elo,"{'home_advantage': 1.36326372156509, 'scale': 0.19291617884416357, 'error_term': 12.167055633333918, 'win_prob_k': 3.5123984119864997}",0.0,-31.0
2025-11-01,Boston Celtics,Houston Rockets,101.0,128.0,False,False,2025-11-01|Houston Rockets|Boston Celtics,,,,2025-11-01|Houston Rockets|Boston Celtics,0.651804435713875,"[{""p_home_win"": 0.30360887142775006, ""weight"": 0.25}, {""p_home_win"": 0.651804435713875, ""weight"": 0.5}, {""p_home_win"": 1.0, ""weight"": 0.25}]",2.2022045519015228,,elo,"{'home_advantage': 1.36326372156509, 'scale': 0.19291617884416357, 'error_term': 12.167055633333918, 'win_prob_k': 3.5123984119864997}",0.0,-27.0
2025-11-01,Detroit Pistons,Dallas Mavericks,122.0,110.0,False,False,2025-11-01|Dallas Mavericks|Detroit Pistons,,,,2025-11-01|Dallas Mavericks|Detroit Pistons,0.7945088183798323,"[{""p_home_win"": 0.5890176367596647, ""weight"": 0.25}, {""p_home_win"": 0.7945088183798323, ""weight"": 0.5}, {""p_home_win"": 1.0, ""weight"": 0.25}]",4.749890006470664,,elo,"{'home_advantage': 1.36326372156509, 'scale': 0.19291617884416357, 'error_term': 12.167055633333918, 'win_prob_k': 3.5123984119864997}",1.0,12.0
2025-11-02,Oklahoma City Thunder,New Orleans Pelicans,137.0,106.0,False,False,2025-11-02|New Orleans Pelicans|Oklahoma City Thunder,,,,2025-11-02|New Orleans Pelicans|Oklahoma City Thunder,0.9958528571372757,"[{""p_home_win"": 0.9917057142745513, ""weight"": 0.25}, {""p_home_win"": 0.9958528571372757, ""weight"": 0.5}, {""p_home_win"": 1.0, ""weight"": 0.25}]",21.90066158556108,,elo,"{'home_advantage': 0.6412050940635062, 'scale': 0.20793469428104017, 'error_term': 12.5907043147485, 'win_prob_k': 3.9956108091436695}",1.0,31.0
2025-11-02,Brooklyn Nets,Philadelphia 76ers,105.0,129.0,False,False,2025-11-02|Philadelphia 76ers|Brooklyn Nets,,,,2025-11-02|Philadelphia 76ers|Brooklyn Nets,0.02346254362462937,"[{""p_home_win"": 0.0, ""weight"": 0.25}, {""p_home_win"": 0.02346254362462937, ""weight"": 0.5}, {""p_home_win"": 0.04692508724925874, ""weight"": 0.25}]",-14.898065813011938,,elo,"{'home_advantage': 0.6412050940635062, 'scale': 0.20793469428104017, 'error_term': 12.5907043147485, 'win_prob_k': 3.9956108091436695}",0.0,-24.0
2025-11-02,Charlotte Hornets,Utah Jazz,126.0,103.0,False,False,2025-11-02|Utah Jazz|Charlotte Hornets,,,,2025-11-02|Utah Jazz|Charlotte Hornets,0.42502016759275585,"[{""p_home_win"": 0.0, ""weight"": 0.25}, {""p_home_win"": 0.42502016759275585, ""weight"": 0.5}, {""p_home_win"": 0.8500403351855117, ""weight"": 0.25}]",-1.2074669743862931,,elo,"{'home_advantage': 0.6412050940635062, 'scale': 0.20793469428104017, 'error_term': 12.5907043147485, 'win_prob_k': 3.9956108091436695}",1.0,23.0
2025-11-02,Cleveland Cavaliers,Atlanta Hawks,117.0,109.0,False,False,2025-11-02|Atlanta Hawks|Cleveland Cavaliers,,,,2025-11-02|Atlanta Hawks|Cleveland Cavaliers,0.5117443378595254,"[{""p_home_win"": 0.02348867571905089, ""weight"": 0.25}, {""p_home_win"": 0.5117443378595254, ""weight"": 0.5}, {""p_home_win"": 1.0, ""weight"": 0.25}]",0.18773774436267815,,elo,"{'home_advantage': 0.6412050940635062, 'scale': 0.20793469428104017, 'error_term': 12.5907043147485, 'win_prob_k': 3.9956108091436695}",1.0,8.0
2025-11-02,Toronto Raptors,Memphis Grizzlies,117.0,104.0,False,False,2025-11-02|Memphis Grizzlies|Toronto Raptors,,,,2025-11-02|Memphis Grizzlies|Toronto Raptors,0.3297248542368124,"[{""p_home_win"": 0.0, ""weight"": 0.25}, {""p_home_win"": 0.3297248542368124, ""weight"": 0.5}, {""p_home_win"": 0.6594497084736248, ""weight"": 0.25}]",-2.834605224442258,,elo,"{'home_advantage': 0.6412050940635062, 'scale': 0.20793469428104017, 'error_term': 12.5907043147485, 'win_prob_k': 3.9956108091436695}",1.0,13.0
2025-11-02,New York Knicks,Chicago Bulls,128.0,116.0,False,False,2025-11-02|Chicago Bulls|New York Knicks,,,,2025-11-02|Chicago Bulls|New York Knicks,0.05865665579646116,"[{""p_home_win"": 0.0, ""weight"": 0.25}, {""p_home_win"": 0.05865665579646116, ""weight"": 0.5}, {""p_home_win"": 0.11731331159292233, ""weight"": 0.25}]",-11.090244902362816,,elo,"{'home_advantage': 0.6412050940635062, 'scale': 0.20793469428104017, 'error_term': 12.5907043147485, 'win_prob_k': 3.9956108091436695}",1.0,12.0
2025-11-02,Phoenix Suns,San Antonio Spurs,130.0,118.0,False,False,2025-11-02|San Antonio Spurs|Phoenix Suns,,,,2025-11-02|San Antonio Spurs|Phoenix Suns,0.036714272284034774,"[{""p_home_win"": 0.0, ""weight"": 0.25}, {""p_home_win"": 0.036714272284034774, ""weight"": 0.5}, {""p_home_win"": 0.07342854456806955, ""weight"": 0.25}]",-13.054397717995137,,elo,"{'home_advantage': 0.6412050940635062, 'scale': 0.20793469428104017, 'error_term': 12.5907043147485, 'win_prob_k': 3.9956108091436695}",1.0,12.0
2025-11-02,Los Angeles Lakers,Miami Heat,130.0,120.0,False,False,2025-11-02|Miami Heat|Los Angeles Lakers,,,,2025-11-02|Miami Heat|Los Angeles Lakers,0.6448836085065728,"[{""p_home_win"": 0.28976721701314556, ""weight"": 0.25}, {""p_home_win"": 0.6448836085065728, ""weight"": 0.5}, {""p_home_win"": 1.0, ""weight"": 0.25}]",2.3838783002308426,,elo,"{'home_advantage': 0.6412050940635062, 'scale': 0.20793469428104017, 'error_term': 12.5907043147485, 'win_prob_k': 3.9956108091436695}",1.0,10.0
2025-11-03,Brooklyn Nets,Minnesota Timberwolves,109.0,125.0,False,False,2025-11-03|Minnesota Timberwolves|Brooklyn Nets,,,,2025-11-03|Minnesota Timberwolves|Brooklyn Nets,0.11333664798624807,"[{""p_home_win"": 0.0, ""weight"": 0.25}, {""p_home_win"": 0.11333664798624807, ""weight"": 0.5}, {""p_home_win"": 0.22667329597249614, ""weight"": 0.25}]",-9.078713673074159,,elo,"{'home_advantage': 1.6702926621729965, 'scale': 0.19686035666467858, 'error_term': 12.796815660731125, 'win_prob_k': 4.413349530262813}",0.0,-16.0
2025-11-03,Indiana Pacers,Milwaukee Bucks,115.0,117.0,False,False,2025-11-03|Milwaukee Bucks|Indiana Pacers,,,,2025-11-03|Milwaukee Bucks|Indiana Pacers,0.1163969681413129,"[{""p_home_win"": 0.0, ""weight"": 0.25}, {""p_home_win"": 0.1163969681413129, ""weight"": 0.5}, {""p_home_win"": 0.2327939362826258, ""weight"": 0.25}]",-8.945865741562345,,elo,"{'home_advantage': 1.6702926621729965, 'scale': 0.19686035666467858, 'error_term': 12.796815660731125, 'win_prob_k': 4.413349530262813}",0.0,-2.0
2025-11-03,Boston Celtics,Utah Jazz,103.0,105.0,False,False,2025-11-03|Utah Jazz|Boston Celtics,,,,2025-11-03|Utah Jazz|Boston Celtics,0.7477882442923298,"[{""p_home_win"": 0.49557648858465964, ""weight"": 0.25}, {""p_home_win"": 0.7477882442923298, ""weight"": 0.5}, {""p_home_win"": 1.0, ""weight"": 0.25}]",4.796652498298558,,elo,"{'home_advantage': 1.6702926621729965, 'scale': 0.19686035666467858, 'error_term': 12.796815660731125, 'win_prob_k': 4.413349530262813}",0.0,-2.0
2025-11-03,New York Knicks,Washington Wizards,119.0,102.0,False,False,2025-11-03|Washington Wizards|New York Knicks,,,,2025-11-03|Washington Wizards|New York Knicks,0.8899271758210032,"[{""p_home_win"": 0.7798543516420064, ""weight"": 0.25}, {""p_home_win"": 0.8899271758210032, ""weight"": 0.5}, {""p_home_win"": 1.0, ""weight"": 0.25}]",9.223889262995643,,elo,"{'home_advantage': 1.6702926621729965, 'scale': 0.19686035666467858, 'error_term': 12.796815660731125, 'win_prob_k': 4.413349530262813}",1.0,17.0
2025-11-03,Houston Rockets,Dallas Mavericks,110.0,102.0,False,False,2025-11-03|Dallas Mavericks|Houston Rockets,,,,2025-11-03|Dallas Mavericks|Houston Rockets,0.8341180928613339,"[{""p_home_win"": 0.6682361857226677, ""weight"": 0.25}, {""p_home_win"": 0.8341180928613339, ""weight"": 0.5}, {""p_home_win"": 1.0, ""weight"": 0.25}]",7.127995786632553,,elo,"{'home_advantage': 1.6702926621729965, 'scale': 0.19686035666467858, 'error_term': 12.796815660731125, 'win_prob_k': 4.413349530262813}",1.0,8.0
2025-11-03,Memphis Grizzlies,Detroit Pistons,106.0,114.0,False,False,2025-11-03|Detroit Pistons|Memphis Grizzlies,,,,2025-11-03|Detroit Pistons|Memphis Grizzlies,0.27443904733122326,"[{""p_home_win"": 0.0, ""weight"": 0.25}, {""p_home_win"": 0.27443904733122326, ""weight"": 0.5}, {""p_home_win"": 0.5488780946624465, ""weight"": 0.25}]",-4.290728572351864,,elo,"{'home_advantage': 1.6702926621729965, 'scale': 0.19686035666467858, 'error_term': 12.796815660731125, 'win_prob_k': 4.413349530262813}",0.0,-8.0
2025-11-03,Denver Nuggets,Sacramento Kings,130.0,124.0,False,False,2025-11-03|Sacramento Kings|Denver Nuggets,,,,2025-11-03|Sacramento Kings|Denver Nuggets,0.813356679535766,"[{""p_home_win"": 0.6267133590715319, ""weight"": 0.25}, {""p_home_win"": 0.813356679535766, ""weight"": 0.5}, {""p_home_win"": 1.0, ""weight"": 0.25}]",6.49631949939905,,elo,"{'home_advantage': 1.6702926621729965, 'scale': 0.19686035666467858, 'error_term': 12.796815660731125, 'win_prob_k': 4.413349530262813}",1.0,6.0
2025-11-03,Portland Trail Blazers,Los Angeles Lakers,115.0,123.0,False,False,2025-11-03|Los Angeles Lakers|Portland Trail Blazers,,,,2025-11-03|Los Angeles Lakers|Portland Trail Blazers,0.507378242849664,"[{""p_home_win"": 0.014756485699328081, ""weight"": 0.25}, {""p_home_win"": 0.507378242849664, ""weight"": 0.5}, {""p_home_win"": 1.0, ""weight"": 0.25}]",0.13026051391835258,,elo,"{'home_advantage': 1.6702926621729965, 'scale': 0.19686035666467858, 'error_term': 12.796815660731125, 'win_prob_k': 4.413349530262813}",0.0,-8.0
2025-11-03,Los Angeles Clippers,Miami Heat,119.0,120.0,False,False,2025-11-03|Miami Heat|Los Angeles Clippers,,,,2025-11-03|Miami Heat|Los Angeles Clippers,0.6750347970773909,"[{""p_home_win"": 0.3500695941547818, ""weight"": 0.25}, {""p_home_win"": 0.6750347970773909, ""weight"": 0.5}, {""p_home_win"": 1.0, ""weight"": 0.25}]",3.2263621037148003,,elo,"{'home_advantage': 1.6702926621729965, 'scale': 0.19686035666467858, 'error_term': 12.796815660731125, 'win_prob_k': 4.413349530262813}",0.0,-1.0
2025-11-04,Toronto Raptors,Milwaukee Bucks,128.0,100.0,False,False,2025-11-04|Milwaukee Bucks|Toronto Raptors,,,,2025-11-04|Milwaukee Bucks|Toronto Raptors,0.2656621497254304,"[{""p_home_win"": 0.0, ""weight"": 0.25}, {""p_home_win"": 0.2656621497254304, ""weight"": 0.5}, {""p_home_win"": 0.5313242994508608, ""weight"": 0.25}]",-4.555848919413004,,elo,"{'home_advantage': 1.7032605072775908, 'scale': 0.18336858229164477, 'error_term': 12.116157552020182, 'win_prob_k': 4.480822821894584}",1.0,28.0
2025-11-04,Atlanta Hawks,Orlando Magic,127.0,112.0,False,False,2025-11-04|Orlando Magic|Atlanta Hawks,,,,2025-11-04|Orlando Magic|Atlanta Hawks,0.5812054606441397,"[{""p_home_win"": 0.1624109212882794, ""weight"": 0.25}, {""p_home_win"": 0.5812054606441397, ""weight"": 0.5}, {""p_home_win"": 1.0, ""weight"": 0.25}]",1.4684726721171382,,elo,"{'home_advantage': 1.7032605072775908, 'scale': 0.18336858229164477, 'error_term': 12.116157552020182, 'win_prob_k': 4.480822821894584}",1.0,15.0
2025-11-04,Chicago Bulls,Philadelphia 76ers,113.0,111.0,False,False,2025-11-04|Philadelphia 76ers|Chicago Bulls,,,,2025-11-04|Philadelphia 76ers|Chicago Bulls,0.5961292678762204,"[{""p_home_win"": 0.1922585357524409, ""weight"": 0.25}, {""p_home_win"": 0.5961292678762204, ""weight"": 0.5}, {""p_home_win"": 1.0, ""weight"": 0.25}]",1.7446651789003793,,elo,"{'home_advantage': 1.7032605072775908, 'scale': 0.18336858229164477, 'error_term': 12.116157552020182, 'win_prob_k': 4.480822821894584}",1.0,2.0
2025-11-04,New Orleans Pelicans,Charlotte Hornets,116.0,112.0,False,False,2025-11-04|Charlotte Hornets|New Orleans Pelicans,,,,2025-11-04|Charlotte Hornets|New Orleans Pelicans,0.194640581744852,"[{""p_home_win"": 0.0, ""weight"": 0.25}, {""p_home_win"": 0.194640581744852, ""weight"": 0.5}, {""p_home_win"": 0.389281163489704, ""weight"": 0.25}]",-6.363368715398213,,elo,"{'home_advantage': 1.7032605072775908, 'scale': 0.18336858229164477, 'error_term': 12.116157552020182, 'win_prob_k': 4.480822821894584}",1.0,4.0
2025-11-04,Golden State Warriors,Phoenix Suns,118.0,107.0,False,False,2025-11-04|Phoenix Suns|Golden State Warriors,,,,2025-11-04|Phoenix Suns|Golden State Warriors,0.7197306476786041,"[{""p_home_win"": 0.4394612953572081, ""weight"": 0.25}, {""p_home_win"": 0.7197306476786041, ""weight"": 0.5}, {""p_home_win"": 1.0, ""weight"": 0.25}]",4.22598018310717,,elo,"{'home_advantage': 1.7032605072775908, 'scale': 0.18336858229164477, 'error_term': 12.116157552020182, 'win_prob_k': 4.480822821894584}",1.0,11.0
2025-11-04,Los Angeles Clippers,Oklahoma City Thunder,107.0,126.0,False,False,2025-11-04|Oklahoma City Thunder|Los Angeles Clippers,,,,2025-11-04|Oklahoma City Thunder|Los Angeles Clippers,0.10176170055459251,"[{""p_home_win"": 0.0, ""weight"": 0.25}, {""p_home_win"": 0.10176170055459251, ""weight"": 0.5}, {""p_home_win"": 0.20352340110918501, ""weight"": 0.25}]",-9.758343061940778,,elo,"{'home_advantage': 1.7032605072775908, 'scale': 0.18336858229164477, 'error_term': 12.116157552020182, 'win_prob_k': 4.480822821894584}",0.0,-19.0
2025-11-05,Cleveland Cavaliers,Philadelphia 76ers,132.0,121.0,False,False,2025-11-05|Philadelphia 76ers|Cleveland Cavaliers,,,,2025-11-05|Philadelphia 76ers|Cleveland Cavaliers,0.45716650569807593,"[{""p_home_win"": 0.0, ""weight"": 0.25}, {""p_home_win"": 0.45716650569807593, ""weight"": 0.5}, {""p_home_win"": 0.9143330113961519, ""weight"": 0.25}]",-0.7423918256518465,,elo,"{'home_advantage': 2.1952609032907957, 'scale': 0.18112035178791516, 'error_term': 12.268490310124754, 'win_prob_k': 4.322389366808011}",1.0,11.0
2025-11-05,Detroit Pistons,Utah Jazz,114.0,103.0,False,False,2025-11-05|Utah Jazz|Detroit Pistons,,,,2025-11-05|Utah Jazz|Detroit Pistons,0.8960181017196918,"[{""p_home_win"": 0.7920362034393835, ""weight"": 0.25}, {""p_home_win"": 0.8960181017196918, ""weight"": 0.5}, {""p_home_win"": 1.0, ""weight"": 0.25}]",9.309319241976818,,elo,"{'home_advantage': 2.1952609032907957, 'scale': 0.18112035178791516, 'error_term': 12.268490310124754, 'win_prob_k': 4.322389366808011}",1.0,11.0
2025-11-05,Indiana Pacers,Brooklyn Nets,103.0,112.0,False,False,2025-11-05|Brooklyn Nets|Indiana Pacers,,,,2025-11-05|Brooklyn Nets|Indiana Pacers,0.793633648246458,"[{""p_home_win"": 0.587267296492916, ""weight"": 0.25}, {""p_home_win"": 0.793633648246458, ""weight"": 0.5}, {""p_home_win"": 1.0, ""weight"": 0.25}]",5.822124304541434,,elo,"{'home_advantage': 2.1952609032907957, 'scale': 0.18112035178791516, 'error_term': 12.268490310124754, 'win_prob_k': 4.322389366808011}",0.0,-9.0
2025-11-05,Boston Celtics,Washington Wizards,136.0,107.0,False,False,2025-11-05|Washington Wizards|Boston Celtics,,,,2025-11-05|Washington Wizards|Boston Celtics,0.8479908538084479,"[{""p_home_win"": 0.6959817076168957, ""weight"": 0.25}, {""p_home_win"": 0.8479908538084479, ""weight"": 0.5}, {""p_home_win"": 1.0, ""weight"": 0.25}]",7.4298811182140625,,elo,"{'home_advantage': 2.1952609032907957, 'scale': 0.18112035178791516, 'error_term': 12.268490310124754, 'win_prob_k': 4.322389366808011}",1.0,29.0
2025-11-05,New York Knicks,Minnesota Timberwolves,137.0,114.0,False,False,2025-11-05|Minnesota Timberwolves|New York Knicks,,,,2025-11-05|Minnesota Timberwolves|New York Knicks,0.6568796406340935,"[{""p_home_win"": 0.3137592812681871, ""weight"": 0.25}, {""p_home_win"": 0.6568796406340935, ""weight"": 0.5}, {""p_home_win"": 1.0, ""weight"": 0.25}]",2.8070440225061954,,elo,"{'home_advantage': 2.1952609032907957, 'scale': 0.18112035178791516, 'error_term': 12.268490310124754, 'win_prob_k': 4.322389366808011}",1.0,23.0
2025-11-05,Memphis Grizzlies,Houston Rockets,109.0,124.0,False,False,2025-11-05|Houston Rockets|Memphis Grizzlies,,,,2025-11-05|Houston Rockets|Memphis Grizzlies,0.23874493236139419,"[{""p_home_win"": 0.0, ""weight"": 0.25}, {""p_home_win"": 0.23874493236139419, ""weight"": 0.5}, {""p_home_win"": 0.47748986472278837, ""weight"": 0.25}]",-5.0121248060959545,,elo,"{'home_advantage': 2.1952609032907957, 'scale': 0.18112035178791516, 'error_term': 12.268490310124754, 'win_prob_k': 4.322389366808011}",0.0,-15.0
2025-11-05,Dallas Mavericks,New Orleans Pelicans,99.0,101.0,False,False,2025-11-05|New Orleans Pelicans|Dallas Mavericks,,,,2025-11-05|New Orleans Pelicans|Dallas Mavericks,0.7643909016831085,"[{""p_home_win"": 0.528781803366217, ""weight"": 0.25}, {""p_home_win"": 0.7643909016831085, ""weight"": 0.5}, {""p_home_win"": 1.0, ""weight"": 0.25}]",5.087042699696655,,elo,"{'home_advantage': 2.1952609032907957, 'scale': 0.18112035178791516, 'error_term': 12.268490310124754, 'win_prob_k': 4.322389366808011}",0.0,-2.0
2025-11-05,Denver Nuggets,Miami Heat,122.0,112.0,False,False,2025-11-05|Miami Heat|Denver Nuggets,,,,2025-11-05|Miami Heat|Denver Nuggets,0.6873513816802886,"[{""p_home_win"": 0.3747027633605773, ""weight"": 0.25}, {""p_home_win"": 0.6873513816802886, ""weight"": 0.5}, {""p_home_win"": 1.0, ""weight"": 0.25}]",3.4050300822894246,,elo,"{'home_advantage': 2.1952609032907957, 'scale': 0.18112035178791516, 'error_term': 12.268490310124754, 'win_prob_k': 4.322389366808011}",1.0,10.0
2025-11-05,Los Angeles Lakers,San Antonio Spurs,118.0,116.0,False,False,2025-11-05|San Antonio Spurs|Los Angeles Lakers,,,,2025-11-05|San Antonio Spurs|Los Angeles Lakers,0.6684931485314675,"[{""p_home_win"": 0.3369862970629349, ""weight"": 0.25}, {""p_home_win"": 0.6684931485314675, ""weight"": 0.5}, {""p_home_win"": 1.0, ""weight"": 0.25}]",3.031627382834258,,elo,"{'home_advantage': 2.1952609032907957, 'scale': 0.18112035178791516, 'error_term': 12.268490310124754, 'win_prob_k': 4.322389366808011}",1.0,2.0
2025-11-05,Portland Trail Blazers,Oklahoma City Thunder,121.0,119.0,False,False,2025-11-05|Oklahoma City Thunder|Portland Trail Blazers,,,,2025-11-05|Oklahoma City Thunder|Portland Trail Blazers,0.12710901396785249,"[{""p_home_win"": 0.0, ""weight"": 0.25}, {""p_home_win"": 0.12710901396785249, ""weight"": 0.5}, {""p_home_win"": 0.25421802793570497, ""weight"": 0.25}]",-8.32823105214312,,elo,"{'home_advantage': 2.1952609032907957, 'scale': 0.18112035178791516, 'error_term': 12.268490310124754, 'win_prob_k': 4.322389366808011}",1.0,2.0
2025-11-05,Sacramento Kings,Golden State Warriors,121.0,116.0,False,False,2025-11-05|Golden State Warriors|Sacramento Kings,,,,2025-11-05|Golden State Warriors|Sacramento Kings,0.23341551228578128,"[{""p_home_win"": 0.0, ""weight"": 0.25}, {""p_home_win"": 0.23341551228578128, ""weight"": 0.5}, {""p_home_win"": 0.46683102457156256, ""weight"": 0.25}]",-5.139860121984052,,elo,"{'home_advantage': 2.1952609032907957, 'scale': 0.18112035178791516, 'error_term': 12.268490310124754, 'win_prob_k': 4.322389366808011}",1.0,5.0
2025-11-06,Phoenix Suns,Los Angeles Clippers,115.0,102.0,False,False,2025-11-06|Los Angeles Clippers|Phoenix Suns,,,,2025-11-06|Los Angeles Clippers|Phoenix Suns,0.5471260848299282,"[{""p_home_win"": 0.09425216965985639, ""weight"": 0.25}, {""p_home_win"": 0.5471260848299282, ""weight"": 0.5}, {""p_home_win"": 1.0, ""weight"": 0.25}]",0.8902788615072779,,elo,"{'home_advantage': 2.449435949395344, 'scale': 0.19192816488062917, 'error_term': 11.990882539578811, 'win_prob_k': 4.708837657327122}",1.0,13.0
2025-11-07,Orlando Magic,Boston Celtics,123.0,110.0,False,False,2025-11-07|Boston Celtics|Orlando Magic,,,,2025-11-07|Boston Celtics|Orlando Magic,0.5269765989514691,"[{""p_home_win"": 0.05395319790293818, ""weight"": 0.25}, {""p_home_win"": 0.5269765989514691, ""weight"": 0.5}, {""p_home_win"": 1.0, ""weight"": 0.25}]",0.5107689001950209,,elo,"{'home_advantage': 2.566227732214494, 'scale': 0.19135923656248252, 'error_term': 11.975319601417063, 'win_prob_k': 4.728847663923197}",1.0,13.0
2025-11-07,Washington Wizards,Cleveland Cavaliers,115.0,148.0,False,False,2025-11-07|Cleveland Cavaliers|Washington Wizards,,,,2025-11-07|Cleveland Cavaliers|Washington Wizards,0.08029167508782548,"[{""p_home_win"": 0.0, ""weight"": 0.25}, {""p_home_win"": 0.08029167508782548, ""weight"": 0.5}, {""p_home_win"": 0.16058335017565095, ""weight"": 0.25}]",-11.53077787549389,,elo,"{'home_advantage': 2.566227732214494, 'scale': 0.19135923656248252, 'error_term': 11.975319601417063, 'win_prob_k': 4.728847663923197}",0.0,-33.0
2025-11-07,Atlanta Hawks,Toronto Raptors,97.0,109.0,False,False,2025-11-07|Toronto Raptors|Atlanta Hawks,,,,2025-11-07|Toronto Raptors|Atlanta Hawks,0.6047335041092177,"[{""p_home_win"": 0.20946700821843534, ""weight"": 0.25}, {""p_home_win"": 0.6047335041092177, ""weight"": 0.5}, {""p_home_win"": 1.0, ""weight"": 0.25}]",2.010836833051245,,elo,"{'home_advantage': 2.566227732214494, 'scale': 0.19135923656248252, 'error_term': 11.975319601417063, 'win_prob_k': 4.728847663923197}",0.0,-12.0
2025-11-07,Brooklyn Nets,Detroit Pistons,107.0,125.0,False,False,2025-11-07|Detroit Pistons|Brooklyn Nets,,,,2025-11-07|Detroit Pistons|Brooklyn Nets,0.04279953108815981,"[{""p_home_win"": 0.0, ""weight"": 0.25}, {""p_home_win"": 0.04279953108815981, ""weight"": 0.5}, {""p_home_win"": 0.08559906217631962, ""weight"": 0.25}]",-14.694826489663551,,elo,"{'home_advantage': 2.566227732214494, 'scale': 0.19135923656248252, 'error_term': 11.975319601417063, 'win_prob_k': 4.728847663923197}",0.0,-18.0
2025-11-07,San Antonio Spurs,Houston Rockets,121.0,110.0,False,False,2025-11-07|Houston Rockets|San Antonio Spurs,,,,2025-11-07|Houston Rockets|San Antonio Spurs,0.6067775869703036,"[{""p_home_win"": 0.2135551739406072, ""weight"": 0.25}, {""p_home_win"": 0.6067775869703036, ""weight"": 0.5}, {""p_home_win"": 1.0, ""weight"": 0.25}]",2.0513122732400477,,elo,"{'home_advantage': 2.566227732214494, 'scale': 0.19135923656248252, 'error_term': 11.975319601417063, 'win_prob_k': 4.728847663923197}",1.0,11.0
2025-11-07,Memphis Grizzlies,Dallas Mavericks,118.0,104.0,False,False,2025-11-07|Dallas Mavericks|Memphis Grizzlies,,,,2025-11-07|Dallas Mavericks|Memphis Grizzlies,0.7034693993871781,"[{""p_home_win"": 0.40693879877435624, ""weight"": 0.25}, {""p_home_win"": 0.7034693993871781, ""weight"": 0.5}, {""p_home_win"": 1.0, ""weight"": 0.25}]",4.0851283515656895,,elo,"{'home_advantage': 2.566227732214494, 'scale': 0.19135923656248252, 'error_term': 11.975319601417063, 'win_prob_k': 4.728847663923197}",1.0,14.0
2025-11-07,Miami Heat,Charlotte Hornets,126.0,108.0,False,False,2025-11-07|Charlotte Hornets|Miami Heat,,,,2025-11-07|Charlotte Hornets|Miami Heat,0.8197818868895757,"[{""p_home_win"": 0.6395637737791513, ""weight"": 0.25}, {""p_home_win"": 0.8197818868895757, ""weight"": 0.5}, {""p_home_win"": 1.0, ""weight"": 0.25}]",7.163591619126972,,elo,"{'home_advantage': 2.566227732214494, 'scale': 0.19135923656248252, 'error_term': 11.975319601417063, 'win_prob_k': 4.728847663923197}",1.0,18.0
2025-11-07,Milwaukee Bucks,Chicago Bulls,126.0,110.0,False,False,2025-11-07|Chicago Bulls|Milwaukee Bucks,,,,2025-11-07|Chicago Bulls|Milwaukee Bucks,0.34491627450169954,"[{""p_home_win"": 0.0, ""weight"": 0.25}, {""p_home_win"": 0.34491627450169954, ""weight"": 0.5}, {""p_home_win"": 0.6898325490033991, ""weight"": 0.25}]",-3.0333729954695814,,elo,"{'home_advantage': 2.566227732214494, 'scale': 0.19135923656248252, 'error_term': 11.975319601417063, 'win_prob_k': 4.728847663923197}",1.0,16.0
2025-11-07,Minnesota Timberwolves,Utah Jazz,137.0,97.0,False,False,2025-11-07|Utah Jazz|Minnesota Timberwolves,,,,2025-11-07|Utah Jazz|Minnesota Timberwolves,0.7797495682342729,"[{""p_home_win"": 0.5594991364685458, ""weight"": 0.25}, {""p_home_win"": 0.7797495682342729, ""weight"": 0.5}, {""p_home_win"": 1.0, ""weight"": 0.25}]",5.978245045348656,,elo,"{'home_advantage': 2.566227732214494, 'scale': 0.19135923656248252, 'error_term': 11.975319601417063, 'win_prob_k': 4.728847663923197}",1.0,40.0
2025-11-07,Denver Nuggets,Golden State Warriors,129.0,104.0,False,False,2025-11-07|Golden State Warriors|Denver Nuggets,,,,2025-11-07|Golden State Warriors|Denver Nuggets,0.8170813467137874,"[{""p_home_win"": 0.6341626934275748, ""weight"": 0.25}, {""p_home_win"": 0.8170813467137874, ""weight"": 0.5}, {""p_home_win"": 1.0, ""weight"": 0.25}]",7.0776526843931915,,elo,"{'home_advantage': 2.566227732214494, 'scale': 0.19135923656248252, 'error_term': 11.975319601417063, 'win_prob_k': 4.728847663923197}",1.0,25.0
2025-11-07,Sacramento Kings,Oklahoma City Thunder,101.0,132.0,False,False,2025-11-07|Oklahoma City Thunder|Sacramento Kings,,,,2025-11-07|Oklahoma City Thunder|Sacramento Kings,0.08610113912191288,"[{""p_home_win"": 0.0, ""weight"": 0.25}, {""p_home_win"": 0.08610113912191288, ""weight"": 0.5}, {""p_home_win"": 0.17220227824382575, ""weight"": 0.25}]",-11.170471033789628,,elo,"{'home_advantage': 2.566227732214494, 'scale': 0.19135923656248252, 'error_term': 11.975319601417063, 'win_prob_k': 4.728847663923197}",0.0,-31.0
2025-11-08,Washington Wizards,Dallas Mavericks,105.0,111.0,False,False,2025-11-08|Dallas Mavericks|Washington Wizards,,,,2025-11-08|Dallas Mavericks|Washington Wizards,0.5035407173933907,"[{""p_home_win"": 0.00708143478678136, ""weight"": 0.25}, {""p_home_win"": 0.5035407173933907, ""weight"": 0.5}, {""p_home_win"": 1.0, ""weight"": 0.25}]",0.0696882345309131,,elo,"{'home_advantage': 2.921957021380649, 'scale': 0.18786694081797925, 'error_term': 12.376869455167952, 'win_prob_k': 4.920406085406235}",0.0,-6.0
2025-11-08,Philadelphia 76ers,Toronto Raptors,130.0,120.0,False,False,2025-11-08|Toronto Raptors|Philadelphia 76ers,,,,2025-11-08|Toronto Raptors|Philadelphia 76ers,0.6515795553018596,"[{""p_home_win"": 0.30315911060371925, ""weight"": 0.25}, {""p_home_win"": 0.6515795553018596, ""weight"": 0.5}, {""p_home_win"": 1.0, ""weight"": 0.25}]",3.0801229149613785,,elo,"{'home_advantage': 2.921957021380649, 'scale': 0.18786694081797925, 'error_term': 12.376869455167952, 'win_prob_k': 4.920406085406235}",1.0,10.0
2025-11-08,Atlanta Hawks,Los Angeles Lakers,122.0,102.0,False,False,2025-11-08|Los Angeles Lakers|Atlanta Hawks,,,,2025-11-08|Los Angeles Lakers|Atlanta Hawks,0.1610626196104044,"[{""p_home_win"": 0.0, ""weight"": 0.25}, {""p_home_win"": 0.1610626196104044, ""weight"": 0.5}, {""p_home_win"": 0.3221252392208088, ""weight"": 0.25}]",-8.120356936352879,,elo,"{'home_advantage': 2.921957021380649, 'scale': 0.18786694081797925, 'error_term': 12.376869455167952, 'win_prob_k': 4.920406085406235}",1.0,20.0
2025-11-08,Cleveland Cavaliers,Chicago Bulls,128.0,122.0,False,False,2025-11-08|Chicago Bulls|Cleveland Cavaliers,,,,2025-11-08|Chicago Bulls|Cleveland Cavaliers,0.5789308269363971,"[{""p_home_win"": 0.15786165387279416, ""weight"": 0.25}, {""p_home_win"": 0.5789308269363971, ""weight"": 0.5}, {""p_home_win"": 1.0, ""weight"": 0.25}]",1.566587790956158,,elo,"{'home_advantage': 2.921957021380649, 'scale': 0.18786694081797925, 'error_term': 12.376869455167952, 'win_prob_k': 4.920406085406235}",1.0,6.0
2025-11-08,Miami Heat,Portland Trail Blazers,136.0,131.0,False,False,2025-11-08|Portland Trail Blazers|Miami Heat,,,,2025-11-08|Portland Trail Blazers|Miami Heat,0.5316961234225335,"[{""p_home_win"": 0.06339224684506695, ""weight"": 0.25}, {""p_home_win"": 0.5316961234225335, ""weight"": 0.5}, {""p_home_win"": 1.0, ""weight"": 0.25}]",0.6246688528228668,,elo,"{'home_advantage': 2.921957021380649, 'scale': 0.18786694081797925, 'error_term': 12.376869455167952, 'win_prob_k': 4.920406085406235}",1.0,5.0
2025-11-08,San Antonio Spurs,New Orleans Pelicans,126.0,119.0,False,False,2025-11-08|New Orleans Pelicans|San Antonio Spurs,,,,2025-11-08|New Orleans Pelicans|San Antonio Spurs,0.9602944266032227,"[{""p_home_win"": 0.9205888532064455, ""weight"": 0.25}, {""p_home_win"": 0.9602944266032227, ""weight"": 0.5}, {""p_home_win"": 1.0, ""weight"": 0.25}]",15.675175647383794,,elo,"{'home_advantage': 2.921957021380649, 'scale': 0.18786694081797925, 'error_term': 12.376869455167952, 'win_prob_k': 4.920406085406235}",1.0,7.0
2025-11-08,Denver Nuggets,Indiana Pacers,117.0,100.0,False,False,2025-11-08|Indiana Pacers|Denver Nuggets,,,,2025-11-08|Indiana Pacers|Denver Nuggets,0.9842362084282579,"[{""p_home_win"": 0.9684724168565157, ""weight"": 0.25}, {""p_home_win"": 0.9842362084282579, ""weight"": 0.5}, {""p_home_win"": 1.0, ""weight"": 0.25}]",20.341698195710098,,elo,"{'home_advantage': 2.921957021380649, 'scale': 0.18786694081797925, 'error_term': 12.376869455167952, 'win_prob_k': 4.920406085406235}",1.0,17.0
2025-11-08,Los Angeles Clippers,Phoenix Suns,103.0,114.0,False,False,2025-11-08|Phoenix Suns|Los Angeles Clippers,,,,2025-11-08|Phoenix Suns|Los Angeles Clippers,0.530596705086775,"[{""p_home_win"": 0.06119341017355007, ""weight"": 0.25}, {""p_home_win"": 0.530596705086775, ""weight"": 0.5}, {""p_home_win"": 1.0, ""weight"": 0.25}]",0.6029462127996283,,elo,"{'home_advantage': 2.921957021380649, 'scale': 0.18786694081797925, 'error_term': 12.376869455167952, 'win_prob_k': 4.920406085406235}",0.0,-11.0
2025-11-09,Milwaukee Bucks,Houston Rockets,115.0,122.0,False,False,2025-11-09|Houston Rockets|Milwaukee Bucks,,,,2025-11-09|Houston Rockets|Milwaukee Bucks,0.7129778856001231,"[{""p_home_win"": 0.4259557712002462, ""weight"": 0.25}, {""p_home_win"": 0.7129778856001231, ""weight"": 0.5}, {""p_home_win"": 1.0, ""weight"": 0.25}]",4.54985129185107,,elo,"{'home_advantage': 3.0145186354753366, 'scale': 0.174554535463676, 'error_term': 12.179282020914117, 'win_prob_k': 5.000434782093805}",0.0,-7.0
2025-11-09,Memphis Grizzlies,Oklahoma City Thunder,100.0,114.0,False,False,2025-11-09|Oklahoma City Thunder|Memphis Grizzlies,,,,2025-11-09|Oklahoma City Thunder|Memphis Grizzlies,0.08172495880753104,"[{""p_home_win"": 0.0, ""weight"": 0.25}, {""p_home_win"": 0.08172495880753104, ""weight"": 0.5}, {""p_home_win"": 0.16344991761506208, ""weight"": 0.25}]",-12.096739329251012,,elo,"{'home_advantage': 3.0145186354753366, 'scale': 0.174554535463676, 'error_term': 12.179282020914117, 'win_prob_k': 5.000434782093805}",0.0,-14.0
2025-11-09,New York Knicks,Brooklyn Nets,134.0,98.0,False,False,2025-11-09|Brooklyn Nets|New York Knicks,,,,2025-11-09|Brooklyn Nets|New York Knicks,0.9693228976186773,"[{""p_home_win"": 0.9386457952373546, ""weight"": 0.25}, {""p_home_win"": 0.9693228976186773, ""weight"": 0.5}, {""p_home_win"": 1.0, ""weight"": 0.25}]",17.266907630512527,,elo,"{'home_advantage': 3.0145186354753366, 'scale': 0.174554535463676, 'error_term': 12.179282020914117, 'win_prob_k': 5.000434782093805}",1.0,36.0
2025-11-09,Orlando Magic,Boston Celtics,107.0,111.0,False,False,2025-11-09|Boston Celtics|Orlando Magic,,,,2025-11-09|Boston Celtics|Orlando Magic,0.7206379197617341,"[{""p_home_win"": 0.44127583952346816, ""weight"": 0.25}, {""p_home_win"": 0.7206379197617341, ""weight"": 0.5}, {""p_home_win"": 1.0, ""weight"": 0.25}]",4.738552513463712,,elo,"{'home_advantage': 3.0145186354753366, 'scale': 0.174554535463676, 'error_term': 12.179282020914117, 'win_prob_k': 5.000434782093805}",0.0,-4.0
2025-11-09,Philadelphia 76ers,Detroit Pistons,108.0,111.0,False,False,2025-11-09|Detroit Pistons|Philadelphia 76ers,,,,2025-11-09|Detroit Pistons|Philadelphia 76ers,0.4780474053889215,"[{""p_home_win"": 0.0, ""weight"": 0.25}, {""p_home_win"": 0.4780474053889215, ""weight"": 0.5}, {""p_home_win"": 0.956094810777843, ""weight"": 0.25}]",-0.4393725369883419,,elo,"{'home_advantage': 3.0145186354753366, 'scale': 0.174554535463676, 'error_term': 12.179282020914117, 'win_prob_k': 5.000434782093805}",0.0,-3.0
2025-11-09,Golden State Warriors,Indiana Pacers,114.0,83.0,False,False,2025-11-09|Indiana Pacers|Golden State Warriors,,,,2025-11-09|Indiana Pacers|Golden State Warriors,0.9323825435865966,"[{""p_home_win"": 0.8647650871731931, ""weight"": 0.25}, {""p_home_win"": 0.9323825435865966, ""weight"": 0.5}, {""p_home_win"": 1.0, ""weight"": 0.25}]",13.120525836156304,,elo,"{'home_advantage': 3.0145186354753366, 'scale': 0.174554535463676, 'error_term': 12.179282020914117, 'win_prob_k': 5.000434782093805}",1.0,31.0
2025-11-09,Sacramento Kings,Minnesota Timberwolves,117.0,144.0,False,False,2025-11-09|Minnesota Timberwolves|Sacramento Kings,,,,2025-11-09|Minnesota Timberwolves|Sacramento Kings,0.4079839858378977,"[{""p_home_win"": 0.0, ""weight"": 0.25}, {""p_home_win"": 0.4079839858378977, ""weight"": 0.5}, {""p_home_win"": 0.8159679716757954, ""weight"": 0.25}]",-1.861690683034325,,elo,"{'home_advantage': 3.0145186354753366, 'scale': 0.174554535463676, 'error_term': 12.179282020914117, 'win_prob_k': 5.000434782093805}",0.0,-27.0
2025-11-10,Charlotte Hornets,Los Angeles Lakers,111.0,121.0,False,False,2025-11-10|Los Angeles Lakers|Charlotte Hornets,,,,2025-11-10|Los Angeles Lakers|Charlotte Hornets,0.15086337819366924,"[{""p_home_win"": 0.0, ""weight"": 0.25}, {""p_home_win"": 0.15086337819366924, ""weight"": 0.5}, {""p_home_win"": 0.3017267563873385, ""weight"": 0.25}]",-8.861545304637543,,elo,"{'home_advantage': 3.072675571189357, 'scale': 0.17351445741513158, 'error_term': 12.141579014929375, 'win_prob_k': 5.128667797980743}",0.0,-10.0
2025-11-10,Detroit Pistons,Washington Wizards,137.0,135.0,False,False,2025-11-10|Washington Wizards|Detroit Pistons,,,,2025-11-10|Washington Wizards|Detroit Pistons,0.9922262347337429,"[{""p_home_win"": 0.9844524694674859, ""weight"": 0.25}, {""p_home_win"": 0.9922262347337429, ""weight"": 0.5}, {""p_home_win"": 1.0, ""weight"": 0.25}]",24.869917952223343,,elo,"{'home_advantage': 3.072675571189357, 'scale': 0.17351445741513158, 'error_term': 12.141579014929375, 'win_prob_k': 5.128667797980743}",1.0,2.0
2025-11-10,Orlando Magic,Portland Trail Blazers,115.0,112.0,False,False,2025-11-10|Portland Trail Blazers|Orlando Magic,,,,2025-11-10|Portland Trail Blazers|Orlando Magic,0.383863704987821,"[{""p_home_win"": 0.0, ""weight"": 0.25}, {""p_home_win"": 0.383863704987821, ""weight"": 0.5}, {""p_home_win"": 0.767727409975642, ""weight"": 0.25}]",-2.426786324024454,,elo,"{'home_advantage': 3.072675571189357, 'scale': 0.17351445741513158, 'error_term': 12.141579014929375, 'win_prob_k': 5.128667797980743}",1.0,3.0
2025-11-10,Miami Heat,Cleveland Cavaliers,140.0,138.0,False,False,2025-11-10|Cleveland Cavaliers|Miami Heat,,,,2025-11-10|Cleveland Cavaliers|Miami Heat,0.5221209524141568,"[{""p_home_win"": 0.04424190482831358, ""weight"": 0.25}, {""p_home_win"": 0.5221209524141568, ""weight"": 0.5}, {""p_home_win"": 1.0, ""weight"": 0.25}]",0.45410049731757063,,elo,"{'home_advantage': 3.072675571189357, 'scale': 0.17351445741513158, 'error_term': 12.141579014929375, 'win_prob_k': 5.128667797980743}",1.0,2.0
2025-11-10,Chicago Bulls,San Antonio Spurs,117.0,121.0,False,False,2025-11-10|San Antonio Spurs|Chicago Bulls,,,,2025-11-10|San Antonio Spurs|Chicago Bulls,0.4859939780012454,"[{""p_home_win"": 0.0, ""weight"": 0.25}, {""p_home_win"": 0.4859939780012454, ""weight"": 0.5}, {""p_home_win"": 0.9719879560024908, ""weight"": 0.25}]",-0.28740412465380283,,elo,"{'home_advantage': 3.072675571189357, 'scale': 0.17351445741513158, 'error_term': 12.141579014929375, 'win_prob_k': 5.128667797980743}",0.0,-4.0
2025-11-10,Dallas Mavericks,Milwaukee Bucks,114.0,116.0,False,False,2025-11-10|Milwaukee Bucks|Dallas Mavericks,,,,2025-11-10|Milwaukee Bucks|Dallas Mavericks,0.22583098683974243,"[{""p_home_win"": 0.0, ""weight"": 0.25}, {""p_home_win"": 0.22583098683974243, ""weight"": 0.5}, {""p_home_win"": 0.45166197367948485, ""weight"": 0.25}]",-6.3185358535488145,,elo,"{'home_advantage': 3.072675571189357, 'scale': 0.17351445741513158, 'error_term': 12.141579014929375, 'win_prob_k': 5.128667797980743}",0.0,-2.0
2025-11-10,Phoenix Suns,New Orleans Pelicans,121.0,98.0,False,False,2025-11-10|New Orleans Pelicans|Phoenix Suns,,,,2025-11-10|New Orleans Pelicans|Phoenix Suns,0.8893757817111171,"[{""p_home_win"": 0.7787515634222342, ""weight"": 0.25}, {""p_home_win"": 0.8893757817111171, ""weight"": 0.5}, {""p_home_win"": 1.0, ""weight"": 0.25}]",10.69009674307957,,elo,"{'home_advantage': 3.072675571189357, 'scale': 0.17351445741513158, 'error_term': 12.141579014929375, 'win_prob_k': 5.128667797980743}",1.0,23.0
2025-11-10,Utah Jazz,Minnesota Timberwolves,113.0,120.0,False,False,2025-11-10|Minnesota Timberwolves|Utah Jazz,,,,2025-11-10|Minnesota Timberwolves|Utah Jazz,0.27742810098615106,"[{""p_home_win"": 0.0, ""weight"": 0.25}, {""p_home_win"": 0.27742810098615106, ""weight"": 0.5}, {""p_home_win"": 0.5548562019723021, ""weight"": 0.25}]",-4.909443534918372,,elo,"{'home_advantage': 3.072675571189357, 'scale': 0.17351445741513158, 'error_term': 12.141579014929375, 'win_prob_k': 5.128667797980743}",0.0,-7.0
2025-11-10,Los Angeles Clippers,Atlanta Hawks,102.0,105.0,False,False,2025-11-10|Atlanta Hawks|Los Angeles Clippers,,,,2025-11-10|Atlanta Hawks|Los Angeles Clippers,0.3905570564404433,"[{""p_home_win"": 0.0, ""weight"": 0.25}, {""p_home_win"": 0.3905570564404433, ""weight"": 0.5}, {""p_home_win"": 0.7811141128808866, ""weight"": 0.25}]",-2.282109786602931,,elo,"{'home_advantage': 3.072675571189357, 'scale': 0.17351445741513158, 'error_term': 12.141579014929375, 'win_prob_k': 5.128667797980743}",0.0,-3.0
2025-11-11,Brooklyn Nets,Toronto Raptors,109.0,119.0,False,False,2025-11-11|Toronto Raptors|Brooklyn Nets,,,,2025-11-11|Toronto Raptors|Brooklyn Nets,0.16374140178161958,"[{""p_home_win"": 0.0, ""weight"": 0.25}, {""p_home_win"": 0.16374140178161958, ""weight"": 0.5}, {""p_home_win"": 0.32748280356323917, ""weight"": 0.25}]",-8.090286410492425,,elo,"{'home_advantage': 3.0327223750387073, 'scale': 0.15398275775866332, 'error_term': 12.034715707677039, 'win_prob_k': 4.961388863716904}",0.0,-10.0
2025-11-11,New York Knicks,Memphis Grizzlies,133.0,120.0,False,False,2025-11-11|Memphis Grizzlies|New York Knicks,,,,2025-11-11|Memphis Grizzlies|New York Knicks,0.9122393640787395,"[{""p_home_win"": 0.824478728157479, ""weight"": 0.25}, {""p_home_win"": 0.9122393640787395, ""weight"": 0.5}, {""p_home_win"": 1.0, ""weight"": 0.25}]",11.616046928514713,,elo,"{'home_advantage': 3.0327223750387073, 'scale': 0.15398275775866332, 'error_term': 12.034715707677039, 'win_prob_k': 4.961388863716904}",1.0,13.0
2025-11-11,Oklahoma City Thunder,Golden State Warriors,126.0,102.0,False,False,2025-11-11|Golden State Warriors|Oklahoma City Thunder,,,,2025-11-11|Golden State Warriors|Oklahoma City Thunder,0.9419674989988628,"[{""p_home_win"": 0.8839349979977256, ""weight"": 0.25}, {""p_home_win"": 0.9419674989988628, ""weight"": 0.5}, {""p_home_win"": 1.0, ""weight"": 0.25}]",13.827229796702396,,elo,"{'home_advantage': 3.0327223750387073, 'scale': 0.15398275775866332, 'error_term': 12.034715707677039, 'win_prob_k': 4.961388863716904}",1.0,24.0
2025-11-11,Philadelphia 76ers,Boston Celtics,102.0,100.0,False,False,2025-11-11|Boston Celtics|Philadelphia 76ers,,,,2025-11-11|Boston Celtics|Philadelphia 76ers,0.7863090821561315,"[{""p_home_win"": 0.572618164312263, ""weight"": 0.25}, {""p_home_win"": 0.7863090821561315, ""weight"": 0.5}, {""p_home_win"": 1.0, ""weight"": 0.25}]",6.463793104770369,,elo,"{'home_advantage': 3.0327223750387073, 'scale': 0.15398275775866332, 'error_term': 12.034715707677039, 'win_prob_k': 4.961388863716904}",1.0,2.0
2025-11-11,Utah Jazz,Indiana Pacers,152.0,128.0,False,False,2025-11-11|Indiana Pacers|Utah Jazz,,,,2025-11-11|Indiana Pacers|Utah Jazz,0.832087350169743,"[{""p_home_win"": 0.664174700339486, ""weight"": 0.25}, {""p_home_win"": 0.832087350169743, ""weight"": 0.5}, {""p_home_win"": 1.0, ""weight"": 0.25}]",7.940670730522754,,elo,"{'home_advantage': 3.0327223750387073, 'scale': 0.15398275775866332, 'error_term': 12.034715707677039, 'win_prob_k': 4.961388863716904}",1.0,24.0
2025-11-11,Sacramento Kings,Denver Nuggets,108.0,122.0,False,False,2025-11-11|Denver Nuggets|Sacramento Kings,,,,2025-11-11|Denver Nuggets|Sacramento Kings,0.14982414498648666,"[{""p_home_win"": 0.0, ""weight"": 0.25}, {""p_home_win"": 0.14982414498648666, ""weight"": 0.5}, {""p_home_win"": 0.2996482899729733, ""weight"": 0.25}]",-8.612876685707205,,elo,"{'home_advantage': 3.0327223750387073, 'scale': 0.15398275775866332, 'error_term': 12.034715707677039, 'win_prob_k': 4.961388863716904}",0.0,-14.0
2025-11-12,Charlotte Hornets,Milwaukee Bucks,111.0,100.0,False,False,2025-11-12|Milwaukee Bucks|Charlotte Hornets,,,,2025-11-12|Milwaukee Bucks|Charlotte Hornets,0.2212534533356539,"[{""p_home_win"": 0.0, ""weight"": 0.25}, {""p_home_win"": 0.2212534533356539, ""weight"": 0.5}, {""p_home_win"": 0.4425069066713078, ""weight"": 0.25}]",-6.207293457098681,,elo,"{'home_advantage': 3.117197715981941, 'scale': 0.14624412586697857, 'error_term': 11.91124127210514, 'win_prob_k': 4.932778270753669}",1.0,11.0
2025-11-12,Detroit Pistons,Chicago Bulls,124.0,113.0,False,False,2025-11-12|Chicago Bulls|Detroit Pistons,,,,2025-11-12|Chicago Bulls|Detroit Pistons,0.8789012988775976,"[{""p_home_win"": 0.7578025977551952, ""weight"": 0.25}, {""p_home_win"": 0.8789012988775976, ""weight"": 0.5}, {""p_home_win"": 1.0, ""weight"": 0.25}]",9.7770954432546,,elo,"{'home_advantage': 3.117197715981941, 'scale': 0.14624412586697857, 'error_term': 11.91124127210514, 'win_prob_k': 4.932778270753669}",1.0,11.0
2025-11-12,New York Knicks,Orlando Magic,107.0,124.0,False,False,2025-11-12|Orlando Magic|New York Knicks,,,,2025-11-12|Orlando Magic|New York Knicks,0.8736647538696829,"[{""p_home_win"": 0.7473295077393658, ""weight"": 0.25}, {""p_home_win"": 0.8736647538696829, ""weight"": 0.5}, {""p_home_win"": 1.0, ""weight"": 0.25}]",9.538797806058,,elo,"{'home_advantage': 3.117197715981941, 'scale': 0.14624412586697857, 'error_term': 11.91124127210514, 'win_prob_k': 4.932778270753669}",0.0,-17.0
2025-11-12,Boston Celtics,Memphis Grizzlies,131.0,95.0,False,False,2025-11-12|Memphis Grizzlies|Boston Celtics,,,,2025-11-12|Memphis Grizzlies|Boston Celtics,0.7680611100004858,"[{""p_home_win"": 0.5361222200009716, ""weight"": 0.25}, {""p_home_win"": 0.7680611100004858, ""weight"": 0.5}, {""p_home_win"": 1.0, ""weight"": 0.25}]",5.906485855241285,,elo,"{'home_advantage': 3.117197715981941, 'scale': 0.14624412586697857, 'error_term': 11.91124127210514, 'win_prob_k': 4.932778270753669}",1.0,36.0
2025-11-12,Miami Heat,Cleveland Cavaliers,116.0,130.0,False,False,2025-11-12|Cleveland Cavaliers|Miami Heat,,,,2025-11-12|Cleveland Cavaliers|Miami Heat,0.6906590895789175,"[{""p_home_win"": 0.38131817915783506, ""weight"": 0.25}, {""p_home_win"": 0.6906590895789175, ""weight"": 0.5}, {""p_home_win"": 1.0, ""weight"": 0.25}]",3.962019371636026,,elo,"{'home_advantage': 3.117197715981941, 'scale': 0.14624412586697857, 'error_term': 11.91124127210514, 'win_prob_k': 4.932778270753669}",0.0,-14.0
2025-11-12,Houston Rockets,Washington Wizards,135.0,112.0,False,False,2025-11-12|Washington Wizards|Houston Rockets,,,,2025-11-12|Washington Wizards|Houston Rockets,0.9780035783280473,"[{""p_home_win"": 0.9560071566560946, ""weight"": 0.25}, {""p_home_win"": 0.9780035783280473, ""weight"": 0.5}, {""p_home_win"": 1.0, ""weight"": 0.25}]",18.718085871565194,,elo,"{'home_advantage': 3.117197715981941, 'scale': 0.14624412586697857, 'error_term': 11.91124127210514, 'win_prob_k': 4.932778270753669}",1.0,23.0
2025-11-12,New Orleans Pelicans,Portland Trail Blazers,117.0,125.0,False,False,2025-11-12|Portland Trail Blazers|New Orleans Pelicans,,,,2025-11-12|Portland Trail Blazers|New Orleans Pelicans,0.2862785040935334,"[{""p_home_win"": 0.0, ""weight"": 0.25}, {""p_home_win"": 0.2862785040935334, ""weight"": 0.5}, {""p_home_win"": 0.5725570081870668, ""weight"": 0.25}]",-4.5062295732949575,,elo,"{'home_advantage': 3.117197715981941, 'scale': 0.14624412586697857, 'error_term': 11.91124127210514, 'win_prob_k': 4.932778270753669}",0.0,-8.0
2025-11-12,San Antonio Spurs,Golden State Warriors,120.0,125.0,False,False,2025-11-12|Golden State Warriors|San Antonio Spurs,,,,2025-11-12|Golden State Warriors|San Antonio Spurs,0.9097579878953005,"[{""p_home_win"": 0.819515975790601, ""weight"": 0.25}, {""p_home_win"": 0.9097579878953005, ""weight"": 0.5}, {""p_home_win"": 1.0, ""weight"": 0.25}]",11.398089517297773,,elo,"{'home_advantage': 3.117197715981941, 'scale': 0.14624412586697857, 'error_term': 11.91124127210514, 'win_prob_k': 4.932778270753669}",0.0,-5.0
2025-11-12,Dallas Mavericks,Phoenix Suns,114.0,123.0,False,False,2025-11-12|Phoenix Suns|Dallas Mavericks,,,,2025-11-12|Phoenix Suns|Dallas Mavericks,0.25101500261833903,"[{""p_home_win"": 0.0, ""weight"": 0.25}, {""p_home_win"": 0.25101500261833903, ""weight"": 0.5}, {""p_home_win"": 0.5020300052366781, ""weight"": 0.25}]",-5.3925440077556015,,elo,"{'home_advantage': 3.117197715981941, 'scale': 0.14624412586697857, 'error_term': 11.91124127210514, 'win_prob_k': 4.932778270753669}",0.0,-9.0
2025-11-12,Oklahoma City Thunder,Los Angeles Lakers,121.0,92.0,False,False,2025-11-12|Los Angeles Lakers|Oklahoma City Thunder,,,,2025-11-12|Los Angeles Lakers|Oklahoma City Thunder,0.8468487303414013,"[{""p_home_win"": 0.6936974606828026, ""weight"": 0.25}, {""p_home_win"": 0.8468487303414013, ""weight"": 0.5}, {""p_home_win"": 1.0, ""weight"": 0.25}]",8.435524194981285,,elo,"{'home_advantage': 3.117197715981941, 'scale': 0.14624412586697857, 'error_term': 11.91124127210514, 'win_prob_k': 4.932778270753669}",1.0,29.0
2025-11-12,Sacramento Kings,Atlanta Hawks,100.0,133.0,False,False,2025-11-12|Atlanta Hawks|Sacramento Kings,,,,2025-11-12|Atlanta Hawks|Sacramento Kings,0.30177621021482554,"[{""p_home_win"": 0.0, ""weight"": 0.25}, {""p_home_win"": 0.30177621021482554, ""weight"": 0.5}, {""p_home_win"": 0.6035524204296511, ""weight"": 0.25}]",-4.137880537948396,,elo,"{'home_advantage': 3.117197715981941, 'scale': 0.14624412586697857, 'error_term': 11.91124127210514, 'win_prob_k': 4.932778270753669}",0.0,-33.0
2025-11-12,Los Angeles Clippers,Denver Nuggets,116.0,130.0,False,False,2025-11-12|Denver Nuggets|Los Angeles Clippers,,,,2025-11-12|Denver Nuggets|Los Angeles Clippers,0.11297336155931854,"[{""p_home_win"": 0.0, ""weight"": 0.25}, {""p_home_win"": 0.11297336155931854, ""weight"": 0.5}, {""p_home_win"": 0.2259467231186371, ""weight"": 0.25}]",-10.165089446105961,,elo,"{'home_advantage': 3.117197715981941, 'scale': 0.14624412586697857, 'error_term': 11.91124127210514, 'win_prob_k': 4.932778270753669}",0.0,-14.0
2025-11-13,Cleveland Cavaliers,Toronto Raptors,113.0,126.0,False,False,2025-11-13|Toronto Raptors|Cleveland Cavaliers,,,,2025-11-13|Toronto Raptors|Cleveland Cavaliers,0.7823400654576259,"[{""p_home_win"": 0.5646801309152518, ""weight"": 0.25}, {""p_home_win"": 0.7823400654576259, ""weight"": 0.5}, {""p_home_win"": 1.0, ""weight"": 0.25}]",6.767104978762724,,elo,"{'home_advantage': 3.1305413866076535, 'scale': 0.14299369679309176, 'error_term': 12.159308748436947, 'win_prob_k': 5.28946367573014}",0.0,-13.0
2025-11-13,Phoenix Suns,Indiana Pacers,133.0,98.0,False,False,2025-11-13|Indiana Pacers|Phoenix Suns,,,,2025-11-13|Indiana Pacers|Phoenix Suns,0.9640861053720432,"[{""p_home_win"": 0.9281722107440864, ""weight"": 0.25}, {""p_home_win"": 0.9640861053720432, ""weight"": 0.5}, {""p_home_win"": 1.0, ""weight"": 0.25}]",17.40263357528056,,elo,"{'home_advantage': 3.1305413866076535, 'scale': 0.14299369679309176, 'error_term': 12.159308748436947, 'win_prob_k': 5.28946367573014}",1.0,35.0
2025-11-13,Utah Jazz,Atlanta Hawks,122.0,132.0,False,False,2025-11-13|Atlanta Hawks|Utah Jazz,,,,2025-11-13|Atlanta Hawks|Utah Jazz,0.3210059724835804,"[{""p_home_win"": 0.0, ""weight"": 0.25}, {""p_home_win"": 0.3210059724835804, ""weight"": 0.5}, {""p_home_win"": 0.6420119449671609, ""weight"": 0.25}]",-3.962615479538383,,elo,"{'home_advantage': 3.1305413866076535, 'scale': 0.14299369679309176, 'error_term': 12.159308748436947, 'win_prob_k': 5.28946367573014}",0.0,-10.0
2025-11-14,New York Knicks,Miami Heat,140.0,132.0,False,False,2025-11-14|Miami Heat|New York Knicks,,,,2025-11-14|Miami Heat|New York Knicks,0.6578287758017914,"[{""p_home_win"": 0.3156575516035829, ""weight"": 0.25}, {""p_home_win"": 0.6578287758017914, ""weight"": 0.5}, {""p_home_win"": 1.0, ""weight"": 0.25}]",3.5564656352348782,,elo,"{'home_advantage': 3.1119514830150217, 'scale': 0.14224567928762624, 'error_term': 12.210372567023729, 'win_prob_k': 5.4410707522601225}",1.0,8.0
2025-11-14,Orlando Magic,Brooklyn Nets,105.0,98.0,False,False,2025-11-14|Brooklyn Nets|Orlando Magic,,,,2025-11-14|Brooklyn Nets|Orlando Magic,0.9360010555681715,"[{""p_home_win"": 0.872002111136343, ""weight"": 0.25}, {""p_home_win"": 0.9360010555681715, ""weight"": 0.5}, {""p_home_win"": 1.0, ""weight"": 0.25}]",14.597032638159746,,elo,"{'home_advantage': 3.1119514830150217, 'scale': 0.14224567928762624, 'error_term': 12.210372567023729, 'win_prob_k': 5.4410707522601225}",1.0,7.0
2025-11-14,Detroit Pistons,Philadelphia 76ers,114.0,105.0,False,False,2025-11-14|Philadelphia 76ers|Detroit Pistons,,,,2025-11-14|Philadelphia 76ers|Detroit Pistons,0.8501566174324849,"[{""p_home_win"": 0.7003132348649699, ""weight"": 0.25}, {""p_home_win"": 0.8501566174324849, ""weight"": 0.5}, {""p_home_win"": 1.0, ""weight"": 0.25}]",9.444773603964267,,elo,"{'home_advantage': 3.1119514830150217, 'scale': 0.14224567928762624, 'error_term': 12.210372567023729, 'win_prob_k': 5.4410707522601225}",1.0,9.0
2025-11-14,Houston Rockets,Portland Trail Blazers,140.0,116.0,False,False,2025-11-14|Portland Trail Blazers|Houston Rockets,,,,2025-11-14|Portland Trail Blazers|Houston Rockets,0.7678107044059223,"[{""p_home_win"": 0.5356214088118445, ""weight"": 0.25}, {""p_home_win"": 0.7678107044059223, ""weight"": 0.5}, {""p_home_win"": 1.0, ""weight"": 0.25}]",6.50746760118557,,elo,"{'home_advantage': 3.1119514830150217, 'scale': 0.14224567928762624, 'error_term': 12.210372567023729, 'win_prob_k': 5.4410707522601225}",1.0,24.0
2025-11-14,Milwaukee Bucks,Charlotte Hornets,147.0,134.0,False,False,2025-11-14|Charlotte Hornets|Milwaukee Bucks,,,,2025-11-14|Charlotte Hornets|Milwaukee Bucks,0.8349408744926424,"[{""p_home_win"": 0.6698817489852849, ""weight"": 0.25}, {""p_home_win"": 0.8349408744926424, ""weight"": 0.5}, {""p_home_win"": 1.0, ""weight"": 0.25}]",8.820286740363777,,elo,"{'home_advantage': 3.1119514830150217, 'scale': 0.14224567928762624, 'error_term': 12.210372567023729, 'win_prob_k': 5.4410707522601225}",1.0,13.0
2025-11-14,Minnesota Timberwolves,Sacramento Kings,124.0,110.0,False,False,2025-11-14|Sacramento Kings|Minnesota Timberwolves,,,,2025-11-14|Sacramento Kings|Minnesota Timberwolves,0.9198216864652405,"[{""p_home_win"": 0.8396433729304811, ""weight"": 0.25}, {""p_home_win"": 0.9198216864652405, ""weight"": 0.5}, {""p_home_win"": 1.0, ""weight"": 0.25}]",13.275814124393422,,elo,"{'home_advantage': 3.1119514830150217, 'scale': 0.14224567928762624, 'error_term': 12.210372567023729, 'win_prob_k': 5.4410707522601225}",1.0,14.0
2025-11-14,New Orleans Pelicans,Los Angeles Lakers,104.0,118.0,False,False,2025-11-14|Los Angeles Lakers|New Orleans Pelicans,,,,2025-11-14|Los Angeles Lakers|New Orleans Pelicans,0.12910091494192918,"[{""p_home_win"": 0.0, ""weight"": 0.25}, {""p_home_win"": 0.12910091494192918, ""weight"": 0.5}, {""p_home_win"": 0.25820182988385837, ""weight"": 0.25}]",-10.386632572719451,,elo,"{'home_advantage': 3.1119514830150217, 'scale': 0.14224567928762624, 'error_term': 12.210372567023729, 'win_prob_k': 5.4410707522601225}",0.0,-14.0
2025-11-14,Dallas Mavericks,Los Angeles Clippers,127.0,133.0,False,False,2025-11-14|Los Angeles Clippers|Dallas Mavericks,,,,2025-11-14|Los Angeles Clippers|Dallas Mavericks,0.5795938781512001,"[{""p_home_win"": 0.15918775630240023, ""weight"": 0.25}, {""p_home_win"": 0.5795938781512001, ""weight"": 0.5}, {""p_home_win"": 1.0, ""weight"": 0.25}]",1.7471628989622703,,elo,"{'home_advantage': 3.1119514830150217, 'scale': 0.14224567928762624, 'error_term': 12.210372567023729, 'win_prob_k': 5.4410707522601225}",0.0,-6.0
2025-11-14,San Antonio Spurs,Golden State Warriors,108.0,109.0,False,False,2025-11-14|Golden State Warriors|San Antonio Spurs,,,,2025-11-14|Golden State Warriors|San Antonio Spurs,0.8092159301597519,"[{""p_home_win"": 0.6184318603195038, ""weight"": 0.25}, {""p_home_win"": 0.8092159301597519, ""weight"": 0.5}, {""p_home_win"": 1.0, ""weight"": 0.25}]",7.861931143544998,,elo,"{'home_advantage': 3.1119514830150217, 'scale': 0.14224567928762624, 'error_term': 12.210372567023729, 'win_prob_k': 5.4410707522601225}",0.0,-1.0
2025-11-15,Cleveland Cavaliers,Memphis Grizzlies,108.0,100.0,False,False,2025-11-15|Memphis Grizzlies|Cleveland Cavaliers,,,,2025-11-15|Memphis Grizzlies|Cleveland Cavaliers,0.9160619038171891,"[{""p_home_win"": 0.8321238076343782, ""weight"": 0.25}, {""p_home_win"": 0.9160619038171891, ""weight"": 0.5}, {""p_home_win"": 1.0, ""weight"": 0.25}]",12.668501241622664,,elo,"{'home_advantage': 3.0858786607273485, 'scale': 0.13410690882706242, 'error_term': 12.079441807241798, 'win_prob_k': 5.300618451471953}",1.0,8.0
2025-11-15,Charlotte Hornets,Oklahoma City Thunder,96.0,109.0,False,False,2025-11-15|Oklahoma City Thunder|Charlotte Hornets,,,,2025-11-15|Oklahoma City Thunder|Charlotte Hornets,0.06680954314731116,"[{""p_home_win"": 0.0, ""weight"": 0.25}, {""p_home_win"": 0.06680954314731116, ""weight"": 0.5}, {""p_home_win"": 0.13361908629462232, ""weight"": 0.25}]",-13.976476634836335,,elo,"{'home_advantage': 3.0858786607273485, 'scale': 0.13410690882706242, 'error_term': 12.079441807241798, 'win_prob_k': 5.300618451471953}",0.0,-13.0
2025-11-15,Indiana Pacers,Toronto Raptors,111.0,129.0,False,False,2025-11-15|Toronto Raptors|Indiana Pacers,,,,2025-11-15|Toronto Raptors|Indiana Pacers,0.102150478973297,"[{""p_home_win"": 0.0, ""weight"": 0.25}, {""p_home_win"": 0.102150478973297, ""weight"": 0.5}, {""p_home_win"": 0.204300957946594, ""weight"": 0.25}]",-11.52118824467074,,elo,"{'home_advantage': 3.0858786607273485, 'scale': 0.13410690882706242, 'error_term': 12.079441807241798, 'win_prob_k': 5.300618451471953}",0.0,-18.0
2025-11-15,Milwaukee Bucks,Los Angeles Lakers,95.0,119.0,False,False,2025-11-15|Los Angeles Lakers|Milwaukee Bucks,,,,2025-11-15|Los Angeles Lakers|Milwaukee Bucks,0.503523122674912,"[{""p_home_win"": 0.007046245349823899, ""weight"": 0.25}, {""p_home_win"": 0.503523122674912, ""weight"": 0.5}, {""p_home_win"": 1.0, ""weight"": 0.25}]",0.07470015252302353,,elo,"{'home_advantage': 3.0858786607273485, 'scale': 0.13410690882706242, 'error_term': 12.079441807241798, 'win_prob_k': 5.300618451471953}",0.0,-24.0
2025-11-15,Minnesota Timberwolves,Denver Nuggets,112.0,123.0,False,False,2025-11-15|Denver Nuggets|Minnesota Timberwolves,,,,2025-11-15|Denver Nuggets|Minnesota Timberwolves,0.4688364768370234,"[{""p_home_win"": 0.0, ""weight"": 0.25}, {""p_home_win"": 0.4688364768370234, ""weight"": 0.5}, {""p_home_win"": 0.9376729536740468, ""weight"": 0.25}]",-0.6616013717853462,,elo,"{'home_advantage': 3.0858786607273485, 'scale': 0.13410690882706242, 'error_term': 12.079441807241798, 'win_prob_k': 5.300618451471953}",0.0,-11.0
2025-11-16,Boston Celtics,Los Angeles Clippers,121.0,118.0,False,False,2025-11-16|Los Angeles Clippers|Boston Celtics,,,,2025-11-16|Los Angeles Clippers|Boston Celtics,0.7787911155101488,"[{""p_home_win"": 0.5575822310202976, ""weight"": 0.25}, {""p_home_win"": 0.7787911155101488, ""weight"": 0.5}, {""p_home_win"": 1.0, ""weight"": 0.25}]",6.56648377843532,,elo,"{'home_advantage': 2.920457784055218, 'scale': 0.13044482133090093, 'error_term': 12.045350774326304, 'win_prob_k': 5.217145182012736}",1.0,3.0
2025-11-16,San Antonio Spurs,Sacramento Kings,123.0,110.0,False,False,2025-11-16|Sacramento Kings|San Antonio Spurs,,,,2025-11-16|Sacramento Kings|San Antonio Spurs,0.9358630452313041,"[{""p_home_win"": 0.8717260904626083, ""weight"": 0.25}, {""p_home_win"": 0.9358630452313041, ""weight"": 0.5}, {""p_home_win"": 1.0, ""weight"": 0.25}]",13.984288619083955,,elo,"{'home_advantage': 2.920457784055218, 'scale': 0.13044482133090093, 'error_term': 12.045350774326304, 'win_prob_k': 5.217145182012736}",1.0,13.0
2025-11-16,Washington Wizards,Brooklyn Nets,106.0,129.0,False,False,2025-11-16|Brooklyn Nets|Washington Wizards,,,,2025-11-16|Brooklyn Nets|Washington Wizards,0.629055235498157,"[{""p_home_win"": 0.258110470996314, ""weight"": 0.25}, {""p_home_win"": 0.629055235498157, ""weight"": 0.5}, {""p_home_win"": 1.0, ""weight"": 0.25}]",2.755518174480624,,elo,"{'home_advantage': 2.920457784055218, 'scale': 0.13044482133090093, 'error_term': 12.045350774326304, 'win_prob_k': 5.217145182012736}",0.0,-23.0
2025-11-16,Houston Rockets,Orlando Magic,117.0,113.0,False,False,2025-11-16|Orlando Magic|Houston Rockets,,,,2025-11-16|Orlando Magic|Houston Rockets,0.7981537571253104,"[{""p_home_win"": 0.5963075142506209, ""weight"": 0.25}, {""p_home_win"": 0.7981537571253104, ""weight"": 0.5}, {""p_home_win"": 1.0, ""weight"": 0.25}]",7.172505232158918,,elo,"{'home_advantage': 2.920457784055218, 'scale': 0.13044482133090093, 'error_term': 12.045350774326304, 'win_prob_k': 5.217145182012736}",1.0,4.0
2025-11-16,New Orleans Pelicans,Golden State Warriors,106.0,124.0,False,False,2025-11-16|Golden State Warriors|New Orleans Pelicans,,,,2025-11-16|Golden State Warriors|New Orleans Pelicans,0.17643937154294326,"[{""p_home_win"": 0.0, ""weight"": 0.25}, {""p_home_win"": 0.17643937154294326, ""weight"": 0.5}, {""p_home_win"": 0.3528787430858865, ""weight"": 0.25}]",-8.037846147198476,,elo,"{'home_advantage': 2.920457784055218, 'scale': 0.13044482133090093, 'error_term': 12.045350774326304, 'win_prob_k': 5.217145182012736}",0.0,-18.0
2025-11-16,Dallas Mavericks,Portland Trail Blazers,138.0,133.0,False,False,2025-11-16|Portland Trail Blazers|Dallas Mavericks,,,,2025-11-16|Portland Trail Blazers|Dallas Mavericks,0.25064020633268175,"[{""p_home_win"": 0.0, ""weight"": 0.25}, {""p_home_win"": 0.25064020633268175, ""weight"": 0.5}, {""p_home_win"": 0.5012804126653635, ""weight"": 0.25}]",-5.7138213876154875,,elo,"{'home_advantage': 2.920457784055218, 'scale': 0.13044482133090093, 'error_term': 12.045350774326304, 'win_prob_k': 5.217145182012736}",1.0,5.0
2025-11-16,Phoenix Suns,Atlanta Hawks,122.0,124.0,False,False,2025-11-16|Atlanta Hawks|Phoenix Suns,,,,2025-11-16|Atlanta Hawks|Phoenix Suns,0.6293303295753663,"[{""p_home_win"": 0.25866065915073255, ""weight"": 0.25}, {""p_home_win"": 0.6293303295753663, ""weight"": 0.5}, {""p_home_win"": 1.0, ""weight"": 0.25}]",2.761669692020378,,elo,"{'home_advantage': 2.920457784055218, 'scale': 0.13044482133090093, 'error_term': 12.045350774326304, 'win_prob_k': 5.217145182012736}",0.0,-2.0
2025-11-16,Utah Jazz,Chicago Bulls,150.0,147.0,False,False,2025-11-16|Chicago Bulls|Utah Jazz,,,,2025-11-16|Chicago Bulls|Utah Jazz,0.3687819779380839,"[{""p_home_win"": 0.0, ""weight"": 0.25}, {""p_home_win"": 0.3687819779380839, ""weight"": 0.5}, {""p_home_win"": 0.7375639558761679, ""weight"": 0.25}]",-2.803932231099483,,elo,"{'home_advantage': 2.920457784055218, 'scale': 0.13044482133090093, 'error_term': 12.045350774326304, 'win_prob_k': 5.217145182012736}",1.0,3.0
2025-11-17,Cleveland Cavaliers,Milwaukee Bucks,118.0,106.0,False,False,2025-11-17|Milwaukee Bucks|Cleveland Cavaliers,,,,2025-11-17|Milwaukee Bucks|Cleveland Cavaliers,0.7379960609732021,"[{""p_home_win"": 0.4759921219464043, ""weight"": 0.25}, {""p_home_win"": 0.7379960609732021, ""weight"": 0.5}, {""p_home_win"": 1.0, ""weight"": 0.25}]",5.5041613479602,,elo,"{'home_advantage': 2.738781778253965, 'scale': 0.12763671323233844, 'error_term': 11.95273553368105, 'win_prob_k': 5.315057198689987}",1.0,12.0
2025-11-17,Detroit Pistons,Indiana Pacers,127.0,112.0,False,False,2025-11-17|Indiana Pacers|Detroit Pistons,,,,2025-11-17|Indiana Pacers|Detroit Pistons,0.9902995262905223,"[{""p_home_win"": 0.9805990525810446, ""weight"": 0.25}, {""p_home_win"": 0.9902995262905223, ""weight"": 0.5}, {""p_home_win"": 1.0, ""weight"": 0.25}]",24.586565545315032,,elo,"{'home_advantage': 2.738781778253965, 'scale': 0.12763671323233844, 'error_term': 11.95273553368105, 'win_prob_k': 5.315057198689987}",1.0,15.0
2025-11-17,Philadelphia 76ers,Los Angeles Clippers,110.0,108.0,False,False,2025-11-17|Los Angeles Clippers|Philadelphia 76ers,,,,2025-11-17|Los Angeles Clippers|Philadelphia 76ers,0.8760415393585957,"[{""p_home_win"": 0.7520830787171915, ""weight"": 0.25}, {""p_home_win"": 0.8760415393585957, ""weight"": 0.5}, {""p_home_win"": 1.0, ""weight"": 0.25}]",10.393418926007753,,elo,"{'home_advantage': 2.738781778253965, 'scale': 0.12763671323233844, 'error_term': 11.95273553368105, 'win_prob_k': 5.315057198689987}",1.0,2.0
2025-11-17,Miami Heat,New York Knicks,115.0,113.0,False,False,2025-11-17|New York Knicks|Miami Heat,,,,2025-11-17|New York Knicks|Miami Heat,0.49107092815828085,"[{""p_home_win"": 0.0, ""weight"": 0.25}, {""p_home_win"": 0.49107092815828085, ""weight"": 0.5}, {""p_home_win"": 0.9821418563165617, ""weight"": 0.25}]",-0.1898542943493764,,elo,"{'home_advantage': 2.738781778253965, 'scale': 0.12763671323233844, 'error_term': 11.95273553368105, 'win_prob_k': 5.315057198689987}",1.0,2.0
2025-11-17,Toronto Raptors,Charlotte Hornets,110.0,108.0,False,False,2025-11-17|Charlotte Hornets|Toronto Raptors,,,,2025-11-17|Charlotte Hornets|Toronto Raptors,0.9034416648440399,"[{""p_home_win"": 0.8068833296880797, ""weight"": 0.25}, {""p_home_win"": 0.9034416648440399, ""weight"": 0.5}, {""p_home_win"": 1.0, ""weight"": 0.25}]",11.884809160711608,,elo,"{'home_advantage': 2.738781778253965, 'scale': 0.12763671323233844, 'error_term': 11.95273553368105, 'win_prob_k': 5.315057198689987}",1.0,2.0
2025-11-17,Minnesota Timberwolves,Dallas Mavericks,120.0,96.0,False,False,2025-11-17|Dallas Mavericks|Minnesota Timberwolves,,,,2025-11-17|Dallas Mavericks|Minnesota Timberwolves,0.9121751747128195,"[{""p_home_win"": 0.824350349425639, ""weight"": 0.25}, {""p_home_win"": 0.9121751747128195, ""weight"": 0.5}, {""p_home_win"": 1.0, ""weight"": 0.25}]",12.439826744271423,,elo,"{'home_advantage': 2.738781778253965, 'scale': 0.12763671323233844, 'error_term': 11.95273553368105, 'win_prob_k': 5.315057198689987}",1.0,24.0
2025-11-17,New Orleans Pelicans,Oklahoma City Thunder,109.0,126.0,False,False,2025-11-17|Oklahoma City Thunder|New Orleans Pelicans,,,,2025-11-17|Oklahoma City Thunder|New Orleans Pelicans,0.027058669376676135,"[{""p_home_win"": 0.0, ""weight"": 0.25}, {""p_home_win"": 0.027058669376676135, ""weight"": 0.5}, {""p_home_win"": 0.05411733875335227, ""weight"": 0.25}]",-19.04021622166691,,elo,"{'home_advantage': 2.738781778253965, 'scale': 0.12763671323233844, 'error_term': 11.95273553368105, 'win_prob_k': 5.315057198689987}",0.0,-17.0
2025-11-17,Denver Nuggets,Chicago Bulls,127.0,130.0,False,False,2025-11-17|Chicago Bulls|Denver Nuggets,,,,2025-11-17|Chicago Bulls|Denver Nuggets,0.9109118889070642,"[{""p_home_win"": 0.8218237778141284, ""weight"": 0.25}, {""p_home_win"": 0.9109118889070642, ""weight"": 0.5}, {""p_home_win"": 1.0, ""weight"": 0.25}]",12.356552771342177,,elo,"{'home_advantage': 2.738781778253965, 'scale': 0.12763671323233844, 'error_term': 11.95273553368105, 'win_prob_k': 5.315057198689987}",0.0,-3.0
2025-11-18,Orlando Magic,Golden State Warriors,121.0,113.0,False,False,2025-11-18|Golden State Warriors|Orlando Magic,,,,2025-11-18|Golden State Warriors|Orlando Magic,0.4927971366217537,"[{""p_home_win"": 0.0, ""weight"": 0.25}, {""p_home_win"": 0.4927971366217537, ""weight"": 0.5}, {""p_home_win"": 0.9855942732435073, ""weight"": 0.25}]",-0.14848283699757214,,elo,"{'home_advantage': 2.7125075628085686, 'scale': 0.12108843540095714, 'error_term': 11.83593152946076, 'win_prob_k': 5.153247997840248}",1.0,8.0
2025-11-18,Atlanta Hawks,Detroit Pistons,112.0,120.0,False,False,2025-11-18|Detroit Pistons|Atlanta Hawks,,,,2025-11-18|Detroit Pistons|Atlanta Hawks,0.3744228266297592,"[{""p_home_win"": 0.0, ""weight"": 0.25}, {""p_home_win"": 0.3744228266297592, ""weight"": 0.5}, {""p_home_win"": 0.7488456532595184, ""weight"": 0.25}]",-2.6451054583744535,,elo,"{'home_advantage': 2.7125075628085686, 'scale': 0.12108843540095714, 'error_term': 11.83593152946076, 'win_prob_k': 5.153247997840248}",0.0,-8.0
2025-11-18,Brooklyn Nets,Boston Celtics,99.0,113.0,False,False,2025-11-18|Boston Celtics|Brooklyn Nets,,,,2025-11-18|Boston Celtics|Brooklyn Nets,0.2198237656120053,"[{""p_home_win"": 0.0, ""weight"": 0.25}, {""p_home_win"": 0.2198237656120053, ""weight"": 0.5}, {""p_home_win"": 0.4396475312240106, ""weight"": 0.25}]",-6.527586648475374,,elo,"{'home_advantage': 2.7125075628085686, 'scale': 0.12108843540095714, 'error_term': 11.83593152946076, 'win_prob_k': 5.153247997840248}",0.0,-14.0
2025-11-18,San Antonio Spurs,Memphis Grizzlies,111.0,101.0,False,False,2025-11-18|Memphis Grizzlies|San Antonio Spurs,,,,2025-11-18|Memphis Grizzlies|San Antonio Spurs,0.9350009942444575,"[{""p_home_win"": 0.870001988488915, ""weight"": 0.25}, {""p_home_win"": 0.9350009942444575, ""weight"": 0.5}, {""p_home_win"": 1.0, ""weight"": 0.25}]",13.739464170198723,,elo,"{'home_advantage': 2.7125075628085686, 'scale': 0.12108843540095714, 'error_term': 11.83593152946076, 'win_prob_k': 5.153247997840248}",1.0,10.0
2025-11-18,Los Angeles Lakers,Utah Jazz,140.0,126.0,False,False,2025-11-18|Utah Jazz|Los Angeles Lakers,,,,2025-11-18|Utah Jazz|Los Angeles Lakers,0.9180739729544259,"[{""p_home_win"": 0.8361479459088519, ""weight"": 0.25}, {""p_home_win"": 0.9180739729544259, ""weight"": 0.5}, {""p_home_win"": 1.0, ""weight"": 0.25}]",12.452624031510629,,elo,"{'home_advantage': 2.7125075628085686, 'scale': 0.12108843540095714, 'error_term': 11.83593152946076, 'win_prob_k': 5.153247997840248}",1.0,14.0
2025-11-18,Portland Trail Blazers,Phoenix Suns,110.0,127.0,False,False,2025-11-18|Phoenix Suns|Portland Trail Blazers,,,,2025-11-18|Phoenix Suns|Portland Trail Blazers,0.4699418459470581,"[{""p_home_win"": 0.0, ""weight"": 0.25}, {""p_home_win"": 0.4699418459470581, ""weight"": 0.5}, {""p_home_win"": 0.9398836918941162, ""weight"": 0.25}]",-0.6203365029271146,,elo,"{'home_advantage': 2.7125075628085686, 'scale': 0.12108843540095714, 'error_term': 11.83593152946076, 'win_prob_k': 5.153247997840248}",0.0,-17.0
2025-11-19,Cleveland Cavaliers,Houston Rockets,104.0,114.0,False,False,2025-11-19|Houston Rockets|Cleveland Cavaliers,,,,2025-11-19|Houston Rockets|Cleveland Cavaliers,0.5649690164928461,"[{""p_home_win"": 0.1299380329856923, ""weight"": 0.25}, {""p_home_win"": 0.5649690164928461, ""weight"": 0.5}, {""p_home_win"": 1.0, ""weight"": 0.25}]",1.3541850308311554,,elo,"{'home_advantage': 2.5158380146585357, 'scale': 0.11694760920468415, 'error_term': 11.782337663083466, 'win_prob_k': 5.181427924995438}",0.0,-10.0
2025-11-19,Indiana Pacers,Charlotte Hornets,127.0,118.0,False,False,2025-11-19|Charlotte Hornets|Indiana Pacers,,,,2025-11-19|Charlotte Hornets|Indiana Pacers,0.3514239377877267,"[{""p_home_win"": 0.0, ""weight"": 0.25}, {""p_home_win"": 0.3514239377877267, ""weight"": 0.5}, {""p_home_win"": 0.7028478755754534, ""weight"": 0.25}]",-3.175106449478856,,elo,"{'home_advantage': 2.5158380146585357, 'scale': 0.11694760920468415, 'error_term': 11.782337663083466, 'win_prob_k': 5.181427924995438}",1.0,9.0
2025-11-19,Philadelphia 76ers,Toronto Raptors,112.0,121.0,False,False,2025-11-19|Toronto Raptors|Philadelphia 76ers,,,,2025-11-19|Toronto Raptors|Philadelphia 76ers,0.5460735749848294,"[{""p_home_win"": 0.09214714996965889, ""weight"": 0.25}, {""p_home_win"": 0.5460735749848294, ""weight"": 0.5}, {""p_home_win"": 1.0, ""weight"": 0.25}]",0.9576242235731622,,elo,"{'home_advantage': 2.5158380146585357, 'scale': 0.11694760920468415, 'error_term': 11.782337663083466, 'win_prob_k': 5.181427924995438}",0.0,-9.0
2025-11-19,Miami Heat,Golden State Warriors,110.0,96.0,False,False,2025-11-19|Golden State Warriors|Miami Heat,,,,2025-11-19|Golden State Warriors|Miami Heat,0.6576886767925328,"[{""p_home_win"": 0.3153773535850657, ""weight"": 0.25}, {""p_home_win"": 0.6576886767925328, ""weight"": 0.5}, {""p_home_win"": 1.0, ""weight"": 0.25}]",3.383529736548855,,elo,"{'home_advantage': 2.5158380146585357, 'scale': 0.11694760920468415, 'error_term': 11.782337663083466, 'win_prob_k': 5.181427924995438}",1.0,14.0
2025-11-19,Minnesota Timberwolves,Washington Wizards,120.0,109.0,False,False,2025-11-19|Washington Wizards|Minnesota Timberwolves,,,,2025-11-19|Washington Wizards|Minnesota Timberwolves,0.9662030236470527,"[{""p_home_win"": 0.9324060472941054, ""weight"": 0.25}, {""p_home_win"": 0.9662030236470527, ""weight"": 0.5}, {""p_home_win"": 1.0, ""weight"": 0.25}]",17.373341511805048,,elo,"{'home_advantage': 2.5158380146585357, 'scale': 0.11694760920468415, 'error_term': 11.782337663083466, 'win_prob_k': 5.181427924995438}",1.0,11.0
2025-11-19,New Orleans Pelicans,Denver Nuggets,118.0,125.0,False,False,2025-11-19|Denver Nuggets|New Orleans Pelicans,,,,2025-11-19|Denver Nuggets|New Orleans Pelicans,0.06995589241543022,"[{""p_home_win"": 0.0, ""weight"": 0.25}, {""p_home_win"": 0.06995589241543022, ""weight"": 0.5}, {""p_home_win"": 0.13991178483086045, ""weight"": 0.25}]",-13.40625602724217,,elo,"{'home_advantage': 2.5158380146585357, 'scale': 0.11694760920468415, 'error_term': 11.782337663083466, 'win_prob_k': 5.181427924995438}",0.0,-7.0
2025-11-19,Oklahoma City Thunder,Sacramento Kings,113.0,99.0,False,False,2025-11-19|Sacramento Kings|Oklahoma City Thunder,,,,2025-11-19|Sacramento Kings|Oklahoma City Thunder,0.9854934265000527,"[{""p_home_win"": 0.9709868530001053, ""weight"": 0.25}, {""p_home_win"": 0.9854934265000527, ""weight"": 0.5}, {""p_home_win"": 1.0, ""weight"": 0.25}]",21.858063885344784,,elo,"{'home_advantage': 2.5158380146585357, 'scale': 0.11694760920468415, 'error_term': 11.782337663083466, 'win_prob_k': 5.181427924995438}",1.0,14.0
2025-11-19,Dallas Mavericks,New York Knicks,111.0,113.0,False,False,2025-11-19|New York Knicks|Dallas Mavericks,,,,2025-11-19|New York Knicks|Dallas Mavericks,0.19268566911555535,"[{""p_home_win"": 0.0, ""weight"": 0.25}, {""p_home_win"": 0.19268566911555535, ""weight"": 0.5}, {""p_home_win"": 0.3853713382311107, ""weight"": 0.25}]",-7.423187712300672,,elo,"{'home_advantage': 2.5158380146585357, 'scale': 0.11694760920468415, 'error_term': 11.782337663083466, 'win_prob_k': 5.181427924995438}",0.0,-2.0
2025-11-19,Portland Trail Blazers,Chicago Bulls,121.0,122.0,False,False,2025-11-19|Chicago Bulls|Portland Trail Blazers,,,,2025-11-19|Chicago Bulls|Portland Trail Blazers,0.47520726077946035,"[{""p_home_win"": 0.0, ""weight"": 0.25}, {""p_home_win"": 0.47520726077946035, ""weight"": 0.5}, {""p_home_win"": 0.9504145215589207, ""weight"": 0.25}]",-0.5142689230812034,,elo,"{'home_advantage': 2.5158380146585357, 'scale': 0.11694760920468415, 'error_term': 11.782337663083466, 'win_prob_k': 5.181427924995438}",0.0,-1.0
2025-11-20,Orlando Magic,Los Angeles Clippers,129.0,101.0,False,False,2025-11-20|Los Angeles Clippers|Orlando Magic,,,,2025-11-20|Los Angeles Clippers|Orlando Magic,0.8754939987174266,"[{""p_home_win"": 0.7509879974348532, ""weight"": 0.25}, {""p_home_win"": 0.8754939987174266, ""weight"": 0.5}, {""p_home_win"": 1.0, ""weight"": 0.25}]",9.819568835525663,,elo,"{'home_advantage': 2.519483441452044, 'scale': 0.11035078923873223, 'error_term': 11.629883273074151, 'win_prob_k': 5.034554835717886}",1.0,28.0
2025-11-20,Memphis Grizzlies,Sacramento Kings,137.0,96.0,False,False,2025-11-20|Sacramento Kings|Memphis Grizzlies,,,,2025-11-20|Sacramento Kings|Memphis Grizzlies,0.6583512304019999,"[{""p_home_win"": 0.3167024608039999, ""weight"": 0.25}, {""p_home_win"": 0.6583512304019999, ""weight"": 0.5}, {""p_home_win"": 1.0, ""weight"": 0.25}]",3.3024431987421345,,elo,"{'home_advantage': 2.519483441452044, 'scale': 0.11035078923873223, 'error_term': 11.629883273074151, 'win_prob_k': 5.034554835717886}",1.0,41.0
2025-11-20,Milwaukee Bucks,Philadelphia 76ers,114.0,123.0,False,False,2025-11-20|Philadelphia 76ers|Milwaukee Bucks,,,,2025-11-20|Philadelphia 76ers|Milwaukee Bucks,0.5639846282236185,"[{""p_home_win"": 0.127969256447237, ""weight"": 0.25}, {""p_home_win"": 0.5639846282236185, ""weight"": 0.5}, {""p_home_win"": 1.0, ""weight"": 0.25}]",1.295640155137587,,elo,"{'home_advantage': 2.519483441452044, 'scale': 0.11035078923873223, 'error_term': 11.629883273074151, 'win_prob_k': 5.034554835717886}",0.0,-9.0
2025-11-20,San Antonio Spurs,Atlanta Hawks,135.0,126.0,False,False,2025-11-20|Atlanta Hawks|San Antonio Spurs,,,,2025-11-20|Atlanta Hawks|San Antonio Spurs,0.6975850274181713,"[{""p_home_win"": 0.3951700548363426, ""weight"": 0.25}, {""p_home_win"": 0.6975850274181713, ""weight"": 0.5}, {""p_home_win"": 1.0, ""weight"": 0.25}]",4.208003038722235,,elo,"{'home_advantage': 2.519483441452044, 'scale': 0.11035078923873223, 'error_term': 11.629883273074151, 'win_prob_k': 5.034554835717886}",1.0,9.0
2025-11-21,Cleveland Cavaliers,Indiana Pacers,120.0,109.0,False,False,2025-11-21|Indiana Pacers|Cleveland Cavaliers,,,,2025-11-21|Indiana Pacers|Cleveland Cavaliers,0.9584469227949629,"[{""p_home_win"": 0.9168938455899258, ""weight"": 0.25}, {""p_home_win"": 0.9584469227949629, ""weight"": 0.5}, {""p_home_win"": 1.0, ""weight"": 0.25}]",16.072828678710156,,elo,"{'home_advantage': 2.6819363039146302, 'scale': 0.11018118846724327, 'error_term': 11.849401876701004, 'win_prob_k': 5.121438508261974}",1.0,11.0
2025-11-21,Boston Celtics,Brooklyn Nets,105.0,113.0,False,False,2025-11-21|Brooklyn Nets|Boston Celtics,,,,2025-11-21|Brooklyn Nets|Boston Celtics,0.9243248398515637,"[{""p_home_win"": 0.8486496797031273, ""weight"": 0.25}, {""p_home_win"": 0.9243248398515637, ""weight"": 0.5}, {""p_home_win"": 1.0, ""weight"": 0.25}]",12.816981646816183,,elo,"{'home_advantage': 2.6819363039146302, 'scale': 0.11018118846724327, 'error_term': 11.849401876701004, 'win_prob_k': 5.121438508261974}",0.0,-8.0
2025-11-21,Toronto Raptors,Washington Wizards,140.0,110.0,False,False,2025-11-21|Washington Wizards|Toronto Raptors,,,,2025-11-21|Washington Wizards|Toronto Raptors,0.9764806454983874,"[{""p_home_win"": 0.9529612909967748, ""weight"": 0.25}, {""p_home_win"": 0.9764806454983874, ""weight"": 0.5}, {""p_home_win"": 1.0, ""weight"": 0.25}]",19.083152080051057,,elo,"{'home_advantage': 2.6819363039146302, 'scale': 0.11018118846724327, 'error_term': 11.849401876701004, 'win_prob_k': 5.121438508261974}",1.0,30.0
2025-11-21,Chicago Bulls,Miami Heat,107.0,143.0,False,False,2025-11-21|Miami Heat|Chicago Bulls,,,,2025-11-21|Miami Heat|Chicago Bulls,0.5398386351501593,"[{""p_home_win"": 0.07967727030031857, ""weight"": 0.25}, {""p_home_win"": 0.5398386351501593, ""weight"": 0.5}, {""p_home_win"": 1.0, ""weight"": 0.25}]",0.817858135690658,,elo,"{'home_advantage': 2.6819363039146302, 'scale': 0.11018118846724327, 'error_term': 11.849401876701004, 'win_prob_k': 5.121438508261974}",0.0,-36.0
2025-11-21,Dallas Mavericks,New Orleans Pelicans,118.0,115.0,False,False,2025-11-21|New Orleans Pelicans|Dallas Mavericks,,,,2025-11-21|New Orleans Pelicans|Dallas Mavericks,0.7077037229945071,"[{""p_home_win"": 0.41540744598901425, ""weight"": 0.25}, {""p_home_win"": 0.7077037229945071, ""weight"": 0.5}, {""p_home_win"": 1.0, ""weight"": 0.25}]",4.528670927054378,,elo,"{'home_advantage': 2.6819363039146302, 'scale': 0.11018118846724327, 'error_term': 11.849401876701004, 'win_prob_k': 5.121438508261974}",1.0,3.0
2025-11-21,Phoenix Suns,Minnesota Timberwolves,114.0,113.0,False,False,2025-11-21|Minnesota Timberwolves|Phoenix Suns,,,,2025-11-21|Minnesota Timberwolves|Phoenix Suns,0.5702637205667694,"[{""p_home_win"": 0.14052744113353888, ""weight"": 0.25}, {""p_home_win"": 0.5702637205667694, ""weight"": 0.5}, {""p_home_win"": 1.0, ""weight"": 0.25}]",1.4489942806506528,,elo,"{'home_advantage': 2.6819363039146302, 'scale': 0.11018118846724327, 'error_term': 11.849401876701004, 'win_prob_k': 5.121438508261974}",1.0,1.0
2025-11-21,Houston Rockets,Denver Nuggets,109.0,112.0,False,False,2025-11-21|Denver Nuggets|Houston Rockets,,,,2025-11-21|Denver Nuggets|Houston Rockets,0.6235076711559056,"[{""p_home_win"": 0.2470153423118111, ""weight"": 0.25}, {""p_home_win"": 0.6235076711559056, ""weight"": 0.5}, {""p_home_win"": 1.0, ""weight"": 0.25}]",2.5835782638484637,,elo,"{'home_advantage': 2.6819363039146302, 'scale': 0.11018118846724327, 'error_term': 11.849401876701004, 'win_prob_k': 5.121438508261974}",0.0,-3.0
2025-11-21,Golden State Warriors,Portland Trail Blazers,123.0,127.0,False,False,2025-11-21|Portland Trail Blazers|Golden State Warriors,,,,2025-11-21|Portland Trail Blazers|Golden State Warriors,0.7794736114099154,"[{""p_home_win"": 0.5589472228198309, ""weight"": 0.25}, {""p_home_win"": 0.7794736114099154, ""weight"": 0.5}, {""p_home_win"": 1.0, ""weight"": 0.25}]",6.466335793278903,,elo,"{'home_advantage': 2.6819363039146302, 'scale': 0.11018118846724327, 'error_term': 11.849401876701004, 'win_prob_k': 5.121438508261974}",0.0,-4.0
2025-11-21,Utah Jazz,Oklahoma City Thunder,112.0,144.0,False,False,2025-11-21|Oklahoma City Thunder|Utah Jazz,,,,2025-11-21|Oklahoma City Thunder|Utah Jazz,0.07185631934296953,"[{""p_home_win"": 0.0, ""weight"": 0.25}, {""p_home_win"": 0.07185631934296953, ""weight"": 0.5}, {""p_home_win"": 0.14371263868593906, ""weight"": 0.25}]",-13.10329255065532,,elo,"{'home_advantage': 2.6819363039146302, 'scale': 0.11018118846724327, 'error_term': 11.849401876701004, 'win_prob_k': 5.121438508261974}",0.0,-32.0
2025-11-22,Charlotte Hornets,Los Angeles Clippers,116.0,131.0,False,False,2025-11-22|Los Angeles Clippers|Charlotte Hornets,,,,2025-11-22|Los Angeles Clippers|Charlotte Hornets,0.5984181712944949,"[{""p_home_win"": 0.19683634258898985, ""weight"": 0.25}, {""p_home_win"": 0.5984181712944949, ""weight"": 0.5}, {""p_home_win"": 1.0, ""weight"": 0.25}]",2.1424948842214815,,elo,"{'home_advantage': 2.249483563606227, 'scale': 0.10867151183128461, 'error_term': 12.047587184074755, 'win_prob_k': 5.371297353971427}",0.0,-15.0
2025-11-22,Orlando Magic,New York Knicks,133.0,121.0,False,False,2025-11-22|New York Knicks|Orlando Magic,,,,2025-11-22|New York Knicks|Orlando Magic,0.5499172157094585,"[{""p_home_win"": 0.09983443141891701, ""weight"": 0.25}, {""p_home_win"": 0.5499172157094585, ""weight"": 0.5}, {""p_home_win"": 1.0, ""weight"": 0.25}]",1.076065403399968,,elo,"{'home_advantage': 2.249483563606227, 'scale': 0.10867151183128461, 'error_term': 12.047587184074755, 'win_prob_k': 5.371297353971427}",1.0,12.0
2025-11-22,New Orleans Pelicans,Atlanta Hawks,98.0,115.0,False,False,2025-11-22|Atlanta Hawks|New Orleans Pelicans,,,,2025-11-22|Atlanta Hawks|New Orleans Pelicans,0.13029112986848643,"[{""p_home_win"": 0.0, ""weight"": 0.25}, {""p_home_win"": 0.13029112986848643, ""weight"": 0.5}, {""p_home_win"": 0.26058225973697285, ""weight"": 0.25}]",-10.196801695594306,,elo,"{'home_advantage': 2.249483563606227, 'scale': 0.10867151183128461, 'error_term': 12.047587184074755, 'win_prob_k': 5.371297353971427}",0.0,-17.0
2025-11-22,Chicago Bulls,Washington Wizards,121.0,120.0,False,False,2025-11-22|Washington Wizards|Chicago Bulls,,,,2025-11-22|Washington Wizards|Chicago Bulls,0.9391026891158424,"[{""p_home_win"": 0.8782053782316848, ""weight"": 0.25}, {""p_home_win"": 0.9391026891158424, ""weight"": 0.5}, {""p_home_win"": 1.0, ""weight"": 0.25}]",14.694450548691123,,elo,"{'home_advantage': 2.249483563606227, 'scale': 0.10867151183128461, 'error_term': 12.047587184074755, 'win_prob_k': 5.371297353971427}",1.0,1.0
2025-11-22,Milwaukee Bucks,Detroit Pistons,116.0,129.0,False,False,2025-11-22|Detroit Pistons|Milwaukee Bucks,,,,2025-11-22|Detroit Pistons|Milwaukee Bucks,0.1723934731616543,"[{""p_home_win"": 0.0, ""weight"": 0.25}, {""p_home_win"": 0.1723934731616543, ""weight"": 0.5}, {""p_home_win"": 0.3447869463233086, ""weight"": 0.25}]",-8.42626748565974,,elo,"{'home_advantage': 2.249483563606227, 'scale': 0.10867151183128461, 'error_term': 12.047587184074755, 'win_prob_k': 5.371297353971427}",0.0,-13.0
2025-11-22,Dallas Mavericks,Memphis Grizzlies,96.0,102.0,False,False,2025-11-22|Memphis Grizzlies|Dallas Mavericks,,,,2025-11-22|Memphis Grizzlies|Dallas Mavericks,0.5666113571591602,"[{""p_home_win"": 0.13322271431832045, ""weight"": 0.25}, {""p_home_win"": 0.5666113571591602, ""weight"": 0.5}, {""p_home_win"": 1.0, ""weight"": 0.25}]",1.4397158159481316,,elo,"{'home_advantage': 2.249483563606227, 'scale': 0.10867151183128461, 'error_term': 12.047587184074755, 'win_prob_k': 5.371297353971427}",0.0,-6.0
2025-11-22,Denver Nuggets,Sacramento Kings,123.0,128.0,False,False,2025-11-22|Sacramento Kings|Denver Nuggets,,,,2025-11-22|Sacramento Kings|Denver Nuggets,0.970296306047565,"[{""p_home_win"": 0.94059261209513, ""weight"": 0.25}, {""p_home_win"": 0.970296306047565, ""weight"": 0.5}, {""p_home_win"": 1.0, ""weight"": 0.25}]",18.726115541431902,,elo,"{'home_advantage': 2.249483563606227, 'scale': 0.10867151183128461, 'error_term': 12.047587184074755, 'win_prob_k': 5.371297353971427}",0.0,-5.0
2025-11-23,Philadelphia 76ers,Miami Heat,117.0,127.0,False,False,2025-11-23|Miami Heat|Philadelphia 76ers,,,,2025-11-23|Miami Heat|Philadelphia 76ers,0.5030521694896896,"[{""p_home_win"": 0.00610433897937912, ""weight"": 0.25}, {""p_home_win"": 0.5030521694896896, ""weight"": 0.5}, {""p_home_win"": 1.0, ""weight"": 0.25}]",0.06465570749099081,,elo,"{'home_advantage': 2.051601525014966, 'scale': 0.10726186570452556, 'error_term': 12.074054829822044, 'win_prob_k': 5.295815371153235}",0.0,-10.0
2025-11-23,Atlanta Hawks,Charlotte Hornets,113.0,110.0,False,False,2025-11-23|Charlotte Hornets|Atlanta Hawks,,,,2025-11-23|Charlotte Hornets|Atlanta Hawks,0.9162967202663496,"[{""p_home_win"": 0.8325934405326991, ""weight"": 0.25}, {""p_home_win"": 0.9162967202663496, ""weight"": 0.5}, {""p_home_win"": 1.0, ""weight"": 0.25}]",12.673214955445829,,elo,"{'home_advantage': 2.051601525014966, 'scale': 0.10726186570452556, 'error_term': 12.074054829822044, 'win_prob_k': 5.295815371153235}",1.0,3.0
2025-11-23,Boston Celtics,Orlando Magic,138.0,129.0,False,False,2025-11-23|Orlando Magic|Boston Celtics,,,,2025-11-23|Orlando Magic|Boston Celtics,0.42181392511242843,"[{""p_home_win"": 0.0, ""weight"": 0.25}, {""p_home_win"": 0.42181392511242843, ""weight"": 0.5}, {""p_home_win"": 0.8436278502248569, ""weight"": 0.25}]",-1.6699372177289784,,elo,"{'home_advantage': 2.051601525014966, 'scale': 0.10726186570452556, 'error_term': 12.074054829822044, 'win_prob_k': 5.295815371153235}",1.0,9.0
2025-11-23,Cleveland Cavaliers,Los Angeles Clippers,120.0,105.0,False,False,2025-11-23|Los Angeles Clippers|Cleveland Cavaliers,,,,2025-11-23|Los Angeles Clippers|Cleveland Cavaliers,0.9035547665094861,"[{""p_home_win"": 0.8071095330189721, ""weight"": 0.25}, {""p_home_win"": 0.9035547665094861, ""weight"": 0.5}, {""p_home_win"": 1.0, ""weight"": 0.25}]",11.848652922070897,,elo,"{'home_advantage': 2.051601525014966, 'scale': 0.10726186570452556, 'error_term': 12.074054829822044, 'win_prob_k': 5.295815371153235}",1.0,15.0
2025-11-23,Toronto Raptors,Brooklyn Nets,119.0,109.0,False,False,2025-11-23|Brooklyn Nets|Toronto Raptors,,,,2025-11-23|Brooklyn Nets|Toronto Raptors,0.9461423959439421,"[{""p_home_win"": 0.8922847918878842, ""weight"": 0.25}, {""p_home_win"": 0.9461423959439421, ""weight"": 0.5}, {""p_home_win"": 1.0, ""weight"": 0.25}]",15.17806889197656,,elo,"{'home_advantage': 2.051601525014966, 'scale': 0.10726186570452556, 'error_term': 12.074054829822044, 'win_prob_k': 5.295815371153235}",1.0,10.0
2025-11-23,Oklahoma City Thunder,Portland Trail Blazers,122.0,95.0,False,False,2025-11-23|Portland Trail Blazers|Oklahoma City Thunder,,,,2025-11-23|Portland Trail Blazers|Oklahoma City Thunder,0.9555201107594133,"[{""p_home_win"": 0.9110402215188267, ""weight"": 0.25}, {""p_home_win"": 0.9555201107594133, ""weight"": 0.5}, {""p_home_win"": 1.0, ""weight"": 0.25}]",16.243423678556184,,elo,"{'home_advantage': 2.051601525014966, 'scale': 0.10726186570452556, 'error_term': 12.074054829822044, 'win_prob_k': 5.295815371153235}",1.0,27.0
2025-11-23,Phoenix Suns,San Antonio Spurs,111.0,102.0,False,False,2025-11-23|San Antonio Spurs|Phoenix Suns,,,,2025-11-23|San Antonio Spurs|Phoenix Suns,0.507004089878069,"[{""p_home_win"": 0.014008179756137995, ""weight"": 0.25}, {""p_home_win"": 0.507004089878069, ""weight"": 0.5}, {""p_home_win"": 1.0, ""weight"": 0.25}]",0.1483791732939983,,elo,"{'home_advantage': 2.051601525014966, 'scale': 0.10726186570452556, 'error_term': 12.074054829822044, 'win_prob_k': 5.295815371153235}",1.0,9.0
2025-11-23,Utah Jazz,Los Angeles Lakers,106.0,108.0,False,False,2025-11-23|Los Angeles Lakers|Utah Jazz,,,,2025-11-23|Los Angeles Lakers|Utah Jazz,0.1573351870703659,"[{""p_home_win"": 0.0, ""weight"": 0.25}, {""p_home_win"": 0.1573351870703659, ""weight"": 0.5}, {""p_home_win"": 0.3146703741407318, ""weight"": 0.25}]",-8.88738856909765,,elo,"{'home_advantage': 2.051601525014966, 'scale': 0.10726186570452556, 'error_term': 12.074054829822044, 'win_prob_k': 5.295815371153235}",0.0,-2.0
2025-11-24,Indiana Pacers,Detroit Pistons,117.0,122.0,False,False,2025-11-24|Detroit Pistons|Indiana Pacers,,,,2025-11-24|Detroit Pistons|Indiana Pacers,0.0340056949829259,"[{""p_home_win"": 0.0, ""weight"": 0.25}, {""p_home_win"": 0.0340056949829259, ""weight"": 0.5}, {""p_home_win"": 0.0680113899658518, ""weight"": 0.25}]",-17.629866799841942,,elo,"{'home_advantage': 2.1538584813630943, 'scale': 0.10236303472584377, 'error_term': 11.993297468568375, 'win_prob_k': 5.2679463148154895}",0.0,-5.0
2025-11-24,Toronto Raptors,Cleveland Cavaliers,110.0,99.0,False,False,2025-11-24|Cleveland Cavaliers|Toronto Raptors,,,,2025-11-24|Cleveland Cavaliers|Toronto Raptors,0.6527950370036932,"[{""p_home_win"": 0.30559007400738647, ""weight"": 0.25}, {""p_home_win"": 0.6527950370036932, ""weight"": 0.5}, {""p_home_win"": 1.0, ""weight"": 0.25}]",3.325906969410547,,elo,"{'home_advantage': 2.1538584813630943, 'scale': 0.10236303472584377, 'error_term': 11.993297468568375, 'win_prob_k': 5.2679463148154895}",1.0,11.0
2025-11-24,Brooklyn Nets,New York Knicks,100.0,113.0,False,False,2025-11-24|New York Knicks|Brooklyn Nets,,,,2025-11-24|New York Knicks|Brooklyn Nets,0.18224343271105933,"[{""p_home_win"": 0.0, ""weight"": 0.25}, {""p_home_win"": 0.18224343271105933, ""weight"": 0.5}, {""p_home_win"": 0.36448686542211867, ""weight"": 0.25}]",-7.908353539452291,,elo,"{'home_advantage': 2.1538584813630943, 'scale': 0.10236303472584377, 'error_term': 11.993297468568375, 'win_prob_k': 5.2679463148154895}",0.0,-13.0
2025-11-24,Miami Heat,Dallas Mavericks,106.0,102.0,False,False,2025-11-24|Dallas Mavericks|Miami Heat,,,,2025-11-24|Dallas Mavericks|Miami Heat,0.9393781291919445,"[{""p_home_win"": 0.878756258383889, ""weight"": 0.25}, {""p_home_win"": 0.9393781291919445, ""weight"": 0.5}, {""p_home_win"": 1.0, ""weight"": 0.25}]",14.43713538096393,,elo,"{'home_advantage': 2.1538584813630943, 'scale': 0.10236303472584377, 'error_term': 11.993297468568375, 'win_prob_k': 5.2679463148154895}",1.0,4.0
2025-11-24,Memphis Grizzlies,Denver Nuggets,115.0,125.0,False,False,2025-11-24|Denver Nuggets|Memphis Grizzlies,,,,2025-11-24|Denver Nuggets|Memphis Grizzlies,0.1744411041427709,"[{""p_home_win"": 0.0, ""weight"": 0.25}, {""p_home_win"": 0.1744411041427709, ""weight"": 0.5}, {""p_home_win"": 0.3488822082855418, ""weight"": 0.25}]",-8.188882597574167,,elo,"{'home_advantage': 2.1538584813630943, 'scale': 0.10236303472584377, 'error_term': 11.993297468568375, 'win_prob_k': 5.2679463148154895}",0.0,-10.0
2025-11-24,Milwaukee Bucks,Portland Trail Blazers,103.0,115.0,False,False,2025-11-24|Portland Trail Blazers|Milwaukee Bucks,,,,2025-11-24|Portland Trail Blazers|Milwaukee Bucks,0.6464326682480112,"[{""p_home_win"": 0.2928653364960223, ""weight"": 0.25}, {""p_home_win"": 0.6464326682480112, ""weight"": 0.5}, {""p_home_win"": 1.0, ""weight"": 0.25}]",3.1786530237849906,,elo,"{'home_advantage': 2.1538584813630943, 'scale': 0.10236303472584377, 'error_term': 11.993297468568375, 'win_prob_k': 5.2679463148154895}",0.0,-12.0
2025-11-24,New Orleans Pelicans,Chicago Bulls,143.0,130.0,False,False,2025-11-24|Chicago Bulls|New Orleans Pelicans,,,,2025-11-24|Chicago Bulls|New Orleans Pelicans,0.14053928151050057,"[{""p_home_win"": 0.0, ""weight"": 0.25}, {""p_home_win"": 0.14053928151050057, ""weight"": 0.5}, {""p_home_win"": 0.28107856302100115, ""weight"": 0.25}]",-9.53929247153141,,elo,"{'home_advantage': 2.1538584813630943, 'scale': 0.10236303472584377, 'error_term': 11.993297468568375, 'win_prob_k': 5.2679463148154895}",1.0,13.0
2025-11-24,Phoenix Suns,Houston Rockets,92.0,114.0,False,False,2025-11-24|Houston Rockets|Phoenix Suns,,,,2025-11-24|Houston Rockets|Phoenix Suns,0.5743590446635832,"[{""p_home_win"": 0.14871808932716646, ""weight"": 0.25}, {""p_home_win"": 0.5743590446635832, ""weight"": 0.5}, {""p_home_win"": 1.0, ""weight"": 0.25}]",1.5785851598507552,,elo,"{'home_advantage': 2.1538584813630943, 'scale': 0.10236303472584377, 'error_term': 11.993297468568375, 'win_prob_k': 5.2679463148154895}",0.0,-22.0
2025-11-24,Golden State Warriors,Utah Jazz,134.0,117.0,False,False,2025-11-24|Utah Jazz|Golden State Warriors,,,,2025-11-24|Utah Jazz|Golden State Warriors,0.7752118364848661,"[{""p_home_win"": 0.5504236729697323, ""weight"": 0.25}, {""p_home_win"": 0.7752118364848661, ""weight"": 0.5}, {""p_home_win"": 1.0, ""weight"": 0.25}]",6.52160093792628,,elo,"{'home_advantage': 2.1538584813630943, 'scale': 0.10236303472584377, 'error_term': 11.993297468568375, 'win_prob_k': 5.2679463148154895}",1.0,17.0
2025-11-24,Sacramento Kings,Minnesota Timberwolves,117.0,112.0,False,False,2025-11-24|Minnesota Timberwolves|Sacramento Kings,,,,2025-11-24|Minnesota Timberwolves|Sacramento Kings,0.20406561460014985,"[{""p_home_win"": 0.0, ""weight"": 0.25}, {""p_home_win"": 0.20406561460014985, ""weight"": 0.5}, {""p_home_win"": 0.4081312292002997, ""weight"": 0.25}]",-7.170070924506504,,elo,"{'home_advantage': 2.1538584813630943, 'scale': 0.10236303472584377, 'error_term': 11.993297468568375, 'win_prob_k': 5.2679463148154895}",1.0,5.0
2025-11-25,Washington Wizards,Atlanta Hawks,132.0,113.0,False,False,2025-11-25|Atlanta Hawks|Washington Wizards,,,,2025-11-25|Atlanta Hawks|Washington Wizards,0.08099833468240607,"[{""p_home_win"": 0.0, ""weight"": 0.25}, {""p_home_win"": 0.08099833468240607, ""weight"": 0.5}, {""p_home_win"": 0.16199666936481213, ""weight"": 0.25}]",-12.630378313283975,,elo,"{'home_advantage': 2.282612621549182, 'scale': 0.099875856477127, 'error_term': 11.987719176663086, 'win_prob_k': 5.20012752819852}",1.0,19.0
2025-11-25,Philadelphia 76ers,Orlando Magic,103.0,144.0,False,False,2025-11-25|Orlando Magic|Philadelphia 76ers,,,,2025-11-25|Orlando Magic|Philadelphia 76ers,0.5781841132522949,"[{""p_home_win"": 0.1563682265045898, ""weight"": 0.25}, {""p_home_win"": 0.5781841132522949, ""weight"": 0.5}, {""p_home_win"": 1.0, ""weight"": 0.25}]",1.6397220043350396,,elo,"{'home_advantage': 2.282612621549182, 'scale': 0.099875856477127, 'error_term': 11.987719176663086, 'win_prob_k': 5.20012752819852}",0.0,-41.0
2025-11-25,Los Angeles Lakers,Los Angeles Clippers,135.0,118.0,False,False,2025-11-25|Los Angeles Clippers|Los Angeles Lakers,,,,2025-11-25|Los Angeles Clippers|Los Angeles Lakers,0.9465966792997859,"[{""p_home_win"": 0.8931933585995717, ""weight"": 0.25}, {""p_home_win"": 0.9465966792997859, ""weight"": 0.5}, {""p_home_win"": 1.0, ""weight"": 0.25}]",14.950367579630345,,elo,"{'home_advantage': 2.282612621549182, 'scale': 0.099875856477127, 'error_term': 11.987719176663086, 'win_prob_k': 5.20012752819852}",1.0,17.0
2025-11-26,Boston Celtics,Detroit Pistons,117.0,114.0,False,False,2025-11-26|Detroit Pistons|Boston Celtics,,,,2025-11-26|Detroit Pistons|Boston Celtics,0.20713290539915663,"[{""p_home_win"": 0.0, ""weight"": 0.25}, {""p_home_win"": 0.20713290539915663, ""weight"": 0.5}, {""p_home_win"": 0.41426581079831326, ""weight"": 0.25}]",-7.186087171116668,,elo,"{'home_advantage': 2.2462183375011473, 'scale': 0.0985452691000551, 'error_term': 12.368686812215259, 'win_prob_k': 5.35358274262655}",1.0,3.0
2025-11-26,Charlotte Hornets,New York Knicks,101.0,129.0,False,False,2025-11-26|New York Knicks|Charlotte Hornets,,,,2025-11-26|New York Knicks|Charlotte Hornets,0.17164846448068205,"[{""p_home_win"": 0.0, ""weight"": 0.25}, {""p_home_win"": 0.17164846448068205, ""weight"": 0.5}, {""p_home_win"": 0.3432969289613641, ""weight"": 0.25}]",-8.426480614460404,,elo,"{'home_advantage': 2.2462183375011473, 'scale': 0.0985452691000551, 'error_term': 12.368686812215259, 'win_prob_k': 5.35358274262655}",0.0,-28.0
2025-11-26,Miami Heat,Milwaukee Bucks,106.0,103.0,False,False,2025-11-26|Milwaukee Bucks|Miami Heat,,,,2025-11-26|Milwaukee Bucks|Miami Heat,0.8744649117923154,"[{""p_home_win"": 0.7489298235846309, ""weight"": 0.25}, {""p_home_win"": 0.8744649117923154, ""weight"": 0.5}, {""p_home_win"": 1.0, ""weight"": 0.25}]",10.391447917321468,,elo,"{'home_advantage': 2.2462183375011473, 'scale': 0.0985452691000551, 'error_term': 12.368686812215259, 'win_prob_k': 5.35358274262655}",1.0,3.0
2025-11-26,Oklahoma City Thunder,Minnesota Timberwolves,113.0,105.0,False,False,2025-11-26|Minnesota Timberwolves|Oklahoma City Thunder,,,,2025-11-26|Minnesota Timberwolves|Oklahoma City Thunder,0.9147962094521076,"[{""p_home_win"": 0.8295924189042152, ""weight"": 0.25}, {""p_home_win"": 0.9147962094521076, ""weight"": 0.5}, {""p_home_win"": 1.0, ""weight"": 0.25}]",12.707560563440571,,elo,"{'home_advantage': 2.2462183375011473, 'scale': 0.0985452691000551, 'error_term': 12.368686812215259, 'win_prob_k': 5.35358274262655}",1.0,8.0
2025-11-26,Toronto Raptors,Indiana Pacers,97.0,95.0,False,False,2025-11-26|Indiana Pacers|Toronto Raptors,,,,2025-11-26|Indiana Pacers|Toronto Raptors,0.9711873626263416,"[{""p_home_win"": 0.9423747252526833, ""weight"": 0.25}, {""p_home_win"": 0.9711873626263416, ""weight"": 0.5}, {""p_home_win"": 1.0, ""weight"": 0.25}]",18.83232649213668,,elo,"{'home_advantage': 2.2462183375011473, 'scale': 0.0985452691000551, 'error_term': 12.368686812215259, 'win_prob_k': 5.35358274262655}",1.0,2.0
2025-11-26,New Orleans Pelicans,Memphis Grizzlies,128.0,133.0,False,False,2025-11-26|Memphis Grizzlies|New Orleans Pelicans,,,,2025-11-26|Memphis Grizzlies|New Orleans Pelicans,0.4236920780901707,"[{""p_home_win"": 0.0, ""weight"": 0.25}, {""p_home_win"": 0.4236920780901707, ""weight"": 0.5}, {""p_home_win"": 0.8473841561803414, ""weight"": 0.25}]",-1.6469501980789136,,elo,"{'home_advantage': 2.2462183375011473, 'scale': 0.0985452691000551, 'error_term': 12.368686812215259, 'win_prob_k': 5.35358274262655}",0.0,-5.0
2025-11-26,Golden State Warriors,Houston Rockets,100.0,104.0,False,False,2025-11-26|Houston Rockets|Golden State Warriors,,,,2025-11-26|Houston Rockets|Golden State Warriors,0.337849948245337,"[{""p_home_win"": 0.0, ""weight"": 0.25}, {""p_home_win"": 0.337849948245337, ""weight"": 0.5}, {""p_home_win"": 0.675699896490674, ""weight"": 0.25}]",-3.6023740997227027,,elo,"{'home_advantage': 2.2462183375011473, 'scale': 0.0985452691000551, 'error_term': 12.368686812215259, 'win_prob_k': 5.35358274262655}",0.0,-4.0
2025-11-26,Portland Trail Blazers,San Antonio Spurs,102.0,115.0,False,False,2025-11-26|San Antonio Spurs|Portland Trail Blazers,,,,2025-11-26|San Antonio Spurs|Portland Trail Blazers,0.3440663824268123,"[{""p_home_win"": 0.0, ""weight"": 0.25}, {""p_home_win"": 0.3440663824268123, ""weight"": 0.5}, {""p_home_win"": 0.6881327648536246, ""weight"": 0.25}]",-3.4542653189621473,,elo,"{'home_advantage': 2.2462183375011473, 'scale': 0.0985452691000551, 'error_term': 12.368686812215259, 'win_prob_k': 5.35358274262655}",0.0,-13.0
2025-11-26,Sacramento Kings,Phoenix Suns,100.0,112.0,False,False,2025-11-26|Phoenix Suns|Sacramento Kings,,,,2025-11-26|Phoenix Suns|Sacramento Kings,0.2293069815759357,"[{""p_home_win"": 0.0, ""weight"": 0.25}, {""p_home_win"": 0.2293069815759357, ""weight"": 0.5}, {""p_home_win"": 0.4586139631518714, ""weight"": 0.25}]",-6.489765563009751,,elo,"{'home_advantage': 2.2462183375011473, 'scale': 0.0985452691000551, 'error_term': 12.368686812215259, 'win_prob_k': 5.35358274262655}",0.0,-12.0
2025-11-28,Atlanta Hawks,Cleveland Cavaliers,130.0,123.0,False,False,2025-11-28|Cleveland Cavaliers|Atlanta Hawks,,,,2025-11-28|Cleveland Cavaliers|Atlanta Hawks,0.5140902796659321,"[{""p_home_win"": 0.028180559331864252, ""weight"": 0.25}, {""p_home_win"": 0.5140902796659321, ""weight"": 0.5}, {""p_home_win"": 1.0, ""weight"": 0.25}]",0.30035159465240113,,elo,"{'home_advantage': 1.9929575944483489, 'scale': 0.09494839691866606, 'error_term': 12.246211101853842, 'win_prob_k': 5.327645679547594}",1.0,7.0
2025-11-28,Brooklyn Nets,Philadelphia 76ers,103.0,115.0,False,False,2025-11-28|Philadelphia 76ers|Brooklyn Nets,,,,2025-11-28|Philadelphia 76ers|Brooklyn Nets,0.23212054368010648,"[{""p_home_win"": 0.0, ""weight"": 0.25}, {""p_home_win"": 0.23212054368010648, ""weight"": 0.5}, {""p_home_win"": 0.46424108736021297, ""weight"": 0.25}]",-6.373867115073514,,elo,"{'home_advantage': 1.9929575944483489, 'scale': 0.09494839691866606, 'error_term': 12.246211101853842, 'win_prob_k': 5.327645679547594}",0.0,-12.0
2025-11-28,Charlotte Hornets,Chicago Bulls,123.0,116.0,False,False,2025-11-28|Chicago Bulls|Charlotte Hornets,,,,2025-11-28|Chicago Bulls|Charlotte Hornets,0.2385322573720618,"[{""p_home_win"": 0.0, ""weight"": 0.25}, {""p_home_win"": 0.2385322573720618, ""weight"": 0.5}, {""p_home_win"": 0.4770645147441236, ""weight"": 0.25}]",-6.184028808420111,,elo,"{'home_advantage': 1.9929575944483489, 'scale': 0.09494839691866606, 'error_term': 12.246211101853842, 'win_prob_k': 5.327645679547594}",1.0,7.0
2025-11-28,Detroit Pistons,Orlando Magic,109.0,112.0,False,False,2025-11-28|Orlando Magic|Detroit Pistons,,,,2025-11-28|Orlando Magic|Detroit Pistons,0.8103746298239426,"[{""p_home_win"": 0.6207492596478852, ""weight"": 0.25}, {""p_home_win"": 0.8103746298239426, ""weight"": 0.5}, {""p_home_win"": 1.0, ""weight"": 0.25}]",7.738119025264734,,elo,"{'home_advantage': 1.9929575944483489, 'scale': 0.09494839691866606, 'error_term': 12.246211101853842, 'win_prob_k': 5.327645679547594}",0.0,-3.0
2025-11-28,Indiana Pacers,Washington Wizards,119.0,86.0,False,False,2025-11-28|Washington Wizards|Indiana Pacers,,,,2025-11-28|Washington Wizards|Indiana Pacers,0.5752064483442157,"[{""p_home_win"": 0.1504128966884315, ""weight"": 0.25}, {""p_home_win"": 0.5752064483442157, ""weight"": 0.5}, {""p_home_win"": 1.0, ""weight"": 0.25}]",1.6149464690752082,,elo,"{'home_advantage': 1.9929575944483489, 'scale': 0.09494839691866606, 'error_term': 12.246211101853842, 'win_prob_k': 5.327645679547594}",1.0,33.0
2025-11-28,New York Knicks,Milwaukee Bucks,118.0,109.0,False,False,2025-11-28|Milwaukee Bucks|New York Knicks,,,,2025-11-28|Milwaukee Bucks|New York Knicks,0.8300874347531355,"[{""p_home_win"": 0.660174869506271, ""weight"": 0.25}, {""p_home_win"": 0.8300874347531355, ""weight"": 0.5}, {""p_home_win"": 1.0, ""weight"": 0.25}]",8.450962272752749,,elo,"{'home_advantage': 1.9929575944483489, 'scale': 0.09494839691866606, 'error_term': 12.246211101853842, 'win_prob_k': 5.327645679547594}",1.0,9.0
2025-11-28,Denver Nuggets,San Antonio Spurs,136.0,139.0,False,False,2025-11-28|San Antonio Spurs|Denver Nuggets,,,,2025-11-28|San Antonio Spurs|Denver Nuggets,0.6528628874743335,"[{""p_home_win"": 0.30572577494866704, ""weight"": 0.25}, {""p_home_win"": 0.6528628874743335, ""weight"": 0.5}, {""p_home_win"": 1.0, ""weight"": 0.25}]",3.3651929828794875,,elo,"{'home_advantage': 1.9929575944483489, 'scale': 0.09494839691866606, 'error_term': 12.246211101853842, 'win_prob_k': 5.327645679547594}",0.0,-3.0
2025-11-28,Oklahoma City Thunder,Phoenix Suns,123.0,119.0,False,False,2025-11-28|Phoenix Suns|Oklahoma City Thunder,,,,2025-11-28|Phoenix Suns|Oklahoma City Thunder,0.8645181133628049,"[{""p_home_win"": 0.7290362267256099, ""weight"": 0.25}, {""p_home_win"": 0.8645181133628049, ""weight"": 0.5}, {""p_home_win"": 1.0, ""weight"": 0.25}]",9.873908496872156,,elo,"{'home_advantage': 1.9929575944483489, 'scale': 0.09494839691866606, 'error_term': 12.246211101853842, 'win_prob_k': 5.327645679547594}",1.0,4.0
2025-11-28,Utah Jazz,Sacramento Kings,128.0,119.0,False,False,2025-11-28|Sacramento Kings|Utah Jazz,,,,2025-11-28|Sacramento Kings|Utah Jazz,0.6004820356180626,"[{""p_home_win"": 0.20096407123612514, ""weight"": 0.25}, {""p_home_win"": 0.6004820356180626, ""weight"": 0.5}, {""p_home_win"": 1.0, ""weight"": 0.25}]",2.170877063697332,,elo,"{'home_advantage': 1.9929575944483489, 'scale': 0.09494839691866606, 'error_term': 12.246211101853842, 'win_prob_k': 5.327645679547594}",1.0,9.0
2025-11-28,Los Angeles Clippers,Memphis Grizzlies,107.0,112.0,False,False,2025-11-28|Memphis Grizzlies|Los Angeles Clippers,,,,2025-11-28|Memphis Grizzlies|Los Angeles Clippers,0.48030808200041697,"[{""p_home_win"": 0.0, ""weight"": 0.25}, {""p_home_win"": 0.48030808200041697, ""weight"": 0.5}, {""p_home_win"": 0.9606161640008339, ""weight"": 0.25}]",-0.41986341877176603,,elo,"{'home_advantage': 1.9929575944483489, 'scale': 0.09494839691866606, 'error_term': 12.246211101853842, 'win_prob_k': 5.327645679547594}",0.0,-5.0
2025-11-28,Los Angeles Lakers,Dallas Mavericks,129.0,119.0,False,False,2025-11-28|Dallas Mavericks|Los Angeles Lakers,,,,2025-11-28|Dallas Mavericks|Los Angeles Lakers,0.9545340173112177,"[{""p_home_win"": 0.9090680346224354, ""weight"": 0.25}, {""p_home_win"": 0.9545340173112177, ""weight"": 0.5}, {""p_home_win"": 1.0, ""weight"": 0.25}]",16.218732607041865,,elo,"{'home_advantage': 1.9929575944483489, 'scale': 0.09494839691866606, 'error_term': 12.246211101853842, 'win_prob_k': 5.327645679547594}",1.0,10.0
2025-11-29,Minnesota Timberwolves,Boston Celtics,119.0,115.0,False,False,2025-11-29|Boston Celtics|Minnesota Timberwolves,,,,2025-11-29|Boston Celtics|Minnesota Timberwolves,0.5399292819837171,"[{""p_home_win"": 0.07985856396743429, ""weight"": 0.25}, {""p_home_win"": 0.5399292819837171, ""weight"": 0.5}, {""p_home_win"": 1.0, ""weight"": 0.25}]",0.8579730275348978,,elo,"{'home_advantage': 2.0552827026489284, 'scale': 0.09344464664476397, 'error_term': 12.152230987194098, 'win_prob_k': 5.360389647482936}",1.0,4.0
2025-11-29,Charlotte Hornets,Toronto Raptors,118.0,111.0,False,False,2025-11-29|Toronto Raptors|Charlotte Hornets,,,,2025-11-29|Toronto Raptors|Charlotte Hornets,0.0999112753467732,"[{""p_home_win"": 0.0, ""weight"": 0.25}, {""p_home_win"": 0.0999112753467732, ""weight"": 0.5}, {""p_home_win"": 0.1998225506935464, ""weight"": 0.25}]",-11.783266392757845,,elo,"{'home_advantage': 2.0552827026489284, 'scale': 0.09344464664476397, 'error_term': 12.152230987194098, 'win_prob_k': 5.360389647482936}",1.0,7.0
2025-11-29,Indiana Pacers,Chicago Bulls,103.0,101.0,False,False,2025-11-29|Chicago Bulls|Indiana Pacers,,,,2025-11-29|Chicago Bulls|Indiana Pacers,0.25875543713063354,"[{""p_home_win"": 0.0, ""weight"": 0.25}, {""p_home_win"": 0.25875543713063354, ""weight"": 0.5}, {""p_home_win"": 0.5175108742612671, ""weight"": 0.25}]",-5.641527385112263,,elo,"{'home_advantage': 2.0552827026489284, 'scale': 0.09344464664476397, 'error_term': 12.152230987194098, 'win_prob_k': 5.360389647482936}",1.0,2.0
2025-11-29,Miami Heat,Detroit Pistons,135.0,138.0,False,False,2025-11-29|Detroit Pistons|Miami Heat,,,,2025-11-29|Detroit Pistons|Miami Heat,0.5381031090649161,"[{""p_home_win"": 0.07620621812983219, ""weight"": 0.25}, {""p_home_win"": 0.5381031090649161, ""weight"": 0.5}, {""p_home_win"": 1.0, ""weight"": 0.25}]",0.8185771051329629,,elo,"{'home_advantage': 2.0552827026489284, 'scale': 0.09344464664476397, 'error_term': 12.152230987194098, 'win_prob_k': 5.360389647482936}",0.0,-3.0
2025-11-29,Milwaukee Bucks,Brooklyn Nets,116.0,99.0,False,False,2025-11-29|Brooklyn Nets|Milwaukee Bucks,,,,2025-11-29|Brooklyn Nets|Milwaukee Bucks,0.7817639302918341,"[{""p_home_win"": 0.5635278605836682, ""weight"": 0.25}, {""p_home_win"": 0.7817639302918341, ""weight"": 0.5}, {""p_home_win"": 1.0, ""weight"": 0.25}]",6.839725593107873,,elo,"{'home_advantage': 2.0552827026489284, 'scale': 0.09344464664476397, 'error_term': 12.152230987194098, 'win_prob_k': 5.360389647482936}",1.0,17.0
2025-11-29,Golden State Warriors,New Orleans Pelicans,104.0,96.0,False,False,2025-11-29|New Orleans Pelicans|Golden State Warriors,,,,2025-11-29|New Orleans Pelicans|Golden State Warriors,0.8795045093203759,"[{""p_home_win"": 0.7590090186407519, ""weight"": 0.25}, {""p_home_win"": 0.8795045093203759, ""weight"": 0.5}, {""p_home_win"": 1.0, ""weight"": 0.25}]",10.655095014365035,,elo,"{'home_advantage': 2.0552827026489284, 'scale': 0.09344464664476397, 'error_term': 12.152230987194098, 'win_prob_k': 5.360389647482936}",1.0,8.0
2025-11-29,Phoenix Suns,Denver Nuggets,112.0,130.0,False,False,2025-11-29|Denver Nuggets|Phoenix Suns,,,,2025-11-29|Denver Nuggets|Phoenix Suns,0.5126064355853478,"[{""p_home_win"": 0.025212871170695594, ""weight"": 0.25}, {""p_home_win"": 0.5126064355853478, ""weight"": 0.5}, {""p_home_win"": 1.0, ""weight"": 0.25}]",0.2703589249813836,,elo,"{'home_advantage': 2.0552827026489284, 'scale': 0.09344464664476397, 'error_term': 12.152230987194098, 'win_prob_k': 5.360389647482936}",0.0,-18.0
2025-11-29,Los Angeles Clippers,Dallas Mavericks,110.0,114.0,False,False,2025-11-29|Dallas Mavericks|Los Angeles Clippers,,,,2025-11-29|Dallas Mavericks|Los Angeles Clippers,0.6223107018008976,"[{""p_home_win"": 0.2446214036017953, ""weight"": 0.25}, {""p_home_win"": 0.6223107018008976, ""weight"": 0.5}, {""p_home_win"": 1.0, ""weight"": 0.25}]",2.676804878022333,,elo,"{'home_advantage': 2.0552827026489284, 'scale': 0.09344464664476397, 'error_term': 12.152230987194098, 'win_prob_k': 5.360389647482936}",0.0,-4.0
2025-11-30,Utah Jazz,Houston Rockets,101.0,129.0,False,False,2025-11-30|Houston Rockets|Utah Jazz,,,,2025-11-30|Houston Rockets|Utah Jazz,0.16443837718442647,"[{""p_home_win"": 0.0, ""weight"": 0.25}, {""p_home_win"": 0.16443837718442647, ""weight"": 0.5}, {""p_home_win"": 0.32887675436885294, ""weight"": 0.25}]",-8.972412615344371,,elo,"{'home_advantage': 2.063571870658387, 'scale': 0.09357555070683979, 'error_term': 12.072939952175041, 'win_prob_k': 5.519554684267931}",0.0,-28.0
2025-11-30,Cleveland Cavaliers,Boston Celtics,115.0,117.0,False,False,2025-11-30|Boston Celtics|Cleveland Cavaliers,,,,2025-11-30|Boston Celtics|Cleveland Cavaliers,0.6606262386075955,"[{""p_home_win"": 0.321252477215191, ""weight"": 0.25}, {""p_home_win"": 0.6606262386075955, ""weight"": 0.5}, {""p_home_win"": 1.0, ""weight"": 0.25}]",3.6764991529908464,,elo,"{'home_advantage': 2.063571870658387, 'scale': 0.09357555070683979, 'error_term': 12.072939952175041, 'win_prob_k': 5.519554684267931}",0.0,-2.0
2025-11-30,New York Knicks,Toronto Raptors,116.0,94.0,False,False,2025-11-30|Toronto Raptors|New York Knicks,,,,2025-11-30|Toronto Raptors|New York Knicks,0.5249051704505903,"[{""p_home_win"": 0.04981034090118053, ""weight"": 0.25}, {""p_home_win"": 0.5249051704505903, ""weight"": 0.5}, {""p_home_win"": 1.0, ""weight"": 0.25}]",0.5503172276025852,,elo,"{'home_advantage': 2.063571870658387, 'scale': 0.09357555070683979, 'error_term': 12.072939952175041, 'win_prob_k': 5.519554684267931}",1.0,22.0
2025-11-30,Philadelphia 76ers,Atlanta Hawks,134.0,142.0,False,False,2025-11-30|Atlanta Hawks|Philadelphia 76ers,,,,2025-11-30|Atlanta Hawks|Philadelphia 76ers,0.5138506615853825,"[{""p_home_win"": 0.027701323170765013, ""weight"": 0.25}, {""p_home_win"": 0.5138506615853825, ""weight"": 0.5}, {""p_home_win"": 1.0, ""weight"": 0.25}]",0.30587619154027457,,elo,"{'home_advantage': 2.063571870658387, 'scale': 0.09357555070683979, 'error_term': 12.072939952175041, 'win_prob_k': 5.519554684267931}",0.0,-8.0
2025-11-30,Portland Trail Blazers,Oklahoma City Thunder,115.0,123.0,False,False,2025-11-30|Oklahoma City Thunder|Portland Trail Blazers,,,,2025-11-30|Oklahoma City Thunder|Portland Trail Blazers,0.0910141890477636,"[{""p_home_win"": 0.0, ""weight"": 0.25}, {""p_home_win"": 0.0910141890477636, ""weight"": 0.5}, {""p_home_win"": 0.1820283780955272, ""weight"": 0.25}]",-12.70222883615411,,elo,"{'home_advantage': 2.063571870658387, 'scale': 0.09357555070683979, 'error_term': 12.072939952175041, 'win_prob_k': 5.519554684267931}",0.0,-8.0
2025-11-30,Minnesota Timberwolves,San Antonio Spurs,125.0,112.0,False,False,2025-11-30|San Antonio Spurs|Minnesota Timberwolves,,,,2025-11-30|San Antonio Spurs|Minnesota Timberwolves,0.4052387702677095,"[{""p_home_win"": 0.0, ""weight"": 0.25}, {""p_home_win"": 0.4052387702677095, ""weight"": 0.5}, {""p_home_win"": 0.810477540535419, ""weight"": 0.25}]",-2.117762505872992,,elo,"{'home_advantage': 2.063571870658387, 'scale': 0.09357555070683979, 'error_term': 12.072939952175041, 'win_prob_k': 5.519554684267931}",1.0,13.0
2025-11-30,Sacramento Kings,Memphis Grizzlies,107.0,115.0,False,False,2025-11-30|Memphis Grizzlies|Sacramento Kings,,,,2025-11-30|Memphis Grizzlies|Sacramento Kings,0.4319116156487311,"[{""p_home_win"": 0.0, ""weight"": 0.25}, {""p_home_win"": 0.4319116156487311, ""weight"": 0.5}, {""p_home_win"": 0.8638232312974622, ""weight"": 0.25}]",-1.512667293602851,,elo,"{'home_advantage': 2.063571870658387, 'scale': 0.09357555070683979, 'error_term': 12.072939952175041, 'win_prob_k': 5.519554684267931}",0.0,-8.0
2025-11-30,Los Angeles Lakers,New Orleans Pelicans,133.0,121.0,False,False,2025-11-30|New Orleans Pelicans|Los Angeles Lakers,,,,2025-11-30|New Orleans Pelicans|Los Angeles Lakers,0.9709875623871991,"[{""p_home_win"": 0.9419751247743982, ""weight"": 0.25}, {""p_home_win"": 0.9709875623871991, ""weight"": 0.5}, {""p_home_win"": 1.0, ""weight"": 0.25}]",19.376888168630295,,elo,"{'home_advantage': 2.063571870658387, 'scale': 0.09357555070683979, 'error_term': 12.072939952175041, 'win_prob_k': 5.519554684267931}",1.0,12.0
2025-12-01,Detroit Pistons,Atlanta Hawks,99.0,98.0,False,False,2025-12-01|Atlanta Hawks|Detroit Pistons,,,,2025-12-01|Atlanta Hawks|Detroit Pistons,0.7654789703827499,"[{""p_home_win"": 0.5309579407654998, ""weight"": 0.25}, {""p_home_win"": 0.7654789703827499, ""weight"": 0.5}, {""p_home_win"": 1.0, ""weight"": 0.25}]",6.5341017685448,,elo,"{'home_advantage': 2.0731037509133907, 'scale': 0.09158389246917553, 'error_term': 12.039142795368013, 'win_prob_k': 5.5235352067746675}",1.0,1.0
2025-12-01,Indiana Pacers,Cleveland Cavaliers,119.0,135.0,False,False,2025-12-01|Cleveland Cavaliers|Indiana Pacers,,,,2025-12-01|Cleveland Cavaliers|Indiana Pacers,0.21829646434468386,"[{""p_home_win"": 0.0, ""weight"": 0.25}, {""p_home_win"": 0.21829646434468386, ""weight"": 0.5}, {""p_home_win"": 0.4365929286893677, ""weight"": 0.25}]",-7.045940216823113,,elo,"{'home_advantage': 2.0731037509133907, 'scale': 0.09158389246917553, 'error_term': 12.039142795368013, 'win_prob_k': 5.5235352067746675}",0.0,-16.0
2025-12-01,Washington Wizards,Milwaukee Bucks,129.0,126.0,False,False,2025-12-01|Milwaukee Bucks|Washington Wizards,,,,2025-12-01|Milwaukee Bucks|Washington Wizards,0.2798558583713455,"[{""p_home_win"": 0.0, ""weight"": 0.25}, {""p_home_win"": 0.2798558583713455, ""weight"": 0.5}, {""p_home_win"": 0.559711716742691, ""weight"": 0.25}]",-5.220716832055903,,elo,"{'home_advantage': 2.0731037509133907, 'scale': 0.09158389246917553, 'error_term': 12.039142795368013, 'win_prob_k': 5.5235352067746675}",1.0,3.0
2025-12-01,Brooklyn Nets,Charlotte Hornets,116.0,103.0,False,False,2025-12-01|Charlotte Hornets|Brooklyn Nets,,,,2025-12-01|Charlotte Hornets|Brooklyn Nets,0.42847973658054705,"[{""p_home_win"": 0.0, ""weight"": 0.25}, {""p_home_win"": 0.42847973658054705, ""weight"": 0.5}, {""p_home_win"": 0.8569594731610941, ""weight"": 0.25}]",-1.5910901719657087,,elo,"{'home_advantage': 2.0731037509133907, 'scale': 0.09158389246917553, 'error_term': 12.039142795368013, 'win_prob_k': 5.5235352067746675}",1.0,13.0
2025-12-01,Miami Heat,Los Angeles Clippers,140.0,123.0,False,False,2025-12-01|Los Angeles Clippers|Miami Heat,,,,2025-12-01|Los Angeles Clippers|Miami Heat,0.9376788932949304,"[{""p_home_win"": 0.8753577865898607, ""weight"": 0.25}, {""p_home_win"": 0.9376788932949304, ""weight"": 0.5}, {""p_home_win"": 1.0, ""weight"": 0.25}]",14.974897169520244,,elo,"{'home_advantage': 2.0731037509133907, 'scale': 0.09158389246917553, 'error_term': 12.039142795368013, 'win_prob_k': 5.5235352067746675}",1.0,17.0
2025-12-01,Orlando Magic,Chicago Bulls,125.0,120.0,False,False,2025-12-01|Chicago Bulls|Orlando Magic,,,,2025-12-01|Chicago Bulls|Orlando Magic,0.8156157645212263,"[{""p_home_win"": 0.6312315290424526, ""weight"": 0.25}, {""p_home_win"": 0.8156157645212263, ""weight"": 0.5}, {""p_home_win"": 1.0, ""weight"": 0.25}]",8.213063534907693,,elo,"{'home_advantage': 2.0731037509133907, 'scale': 0.09158389246917553, 'error_term': 12.039142795368013, 'win_prob_k': 5.5235352067746675}",1.0,5.0
2025-12-01,Denver Nuggets,Dallas Mavericks,121.0,131.0,False,False,2025-12-01|Dallas Mavericks|Denver Nuggets,,,,2025-12-01|Dallas Mavericks|Denver Nuggets,0.9335006283887065,"[{""p_home_win"": 0.867001256777413, ""weight"": 0.25}, {""p_home_win"": 0.9335006283887065, ""weight"": 0.5}, {""p_home_win"": 1.0, ""weight"": 0.25}]",14.591794371055133,,elo,"{'home_advantage': 2.0731037509133907, 'scale': 0.09158389246917553, 'error_term': 12.039142795368013, 'win_prob_k': 5.5235352067746675}",0.0,-10.0
2025-12-01,Utah Jazz,Houston Rockets,133.0,125.0,False,False,2025-12-01|Houston Rockets|Utah Jazz,,,,2025-12-01|Houston Rockets|Utah Jazz,0.14144661448641044,"[{""p_home_win"": 0.0, ""weight"": 0.25}, {""p_home_win"": 0.14144661448641044, ""weight"": 0.5}, {""p_home_win"": 0.2828932289728209, ""weight"": 0.25}]",-9.960737411682114,,elo,"{'home_advantage': 2.0731037509133907, 'scale': 0.09158389246917553, 'error_term': 12.039142795368013, 'win_prob_k': 5.5235352067746675}",1.0,8.0
2025-12-01,Los Angeles Lakers,Phoenix Suns,108.0,125.0,False,False,2025-12-01|Phoenix Suns|Los Angeles Lakers,,,,2025-12-01|Phoenix Suns|Los Angeles Lakers,0.791850810673887,"[{""p_home_win"": 0.5837016213477739, ""weight"": 0.25}, {""p_home_win"": 0.791850810673887, ""weight"": 0.5}, {""p_home_win"": 1.0, ""weight"": 0.25}]",7.38009439769198,,elo,"{'home_advantage': 2.0731037509133907, 'scale': 0.09158389246917553, 'error_term': 12.039142795368013, 'win_prob_k': 5.5235352067746675}",0.0,-17.0
2025-12-02,Philadelphia 76ers,Washington Wizards,121.0,102.0,False,False,2025-12-02|Washington Wizards|Philadelphia 76ers,,,,2025-12-02|Washington Wizards|Philadelphia 76ers,0.8731011322376264,"[{""p_home_win"": 0.7462022644752528, ""weight"": 0.25}, {""p_home_win"": 0.8731011322376264, ""weight"": 0.5}, {""p_home_win"": 1.0, ""weight"": 0.25}]",11.016129756984068,,elo,"{'home_advantage': 1.9212678975502095, 'scale': 0.08974292352731124, 'error_term': 12.178986964609134, 'win_prob_k': 5.711802174009222}",1.0,19.0
2025-12-02,Toronto Raptors,Portland Trail Blazers,121.0,118.0,False,False,2025-12-02|Portland Trail Blazers|Toronto Raptors,,,,2025-12-02|Portland Trail Blazers|Toronto Raptors,0.8258501231298012,"[{""p_home_win"": 0.6517002462596024, ""weight"": 0.25}, {""p_home_win"": 0.8258501231298012, ""weight"": 0.5}, {""p_home_win"": 1.0, ""weight"": 0.25}]",8.890403052867619,,elo,"{'home_advantage': 1.9212678975502095, 'scale': 0.08974292352731124, 'error_term': 12.178986964609134, 'win_prob_k': 5.711802174009222}",1.0,3.0
2025-12-02,Boston Celtics,New York Knicks,123.0,117.0,False,False,2025-12-02|New York Knicks|Boston Celtics,,,,2025-12-02|New York Knicks|Boston Celtics,0.4514078460096079,"[{""p_home_win"": 0.0, ""weight"": 0.25}, {""p_home_win"": 0.4514078460096079, ""weight"": 0.5}, {""p_home_win"": 0.9028156920192159, ""weight"": 0.25}]",-1.1137102109687396,,elo,"{'home_advantage': 1.9212678975502095, 'scale': 0.08974292352731124, 'error_term': 12.178986964609134, 'win_prob_k': 5.711802174009222}",1.0,6.0
2025-12-02,New Orleans Pelicans,Minnesota Timberwolves,142.0,149.0,False,False,2025-12-02|Minnesota Timberwolves|New Orleans Pelicans,,,,2025-12-02|Minnesota Timberwolves|New Orleans Pelicans,0.13642967401735379,"[{""p_home_win"": 0.0, ""weight"": 0.25}, {""p_home_win"": 0.13642967401735379, ""weight"": 0.5}, {""p_home_win"": 0.27285934803470757, ""weight"": 0.25}]",-10.539794716092967,,elo,"{'home_advantage': 1.9212678975502095, 'scale': 0.08974292352731124, 'error_term': 12.178986964609134, 'win_prob_k': 5.711802174009222}",0.0,-7.0
2025-12-02,San Antonio Spurs,Memphis Grizzlies,126.0,119.0,False,False,2025-12-02|Memphis Grizzlies|San Antonio Spurs,,,,2025-12-02|Memphis Grizzlies|San Antonio Spurs,0.8151327649388098,"[{""p_home_win"": 0.6302655298776196, ""weight"": 0.25}, {""p_home_win"": 0.8151327649388098, ""weight"": 0.5}, {""p_home_win"": 1.0, ""weight"": 0.25}]",8.474675610866912,,elo,"{'home_advantage': 1.9212678975502095, 'scale': 0.08974292352731124, 'error_term': 12.178986964609134, 'win_prob_k': 5.711802174009222}",1.0,7.0
2025-12-02,Golden State Warriors,Oklahoma City Thunder,112.0,124.0,False,False,2025-12-02|Oklahoma City Thunder|Golden State Warriors,,,,2025-12-02|Oklahoma City Thunder|Golden State Warriors,0.13642246071651176,"[{""p_home_win"": 0.0, ""weight"": 0.25}, {""p_home_win"": 0.13642246071651176, ""weight"": 0.5}, {""p_home_win"": 0.2728449214330235, ""weight"": 0.25}]",-10.54014442791847,,elo,"{'home_advantage': 1.9212678975502095, 'scale': 0.08974292352731124, 'error_term': 12.178986964609134, 'win_prob_k': 5.711802174009222}",0.0,-12.0
2025-12-03,Cleveland Cavaliers,Portland Trail Blazers,110.0,122.0,False,False,2025-12-03|Portland Trail Blazers|Cleveland Cavaliers,,,,2025-12-03|Portland Trail Blazers|Cleveland Cavaliers,0.7813897799131326,"[{""p_home_win"": 0.5627795598262653, ""weight"": 0.25}, {""p_home_win"": 0.7813897799131326, ""weight"": 0.5}, {""p_home_win"": 1.0, ""weight"": 0.25}]",7.131907191257801,,elo,"{'home_advantage': 1.9321746925279693, 'scale': 0.0868743100605412, 'error_term': 12.089046777299961, 'win_prob_k': 5.5989935845833525}",0.0,-12.0
2025-12-03,Indiana Pacers,Denver Nuggets,120.0,135.0,False,False,2025-12-03|Denver Nuggets|Indiana Pacers,,,,2025-12-03|Denver Nuggets|Indiana Pacers,0.1349571921191884,"[{""p_home_win"": 0.0, ""weight"": 0.25}, {""p_home_win"": 0.1349571921191884, ""weight"": 0.5}, {""p_home_win"": 0.2699143842383768, ""weight"": 0.25}]",-10.401929886284753,,elo,"{'home_advantage': 1.9321746925279693, 'scale': 0.0868743100605412, 'error_term': 12.089046777299961, 'win_prob_k': 5.5989935845833525}",0.0,-15.0
2025-12-03,Orlando Magic,San Antonio Spurs,112.0,114.0,False,False,2025-12-03|San Antonio Spurs|Orlando Magic,,,,2025-12-03|San Antonio Spurs|Orlando Magic,0.5502671855890466,"[{""p_home_win"": 0.10053437117809327, ""weight"": 0.25}, {""p_home_win"": 0.5502671855890466, ""weight"": 0.5}, {""p_home_win"": 1.0, ""weight"": 0.25}]",1.1295985882093176,,elo,"{'home_advantage': 1.9321746925279693, 'scale': 0.0868743100605412, 'error_term': 12.089046777299961, 'win_prob_k': 5.5989935845833525}",0.0,-2.0
2025-12-03,Atlanta Hawks,Los Angeles Clippers,92.0,115.0,False,False,2025-12-03|Los Angeles Clippers|Atlanta Hawks,,,,2025-12-03|Los Angeles Clippers|Atlanta Hawks,0.9038639427850484,"[{""p_home_win"": 0.8077278855700969, ""weight"": 0.25}, {""p_home_win"": 0.9038639427850484, ""weight"": 0.5}, {""p_home_win"": 1.0, ""weight"": 0.25}]",12.546865307440457,,elo,"{'home_advantage': 1.9321746925279693, 'scale': 0.0868743100605412, 'error_term': 12.089046777299961, 'win_prob_k': 5.5989935845833525}",0.0,-23.0
2025-12-03,New York Knicks,Charlotte Hornets,119.0,104.0,False,False,2025-12-03|Charlotte Hornets|New York Knicks,,,,2025-12-03|Charlotte Hornets|New York Knicks,0.8930220380444518,"[{""p_home_win"": 0.7860440760889036, ""weight"": 0.25}, {""p_home_win"": 0.8930220380444518, ""weight"": 0.5}, {""p_home_win"": 1.0, ""weight"": 0.25}]",11.880999488645513,,elo,"{'home_advantage': 1.9321746925279693, 'scale': 0.0868743100605412, 'error_term': 12.089046777299961, 'win_prob_k': 5.5989935845833525}",1.0,15.0
2025-12-03,Chicago Bulls,Brooklyn Nets,103.0,113.0,False,False,2025-12-03|Brooklyn Nets|Chicago Bulls,,,,2025-12-03|Brooklyn Nets|Chicago Bulls,0.7701309779414808,"[{""p_home_win"": 0.5402619558829616, ""weight"": 0.25}, {""p_home_win"": 0.7701309779414808, ""weight"": 0.5}, {""p_home_win"": 1.0, ""weight"": 0.25}]",6.769468368039796,,elo,"{'home_advantage': 1.9321746925279693, 'scale': 0.0868743100605412, 'error_term': 12.089046777299961, 'win_prob_k': 5.5989935845833525}",0.0,-10.0
2025-12-03,Houston Rockets,Sacramento Kings,121.0,95.0,False,False,2025-12-03|Sacramento Kings|Houston Rockets,,,,2025-12-03|Sacramento Kings|Houston Rockets,0.927177456878461,"[{""p_home_win"": 0.854354913756922, ""weight"": 0.25}, {""p_home_win"": 0.927177456878461, ""weight"": 0.5}, {""p_home_win"": 1.0, ""weight"": 0.25}]",14.244508272261463,,elo,"{'home_advantage': 1.9321746925279693, 'scale': 0.0868743100605412, 'error_term': 12.089046777299961, 'win_prob_k': 5.5989935845833525}",1.0,26.0
2025-12-03,Milwaukee Bucks,Detroit Pistons,113.0,109.0,False,False,2025-12-03|Detroit Pistons|Milwaukee Bucks,,,,2025-12-03|Detroit Pistons|Milwaukee Bucks,0.13631769559665044,"[{""p_home_win"": 0.0, ""weight"": 0.25}, {""p_home_win"": 0.13631769559665044, ""weight"": 0.5}, {""p_home_win"": 0.2726353911933009, ""weight"": 0.25}]",-10.336956239421292,,elo,"{'home_advantage': 1.9321746925279693, 'scale': 0.0868743100605412, 'error_term': 12.089046777299961, 'win_prob_k': 5.5989935845833525}",1.0,4.0
2025-12-03,Dallas Mavericks,Miami Heat,118.0,108.0,False,False,2025-12-03|Miami Heat|Dallas Mavericks,,,,2025-12-03|Miami Heat|Dallas Mavericks,0.18095354859237794,"[{""p_home_win"": 0.0, ""weight"": 0.25}, {""p_home_win"": 0.18095354859237794, ""weight"": 0.5}, {""p_home_win"": 0.3619070971847559, ""weight"": 0.25}]",-8.45392286993509,,elo,"{'home_advantage': 1.9321746925279693, 'scale': 0.0868743100605412, 'error_term': 12.089046777299961, 'win_prob_k': 5.5989935845833525}",1.0,10.0
2025-12-04,Philadelphia 76ers,Golden State Warriors,99.0,98.0,False,False,2025-12-04|Golden State Warriors|Philadelphia 76ers,,,,2025-12-04|Golden State Warriors|Philadelphia 76ers,0.6241751584306101,"[{""p_home_win"": 0.24835031686122022, ""weight"": 0.25}, {""p_home_win"": 0.6241751584306101, ""weight"": 0.5}, {""p_home_win"": 1.0, ""weight"": 0.25}]",2.97914431577291,,elo,"{'home_advantage': 1.8214027430237902, 'scale': 0.0875281027849211, 'error_term': 12.172544979782861, 'win_prob_k': 5.872458612971684}",1.0,1.0
2025-12-04,Washington Wizards,Boston Celtics,101.0,146.0,False,False,2025-12-04|Boston Celtics|Washington Wizards,,,,2025-12-04|Boston Celtics|Washington Wizards,0.14887612974911105,"[{""p_home_win"": 0.0, ""weight"": 0.25}, {""p_home_win"": 0.14887612974911105, ""weight"": 0.5}, {""p_home_win"": 0.2977522594982221, ""weight"": 0.25}]",-10.2382972152189,,elo,"{'home_advantage': 1.8214027430237902, 'scale': 0.0875281027849211, 'error_term': 12.172544979782861, 'win_prob_k': 5.872458612971684}",0.0,-45.0
2025-12-04,Brooklyn Nets,Utah Jazz,110.0,123.0,False,False,2025-12-04|Utah Jazz|Brooklyn Nets,,,,2025-12-04|Utah Jazz|Brooklyn Nets,0.4394730465356224,"[{""p_home_win"": 0.0, ""weight"": 0.25}, {""p_home_win"": 0.4394730465356224, ""weight"": 0.5}, {""p_home_win"": 0.8789460930712448, ""weight"": 0.25}]",-1.4287747119565333,,elo,"{'home_advantage': 1.8214027430237902, 'scale': 0.0875281027849211, 'error_term': 12.172544979782861, 'win_prob_k': 5.872458612971684}",0.0,-13.0
2025-12-04,Toronto Raptors,Los Angeles Lakers,120.0,123.0,False,False,2025-12-04|Los Angeles Lakers|Toronto Raptors,,,,2025-12-04|Los Angeles Lakers|Toronto Raptors,0.5156262133800903,"[{""p_home_win"": 0.031252426760180585, ""weight"": 0.25}, {""p_home_win"": 0.5156262133800903, ""weight"": 0.5}, {""p_home_win"": 1.0, ""weight"": 0.25}]",0.36717673880200086,,elo,"{'home_advantage': 1.8214027430237902, 'scale': 0.0875281027849211, 'error_term': 12.172544979782861, 'win_prob_k': 5.872458612971684}",0.0,-3.0
2025-12-04,New Orleans Pelicans,Minnesota Timberwolves,116.0,125.0,False,False,2025-12-04|Minnesota Timberwolves|New Orleans Pelicans,,,,2025-12-04|Minnesota Timberwolves|New Orleans Pelicans,0.12517126607514584,"[{""p_home_win"": 0.0, ""weight"": 0.25}, {""p_home_win"": 0.12517126607514584, ""weight"": 0.5}, {""p_home_win"": 0.2503425321502917, ""weight"": 0.25}]",-11.418086753963294,,elo,"{'home_advantage': 1.8214027430237902, 'scale': 0.0875281027849211, 'error_term': 12.172544979782861, 'win_prob_k': 5.872458612971684}",0.0,-9.0
2025-12-05,Boston Celtics,Los Angeles Lakers,126.0,105.0,False,False,2025-12-05|Los Angeles Lakers|Boston Celtics,,,,2025-12-05|Los Angeles Lakers|Boston Celtics,0.40160063567169907,"[{""p_home_win"": 0.0, ""weight"": 0.25}, {""p_home_win"": 0.40160063567169907, ""weight"": 0.5}, {""p_home_win"": 0.8032012713433981, ""weight"": 0.25}]",-2.3431690145293826,,elo,"{'home_advantage': 1.646121015553788, 'scale': 0.087107203948557, 'error_term': 12.260435363253574, 'win_prob_k': 5.875546043522617}",1.0,21.0
2025-12-05,Orlando Magic,Miami Heat,106.0,105.0,False,False,2025-12-05|Miami Heat|Orlando Magic,,,,2025-12-05|Miami Heat|Orlando Magic,0.5377658863020809,"[{""p_home_win"": 0.07553177260416177, ""weight"": 0.25}, {""p_home_win"": 0.5377658863020809, ""weight"": 0.5}, {""p_home_win"": 1.0, ""weight"": 0.25}]",0.8892745139911156,,elo,"{'home_advantage': 1.646121015553788, 'scale': 0.087107203948557, 'error_term': 12.260435363253574, 'win_prob_k': 5.875546043522617}",1.0,1.0
2025-12-05,Atlanta Hawks,Denver Nuggets,133.0,134.0,False,False,2025-12-05|Denver Nuggets|Atlanta Hawks,,,,2025-12-05|Denver Nuggets|Atlanta Hawks,0.42186138688250424,"[{""p_home_win"": 0.0, ""weight"": 0.25}, {""p_home_win"": 0.42186138688250424, ""weight"": 0.5}, {""p_home_win"": 0.8437227737650085, ""weight"": 0.25}]",-1.8516011428550039,,elo,"{'home_advantage': 1.646121015553788, 'scale': 0.087107203948557, 'error_term': 12.260435363253574, 'win_prob_k': 5.875546043522617}",0.0,-1.0
2025-12-05,Cleveland Cavaliers,San Antonio Spurs,130.0,117.0,False,False,2025-12-05|San Antonio Spurs|Cleveland Cavaliers,,,,2025-12-05|San Antonio Spurs|Cleveland Cavaliers,0.36328644227238044,"[{""p_home_win"": 0.0, ""weight"": 0.25}, {""p_home_win"": 0.36328644227238044, ""weight"": 0.5}, {""p_home_win"": 0.7265728845447609, ""weight"": 0.25}]",-3.2969349296033017,,elo,"{'home_advantage': 1.646121015553788, 'scale': 0.087107203948557, 'error_term': 12.260435363253574, 'win_prob_k': 5.875546043522617}",1.0,13.0
2025-12-05,Detroit Pistons,Portland Trail Blazers,122.0,116.0,False,False,2025-12-05|Portland Trail Blazers|Detroit Pistons,,,,2025-12-05|Portland Trail Blazers|Detroit Pistons,0.8669996043364363,"[{""p_home_win"": 0.7339992086728726, ""weight"": 0.25}, {""p_home_win"": 0.8669996043364363, ""weight"": 0.5}, {""p_home_win"": 1.0, ""weight"": 0.25}]",11.014806361952306,,elo,"{'home_advantage': 1.646121015553788, 'scale': 0.087107203948557, 'error_term': 12.260435363253574, 'win_prob_k': 5.875546043522617}",1.0,6.0
2025-12-05,New York Knicks,Utah Jazz,146.0,112.0,False,False,2025-12-05|Utah Jazz|New York Knicks,,,,2025-12-05|Utah Jazz|New York Knicks,0.8156132000034281,"[{""p_home_win"": 0.6312264000068561, ""weight"": 0.25}, {""p_home_win"": 0.8156132000034281, ""weight"": 0.5}, {""p_home_win"": 1.0, ""weight"": 0.25}]",8.73637584002656,,elo,"{'home_advantage': 1.646121015553788, 'scale': 0.087107203948557, 'error_term': 12.260435363253574, 'win_prob_k': 5.875546043522617}",1.0,34.0
2025-12-05,Toronto Raptors,Charlotte Hornets,86.0,111.0,False,False,2025-12-05|Charlotte Hornets|Toronto Raptors,,,,2025-12-05|Charlotte Hornets|Toronto Raptors,0.8952591458597743,"[{""p_home_win"": 0.7905182917195486, ""weight"": 0.25}, {""p_home_win"": 0.8952591458597743, ""weight"": 0.5}, {""p_home_win"": 1.0, ""weight"": 0.25}]",12.606712493218973,,elo,"{'home_advantage': 1.646121015553788, 'scale': 0.087107203948557, 'error_term': 12.260435363253574, 'win_prob_k': 5.875546043522617}",0.0,-25.0
2025-12-05,Chicago Bulls,Indiana Pacers,105.0,120.0,False,False,2025-12-05|Indiana Pacers|Chicago Bulls,,,,2025-12-05|Indiana Pacers|Chicago Bulls,0.739177570197251,"[{""p_home_win"": 0.4783551403945021, ""weight"": 0.25}, {""p_home_win"": 0.739177570197251, ""weight"": 0.5}, {""p_home_win"": 1.0, ""weight"": 0.25}]",6.120546597264269,,elo,"{'home_advantage': 1.646121015553788, 'scale': 0.087107203948557, 'error_term': 12.260435363253574, 'win_prob_k': 5.875546043522617}",0.0,-15.0
2025-12-05,Houston Rockets,Phoenix Suns,117.0,98.0,False,False,2025-12-05|Phoenix Suns|Houston Rockets,,,,2025-12-05|Phoenix Suns|Houston Rockets,0.6763175320297425,"[{""p_home_win"": 0.3526350640594851, ""weight"": 0.25}, {""p_home_win"": 0.6763175320297425, ""weight"": 0.5}, {""p_home_win"": 1.0, ""weight"": 0.25}]",4.329688055599663,,elo,"{'home_advantage': 1.646121015553788, 'scale': 0.087107203948557, 'error_term': 12.260435363253574, 'win_prob_k': 5.875546043522617}",1.0,19.0
2025-12-05,Memphis Grizzlies,Los Angeles Clippers,107.0,98.0,False,False,2025-12-05|Los Angeles Clippers|Memphis Grizzlies,,,,2025-12-05|Los Angeles Clippers|Memphis Grizzlies,0.7291301203017007,"[{""p_home_win"": 0.4582602406034013, ""weight"": 0.25}, {""p_home_win"": 0.7291301203017007, ""weight"": 0.5}, {""p_home_win"": 1.0, ""weight"": 0.25}]",5.818045897740824,,elo,"{'home_advantage': 1.646121015553788, 'scale': 0.087107203948557, 'error_term': 12.260435363253574, 'win_prob_k': 5.875546043522617}",1.0,9.0
2025-12-05,Milwaukee Bucks,Philadelphia 76ers,101.0,116.0,False,False,2025-12-05|Philadelphia 76ers|Milwaukee Bucks,,,,2025-12-05|Philadelphia 76ers|Milwaukee Bucks,0.38976549789468595,"[{""p_home_win"": 0.0, ""weight"": 0.25}, {""p_home_win"": 0.38976549789468595, ""weight"": 0.5}, {""p_home_win"": 0.7795309957893719, ""weight"": 0.25}]",-2.6339957878479203,,elo,"{'home_advantage': 1.646121015553788, 'scale': 0.087107203948557, 'error_term': 12.260435363253574, 'win_prob_k': 5.875546043522617}",0.0,-15.0
2025-12-05,Oklahoma City Thunder,Dallas Mavericks,132.0,111.0,False,False,2025-12-05|Dallas Mavericks|Oklahoma City Thunder,,,,2025-12-05|Dallas Mavericks|Oklahoma City Thunder,0.9575873081709715,"[{""p_home_win"": 0.915174616341943, ""weight"": 0.25}, {""p_home_win"": 0.9575873081709715, ""weight"": 0.5}, {""p_home_win"": 1.0, ""weight"": 0.25}]",18.313896328931264,,elo,"{'home_advantage': 1.646121015553788, 'scale': 0.087107203948557, 'error_term': 12.260435363253574, 'win_prob_k': 5.875546043522617}",1.0,21.0
2025-12-06,Brooklyn Nets,New Orleans Pelicans,119.0,101.0,False,False,2025-12-06|New Orleans Pelicans|Brooklyn Nets,,,,2025-12-06|New Orleans Pelicans|Brooklyn Nets,0.6869481090537585,"[{""p_home_win"": 0.37389621810751694, ""weight"": 0.25}, {""p_home_win"": 0.6869481090537585, ""weight"": 0.5}, {""p_home_win"": 1.0, ""weight"": 0.25}]",4.701888402723958,,elo,"{'home_advantage': 1.6357706188968966, 'scale': 0.08632815492611477, 'error_term': 12.387215623402227, 'win_prob_k': 5.982885180419073}",1.0,18.0
2025-12-06,Washington Wizards,Atlanta Hawks,116.0,131.0,False,False,2025-12-06|Atlanta Hawks|Washington Wizards,,,,2025-12-06|Atlanta Hawks|Washington Wizards,0.185238528826896,"[{""p_home_win"": 0.0, ""weight"": 0.25}, {""p_home_win"": 0.185238528826896, ""weight"": 0.5}, {""p_home_win"": 0.370477057653792, ""weight"": 0.25}]",-8.862154999794528,,elo,"{'home_advantage': 1.6357706188968966, 'scale': 0.08632815492611477, 'error_term': 12.387215623402227, 'win_prob_k': 5.982885180419073}",0.0,-15.0
2025-12-06,Cleveland Cavaliers,Golden State Warriors,94.0,99.0,False,False,2025-12-06|Golden State Warriors|Cleveland Cavaliers,,,,2025-12-06|Golden State Warriors|Cleveland Cavaliers,0.6926254144483535,"[{""p_home_win"": 0.3852508288967069, ""weight"": 0.25}, {""p_home_win"": 0.6926254144483535, ""weight"": 0.5}, {""p_home_win"": 1.0, ""weight"": 0.25}]",4.860628581316499,,elo,"{'home_advantage': 1.6357706188968966, 'scale': 0.08632815492611477, 'error_term': 12.387215623402227, 'win_prob_k': 5.982885180419073}",0.0,-5.0
2025-12-06,Detroit Pistons,Milwaukee Bucks,124.0,112.0,False,False,2025-12-06|Milwaukee Bucks|Detroit Pistons,,,,2025-12-06|Milwaukee Bucks|Detroit Pistons,0.8943920599868095,"[{""p_home_win"": 0.788784119973619, ""weight"": 0.25}, {""p_home_win"": 0.8943920599868095, ""weight"": 0.5}, {""p_home_win"": 1.0, ""weight"": 0.25}]",12.781899718419924,,elo,"{'home_advantage': 1.6357706188968966, 'scale': 0.08632815492611477, 'error_term': 12.387215623402227, 'win_prob_k': 5.982885180419073}",1.0,12.0
2025-12-06,Miami Heat,Sacramento Kings,111.0,127.0,False,False,2025-12-06|Sacramento Kings|Miami Heat,,,,2025-12-06|Sacramento Kings|Miami Heat,0.8851484618985981,"[{""p_home_win"": 0.7702969237971962, ""weight"": 0.25}, {""p_home_win"": 0.8851484618985981, ""weight"": 0.5}, {""p_home_win"": 1.0, ""weight"": 0.25}]",12.217739948259316,,elo,"{'home_advantage': 1.6357706188968966, 'scale': 0.08632815492611477, 'error_term': 12.387215623402227, 'win_prob_k': 5.982885180419073}",0.0,-16.0
2025-12-06,Minnesota Timberwolves,Los Angeles Clippers,109.0,106.0,False,False,2025-12-06|Los Angeles Clippers|Minnesota Timberwolves,,,,2025-12-06|Los Angeles Clippers|Minnesota Timberwolves,0.8921127761768873,"[{""p_home_win"": 0.7842255523537747, ""weight"": 0.25}, {""p_home_win"": 0.8921127761768873, ""weight"": 0.5}, {""p_home_win"": 1.0, ""weight"": 0.25}]",12.638881424859953,,elo,"{'home_advantage': 1.6357706188968966, 'scale': 0.08632815492611477, 'error_term': 12.387215623402227, 'win_prob_k': 5.982885180419073}",1.0,3.0
2025-12-06,Dallas Mavericks,Houston Rockets,122.0,109.0,False,False,2025-12-06|Houston Rockets|Dallas Mavericks,,,,2025-12-06|Houston Rockets|Dallas Mavericks,0.17130698963973612,"[{""p_home_win"": 0.0, ""weight"": 0.25}, {""p_home_win"": 0.17130698963973612, ""weight"": 0.5}, {""p_home_win"": 0.34261397927947224, ""weight"": 0.25}]",-9.431375717799634,,elo,"{'home_advantage': 1.6357706188968966, 'scale': 0.08632815492611477, 'error_term': 12.387215623402227, 'win_prob_k': 5.982885180419073}",1.0,13.0
2025-12-07,New York Knicks,Orlando Magic,106.0,100.0,False,False,2025-12-07|Orlando Magic|New York Knicks,,,,2025-12-07|Orlando Magic|New York Knicks,0.5921045075101831,"[{""p_home_win"": 0.18420901502036613, ""weight"": 0.25}, {""p_home_win"": 0.5921045075101831, ""weight"": 0.5}, {""p_home_win"": 1.0, ""weight"": 0.25}]",2.2175129230002613,,elo,"{'home_advantage': 1.6033088482831905, 'scale': 0.08383808724236143, 'error_term': 12.513747797411057, 'win_prob_k': 5.950304803222664}",1.0,6.0
2025-12-07,Toronto Raptors,Boston Celtics,113.0,121.0,False,False,2025-12-07|Boston Celtics|Toronto Raptors,,,,2025-12-07|Boston Celtics|Toronto Raptors,0.5157782862361161,"[{""p_home_win"": 0.0315565724722322, ""weight"": 0.25}, {""p_home_win"": 0.5157782862361161, ""weight"": 0.5}, {""p_home_win"": 1.0, ""weight"": 0.25}]",0.37566718126251164,,elo,"{'home_advantage': 1.6033088482831905, 'scale': 0.08383808724236143, 'error_term': 12.513747797411057, 'win_prob_k': 5.950304803222664}",0.0,-8.0
2025-12-07,Charlotte Hornets,Denver Nuggets,106.0,115.0,False,False,2025-12-07|Denver Nuggets|Charlotte Hornets,,,,2025-12-07|Denver Nuggets|Charlotte Hornets,0.17044953147810116,"[{""p_home_win"": 0.0, ""weight"": 0.25}, {""p_home_win"": 0.17044953147810116, ""weight"": 0.5}, {""p_home_win"": 0.3408990629562023, ""weight"": 0.25}]",-9.41602829945015,,elo,"{'home_advantage': 1.6033088482831905, 'scale': 0.08383808724236143, 'error_term': 12.513747797411057, 'win_prob_k': 5.950304803222664}",0.0,-9.0
2025-12-07,Memphis Grizzlies,Portland Trail Blazers,119.0,96.0,False,False,2025-12-07|Portland Trail Blazers|Memphis Grizzlies,,,,2025-12-07|Portland Trail Blazers|Memphis Grizzlies,0.6018557048337999,"[{""p_home_win"": 0.20371140966759982, ""weight"": 0.25}, {""p_home_win"": 0.6018557048337999, ""weight"": 0.5}, {""p_home_win"": 1.0, ""weight"": 0.25}]",2.4586851841875395,,elo,"{'home_advantage': 1.6033088482831905, 'scale': 0.08383808724236143, 'error_term': 12.513747797411057, 'win_prob_k': 5.950304803222664}",1.0,23.0
2025-12-07,Chicago Bulls,Golden State Warriors,91.0,123.0,False,False,2025-12-07|Golden State Warriors|Chicago Bulls,,,,2025-12-07|Golden State Warriors|Chicago Bulls,0.380074170147651,"[{""p_home_win"": 0.0, ""weight"": 0.25}, {""p_home_win"": 0.380074170147651, ""weight"": 0.5}, {""p_home_win"": 0.760148340295302, ""weight"": 0.25}]",-2.911087988791733,,elo,"{'home_advantage': 1.6033088482831905, 'scale': 0.08383808724236143, 'error_term': 12.513747797411057, 'win_prob_k': 5.950304803222664}",0.0,-32.0
2025-12-07,Philadelphia 76ers,Los Angeles Lakers,108.0,112.0,False,False,2025-12-07|Los Angeles Lakers|Philadelphia 76ers,,,,2025-12-07|Los Angeles Lakers|Philadelphia 76ers,0.4111675858627163,"[{""p_home_win"": 0.0, ""weight"": 0.25}, {""p_home_win"": 0.4111675858627163, ""weight"": 0.5}, {""p_home_win"": 0.8223351717254326, ""weight"": 0.25}]",-2.1369968357709674,,elo,"{'home_advantage': 1.6033088482831905, 'scale': 0.08383808724236143, 'error_term': 12.513747797411057, 'win_prob_k': 5.950304803222664}",0.0,-4.0
2025-12-07,Utah Jazz,Oklahoma City Thunder,101.0,131.0,False,False,2025-12-07|Oklahoma City Thunder|Utah Jazz,,,,2025-12-07|Oklahoma City Thunder|Utah Jazz,0.08120288131813007,"[{""p_home_win"": 0.0, ""weight"": 0.25}, {""p_home_win"": 0.08120288131813007, ""weight"": 0.5}, {""p_home_win"": 0.16240576263626014, ""weight"": 0.25}]",-14.436121381948492,,elo,"{'home_advantage': 1.6033088482831905, 'scale': 0.08383808724236143, 'error_term': 12.513747797411057, 'win_prob_k': 5.950304803222664}",0.0,-30.0
2025-12-08,Indiana Pacers,Sacramento Kings,116.0,105.0,False,False,2025-12-08|Sacramento Kings|Indiana Pacers,,,,2025-12-08|Sacramento Kings|Indiana Pacers,0.5147285125169795,"[{""p_home_win"": 0.029457025033958972, ""weight"": 0.25}, {""p_home_win"": 0.5147285125169795, ""weight"": 0.5}, {""p_home_win"": 1.0, ""weight"": 0.25}]",0.3516917960169008,,elo,"{'home_advantage': 1.5346641865240949, 'scale': 0.08311625469955192, 'error_term': 12.560602363713114, 'win_prob_k': 5.967847214017429}",1.0,11.0
2025-12-08,Minnesota Timberwolves,Phoenix Suns,105.0,108.0,False,False,2025-12-08|Phoenix Suns|Minnesota Timberwolves,,,,2025-12-08|Phoenix Suns|Minnesota Timberwolves,0.6229370465260445,"[{""p_home_win"": 0.24587409305208907, ""weight"": 0.25}, {""p_home_win"": 0.6229370465260445, ""weight"": 0.5}, {""p_home_win"": 1.0, ""weight"": 0.25}]",2.9960580660621816,,elo,"{'home_advantage': 1.5346641865240949, 'scale': 0.08311625469955192, 'error_term': 12.560602363713114, 'win_prob_k': 5.967847214017429}",0.0,-3.0
2025-12-08,New Orleans Pelicans,San Antonio Spurs,132.0,135.0,False,False,2025-12-08|San Antonio Spurs|New Orleans Pelicans,,,,2025-12-08|San Antonio Spurs|New Orleans Pelicans,0.08606080710292179,"[{""p_home_win"": 0.0, ""weight"": 0.25}, {""p_home_win"": 0.08606080710292179, ""weight"": 0.5}, {""p_home_win"": 0.17212161420584357, ""weight"": 0.25}]",-14.10029190276842,,elo,"{'home_advantage': 1.5346641865240949, 'scale': 0.08311625469955192, 'error_term': 12.560602363713114, 'win_prob_k': 5.967847214017429}",0.0,-3.0
2025-12-09,Orlando Magic,Miami Heat,117.0,108.0,False,False,2025-12-09|Miami Heat|Orlando Magic,,,,2025-12-09|Miami Heat|Orlando Magic,0.6169260389355788,"[{""p_home_win"": 0.2338520778711577, ""weight"": 0.25}, {""p_home_win"": 0.6169260389355788, ""weight"": 0.5}, {""p_home_win"": 1.0, ""weight"": 0.25}]",2.828217416943195,,elo,"{'home_advantage': 1.568446014384836, 'scale': 0.08174573393224466, 'error_term': 12.548162379791185, 'win_prob_k': 5.935136196268443}",1.0,9.0
2025-12-09,Toronto Raptors,New York Knicks,101.0,117.0,False,False,2025-12-09|New York Knicks|Toronto Raptors,,,,2025-12-09|New York Knicks|Toronto Raptors,0.4191815123446385,"[{""p_home_win"": 0.0, ""weight"": 0.25}, {""p_home_win"": 0.4191815123446385, ""weight"": 0.5}, {""p_home_win"": 0.838363024689277, ""weight"": 0.25}]",-1.935651278454318,,elo,"{'home_advantage': 1.568446014384836, 'scale': 0.08174573393224466, 'error_term': 12.548162379791185, 'win_prob_k': 5.935136196268443}",0.0,-16.0
2025-12-10,Oklahoma City Thunder,Phoenix Suns,138.0,89.0,False,False,2025-12-10|Phoenix Suns|Oklahoma City Thunder,,,,2025-12-10|Phoenix Suns|Oklahoma City Thunder,0.8657254509528302,"[{""p_home_win"": 0.7314509019056603, ""weight"": 0.25}, {""p_home_win"": 0.8657254509528302, ""weight"": 0.5}, {""p_home_win"": 1.0, ""weight"": 0.25}]",11.070693729275067,,elo,"{'home_advantage': 1.53810460907998, 'scale': 0.08171896525801296, 'error_term': 12.532565590589282, 'win_prob_k': 5.940229173319285}",1.0,49.0
2025-12-10,Los Angeles Lakers,San Antonio Spurs,119.0,132.0,False,False,2025-12-10|San Antonio Spurs|Los Angeles Lakers,,,,2025-12-10|San Antonio Spurs|Los Angeles Lakers,0.6255250471797718,"[{""p_home_win"": 0.2510500943595435, ""weight"": 0.25}, {""p_home_win"": 0.6255250471797718, ""weight"": 0.5}, {""p_home_win"": 1.0, ""weight"": 0.25}]",3.047732314887345,,elo,"{'home_advantage': 1.53810460907998, 'scale': 0.08171896525801296, 'error_term': 12.532565590589282, 'win_prob_k': 5.940229173319285}",0.0,-13.0
2025-12-11,Houston Rockets,Los Angeles Clippers,115.0,113.0,False,False,2025-12-11|Los Angeles Clippers|Houston Rockets,,,,2025-12-11|Los Angeles Clippers|Houston Rockets,0.9201466007252863,"[{""p_home_win"": 0.8402932014505726, ""weight"": 0.25}, {""p_home_win"": 0.9201466007252863, ""weight"": 0.5}, {""p_home_win"": 1.0, ""weight"": 0.25}]",14.684783040015292,,elo,"{'home_advantage': 1.598691558517966, 'scale': 0.08263643360915215, 'error_term': 12.654564775341687, 'win_prob_k': 6.007666554974984}",1.0,2.0
2025-12-11,Milwaukee Bucks,Boston Celtics,116.0,101.0,False,False,2025-12-11|Boston Celtics|Milwaukee Bucks,,,,2025-12-11|Boston Celtics|Milwaukee Bucks,0.23839199841703052,"[{""p_home_win"": 0.0, ""weight"": 0.25}, {""p_home_win"": 0.23839199841703052, ""weight"": 0.5}, {""p_home_win"": 0.47678399683406103, ""weight"": 0.25}]",-6.9779985359124685,,elo,"{'home_advantage': 1.598691558517966, 'scale': 0.08263643360915215, 'error_term': 12.654564775341687, 'win_prob_k': 6.007666554974984}",1.0,15.0
2025-12-11,New Orleans Pelicans,Portland Trail Blazers,143.0,120.0,False,False,2025-12-11|Portland Trail Blazers|New Orleans Pelicans,,,,2025-12-11|Portland Trail Blazers|New Orleans Pelicans,0.2613115589061967,"[{""p_home_win"": 0.0, ""weight"": 0.25}, {""p_home_win"": 0.2613115589061967, ""weight"": 0.5}, {""p_home_win"": 0.5226231178123933, ""weight"": 0.25}]",-6.242943773441452,,elo,"{'home_advantage': 1.598691558517966, 'scale': 0.08263643360915215, 'error_term': 12.654564775341687, 'win_prob_k': 6.007666554974984}",1.0,23.0
2025-12-11,Sacramento Kings,Denver Nuggets,105.0,136.0,False,False,2025-12-11|Denver Nuggets|Sacramento Kings,,,,2025-12-11|Denver Nuggets|Sacramento Kings,0.1353327925973759,"[{""p_home_win"": 0.0, ""weight"": 0.25}, {""p_home_win"": 0.1353327925973759, ""weight"": 0.5}, {""p_home_win"": 0.2706655851947518, ""weight"": 0.25}]",-11.141865410282486,,elo,"{'home_advantage': 1.598691558517966, 'scale': 0.08263643360915215, 'error_term': 12.654564775341687, 'win_prob_k': 6.007666554974984}",0.0,-31.0
2025-12-12,Charlotte Hornets,Chicago Bulls,126.0,129.0,False,False,2025-12-12|Chicago Bulls|Charlotte Hornets,,,,2025-12-12|Chicago Bulls|Charlotte Hornets,0.545084760624493,"[{""p_home_win"": 0.09016952124898592, ""weight"": 0.25}, {""p_home_win"": 0.545084760624493, ""weight"": 0.5}, {""p_home_win"": 1.0, ""weight"": 0.25}]",1.0962993311354574,,elo,"{'home_advantage': 1.6012249065997854, 'scale': 0.08169269700663175, 'error_term': 12.785653642304627, 'win_prob_k': 6.062590091572423}",0.0,-3.0
2025-12-12,Detroit Pistons,Atlanta Hawks,142.0,115.0,False,False,2025-12-12|Atlanta Hawks|Detroit Pistons,,,,2025-12-12|Atlanta Hawks|Detroit Pistons,0.7952736280098586,"[{""p_home_win"": 0.5905472560197171, ""weight"": 0.25}, {""p_home_win"": 0.7952736280098586, ""weight"": 0.5}, {""p_home_win"": 1.0, ""weight"": 0.25}]",8.22700704976041,,elo,"{'home_advantage': 1.6012249065997854, 'scale': 0.08169269700663175, 'error_term': 12.785653642304627, 'win_prob_k': 6.062590091572423}",1.0,27.0
2025-12-12,Philadelphia 76ers,Indiana Pacers,115.0,105.0,False,False,2025-12-12|Indiana Pacers|Philadelphia 76ers,,,,2025-12-12|Indiana Pacers|Philadelphia 76ers,0.8204070650247728,"[{""p_home_win"": 0.6408141300495456, ""weight"": 0.25}, {""p_home_win"": 0.8204070650247728, ""weight"": 0.5}, {""p_home_win"": 1.0, ""weight"": 0.25}]",9.209728019406727,,elo,"{'home_advantage': 1.6012249065997854, 'scale': 0.08169269700663175, 'error_term': 12.785653642304627, 'win_prob_k': 6.062590091572423}",1.0,10.0
2025-12-12,Washington Wizards,Cleveland Cavaliers,126.0,130.0,False,False,2025-12-12|Cleveland Cavaliers|Washington Wizards,,,,2025-12-12|Cleveland Cavaliers|Washington Wizards,0.18031440718972178,"[{""p_home_win"": 0.0, ""weight"": 0.25}, {""p_home_win"": 0.18031440718972178, ""weight"": 0.5}, {""p_home_win"": 0.36062881437944355, ""weight"": 0.25}]",-9.180087951243134,,elo,"{'home_advantage': 1.6012249065997854, 'scale': 0.08169269700663175, 'error_term': 12.785653642304627, 'win_prob_k': 6.062590091572423}",0.0,-4.0
2025-12-12,Memphis Grizzlies,Utah Jazz,126.0,130.0,False,False,2025-12-12|Utah Jazz|Memphis Grizzlies,,,,2025-12-12|Utah Jazz|Memphis Grizzlies,0.6690499817340834,"[{""p_home_win"": 0.33809996346816673, ""weight"": 0.25}, {""p_home_win"": 0.6690499817340834, ""weight"": 0.5}, {""p_home_win"": 1.0, ""weight"": 0.25}]",4.267405067756434,,elo,"{'home_advantage': 1.6012249065997854, 'scale': 0.08169269700663175, 'error_term': 12.785653642304627, 'win_prob_k': 6.062590091572423}",0.0,-4.0
2025-12-12,Dallas Mavericks,Brooklyn Nets,119.0,111.0,False,False,2025-12-12|Brooklyn Nets|Dallas Mavericks,,,,2025-12-12|Brooklyn Nets|Dallas Mavericks,0.6959179495382238,"[{""p_home_win"": 0.39183589907644767, ""weight"": 0.25}, {""p_home_win"": 0.6959179495382238, ""weight"": 0.5}, {""p_home_win"": 1.0, ""weight"": 0.25}]",5.019425659004364,,elo,"{'home_advantage': 1.6012249065997854, 'scale': 0.08169269700663175, 'error_term': 12.785653642304627, 'win_prob_k': 6.062590091572423}",1.0,8.0
2025-12-12,Golden State Warriors,Minnesota Timberwolves,120.0,127.0,False,False,2025-12-12|Minnesota Timberwolves|Golden State Warriors,,,,2025-12-12|Minnesota Timberwolves|Golden State Warriors,0.46083981585899875,"[{""p_home_win"": 0.0, ""weight"": 0.25}, {""p_home_win"": 0.46083981585899875, ""weight"": 0.5}, {""p_home_win"": 0.9216796317179975, ""weight"": 0.25}]",-0.951597495508669,,elo,"{'home_advantage': 1.6012249065997854, 'scale': 0.08169269700663175, 'error_term': 12.785653642304627, 'win_prob_k': 6.062590091572423}",0.0,-7.0
2025-12-13,Orlando Magic,New York Knicks,120.0,132.0,False,False,2025-12-13|New York Knicks|Orlando Magic,,,,2025-12-13|New York Knicks|Orlando Magic,0.4790182619767117,"[{""p_home_win"": 0.0, ""weight"": 0.25}, {""p_home_win"": 0.4790182619767117, ""weight"": 0.5}, {""p_home_win"": 0.9580365239534234, ""weight"": 0.25}]",-0.50477684870854,,elo,"{'home_advantage': 1.5838385257375154, 'scale': 0.07996190995614127, 'error_term': 12.746831808147011, 'win_prob_k': 6.010946472776515}",0.0,-12.0
2025-12-13,Oklahoma City Thunder,San Antonio Spurs,109.0,111.0,False,False,2025-12-13|San Antonio Spurs|Oklahoma City Thunder,,,,2025-12-13|San Antonio Spurs|Oklahoma City Thunder,0.814013516234365,"[{""p_home_win"": 0.62802703246873, ""weight"": 0.25}, {""p_home_win"": 0.814013516234365, ""weight"": 0.5}, {""p_home_win"": 1.0, ""weight"": 0.25}]",8.873978114817689,,elo,"{'home_advantage': 1.5838385257375154, 'scale': 0.07996190995614127, 'error_term': 12.746831808147011, 'win_prob_k': 6.010946472776515}",0.0,-2.0
2025-12-14,Indiana Pacers,Washington Wizards,89.0,108.0,False,False,2025-12-14|Washington Wizards|Indiana Pacers,,,,2025-12-14|Washington Wizards|Indiana Pacers,0.6955399607226692,"[{""p_home_win"": 0.39107992144533843, ""weight"": 0.25}, {""p_home_win"": 0.6955399607226692, ""weight"": 0.5}, {""p_home_win"": 1.0, ""weight"": 0.25}]",5.044188823634559,,elo,"{'home_advantage': 1.5340434615233847, 'scale': 0.079986413517975, 'error_term': 12.756262269665445, 'win_prob_k': 6.105667544918859}",0.0,-19.0
2025-12-14,Cleveland Cavaliers,Charlotte Hornets,111.0,119.0,False,False,2025-12-14|Charlotte Hornets|Cleveland Cavaliers,,,,2025-12-14|Charlotte Hornets|Cleveland Cavaliers,0.8263494807914379,"[{""p_home_win"": 0.6526989615828758, ""weight"": 0.25}, {""p_home_win"": 0.8263494807914379, ""weight"": 0.5}, {""p_home_win"": 1.0, ""weight"": 0.25}]",9.524676609330166,,elo,"{'home_advantage': 1.5340434615233847, 'scale': 0.079986413517975, 'error_term': 12.756262269665445, 'win_prob_k': 6.105667544918859}",0.0,-8.0
2025-12-14,Atlanta Hawks,Philadelphia 76ers,120.0,117.0,False,False,2025-12-14|Philadelphia 76ers|Atlanta Hawks,,,,2025-12-14|Philadelphia 76ers|Atlanta Hawks,0.5030777158259134,"[{""p_home_win"": 0.006155431651826859, ""weight"": 0.25}, {""p_home_win"": 0.5030777158259134, ""weight"": 0.5}, {""p_home_win"": 1.0, ""weight"": 0.25}]",0.0751669878751342,,elo,"{'home_advantage': 1.5340434615233847, 'scale': 0.079986413517975, 'error_term': 12.756262269665445, 'win_prob_k': 6.105667544918859}",1.0,3.0
2025-12-14,Brooklyn Nets,Milwaukee Bucks,127.0,82.0,False,False,2025-12-14|Milwaukee Bucks|Brooklyn Nets,,,,2025-12-14|Milwaukee Bucks|Brooklyn Nets,0.3886511677012004,"[{""p_home_win"": 0.0, ""weight"": 0.25}, {""p_home_win"": 0.3886511677012004, ""weight"": 0.5}, {""p_home_win"": 0.7773023354024008, ""weight"": 0.25}]",-2.765778965641048,,elo,"{'home_advantage': 1.5340434615233847, 'scale': 0.079986413517975, 'error_term': 12.756262269665445, 'win_prob_k': 6.105667544918859}",1.0,45.0
2025-12-14,Chicago Bulls,New Orleans Pelicans,104.0,114.0,False,False,2025-12-14|New Orleans Pelicans|Chicago Bulls,,,,2025-12-14|New Orleans Pelicans|Chicago Bulls,0.7585952649377017,"[{""p_home_win"": 0.5171905298754034, ""weight"": 0.25}, {""p_home_win"": 0.7585952649377017, ""weight"": 0.5}, {""p_home_win"": 1.0, ""weight"": 0.25}]",6.990949431773815,,elo,"{'home_advantage': 1.5340434615233847, 'scale': 0.079986413517975, 'error_term': 12.756262269665445, 'win_prob_k': 6.105667544918859}",0.0,-10.0
2025-12-14,Minnesota Timberwolves,Sacramento Kings,117.0,103.0,False,False,2025-12-14|Sacramento Kings|Minnesota Timberwolves,,,,2025-12-14|Sacramento Kings|Minnesota Timberwolves,0.8802635141865265,"[{""p_home_win"": 0.760527028373053, ""weight"": 0.25}, {""p_home_win"": 0.8802635141865265, ""weight"": 0.5}, {""p_home_win"": 1.0, ""weight"": 0.25}]",12.180366741048083,,elo,"{'home_advantage': 1.5340434615233847, 'scale': 0.079986413517975, 'error_term': 12.756262269665445, 'win_prob_k': 6.105667544918859}",1.0,14.0
2025-12-14,Phoenix Suns,Los Angeles Lakers,114.0,116.0,False,False,2025-12-14|Los Angeles Lakers|Phoenix Suns,,,,2025-12-14|Los Angeles Lakers|Phoenix Suns,0.4437782213894093,"[{""p_home_win"": 0.0, ""weight"": 0.25}, {""p_home_win"": 0.4437782213894093, ""weight"": 0.5}, {""p_home_win"": 0.8875564427788186, ""weight"": 0.25}]",-1.378917151755718,,elo,"{'home_advantage': 1.5340434615233847, 'scale': 0.079986413517975, 'error_term': 12.756262269665445, 'win_prob_k': 6.105667544918859}",0.0,-2.0
2025-12-14,Portland Trail Blazers,Golden State Warriors,136.0,131.0,False,False,2025-12-14|Golden State Warriors|Portland Trail Blazers,,,,2025-12-14|Golden State Warriors|Portland Trail Blazers,0.39881454560315743,"[{""p_home_win"": 0.0, ""weight"": 0.25}, {""p_home_win"": 0.39881454560315743, ""weight"": 0.5}, {""p_home_win"": 0.7976290912063149, ""weight"": 0.25}]",-2.505808409795529,,elo,"{'home_advantage': 1.5340434615233847, 'scale': 0.079986413517975, 'error_term': 12.756262269665445, 'win_prob_k': 6.105667544918859}",1.0,5.0
2025-12-15,Boston Celtics,Detroit Pistons,105.0,112.0,False,False,2025-12-15|Detroit Pistons|Boston Celtics,,,,2025-12-15|Detroit Pistons|Boston Celtics,0.3766772641200978,"[{""p_home_win"": 0.0, ""weight"": 0.25}, {""p_home_win"": 0.3766772641200978, ""weight"": 0.5}, {""p_home_win"": 0.7533545282401956, ""weight"": 0.25}]",-3.1144309286724337,,elo,"{'home_advantage': 1.5787989161003007, 'scale': 0.07978201796684206, 'error_term': 12.962750887119912, 'win_prob_k': 6.1834056353955855}",0.0,-7.0
2025-12-15,Miami Heat,Toronto Raptors,96.0,106.0,False,False,2025-12-15|Toronto Raptors|Miami Heat,,,,2025-12-15|Toronto Raptors|Miami Heat,0.5627456108895533,"[{""p_home_win"": 0.12549122177910665, ""weight"": 0.25}, {""p_home_win"": 0.5627456108895533, ""weight"": 0.5}, {""p_home_win"": 1.0, ""weight"": 0.25}]",1.5601507107502404,,elo,"{'home_advantage': 1.5787989161003007, 'scale': 0.07978201796684206, 'error_term': 12.962750887119912, 'win_prob_k': 6.1834056353955855}",0.0,-10.0
2025-12-15,Utah Jazz,Dallas Mavericks,140.0,133.0,False,False,2025-12-15|Dallas Mavericks|Utah Jazz,,,,2025-12-15|Dallas Mavericks|Utah Jazz,0.5431643437866398,"[{""p_home_win"": 0.0863286875732796, ""weight"": 0.25}, {""p_home_win"": 0.5431643437866398, ""weight"": 0.5}, {""p_home_win"": 1.0, ""weight"": 0.25}]",1.0702746826642495,,elo,"{'home_advantage': 1.5787989161003007, 'scale': 0.07978201796684206, 'error_term': 12.962750887119912, 'win_prob_k': 6.1834056353955855}",1.0,7.0
2025-12-15,Denver Nuggets,Houston Rockets,128.0,125.0,False,False,2025-12-15|Houston Rockets|Denver Nuggets,,,,2025-12-15|Houston Rockets|Denver Nuggets,0.5876825247268759,"[{""p_home_win"": 0.17536504945375175, ""weight"": 0.25}, {""p_home_win"": 0.5876825247268759, ""weight"": 0.5}, {""p_home_win"": 1.0, ""weight"": 0.25}]",2.1913572469594853,,elo,"{'home_advantage': 1.5787989161003007, 'scale': 0.07978201796684206, 'error_term': 12.962750887119912, 'win_prob_k': 6.1834056353955855}",1.0,3.0
2025-12-15,Los Angeles Clippers,Memphis Grizzlies,103.0,121.0,False,False,2025-12-15|Memphis Grizzlies|Los Angeles Clippers,,,,2025-12-15|Memphis Grizzlies|Los Angeles Clippers,0.3258212150977091,"[{""p_home_win"": 0.0, ""weight"": 0.25}, {""p_home_win"": 0.3258212150977091, ""weight"": 0.5}, {""p_home_win"": 0.6516424301954182, ""weight"": 0.25}]",-4.496241915820399,,elo,"{'home_advantage': 1.5787989161003007, 'scale': 0.07978201796684206, 'error_term': 12.962750887119912, 'win_prob_k': 6.1834056353955855}",0.0,-18.0
2025-12-16,New York Knicks,San Antonio Spurs,124.0,113.0,False,False,2025-12-16|San Antonio Spurs|New York Knicks,,,,2025-12-16|San Antonio Spurs|New York Knicks,0.5624752603965211,"[{""p_home_win"": 0.12495052079304214, ""weight"": 0.25}, {""p_home_win"": 0.5624752603965211, ""weight"": 0.5}, {""p_home_win"": 1.0, ""weight"": 0.25}]",1.5298690103587345,,elo,"{'home_advantage': 1.5186741805299837, 'scale': 0.07798706823596382, 'error_term': 12.983457346346105, 'win_prob_k': 6.089905900918094}",1.0,11.0
2025-12-17,Chicago Bulls,Cleveland Cavaliers,127.0,111.0,False,False,2025-12-17|Cleveland Cavaliers|Chicago Bulls,,,,2025-12-17|Cleveland Cavaliers|Chicago Bulls,0.3351028308032709,"[{""p_home_win"": 0.0, ""weight"": 0.25}, {""p_home_win"": 0.3351028308032709, ""weight"": 0.5}, {""p_home_win"": 0.6702056616065418, ""weight"": 0.25}]",-4.187526652755091,,elo,"{'home_advantage': 1.5269632081094389, 'scale': 0.07805084941904017, 'error_term': 12.964564738637689, 'win_prob_k': 6.11143825703107}",1.0,16.0
2025-12-17,Minnesota Timberwolves,Memphis Grizzlies,110.0,116.0,False,False,2025-12-17|Memphis Grizzlies|Minnesota Timberwolves,,,,2025-12-17|Memphis Grizzlies|Minnesota Timberwolves,0.7515827716129637,"[{""p_home_win"": 0.5031655432259274, ""weight"": 0.25}, {""p_home_win"": 0.7515827716129637, ""weight"": 0.5}, {""p_home_win"": 1.0, ""weight"": 0.25}]",6.765799973388329,,elo,"{'home_advantage': 1.5269632081094389, 'scale': 0.07805084941904017, 'error_term': 12.964564738637689, 'win_prob_k': 6.11143825703107}",0.0,-6.0
2025-12-18,Charlotte Hornets,Atlanta Hawks,133.0,126.0,False,False,2025-12-18|Atlanta Hawks|Charlotte Hornets,,,,2025-12-18|Atlanta Hawks|Charlotte Hornets,0.2995279317342421,"[{""p_home_win"": 0.0, ""weight"": 0.25}, {""p_home_win"": 0.2995279317342421, ""weight"": 0.5}, {""p_home_win"": 0.5990558634684842, ""weight"": 0.25}]",-5.198370099736945,,elo,"{'home_advantage': 1.5603603257794145, 'scale': 0.07818291133698993, 'error_term': 12.994369186505466, 'win_prob_k': 6.118991912380485}",1.0,7.0
2025-12-18,Indiana Pacers,New York Knicks,113.0,114.0,False,False,2025-12-18|New York Knicks|Indiana Pacers,,,,2025-12-18|New York Knicks|Indiana Pacers,0.10389255774374054,"[{""p_home_win"": 0.0, ""weight"": 0.25}, {""p_home_win"": 0.10389255774374054, ""weight"": 0.5}, {""p_home_win"": 0.20778511548748108, ""weight"": 0.25}]",-13.184610551884449,,elo,"{'home_advantage': 1.5603603257794145, 'scale': 0.07818291133698993, 'error_term': 12.994369186505466, 'win_prob_k': 6.118991912380485}",0.0,-1.0
2025-12-18,Brooklyn Nets,Miami Heat,95.0,106.0,False,False,2025-12-18|Miami Heat|Brooklyn Nets,,,,2025-12-18|Miami Heat|Brooklyn Nets,0.31623954733598,"[{""p_home_win"": 0.0, ""weight"": 0.25}, {""p_home_win"": 0.31623954733598, ""weight"": 0.5}, {""p_home_win"": 0.63247909467196, ""weight"": 0.25}]",-4.718401494030936,,elo,"{'home_advantage': 1.5603603257794145, 'scale': 0.07818291133698993, 'error_term': 12.994369186505466, 'win_prob_k': 6.118991912380485}",0.0,-11.0
2025-12-18,Milwaukee Bucks,Toronto Raptors,105.0,111.0,False,False,2025-12-18|Toronto Raptors|Milwaukee Bucks,,,,2025-12-18|Toronto Raptors|Milwaukee Bucks,0.3458401412744271,"[{""p_home_win"": 0.0, ""weight"": 0.25}, {""p_home_win"": 0.3458401412744271, ""weight"": 0.5}, {""p_home_win"": 0.6916802825488542, ""weight"": 0.25}]",-3.9000931128606293,,elo,"{'home_advantage': 1.5603603257794145, 'scale': 0.07818291133698993, 'error_term': 12.994369186505466, 'win_prob_k': 6.118991912380485}",0.0,-6.0
2025-12-18,New Orleans Pelicans,Houston Rockets,133.0,128.0,False,False,2025-12-18|Houston Rockets|New Orleans Pelicans,,,,2025-12-18|Houston Rockets|New Orleans Pelicans,0.12414526990764854,"[{""p_home_win"": 0.0, ""weight"": 0.25}, {""p_home_win"": 0.12414526990764854, ""weight"": 0.5}, {""p_home_win"": 0.24829053981529708, ""weight"": 0.25}]",-11.954967186178923,,elo,"{'home_advantage': 1.5603603257794145, 'scale': 0.07818291133698993, 'error_term': 12.994369186505466, 'win_prob_k': 6.118991912380485}",1.0,5.0
2025-12-18,Oklahoma City Thunder,Los Angeles Clippers,122.0,101.0,False,False,2025-12-18|Los Angeles Clippers|Oklahoma City Thunder,,,,2025-12-18|Los Angeles Clippers|Oklahoma City Thunder,0.9720416788822818,"[{""p_home_win"": 0.9440833577645635, ""weight"": 0.25}, {""p_home_win"": 0.9720416788822818, ""weight"": 0.5}, {""p_home_win"": 1.0, ""weight"": 0.25}]",21.714367553473007,,elo,"{'home_advantage': 1.5603603257794145, 'scale': 0.07818291133698993, 'error_term': 12.994369186505466, 'win_prob_k': 6.118991912380485}",1.0,21.0
2025-12-18,San Antonio Spurs,Washington Wizards,119.0,94.0,False,False,2025-12-18|Washington Wizards|San Antonio Spurs,,,,2025-12-18|Washington Wizards|San Antonio Spurs,0.9358663312485128,"[{""p_home_win"": 0.8717326624970256, ""weight"": 0.25}, {""p_home_win"": 0.9358663312485128, ""weight"": 0.5}, {""p_home_win"": 1.0, ""weight"": 0.25}]",16.401977268648743,,elo,"{'home_advantage': 1.5603603257794145, 'scale': 0.07818291133698993, 'error_term': 12.994369186505466, 'win_prob_k': 6.118991912380485}",1.0,25.0
2025-12-18,Dallas Mavericks,Detroit Pistons,116.0,114.0,False,False,2025-12-18|Detroit Pistons|Dallas Mavericks,,,,2025-12-18|Detroit Pistons|Dallas Mavericks,0.1601892218456642,"[{""p_home_win"": 0.0, ""weight"": 0.25}, {""p_home_win"": 0.1601892218456642, ""weight"": 0.5}, {""p_home_win"": 0.3203784436913284, ""weight"": 0.25}]",-10.138073377461108,,elo,"{'home_advantage': 1.5603603257794145, 'scale': 0.07818291133698993, 'error_term': 12.994369186505466, 'win_prob_k': 6.118991912380485}",1.0,2.0
2025-12-18,Denver Nuggets,Orlando Magic,126.0,115.0,False,False,2025-12-18|Orlando Magic|Denver Nuggets,,,,2025-12-18|Orlando Magic|Denver Nuggets,0.7040173191735817,"[{""p_home_win"": 0.40803463834716336, ""weight"": 0.25}, {""p_home_win"": 0.7040173191735817, ""weight"": 0.5}, {""p_home_win"": 1.0, ""weight"": 0.25}]",5.302118822235541,,elo,"{'home_advantage': 1.5603603257794145, 'scale': 0.07818291133698993, 'error_term': 12.994369186505466, 'win_prob_k': 6.118991912380485}",1.0,11.0
2025-12-18,Phoenix Suns,Golden State Warriors,99.0,98.0,False,False,2025-12-18|Golden State Warriors|Phoenix Suns,,,,2025-12-18|Golden State Warriors|Phoenix Suns,0.6813034374829584,"[{""p_home_win"": 0.3626068749659168, ""weight"": 0.25}, {""p_home_win"": 0.6813034374829584, ""weight"": 0.5}, {""p_home_win"": 1.0, ""weight"": 0.25}]",4.64901637565557,,elo,"{'home_advantage': 1.5603603257794145, 'scale': 0.07818291133698993, 'error_term': 12.994369186505466, 'win_prob_k': 6.118991912380485}",1.0,1.0
2025-12-18,Utah Jazz,Los Angeles Lakers,135.0,143.0,False,False,2025-12-18|Los Angeles Lakers|Utah Jazz,,,,2025-12-18|Los Angeles Lakers|Utah Jazz,0.25923058006136546,"[{""p_home_win"": 0.0, ""weight"": 0.25}, {""p_home_win"": 0.25923058006136546, ""weight"": 0.5}, {""p_home_win"": 0.5184611601227309, ""weight"": 0.25}]",-6.424766912040401,,elo,"{'home_advantage': 1.5603603257794145, 'scale': 0.07818291133698993, 'error_term': 12.994369186505466, 'win_prob_k': 6.118991912380485}",0.0,-8.0
2025-12-18,Portland Trail Blazers,Sacramento Kings,134.0,133.0,False,False,2025-12-18|Sacramento Kings|Portland Trail Blazers,,,,2025-12-18|Sacramento Kings|Portland Trail Blazers,0.7121261884108411,"[{""p_home_win"": 0.42425237682168215, ""weight"": 0.25}, {""p_home_win"": 0.7121261884108411, ""weight"": 0.5}, {""p_home_win"": 1.0, ""weight"": 0.25}]",5.542172269736258,,elo,"{'home_advantage': 1.5603603257794145, 'scale': 0.07818291133698993, 'error_term': 12.994369186505466, 'win_prob_k': 6.118991912380485}",1.0,1.0
2025-12-19,Boston Celtics,Miami Heat,129.0,116.0,False,False,2025-12-19|Miami Heat|Boston Celtics,,,,2025-12-19|Miami Heat|Boston Celtics,0.6368051443173809,"[{""p_home_win"": 0.2736102886347618, ""weight"": 0.25}, {""p_home_win"": 0.6368051443173809, ""weight"": 0.5}, {""p_home_win"": 1.0, ""weight"": 0.25}]",3.45417796286427,,elo,"{'home_advantage': 1.6403648734118084, 'scale': 0.07606081186035883, 'error_term': 12.891370964733385, 'win_prob_k': 6.151431723751045}",1.0,13.0
2025-12-19,New York Knicks,Philadelphia 76ers,107.0,116.0,False,False,2025-12-19|Philadelphia 76ers|New York Knicks,,,,2025-12-19|Philadelphia 76ers|New York Knicks,0.7888209851261386,"[{""p_home_win"": 0.5776419702522773, ""weight"": 0.25}, {""p_home_win"": 0.7888209851261386, ""weight"": 0.5}, {""p_home_win"": 1.0, ""weight"": 0.25}]",8.106561084078189,,elo,"{'home_advantage': 1.6403648734118084, 'scale': 0.07606081186035883, 'error_term': 12.891370964733385, 'win_prob_k': 6.151431723751045}",0.0,-9.0
2025-12-19,Atlanta Hawks,San Antonio Spurs,98.0,126.0,False,False,2025-12-19|San Antonio Spurs|Atlanta Hawks,,,,2025-12-19|San Antonio Spurs|Atlanta Hawks,0.3420311034348224,"[{""p_home_win"": 0.0, ""weight"": 0.25}, {""p_home_win"": 0.3420311034348224, ""weight"": 0.5}, {""p_home_win"": 0.6840622068696448, ""weight"": 0.25}]",-4.024611002557457,,elo,"{'home_advantage': 1.6403648734118084, 'scale': 0.07606081186035883, 'error_term': 12.891370964733385, 'win_prob_k': 6.151431723751045}",0.0,-28.0
2025-12-19,Cleveland Cavaliers,Chicago Bulls,125.0,136.0,False,False,2025-12-19|Chicago Bulls|Cleveland Cavaliers,,,,2025-12-19|Chicago Bulls|Cleveland Cavaliers,0.705431546495922,"[{""p_home_win"": 0.410863092991844, ""weight"": 0.25}, {""p_home_win"": 0.705431546495922, ""weight"": 0.5}, {""p_home_win"": 1.0, ""weight"": 0.25}]",5.372035004752584,,elo,"{'home_advantage': 1.6403648734118084, 'scale': 0.07606081186035883, 'error_term': 12.891370964733385, 'win_prob_k': 6.151431723751045}",0.0,-11.0
2025-12-19,Minnesota Timberwolves,Oklahoma City Thunder,112.0,107.0,False,False,2025-12-19|Oklahoma City Thunder|Minnesota Timberwolves,,,,2025-12-19|Oklahoma City Thunder|Minnesota Timberwolves,0.24080457238075326,"[{""p_home_win"": 0.0, ""weight"": 0.25}, {""p_home_win"": 0.24080457238075326, ""weight"": 0.5}, {""p_home_win"": 0.4816091447615065, ""weight"": 0.25}]",-7.063526177546571,,elo,"{'home_advantage': 1.6403648734118084, 'scale': 0.07606081186035883, 'error_term': 12.891370964733385, 'win_prob_k': 6.151431723751045}",1.0,5.0
2025-12-20,Denver Nuggets,Houston Rockets,101.0,115.0,False,False,2025-12-20|Houston Rockets|Denver Nuggets,,,,2025-12-20|Houston Rockets|Denver Nuggets,0.7040590461334049,"[{""p_home_win"": 0.40811809226680973, ""weight"": 0.25}, {""p_home_win"": 0.7040590461334049, ""weight"": 0.5}, {""p_home_win"": 1.0, ""weight"": 0.25}]",5.411164262086396,,elo,"{'home_advantage': 1.5568663109580536, 'scale': 0.07636951408109939, 'error_term': 12.964415924722084, 'win_prob_k': 6.24339458282118}",0.0,-14.0
2025-12-20,New Orleans Pelicans,Indiana Pacers,128.0,109.0,False,False,2025-12-20|Indiana Pacers|New Orleans Pelicans,,,,2025-12-20|Indiana Pacers|New Orleans Pelicans,0.5661890683764131,"[{""p_home_win"": 0.13237813675282628, ""weight"": 0.25}, {""p_home_win"": 0.5661890683764131, ""weight"": 0.5}, {""p_home_win"": 1.0, ""weight"": 0.25}]",1.6627362734481368,,elo,"{'home_advantage': 1.5568663109580536, 'scale': 0.07636951408109939, 'error_term': 12.964415924722084, 'win_prob_k': 6.24339458282118}",1.0,19.0
2025-12-20,Philadelphia 76ers,Dallas Mavericks,121.0,114.0,False,False,2025-12-20|Dallas Mavericks|Philadelphia 76ers,,,,2025-12-20|Dallas Mavericks|Philadelphia 76ers,0.7050056754897989,"[{""p_home_win"": 0.41001135097959773, ""weight"": 0.25}, {""p_home_win"": 0.7050056754897989, ""weight"": 0.5}, {""p_home_win"": 1.0, ""weight"": 0.25}]",5.439555881488145,,elo,"{'home_advantage': 1.5568663109580536, 'scale': 0.07636951408109939, 'error_term': 12.964415924722084, 'win_prob_k': 6.24339458282118}",1.0,7.0
2025-12-20,Toronto Raptors,Boston Celtics,96.0,112.0,False,False,2025-12-20|Boston Celtics|Toronto Raptors,,,,2025-12-20|Boston Celtics|Toronto Raptors,0.5236277258778191,"[{""p_home_win"": 0.04725545175563828, ""weight"": 0.25}, {""p_home_win"": 0.5236277258778191, ""weight"": 0.5}, {""p_home_win"": 1.0, ""weight"": 0.25}]",0.5905086756424218,,elo,"{'home_advantage': 1.5568663109580536, 'scale': 0.07636951408109939, 'error_term': 12.964415924722084, 'win_prob_k': 6.24339458282118}",0.0,-16.0
2025-12-20,Detroit Pistons,Charlotte Hornets,112.0,86.0,False,False,2025-12-20|Charlotte Hornets|Detroit Pistons,,,,2025-12-20|Charlotte Hornets|Detroit Pistons,0.8943905576730488,"[{""p_home_win"": 0.7887811153460975, ""weight"": 0.25}, {""p_home_win"": 0.8943905576730488, ""weight"": 0.5}, {""p_home_win"": 1.0, ""weight"": 0.25}]",13.33835548341375,,elo,"{'home_advantage': 1.5568663109580536, 'scale': 0.07636951408109939, 'error_term': 12.964415924722084, 'win_prob_k': 6.24339458282118}",1.0,26.0
2025-12-20,Memphis Grizzlies,Washington Wizards,122.0,130.0,False,False,2025-12-20|Washington Wizards|Memphis Grizzlies,,,,2025-12-20|Washington Wizards|Memphis Grizzlies,0.8427262062297535,"[{""p_home_win"": 0.6854524124595069, ""weight"": 0.25}, {""p_home_win"": 0.8427262062297535, ""weight"": 0.5}, {""p_home_win"": 1.0, ""weight"": 0.25}]",10.480498817787803,,elo,"{'home_advantage': 1.5568663109580536, 'scale': 0.07636951408109939, 'error_term': 12.964415924722084, 'win_prob_k': 6.24339458282118}",0.0,-8.0
2025-12-20,Golden State Warriors,Phoenix Suns,119.0,116.0,False,False,2025-12-20|Phoenix Suns|Golden State Warriors,,,,2025-12-20|Phoenix Suns|Golden State Warriors,0.3891671593030475,"[{""p_home_win"": 0.0, ""weight"": 0.25}, {""p_home_win"": 0.3891671593030475, ""weight"": 0.5}, {""p_home_win"": 0.778334318606095, ""weight"": 0.25}]",-2.814612007030709,,elo,"{'home_advantage': 1.5568663109580536, 'scale': 0.07636951408109939, 'error_term': 12.964415924722084, 'win_prob_k': 6.24339458282118}",1.0,3.0
2025-12-20,Utah Jazz,Orlando Magic,127.0,128.0,False,False,2025-12-20|Orlando Magic|Utah Jazz,,,,2025-12-20|Orlando Magic|Utah Jazz,0.37436720743022067,"[{""p_home_win"": 0.0, ""weight"": 0.25}, {""p_home_win"": 0.37436720743022067, ""weight"": 0.5}, {""p_home_win"": 0.7487344148604413, ""weight"": 0.25}]",-3.206148267755303,,elo,"{'home_advantage': 1.5568663109580536, 'scale': 0.07636951408109939, 'error_term': 12.964415924722084, 'win_prob_k': 6.24339458282118}",0.0,-1.0
2025-12-20,Sacramento Kings,Portland Trail Blazers,93.0,98.0,False,False,2025-12-20|Portland Trail Blazers|Sacramento Kings,,,,2025-12-20|Portland Trail Blazers|Sacramento Kings,0.35832447007330476,"[{""p_home_win"": 0.0, ""weight"": 0.25}, {""p_home_win"": 0.35832447007330476, ""weight"": 0.5}, {""p_home_win"": 0.7166489401466095, ""weight"": 0.25}]",-3.6376754812941234,,elo,"{'home_advantage': 1.5568663109580536, 'scale': 0.07636951408109939, 'error_term': 12.964415924722084, 'win_prob_k': 6.24339458282118}",0.0,-5.0
2025-12-20,Los Angeles Clippers,Los Angeles Lakers,103.0,88.0,False,False,2025-12-20|Los Angeles Lakers|Los Angeles Clippers,,,,2025-12-20|Los Angeles Lakers|Los Angeles Clippers,0.10407159184497453,"[{""p_home_win"": 0.0, ""weight"": 0.25}, {""p_home_win"": 0.10407159184497453, ""weight"": 0.5}, {""p_home_win"": 0.20814318368994905, ""weight"": 0.25}]",-13.44066412241126,,elo,"{'home_advantage': 1.5568663109580536, 'scale': 0.07636951408109939, 'error_term': 12.964415924722084, 'win_prob_k': 6.24339458282118}",1.0,15.0
2025-12-21,Atlanta Hawks,Chicago Bulls,150.0,152.0,False,False,2025-12-21|Chicago Bulls|Atlanta Hawks,,,,2025-12-21|Chicago Bulls|Atlanta Hawks,0.6812500505223646,"[{""p_home_win"": 0.3625001010447293, ""weight"": 0.25}, {""p_home_win"": 0.6812500505223646, ""weight"": 0.5}, {""p_home_win"": 1.0, ""weight"": 0.25}]",4.861702493507837,,elo,"{'home_advantage': 1.613993142213966, 'scale': 0.0781563862761301, 'error_term': 12.902544845577028, 'win_prob_k': 6.4009987954969}",0.0,-2.0
2025-12-21,Brooklyn Nets,Toronto Raptors,96.0,81.0,False,False,2025-12-21|Toronto Raptors|Brooklyn Nets,,,,2025-12-21|Toronto Raptors|Brooklyn Nets,0.25924262822534094,"[{""p_home_win"": 0.0, ""weight"": 0.25}, {""p_home_win"": 0.25924262822534094, ""weight"": 0.5}, {""p_home_win"": 0.5184852564506819, ""weight"": 0.25}]",-6.720464493539843,,elo,"{'home_advantage': 1.613993142213966, 'scale': 0.0781563862761301, 'error_term': 12.902544845577028, 'win_prob_k': 6.4009987954969}",1.0,15.0
2025-12-21,New York Knicks,Miami Heat,132.0,125.0,False,False,2025-12-21|Miami Heat|New York Knicks,,,,2025-12-21|Miami Heat|New York Knicks,0.7823201123310376,"[{""p_home_win"": 0.5646402246620752, ""weight"": 0.25}, {""p_home_win"": 0.7823201123310376, ""weight"": 0.5}, {""p_home_win"": 1.0, ""weight"": 0.25}]",8.188403644166167,,elo,"{'home_advantage': 1.613993142213966, 'scale': 0.0781563862761301, 'error_term': 12.902544845577028, 'win_prob_k': 6.4009987954969}",1.0,7.0
2025-12-21,Minnesota Timberwolves,Milwaukee Bucks,103.0,100.0,False,False,2025-12-21|Milwaukee Bucks|Minnesota Timberwolves,,,,2025-12-21|Milwaukee Bucks|Minnesota Timberwolves,0.8241543670422249,"[{""p_home_win"": 0.6483087340844498, ""weight"": 0.25}, {""p_home_win"": 0.8241543670422249, ""weight"": 0.5}, {""p_home_win"": 1.0, ""weight"": 0.25}]",9.887951378993696,,elo,"{'home_advantage': 1.613993142213966, 'scale': 0.0781563862761301, 'error_term': 12.902544845577028, 'win_prob_k': 6.4009987954969}",1.0,3.0
2025-12-21,Washington Wizards,San Antonio Spurs,113.0,124.0,False,False,2025-12-21|San Antonio Spurs|Washington Wizards,,,,2025-12-21|San Antonio Spurs|Washington Wizards,0.10688325480983833,"[{""p_home_win"": 0.0, ""weight"": 0.25}, {""p_home_win"": 0.10688325480983833, ""weight"": 0.5}, {""p_home_win"": 0.21376650961967666, ""weight"": 0.25}]",-13.589193343111075,,elo,"{'home_advantage': 1.613993142213966, 'scale': 0.0781563862761301, 'error_term': 12.902544845577028, 'win_prob_k': 6.4009987954969}",0.0,-11.0
2025-12-21,Sacramento Kings,Houston Rockets,125.0,124.0,False,False,2025-12-21|Houston Rockets|Sacramento Kings,,,,2025-12-21|Houston Rockets|Sacramento Kings,0.14168539500899865,"[{""p_home_win"": 0.0, ""weight"": 0.25}, {""p_home_win"": 0.14168539500899865, ""weight"": 0.5}, {""p_home_win"": 0.2833707900179973, ""weight"": 0.25}]",-11.530513644249439,,elo,"{'home_advantage': 1.613993142213966, 'scale': 0.0781563862761301, 'error_term': 12.902544845577028, 'win_prob_k': 6.4009987954969}",1.0,1.0
2025-12-22,Cleveland Cavaliers,Charlotte Hornets,139.0,132.0,False,False,2025-12-22|Charlotte Hornets|Cleveland Cavaliers,,,,2025-12-22|Charlotte Hornets|Cleveland Cavaliers,0.6871994860373718,"[{""p_home_win"": 0.3743989720747436, ""weight"": 0.25}, {""p_home_win"": 0.6871994860373718, ""weight"": 0.5}, {""p_home_win"": 1.0, ""weight"": 0.25}]",5.05017682449022,,elo,"{'home_advantage': 1.6393555080843678, 'scale': 0.077141109578867, 'error_term': 12.905905676763672, 'win_prob_k': 6.416516437322461}",1.0,7.0
2025-12-22,Boston Celtics,Indiana Pacers,103.0,95.0,False,False,2025-12-22|Indiana Pacers|Boston Celtics,,,,2025-12-22|Indiana Pacers|Boston Celtics,0.9029221366988238,"[{""p_home_win"": 0.8058442733976476, ""weight"": 0.25}, {""p_home_win"": 0.9029221366988238, ""weight"": 0.5}, {""p_home_win"": 1.0, ""weight"": 0.25}]",14.309620574902151,,elo,"{'home_advantage': 1.6393555080843678, 'scale': 0.077141109578867, 'error_term': 12.905905676763672, 'win_prob_k': 6.416516437322461}",1.0,8.0
2025-12-22,New Orleans Pelicans,Dallas Mavericks,119.0,113.0,False,False,2025-12-22|Dallas Mavericks|New Orleans Pelicans,,,,2025-12-22|Dallas Mavericks|New Orleans Pelicans,0.39894072995234114,"[{""p_home_win"": 0.0, ""weight"": 0.25}, {""p_home_win"": 0.39894072995234114, ""weight"": 0.5}, {""p_home_win"": 0.7978814599046823, ""weight"": 0.25}]",-2.6300061805551644,,elo,"{'home_advantage': 1.6393555080843678, 'scale': 0.077141109578867, 'error_term': 12.905905676763672, 'win_prob_k': 6.416516437322461}",1.0,6.0
2025-12-22,Denver Nuggets,Utah Jazz,135.0,112.0,False,False,2025-12-22|Utah Jazz|Denver Nuggets,,,,2025-12-22|Utah Jazz|Denver Nuggets,0.8518906650337461,"[{""p_home_win"": 0.7037813300674922, ""weight"": 0.25}, {""p_home_win"": 0.8518906650337461, ""weight"": 0.5}, {""p_home_win"": 1.0, ""weight"": 0.25}]",11.225743248381965,,elo,"{'home_advantage': 1.6393555080843678, 'scale': 0.077141109578867, 'error_term': 12.905905676763672, 'win_prob_k': 6.416516437322461}",1.0,23.0
2025-12-22,Oklahoma City Thunder,Memphis Grizzlies,119.0,103.0,False,False,2025-12-22|Memphis Grizzlies|Oklahoma City Thunder,,,,2025-12-22|Memphis Grizzlies|Oklahoma City Thunder,0.8959119681900245,"[{""p_home_win"": 0.791823936380049, ""weight"": 0.25}, {""p_home_win"": 0.8959119681900245, ""weight"": 0.5}, {""p_home_win"": 1.0, ""weight"": 0.25}]",13.812226376500709,,elo,"{'home_advantage': 1.6393555080843678, 'scale': 0.077141109578867, 'error_term': 12.905905676763672, 'win_prob_k': 6.416516437322461}",1.0,16.0
2025-12-22,Golden State Warriors,Orlando Magic,120.0,97.0,False,False,2025-12-22|Orlando Magic|Golden State Warriors,,,,2025-12-22|Orlando Magic|Golden State Warriors,0.407500820688435,"[{""p_home_win"": 0.0, ""weight"": 0.25}, {""p_home_win"": 0.407500820688435, ""weight"": 0.5}, {""p_home_win"": 0.81500164137687, ""weight"": 0.25}]",-2.4017440744761442,,elo,"{'home_advantage': 1.6393555080843678, 'scale': 0.077141109578867, 'error_term': 12.905905676763672, 'win_prob_k': 6.416516437322461}",1.0,23.0
2025-12-22,Portland Trail Blazers,Detroit Pistons,102.0,110.0,False,False,2025-12-22|Detroit Pistons|Portland Trail Blazers,,,,2025-12-22|Detroit Pistons|Portland Trail Blazers,0.2126861377038943,"[{""p_home_win"": 0.0, ""weight"": 0.25}, {""p_home_win"": 0.2126861377038943, ""weight"": 0.5}, {""p_home_win"": 0.4253722754077886, ""weight"": 0.25}]",-8.397997223072347,,elo,"{'home_advantage': 1.6393555080843678, 'scale': 0.077141109578867, 'error_term': 12.905905676763672, 'win_prob_k': 6.416516437322461}",0.0,-8.0
2025-12-23,Charlotte Hornets,Washington Wizards,126.0,109.0,False,False,2025-12-23|Washington Wizards|Charlotte Hornets,,,,2025-12-23|Washington Wizards|Charlotte Hornets,0.6811383570636372,"[{""p_home_win"": 0.36227671412727447, ""weight"": 0.25}, {""p_home_win"": 0.6811383570636372, ""weight"": 0.5}, {""p_home_win"": 1.0, ""weight"": 0.25}]",4.825865968079528,,elo,"{'home_advantage': 1.7331641037369574, 'scale': 0.07554301631876968, 'error_term': 12.853524506022312, 'win_prob_k': 6.3581212790193895}",1.0,17.0
2025-12-23,Philadelphia 76ers,Brooklyn Nets,106.0,114.0,False,False,2025-12-23|Brooklyn Nets|Philadelphia 76ers,,,,2025-12-23|Brooklyn Nets|Philadelphia 76ers,0.8221717054259683,"[{""p_home_win"": 0.6443434108519366, ""weight"": 0.25}, {""p_home_win"": 0.8221717054259683, ""weight"": 0.5}, {""p_home_win"": 1.0, ""weight"": 0.25}]",9.735115403835986,,elo,"{'home_advantage': 1.7331641037369574, 'scale': 0.07554301631876968, 'error_term': 12.853524506022312, 'win_prob_k': 6.3581212790193895}",0.0,-8.0
2025-12-23,Atlanta Hawks,Chicago Bulls,123.0,126.0,False,False,2025-12-23|Chicago Bulls|Atlanta Hawks,,,,2025-12-23|Chicago Bulls|Atlanta Hawks,0.622552150330631,"[{""p_home_win"": 0.2451043006612621, ""weight"": 0.25}, {""p_home_win"": 0.622552150330631, ""weight"": 0.5}, {""p_home_win"": 1.0, ""weight"": 0.25}]",3.181572020396831,,elo,"{'home_advantage': 1.7331641037369574, 'scale': 0.07554301631876968, 'error_term': 12.853524506022312, 'win_prob_k': 6.3581212790193895}",0.0,-3.0
2025-12-23,Cleveland Cavaliers,New Orleans Pelicans,141.0,118.0,False,False,2025-12-23|New Orleans Pelicans|Cleveland Cavaliers,,,,2025-12-23|New Orleans Pelicans|Cleveland Cavaliers,0.7435993517476389,"[{""p_home_win"": 0.48719870349527783, ""weight"": 0.25}, {""p_home_win"": 0.7435993517476389, ""weight"": 0.5}, {""p_home_win"": 1.0, ""weight"": 0.25}]",6.769880402447378,,elo,"{'home_advantage': 1.7331641037369574, 'scale': 0.07554301631876968, 'error_term': 12.853524506022312, 'win_prob_k': 6.3581212790193895}",1.0,23.0
2025-12-23,Indiana Pacers,Milwaukee Bucks,94.0,111.0,False,False,2025-12-23|Milwaukee Bucks|Indiana Pacers,,,,2025-12-23|Milwaukee Bucks|Indiana Pacers,0.4069592557625671,"[{""p_home_win"": 0.0, ""weight"": 0.25}, {""p_home_win"": 0.4069592557625671, ""weight"": 0.5}, {""p_home_win"": 0.8139185115251342, ""weight"": 0.25}]",-2.3941507809993468,,elo,"{'home_advantage': 1.7331641037369574, 'scale': 0.07554301631876968, 'error_term': 12.853524506022312, 'win_prob_k': 6.3581212790193895}",0.0,-17.0
2025-12-23,Miami Heat,Toronto Raptors,91.0,112.0,False,False,2025-12-23|Toronto Raptors|Miami Heat,,,,2025-12-23|Toronto Raptors|Miami Heat,0.5240631932336087,"[{""p_home_win"": 0.04812638646721745, ""weight"": 0.25}, {""p_home_win"": 0.5240631932336087, ""weight"": 0.5}, {""p_home_win"": 1.0, ""weight"": 0.25}]",0.6124599456766573,,elo,"{'home_advantage': 1.7331641037369574, 'scale': 0.07554301631876968, 'error_term': 12.853524506022312, 'win_prob_k': 6.3581212790193895}",0.0,-21.0
2025-12-23,Dallas Mavericks,Denver Nuggets,131.0,130.0,False,False,2025-12-23|Denver Nuggets|Dallas Mavericks,,,,2025-12-23|Denver Nuggets|Dallas Mavericks,0.2078831434245585,"[{""p_home_win"": 0.0, ""weight"": 0.25}, {""p_home_win"": 0.2078831434245585, ""weight"": 0.5}, {""p_home_win"": 0.415766286849117, ""weight"": 0.25}]",-8.505467481423407,,elo,"{'home_advantage': 1.7331641037369574, 'scale': 0.07554301631876968, 'error_term': 12.853524506022312, 'win_prob_k': 6.3581212790193895}",1.0,1.0
2025-12-23,Minnesota Timberwolves,New York Knicks,115.0,104.0,False,False,2025-12-23|New York Knicks|Minnesota Timberwolves,,,,2025-12-23|New York Knicks|Minnesota Timberwolves,0.4645779574640463,"[{""p_home_win"": 0.0, ""weight"": 0.25}, {""p_home_win"": 0.4645779574640463, ""weight"": 0.5}, {""p_home_win"": 0.9291559149280926, ""weight"": 0.25}]",-0.9023822460985589,,elo,"{'home_advantage': 1.7331641037369574, 'scale': 0.07554301631876968, 'error_term': 12.853524506022312, 'win_prob_k': 6.3581212790193895}",1.0,11.0
2025-12-23,San Antonio Spurs,Oklahoma City Thunder,130.0,110.0,False,False,2025-12-23|Oklahoma City Thunder|San Antonio Spurs,,,,2025-12-23|Oklahoma City Thunder|San Antonio Spurs,0.40744082574438917,"[{""p_home_win"": 0.0, ""weight"": 0.25}, {""p_home_win"": 0.40744082574438917, ""weight"": 0.5}, {""p_home_win"": 0.8148816514887783, ""weight"": 0.25}]",-2.3814663124117574,,elo,"{'home_advantage': 1.7331641037369574, 'scale': 0.07554301631876968, 'error_term': 12.853524506022312, 'win_prob_k': 6.3581212790193895}",1.0,20.0
2025-12-23,Phoenix Suns,Los Angeles Lakers,132.0,108.0,False,False,2025-12-23|Los Angeles Lakers|Phoenix Suns,,,,2025-12-23|Los Angeles Lakers|Phoenix Suns,0.4228709842548637,"[{""p_home_win"": 0.0, ""weight"": 0.25}, {""p_home_win"": 0.4228709842548637, ""weight"": 0.5}, {""p_home_win"": 0.8457419685097274, ""weight"": 0.25}]",-1.9773675045463077,,elo,"{'home_advantage': 1.7331641037369574, 'scale': 0.07554301631876968, 'error_term': 12.853524506022312, 'win_prob_k': 6.3581212790193895}",1.0,24.0
2025-12-23,Utah Jazz,Memphis Grizzlies,128.0,137.0,False,False,2025-12-23|Memphis Grizzlies|Utah Jazz,,,,2025-12-23|Memphis Grizzlies|Utah Jazz,0.499007191536014,"[{""p_home_win"": 0.0, ""weight"": 0.25}, {""p_home_win"": 0.499007191536014, ""weight"": 0.5}, {""p_home_win"": 0.998014383072028, ""weight"": 0.25}]",-0.025249619667153,,elo,"{'home_advantage': 1.7331641037369574, 'scale': 0.07554301631876968, 'error_term': 12.853524506022312, 'win_prob_k': 6.3581212790193895}",0.0,-9.0
2025-12-23,Portland Trail Blazers,Orlando Magic,106.0,110.0,False,False,2025-12-23|Orlando Magic|Portland Trail Blazers,,,,2025-12-23|Orlando Magic|Portland Trail Blazers,0.3886096460509961,"[{""p_home_win"": 0.0, ""weight"": 0.25}, {""p_home_win"": 0.3886096460509961, ""weight"": 0.5}, {""p_home_win"": 0.7772192921019923, ""weight"": 0.25}]",-2.881247975441033,,elo,"{'home_advantage': 1.7331641037369574, 'scale': 0.07554301631876968, 'error_term': 12.853524506022312, 'win_prob_k': 6.3581212790193895}",0.0,-4.0
2025-12-23,Sacramento Kings,Detroit Pistons,127.0,136.0,False,False,2025-12-23|Detroit Pistons|Sacramento Kings,,,,2025-12-23|Detroit Pistons|Sacramento Kings,0.10180924541927225,"[{""p_home_win"": 0.0, ""weight"": 0.25}, {""p_home_win"": 0.10180924541927225, ""weight"": 0.5}, {""p_home_win"": 0.2036184908385445, ""weight"": 0.25}]",-13.843420140060088,,elo,"{'home_advantage': 1.7331641037369574, 'scale': 0.07554301631876968, 'error_term': 12.853524506022312, 'win_prob_k': 6.3581212790193895}",0.0,-9.0
2025-12-23,Los Angeles Clippers,Houston Rockets,128.0,108.0,False,False,2025-12-23|Houston Rockets|Los Angeles Clippers,,,,2025-12-23|Houston Rockets|Los Angeles Clippers,0.2015420940032922,"[{""p_home_win"": 0.0, ""weight"": 0.25}, {""p_home_win"": 0.2015420940032922, ""weight"": 0.5}, {""p_home_win"": 0.4030841880065844, ""weight"": 0.25}]",-8.75312375290777,,elo,"{'home_advantage': 1.7331641037369574, 'scale': 0.07554301631876968, 'error_term': 12.853524506022312, 'win_prob_k': 6.3581212790193895}",1.0,20.0
2025-12-25,New York Knicks,Cleveland Cavaliers,126.0,124.0,False,False,2025-12-25|Cleveland Cavaliers|New York Knicks,,,,2025-12-25|Cleveland Cavaliers|New York Knicks,0.7817991997286575,"[{""p_home_win"": 0.563598399457315, ""weight"": 0.25}, {""p_home_win"": 0.7817991997286575, ""weight"": 0.5}, {""p_home_win"": 1.0, ""weight"": 0.25}]",8.22503656332121,,elo,"{'home_advantage': 1.8478065995340187, 'scale': 0.07483710006032467, 'error_term': 12.978607318920938, 'win_prob_k': 6.445033190344098}",1.0,2.0
2025-12-25,Oklahoma City Thunder,San Antonio Spurs,102.0,117.0,False,False,2025-12-25|San Antonio Spurs|Oklahoma City Thunder,,,,2025-12-25|San Antonio Spurs|Oklahoma City Thunder,0.6571934346802467,"[{""p_home_win"": 0.3143868693604934, ""weight"": 0.25}, {""p_home_win"": 0.6571934346802467, ""weight"": 0.5}, {""p_home_win"": 1.0, ""weight"": 0.25}]",4.194505312529496,,elo,"{'home_advantage': 1.8478065995340187, 'scale': 0.07483710006032467, 'error_term': 12.978607318920938, 'win_prob_k': 6.445033190344098}",0.0,-15.0
2025-12-25,Golden State Warriors,Dallas Mavericks,126.0,116.0,False,False,2025-12-25|Dallas Mavericks|Golden State Warriors,,,,2025-12-25|Dallas Mavericks|Golden State Warriors,0.6507542249633785,"[{""p_home_win"": 0.30150844992675707, ""weight"": 0.25}, {""p_home_win"": 0.6507542249633785, ""weight"": 0.5}, {""p_home_win"": 1.0, ""weight"": 0.25}]",4.01110594943882,,elo,"{'home_advantage': 1.8478065995340187, 'scale': 0.07483710006032467, 'error_term': 12.978607318920938, 'win_prob_k': 6.445033190344098}",1.0,10.0
2025-12-25,Los Angeles Lakers,Houston Rockets,96.0,119.0,False,False,2025-12-25|Houston Rockets|Los Angeles Lakers,,,,2025-12-25|Houston Rockets|Los Angeles Lakers,0.6529054855630523,"[{""p_home_win"": 0.30581097112610456, ""weight"": 0.25}, {""p_home_win"": 0.6529054855630523, ""weight"": 0.5}, {""p_home_win"": 1.0, ""weight"": 0.25}]",4.072199229532221,,elo,"{'home_advantage': 1.8478065995340187, 'scale': 0.07483710006032467, 'error_term': 12.978607318920938, 'win_prob_k': 6.445033190344098}",0.0,-23.0
2025-12-25,Denver Nuggets,Minnesota Timberwolves,142.0,138.0,False,False,2025-12-25|Minnesota Timberwolves|Denver Nuggets,,,,2025-12-25|Minnesota Timberwolves|Denver Nuggets,0.5906877865492001,"[{""p_home_win"": 0.18137557309840013, ""weight"": 0.25}, {""p_home_win"": 0.5906877865492001, ""weight"": 0.5}, {""p_home_win"": 1.0, ""weight"": 0.25}]",2.3640985961649776,,elo,"{'home_advantage': 1.8478065995340187, 'scale': 0.07483710006032467, 'error_term': 12.978607318920938, 'win_prob_k': 6.445033190344098}",1.0,4.0
2025-12-26,Atlanta Hawks,Miami Heat,111.0,126.0,False,False,2025-12-26|Miami Heat|Atlanta Hawks,,,,2025-12-26|Miami Heat|Atlanta Hawks,0.5383360566431374,"[{""p_home_win"": 0.07667211328627488, ""weight"": 0.25}, {""p_home_win"": 0.5383360566431374, ""weight"": 0.5}, {""p_home_win"": 1.0, ""weight"": 0.25}]",0.9909399259643482,,elo,"{'home_advantage': 1.7810853142258893, 'scale': 0.07485532348505211, 'error_term': 12.966497420339225, 'win_prob_k': 6.449509776569789}",0.0,-15.0
2025-12-26,Indiana Pacers,Boston Celtics,122.0,140.0,False,False,2025-12-26|Boston Celtics|Indiana Pacers,,,,2025-12-26|Boston Celtics|Indiana Pacers,0.13493420926336225,"[{""p_home_win"": 0.0, ""weight"": 0.25}, {""p_home_win"": 0.13493420926336225, ""weight"": 0.5}, {""p_home_win"": 0.2698684185267245, ""weight"": 0.25}]",-11.983306815755082,,elo,"{'home_advantage': 1.7810853142258893, 'scale': 0.07485532348505211, 'error_term': 12.966497420339225, 'win_prob_k': 6.449509776569789}",0.0,-18.0
2025-12-26,Orlando Magic,Charlotte Hornets,105.0,120.0,False,False,2025-12-26|Charlotte Hornets|Orlando Magic,,,,2025-12-26|Charlotte Hornets|Orlando Magic,0.8055014891650805,"[{""p_home_win"": 0.6110029783301609, ""weight"": 0.25}, {""p_home_win"": 0.8055014891650805, ""weight"": 0.5}, {""p_home_win"": 1.0, ""weight"": 0.25}]",9.165014885996849,,elo,"{'home_advantage': 1.7810853142258893, 'scale': 0.07485532348505211, 'error_term': 12.966497420339225, 'win_prob_k': 6.449509776569789}",0.0,-15.0
2025-12-26,Washington Wizards,Toronto Raptors,138.0,117.0,False,False,2025-12-26|Toronto Raptors|Washington Wizards,,,,2025-12-26|Toronto Raptors|Washington Wizards,0.20454388088076242,"[{""p_home_win"": 0.0, ""weight"": 0.25}, {""p_home_win"": 0.20454388088076242, ""weight"": 0.5}, {""p_home_win"": 0.40908776176152484, ""weight"": 0.25}]",-8.759293067337817,,elo,"{'home_advantage': 1.7810853142258893, 'scale': 0.07485532348505211, 'error_term': 12.966497420339225, 'win_prob_k': 6.449509776569789}",1.0,21.0
2025-12-26,Chicago Bulls,Philadelphia 76ers,109.0,102.0,False,False,2025-12-26|Philadelphia 76ers|Chicago Bulls,,,,2025-12-26|Philadelphia 76ers|Chicago Bulls,0.4378693576178987,"[{""p_home_win"": 0.0, ""weight"": 0.25}, {""p_home_win"": 0.4378693576178987, ""weight"": 0.5}, {""p_home_win"": 0.8757387152357974, ""weight"": 0.25}]",-1.6111758168047303,,elo,"{'home_advantage': 1.7810853142258893, 'scale': 0.07485532348505211, 'error_term': 12.966497420339225, 'win_prob_k': 6.449509776569789}",1.0,7.0
2025-12-26,Memphis Grizzlies,Milwaukee Bucks,125.0,104.0,False,False,2025-12-26|Milwaukee Bucks|Memphis Grizzlies,,,,2025-12-26|Milwaukee Bucks|Memphis Grizzlies,0.6728244855865851,"[{""p_home_win"": 0.3456489711731703, ""weight"": 0.25}, {""p_home_win"": 0.6728244855865851, ""weight"": 0.5}, {""p_home_win"": 1.0, ""weight"": 0.25}]",4.650017434879789,,elo,"{'home_advantage': 1.7810853142258893, 'scale': 0.07485532348505211, 'error_term': 12.966497420339225, 'win_prob_k': 6.449509776569789}",1.0,21.0
2025-12-26,New Orleans Pelicans,Phoenix Suns,108.0,115.0,False,False,2025-12-26|Phoenix Suns|New Orleans Pelicans,,,,2025-12-26|Phoenix Suns|New Orleans Pelicans,0.2536194168709883,"[{""p_home_win"": 0.0, ""weight"": 0.25}, {""p_home_win"": 0.2536194168709883, ""weight"": 0.5}, {""p_home_win"": 0.5072388337419766, ""weight"": 0.25}]",-6.961606338687581,,elo,"{'home_advantage': 1.7810853142258893, 'scale': 0.07485532348505211, 'error_term': 12.966497420339225, 'win_prob_k': 6.449509776569789}",0.0,-7.0
2025-12-26,Utah Jazz,Detroit Pistons,131.0,129.0,False,False,2025-12-26|Detroit Pistons|Utah Jazz,,,,2025-12-26|Detroit Pistons|Utah Jazz,0.15521752362029342,"[{""p_home_win"": 0.0, ""weight"": 0.25}, {""p_home_win"": 0.15521752362029342, ""weight"": 0.5}, {""p_home_win"": 0.31043504724058685, ""weight"": 0.25}]",-10.927092635563795,,elo,"{'home_advantage': 1.7810853142258893, 'scale': 0.07485532348505211, 'error_term': 12.966497420339225, 'win_prob_k': 6.449509776569789}",1.0,2.0
2025-12-26,Portland Trail Blazers,Los Angeles Clippers,103.0,119.0,False,False,2025-12-26|Los Angeles Clippers|Portland Trail Blazers,,,,2025-12-26|Los Angeles Clippers|Portland Trail Blazers,0.6791161044225603,"[{""p_home_win"": 0.35823220884512064, ""weight"": 0.25}, {""p_home_win"": 0.6791161044225603, ""weight"": 0.5}, {""p_home_win"": 1.0, ""weight"": 0.25}]",4.835279675386365,,elo,"{'home_advantage': 1.7810853142258893, 'scale': 0.07485532348505211, 'error_term': 12.966497420339225, 'win_prob_k': 6.449509776569789}",0.0,-16.0
2025-12-27,Sacramento Kings,Dallas Mavericks,113.0,107.0,False,False,2025-12-27|Dallas Mavericks|Sacramento Kings,,,,2025-12-27|Dallas Mavericks|Sacramento Kings,0.39398464450866827,"[{""p_home_win"": 0.0, ""weight"": 0.25}, {""p_home_win"": 0.39398464450866827, ""weight"": 0.5}, {""p_home_win"": 0.7879692890173365, ""weight"": 0.25}]",-2.826350574004449,,elo,"{'home_advantage': 1.7980193166080942, 'scale': 0.07516073886553591, 'error_term': 13.058983075369813, 'win_prob_k': 6.563850356400989}",1.0,6.0
2025-12-27,New Orleans Pelicans,Phoenix Suns,114.0,123.0,False,False,2025-12-27|Phoenix Suns|New Orleans Pelicans,,,,2025-12-27|Phoenix Suns|New Orleans Pelicans,0.2282435999465058,"[{""p_home_win"": 0.0, ""weight"": 0.25}, {""p_home_win"": 0.2282435999465058, ""weight"": 0.5}, {""p_home_win"": 0.4564871998930116, ""weight"": 0.25}]",-7.996446645850259,,elo,"{'home_advantage': 1.7980193166080942, 'scale': 0.07516073886553591, 'error_term': 13.058983075369813, 'win_prob_k': 6.563850356400989}",0.0,-9.0
2025-12-27,Orlando Magic,Denver Nuggets,127.0,126.0,False,False,2025-12-27|Denver Nuggets|Orlando Magic,,,,2025-12-27|Denver Nuggets|Orlando Magic,0.386937801651307,"[{""p_home_win"": 0.0, ""weight"": 0.25}, {""p_home_win"": 0.386937801651307, ""weight"": 0.5}, {""p_home_win"": 0.773875603302614, ""weight"": 0.25}]",-3.0206999197387585,,elo,"{'home_advantage': 1.7980193166080942, 'scale': 0.07516073886553591, 'error_term': 13.058983075369813, 'win_prob_k': 6.563850356400989}",1.0,1.0
2025-12-27,Atlanta Hawks,New York Knicks,125.0,128.0,False,False,2025-12-27|New York Knicks|Atlanta Hawks,,,,2025-12-27|New York Knicks|Atlanta Hawks,0.2374989251366827,"[{""p_home_win"": 0.0, ""weight"": 0.25}, {""p_home_win"": 0.2374989251366827, ""weight"": 0.5}, {""p_home_win"": 0.4749978502733654, ""weight"": 0.25}]",-7.656342994789918,,elo,"{'home_advantage': 1.7980193166080942, 'scale': 0.07516073886553591, 'error_term': 13.058983075369813, 'win_prob_k': 6.563850356400989}",0.0,-3.0
2025-12-27,Chicago Bulls,Milwaukee Bucks,103.0,112.0,False,False,2025-12-27|Milwaukee Bucks|Chicago Bulls,,,,2025-12-27|Milwaukee Bucks|Chicago Bulls,0.6974850914636086,"[{""p_home_win"": 0.3949701829272172, ""weight"": 0.25}, {""p_home_win"": 0.6974850914636086, ""weight"": 0.5}, {""p_home_win"": 1.0, ""weight"": 0.25}]",5.483116192716048,,elo,"{'home_advantage': 1.7980193166080942, 'scale': 0.07516073886553591, 'error_term': 13.058983075369813, 'win_prob_k': 6.563850356400989}",0.0,-9.0
2025-12-27,Houston Rockets,Cleveland Cavaliers,117.0,100.0,False,False,2025-12-27|Cleveland Cavaliers|Houston Rockets,,,,2025-12-27|Cleveland Cavaliers|Houston Rockets,0.6972871327649028,"[{""p_home_win"": 0.3945742655298057, ""weight"": 0.25}, {""p_home_win"": 0.6972871327649028, ""weight"": 0.5}, {""p_home_win"": 1.0, ""weight"": 0.25}]",5.4769591647871945,,elo,"{'home_advantage': 1.7980193166080942, 'scale': 0.07516073886553591, 'error_term': 13.058983075369813, 'win_prob_k': 6.563850356400989}",1.0,17.0
2025-12-27,Miami Heat,Indiana Pacers,142.0,116.0,False,False,2025-12-27|Indiana Pacers|Miami Heat,,,,2025-12-27|Indiana Pacers|Miami Heat,0.8444572337238523,"[{""p_home_win"": 0.6889144674477046, ""weight"": 0.25}, {""p_home_win"": 0.8444572337238523, ""weight"": 0.5}, {""p_home_win"": 1.0, ""weight"": 0.25}]",11.10454727656006,,elo,"{'home_advantage': 1.7980193166080942, 'scale': 0.07516073886553591, 'error_term': 13.058983075369813, 'win_prob_k': 6.563850356400989}",1.0,26.0
2025-12-27,Minnesota Timberwolves,Brooklyn Nets,107.0,123.0,False,False,2025-12-27|Brooklyn Nets|Minnesota Timberwolves,,,,2025-12-27|Brooklyn Nets|Minnesota Timberwolves,0.8363978883408546,"[{""p_home_win"": 0.6727957766817092, ""weight"": 0.25}, {""p_home_win"": 0.8363978883408546, ""weight"": 0.5}, {""p_home_win"": 1.0, ""weight"": 0.25}]",10.710018750125368,,elo,"{'home_advantage': 1.7980193166080942, 'scale': 0.07516073886553591, 'error_term': 13.058983075369813, 'win_prob_k': 6.563850356400989}",0.0,-16.0
2025-12-27,San Antonio Spurs,Utah Jazz,114.0,127.0,False,False,2025-12-27|Utah Jazz|San Antonio Spurs,,,,2025-12-27|Utah Jazz|San Antonio Spurs,0.8862387093091295,"[{""p_home_win"": 0.772477418618259, ""weight"": 0.25}, {""p_home_win"": 0.8862387093091295, ""weight"": 0.5}, {""p_home_win"": 1.0, ""weight"": 0.25}]",13.474823546960152,,elo,"{'home_advantage': 1.7980193166080942, 'scale': 0.07516073886553591, 'error_term': 13.058983075369813, 'win_prob_k': 6.563850356400989}",0.0,-13.0
2025-12-28,Oklahoma City Thunder,Philadelphia 76ers,129.0,104.0,False,False,2025-12-28|Philadelphia 76ers|Oklahoma City Thunder,,,,2025-12-28|Philadelphia 76ers|Oklahoma City Thunder,0.8250589274137481,"[{""p_home_win"": 0.6501178548274962, ""weight"": 0.25}, {""p_home_win"": 0.8250589274137481, ""weight"": 0.5}, {""p_home_win"": 1.0, ""weight"": 0.25}]",10.294611774156113,,elo,"{'home_advantage': 1.7533846139735259, 'scale': 0.0755982225251662, 'error_term': 13.083958464224041, 'win_prob_k': 6.637378762124854}",1.0,25.0
2025-12-28,Toronto Raptors,Golden State Warriors,141.0,127.0,False,False,2025-12-28|Golden State Warriors|Toronto Raptors,,,,2025-12-28|Golden State Warriors|Toronto Raptors,0.5606498166438598,"[{""p_home_win"": 0.12129963328771964, ""weight"": 0.25}, {""p_home_win"": 0.5606498166438598, ""weight"": 0.5}, {""p_home_win"": 1.0, ""weight"": 0.25}]",1.618191074367851,,elo,"{'home_advantage': 1.7533846139735259, 'scale': 0.0755982225251662, 'error_term': 13.083958464224041, 'win_prob_k': 6.637378762124854}",1.0,14.0
2025-12-28,Portland Trail Blazers,Boston Celtics,114.0,108.0,False,False,2025-12-28|Boston Celtics|Portland Trail Blazers,,,,2025-12-28|Boston Celtics|Portland Trail Blazers,0.2526308479267218,"[{""p_home_win"": 0.0, ""weight"": 0.25}, {""p_home_win"": 0.2526308479267218, ""weight"": 0.5}, {""p_home_win"": 0.5052616958534436, ""weight"": 0.25}]",-7.19909958546326,,elo,"{'home_advantage': 1.7533846139735259, 'scale': 0.0755982225251662, 'error_term': 13.083958464224041, 'win_prob_k': 6.637378762124854}",1.0,6.0
2025-12-28,Washington Wizards,Memphis Grizzlies,116.0,112.0,False,False,2025-12-28|Memphis Grizzlies|Washington Wizards,,,,2025-12-28|Memphis Grizzlies|Washington Wizards,0.2877836430128179,"[{""p_home_win"": 0.0, ""weight"": 0.25}, {""p_home_win"": 0.2877836430128179, ""weight"": 0.5}, {""p_home_win"": 0.5755672860256358, ""weight"": 0.25}]",-6.014611959145153,,elo,"{'home_advantage': 1.7533846139735259, 'scale': 0.0755982225251662, 'error_term': 13.083958464224041, 'win_prob_k': 6.637378762124854}",1.0,4.0
2025-12-28,Los Angeles Clippers,Detroit Pistons,112.0,99.0,False,False,2025-12-28|Detroit Pistons|Los Angeles Clippers,,,,2025-12-28|Detroit Pistons|Los Angeles Clippers,0.15664228082241288,"[{""p_home_win"": 0.0, ""weight"": 0.25}, {""p_home_win"": 0.15664228082241288, ""weight"": 0.5}, {""p_home_win"": 0.31328456164482577, ""weight"": 0.25}]",-11.173539093342136,,elo,"{'home_advantage': 1.7533846139735259, 'scale': 0.0755982225251662, 'error_term': 13.083958464224041, 'win_prob_k': 6.637378762124854}",1.0,13.0
2025-12-28,Los Angeles Lakers,Sacramento Kings,125.0,101.0,False,False,2025-12-28|Sacramento Kings|Los Angeles Lakers,,,,2025-12-28|Sacramento Kings|Los Angeles Lakers,0.8613717257042142,"[{""p_home_win"": 0.7227434514084283, ""weight"": 0.25}, {""p_home_win"": 0.8613717257042142, ""weight"": 0.5}, {""p_home_win"": 1.0, ""weight"": 0.25}]",12.124699458553117,,elo,"{'home_advantage': 1.7533846139735259, 'scale': 0.0755982225251662, 'error_term': 13.083958464224041, 'win_prob_k': 6.637378762124854}",1.0,24.0
2025-12-29,Charlotte Hornets,Milwaukee Bucks,113.0,123.0,False,False,2025-12-29|Milwaukee Bucks|Charlotte Hornets,,,,2025-12-29|Milwaukee Bucks|Charlotte Hornets,0.5704127017036273,"[{""p_home_win"": 0.1408254034072547, ""weight"": 0.25}, {""p_home_win"": 0.5704127017036273, ""weight"": 0.5}, {""p_home_win"": 1.0, ""weight"": 0.25}]",1.9029333233499997,,elo,"{'home_advantage': 1.9422752429078558, 'scale': 0.07682134756442167, 'error_term': 13.101077174436485, 'win_prob_k': 6.711454480434478}",0.0,-10.0
2025-12-29,Washington Wizards,Phoenix Suns,101.0,115.0,False,False,2025-12-29|Phoenix Suns|Washington Wizards,,,,2025-12-29|Phoenix Suns|Washington Wizards,0.2121166318819484,"[{""p_home_win"": 0.0, ""weight"": 0.25}, {""p_home_win"": 0.2121166318819484, ""weight"": 0.5}, {""p_home_win"": 0.4242332637638968, ""weight"": 0.25}]",-8.806863154542878,,elo,"{'home_advantage': 1.9422752429078558, 'scale': 0.07682134756442167, 'error_term': 13.101077174436485, 'win_prob_k': 6.711454480434478}",0.0,-14.0
2025-12-29,Brooklyn Nets,Golden State Warriors,107.0,120.0,False,False,2025-12-29|Golden State Warriors|Brooklyn Nets,,,,2025-12-29|Golden State Warriors|Brooklyn Nets,0.4525722346439453,"[{""p_home_win"": 0.0, ""weight"": 0.25}, {""p_home_win"": 0.4525722346439453, ""weight"": 0.5}, {""p_home_win"": 0.9051444692878906, ""weight"": 0.25}]",-1.2770765827835915,,elo,"{'home_advantage': 1.9422752429078558, 'scale': 0.07682134756442167, 'error_term': 13.101077174436485, 'win_prob_k': 6.711454480434478}",0.0,-13.0
2025-12-29,Miami Heat,Denver Nuggets,147.0,123.0,False,False,2025-12-29|Denver Nuggets|Miami Heat,,,,2025-12-29|Denver Nuggets|Miami Heat,0.3650120110465953,"[{""p_home_win"": 0.0, ""weight"": 0.25}, {""p_home_win"": 0.3650120110465953, ""weight"": 0.5}, {""p_home_win"": 0.7300240220931906, ""weight"": 0.25}]",-3.715970087422897,,elo,"{'home_advantage': 1.9422752429078558, 'scale': 0.07682134756442167, 'error_term': 13.101077174436485, 'win_prob_k': 6.711454480434478}",1.0,24.0
2025-12-29,Toronto Raptors,Orlando Magic,107.0,106.0,False,False,2025-12-29|Orlando Magic|Toronto Raptors,,,,2025-12-29|Orlando Magic|Toronto Raptors,0.5171742645464459,"[{""p_home_win"": 0.034348529092891766, ""weight"": 0.25}, {""p_home_win"": 0.5171742645464459, ""weight"": 0.5}, {""p_home_win"": 1.0, ""weight"": 0.25}]",0.46123862913486313,,elo,"{'home_advantage': 1.9422752429078558, 'scale': 0.07682134756442167, 'error_term': 13.101077174436485, 'win_prob_k': 6.711454480434478}",1.0,1.0
2025-12-29,Chicago Bulls,Minnesota Timberwolves,101.0,136.0,False,False,2025-12-29|Minnesota Timberwolves|Chicago Bulls,,,,2025-12-29|Minnesota Timberwolves|Chicago Bulls,0.37288985931424345,"[{""p_home_win"": 0.0, ""weight"": 0.25}, {""p_home_win"": 0.37288985931424345, ""weight"": 0.5}, {""p_home_win"": 0.7457797186284869, ""weight"": 0.25}]",-3.488876426480352,,elo,"{'home_advantage': 1.9422752429078558, 'scale': 0.07682134756442167, 'error_term': 13.101077174436485, 'win_prob_k': 6.711454480434478}",0.0,-35.0
2025-12-29,Houston Rockets,Indiana Pacers,126.0,119.0,False,False,2025-12-29|Indiana Pacers|Houston Rockets,,,,2025-12-29|Indiana Pacers|Houston Rockets,0.9159438168023809,"[{""p_home_win"": 0.8318876336047618, ""weight"": 0.25}, {""p_home_win"": 0.9159438168023809, ""weight"": 0.5}, {""p_home_win"": 1.0, ""weight"": 0.25}]",16.030105028968226,,elo,"{'home_advantage': 1.9422752429078558, 'scale': 0.07682134756442167, 'error_term': 13.101077174436485, 'win_prob_k': 6.711454480434478}",1.0,7.0
2025-12-29,New Orleans Pelicans,New York Knicks,125.0,130.0,False,False,2025-12-29|New York Knicks|New Orleans Pelicans,,,,2025-12-29|New York Knicks|New Orleans Pelicans,0.1248613167644599,"[{""p_home_win"": 0.0, ""weight"": 0.25}, {""p_home_win"": 0.1248613167644599, ""weight"": 0.5}, {""p_home_win"": 0.2497226335289198, ""weight"": 0.25}]",-13.068401300388045,,elo,"{'home_advantage': 1.9422752429078558, 'scale': 0.07682134756442167, 'error_term': 13.101077174436485, 'win_prob_k': 6.711454480434478}",0.0,-5.0
2025-12-29,Oklahoma City Thunder,Atlanta Hawks,140.0,129.0,False,False,2025-12-29|Atlanta Hawks|Oklahoma City Thunder,,,,2025-12-29|Atlanta Hawks|Oklahoma City Thunder,0.905367808697487,"[{""p_home_win"": 0.810735617394974, ""weight"": 0.25}, {""p_home_win"": 0.905367808697487, ""weight"": 0.5}, {""p_home_win"": 1.0, ""weight"": 0.25}]",15.156770090040439,,elo,"{'home_advantage': 1.9422752429078558, 'scale': 0.07682134756442167, 'error_term': 13.101077174436485, 'win_prob_k': 6.711454480434478}",1.0,11.0
2025-12-29,San Antonio Spurs,Cleveland Cavaliers,101.0,113.0,False,False,2025-12-29|Cleveland Cavaliers|San Antonio Spurs,,,,2025-12-29|Cleveland Cavaliers|San Antonio Spurs,0.8376873039152293,"[{""p_home_win"": 0.6753746078304586, ""weight"": 0.25}, {""p_home_win"": 0.8376873039152293, ""weight"": 0.5}, {""p_home_win"": 1.0, ""weight"": 0.25}]",11.014303436458205,,elo,"{'home_advantage': 1.9422752429078558, 'scale': 0.07682134756442167, 'error_term': 13.101077174436485, 'win_prob_k': 6.711454480434478}",0.0,-12.0
2025-12-29,Portland Trail Blazers,Dallas Mavericks,125.0,122.0,False,False,2025-12-29|Dallas Mavericks|Portland Trail Blazers,,,,2025-12-29|Dallas Mavericks|Portland Trail Blazers,0.6050774241641976,"[{""p_home_win"": 0.21015484832839526, ""weight"": 0.25}, {""p_home_win"": 0.6050774241641976, ""weight"": 0.5}, {""p_home_win"": 1.0, ""weight"": 0.25}]",2.863554058331359,,elo,"{'home_advantage': 1.9422752429078558, 'scale': 0.07682134756442167, 'error_term': 13.101077174436485, 'win_prob_k': 6.711454480434478}",1.0,3.0
2025-12-30,Memphis Grizzlies,Philadelphia 76ers,136.0,139.0,False,False,2025-12-30|Philadelphia 76ers|Memphis Grizzlies,,,,2025-12-30|Philadelphia 76ers|Memphis Grizzlies,0.5074057981426285,"[{""p_home_win"": 0.014811596285257078, ""weight"": 0.25}, {""p_home_win"": 0.5074057981426285, ""weight"": 0.5}, {""p_home_win"": 1.0, ""weight"": 0.25}]",0.19630441692173872,,elo,"{'home_advantage': 1.813346895608801, 'scale': 0.0747241055824015, 'error_term': 13.122487182728038, 'win_prob_k': 6.626229104288919}",0.0,-3.0
2025-12-30,Utah Jazz,Boston Celtics,119.0,129.0,False,False,2025-12-30|Boston Celtics|Utah Jazz,,,,2025-12-30|Boston Celtics|Utah Jazz,0.35010694511665336,"[{""p_home_win"": 0.0, ""weight"": 0.25}, {""p_home_win"": 0.35010694511665336, ""weight"": 0.5}, {""p_home_win"": 0.7002138902333067, ""weight"": 0.25}]",-4.098780925404849,,elo,"{'home_advantage': 1.813346895608801, 'scale': 0.0747241055824015, 'error_term': 13.122487182728038, 'win_prob_k': 6.626229104288919}",0.0,-10.0
2025-12-30,Los Angeles Lakers,Detroit Pistons,106.0,128.0,False,False,2025-12-30|Detroit Pistons|Los Angeles Lakers,,,,2025-12-30|Detroit Pistons|Los Angeles Lakers,0.48026948580196044,"[{""p_home_win"": 0.0, ""weight"": 0.25}, {""p_home_win"": 0.48026948580196044, ""weight"": 0.5}, {""p_home_win"": 0.9605389716039209, ""weight"": 0.25}]",-0.5232273276676098,,elo,"{'home_advantage': 1.813346895608801, 'scale': 0.0747241055824015, 'error_term': 13.122487182728038, 'win_prob_k': 6.626229104288919}",0.0,-22.0
2025-12-30,Los Angeles Clippers,Sacramento Kings,131.0,90.0,False,False,2025-12-30|Sacramento Kings|Los Angeles Clippers,,,,2025-12-30|Sacramento Kings|Los Angeles Clippers,0.6713454637155847,"[{""p_home_win"": 0.34269092743116936, ""weight"": 0.25}, {""p_home_win"": 0.6713454637155847, ""weight"": 0.5}, {""p_home_win"": 1.0, ""weight"": 0.25}]",4.732961032479773,,elo,"{'home_advantage': 1.813346895608801, 'scale': 0.0747241055824015, 'error_term': 13.122487182728038, 'win_prob_k': 6.626229104288919}",1.0,41.0
2025-12-31,Charlotte Hornets,Golden State Warriors,125.0,132.0,False,False,2025-12-31|Golden State Warriors|Charlotte Hornets,,,,2025-12-31|Golden State Warriors|Charlotte Hornets,0.3859718379556647,"[{""p_home_win"": 0.0, ""weight"": 0.25}, {""p_home_win"": 0.3859718379556647, ""weight"": 0.5}, {""p_home_win"": 0.7719436759113294, ""weight"": 0.25}]",-3.10743233034227,,elo,"{'home_advantage': 1.8271788246029754, 'scale': 0.07462201333974164, 'error_term': 13.180740251636335, 'win_prob_k': 6.693065655587324}",0.0,-7.0
2025-12-31,Atlanta Hawks,Minnesota Timberwolves,126.0,102.0,False,False,2025-12-31|Minnesota Timberwolves|Atlanta Hawks,,,,2025-12-31|Minnesota Timberwolves|Atlanta Hawks,0.29608885521576545,"[{""p_home_win"": 0.0, ""weight"": 0.25}, {""p_home_win"": 0.29608885521576545, ""weight"": 0.5}, {""p_home_win"": 0.5921777104315309, ""weight"": 0.25}]",-5.796144911273752,,elo,"{'home_advantage': 1.8271788246029754, 'scale': 0.07462201333974164, 'error_term': 13.180740251636335, 'win_prob_k': 6.693065655587324}",1.0,24.0
2025-12-31,Indiana Pacers,Orlando Magic,110.0,112.0,False,False,2025-12-31|Orlando Magic|Indiana Pacers,,,,2025-12-31|Orlando Magic|Indiana Pacers,0.17304819730123802,"[{""p_home_win"": 0.0, ""weight"": 0.25}, {""p_home_win"": 0.17304819730123802, ""weight"": 0.5}, {""p_home_win"": 0.34609639460247604, ""weight"": 0.25}]",-10.469134410609229,,elo,"{'home_advantage': 1.8271788246029754, 'scale': 0.07462201333974164, 'error_term': 13.180740251636335, 'win_prob_k': 6.693065655587324}",0.0,-2.0
2025-12-31,Cleveland Cavaliers,Phoenix Suns,129.0,113.0,False,False,2025-12-31|Phoenix Suns|Cleveland Cavaliers,,,,2025-12-31|Phoenix Suns|Cleveland Cavaliers,0.4125480127021615,"[{""p_home_win"": 0.0, ""weight"": 0.25}, {""p_home_win"": 0.4125480127021615, ""weight"": 0.5}, {""p_home_win"": 0.825096025404323, ""weight"": 0.25}]",-2.3656100128051865,,elo,"{'home_advantage': 1.8271788246029754, 'scale': 0.07462201333974164, 'error_term': 13.180740251636335, 'win_prob_k': 6.693065655587324}",1.0,16.0
2025-12-31,Chicago Bulls,New Orleans Pelicans,134.0,118.0,False,False,2025-12-31|New Orleans Pelicans|Chicago Bulls,,,,2025-12-31|New Orleans Pelicans|Chicago Bulls,0.744646835647146,"[{""p_home_win"": 0.4892936712942919, ""weight"": 0.25}, {""p_home_win"": 0.744646835647146, ""weight"": 0.5}, {""p_home_win"": 1.0, ""weight"": 0.25}]",7.163337279187092,,elo,"{'home_advantage': 1.8271788246029754, 'scale': 0.07462201333974164, 'error_term': 13.180740251636335, 'win_prob_k': 6.693065655587324}",1.0,16.0
2025-12-31,San Antonio Spurs,New York Knicks,134.0,132.0,False,False,2025-12-31|New York Knicks|San Antonio Spurs,,,,2025-12-31|New York Knicks|San Antonio Spurs,0.524692707482853,"[{""p_home_win"": 0.04938541496570603, ""weight"": 0.25}, {""p_home_win"": 0.524692707482853, ""weight"": 0.5}, {""p_home_win"": 1.0, ""weight"": 0.25}]",0.6616178773765911,,elo,"{'home_advantage': 1.8271788246029754, 'scale': 0.07462201333974164, 'error_term': 13.180740251636335, 'win_prob_k': 6.693065655587324}",1.0,2.0
2025-12-31,Toronto Raptors,Denver Nuggets,103.0,106.0,False,False,2025-12-31|Denver Nuggets|Toronto Raptors,,,,2025-12-31|Denver Nuggets|Toronto Raptors,0.46490168346239785,"[{""p_home_win"": 0.0, ""weight"": 0.25}, {""p_home_win"": 0.46490168346239785, ""weight"": 0.5}, {""p_home_win"": 0.9298033669247957, ""weight"": 0.25}]",-0.9412093420802761,,elo,"{'home_advantage': 1.8271788246029754, 'scale': 0.07462201333974164, 'error_term': 13.180740251636335, 'win_prob_k': 6.693065655587324}",0.0,-3.0
2025-12-31,Milwaukee Bucks,Washington Wizards,113.0,114.0,False,False,2025-12-31|Washington Wizards|Milwaukee Bucks,,,,2025-12-31|Washington Wizards|Milwaukee Bucks,0.7224413176753205,"[{""p_home_win"": 0.444882635350641, ""weight"": 0.25}, {""p_home_win"": 0.7224413176753205, ""weight"": 0.5}, {""p_home_win"": 1.0, ""weight"": 0.25}]",6.40261215229701,,elo,"{'home_advantage': 1.8271788246029754, 'scale': 0.07462201333974164, 'error_term': 13.180740251636335, 'win_prob_k': 6.693065655587324}",0.0,-1.0
2025-12-31,Oklahoma City Thunder,Portland Trail Blazers,124.0,95.0,False,False,2025-12-31|Portland Trail Blazers|Oklahoma City Thunder,,,,2025-12-31|Portland Trail Blazers|Oklahoma City Thunder,0.8932734431594812,"[{""p_home_win"": 0.7865468863189624, ""weight"": 0.25}, {""p_home_win"": 0.8932734431594812, ""weight"": 0.5}, {""p_home_win"": 1.0, ""weight"": 0.25}]",14.220239367749965,,elo,"{'home_advantage': 1.8271788246029754, 'scale': 0.07462201333974164, 'error_term': 13.180740251636335, 'win_prob_k': 6.693065655587324}",1.0,29.0
2026-01-01,Brooklyn Nets,Houston Rockets,96.0,120.0,False,False,2026-01-01|Houston Rockets|Brooklyn Nets,,,,2026-01-01|Houston Rockets|Brooklyn Nets,0.2916445262630136,"[{""p_home_win"": 0.0, ""weight"": 0.25}, {""p_home_win"": 0.2916445262630136, ""weight"": 0.5}, {""p_home_win"": 0.5832890525260273, ""weight"": 0.25}]",-5.888759289616754,,elo,"{'home_advantage': 1.9814889860438538, 'scale': 0.07377808629593556, 'error_term': 13.172221010338005, 'win_prob_k': 6.635891945737669}",0.0,-24.0
2026-01-01,Detroit Pistons,Miami Heat,112.0,118.0,False,False,2026-01-01|Miami Heat|Detroit Pistons,,,,2026-01-01|Miami Heat|Detroit Pistons,0.7670804239340328,"[{""p_home_win"": 0.5341608478680655, ""weight"": 0.25}, {""p_home_win"": 0.7670804239340328, ""weight"": 0.5}, {""p_home_win"": 1.0, ""weight"": 0.25}]",7.909309153164548,,elo,"{'home_advantage': 1.9814889860438538, 'scale': 0.07377808629593556, 'error_term': 13.172221010338005, 'win_prob_k': 6.635891945737669}",0.0,-6.0
2026-01-01,Dallas Mavericks,Philadelphia 76ers,108.0,123.0,False,False,2026-01-01|Philadelphia 76ers|Dallas Mavericks,,,,2026-01-01|Philadelphia 76ers|Dallas Mavericks,0.3702187759955433,"[{""p_home_win"": 0.0, ""weight"": 0.25}, {""p_home_win"": 0.3702187759955433, ""weight"": 0.5}, {""p_home_win"": 0.7404375519910866, ""weight"": 0.25}]",-3.5255059109675035,,elo,"{'home_advantage': 1.9814889860438538, 'scale': 0.07377808629593556, 'error_term': 13.172221010338005, 'win_prob_k': 6.635891945737669}",0.0,-15.0
2026-01-01,Sacramento Kings,Boston Celtics,106.0,120.0,False,False,2026-01-01|Boston Celtics|Sacramento Kings,,,,2026-01-01|Boston Celtics|Sacramento Kings,0.17753005925018464,"[{""p_home_win"": 0.0, ""weight"": 0.25}, {""p_home_win"": 0.17753005925018464, ""weight"": 0.5}, {""p_home_win"": 0.3550601185003693, ""weight"": 0.25}]",-10.173963681801665,,elo,"{'home_advantage': 1.9814889860438538, 'scale': 0.07377808629593556, 'error_term': 13.172221010338005, 'win_prob_k': 6.635891945737669}",0.0,-14.0
2026-01-01,Los Angeles Clippers,Utah Jazz,118.0,101.0,False,False,2026-01-01|Utah Jazz|Los Angeles Clippers,,,,2026-01-01|Utah Jazz|Los Angeles Clippers,0.5376596181238587,"[{""p_home_win"": 0.0753192362477173, ""weight"": 0.25}, {""p_home_win"": 0.5376596181238587, ""weight"": 0.5}, {""p_home_win"": 1.0, ""weight"": 0.25}]",1.0015173650423899,,elo,"{'home_advantage': 1.9814889860438538, 'scale': 0.07377808629593556, 'error_term': 13.172221010338005, 'win_prob_k': 6.635891945737669}",1.0,17.0
2026-01-02,Indiana Pacers,San Antonio Spurs,,,False,False,2026-01-02|San Antonio Spurs|Indiana Pacers,,,,2026-01-02|San Antonio Spurs|Indiana Pacers,0.08298337062549466,"[{""p_home_win"": 0.0, ""weight"": 0.25}, {""p_home_win"": 0.08298337062549466, ""weight"": 0.5}, {""p_home_win"": 0.1659667412509893, ""weight"": 0.25}]",-16.165329094937814,,elo,"{'home_advantage': 1.9392813717920303, 'scale': 0.07442795599246596, 'error_term': 13.118956795470186, 'win_prob_k': 6.728585854390634}",0.5,
2026-01-02,Washington Wizards,Brooklyn Nets,,,False,False,2026-01-02|Brooklyn Nets|Washington Wizards,,,,2026-01-02|Brooklyn Nets|Washington Wizards,0.4927308250552016,"[{""p_home_win"": 0.0, ""weight"": 0.25}, {""p_home_win"": 0.4927308250552016, ""weight"": 0.5}, {""p_home_win"": 0.9854616501104032, ""weight"": 0.25}]",-0.19565885665828864,,elo,"{'home_advantage': 1.9392813717920303, 'scale': 0.07442795599246596, 'error_term': 13.118956795470186, 'win_prob_k': 6.728585854390634}",0.5,
2026-01-02,Cleveland Cavaliers,Denver Nuggets,,,False,False,2026-01-02|Denver Nuggets|Cleveland Cavaliers,,,,2026-01-02|Denver Nuggets|Cleveland Cavaliers,0.3929628382420593,"[{""p_home_win"": 0.0, ""weight"": 0.25}, {""p_home_win"": 0.3929628382420593, ""weight"": 0.5}, {""p_home_win"": 0.7859256764841186, ""weight"": 0.25}]",-2.9260935242971913,,elo,"{'home_advantage': 1.9392813717920303, 'scale': 0.07442795599246596, 'error_term': 13.118956795470186, 'win_prob_k': 6.728585854390634}",0.5,
2026-01-02,New York Knicks,Atlanta Hawks,,,False,False,2026-01-02|Atlanta Hawks|New York Knicks,,,,2026-01-02|Atlanta Hawks|New York Knicks,0.8429594035241429,"[{""p_home_win"": 0.6859188070482858, ""weight"": 0.25}, {""p_home_win"": 0.8429594035241429, ""weight"": 0.5}, {""p_home_win"": 1.0, ""weight"": 0.25}]",11.306812907819864,,elo,"{'home_advantage': 1.9392813717920303, 'scale': 0.07442795599246596, 'error_term': 13.118956795470186, 'win_prob_k': 6.728585854390634}",0.5,
2026-01-02,Chicago Bulls,Orlando Magic,,,False,False,2026-01-02|Orlando Magic|Chicago Bulls,,,,2026-01-02|Orlando Magic|Chicago Bulls,0.4253589061560998,"[{""p_home_win"": 0.0, ""weight"": 0.25}, {""p_home_win"": 0.4253589061560998, ""weight"": 0.5}, {""p_home_win"": 0.8507178123121996, ""weight"": 0.25}]",-2.024041815036166,,elo,"{'home_advantage': 1.9392813717920303, 'scale': 0.07442795599246596, 'error_term': 13.118956795470186, 'win_prob_k': 6.728585854390634}",0.5,
2026-01-02,Milwaukee Bucks,Charlotte Hornets,,,False,False,2026-01-02|Charlotte Hornets|Milwaukee Bucks,,,,2026-01-02|Charlotte Hornets|Milwaukee Bucks,0.6164859714082958,"[{""p_home_win"": 0.2329719428165915, ""weight"": 0.25}, {""p_home_win"": 0.6164859714082958, ""weight"": 0.5}, {""p_home_win"": 1.0, ""weight"": 0.25}]",3.1937862995427246,,elo,"{'home_advantage': 1.9392813717920303, 'scale': 0.07442795599246596, 'error_term': 13.118956795470186, 'win_prob_k': 6.728585854390634}",0.5,
2026-01-02,New Orleans Pelicans,Portland Trail Blazers,,,False,False,2026-01-02|Portland Trail Blazers|New Orleans Pelicans,,,,2026-01-02|Portland Trail Blazers|New Orleans Pelicans,0.36728779990464455,"[{""p_home_win"": 0.0, ""weight"": 0.25}, {""p_home_win"": 0.36728779990464455, ""weight"": 0.5}, {""p_home_win"": 0.7345755998092891, ""weight"": 0.25}]",-3.6594754631175785,,elo,"{'home_advantage': 1.9392813717920303, 'scale': 0.07442795599246596, 'error_term': 13.118956795470186, 'win_prob_k': 6.728585854390634}",0.5,
2026-01-02,Phoenix Suns,Sacramento Kings,,,False,False,2026-01-02|Sacramento Kings|Phoenix Suns,,,,2026-01-02|Sacramento Kings|Phoenix Suns,0.8753983538491125,"[{""p_home_win"": 0.7507967076982249, ""weight"": 0.25}, {""p_home_win"": 0.8753983538491125, ""weight"": 0.5}, {""p_home_win"": 1.0, ""weight"": 0.25}]",13.117763176885557,,elo,"{'home_advantage': 1.9392813717920303, 'scale': 0.07442795599246596, 'error_term': 13.118956795470186, 'win_prob_k': 6.728585854390634}",0.5,
2026-01-02,Golden State Warriors,Oklahoma City Thunder,,,False,False,2026-01-02|Oklahoma City Thunder|Golden State Warriors,,,,2026-01-02|Oklahoma City Thunder|Golden State Warriors,0.2457984288569627,"[{""p_home_win"": 0.0, ""weight"": 0.25}, {""p_home_win"": 0.2457984288569627, ""weight"": 0.5}, {""p_home_win"": 0.4915968577139254, ""weight"": 0.25}]",-7.543739650714158,,elo,"{'home_advantage': 1.9392813717920303, 'scale': 0.07442795599246596, 'error_term': 13.118956795470186, 'win_prob_k': 6.728585854390634}",0.5,
2026-01-02,Los Angeles Lakers,Memphis Grizzlies,,,False,False,2026-01-02|Memphis Grizzlies|Los Angeles Lakers,,,,2026-01-02|Memphis Grizzlies|Los Angeles Lakers,0.7467841274268575,"[{""p_home_win"": 0.493568254853715, ""weight"": 0.25}, {""p_home_win"": 0.7467841274268575, ""weight"": 0.5}, {""p_home_win"": 1.0, ""weight"": 0.25}]",7.2771929007824205,,elo,"{'home_advantage': 1.9392813717920303, 'scale': 0.07442795599246596, 'error_term': 13.118956795470186, 'win_prob_k': 6.728585854390634}",0.5,
