date,home_team,away_team,home_score,away_score,neutral,overtime,game_id,sport,season,notes,game_id_pred,p_home_win,win_prob_dist,pred_margin,pred_total,model_id,extra,home_win,actual_margin
2025-10-25,Orlando Magic,Chicago Bulls,98.0,110.0,False,False,2025-10-25|Chicago Bulls|Orlando Magic,,,,2025-10-25|Chicago Bulls|Orlando Magic,0.32349289065853337,"[{""p_home_win"": 0.0, ""weight"": 0.25}, {""p_home_win"": 0.32349289065853337, ""weight"": 0.5}, {""p_home_win"": 0.6469857813170667, ""weight"": 0.25}]",-1.3923324098924228,,elo,"{'home_advantage': 2.9169781355923723, 'scale': 0.3234540988308549, 'error_term': 12.241124706802534, 'win_prob_k': 1.8872281334849332}",0.0,-12.0
2025-10-25,Atlanta Hawks,Oklahoma City Thunder,100.0,117.0,False,False,2025-10-25|Oklahoma City Thunder|Atlanta Hawks,,,,2025-10-25|Oklahoma City Thunder|Atlanta Hawks,0.1468040062099162,"[{""p_home_win"": 0.0, ""weight"": 0.25}, {""p_home_win"": 0.1468040062099162, ""weight"": 0.5}, {""p_home_win"": 0.2936080124198324, ""weight"": 0.25}]",-3.3213155900525404,,elo,"{'home_advantage': 2.9169781355923723, 'scale': 0.3234540988308549, 'error_term': 12.241124706802534, 'win_prob_k': 1.8872281334849332}",0.0,-17.0
2025-10-25,Philadelphia 76ers,Charlotte Hornets,125.0,121.0,False,False,2025-10-25|Charlotte Hornets|Philadelphia 76ers,,,,2025-10-25|Charlotte Hornets|Philadelphia 76ers,0.924552812158784,"[{""p_home_win"": 0.8491056243175681, ""weight"": 0.25}, {""p_home_win"": 0.924552812158784, ""weight"": 0.5}, {""p_home_win"": 1.0, ""weight"": 0.25}]",4.729162067151782,,elo,"{'home_advantage': 2.9169781355923723, 'scale': 0.3234540988308549, 'error_term': 12.241124706802534, 'win_prob_k': 1.8872281334849332}",1.0,4.0
2025-10-25,Memphis Grizzlies,Indiana Pacers,128.0,103.0,False,False,2025-10-25|Indiana Pacers|Memphis Grizzlies,,,,2025-10-25|Indiana Pacers|Memphis Grizzlies,0.935947821541441,"[{""p_home_win"": 0.8718956430828819, ""weight"": 0.25}, {""p_home_win"": 0.935947821541441, ""weight"": 0.5}, {""p_home_win"": 1.0, ""weight"": 0.25}]",5.061284829784416,,elo,"{'home_advantage': 2.9169781355923723, 'scale': 0.3234540988308549, 'error_term': 12.241124706802534, 'win_prob_k': 1.8872281334849332}",1.0,25.0
2025-10-25,Denver Nuggets,Phoenix Suns,133.0,111.0,False,False,2025-10-25|Phoenix Suns|Denver Nuggets,,,,2025-10-25|Phoenix Suns|Denver Nuggets,0.6072105053389714,"[{""p_home_win"": 0.21442101067794272, ""weight"": 0.25}, {""p_home_win"": 0.6072105053389714, ""weight"": 0.5}, {""p_home_win"": 1.0, ""weight"": 0.25}]",0.8220797753923628,,elo,"{'home_advantage': 2.9169781355923723, 'scale': 0.3234540988308549, 'error_term': 12.241124706802534, 'win_prob_k': 1.8872281334849332}",1.0,22.0
2025-10-26,San Antonio Spurs,Brooklyn Nets,118.0,107.0,False,False,2025-10-26|Brooklyn Nets|San Antonio Spurs,,,,2025-10-26|Brooklyn Nets|San Antonio Spurs,0.9996590341289043,"[{""p_home_win"": 0.9993180682578087, ""weight"": 0.25}, {""p_home_win"": 0.9996590341289043, ""weight"": 0.5}, {""p_home_win"": 1.0, ""weight"": 0.25}]",18.203284790668945,,elo,"{'home_advantage': 3.7177022834166404, 'scale': 0.3214444081075477, 'error_term': 12.26642438713276, 'win_prob_k': 2.2801455643782464}",1.0,11.0
2025-10-26,Detroit Pistons,Boston Celtics,119.0,113.0,False,False,2025-10-26|Boston Celtics|Detroit Pistons,,,,2025-10-26|Boston Celtics|Detroit Pistons,0.9943266529956721,"[{""p_home_win"": 0.9886533059913443, ""weight"": 0.25}, {""p_home_win"": 0.9943266529956721, ""weight"": 0.5}, {""p_home_win"": 1.0, ""weight"": 0.25}]",11.779885323091836,,elo,"{'home_advantage': 3.7177022834166404, 'scale': 0.3214444081075477, 'error_term': 12.26642438713276, 'win_prob_k': 2.2801455643782464}",1.0,6.0
2025-10-26,Washington Wizards,Charlotte Hornets,113.0,139.0,False,False,2025-10-26|Charlotte Hornets|Washington Wizards,,,,2025-10-26|Charlotte Hornets|Washington Wizards,0.9151653146772452,"[{""p_home_win"": 0.8303306293544903, ""weight"": 0.25}, {""p_home_win"": 0.9151653146772452, ""weight"": 0.5}, {""p_home_win"": 1.0, ""weight"": 0.25}]",5.423098749645396,,elo,"{'home_advantage': 3.7177022834166404, 'scale': 0.3214444081075477, 'error_term': 12.26642438713276, 'win_prob_k': 2.2801455643782464}",0.0,-26.0
2025-10-26,Miami Heat,New York Knicks,115.0,107.0,False,False,2025-10-26|New York Knicks|Miami Heat,,,,2025-10-26|New York Knicks|Miami Heat,0.6265209938420364,"[{""p_home_win"": 0.2530419876840728, ""weight"": 0.25}, {""p_home_win"": 0.6265209938420364, ""weight"": 0.5}, {""p_home_win"": 1.0, ""weight"": 0.25}]",1.1795660181681331,,elo,"{'home_advantage': 3.7177022834166404, 'scale': 0.3214444081075477, 'error_term': 12.26642438713276, 'win_prob_k': 2.2801455643782464}",1.0,8.0
2025-10-26,Cleveland Cavaliers,Milwaukee Bucks,118.0,113.0,False,False,2025-10-26|Milwaukee Bucks|Cleveland Cavaliers,,,,2025-10-26|Milwaukee Bucks|Cleveland Cavaliers,0.39650116100910543,"[{""p_home_win"": 0.0, ""weight"": 0.25}, {""p_home_win"": 0.39650116100910543, ""weight"": 0.5}, {""p_home_win"": 0.7930023220182109, ""weight"": 0.25}]",-0.9578096828859692,,elo,"{'home_advantage': 3.7177022834166404, 'scale': 0.3214444081075477, 'error_term': 12.26642438713276, 'win_prob_k': 2.2801455643782464}",1.0,5.0
2025-10-26,Minnesota Timberwolves,Indiana Pacers,114.0,110.0,False,False,2025-10-26|Indiana Pacers|Minnesota Timberwolves,,,,2025-10-26|Indiana Pacers|Minnesota Timberwolves,0.9938827631909939,"[{""p_home_win"": 0.9877655263819878, ""weight"": 0.25}, {""p_home_win"": 0.9938827631909939, ""weight"": 0.5}, {""p_home_win"": 1.0, ""weight"": 0.25}]",11.607100975139197,,elo,"{'home_advantage': 3.7177022834166404, 'scale': 0.3214444081075477, 'error_term': 12.26642438713276, 'win_prob_k': 2.2801455643782464}",1.0,4.0
2025-10-26,Dallas Mavericks,Toronto Raptors,139.0,129.0,False,False,2025-10-26|Toronto Raptors|Dallas Mavericks,,,,2025-10-26|Toronto Raptors|Dallas Mavericks,0.12598068697000706,"[{""p_home_win"": 0.0, ""weight"": 0.25}, {""p_home_win"": 0.12598068697000706, ""weight"": 0.5}, {""p_home_win"": 0.2519613739400141, ""weight"": 0.25}]",-4.41658234496307,,elo,"{'home_advantage': 3.7177022834166404, 'scale': 0.3214444081075477, 'error_term': 12.26642438713276, 'win_prob_k': 2.2801455643782464}",1.0,10.0
2025-10-26,Sacramento Kings,Los Angeles Lakers,120.0,127.0,False,False,2025-10-26|Los Angeles Lakers|Sacramento Kings,,,,2025-10-26|Los Angeles Lakers|Sacramento Kings,0.9150690242721581,"[{""p_home_win"": 0.8301380485443162, ""weight"": 0.25}, {""p_home_win"": 0.9150690242721581, ""weight"": 0.5}, {""p_home_win"": 1.0, ""weight"": 0.25}]",5.42027224910572,,elo,"{'home_advantage': 3.7177022834166404, 'scale': 0.3214444081075477, 'error_term': 12.26642438713276, 'win_prob_k': 2.2801455643782464}",0.0,-7.0
2025-10-26,Los Angeles Clippers,Portland Trail Blazers,114.0,107.0,False,False,2025-10-26|Portland Trail Blazers|Los Angeles Clippers,,,,2025-10-26|Portland Trail Blazers|Los Angeles Clippers,0.9129696067422324,"[{""p_home_win"": 0.8259392134844648, ""weight"": 0.25}, {""p_home_win"": 0.9129696067422324, ""weight"": 0.5}, {""p_home_win"": 1.0, ""weight"": 0.25}]",5.359357163267315,,elo,"{'home_advantage': 3.7177022834166404, 'scale': 0.3214444081075477, 'error_term': 12.26642438713276, 'win_prob_k': 2.2801455643782464}",1.0,7.0
2025-10-27,Detroit Pistons,Cleveland Cavaliers,95.0,116.0,False,False,2025-10-27|Cleveland Cavaliers|Detroit Pistons,,,,2025-10-27|Cleveland Cavaliers|Detroit Pistons,0.7247256871835029,"[{""p_home_win"": 0.4494513743670059, ""weight"": 0.25}, {""p_home_win"": 0.7247256871835029, ""weight"": 0.5}, {""p_home_win"": 1.0, ""weight"": 0.25}]",2.220555459665587,,elo,"{'home_advantage': 2.4896872403375347, 'scale': 0.25850902353128824, 'error_term': 11.911387112110004, 'win_prob_k': 2.2939027261102956}",0.0,-21.0
2025-10-27,Philadelphia 76ers,Orlando Magic,136.0,124.0,False,False,2025-10-27|Orlando Magic|Philadelphia 76ers,,,,2025-10-27|Orlando Magic|Philadelphia 76ers,0.9955708208669798,"[{""p_home_win"": 0.9911416417339596, ""weight"": 0.25}, {""p_home_win"": 0.9955708208669798, ""weight"": 0.5}, {""p_home_win"": 1.0, ""weight"": 0.25}]",12.421717222473292,,elo,"{'home_advantage': 2.4896872403375347, 'scale': 0.25850902353128824, 'error_term': 11.911387112110004, 'win_prob_k': 2.2939027261102956}",1.0,12.0
2025-10-27,Chicago Bulls,Atlanta Hawks,128.0,123.0,False,False,2025-10-27|Atlanta Hawks|Chicago Bulls,,,,2025-10-27|Atlanta Hawks|Chicago Bulls,0.9902853414992348,"[{""p_home_win"": 0.9805706829984695, ""weight"": 0.25}, {""p_home_win"": 0.9902853414992348, ""weight"": 0.5}, {""p_home_win"": 1.0, ""weight"": 0.25}]",10.60782557582807,,elo,"{'home_advantage': 2.4896872403375347, 'scale': 0.25850902353128824, 'error_term': 11.911387112110004, 'win_prob_k': 2.2939027261102956}",1.0,5.0
2025-10-27,Houston Rockets,Brooklyn Nets,137.0,109.0,False,False,2025-10-27|Brooklyn Nets|Houston Rockets,,,,2025-10-27|Brooklyn Nets|Houston Rockets,0.8541243650907742,"[{""p_home_win"": 0.7082487301815483, ""weight"": 0.25}, {""p_home_win"": 0.8541243650907742, ""weight"": 0.5}, {""p_home_win"": 1.0, ""weight"": 0.25}]",4.0540655949784785,,elo,"{'home_advantage': 2.4896872403375347, 'scale': 0.25850902353128824, 'error_term': 11.911387112110004, 'win_prob_k': 2.2939027261102956}",1.0,28.0
2025-10-27,New Orleans Pelicans,Boston Celtics,90.0,122.0,False,False,2025-10-27|Boston Celtics|New Orleans Pelicans,,,,2025-10-27|Boston Celtics|New Orleans Pelicans,0.8611848868451418,"[{""p_home_win"": 0.7223697736902837, ""weight"": 0.25}, {""p_home_win"": 0.8611848868451418, ""weight"": 0.5}, {""p_home_win"": 1.0, ""weight"": 0.25}]",4.1867539278709405,,elo,"{'home_advantage': 2.4896872403375347, 'scale': 0.25850902353128824, 'error_term': 11.911387112110004, 'win_prob_k': 2.2939027261102956}",0.0,-32.0
2025-10-27,San Antonio Spurs,Toronto Raptors,121.0,103.0,False,False,2025-10-27|Toronto Raptors|San Antonio Spurs,,,,2025-10-27|Toronto Raptors|San Antonio Spurs,0.9959172117282632,"[{""p_home_win"": 0.9918344234565264, ""weight"": 0.25}, {""p_home_win"": 0.9959172117282632, ""weight"": 0.5}, {""p_home_win"": 1.0, ""weight"": 0.25}]",12.609317143243917,,elo,"{'home_advantage': 2.4896872403375347, 'scale': 0.25850902353128824, 'error_term': 11.911387112110004, 'win_prob_k': 2.2939027261102956}",1.0,18.0
2025-10-27,Dallas Mavericks,Oklahoma City Thunder,94.0,101.0,False,False,2025-10-27|Oklahoma City Thunder|Dallas Mavericks,,,,2025-10-27|Oklahoma City Thunder|Dallas Mavericks,0.010866624646579913,"[{""p_home_win"": 0.0, ""weight"": 0.25}, {""p_home_win"": 0.010866624646579913, ""weight"": 0.5}, {""p_home_win"": 0.021733249293159826, ""weight"": 0.25}]",-10.34810039782879,,elo,"{'home_advantage': 2.4896872403375347, 'scale': 0.25850902353128824, 'error_term': 11.911387112110004, 'win_prob_k': 2.2939027261102956}",0.0,-7.0
2025-10-27,Utah Jazz,Phoenix Suns,138.0,134.0,False,False,2025-10-27|Phoenix Suns|Utah Jazz,,,,2025-10-27|Phoenix Suns|Utah Jazz,0.8716982655871067,"[{""p_home_win"": 0.7433965311742134, ""weight"": 0.25}, {""p_home_win"": 0.8716982655871067, ""weight"": 0.5}, {""p_home_win"": 1.0, ""weight"": 0.25}]",4.395251927511818,,elo,"{'home_advantage': 2.4896872403375347, 'scale': 0.25850902353128824, 'error_term': 11.911387112110004, 'win_prob_k': 2.2939027261102956}",1.0,4.0
2025-10-27,Minnesota Timberwolves,Denver Nuggets,114.0,127.0,False,False,2025-10-27|Denver Nuggets|Minnesota Timberwolves,,,,2025-10-27|Denver Nuggets|Minnesota Timberwolves,0.9105889064,"[{""p_home_win"": 0.8211778128, ""weight"": 0.25}, {""p_home_win"": 0.9105889064, ""weight"": 0.5}, {""p_home_win"": 1.0, ""weight"": 0.25}]",5.323796746633645,,elo,"{'home_advantage': 2.4896872403375347, 'scale': 0.25850902353128824, 'error_term': 11.911387112110004, 'win_prob_k': 2.2939027261102956}",0.0,-13.0
2025-10-27,Golden State Warriors,Memphis Grizzlies,131.0,118.0,False,False,2025-10-27|Memphis Grizzlies|Golden State Warriors,,,,2025-10-27|Memphis Grizzlies|Golden State Warriors,0.9066266404757847,"[{""p_home_win"": 0.8132532809515693, ""weight"": 0.25}, {""p_home_win"": 0.9066266404757847, ""weight"": 0.5}, {""p_home_win"": 1.0, ""weight"": 0.25}]",5.214326827977698,,elo,"{'home_advantage': 2.4896872403375347, 'scale': 0.25850902353128824, 'error_term': 11.911387112110004, 'win_prob_k': 2.2939027261102956}",1.0,13.0
2025-10-27,Los Angeles Lakers,Portland Trail Blazers,108.0,122.0,False,False,2025-10-27|Portland Trail Blazers|Los Angeles Lakers,,,,2025-10-27|Portland Trail Blazers|Los Angeles Lakers,0.9650558576036007,"[{""p_home_win"": 0.9301117152072014, ""weight"": 0.25}, {""p_home_win"": 0.9650558576036007, ""weight"": 0.5}, {""p_home_win"": 1.0, ""weight"": 0.25}]",7.612167386741634,,elo,"{'home_advantage': 2.4896872403375347, 'scale': 0.25850902353128824, 'error_term': 11.911387112110004, 'win_prob_k': 2.2939027261102956}",0.0,-14.0
2025-10-28,Washington Wizards,Philadelphia 76ers,134.0,139.0,False,False,2025-10-28|Philadelphia 76ers|Washington Wizards,,,,2025-10-28|Philadelphia 76ers|Washington Wizards,0.07762511428982688,"[{""p_home_win"": 0.0, ""weight"": 0.25}, {""p_home_win"": 0.07762511428982688, ""weight"": 0.5}, {""p_home_win"": 0.15525022857965376, ""weight"": 0.25}]",-6.630949262748459,,elo,"{'home_advantage': 1.8853123566136092, 'scale': 0.25380530909085486, 'error_term': 12.01488491518429, 'win_prob_k': 2.6791056822817954}",0.0,-5.0
2025-10-28,Miami Heat,Charlotte Hornets,144.0,117.0,False,False,2025-10-28|Charlotte Hornets|Miami Heat,,,,2025-10-28|Charlotte Hornets|Miami Heat,0.6752722126780843,"[{""p_home_win"": 0.3505444253561687, ""weight"": 0.25}, {""p_home_win"": 0.6752722126780843, ""weight"": 0.5}, {""p_home_win"": 1.0, ""weight"": 0.25}]",1.9614499827730254,,elo,"{'home_advantage': 1.8853123566136092, 'scale': 0.25380530909085486, 'error_term': 12.01488491518429, 'win_prob_k': 2.6791056822817954}",1.0,27.0
2025-10-28,Milwaukee Bucks,New York Knicks,121.0,111.0,False,False,2025-10-28|New York Knicks|Milwaukee Bucks,,,,2025-10-28|New York Knicks|Milwaukee Bucks,0.7826017283222881,"[{""p_home_win"": 0.5652034566445763, ""weight"": 0.25}, {""p_home_win"": 0.7826017283222881, ""weight"": 0.5}, {""p_home_win"": 1.0, ""weight"": 0.25}]",3.431647429421775,,elo,"{'home_advantage': 1.8853123566136092, 'scale': 0.25380530909085486, 'error_term': 12.01488491518429, 'win_prob_k': 2.6791056822817954}",1.0,10.0
2025-10-28,Oklahoma City Thunder,Sacramento Kings,107.0,101.0,False,False,2025-10-28|Sacramento Kings|Oklahoma City Thunder,,,,2025-10-28|Sacramento Kings|Oklahoma City Thunder,0.9975685606264909,"[{""p_home_win"": 0.9951371212529818, ""weight"": 0.25}, {""p_home_win"": 0.9975685606264909, ""weight"": 0.5}, {""p_home_win"": 1.0, ""weight"": 0.25}]",16.119743434053472,,elo,"{'home_advantage': 1.8853123566136092, 'scale': 0.25380530909085486, 'error_term': 12.01488491518429, 'win_prob_k': 2.6791056822817954}",1.0,6.0
2025-10-28,Golden State Warriors,Los Angeles Clippers,98.0,79.0,False,False,2025-10-28|Los Angeles Clippers|Golden State Warriors,,,,2025-10-28|Los Angeles Clippers|Golden State Warriors,0.8520845722095743,"[{""p_home_win"": 0.7041691444191487, ""weight"": 0.25}, {""p_home_win"": 0.8520845722095743, ""weight"": 0.5}, {""p_home_win"": 1.0, ""weight"": 0.25}]",4.691234900046412,,elo,"{'home_advantage': 1.8853123566136092, 'scale': 0.25380530909085486, 'error_term': 12.01488491518429, 'win_prob_k': 2.6791056822817954}",1.0,19.0
2025-10-29,Toronto Raptors,Houston Rockets,121.0,139.0,False,False,2025-10-29|Houston Rockets|Toronto Raptors,,,,2025-10-29|Houston Rockets|Toronto Raptors,0.681453504591262,"[{""p_home_win"": 0.36290700918252394, ""weight"": 0.25}, {""p_home_win"": 0.681453504591262, ""weight"": 0.5}, {""p_home_win"": 1.0, ""weight"": 0.25}]",2.115674184659778,,elo,"{'home_advantage': 2.400518080401, 'scale': 0.22502665477578007, 'error_term': 12.18623202469671, 'win_prob_k': 2.7820994684284543}",0.0,-18.0
2025-10-29,Boston Celtics,Cleveland Cavaliers,125.0,105.0,False,False,2025-10-29|Cleveland Cavaliers|Boston Celtics,,,,2025-10-29|Cleveland Cavaliers|Boston Celtics,0.09170536693122942,"[{""p_home_win"": 0.0, ""weight"": 0.25}, {""p_home_win"": 0.09170536693122942, ""weight"": 0.5}, {""p_home_win"": 0.18341073386245885, ""weight"": 0.25}]",-6.37932043750541,,elo,"{'home_advantage': 2.400518080401, 'scale': 0.22502665477578007, 'error_term': 12.18623202469671, 'win_prob_k': 2.7820994684284543}",1.0,20.0
2025-10-29,Detroit Pistons,Orlando Magic,135.0,116.0,False,False,2025-10-29|Orlando Magic|Detroit Pistons,,,,2025-10-29|Orlando Magic|Detroit Pistons,0.9435839260590049,"[{""p_home_win"": 0.8871678521180097, ""weight"": 0.25}, {""p_home_win"": 0.9435839260590049, ""weight"": 0.5}, {""p_home_win"": 1.0, ""weight"": 0.25}]",7.836982782538005,,elo,"{'home_advantage': 2.400518080401, 'scale': 0.22502665477578007, 'error_term': 12.18623202469671, 'win_prob_k': 2.7820994684284543}",1.0,19.0
2025-10-29,Brooklyn Nets,Atlanta Hawks,112.0,117.0,False,False,2025-10-29|Atlanta Hawks|Brooklyn Nets,,,,2025-10-29|Atlanta Hawks|Brooklyn Nets,0.41443367387060515,"[{""p_home_win"": 0.0, ""weight"": 0.25}, {""p_home_win"": 0.41443367387060515, ""weight"": 0.5}, {""p_home_win"": 0.8288673477412103, ""weight"": 0.25}]",-0.9616786159925286,,elo,"{'home_advantage': 2.400518080401, 'scale': 0.22502665477578007, 'error_term': 12.18623202469671, 'win_prob_k': 2.7820994684284543}",0.0,-5.0
2025-10-29,Chicago Bulls,Sacramento Kings,126.0,113.0,False,False,2025-10-29|Sacramento Kings|Chicago Bulls,,,,2025-10-29|Sacramento Kings|Chicago Bulls,0.9884785433225838,"[{""p_home_win"": 0.9769570866451676, ""weight"": 0.25}, {""p_home_win"": 0.9884785433225838, ""weight"": 0.5}, {""p_home_win"": 1.0, ""weight"": 0.25}]",12.38578397901612,,elo,"{'home_advantage': 2.400518080401, 'scale': 0.22502665477578007, 'error_term': 12.18623202469671, 'win_prob_k': 2.7820994684284543}",1.0,13.0
2025-10-29,Dallas Mavericks,Indiana Pacers,107.0,105.0,False,False,2025-10-29|Indiana Pacers|Dallas Mavericks,,,,2025-10-29|Indiana Pacers|Dallas Mavericks,0.6536570115971354,"[{""p_home_win"": 0.3073140231942708, ""weight"": 0.25}, {""p_home_win"": 0.6536570115971354, ""weight"": 0.5}, {""p_home_win"": 1.0, ""weight"": 0.25}]",1.7670593433033592,,elo,"{'home_advantage': 2.400518080401, 'scale': 0.22502665477578007, 'error_term': 12.18623202469671, 'win_prob_k': 2.7820994684284543}",1.0,2.0
2025-10-29,Utah Jazz,Portland Trail Blazers,134.0,136.0,False,False,2025-10-29|Portland Trail Blazers|Utah Jazz,,,,2025-10-29|Portland Trail Blazers|Utah Jazz,0.7814497694995604,"[{""p_home_win"": 0.5628995389991207, ""weight"": 0.25}, {""p_home_win"": 0.7814497694995604, ""weight"": 0.5}, {""p_home_win"": 1.0, ""weight"": 0.25}]",3.544770298788357,,elo,"{'home_advantage': 2.400518080401, 'scale': 0.22502665477578007, 'error_term': 12.18623202469671, 'win_prob_k': 2.7820994684284543}",0.0,-2.0
2025-10-29,Denver Nuggets,New Orleans Pelicans,122.0,88.0,False,False,2025-10-29|New Orleans Pelicans|Denver Nuggets,,,,2025-10-29|New Orleans Pelicans|Denver Nuggets,0.9899117356691787,"[{""p_home_win"": 0.9798234713383573, ""weight"": 0.25}, {""p_home_win"": 0.9899117356691787, ""weight"": 0.5}, {""p_home_win"": 1.0, ""weight"": 0.25}]",12.759384163543478,,elo,"{'home_advantage': 2.400518080401, 'scale': 0.22502665477578007, 'error_term': 12.18623202469671, 'win_prob_k': 2.7820994684284543}",1.0,34.0
2025-10-29,Minnesota Timberwolves,Los Angeles Lakers,115.0,116.0,False,False,2025-10-29|Los Angeles Lakers|Minnesota Timberwolves,,,,2025-10-29|Los Angeles Lakers|Minnesota Timberwolves,0.7612730740382557,"[{""p_home_win"": 0.5225461480765115, ""weight"": 0.25}, {""p_home_win"": 0.7612730740382557, ""weight"": 0.5}, {""p_home_win"": 1.0, ""weight"": 0.25}]",3.2263222977312402,,elo,"{'home_advantage': 2.400518080401, 'scale': 0.22502665477578007, 'error_term': 12.18623202469671, 'win_prob_k': 2.7820994684284543}",0.0,-1.0
2025-10-29,Phoenix Suns,Memphis Grizzlies,113.0,114.0,False,False,2025-10-29|Memphis Grizzlies|Phoenix Suns,,,,2025-10-29|Memphis Grizzlies|Phoenix Suns,0.5360012148441233,"[{""p_home_win"": 0.07200242968824666, ""weight"": 0.25}, {""p_home_win"": 0.5360012148441233, ""weight"": 0.5}, {""p_home_win"": 1.0, ""weight"": 0.25}]",0.40133034980767257,,elo,"{'home_advantage': 2.400518080401, 'scale': 0.22502665477578007, 'error_term': 12.18623202469671, 'win_prob_k': 2.7820994684284543}",0.0,-1.0
2025-10-30,Charlotte Hornets,Orlando Magic,107.0,123.0,False,False,2025-10-30|Orlando Magic|Charlotte Hornets,,,,2025-10-30|Orlando Magic|Charlotte Hornets,0.9649247071487367,"[{""p_home_win"": 0.9298494142974734, ""weight"": 0.25}, {""p_home_win"": 0.9649247071487367, ""weight"": 0.5}, {""p_home_win"": 1.0, ""weight"": 0.25}]",10.809463939027154,,elo,"{'home_advantage': 2.477839578070698, 'scale': 0.22365429173395224, 'error_term': 11.882913185543053, 'win_prob_k': 3.2612130851274923}",0.0,-16.0
2025-10-30,Milwaukee Bucks,Golden State Warriors,120.0,110.0,False,False,2025-10-30|Golden State Warriors|Milwaukee Bucks,,,,2025-10-30|Golden State Warriors|Milwaukee Bucks,0.5892565885177844,"[{""p_home_win"": 0.1785131770355688, ""weight"": 0.25}, {""p_home_win"": 0.5892565885177844, ""weight"": 0.5}, {""p_home_win"": 1.0, ""weight"": 0.25}]",1.1769489947093867,,elo,"{'home_advantage': 2.477839578070698, 'scale': 0.22365429173395224, 'error_term': 11.882913185543053, 'win_prob_k': 3.2612130851274923}",1.0,10.0
2025-10-30,Oklahoma City Thunder,Washington Wizards,127.0,108.0,False,False,2025-10-30|Washington Wizards|Oklahoma City Thunder,,,,2025-10-30|Washington Wizards|Oklahoma City Thunder,0.9958098343373598,"[{""p_home_win"": 0.9916196686747196, ""weight"": 0.25}, {""p_home_win"": 0.9958098343373598, ""weight"": 0.5}, {""p_home_win"": 1.0, ""weight"": 0.25}]",17.84149685336334,,elo,"{'home_advantage': 2.477839578070698, 'scale': 0.22365429173395224, 'error_term': 11.882913185543053, 'win_prob_k': 3.2612130851274923}",1.0,19.0
2025-10-30,San Antonio Spurs,Miami Heat,107.0,101.0,False,False,2025-10-30|Miami Heat|San Antonio Spurs,,,,2025-10-30|Miami Heat|San Antonio Spurs,0.8707108932983062,"[{""p_home_win"": 0.7414217865966124, ""weight"": 0.25}, {""p_home_win"": 0.8707108932983062, ""weight"": 0.5}, {""p_home_win"": 1.0, ""weight"": 0.25}]",6.219977886016277,,elo,"{'home_advantage': 2.477839578070698, 'scale': 0.22365429173395224, 'error_term': 11.882913185543053, 'win_prob_k': 3.2612130851274923}",1.0,6.0
2025-10-31,Indiana Pacers,Atlanta Hawks,108.0,128.0,False,False,2025-10-31|Atlanta Hawks|Indiana Pacers,,,,2025-10-31|Atlanta Hawks|Indiana Pacers,0.2324973664749938,"[{""p_home_win"": 0.0, ""weight"": 0.25}, {""p_home_win"": 0.2324973664749938, ""weight"": 0.5}, {""p_home_win"": 0.4649947329499876, ""weight"": 0.25}]",-3.7131260955397343,,elo,"{'home_advantage': 2.145879120114378, 'scale': 0.21136968267344675, 'error_term': 12.020787166796573, 'win_prob_k': 3.109135974062027}",0.0,-20.0
2025-10-31,Philadelphia 76ers,Boston Celtics,108.0,109.0,False,False,2025-10-31|Boston Celtics|Philadelphia 76ers,,,,2025-10-31|Boston Celtics|Philadelphia 76ers,0.9733026524144643,"[{""p_home_win"": 0.9466053048289287, ""weight"": 0.25}, {""p_home_win"": 0.9733026524144643, ""weight"": 0.5}, {""p_home_win"": 1.0, ""weight"": 0.25}]",11.180859841359608,,elo,"{'home_advantage': 2.145879120114378, 'scale': 0.21136968267344675, 'error_term': 12.020787166796573, 'win_prob_k': 3.109135974062027}",0.0,-1.0
2025-10-31,Cleveland Cavaliers,Toronto Raptors,101.0,112.0,False,False,2025-10-31|Toronto Raptors|Cleveland Cavaliers,,,,2025-10-31|Toronto Raptors|Cleveland Cavaliers,0.9765428686125377,"[{""p_home_win"": 0.9530857372250754, ""weight"": 0.25}, {""p_home_win"": 0.9765428686125377, ""weight"": 0.5}, {""p_home_win"": 1.0, ""weight"": 0.25}]",11.593483303822538,,elo,"{'home_advantage': 2.145879120114378, 'scale': 0.21136968267344675, 'error_term': 12.020787166796573, 'win_prob_k': 3.109135974062027}",0.0,-11.0
2025-10-31,Chicago Bulls,New York Knicks,135.0,125.0,False,False,2025-10-31|New York Knicks|Chicago Bulls,,,,2025-10-31|New York Knicks|Chicago Bulls,0.9484015074404125,"[{""p_home_win"": 0.896803014880825, ""weight"": 0.25}, {""p_home_win"": 0.9484015074404125, ""weight"": 0.5}, {""p_home_win"": 1.0, ""weight"": 0.25}]",9.051582433878972,,elo,"{'home_advantage': 2.145879120114378, 'scale': 0.21136968267344675, 'error_term': 12.020787166796573, 'win_prob_k': 3.109135974062027}",1.0,10.0
2025-10-31,Memphis Grizzlies,Los Angeles Lakers,112.0,117.0,False,False,2025-10-31|Los Angeles Lakers|Memphis Grizzlies,,,,2025-10-31|Los Angeles Lakers|Memphis Grizzlies,0.6518832042425019,"[{""p_home_win"": 0.3037664084850038, ""weight"": 0.25}, {""p_home_win"": 0.6518832042425019, ""weight"": 0.5}, {""p_home_win"": 1.0, ""weight"": 0.25}]",1.9504460868129123,,elo,"{'home_advantage': 2.145879120114378, 'scale': 0.21136968267344675, 'error_term': 12.020787166796573, 'win_prob_k': 3.109135974062027}",0.0,-5.0
2025-10-31,Phoenix Suns,Utah Jazz,118.0,96.0,False,False,2025-10-31|Utah Jazz|Phoenix Suns,,,,2025-10-31|Utah Jazz|Phoenix Suns,0.32343188307548465,"[{""p_home_win"": 0.0, ""weight"": 0.25}, {""p_home_win"": 0.32343188307548465, ""weight"": 0.5}, {""p_home_win"": 0.6468637661509693, ""weight"": 0.25}]",-2.2946810267124196,,elo,"{'home_advantage': 2.145879120114378, 'scale': 0.21136968267344675, 'error_term': 12.020787166796573, 'win_prob_k': 3.109135974062027}",1.0,22.0
2025-10-31,Portland Trail Blazers,Denver Nuggets,109.0,107.0,False,False,2025-10-31|Denver Nuggets|Portland Trail Blazers,,,,2025-10-31|Denver Nuggets|Portland Trail Blazers,0.5840895606740008,"[{""p_home_win"": 0.1681791213480015, ""weight"": 0.25}, {""p_home_win"": 0.5840895606740008, ""weight"": 0.5}, {""p_home_win"": 1.0, ""weight"": 0.25}]",1.055814016401152,,elo,"{'home_advantage': 2.145879120114378, 'scale': 0.21136968267344675, 'error_term': 12.020787166796573, 'win_prob_k': 3.109135974062027}",1.0,2.0
2025-10-31,Los Angeles Clippers,New Orleans Pelicans,126.0,124.0,False,False,2025-10-31|New Orleans Pelicans|Los Angeles Clippers,,,,2025-10-31|New Orleans Pelicans|Los Angeles Clippers,0.9658394552416327,"[{""p_home_win"": 0.9316789104832655, ""weight"": 0.25}, {""p_home_win"": 0.9658394552416327, ""weight"": 0.5}, {""p_home_win"": 1.0, ""weight"": 0.25}]",10.39050330980923,,elo,"{'home_advantage': 2.145879120114378, 'scale': 0.21136968267344675, 'error_term': 12.020787166796573, 'win_prob_k': 3.109135974062027}",1.0,2.0
2025-11-01,Milwaukee Bucks,Sacramento Kings,133.0,135.0,False,False,2025-11-01|Sacramento Kings|Milwaukee Bucks,,,,2025-11-01|Sacramento Kings|Milwaukee Bucks,0.9697287181054676,"[{""p_home_win"": 0.9394574362109351, ""weight"": 0.25}, {""p_home_win"": 0.9697287181054676, ""weight"": 0.5}, {""p_home_win"": 1.0, ""weight"": 0.25}]",12.489367222891524,,elo,"{'home_advantage': 1.761176426804755, 'scale': 0.20887711579130977, 'error_term': 11.959370239165597, 'win_prob_k': 3.602545972556391}",0.0,-2.0
2025-11-01,Charlotte Hornets,Minnesota Timberwolves,105.0,122.0,False,False,2025-11-01|Minnesota Timberwolves|Charlotte Hornets,,,,2025-11-01|Minnesota Timberwolves|Charlotte Hornets,0.7057589465929063,"[{""p_home_win"": 0.41151789318581256, ""weight"": 0.25}, {""p_home_win"": 0.7057589465929063, ""weight"": 0.5}, {""p_home_win"": 1.0, ""weight"": 0.25}]",3.1517752563923427,,elo,"{'home_advantage': 1.761176426804755, 'scale': 0.20887711579130977, 'error_term': 11.959370239165597, 'win_prob_k': 3.602545972556391}",0.0,-17.0
2025-11-01,Indiana Pacers,Golden State Warriors,114.0,109.0,False,False,2025-11-01|Golden State Warriors|Indiana Pacers,,,,2025-11-01|Golden State Warriors|Indiana Pacers,0.039261722244637594,"[{""p_home_win"": 0.0, ""weight"": 0.25}, {""p_home_win"": 0.039261722244637594, ""weight"": 0.5}, {""p_home_win"": 0.07852344448927519, ""weight"": 0.25}]",-11.518967726610772,,elo,"{'home_advantage': 1.761176426804755, 'scale': 0.20887711579130977, 'error_term': 11.959370239165597, 'win_prob_k': 3.602545972556391}",1.0,5.0
2025-11-01,Washington Wizards,Orlando Magic,94.0,125.0,False,False,2025-11-01|Orlando Magic|Washington Wizards,,,,2025-11-01|Orlando Magic|Washington Wizards,0.5167708675056728,"[{""p_home_win"": 0.03354173501134561, ""weight"": 0.25}, {""p_home_win"": 0.5167708675056728, ""weight"": 0.5}, {""p_home_win"": 1.0, ""weight"": 0.25}]",0.24176197658034537,,elo,"{'home_advantage': 1.761176426804755, 'scale': 0.20887711579130977, 'error_term': 11.959370239165597, 'win_prob_k': 3.602545972556391}",0.0,-31.0
2025-11-01,Boston Celtics,Houston Rockets,101.0,128.0,False,False,2025-11-01|Houston Rockets|Boston Celtics,,,,2025-11-01|Houston Rockets|Boston Celtics,0.7365009416846111,"[{""p_home_win"": 0.4730018833692222, ""weight"": 0.25}, {""p_home_win"": 0.7365009416846111, ""weight"": 0.5}, {""p_home_win"": 1.0, ""weight"": 0.25}]",3.7029154981815666,,elo,"{'home_advantage': 1.761176426804755, 'scale': 0.20887711579130977, 'error_term': 11.959370239165597, 'win_prob_k': 3.602545972556391}",0.0,-27.0
2025-11-01,Detroit Pistons,Dallas Mavericks,122.0,110.0,False,False,2025-11-01|Dallas Mavericks|Detroit Pistons,,,,2025-11-01|Dallas Mavericks|Detroit Pistons,0.8903175949719488,"[{""p_home_win"": 0.7806351899438977, ""weight"": 0.25}, {""p_home_win"": 0.8903175949719488, ""weight"": 0.5}, {""p_home_win"": 1.0, ""weight"": 0.25}]",7.543692664026052,,elo,"{'home_advantage': 1.761176426804755, 'scale': 0.20887711579130977, 'error_term': 11.959370239165597, 'win_prob_k': 3.602545972556391}",1.0,12.0
2025-11-02,Oklahoma City Thunder,New Orleans Pelicans,137.0,106.0,False,False,2025-11-02|New Orleans Pelicans|Oklahoma City Thunder,,,,2025-11-02|New Orleans Pelicans|Oklahoma City Thunder,0.9971804918670101,"[{""p_home_win"": 0.9943609837340202, ""weight"": 0.25}, {""p_home_win"": 0.9971804918670101, ""weight"": 0.5}, {""p_home_win"": 1.0, ""weight"": 0.25}]",23.37729402598971,,elo,"{'home_advantage': 1.0250518439718022, 'scale': 0.2247061939128193, 'error_term': 12.387854678300416, 'win_prob_k': 3.9836098705803735}",1.0,31.0
2025-11-02,Brooklyn Nets,Philadelphia 76ers,105.0,129.0,False,False,2025-11-02|Philadelphia 76ers|Brooklyn Nets,,,,2025-11-02|Philadelphia 76ers|Brooklyn Nets,0.024938156093321083,"[{""p_home_win"": 0.0, ""weight"": 0.25}, {""p_home_win"": 0.024938156093321083, ""weight"": 0.5}, {""p_home_win"": 0.049876312186642166, ""weight"": 0.25}]",-14.604319694772483,,elo,"{'home_advantage': 1.0250518439718022, 'scale': 0.2247061939128193, 'error_term': 12.387854678300416, 'win_prob_k': 3.9836098705803735}",0.0,-24.0
2025-11-02,Charlotte Hornets,Utah Jazz,126.0,103.0,False,False,2025-11-02|Utah Jazz|Charlotte Hornets,,,,2025-11-02|Utah Jazz|Charlotte Hornets,0.46913643986730097,"[{""p_home_win"": 0.0, ""weight"": 0.25}, {""p_home_win"": 0.46913643986730097, ""weight"": 0.5}, {""p_home_win"": 0.9382728797346019, ""weight"": 0.25}]",-0.49241957970203165,,elo,"{'home_advantage': 1.0250518439718022, 'scale': 0.2247061939128193, 'error_term': 12.387854678300416, 'win_prob_k': 3.9836098705803735}",1.0,23.0
2025-11-02,Cleveland Cavaliers,Atlanta Hawks,117.0,109.0,False,False,2025-11-02|Atlanta Hawks|Cleveland Cavaliers,,,,2025-11-02|Atlanta Hawks|Cleveland Cavaliers,0.5284919180859994,"[{""p_home_win"": 0.05698383617199876, ""weight"": 0.25}, {""p_home_win"": 0.5284919180859994, ""weight"": 0.5}, {""p_home_win"": 1.0, ""weight"": 0.25}]",0.45449511025853073,,elo,"{'home_advantage': 1.0250518439718022, 'scale': 0.2247061939128193, 'error_term': 12.387854678300416, 'win_prob_k': 3.9836098705803735}",1.0,8.0
2025-11-02,Toronto Raptors,Memphis Grizzlies,117.0,104.0,False,False,2025-11-02|Memphis Grizzlies|Toronto Raptors,,,,2025-11-02|Memphis Grizzlies|Toronto Raptors,0.4661668772209579,"[{""p_home_win"": 0.0, ""weight"": 0.25}, {""p_home_win"": 0.4661668772209579, ""weight"": 0.5}, {""p_home_win"": 0.9323337544419158, ""weight"": 0.25}]",-0.5399369295094103,,elo,"{'home_advantage': 1.0250518439718022, 'scale': 0.2247061939128193, 'error_term': 12.387854678300416, 'win_prob_k': 3.9836098705803735}",1.0,13.0
2025-11-02,New York Knicks,Chicago Bulls,128.0,116.0,False,False,2025-11-02|Chicago Bulls|New York Knicks,,,,2025-11-02|Chicago Bulls|New York Knicks,0.09089677000789739,"[{""p_home_win"": 0.0, ""weight"": 0.25}, {""p_home_win"": 0.09089677000789739, ""weight"": 0.5}, {""p_home_win"": 0.18179354001579479, ""weight"": 0.25}]",-9.173194628655608,,elo,"{'home_advantage': 1.0250518439718022, 'scale': 0.2247061939128193, 'error_term': 12.387854678300416, 'win_prob_k': 3.9836098705803735}",1.0,12.0
2025-11-02,Phoenix Suns,San Antonio Spurs,130.0,118.0,False,False,2025-11-02|San Antonio Spurs|Phoenix Suns,,,,2025-11-02|San Antonio Spurs|Phoenix Suns,0.0344851518672169,"[{""p_home_win"": 0.0, ""weight"": 0.25}, {""p_home_win"": 0.0344851518672169, ""weight"": 0.5}, {""p_home_win"": 0.0689703037344338, ""weight"": 0.25}]",-13.27391643380199,,elo,"{'home_advantage': 1.0250518439718022, 'scale': 0.2247061939128193, 'error_term': 12.387854678300416, 'win_prob_k': 3.9836098705803735}",1.0,12.0
2025-11-02,Los Angeles Lakers,Miami Heat,130.0,120.0,False,False,2025-11-02|Miami Heat|Los Angeles Lakers,,,,2025-11-02|Miami Heat|Los Angeles Lakers,0.6520016412077653,"[{""p_home_win"": 0.30400328241553054, ""weight"": 0.25}, {""p_home_win"": 0.6520016412077653, ""weight"": 0.5}, {""p_home_win"": 1.0, ""weight"": 0.25}]",2.5011067303204118,,elo,"{'home_advantage': 1.0250518439718022, 'scale': 0.2247061939128193, 'error_term': 12.387854678300416, 'win_prob_k': 3.9836098705803735}",1.0,10.0
2025-11-03,Brooklyn Nets,Minnesota Timberwolves,109.0,125.0,False,False,2025-11-03|Minnesota Timberwolves|Brooklyn Nets,,,,2025-11-03|Minnesota Timberwolves|Brooklyn Nets,0.10373708164761414,"[{""p_home_win"": 0.0, ""weight"": 0.25}, {""p_home_win"": 0.10373708164761414, ""weight"": 0.5}, {""p_home_win"": 0.20747416329522828, ""weight"": 0.25}]",-9.532097939795328,,elo,"{'home_advantage': 1.991679886649432, 'scale': 0.21018819309102077, 'error_term': 12.594536975171186, 'win_prob_k': 4.420428550459574}",0.0,-16.0
2025-11-03,Indiana Pacers,Milwaukee Bucks,115.0,117.0,False,False,2025-11-03|Milwaukee Bucks|Indiana Pacers,,,,2025-11-03|Milwaukee Bucks|Indiana Pacers,0.13021899567331902,"[{""p_home_win"": 0.0, ""weight"": 0.25}, {""p_home_win"": 0.13021899567331902, ""weight"": 0.5}, {""p_home_win"": 0.26043799134663803, ""weight"": 0.25}]",-8.394499224900162,,elo,"{'home_advantage': 1.991679886649432, 'scale': 0.21018819309102077, 'error_term': 12.594536975171186, 'win_prob_k': 4.420428550459574}",0.0,-2.0
2025-11-03,Boston Celtics,Utah Jazz,103.0,105.0,False,False,2025-11-03|Utah Jazz|Boston Celtics,,,,2025-11-03|Utah Jazz|Boston Celtics,0.7830482932119964,"[{""p_home_win"": 0.5660965864239929, ""weight"": 0.25}, {""p_home_win"": 0.7830482932119964, ""weight"": 0.5}, {""p_home_win"": 1.0, ""weight"": 0.25}]",5.673706648820499,,elo,"{'home_advantage': 1.991679886649432, 'scale': 0.21018819309102077, 'error_term': 12.594536975171186, 'win_prob_k': 4.420428550459574}",0.0,-2.0
2025-11-03,New York Knicks,Washington Wizards,119.0,102.0,False,False,2025-11-03|Washington Wizards|New York Knicks,,,,2025-11-03|Washington Wizards|New York Knicks,0.9092527344126305,"[{""p_home_win"": 0.8185054688252611, ""weight"": 0.25}, {""p_home_win"": 0.9092527344126305, ""weight"": 0.5}, {""p_home_win"": 1.0, ""weight"": 0.25}]",10.187075407685471,,elo,"{'home_advantage': 1.991679886649432, 'scale': 0.21018819309102077, 'error_term': 12.594536975171186, 'win_prob_k': 4.420428550459574}",1.0,17.0
2025-11-03,Houston Rockets,Dallas Mavericks,110.0,102.0,False,False,2025-11-03|Dallas Mavericks|Houston Rockets,,,,2025-11-03|Dallas Mavericks|Houston Rockets,0.9170891678430878,"[{""p_home_win"": 0.8341783356861756, ""weight"": 0.25}, {""p_home_win"": 0.9170891678430878, ""weight"": 0.5}, {""p_home_win"": 1.0, ""weight"": 0.25}]",10.624230318448948,,elo,"{'home_advantage': 1.991679886649432, 'scale': 0.21018819309102077, 'error_term': 12.594536975171186, 'win_prob_k': 4.420428550459574}",1.0,8.0
2025-11-03,Memphis Grizzlies,Detroit Pistons,106.0,114.0,False,False,2025-11-03|Detroit Pistons|Memphis Grizzlies,,,,2025-11-03|Detroit Pistons|Memphis Grizzlies,0.31406504899717275,"[{""p_home_win"": 0.0, ""weight"": 0.25}, {""p_home_win"": 0.31406504899717275, ""weight"": 0.5}, {""p_home_win"": 0.6281300979943455, ""weight"": 0.25}]",-3.453162189767608,,elo,"{'home_advantage': 1.991679886649432, 'scale': 0.21018819309102077, 'error_term': 12.594536975171186, 'win_prob_k': 4.420428550459574}",0.0,-8.0
2025-11-03,Denver Nuggets,Sacramento Kings,130.0,124.0,False,False,2025-11-03|Sacramento Kings|Denver Nuggets,,,,2025-11-03|Sacramento Kings|Denver Nuggets,0.8213010072475548,"[{""p_home_win"": 0.6426020144951097, ""weight"": 0.25}, {""p_home_win"": 0.8213010072475548, ""weight"": 0.5}, {""p_home_win"": 1.0, ""weight"": 0.25}]",6.741979680107136,,elo,"{'home_advantage': 1.991679886649432, 'scale': 0.21018819309102077, 'error_term': 12.594536975171186, 'win_prob_k': 4.420428550459574}",1.0,6.0
2025-11-03,Portland Trail Blazers,Los Angeles Lakers,115.0,123.0,False,False,2025-11-03|Los Angeles Lakers|Portland Trail Blazers,,,,2025-11-03|Los Angeles Lakers|Portland Trail Blazers,0.5458449849063906,"[{""p_home_win"": 0.0916899698127811, ""weight"": 0.25}, {""p_home_win"": 0.5458449849063906, ""weight"": 0.5}, {""p_home_win"": 1.0, ""weight"": 0.25}]",0.8129010838992159,,elo,"{'home_advantage': 1.991679886649432, 'scale': 0.21018819309102077, 'error_term': 12.594536975171186, 'win_prob_k': 4.420428550459574}",0.0,-8.0
2025-11-03,Los Angeles Clippers,Miami Heat,119.0,120.0,False,False,2025-11-03|Miami Heat|Los Angeles Clippers,,,,2025-11-03|Miami Heat|Los Angeles Clippers,0.6101852445835612,"[{""p_home_win"": 0.22037048916712232, ""weight"": 0.25}, {""p_home_win"": 0.6101852445835612, ""weight"": 0.5}, {""p_home_win"": 1.0, ""weight"": 0.25}]",1.9807540309733362,,elo,"{'home_advantage': 1.991679886649432, 'scale': 0.21018819309102077, 'error_term': 12.594536975171186, 'win_prob_k': 4.420428550459574}",0.0,-1.0
2025-11-04,Toronto Raptors,Milwaukee Bucks,128.0,100.0,False,False,2025-11-04|Milwaukee Bucks|Toronto Raptors,,,,2025-11-04|Milwaukee Bucks|Toronto Raptors,0.3118409704352971,"[{""p_home_win"": 0.0, ""weight"": 0.25}, {""p_home_win"": 0.3118409704352971, ""weight"": 0.5}, {""p_home_win"": 0.6236819408705943, ""weight"": 0.25}]",-3.5752020626935384,,elo,"{'home_advantage': 2.0187228033784965, 'scale': 0.18667160455688409, 'error_term': 12.047689662988585, 'win_prob_k': 4.516843795822576}",1.0,28.0
2025-11-04,Atlanta Hawks,Orlando Magic,127.0,112.0,False,False,2025-11-04|Orlando Magic|Atlanta Hawks,,,,2025-11-04|Orlando Magic|Atlanta Hawks,0.6486911811550281,"[{""p_home_win"": 0.2973823623100562, ""weight"": 0.25}, {""p_home_win"": 0.6486911811550281, ""weight"": 0.5}, {""p_home_win"": 1.0, ""weight"": 0.25}]",2.7701401139273027,,elo,"{'home_advantage': 2.0187228033784965, 'scale': 0.18667160455688409, 'error_term': 12.047689662988585, 'win_prob_k': 4.516843795822576}",1.0,15.0
2025-11-04,Chicago Bulls,Philadelphia 76ers,113.0,111.0,False,False,2025-11-04|Philadelphia 76ers|Chicago Bulls,,,,2025-11-04|Philadelphia 76ers|Chicago Bulls,0.5605790155923593,"[{""p_home_win"": 0.12115803118471868, ""weight"": 0.25}, {""p_home_win"": 0.5605790155923593, ""weight"": 0.5}, {""p_home_win"": 1.0, ""weight"": 0.25}]",1.0999069772438603,,elo,"{'home_advantage': 2.0187228033784965, 'scale': 0.18667160455688409, 'error_term': 12.047689662988585, 'win_prob_k': 4.516843795822576}",1.0,2.0
2025-11-04,New Orleans Pelicans,Charlotte Hornets,116.0,112.0,False,False,2025-11-04|Charlotte Hornets|New Orleans Pelicans,,,,2025-11-04|Charlotte Hornets|New Orleans Pelicans,0.2607965967618622,"[{""p_home_win"": 0.0, ""weight"": 0.25}, {""p_home_win"": 0.2607965967618622, ""weight"": 0.5}, {""p_home_win"": 0.5215931935237244, ""weight"": 0.25}]",-4.705793957130087,,elo,"{'home_advantage': 2.0187228033784965, 'scale': 0.18667160455688409, 'error_term': 12.047689662988585, 'win_prob_k': 4.516843795822576}",1.0,4.0
2025-11-04,Golden State Warriors,Phoenix Suns,118.0,107.0,False,False,2025-11-04|Phoenix Suns|Golden State Warriors,,,,2025-11-04|Phoenix Suns|Golden State Warriors,0.7792724731646874,"[{""p_home_win"": 0.5585449463293748, ""weight"": 0.25}, {""p_home_win"": 0.7792724731646874, ""weight"": 0.5}, {""p_home_win"": 1.0, ""weight"": 0.25}]",5.6976900704066855,,elo,"{'home_advantage': 2.0187228033784965, 'scale': 0.18667160455688409, 'error_term': 12.047689662988585, 'win_prob_k': 4.516843795822576}",1.0,11.0
2025-11-04,Los Angeles Clippers,Oklahoma City Thunder,107.0,126.0,False,False,2025-11-04|Oklahoma City Thunder|Los Angeles Clippers,,,,2025-11-04|Oklahoma City Thunder|Los Angeles Clippers,0.09383769830537322,"[{""p_home_win"": 0.0, ""weight"": 0.25}, {""p_home_win"": 0.09383769830537322, ""weight"": 0.5}, {""p_home_win"": 0.18767539661074645, ""weight"": 0.25}]",-10.242628759576819,,elo,"{'home_advantage': 2.0187228033784965, 'scale': 0.18667160455688409, 'error_term': 12.047689662988585, 'win_prob_k': 4.516843795822576}",0.0,-19.0
2025-11-05,Cleveland Cavaliers,Philadelphia 76ers,132.0,121.0,False,False,2025-11-05|Philadelphia 76ers|Cleveland Cavaliers,,,,2025-11-05|Philadelphia 76ers|Cleveland Cavaliers,0.471359857668278,"[{""p_home_win"": 0.0, ""weight"": 0.25}, {""p_home_win"": 0.471359857668278, ""weight"": 0.5}, {""p_home_win"": 0.942719715336556, ""weight"": 0.25}]",-0.5040348327855724,,elo,"{'home_advantage': 2.490677953881192, 'scale': 0.18063446255692042, 'error_term': 12.201307685391814, 'win_prob_k': 4.394907438875034}",1.0,11.0
2025-11-05,Detroit Pistons,Utah Jazz,114.0,103.0,False,False,2025-11-05|Utah Jazz|Detroit Pistons,,,,2025-11-05|Utah Jazz|Detroit Pistons,0.8712498147378409,"[{""p_home_win"": 0.7424996294756818, ""weight"": 0.25}, {""p_home_win"": 0.8712498147378409, ""weight"": 0.5}, {""p_home_win"": 1.0, ""weight"": 0.25}]",8.403303736441861,,elo,"{'home_advantage': 2.490677953881192, 'scale': 0.18063446255692042, 'error_term': 12.201307685391814, 'win_prob_k': 4.394907438875034}",1.0,11.0
2025-11-05,Indiana Pacers,Brooklyn Nets,103.0,112.0,False,False,2025-11-05|Brooklyn Nets|Indiana Pacers,,,,2025-11-05|Brooklyn Nets|Indiana Pacers,0.7980739836433909,"[{""p_home_win"": 0.5961479672867818, ""weight"": 0.25}, {""p_home_win"": 0.7980739836433909, ""weight"": 0.5}, {""p_home_win"": 1.0, ""weight"": 0.25}]",6.039920984864447,,elo,"{'home_advantage': 2.490677953881192, 'scale': 0.18063446255692042, 'error_term': 12.201307685391814, 'win_prob_k': 4.394907438875034}",0.0,-9.0
2025-11-05,Boston Celtics,Washington Wizards,136.0,107.0,False,False,2025-11-05|Washington Wizards|Boston Celtics,,,,2025-11-05|Washington Wizards|Boston Celtics,0.8395524880698818,"[{""p_home_win"": 0.6791049761397636, ""weight"": 0.25}, {""p_home_win"": 0.8395524880698818, ""weight"": 0.5}, {""p_home_win"": 1.0, ""weight"": 0.25}]",7.273141712357042,,elo,"{'home_advantage': 2.490677953881192, 'scale': 0.18063446255692042, 'error_term': 12.201307685391814, 'win_prob_k': 4.394907438875034}",1.0,29.0
2025-11-05,New York Knicks,Minnesota Timberwolves,137.0,114.0,False,False,2025-11-05|Minnesota Timberwolves|New York Knicks,,,,2025-11-05|Minnesota Timberwolves|New York Knicks,0.6184145602723203,"[{""p_home_win"": 0.23682912054464067, ""weight"": 0.25}, {""p_home_win"": 0.6184145602723203, ""weight"": 0.5}, {""p_home_win"": 1.0, ""weight"": 0.25}]",2.1219679278623023,,elo,"{'home_advantage': 2.490677953881192, 'scale': 0.18063446255692042, 'error_term': 12.201307685391814, 'win_prob_k': 4.394907438875034}",1.0,23.0
2025-11-05,Memphis Grizzlies,Houston Rockets,109.0,124.0,False,False,2025-11-05|Houston Rockets|Memphis Grizzlies,,,,2025-11-05|Houston Rockets|Memphis Grizzlies,0.22003728890238747,"[{""p_home_win"": 0.0, ""weight"": 0.25}, {""p_home_win"": 0.22003728890238747, ""weight"": 0.5}, {""p_home_win"": 0.44007457780477494, ""weight"": 0.25}]",-5.561531598305734,,elo,"{'home_advantage': 2.490677953881192, 'scale': 0.18063446255692042, 'error_term': 12.201307685391814, 'win_prob_k': 4.394907438875034}",0.0,-15.0
2025-11-05,Dallas Mavericks,New Orleans Pelicans,99.0,101.0,False,False,2025-11-05|New Orleans Pelicans|Dallas Mavericks,,,,2025-11-05|New Orleans Pelicans|Dallas Mavericks,0.7009240089106944,"[{""p_home_win"": 0.4018480178213888, ""weight"": 0.25}, {""p_home_win"": 0.7009240089106944, ""weight"": 0.5}, {""p_home_win"": 1.0, ""weight"": 0.25}]",3.7431505124538074,,elo,"{'home_advantage': 2.490677953881192, 'scale': 0.18063446255692042, 'error_term': 12.201307685391814, 'win_prob_k': 4.394907438875034}",0.0,-2.0
2025-11-05,Denver Nuggets,Miami Heat,122.0,112.0,False,False,2025-11-05|Miami Heat|Denver Nuggets,,,,2025-11-05|Miami Heat|Denver Nuggets,0.6314055279389383,"[{""p_home_win"": 0.2628110558778767, ""weight"": 0.25}, {""p_home_win"": 0.6314055279389383, ""weight"": 0.5}, {""p_home_win"": 1.0, ""weight"": 0.25}]",2.365564568230784,,elo,"{'home_advantage': 2.490677953881192, 'scale': 0.18063446255692042, 'error_term': 12.201307685391814, 'win_prob_k': 4.394907438875034}",1.0,10.0
2025-11-05,Los Angeles Lakers,San Antonio Spurs,118.0,116.0,False,False,2025-11-05|San Antonio Spurs|Los Angeles Lakers,,,,2025-11-05|San Antonio Spurs|Los Angeles Lakers,0.6835495380687245,"[{""p_home_win"": 0.3670990761374491, ""weight"": 0.25}, {""p_home_win"": 0.6835495380687245, ""weight"": 0.5}, {""p_home_win"": 1.0, ""weight"": 0.25}]",3.3846607000197273,,elo,"{'home_advantage': 2.490677953881192, 'scale': 0.18063446255692042, 'error_term': 12.201307685391814, 'win_prob_k': 4.394907438875034}",1.0,2.0
2025-11-05,Portland Trail Blazers,Oklahoma City Thunder,121.0,119.0,False,False,2025-11-05|Oklahoma City Thunder|Portland Trail Blazers,,,,2025-11-05|Oklahoma City Thunder|Portland Trail Blazers,0.1235513626649333,"[{""p_home_win"": 0.0, ""weight"": 0.25}, {""p_home_win"": 0.1235513626649333, ""weight"": 0.5}, {""p_home_win"": 0.2471027253298666, ""weight"": 0.25}]",-8.610595568211735,,elo,"{'home_advantage': 2.490677953881192, 'scale': 0.18063446255692042, 'error_term': 12.201307685391814, 'win_prob_k': 4.394907438875034}",1.0,2.0
2025-11-05,Sacramento Kings,Golden State Warriors,121.0,116.0,False,False,2025-11-05|Golden State Warriors|Sacramento Kings,,,,2025-11-05|Golden State Warriors|Sacramento Kings,0.3148179023372983,"[{""p_home_win"": 0.0, ""weight"": 0.25}, {""p_home_win"": 0.3148179023372983, ""weight"": 0.5}, {""p_home_win"": 0.6296358046745966, ""weight"": 0.25}]",-3.41787668722553,,elo,"{'home_advantage': 2.490677953881192, 'scale': 0.18063446255692042, 'error_term': 12.201307685391814, 'win_prob_k': 4.394907438875034}",1.0,5.0
2025-11-06,Phoenix Suns,Los Angeles Clippers,115.0,102.0,False,False,2025-11-06|Los Angeles Clippers|Phoenix Suns,,,,2025-11-06|Los Angeles Clippers|Phoenix Suns,0.6493871440903195,"[{""p_home_win"": 0.298774288180639, ""weight"": 0.25}, {""p_home_win"": 0.6493871440903195, ""weight"": 0.5}, {""p_home_win"": 1.0, ""weight"": 0.25}]",2.8769260289394665,,elo,"{'home_advantage': 2.9233148788731538, 'scale': 0.18877790720024581, 'error_term': 11.966074673857616, 'win_prob_k': 4.667709461342525}",1.0,13.0
2025-11-07,Orlando Magic,Boston Celtics,123.0,110.0,False,False,2025-11-07|Boston Celtics|Orlando Magic,,,,2025-11-07|Boston Celtics|Orlando Magic,0.6429286585022392,"[{""p_home_win"": 0.2858573170044785, ""weight"": 0.25}, {""p_home_win"": 0.6429286585022392, ""weight"": 0.5}, {""p_home_win"": 1.0, ""weight"": 0.25}]",2.7553817327646417,,elo,"{'home_advantage': 3.0173022479445915, 'scale': 0.18818382120055058, 'error_term': 11.94961213060992, 'win_prob_k': 4.685241133863725}",1.0,13.0
2025-11-07,Washington Wizards,Cleveland Cavaliers,115.0,148.0,False,False,2025-11-07|Cleveland Cavaliers|Washington Wizards,,,,2025-11-07|Cleveland Cavaliers|Washington Wizards,0.1069832831199576,"[{""p_home_win"": 0.0, ""weight"": 0.25}, {""p_home_win"": 0.1069832831199576, ""weight"": 0.5}, {""p_home_win"": 0.2139665662399152, ""weight"": 0.25}]",-9.941766420302061,,elo,"{'home_advantage': 3.0173022479445915, 'scale': 0.18818382120055058, 'error_term': 11.94961213060992, 'win_prob_k': 4.685241133863725}",0.0,-33.0
2025-11-07,Atlanta Hawks,Toronto Raptors,97.0,109.0,False,False,2025-11-07|Toronto Raptors|Atlanta Hawks,,,,2025-11-07|Toronto Raptors|Atlanta Hawks,0.6891465244481084,"[{""p_home_win"": 0.37829304889621684, ""weight"": 0.25}, {""p_home_win"": 0.6891465244481084, ""weight"": 0.5}, {""p_home_win"": 1.0, ""weight"": 0.25}]",3.7300715630239036,,elo,"{'home_advantage': 3.0173022479445915, 'scale': 0.18818382120055058, 'error_term': 11.94961213060992, 'win_prob_k': 4.685241133863725}",0.0,-12.0
2025-11-07,Brooklyn Nets,Detroit Pistons,107.0,125.0,False,False,2025-11-07|Detroit Pistons|Brooklyn Nets,,,,2025-11-07|Detroit Pistons|Brooklyn Nets,0.05845394878720718,"[{""p_home_win"": 0.0, ""weight"": 0.25}, {""p_home_win"": 0.05845394878720718, ""weight"": 0.5}, {""p_home_win"": 0.11690789757441436, ""weight"": 0.25}]",-13.021615792047644,,elo,"{'home_advantage': 3.0173022479445915, 'scale': 0.18818382120055058, 'error_term': 11.94961213060992, 'win_prob_k': 4.685241133863725}",0.0,-18.0
2025-11-07,San Antonio Spurs,Houston Rockets,121.0,110.0,False,False,2025-11-07|Houston Rockets|San Antonio Spurs,,,,2025-11-07|Houston Rockets|San Antonio Spurs,0.6323152040475908,"[{""p_home_win"": 0.26463040809518157, ""weight"": 0.25}, {""p_home_win"": 0.6323152040475908, ""weight"": 0.5}, {""p_home_win"": 1.0, ""weight"": 0.25}]",2.5401595724385424,,elo,"{'home_advantage': 3.0173022479445915, 'scale': 0.18818382120055058, 'error_term': 11.94961213060992, 'win_prob_k': 4.685241133863725}",1.0,11.0
2025-11-07,Memphis Grizzlies,Dallas Mavericks,118.0,104.0,False,False,2025-11-07|Dallas Mavericks|Memphis Grizzlies,,,,2025-11-07|Dallas Mavericks|Memphis Grizzlies,0.7414327804868732,"[{""p_home_win"": 0.48286556097374644, ""weight"": 0.25}, {""p_home_win"": 0.7414327804868732, ""weight"": 0.5}, {""p_home_win"": 1.0, ""weight"": 0.25}]",4.935567978620581,,elo,"{'home_advantage': 3.0173022479445915, 'scale': 0.18818382120055058, 'error_term': 11.94961213060992, 'win_prob_k': 4.685241133863725}",1.0,14.0
2025-11-07,Miami Heat,Charlotte Hornets,126.0,108.0,False,False,2025-11-07|Charlotte Hornets|Miami Heat,,,,2025-11-07|Charlotte Hornets|Miami Heat,0.8818537338555361,"[{""p_home_win"": 0.7637074677110722, ""weight"": 0.25}, {""p_home_win"": 0.8818537338555361, ""weight"": 0.5}, {""p_home_win"": 1.0, ""weight"": 0.25}]",9.417816355405174,,elo,"{'home_advantage': 3.0173022479445915, 'scale': 0.18818382120055058, 'error_term': 11.94961213060992, 'win_prob_k': 4.685241133863725}",1.0,18.0
2025-11-07,Milwaukee Bucks,Chicago Bulls,126.0,110.0,False,False,2025-11-07|Chicago Bulls|Milwaukee Bucks,,,,2025-11-07|Chicago Bulls|Milwaukee Bucks,0.44969621093475004,"[{""p_home_win"": 0.0, ""weight"": 0.25}, {""p_home_win"": 0.44969621093475004, ""weight"": 0.5}, {""p_home_win"": 0.8993924218695001, ""weight"": 0.25}]",-0.9459417585999073,,elo,"{'home_advantage': 3.0173022479445915, 'scale': 0.18818382120055058, 'error_term': 11.94961213060992, 'win_prob_k': 4.685241133863725}",1.0,16.0
2025-11-07,Minnesota Timberwolves,Utah Jazz,137.0,97.0,False,False,2025-11-07|Utah Jazz|Minnesota Timberwolves,,,,2025-11-07|Utah Jazz|Minnesota Timberwolves,0.7906994717010756,"[{""p_home_win"": 0.5813989434021511, ""weight"": 0.25}, {""p_home_win"": 0.7906994717010756, ""weight"": 0.5}, {""p_home_win"": 1.0, ""weight"": 0.25}]",6.22737329480635,,elo,"{'home_advantage': 3.0173022479445915, 'scale': 0.18818382120055058, 'error_term': 11.94961213060992, 'win_prob_k': 4.685241133863725}",1.0,40.0
2025-11-07,Denver Nuggets,Golden State Warriors,129.0,104.0,False,False,2025-11-07|Golden State Warriors|Denver Nuggets,,,,2025-11-07|Golden State Warriors|Denver Nuggets,0.7995820522422975,"[{""p_home_win"": 0.599164104484595, ""weight"": 0.25}, {""p_home_win"": 0.7995820522422975, ""weight"": 0.5}, {""p_home_win"": 1.0, ""weight"": 0.25}]",6.48289427809873,,elo,"{'home_advantage': 3.0173022479445915, 'scale': 0.18818382120055058, 'error_term': 11.94961213060992, 'win_prob_k': 4.685241133863725}",1.0,25.0
2025-11-07,Sacramento Kings,Oklahoma City Thunder,101.0,132.0,False,False,2025-11-07|Oklahoma City Thunder|Sacramento Kings,,,,2025-11-07|Oklahoma City Thunder|Sacramento Kings,0.10068713913734953,"[{""p_home_win"": 0.0, ""weight"": 0.25}, {""p_home_win"": 0.10068713913734953, ""weight"": 0.5}, {""p_home_win"": 0.20137427827469906, ""weight"": 0.25}]",-10.258864458386324,,elo,"{'home_advantage': 3.0173022479445915, 'scale': 0.18818382120055058, 'error_term': 11.94961213060992, 'win_prob_k': 4.685241133863725}",0.0,-31.0
2025-11-08,Washington Wizards,Dallas Mavericks,105.0,111.0,False,False,2025-11-08|Dallas Mavericks|Washington Wizards,,,,2025-11-08|Dallas Mavericks|Washington Wizards,0.6031231856728845,"[{""p_home_win"": 0.20624637134576895, ""weight"": 0.25}, {""p_home_win"": 0.6031231856728845, ""weight"": 0.5}, {""p_home_win"": 1.0, ""weight"": 0.25}]",2.0398339696108865,,elo,"{'home_advantage': 3.280877875065189, 'scale': 0.18243310218840006, 'error_term': 12.35911435943986, 'win_prob_k': 4.874207390341391}",0.0,-6.0
2025-11-08,Philadelphia 76ers,Toronto Raptors,130.0,120.0,False,False,2025-11-08|Toronto Raptors|Philadelphia 76ers,,,,2025-11-08|Toronto Raptors|Philadelphia 76ers,0.7005344292406558,"[{""p_home_win"": 0.4010688584813116, ""weight"": 0.25}, {""p_home_win"": 0.7005344292406558, ""weight"": 0.5}, {""p_home_win"": 1.0, ""weight"": 0.25}]",4.142316192395436,,elo,"{'home_advantage': 3.280877875065189, 'scale': 0.18243310218840006, 'error_term': 12.35911435943986, 'win_prob_k': 4.874207390341391}",1.0,10.0
2025-11-08,Atlanta Hawks,Los Angeles Lakers,122.0,102.0,False,False,2025-11-08|Los Angeles Lakers|Atlanta Hawks,,,,2025-11-08|Los Angeles Lakers|Atlanta Hawks,0.20677003704676133,"[{""p_home_win"": 0.0, ""weight"": 0.25}, {""p_home_win"": 0.20677003704676133, ""weight"": 0.5}, {""p_home_win"": 0.41354007409352267, ""weight"": 0.25}]",-6.553400726363861,,elo,"{'home_advantage': 3.280877875065189, 'scale': 0.18243310218840006, 'error_term': 12.35911435943986, 'win_prob_k': 4.874207390341391}",1.0,20.0
2025-11-08,Cleveland Cavaliers,Chicago Bulls,128.0,122.0,False,False,2025-11-08|Chicago Bulls|Cleveland Cavaliers,,,,2025-11-08|Chicago Bulls|Cleveland Cavaliers,0.662096910076137,"[{""p_home_win"": 0.32419382015227405, ""weight"": 0.25}, {""p_home_win"": 0.662096910076137, ""weight"": 0.5}, {""p_home_win"": 1.0, ""weight"": 0.25}]",3.2786492337627617,,elo,"{'home_advantage': 3.280877875065189, 'scale': 0.18243310218840006, 'error_term': 12.35911435943986, 'win_prob_k': 4.874207390341391}",1.0,6.0
2025-11-08,Miami Heat,Portland Trail Blazers,136.0,131.0,False,False,2025-11-08|Portland Trail Blazers|Miami Heat,,,,2025-11-08|Portland Trail Blazers|Miami Heat,0.6676319846479334,"[{""p_home_win"": 0.33526396929586677, ""weight"": 0.25}, {""p_home_win"": 0.6676319846479334, ""weight"": 0.5}, {""p_home_win"": 1.0, ""weight"": 0.25}]",3.399731703892756,,elo,"{'home_advantage': 3.280877875065189, 'scale': 0.18243310218840006, 'error_term': 12.35911435943986, 'win_prob_k': 4.874207390341391}",1.0,5.0
2025-11-08,San Antonio Spurs,New Orleans Pelicans,126.0,119.0,False,False,2025-11-08|New Orleans Pelicans|San Antonio Spurs,,,,2025-11-08|New Orleans Pelicans|San Antonio Spurs,0.9549845804942316,"[{""p_home_win"": 0.9099691609884633, ""weight"": 0.25}, {""p_home_win"": 0.9549845804942316, ""weight"": 0.5}, {""p_home_win"": 1.0, ""weight"": 0.25}]",14.889193097228134,,elo,"{'home_advantage': 3.280877875065189, 'scale': 0.18243310218840006, 'error_term': 12.35911435943986, 'win_prob_k': 4.874207390341391}",1.0,7.0
2025-11-08,Denver Nuggets,Indiana Pacers,117.0,100.0,False,False,2025-11-08|Indiana Pacers|Denver Nuggets,,,,2025-11-08|Indiana Pacers|Denver Nuggets,0.9851866888194311,"[{""p_home_win"": 0.9703733776388621, ""weight"": 0.25}, {""p_home_win"": 0.9851866888194311, ""weight"": 0.5}, {""p_home_win"": 1.0, ""weight"": 0.25}]",20.458534925583773,,elo,"{'home_advantage': 3.280877875065189, 'scale': 0.18243310218840006, 'error_term': 12.35911435943986, 'win_prob_k': 4.874207390341391}",1.0,17.0
2025-11-08,Los Angeles Clippers,Phoenix Suns,103.0,114.0,False,False,2025-11-08|Phoenix Suns|Los Angeles Clippers,,,,2025-11-08|Phoenix Suns|Los Angeles Clippers,0.5356767025842843,"[{""p_home_win"": 0.0713534051685687, ""weight"": 0.25}, {""p_home_win"": 0.5356767025842843, ""weight"": 0.5}, {""p_home_win"": 1.0, ""weight"": 0.25}]",0.6967666840286801,,elo,"{'home_advantage': 3.280877875065189, 'scale': 0.18243310218840006, 'error_term': 12.35911435943986, 'win_prob_k': 4.874207390341391}",0.0,-11.0
2025-11-09,Milwaukee Bucks,Houston Rockets,115.0,122.0,False,False,2025-11-09|Houston Rockets|Milwaukee Bucks,,,,2025-11-09|Houston Rockets|Milwaukee Bucks,0.6661279819549583,"[{""p_home_win"": 0.3322559639099165, ""weight"": 0.25}, {""p_home_win"": 0.6661279819549583, ""weight"": 0.5}, {""p_home_win"": 1.0, ""weight"": 0.25}]",3.4294239718699537,,elo,"{'home_advantage': 3.303729227153153, 'scale': 0.17128001241554394, 'error_term': 12.169740500866089, 'win_prob_k': 4.964969494158742}",0.0,-7.0
2025-11-09,Memphis Grizzlies,Oklahoma City Thunder,100.0,114.0,False,False,2025-11-09|Oklahoma City Thunder|Memphis Grizzlies,,,,2025-11-09|Oklahoma City Thunder|Memphis Grizzlies,0.053124692122877654,"[{""p_home_win"": 0.0, ""weight"": 0.25}, {""p_home_win"": 0.053124692122877654, ""weight"": 0.5}, {""p_home_win"": 0.10624938424575531, ""weight"": 0.25}]",-14.30172164154903,,elo,"{'home_advantage': 3.303729227153153, 'scale': 0.17128001241554394, 'error_term': 12.169740500866089, 'win_prob_k': 4.964969494158742}",0.0,-14.0
2025-11-09,New York Knicks,Brooklyn Nets,134.0,98.0,False,False,2025-11-09|Brooklyn Nets|New York Knicks,,,,2025-11-09|Brooklyn Nets|New York Knicks,0.9682030105467058,"[{""p_home_win"": 0.9364060210934115, ""weight"": 0.25}, {""p_home_win"": 0.9682030105467058, ""weight"": 0.5}, {""p_home_win"": 1.0, ""weight"": 0.25}]",16.960684198367765,,elo,"{'home_advantage': 3.303729227153153, 'scale': 0.17128001241554394, 'error_term': 12.169740500866089, 'win_prob_k': 4.964969494158742}",1.0,36.0
2025-11-09,Orlando Magic,Boston Celtics,107.0,111.0,False,False,2025-11-09|Boston Celtics|Orlando Magic,,,,2025-11-09|Boston Celtics|Orlando Magic,0.7533611813478758,"[{""p_home_win"": 0.5067223626957515, ""weight"": 0.25}, {""p_home_win"": 0.7533611813478758, ""weight"": 0.5}, {""p_home_win"": 1.0, ""weight"": 0.25}]",5.543983121959193,,elo,"{'home_advantage': 3.303729227153153, 'scale': 0.17128001241554394, 'error_term': 12.169740500866089, 'win_prob_k': 4.964969494158742}",0.0,-4.0
2025-11-09,Philadelphia 76ers,Detroit Pistons,108.0,111.0,False,False,2025-11-09|Detroit Pistons|Philadelphia 76ers,,,,2025-11-09|Detroit Pistons|Philadelphia 76ers,0.5431492637599241,"[{""p_home_win"": 0.08629852751984823, ""weight"": 0.25}, {""p_home_win"": 0.5431492637599241, ""weight"": 0.5}, {""p_home_win"": 1.0, ""weight"": 0.25}]",0.8590760028463067,,elo,"{'home_advantage': 3.303729227153153, 'scale': 0.17128001241554394, 'error_term': 12.169740500866089, 'win_prob_k': 4.964969494158742}",0.0,-3.0
2025-11-09,Golden State Warriors,Indiana Pacers,114.0,83.0,False,False,2025-11-09|Indiana Pacers|Golden State Warriors,,,,2025-11-09|Indiana Pacers|Golden State Warriors,0.951886878128754,"[{""p_home_win"": 0.9037737562575081, ""weight"": 0.25}, {""p_home_win"": 0.951886878128754, ""weight"": 0.5}, {""p_home_win"": 1.0, ""weight"": 0.25}]",14.819894041101584,,elo,"{'home_advantage': 3.303729227153153, 'scale': 0.17128001241554394, 'error_term': 12.169740500866089, 'win_prob_k': 4.964969494158742}",1.0,31.0
2025-11-09,Sacramento Kings,Minnesota Timberwolves,117.0,144.0,False,False,2025-11-09|Minnesota Timberwolves|Sacramento Kings,,,,2025-11-09|Minnesota Timberwolves|Sacramento Kings,0.4175775346768,"[{""p_home_win"": 0.0, ""weight"": 0.25}, {""p_home_win"": 0.4175775346768, ""weight"": 0.5}, {""p_home_win"": 0.8351550693536, ""weight"": 0.25}]",-1.65197360078274,,elo,"{'home_advantage': 3.303729227153153, 'scale': 0.17128001241554394, 'error_term': 12.169740500866089, 'win_prob_k': 4.964969494158742}",0.0,-27.0
2025-11-10,Charlotte Hornets,Los Angeles Lakers,111.0,121.0,False,False,2025-11-10|Los Angeles Lakers|Charlotte Hornets,,,,2025-11-10|Los Angeles Lakers|Charlotte Hornets,0.18119921732738062,"[{""p_home_win"": 0.0, ""weight"": 0.25}, {""p_home_win"": 0.18119921732738062, ""weight"": 0.5}, {""p_home_win"": 0.36239843465476124, ""weight"": 0.25}]",-7.717762409225076,,elo,"{'home_advantage': 3.398865914332531, 'scale': 0.1673913431190839, 'error_term': 12.168720577977748, 'win_prob_k': 5.117052521303478}",0.0,-10.0
2025-11-10,Detroit Pistons,Washington Wizards,137.0,135.0,False,False,2025-11-10|Washington Wizards|Detroit Pistons,,,,2025-11-10|Washington Wizards|Detroit Pistons,0.9920994467509037,"[{""p_home_win"": 0.9841988935018073, ""weight"": 0.25}, {""p_home_win"": 0.9920994467509037, ""weight"": 0.5}, {""p_home_win"": 1.0, ""weight"": 0.25}]",24.730154837763838,,elo,"{'home_advantage': 3.398865914332531, 'scale': 0.1673913431190839, 'error_term': 12.168720577977748, 'win_prob_k': 5.117052521303478}",1.0,2.0
2025-11-10,Orlando Magic,Portland Trail Blazers,115.0,112.0,False,False,2025-11-10|Portland Trail Blazers|Orlando Magic,,,,2025-11-10|Portland Trail Blazers|Orlando Magic,0.43051057660203645,"[{""p_home_win"": 0.0, ""weight"": 0.25}, {""p_home_win"": 0.43051057660203645, ""weight"": 0.5}, {""p_home_win"": 0.8610211532040729, ""weight"": 0.25}]",-1.4315891833189913,,elo,"{'home_advantage': 3.398865914332531, 'scale': 0.1673913431190839, 'error_term': 12.168720577977748, 'win_prob_k': 5.117052521303478}",1.0,3.0
2025-11-10,Miami Heat,Cleveland Cavaliers,140.0,138.0,False,False,2025-11-10|Cleveland Cavaliers|Miami Heat,,,,2025-11-10|Cleveland Cavaliers|Miami Heat,0.5764341044581933,"[{""p_home_win"": 0.15286820891638664, ""weight"": 0.25}, {""p_home_win"": 0.5764341044581933, ""weight"": 0.5}, {""p_home_win"": 1.0, ""weight"": 0.25}]",1.5768296150869214,,elo,"{'home_advantage': 3.398865914332531, 'scale': 0.1673913431190839, 'error_term': 12.168720577977748, 'win_prob_k': 5.117052521303478}",1.0,2.0
2025-11-10,Chicago Bulls,San Antonio Spurs,117.0,121.0,False,False,2025-11-10|San Antonio Spurs|Chicago Bulls,,,,2025-11-10|San Antonio Spurs|Chicago Bulls,0.514396710415751,"[{""p_home_win"": 0.028793420831501937, ""weight"": 0.25}, {""p_home_win"": 0.514396710415751, ""weight"": 0.5}, {""p_home_win"": 1.0, ""weight"": 0.25}]",0.29475636835350016,,elo,"{'home_advantage': 3.398865914332531, 'scale': 0.1673913431190839, 'error_term': 12.168720577977748, 'win_prob_k': 5.117052521303478}",0.0,-4.0
2025-11-10,Dallas Mavericks,Milwaukee Bucks,114.0,116.0,False,False,2025-11-10|Milwaukee Bucks|Dallas Mavericks,,,,2025-11-10|Milwaukee Bucks|Dallas Mavericks,0.25616213148820255,"[{""p_home_win"": 0.0, ""weight"": 0.25}, {""p_home_win"": 0.25616213148820255, ""weight"": 0.5}, {""p_home_win"": 0.5123242629764051, ""weight"": 0.25}]",-5.454842064871043,,elo,"{'home_advantage': 3.398865914332531, 'scale': 0.1673913431190839, 'error_term': 12.168720577977748, 'win_prob_k': 5.117052521303478}",0.0,-2.0
2025-11-10,Phoenix Suns,New Orleans Pelicans,121.0,98.0,False,False,2025-11-10|New Orleans Pelicans|Phoenix Suns,,,,2025-11-10|New Orleans Pelicans|Phoenix Suns,0.8641896662651987,"[{""p_home_win"": 0.7283793325303973, ""weight"": 0.25}, {""p_home_win"": 0.8641896662651987, ""weight"": 0.5}, {""p_home_win"": 1.0, ""weight"": 0.25}]",9.469274340406379,,elo,"{'home_advantage': 3.398865914332531, 'scale': 0.1673913431190839, 'error_term': 12.168720577977748, 'win_prob_k': 5.117052521303478}",1.0,23.0
2025-11-10,Utah Jazz,Minnesota Timberwolves,113.0,120.0,False,False,2025-11-10|Minnesota Timberwolves|Utah Jazz,,,,2025-11-10|Minnesota Timberwolves|Utah Jazz,0.3254783690822263,"[{""p_home_win"": 0.0, ""weight"": 0.25}, {""p_home_win"": 0.3254783690822263, ""weight"": 0.5}, {""p_home_win"": 0.6509567381644527, ""weight"": 0.25}]",-3.7288357766484146,,elo,"{'home_advantage': 3.398865914332531, 'scale': 0.1673913431190839, 'error_term': 12.168720577977748, 'win_prob_k': 5.117052521303478}",0.0,-7.0
2025-11-10,Los Angeles Clippers,Atlanta Hawks,102.0,105.0,False,False,2025-11-10|Atlanta Hawks|Los Angeles Clippers,,,,2025-11-10|Atlanta Hawks|Los Angeles Clippers,0.3548613674613125,"[{""p_home_win"": 0.0, ""weight"": 0.25}, {""p_home_win"": 0.3548613674613125, ""weight"": 0.5}, {""p_home_win"": 0.709722734922625, ""weight"": 0.25}]",-3.05865688764596,,elo,"{'home_advantage': 3.398865914332531, 'scale': 0.1673913431190839, 'error_term': 12.168720577977748, 'win_prob_k': 5.117052521303478}",0.0,-3.0
2025-11-11,Brooklyn Nets,Toronto Raptors,109.0,119.0,False,False,2025-11-11|Toronto Raptors|Brooklyn Nets,,,,2025-11-11|Toronto Raptors|Brooklyn Nets,0.15954906324028426,"[{""p_home_win"": 0.0, ""weight"": 0.25}, {""p_home_win"": 0.15954906324028426, ""weight"": 0.5}, {""p_home_win"": 0.3190981264805685, ""weight"": 0.25}]",-8.240050893289286,,elo,"{'home_advantage': 3.3465399204743846, 'scale': 0.14820244676020713, 'error_term': 12.073078875600016, 'win_prob_k': 4.959144732159409}",0.0,-10.0
2025-11-11,New York Knicks,Memphis Grizzlies,133.0,120.0,False,False,2025-11-11|Memphis Grizzlies|New York Knicks,,,,2025-11-11|Memphis Grizzlies|New York Knicks,0.922623908172144,"[{""p_home_win"": 0.845247816344288, ""weight"": 0.25}, {""p_home_win"": 0.922623908172144, ""weight"": 0.5}, {""p_home_win"": 1.0, ""weight"": 0.25}]",12.291457642095484,,elo,"{'home_advantage': 3.3465399204743846, 'scale': 0.14820244676020713, 'error_term': 12.073078875600016, 'win_prob_k': 4.959144732159409}",1.0,13.0
2025-11-11,Oklahoma City Thunder,Golden State Warriors,126.0,102.0,False,False,2025-11-11|Golden State Warriors|Oklahoma City Thunder,,,,2025-11-11|Golden State Warriors|Oklahoma City Thunder,0.950033646361832,"[{""p_home_win"": 0.9000672927236639, ""weight"": 0.25}, {""p_home_win"": 0.950033646361832, ""weight"": 0.5}, {""p_home_win"": 1.0, ""weight"": 0.25}]",14.605412955614671,,elo,"{'home_advantage': 3.3465399204743846, 'scale': 0.14820244676020713, 'error_term': 12.073078875600016, 'win_prob_k': 4.959144732159409}",1.0,24.0
2025-11-11,Philadelphia 76ers,Boston Celtics,102.0,100.0,False,False,2025-11-11|Boston Celtics|Philadelphia 76ers,,,,2025-11-11|Boston Celtics|Philadelphia 76ers,0.7780949014137742,"[{""p_home_win"": 0.5561898028275485, ""weight"": 0.25}, {""p_home_win"": 0.7780949014137742, ""weight"": 0.5}, {""p_home_win"": 1.0, ""weight"": 0.25}]",6.221736491240657,,elo,"{'home_advantage': 3.3465399204743846, 'scale': 0.14820244676020713, 'error_term': 12.073078875600016, 'win_prob_k': 4.959144732159409}",1.0,2.0
2025-11-11,Utah Jazz,Indiana Pacers,152.0,128.0,False,False,2025-11-11|Indiana Pacers|Utah Jazz,,,,2025-11-11|Indiana Pacers|Utah Jazz,0.8623887668160477,"[{""p_home_win"": 0.7247775336320954, ""weight"": 0.25}, {""p_home_win"": 0.8623887668160477, ""weight"": 0.5}, {""p_home_win"": 1.0, ""weight"": 0.25}]",9.101387484360933,,elo,"{'home_advantage': 3.3465399204743846, 'scale': 0.14820244676020713, 'error_term': 12.073078875600016, 'win_prob_k': 4.959144732159409}",1.0,24.0
2025-11-11,Sacramento Kings,Denver Nuggets,108.0,122.0,False,False,2025-11-11|Denver Nuggets|Sacramento Kings,,,,2025-11-11|Denver Nuggets|Sacramento Kings,0.1976551203953312,"[{""p_home_win"": 0.0, ""weight"": 0.25}, {""p_home_win"": 0.1976551203953312, ""weight"": 0.5}, {""p_home_win"": 0.3953102407906624, ""weight"": 0.25}]",-6.947835383763488,,elo,"{'home_advantage': 3.3465399204743846, 'scale': 0.14820244676020713, 'error_term': 12.073078875600016, 'win_prob_k': 4.959144732159409}",0.0,-14.0
2025-11-12,Charlotte Hornets,Milwaukee Bucks,111.0,100.0,False,False,2025-11-12|Milwaukee Bucks|Charlotte Hornets,,,,2025-11-12|Milwaukee Bucks|Charlotte Hornets,0.25354443842400876,"[{""p_home_win"": 0.0, ""weight"": 0.25}, {""p_home_win"": 0.25354443842400876, ""weight"": 0.5}, {""p_home_win"": 0.5070888768480175, ""weight"": 0.25}]",-5.343463274973292,,elo,"{'home_advantage': 3.4115481416274633, 'scale': 0.14235577209762112, 'error_term': 11.904394831685531, 'win_prob_k': 4.948581426771142}",1.0,11.0
2025-11-12,Detroit Pistons,Chicago Bulls,124.0,113.0,False,False,2025-11-12|Chicago Bulls|Detroit Pistons,,,,2025-11-12|Chicago Bulls|Detroit Pistons,0.8876991451997531,"[{""p_home_win"": 0.7753982903995063, ""weight"": 0.25}, {""p_home_win"": 0.8876991451997531, ""weight"": 0.5}, {""p_home_win"": 1.0, ""weight"": 0.25}]",10.23095165651099,,elo,"{'home_advantage': 3.4115481416274633, 'scale': 0.14235577209762112, 'error_term': 11.904394831685531, 'win_prob_k': 4.948581426771142}",1.0,11.0
2025-11-12,New York Knicks,Orlando Magic,107.0,124.0,False,False,2025-11-12|Orlando Magic|New York Knicks,,,,2025-11-12|Orlando Magic|New York Knicks,0.8484255940949892,"[{""p_home_win"": 0.6968511881899784, ""weight"": 0.25}, {""p_home_win"": 0.8484255940949892, ""weight"": 0.5}, {""p_home_win"": 1.0, ""weight"": 0.25}]",8.52297028154817,,elo,"{'home_advantage': 3.4115481416274633, 'scale': 0.14235577209762112, 'error_term': 11.904394831685531, 'win_prob_k': 4.948581426771142}",0.0,-17.0
2025-11-12,Boston Celtics,Memphis Grizzlies,131.0,95.0,False,False,2025-11-12|Memphis Grizzlies|Boston Celtics,,,,2025-11-12|Memphis Grizzlies|Boston Celtics,0.8426159215542208,"[{""p_home_win"": 0.6852318431084417, ""weight"": 0.25}, {""p_home_win"": 0.8426159215542208, ""weight"": 0.5}, {""p_home_win"": 1.0, ""weight"": 0.25}]",8.302839121653903,,elo,"{'home_advantage': 3.4115481416274633, 'scale': 0.14235577209762112, 'error_term': 11.904394831685531, 'win_prob_k': 4.948581426771142}",1.0,36.0
2025-11-12,Miami Heat,Cleveland Cavaliers,116.0,130.0,False,False,2025-11-12|Cleveland Cavaliers|Miami Heat,,,,2025-11-12|Cleveland Cavaliers|Miami Heat,0.6915115756511545,"[{""p_home_win"": 0.383023151302309, ""weight"": 0.25}, {""p_home_win"": 0.6915115756511545, ""weight"": 0.5}, {""p_home_win"": 1.0, ""weight"": 0.25}]",3.9944730084835434,,elo,"{'home_advantage': 3.4115481416274633, 'scale': 0.14235577209762112, 'error_term': 11.904394831685531, 'win_prob_k': 4.948581426771142}",0.0,-14.0
2025-11-12,Houston Rockets,Washington Wizards,135.0,112.0,False,False,2025-11-12|Washington Wizards|Houston Rockets,,,,2025-11-12|Washington Wizards|Houston Rockets,0.981504572056168,"[{""p_home_win"": 0.9630091441123361, ""weight"": 0.25}, {""p_home_win"": 0.981504572056168, ""weight"": 0.5}, {""p_home_win"": 1.0, ""weight"": 0.25}]",19.653603434317944,,elo,"{'home_advantage': 3.4115481416274633, 'scale': 0.14235577209762112, 'error_term': 11.904394831685531, 'win_prob_k': 4.948581426771142}",1.0,23.0
2025-11-12,New Orleans Pelicans,Portland Trail Blazers,117.0,125.0,False,False,2025-11-12|Portland Trail Blazers|New Orleans Pelicans,,,,2025-11-12|Portland Trail Blazers|New Orleans Pelicans,0.3658887404190871,"[{""p_home_win"": 0.0, ""weight"": 0.25}, {""p_home_win"": 0.3658887404190871, ""weight"": 0.5}, {""p_home_win"": 0.7317774808381742, ""weight"": 0.25}]",-2.721200817475,,elo,"{'home_advantage': 3.4115481416274633, 'scale': 0.14235577209762112, 'error_term': 11.904394831685531, 'win_prob_k': 4.948581426771142}",0.0,-8.0
2025-11-12,San Antonio Spurs,Golden State Warriors,120.0,125.0,False,False,2025-11-12|Golden State Warriors|San Antonio Spurs,,,,2025-11-12|Golden State Warriors|San Antonio Spurs,0.8990346048334605,"[{""p_home_win"": 0.7980692096669211, ""weight"": 0.25}, {""p_home_win"": 0.8990346048334605, ""weight"": 0.5}, {""p_home_win"": 1.0, ""weight"": 0.25}]",10.820289494621779,,elo,"{'home_advantage': 3.4115481416274633, 'scale': 0.14235577209762112, 'error_term': 11.904394831685531, 'win_prob_k': 4.948581426771142}",0.0,-5.0
2025-11-12,Dallas Mavericks,Phoenix Suns,114.0,123.0,False,False,2025-11-12|Phoenix Suns|Dallas Mavericks,,,,2025-11-12|Phoenix Suns|Dallas Mavericks,0.25292428682657986,"[{""p_home_win"": 0.0, ""weight"": 0.25}, {""p_home_win"": 0.25292428682657986, ""weight"": 0.5}, {""p_home_win"": 0.5058485736531597, ""weight"": 0.25}]",-5.359691528857617,,elo,"{'home_advantage': 3.4115481416274633, 'scale': 0.14235577209762112, 'error_term': 11.904394831685531, 'win_prob_k': 4.948581426771142}",0.0,-9.0
2025-11-12,Oklahoma City Thunder,Los Angeles Lakers,121.0,92.0,False,False,2025-11-12|Los Angeles Lakers|Oklahoma City Thunder,,,,2025-11-12|Los Angeles Lakers|Oklahoma City Thunder,0.8573976167816638,"[{""p_home_win"": 0.7147952335633276, ""weight"": 0.25}, {""p_home_win"": 0.8573976167816638, ""weight"": 0.5}, {""p_home_win"": 1.0, ""weight"": 0.25}]",8.876970997292982,,elo,"{'home_advantage': 3.4115481416274633, 'scale': 0.14235577209762112, 'error_term': 11.904394831685531, 'win_prob_k': 4.948581426771142}",1.0,29.0
2025-11-12,Sacramento Kings,Atlanta Hawks,100.0,133.0,False,False,2025-11-12|Atlanta Hawks|Sacramento Kings,,,,2025-11-12|Atlanta Hawks|Sacramento Kings,0.2832894049102941,"[{""p_home_win"": 0.0, ""weight"": 0.25}, {""p_home_win"": 0.2832894049102941, ""weight"": 0.5}, {""p_home_win"": 0.5665788098205882, ""weight"": 0.25}]",-4.59328871369809,,elo,"{'home_advantage': 3.4115481416274633, 'scale': 0.14235577209762112, 'error_term': 11.904394831685531, 'win_prob_k': 4.948581426771142}",0.0,-33.0
2025-11-12,Los Angeles Clippers,Denver Nuggets,116.0,130.0,False,False,2025-11-12|Denver Nuggets|Los Angeles Clippers,,,,2025-11-12|Denver Nuggets|Los Angeles Clippers,0.10883069601553676,"[{""p_home_win"": 0.0, ""weight"": 0.25}, {""p_home_win"": 0.10883069601553676, ""weight"": 0.5}, {""p_home_win"": 0.21766139203107351, ""weight"": 0.25}]",-10.405585047961857,,elo,"{'home_advantage': 3.4115481416274633, 'scale': 0.14235577209762112, 'error_term': 11.904394831685531, 'win_prob_k': 4.948581426771142}",0.0,-14.0
2025-11-13,Cleveland Cavaliers,Toronto Raptors,113.0,126.0,False,False,2025-11-13|Toronto Raptors|Cleveland Cavaliers,,,,2025-11-13|Toronto Raptors|Cleveland Cavaliers,0.7769994180111592,"[{""p_home_win"": 0.5539988360223185, ""weight"": 0.25}, {""p_home_win"": 0.7769994180111592, ""weight"": 0.5}, {""p_home_win"": 1.0, ""weight"": 0.25}]",6.657352395049491,,elo,"{'home_advantage': 3.4231492628836375, 'scale': 0.13827041923114008, 'error_term': 12.165503718635318, 'win_prob_k': 5.3332835746640175}",0.0,-13.0
2025-11-13,Phoenix Suns,Indiana Pacers,133.0,98.0,False,False,2025-11-13|Indiana Pacers|Phoenix Suns,,,,2025-11-13|Indiana Pacers|Phoenix Suns,0.9598638514375881,"[{""p_home_win"": 0.9197277028751762, ""weight"": 0.25}, {""p_home_win"": 0.9598638514375881, ""weight"": 0.5}, {""p_home_win"": 1.0, ""weight"": 0.25}]",16.930583716856248,,elo,"{'home_advantage': 3.4231492628836375, 'scale': 0.13827041923114008, 'error_term': 12.165503718635318, 'win_prob_k': 5.3332835746640175}",1.0,35.0
2025-11-13,Utah Jazz,Atlanta Hawks,122.0,132.0,False,False,2025-11-13|Atlanta Hawks|Utah Jazz,,,,2025-11-13|Atlanta Hawks|Utah Jazz,0.33240232171696926,"[{""p_home_win"": 0.0, ""weight"": 0.25}, {""p_home_win"": 0.33240232171696926, ""weight"": 0.5}, {""p_home_win"": 0.6648046434339385, ""weight"": 0.25}]",-3.719110188826019,,elo,"{'home_advantage': 3.4231492628836375, 'scale': 0.13827041923114008, 'error_term': 12.165503718635318, 'win_prob_k': 5.3332835746640175}",0.0,-10.0
2025-11-14,New York Knicks,Miami Heat,140.0,132.0,False,False,2025-11-14|Miami Heat|New York Knicks,,,,2025-11-14|Miami Heat|New York Knicks,0.6026284056673014,"[{""p_home_win"": 0.20525681133460272, ""weight"": 0.25}, {""p_home_win"": 0.6026284056673014, ""weight"": 0.5}, {""p_home_win"": 1.0, ""weight"": 0.25}]",2.2804034847113996,,elo,"{'home_advantage': 3.424128039281791, 'scale': 0.13797870945601237, 'error_term': 12.216262379878113, 'win_prob_k': 5.476093039766793}",1.0,8.0
2025-11-14,Orlando Magic,Brooklyn Nets,105.0,98.0,False,False,2025-11-14|Brooklyn Nets|Orlando Magic,,,,2025-11-14|Brooklyn Nets|Orlando Magic,0.9399532899756735,"[{""p_home_win"": 0.879906579951347, ""weight"": 0.25}, {""p_home_win"": 0.9399532899756735, ""weight"": 0.5}, {""p_home_win"": 1.0, ""weight"": 0.25}]",15.063129772215616,,elo,"{'home_advantage': 3.424128039281791, 'scale': 0.13797870945601237, 'error_term': 12.216262379878113, 'win_prob_k': 5.476093039766793}",1.0,7.0
2025-11-14,Detroit Pistons,Philadelphia 76ers,114.0,105.0,False,False,2025-11-14|Philadelphia 76ers|Detroit Pistons,,,,2025-11-14|Philadelphia 76ers|Detroit Pistons,0.8455325101863194,"[{""p_home_win"": 0.6910650203726387, ""weight"": 0.25}, {""p_home_win"": 0.8455325101863194, ""weight"": 0.5}, {""p_home_win"": 1.0, ""weight"": 0.25}]",9.309264888725359,,elo,"{'home_advantage': 3.424128039281791, 'scale': 0.13797870945601237, 'error_term': 12.216262379878113, 'win_prob_k': 5.476093039766793}",1.0,9.0
2025-11-14,Houston Rockets,Portland Trail Blazers,140.0,116.0,False,False,2025-11-14|Portland Trail Blazers|Houston Rockets,,,,2025-11-14|Portland Trail Blazers|Houston Rockets,0.7831307122991581,"[{""p_home_win"": 0.5662614245983162, ""weight"": 0.25}, {""p_home_win"": 0.7831307122991581, ""weight"": 0.5}, {""p_home_win"": 1.0, ""weight"": 0.25}]",7.03132979560858,,elo,"{'home_advantage': 3.424128039281791, 'scale': 0.13797870945601237, 'error_term': 12.216262379878113, 'win_prob_k': 5.476093039766793}",1.0,24.0
2025-11-14,Milwaukee Bucks,Charlotte Hornets,147.0,134.0,False,False,2025-11-14|Charlotte Hornets|Milwaukee Bucks,,,,2025-11-14|Charlotte Hornets|Milwaukee Bucks,0.8489744433137926,"[{""p_home_win"": 0.6979488866275851, ""weight"": 0.25}, {""p_home_win"": 0.8489744433137926, ""weight"": 0.5}, {""p_home_win"": 1.0, ""weight"": 0.25}]",9.454912784577806,,elo,"{'home_advantage': 3.424128039281791, 'scale': 0.13797870945601237, 'error_term': 12.216262379878113, 'win_prob_k': 5.476093039766793}",1.0,13.0
2025-11-14,Minnesota Timberwolves,Sacramento Kings,124.0,110.0,False,False,2025-11-14|Sacramento Kings|Minnesota Timberwolves,,,,2025-11-14|Sacramento Kings|Minnesota Timberwolves,0.9432528963930239,"[{""p_home_win"": 0.8865057927860478, ""weight"": 0.25}, {""p_home_win"": 0.9432528963930239, ""weight"": 0.5}, {""p_home_win"": 1.0, ""weight"": 0.25}]",15.391817961230208,,elo,"{'home_advantage': 3.424128039281791, 'scale': 0.13797870945601237, 'error_term': 12.216262379878113, 'win_prob_k': 5.476093039766793}",1.0,14.0
2025-11-14,New Orleans Pelicans,Los Angeles Lakers,104.0,118.0,False,False,2025-11-14|Los Angeles Lakers|New Orleans Pelicans,,,,2025-11-14|Los Angeles Lakers|New Orleans Pelicans,0.14568416600920414,"[{""p_home_win"": 0.0, ""weight"": 0.25}, {""p_home_win"": 0.14568416600920414, ""weight"": 0.5}, {""p_home_win"": 0.2913683320184083, ""weight"": 0.25}]",-9.686441509646997,,elo,"{'home_advantage': 3.424128039281791, 'scale': 0.13797870945601237, 'error_term': 12.216262379878113, 'win_prob_k': 5.476093039766793}",0.0,-14.0
2025-11-14,Dallas Mavericks,Los Angeles Clippers,127.0,133.0,False,False,2025-11-14|Los Angeles Clippers|Dallas Mavericks,,,,2025-11-14|Los Angeles Clippers|Dallas Mavericks,0.6187008879471041,"[{""p_home_win"": 0.2374017758942082, ""weight"": 0.25}, {""p_home_win"": 0.6187008879471041, ""weight"": 0.5}, {""p_home_win"": 1.0, ""weight"": 0.25}]",2.6506360253368184,,elo,"{'home_advantage': 3.424128039281791, 'scale': 0.13797870945601237, 'error_term': 12.216262379878113, 'win_prob_k': 5.476093039766793}",0.0,-6.0
2025-11-14,San Antonio Spurs,Golden State Warriors,108.0,109.0,False,False,2025-11-14|Golden State Warriors|San Antonio Spurs,,,,2025-11-14|Golden State Warriors|San Antonio Spurs,0.772982477774987,"[{""p_home_win"": 0.5459649555499739, ""weight"": 0.25}, {""p_home_win"": 0.772982477774987, ""weight"": 0.5}, {""p_home_win"": 1.0, ""weight"": 0.25}]",6.709468960564153,,elo,"{'home_advantage': 3.424128039281791, 'scale': 0.13797870945601237, 'error_term': 12.216262379878113, 'win_prob_k': 5.476093039766793}",0.0,-1.0
2025-11-15,Cleveland Cavaliers,Memphis Grizzlies,108.0,100.0,False,False,2025-11-15|Memphis Grizzlies|Cleveland Cavaliers,,,,2025-11-15|Memphis Grizzlies|Cleveland Cavaliers,0.9349067487906871,"[{""p_home_win"": 0.8698134975813743, ""weight"": 0.25}, {""p_home_win"": 0.9349067487906871, ""weight"": 0.5}, {""p_home_win"": 1.0, ""weight"": 0.25}]",14.061534467119962,,elo,"{'home_advantage': 3.403440568052857, 'scale': 0.13170433578822718, 'error_term': 12.077570519136328, 'win_prob_k': 5.277113905545573}",1.0,8.0
2025-11-15,Charlotte Hornets,Oklahoma City Thunder,96.0,109.0,False,False,2025-11-15|Oklahoma City Thunder|Charlotte Hornets,,,,2025-11-15|Oklahoma City Thunder|Charlotte Hornets,0.06895202785887958,"[{""p_home_win"": 0.0, ""weight"": 0.25}, {""p_home_win"": 0.06895202785887958, ""weight"": 0.5}, {""p_home_win"": 0.13790405571775916, ""weight"": 0.25}]",-13.73579867187033,,elo,"{'home_advantage': 3.403440568052857, 'scale': 0.13170433578822718, 'error_term': 12.077570519136328, 'win_prob_k': 5.277113905545573}",0.0,-13.0
2025-11-15,Indiana Pacers,Toronto Raptors,111.0,129.0,False,False,2025-11-15|Toronto Raptors|Indiana Pacers,,,,2025-11-15|Toronto Raptors|Indiana Pacers,0.0974212450405063,"[{""p_home_win"": 0.0, ""weight"": 0.25}, {""p_home_win"": 0.0974212450405063, ""weight"": 0.5}, {""p_home_win"": 0.1948424900810126, ""weight"": 0.25}]",-11.747972407849865,,elo,"{'home_advantage': 3.403440568052857, 'scale': 0.13170433578822718, 'error_term': 12.077570519136328, 'win_prob_k': 5.277113905545573}",0.0,-18.0
2025-11-15,Milwaukee Bucks,Los Angeles Lakers,95.0,119.0,False,False,2025-11-15|Los Angeles Lakers|Milwaukee Bucks,,,,2025-11-15|Los Angeles Lakers|Milwaukee Bucks,0.45187817181330564,"[{""p_home_win"": 0.0, ""weight"": 0.25}, {""p_home_win"": 0.45187817181330564, ""weight"": 0.5}, {""p_home_win"": 0.9037563436266113, ""weight"": 0.25}]",-1.0189313502363104,,elo,"{'home_advantage': 3.403440568052857, 'scale': 0.13170433578822718, 'error_term': 12.077570519136328, 'win_prob_k': 5.277113905545573}",0.0,-24.0
2025-11-15,Minnesota Timberwolves,Denver Nuggets,112.0,123.0,False,False,2025-11-15|Denver Nuggets|Minnesota Timberwolves,,,,2025-11-15|Denver Nuggets|Minnesota Timberwolves,0.5318642264017911,"[{""p_home_win"": 0.06372845280358219, ""weight"": 0.25}, {""p_home_win"": 0.5318642264017911, ""weight"": 0.5}, {""p_home_win"": 1.0, ""weight"": 0.25}]",0.6735173874395639,,elo,"{'home_advantage': 3.403440568052857, 'scale': 0.13170433578822718, 'error_term': 12.077570519136328, 'win_prob_k': 5.277113905545573}",0.0,-11.0
2025-11-16,Boston Celtics,Los Angeles Clippers,121.0,118.0,False,False,2025-11-16|Los Angeles Clippers|Boston Celtics,,,,2025-11-16|Los Angeles Clippers|Boston Celtics,0.8346718650302172,"[{""p_home_win"": 0.6693437300604343, ""weight"": 0.25}, {""p_home_win"": 0.8346718650302172, ""weight"": 0.5}, {""p_home_win"": 1.0, ""weight"": 0.25}]",8.387890187748841,,elo,"{'home_advantage': 3.229539801953017, 'scale': 0.1267625674543871, 'error_term': 12.050297858889074, 'win_prob_k': 5.180567376725845}",1.0,3.0
2025-11-16,San Antonio Spurs,Sacramento Kings,123.0,110.0,False,False,2025-11-16|Sacramento Kings|San Antonio Spurs,,,,2025-11-16|Sacramento Kings|San Antonio Spurs,0.9366486025672709,"[{""p_home_win"": 0.8732972051345418, ""weight"": 0.25}, {""p_home_win"": 0.9366486025672709, ""weight"": 0.5}, {""p_home_win"": 1.0, ""weight"": 0.25}]",13.954434424929167,,elo,"{'home_advantage': 3.229539801953017, 'scale': 0.1267625674543871, 'error_term': 12.050297858889074, 'win_prob_k': 5.180567376725845}",1.0,13.0
2025-11-16,Washington Wizards,Brooklyn Nets,106.0,129.0,False,False,2025-11-16|Brooklyn Nets|Washington Wizards,,,,2025-11-16|Brooklyn Nets|Washington Wizards,0.6691574455801058,"[{""p_home_win"": 0.33831489116021163, ""weight"": 0.25}, {""p_home_win"": 0.6691574455801058, ""weight"": 0.5}, {""p_home_win"": 1.0, ""weight"": 0.25}]",3.6490713741057057,,elo,"{'home_advantage': 3.229539801953017, 'scale': 0.1267625674543871, 'error_term': 12.050297858889074, 'win_prob_k': 5.180567376725845}",0.0,-23.0
2025-11-16,Houston Rockets,Orlando Magic,117.0,113.0,False,False,2025-11-16|Orlando Magic|Houston Rockets,,,,2025-11-16|Orlando Magic|Houston Rockets,0.8264988806937452,"[{""p_home_win"": 0.6529977613874904, ""weight"": 0.25}, {""p_home_win"": 0.8264988806937452, ""weight"": 0.5}, {""p_home_win"": 1.0, ""weight"": 0.25}]",8.086940856958117,,elo,"{'home_advantage': 3.229539801953017, 'scale': 0.1267625674543871, 'error_term': 12.050297858889074, 'win_prob_k': 5.180567376725845}",1.0,4.0
2025-11-16,New Orleans Pelicans,Golden State Warriors,106.0,124.0,False,False,2025-11-16|Golden State Warriors|New Orleans Pelicans,,,,2025-11-16|Golden State Warriors|New Orleans Pelicans,0.16861704137830208,"[{""p_home_win"": 0.0, ""weight"": 0.25}, {""p_home_win"": 0.16861704137830208, ""weight"": 0.5}, {""p_home_win"": 0.33723408275660416, ""weight"": 0.25}]",-8.265390167224501,,elo,"{'home_advantage': 3.229539801953017, 'scale': 0.1267625674543871, 'error_term': 12.050297858889074, 'win_prob_k': 5.180567376725845}",0.0,-18.0
2025-11-16,Dallas Mavericks,Portland Trail Blazers,138.0,133.0,False,False,2025-11-16|Portland Trail Blazers|Dallas Mavericks,,,,2025-11-16|Portland Trail Blazers|Dallas Mavericks,0.18994563080247226,"[{""p_home_win"": 0.0, ""weight"": 0.25}, {""p_home_win"": 0.18994563080247226, ""weight"": 0.5}, {""p_home_win"": 0.3798912616049445, ""weight"": 0.25}]",-7.513705782451927,,elo,"{'home_advantage': 3.229539801953017, 'scale': 0.1267625674543871, 'error_term': 12.050297858889074, 'win_prob_k': 5.180567376725845}",1.0,5.0
2025-11-16,Phoenix Suns,Atlanta Hawks,122.0,124.0,False,False,2025-11-16|Atlanta Hawks|Phoenix Suns,,,,2025-11-16|Atlanta Hawks|Phoenix Suns,0.5832883485629734,"[{""p_home_win"": 0.1665766971259468, ""weight"": 0.25}, {""p_home_win"": 0.5832883485629734, ""weight"": 0.5}, {""p_home_win"": 1.0, ""weight"": 0.25}]",1.7421582865629834,,elo,"{'home_advantage': 3.229539801953017, 'scale': 0.1267625674543871, 'error_term': 12.050297858889074, 'win_prob_k': 5.180567376725845}",0.0,-2.0
2025-11-16,Utah Jazz,Chicago Bulls,150.0,147.0,False,False,2025-11-16|Chicago Bulls|Utah Jazz,,,,2025-11-16|Chicago Bulls|Utah Jazz,0.39898181548628925,"[{""p_home_win"": 0.0, ""weight"": 0.25}, {""p_home_win"": 0.39898181548628925, ""weight"": 0.5}, {""p_home_win"": 0.7979636309725785, ""weight"": 0.25}]",-2.1225268953619922,,elo,"{'home_advantage': 3.229539801953017, 'scale': 0.1267625674543871, 'error_term': 12.050297858889074, 'win_prob_k': 5.180567376725845}",1.0,3.0
2025-11-17,Cleveland Cavaliers,Milwaukee Bucks,118.0,106.0,False,False,2025-11-17|Milwaukee Bucks|Cleveland Cavaliers,,,,2025-11-17|Milwaukee Bucks|Cleveland Cavaliers,0.7703925736701418,"[{""p_home_win"": 0.5407851473402836, ""weight"": 0.25}, {""p_home_win"": 0.7703925736701418, ""weight"": 0.5}, {""p_home_win"": 1.0, ""weight"": 0.25}]",6.311762969287293,,elo,"{'home_advantage': 3.066544945454453, 'scale': 0.12426030427910498, 'error_term': 11.961619765579378, 'win_prob_k': 5.214052585575091}",1.0,12.0
2025-11-17,Detroit Pistons,Indiana Pacers,127.0,112.0,False,False,2025-11-17|Indiana Pacers|Detroit Pistons,,,,2025-11-17|Indiana Pacers|Detroit Pistons,0.9885730715191718,"[{""p_home_win"": 0.9771461430383437, ""weight"": 0.25}, {""p_home_win"": 0.9885730715191718, ""weight"": 0.5}, {""p_home_win"": 1.0, ""weight"": 0.25}]",23.256185794249873,,elo,"{'home_advantage': 3.066544945454453, 'scale': 0.12426030427910498, 'error_term': 11.961619765579378, 'win_prob_k': 5.214052585575091}",1.0,15.0
2025-11-17,Philadelphia 76ers,Los Angeles Clippers,110.0,108.0,False,False,2025-11-17|Los Angeles Clippers|Philadelphia 76ers,,,,2025-11-17|Los Angeles Clippers|Philadelphia 76ers,0.8993398567868321,"[{""p_home_win"": 0.7986797135736643, ""weight"": 0.25}, {""p_home_win"": 0.8993398567868321, ""weight"": 0.5}, {""p_home_win"": 1.0, ""weight"": 0.25}]",11.41831151654442,,elo,"{'home_advantage': 3.066544945454453, 'scale': 0.12426030427910498, 'error_term': 11.961619765579378, 'win_prob_k': 5.214052585575091}",1.0,2.0
2025-11-17,Miami Heat,New York Knicks,115.0,113.0,False,False,2025-11-17|New York Knicks|Miami Heat,,,,2025-11-17|New York Knicks|Miami Heat,0.6063540434634476,"[{""p_home_win"": 0.21270808692689513, ""weight"": 0.25}, {""p_home_win"": 0.6063540434634476, ""weight"": 0.5}, {""p_home_win"": 1.0, ""weight"": 0.25}]",2.2525339517234593,,elo,"{'home_advantage': 3.066544945454453, 'scale': 0.12426030427910498, 'error_term': 11.961619765579378, 'win_prob_k': 5.214052585575091}",1.0,2.0
2025-11-17,Toronto Raptors,Charlotte Hornets,110.0,108.0,False,False,2025-11-17|Charlotte Hornets|Toronto Raptors,,,,2025-11-17|Charlotte Hornets|Toronto Raptors,0.9347419514672949,"[{""p_home_win"": 0.8694839029345898, ""weight"": 0.25}, {""p_home_win"": 0.9347419514672949, ""weight"": 0.5}, {""p_home_win"": 1.0, ""weight"": 0.25}]",13.879396675940663,,elo,"{'home_advantage': 3.066544945454453, 'scale': 0.12426030427910498, 'error_term': 11.961619765579378, 'win_prob_k': 5.214052585575091}",1.0,2.0
2025-11-17,Minnesota Timberwolves,Dallas Mavericks,120.0,96.0,False,False,2025-11-17|Dallas Mavericks|Minnesota Timberwolves,,,,2025-11-17|Dallas Mavericks|Minnesota Timberwolves,0.9428610828591586,"[{""p_home_win"": 0.8857221657183172, ""weight"": 0.25}, {""p_home_win"": 0.9428610828591586, ""weight"": 0.5}, {""p_home_win"": 1.0, ""weight"": 0.25}]",14.617249752254205,,elo,"{'home_advantage': 3.066544945454453, 'scale': 0.12426030427910498, 'error_term': 11.961619765579378, 'win_prob_k': 5.214052585575091}",1.0,24.0
2025-11-17,New Orleans Pelicans,Oklahoma City Thunder,109.0,126.0,False,False,2025-11-17|Oklahoma City Thunder|New Orleans Pelicans,,,,2025-11-17|Oklahoma City Thunder|New Orleans Pelicans,0.0268134714850012,"[{""p_home_win"": 0.0, ""weight"": 0.25}, {""p_home_win"": 0.0268134714850012, ""weight"": 0.5}, {""p_home_win"": 0.0536269429700024, ""weight"": 0.25}]",-18.7271632357047,,elo,"{'home_advantage': 3.066544945454453, 'scale': 0.12426030427910498, 'error_term': 11.961619765579378, 'win_prob_k': 5.214052585575091}",0.0,-17.0
2025-11-17,Denver Nuggets,Chicago Bulls,127.0,130.0,False,False,2025-11-17|Chicago Bulls|Denver Nuggets,,,,2025-11-17|Chicago Bulls|Denver Nuggets,0.9153592612029919,"[{""p_home_win"": 0.8307185224059839, ""weight"": 0.25}, {""p_home_win"": 0.9153592612029919, ""weight"": 0.5}, {""p_home_win"": 1.0, ""weight"": 0.25}]",12.414142632540287,,elo,"{'home_advantage': 3.066544945454453, 'scale': 0.12426030427910498, 'error_term': 11.961619765579378, 'win_prob_k': 5.214052585575091}",0.0,-3.0
2025-11-18,Orlando Magic,Golden State Warriors,121.0,113.0,False,False,2025-11-18|Golden State Warriors|Orlando Magic,,,,2025-11-18|Golden State Warriors|Orlando Magic,0.43547604207985974,"[{""p_home_win"": 0.0, ""weight"": 0.25}, {""p_home_win"": 0.43547604207985974, ""weight"": 0.5}, {""p_home_win"": 0.8709520841597195, ""weight"": 0.25}]",-1.3165883144413408,,elo,"{'home_advantage': 2.975208262395367, 'scale': 0.11807151215162412, 'error_term': 11.865894117514598, 'win_prob_k': 5.072716678450307}",1.0,8.0
2025-11-18,Atlanta Hawks,Detroit Pistons,112.0,120.0,False,False,2025-11-18|Detroit Pistons|Atlanta Hawks,,,,2025-11-18|Detroit Pistons|Atlanta Hawks,0.5016765092533192,"[{""p_home_win"": 0.0033530185066383833, ""weight"": 0.25}, {""p_home_win"": 0.5016765092533192, ""weight"": 0.5}, {""p_home_win"": 1.0, ""weight"": 0.25}]",0.0340179532888607,,elo,"{'home_advantage': 2.975208262395367, 'scale': 0.11807151215162412, 'error_term': 11.865894117514598, 'win_prob_k': 5.072716678450307}",0.0,-8.0
2025-11-18,Brooklyn Nets,Boston Celtics,99.0,113.0,False,False,2025-11-18|Boston Celtics|Brooklyn Nets,,,,2025-11-18|Boston Celtics|Brooklyn Nets,0.24353768589003955,"[{""p_home_win"": 0.0, ""weight"": 0.25}, {""p_home_win"": 0.24353768589003955, ""weight"": 0.5}, {""p_home_win"": 0.4870753717800791, ""weight"": 0.25}]",-5.749320792088144,,elo,"{'home_advantage': 2.975208262395367, 'scale': 0.11807151215162412, 'error_term': 11.865894117514598, 'win_prob_k': 5.072716678450307}",0.0,-14.0
2025-11-18,San Antonio Spurs,Memphis Grizzlies,111.0,101.0,False,False,2025-11-18|Memphis Grizzlies|San Antonio Spurs,,,,2025-11-18|Memphis Grizzlies|San Antonio Spurs,0.9333442718910939,"[{""p_home_win"": 0.8666885437821878, ""weight"": 0.25}, {""p_home_win"": 0.9333442718910939, ""weight"": 0.5}, {""p_home_win"": 1.0, ""weight"": 0.25}]",13.388081973981457,,elo,"{'home_advantage': 2.975208262395367, 'scale': 0.11807151215162412, 'error_term': 11.865894117514598, 'win_prob_k': 5.072716678450307}",1.0,10.0
2025-11-18,Los Angeles Lakers,Utah Jazz,140.0,126.0,False,False,2025-11-18|Utah Jazz|Los Angeles Lakers,,,,2025-11-18|Utah Jazz|Los Angeles Lakers,0.9425610501576813,"[{""p_home_win"": 0.8851221003153626, ""weight"": 0.25}, {""p_home_win"": 0.9425610501576813, ""weight"": 0.5}, {""p_home_win"": 1.0, ""weight"": 0.25}]",14.192842648728657,,elo,"{'home_advantage': 2.975208262395367, 'scale': 0.11807151215162412, 'error_term': 11.865894117514598, 'win_prob_k': 5.072716678450307}",1.0,14.0
2025-11-18,Portland Trail Blazers,Phoenix Suns,110.0,127.0,False,False,2025-11-18|Phoenix Suns|Portland Trail Blazers,,,,2025-11-18|Phoenix Suns|Portland Trail Blazers,0.5668286424616524,"[{""p_home_win"": 0.13365728492330486, ""weight"": 0.25}, {""p_home_win"": 0.5668286424616524, ""weight"": 0.5}, {""p_home_win"": 1.0, ""weight"": 0.25}]",1.364173462070243,,elo,"{'home_advantage': 2.975208262395367, 'scale': 0.11807151215162412, 'error_term': 11.865894117514598, 'win_prob_k': 5.072716678450307}",0.0,-17.0
2025-11-19,Cleveland Cavaliers,Houston Rockets,104.0,114.0,False,False,2025-11-19|Houston Rockets|Cleveland Cavaliers,,,,2025-11-19|Houston Rockets|Cleveland Cavaliers,0.5619027835430683,"[{""p_home_win"": 0.12380556708613666, ""weight"": 0.25}, {""p_home_win"": 0.5619027835430683, ""weight"": 0.5}, {""p_home_win"": 1.0, ""weight"": 0.25}]",1.2689455954289628,,elo,"{'home_advantage': 2.7408604847745432, 'scale': 0.11431851222710969, 'error_term': 11.809251687656657, 'win_prob_k': 5.0984601124128535}",0.0,-10.0
2025-11-19,Indiana Pacers,Charlotte Hornets,127.0,118.0,False,False,2025-11-19|Charlotte Hornets|Indiana Pacers,,,,2025-11-19|Charlotte Hornets|Indiana Pacers,0.3806235061287461,"[{""p_home_win"": 0.0, ""weight"": 0.25}, {""p_home_win"": 0.3806235061287461, ""weight"": 0.5}, {""p_home_win"": 0.7612470122574923, ""weight"": 0.25}]",-2.4824535016106233,,elo,"{'home_advantage': 2.7408604847745432, 'scale': 0.11431851222710969, 'error_term': 11.809251687656657, 'win_prob_k': 5.0984601124128535}",1.0,9.0
2025-11-19,Philadelphia 76ers,Toronto Raptors,112.0,121.0,False,False,2025-11-19|Toronto Raptors|Philadelphia 76ers,,,,2025-11-19|Toronto Raptors|Philadelphia 76ers,0.48794802073371635,"[{""p_home_win"": 0.0, ""weight"": 0.25}, {""p_home_win"": 0.48794802073371635, ""weight"": 0.5}, {""p_home_win"": 0.9758960414674327, ""weight"": 0.25}]",-0.2458337595094089,,elo,"{'home_advantage': 2.7408604847745432, 'scale': 0.11431851222710969, 'error_term': 11.809251687656657, 'win_prob_k': 5.0984601124128535}",0.0,-9.0
2025-11-19,Miami Heat,Golden State Warriors,110.0,96.0,False,False,2025-11-19|Golden State Warriors|Miami Heat,,,,2025-11-19|Golden State Warriors|Miami Heat,0.5756007262030896,"[{""p_home_win"": 0.1512014524061791, ""weight"": 0.25}, {""p_home_win"": 0.5756007262030896, ""weight"": 0.5}, {""p_home_win"": 1.0, ""weight"": 0.25}]",1.553702394709814,,elo,"{'home_advantage': 2.7408604847745432, 'scale': 0.11431851222710969, 'error_term': 11.809251687656657, 'win_prob_k': 5.0984601124128535}",1.0,14.0
2025-11-19,Minnesota Timberwolves,Washington Wizards,120.0,109.0,False,False,2025-11-19|Washington Wizards|Minnesota Timberwolves,,,,2025-11-19|Washington Wizards|Minnesota Timberwolves,0.9665720664616873,"[{""p_home_win"": 0.9331441329233745, ""weight"": 0.25}, {""p_home_win"": 0.9665720664616873, ""weight"": 0.5}, {""p_home_win"": 1.0, ""weight"": 0.25}]",17.153075536822197,,elo,"{'home_advantage': 2.7408604847745432, 'scale': 0.11431851222710969, 'error_term': 11.809251687656657, 'win_prob_k': 5.0984601124128535}",1.0,11.0
2025-11-19,New Orleans Pelicans,Denver Nuggets,118.0,125.0,False,False,2025-11-19|Denver Nuggets|New Orleans Pelicans,,,,2025-11-19|Denver Nuggets|New Orleans Pelicans,0.07440290029054053,"[{""p_home_win"": 0.0, ""weight"": 0.25}, {""p_home_win"": 0.07440290029054053, ""weight"": 0.5}, {""p_home_win"": 0.14880580058108106, ""weight"": 0.25}]",-12.85293303623528,,elo,"{'home_advantage': 2.7408604847745432, 'scale': 0.11431851222710969, 'error_term': 11.809251687656657, 'win_prob_k': 5.0984601124128535}",0.0,-7.0
2025-11-19,Oklahoma City Thunder,Sacramento Kings,113.0,99.0,False,False,2025-11-19|Sacramento Kings|Oklahoma City Thunder,,,,2025-11-19|Sacramento Kings|Oklahoma City Thunder,0.9886049913601158,"[{""p_home_win"": 0.9772099827202316, ""weight"": 0.25}, {""p_home_win"": 0.9886049913601158, ""weight"": 0.5}, {""p_home_win"": 1.0, ""weight"": 0.25}]",22.755036384994934,,elo,"{'home_advantage': 2.7408604847745432, 'scale': 0.11431851222710969, 'error_term': 11.809251687656657, 'win_prob_k': 5.0984601124128535}",1.0,14.0
2025-11-19,Dallas Mavericks,New York Knicks,111.0,113.0,False,False,2025-11-19|New York Knicks|Dallas Mavericks,,,,2025-11-19|New York Knicks|Dallas Mavericks,0.20517468511880554,"[{""p_home_win"": 0.0, ""weight"": 0.25}, {""p_home_win"": 0.20517468511880554, ""weight"": 0.5}, {""p_home_win"": 0.4103493702376111, ""weight"": 0.25}]",-6.904643762987444,,elo,"{'home_advantage': 2.7408604847745432, 'scale': 0.11431851222710969, 'error_term': 11.809251687656657, 'win_prob_k': 5.0984601124128535}",0.0,-2.0
2025-11-19,Portland Trail Blazers,Chicago Bulls,121.0,122.0,False,False,2025-11-19|Chicago Bulls|Portland Trail Blazers,,,,2025-11-19|Chicago Bulls|Portland Trail Blazers,0.49758892588336573,"[{""p_home_win"": 0.0, ""weight"": 0.25}, {""p_home_win"": 0.49758892588336573, ""weight"": 0.5}, {""p_home_win"": 0.9951778517667315, ""weight"": 0.25}]",-0.04917144197899548,,elo,"{'home_advantage': 2.7408604847745432, 'scale': 0.11431851222710969, 'error_term': 11.809251687656657, 'win_prob_k': 5.0984601124128535}",0.0,-1.0
2025-11-20,Orlando Magic,Los Angeles Clippers,129.0,101.0,False,False,2025-11-20|Los Angeles Clippers|Orlando Magic,,,,2025-11-20|Los Angeles Clippers|Orlando Magic,0.885169012269561,"[{""p_home_win"": 0.770338024539122, ""weight"": 0.25}, {""p_home_win"": 0.885169012269561, ""weight"": 0.5}, {""p_home_win"": 1.0, ""weight"": 0.25}]",10.12944716708028,,elo,"{'home_advantage': 2.7610730065259603, 'scale': 0.10778100119180846, 'error_term': 11.647349867161902, 'win_prob_k': 4.9597814873196615}",1.0,28.0
2025-11-20,Memphis Grizzlies,Sacramento Kings,137.0,96.0,False,False,2025-11-20|Sacramento Kings|Memphis Grizzlies,,,,2025-11-20|Sacramento Kings|Memphis Grizzlies,0.660633077699531,"[{""p_home_win"": 0.3212661553990619, ""weight"": 0.25}, {""p_home_win"": 0.660633077699531, ""weight"": 0.5}, {""p_home_win"": 1.0, ""weight"": 0.25}]",3.303793253234947,,elo,"{'home_advantage': 2.7610730065259603, 'scale': 0.10778100119180846, 'error_term': 11.647349867161902, 'win_prob_k': 4.9597814873196615}",1.0,41.0
2025-11-20,Milwaukee Bucks,Philadelphia 76ers,114.0,123.0,False,False,2025-11-20|Philadelphia 76ers|Milwaukee Bucks,,,,2025-11-20|Philadelphia 76ers|Milwaukee Bucks,0.5983333853249246,"[{""p_home_win"": 0.19666677064984928, ""weight"": 0.25}, {""p_home_win"": 0.5983333853249246, ""weight"": 0.5}, {""p_home_win"": 1.0, ""weight"": 0.25}]",1.9766002468906183,,elo,"{'home_advantage': 2.7610730065259603, 'scale': 0.10778100119180846, 'error_term': 11.647349867161902, 'win_prob_k': 4.9597814873196615}",0.0,-9.0
2025-11-20,San Antonio Spurs,Atlanta Hawks,135.0,126.0,False,False,2025-11-20|Atlanta Hawks|San Antonio Spurs,,,,2025-11-20|Atlanta Hawks|San Antonio Spurs,0.6318096203546799,"[{""p_home_win"": 0.2636192407093598, ""weight"": 0.25}, {""p_home_win"": 0.6318096203546799, ""weight"": 0.5}, {""p_home_win"": 1.0, ""weight"": 0.25}]",2.678222360596664,,elo,"{'home_advantage': 2.7610730065259603, 'scale': 0.10778100119180846, 'error_term': 11.647349867161902, 'win_prob_k': 4.9597814873196615}",1.0,9.0
2025-11-21,Cleveland Cavaliers,Indiana Pacers,120.0,109.0,False,False,2025-11-21|Indiana Pacers|Cleveland Cavaliers,,,,2025-11-21|Indiana Pacers|Cleveland Cavaliers,0.9562745226975053,"[{""p_home_win"": 0.9125490453950107, ""weight"": 0.25}, {""p_home_win"": 0.9562745226975053, ""weight"": 0.5}, {""p_home_win"": 1.0, ""weight"": 0.25}]",15.473083126685605,,elo,"{'home_advantage': 2.946822324972073, 'scale': 0.10833130420118887, 'error_term': 11.856491551197594, 'win_prob_k': 5.015400618004836}",1.0,11.0
2025-11-21,Boston Celtics,Brooklyn Nets,105.0,113.0,False,False,2025-11-21|Brooklyn Nets|Boston Celtics,,,,2025-11-21|Brooklyn Nets|Boston Celtics,0.9338873652025925,"[{""p_home_win"": 0.867774730405185, ""weight"": 0.25}, {""p_home_win"": 0.9338873652025925, ""weight"": 0.5}, {""p_home_win"": 1.0, ""weight"": 0.25}]",13.280760582562433,,elo,"{'home_advantage': 2.946822324972073, 'scale': 0.10833130420118887, 'error_term': 11.856491551197594, 'win_prob_k': 5.015400618004836}",0.0,-8.0
2025-11-21,Toronto Raptors,Washington Wizards,140.0,110.0,False,False,2025-11-21|Washington Wizards|Toronto Raptors,,,,2025-11-21|Washington Wizards|Toronto Raptors,0.9822426753968867,"[{""p_home_win"": 0.9644853507937734, ""weight"": 0.25}, {""p_home_win"": 0.9822426753968867, ""weight"": 0.5}, {""p_home_win"": 1.0, ""weight"": 0.25}]",20.12700488569288,,elo,"{'home_advantage': 2.946822324972073, 'scale': 0.10833130420118887, 'error_term': 11.856491551197594, 'win_prob_k': 5.015400618004836}",1.0,30.0
2025-11-21,Chicago Bulls,Miami Heat,107.0,143.0,False,False,2025-11-21|Miami Heat|Chicago Bulls,,,,2025-11-21|Miami Heat|Chicago Bulls,0.6158506697558698,"[{""p_home_win"": 0.23170133951173955, ""weight"": 0.25}, {""p_home_win"": 0.6158506697558698, ""weight"": 0.5}, {""p_home_win"": 1.0, ""weight"": 0.25}]",2.367134463703168,,elo,"{'home_advantage': 2.946822324972073, 'scale': 0.10833130420118887, 'error_term': 11.856491551197594, 'win_prob_k': 5.015400618004836}",0.0,-36.0
2025-11-21,Dallas Mavericks,New Orleans Pelicans,118.0,115.0,False,False,2025-11-21|New Orleans Pelicans|Dallas Mavericks,,,,2025-11-21|New Orleans Pelicans|Dallas Mavericks,0.6740928641206937,"[{""p_home_win"": 0.3481857282413874, ""weight"": 0.25}, {""p_home_win"": 0.6740928641206937, ""weight"": 0.5}, {""p_home_win"": 1.0, ""weight"": 0.25}]",3.6449694847823038,,elo,"{'home_advantage': 2.946822324972073, 'scale': 0.10833130420118887, 'error_term': 11.856491551197594, 'win_prob_k': 5.015400618004836}",1.0,3.0
2025-11-21,Phoenix Suns,Minnesota Timberwolves,114.0,113.0,False,False,2025-11-21|Minnesota Timberwolves|Phoenix Suns,,,,2025-11-21|Minnesota Timberwolves|Phoenix Suns,0.5893244045792574,"[{""p_home_win"": 0.17864880915851478, ""weight"": 0.25}, {""p_home_win"": 0.5893244045792574, ""weight"": 0.5}, {""p_home_win"": 1.0, ""weight"": 0.25}]",1.8114283232320167,,elo,"{'home_advantage': 2.946822324972073, 'scale': 0.10833130420118887, 'error_term': 11.856491551197594, 'win_prob_k': 5.015400618004836}",1.0,1.0
2025-11-21,Houston Rockets,Denver Nuggets,109.0,112.0,False,False,2025-11-21|Denver Nuggets|Houston Rockets,,,,2025-11-21|Denver Nuggets|Houston Rockets,0.6456636819417618,"[{""p_home_win"": 0.29132736388352365, ""weight"": 0.25}, {""p_home_win"": 0.6456636819417618, ""weight"": 0.5}, {""p_home_win"": 1.0, ""weight"": 0.25}]",3.009402061765762,,elo,"{'home_advantage': 2.946822324972073, 'scale': 0.10833130420118887, 'error_term': 11.856491551197594, 'win_prob_k': 5.015400618004836}",0.0,-3.0
2025-11-21,Golden State Warriors,Portland Trail Blazers,123.0,127.0,False,False,2025-11-21|Portland Trail Blazers|Golden State Warriors,,,,2025-11-21|Portland Trail Blazers|Golden State Warriors,0.8397213008649327,"[{""p_home_win"": 0.6794426017298654, ""weight"": 0.25}, {""p_home_win"": 0.8397213008649327, ""weight"": 0.5}, {""p_home_win"": 1.0, ""weight"": 0.25}]",8.306285236941418,,elo,"{'home_advantage': 2.946822324972073, 'scale': 0.10833130420118887, 'error_term': 11.856491551197594, 'win_prob_k': 5.015400618004836}",0.0,-4.0
2025-11-21,Utah Jazz,Oklahoma City Thunder,112.0,144.0,False,False,2025-11-21|Oklahoma City Thunder|Utah Jazz,,,,2025-11-21|Oklahoma City Thunder|Utah Jazz,0.06702962808612065,"[{""p_home_win"": 0.0, ""weight"": 0.25}, {""p_home_win"": 0.06702962808612065, ""weight"": 0.5}, {""p_home_win"": 0.1340592561722413, ""weight"": 0.25}]",-13.206747067222262,,elo,"{'home_advantage': 2.946822324972073, 'scale': 0.10833130420118887, 'error_term': 11.856491551197594, 'win_prob_k': 5.015400618004836}",0.0,-32.0
2025-11-22,Charlotte Hornets,Los Angeles Clippers,116.0,131.0,False,False,2025-11-22|Los Angeles Clippers|Charlotte Hornets,,,,2025-11-22|Los Angeles Clippers|Charlotte Hornets,0.6375644274573231,"[{""p_home_win"": 0.2751288549146462, ""weight"": 0.25}, {""p_home_win"": 0.6375644274573231, ""weight"": 0.5}, {""p_home_win"": 1.0, ""weight"": 0.25}]",2.9685084724384865,,elo,"{'home_advantage': 2.5098212636872477, 'scale': 0.10767243996040775, 'error_term': 12.04804551494097, 'win_prob_k': 5.255777683857744}",0.0,-15.0
2025-11-22,Orlando Magic,New York Knicks,133.0,121.0,False,False,2025-11-22|New York Knicks|Orlando Magic,,,,2025-11-22|New York Knicks|Orlando Magic,0.5860439755587977,"[{""p_home_win"": 0.17208795111759545, ""weight"": 0.25}, {""p_home_win"": 0.5860439755587977, ""weight"": 0.5}, {""p_home_win"": 1.0, ""weight"": 0.25}]",1.8270927131977195,,elo,"{'home_advantage': 2.5098212636872477, 'scale': 0.10767243996040775, 'error_term': 12.04804551494097, 'win_prob_k': 5.255777683857744}",1.0,12.0
2025-11-22,New Orleans Pelicans,Atlanta Hawks,98.0,115.0,False,False,2025-11-22|Atlanta Hawks|New Orleans Pelicans,,,,2025-11-22|Atlanta Hawks|New Orleans Pelicans,0.10970672080939703,"[{""p_home_win"": 0.0, ""weight"": 0.25}, {""p_home_win"": 0.10970672080939703, ""weight"": 0.5}, {""p_home_win"": 0.21941344161879406, ""weight"": 0.25}]",-11.004233570104898,,elo,"{'home_advantage': 2.5098212636872477, 'scale': 0.10767243996040775, 'error_term': 12.04804551494097, 'win_prob_k': 5.255777683857744}",0.0,-17.0
2025-11-22,Chicago Bulls,Washington Wizards,121.0,120.0,False,False,2025-11-22|Washington Wizards|Chicago Bulls,,,,2025-11-22|Washington Wizards|Chicago Bulls,0.9424960562822956,"[{""p_home_win"": 0.8849921125645912, ""weight"": 0.25}, {""p_home_win"": 0.9424960562822956, ""weight"": 0.5}, {""p_home_win"": 1.0, ""weight"": 0.25}]",14.698718889054085,,elo,"{'home_advantage': 2.5098212636872477, 'scale': 0.10767243996040775, 'error_term': 12.04804551494097, 'win_prob_k': 5.255777683857744}",1.0,1.0
2025-11-22,Milwaukee Bucks,Detroit Pistons,116.0,129.0,False,False,2025-11-22|Detroit Pistons|Milwaukee Bucks,,,,2025-11-22|Detroit Pistons|Milwaukee Bucks,0.18077691040444513,"[{""p_home_win"": 0.0, ""weight"": 0.25}, {""p_home_win"": 0.18077691040444513, ""weight"": 0.5}, {""p_home_win"": 0.36155382080889026, ""weight"": 0.25}]",-7.94196733066966,,elo,"{'home_advantage': 2.5098212636872477, 'scale': 0.10767243996040775, 'error_term': 12.04804551494097, 'win_prob_k': 5.255777683857744}",0.0,-13.0
2025-11-22,Dallas Mavericks,Memphis Grizzlies,96.0,102.0,False,False,2025-11-22|Memphis Grizzlies|Dallas Mavericks,,,,2025-11-22|Memphis Grizzlies|Dallas Mavericks,0.515826565917428,"[{""p_home_win"": 0.031653131834856074, ""weight"": 0.25}, {""p_home_win"": 0.515826565917428, ""weight"": 0.5}, {""p_home_win"": 1.0, ""weight"": 0.25}]",0.33283483560161686,,elo,"{'home_advantage': 2.5098212636872477, 'scale': 0.10767243996040775, 'error_term': 12.04804551494097, 'win_prob_k': 5.255777683857744}",0.0,-6.0
2025-11-22,Denver Nuggets,Sacramento Kings,123.0,128.0,False,False,2025-11-22|Sacramento Kings|Denver Nuggets,,,,2025-11-22|Sacramento Kings|Denver Nuggets,0.9735058385247283,"[{""p_home_win"": 0.9470116770494565, ""weight"": 0.25}, {""p_home_win"": 0.9735058385247283, ""weight"": 0.5}, {""p_home_win"": 1.0, ""weight"": 0.25}]",18.94171468872037,,elo,"{'home_advantage': 2.5098212636872477, 'scale': 0.10767243996040775, 'error_term': 12.04804551494097, 'win_prob_k': 5.255777683857744}",0.0,-5.0
2025-11-23,Philadelphia 76ers,Miami Heat,117.0,127.0,False,False,2025-11-23|Miami Heat|Philadelphia 76ers,,,,2025-11-23|Miami Heat|Philadelphia 76ers,0.5138090591398476,"[{""p_home_win"": 0.027618118279695292, ""weight"": 0.25}, {""p_home_win"": 0.5138090591398476, ""weight"": 0.5}, {""p_home_win"": 1.0, ""weight"": 0.25}]",0.28607431798573657,,elo,"{'home_advantage': 2.3276100350633824, 'scale': 0.10573201207645817, 'error_term': 12.09325576503165, 'win_prob_k': 5.177788814145426}",0.0,-10.0
2025-11-23,Atlanta Hawks,Charlotte Hornets,113.0,110.0,False,False,2025-11-23|Charlotte Hornets|Atlanta Hawks,,,,2025-11-23|Charlotte Hornets|Atlanta Hawks,0.9372496632923862,"[{""p_home_win"": 0.8744993265847725, ""weight"": 0.25}, {""p_home_win"": 0.9372496632923862, ""weight"": 0.5}, {""p_home_win"": 1.0, ""weight"": 0.25}]",13.999631625189384,,elo,"{'home_advantage': 2.3276100350633824, 'scale': 0.10573201207645817, 'error_term': 12.09325576503165, 'win_prob_k': 5.177788814145426}",1.0,3.0
2025-11-23,Boston Celtics,Orlando Magic,138.0,129.0,False,False,2025-11-23|Orlando Magic|Boston Celtics,,,,2025-11-23|Orlando Magic|Boston Celtics,0.47434826266520047,"[{""p_home_win"": 0.0, ""weight"": 0.25}, {""p_home_win"": 0.47434826266520047, ""weight"": 0.5}, {""p_home_win"": 0.9486965253304009, ""weight"": 0.25}]",-0.5317439673901592,,elo,"{'home_advantage': 2.3276100350633824, 'scale': 0.10573201207645817, 'error_term': 12.09325576503165, 'win_prob_k': 5.177788814145426}",1.0,9.0
2025-11-23,Cleveland Cavaliers,Los Angeles Clippers,120.0,105.0,False,False,2025-11-23|Los Angeles Clippers|Cleveland Cavaliers,,,,2025-11-23|Los Angeles Clippers|Cleveland Cavaliers,0.8945078079300953,"[{""p_home_win"": 0.7890156158601906, ""weight"": 0.25}, {""p_home_win"": 0.8945078079300953, ""weight"": 0.5}, {""p_home_win"": 1.0, ""weight"": 0.25}]",11.0682313441051,,elo,"{'home_advantage': 2.3276100350633824, 'scale': 0.10573201207645817, 'error_term': 12.09325576503165, 'win_prob_k': 5.177788814145426}",1.0,15.0
2025-11-23,Toronto Raptors,Brooklyn Nets,119.0,109.0,False,False,2025-11-23|Brooklyn Nets|Toronto Raptors,,,,2025-11-23|Brooklyn Nets|Toronto Raptors,0.9580422364932586,"[{""p_home_win"": 0.9160844729865172, ""weight"": 0.25}, {""p_home_win"": 0.9580422364932586, ""weight"": 0.5}, {""p_home_win"": 1.0, ""weight"": 0.25}]",16.197305933167275,,elo,"{'home_advantage': 2.3276100350633824, 'scale': 0.10573201207645817, 'error_term': 12.09325576503165, 'win_prob_k': 5.177788814145426}",1.0,10.0
2025-11-23,Oklahoma City Thunder,Portland Trail Blazers,122.0,95.0,False,False,2025-11-23|Portland Trail Blazers|Oklahoma City Thunder,,,,2025-11-23|Portland Trail Blazers|Oklahoma City Thunder,0.9611601879202196,"[{""p_home_win"": 0.9223203758404392, ""weight"": 0.25}, {""p_home_win"": 0.9611601879202196, ""weight"": 0.5}, {""p_home_win"": 1.0, ""weight"": 0.25}]",16.613946522402376,,elo,"{'home_advantage': 2.3276100350633824, 'scale': 0.10573201207645817, 'error_term': 12.09325576503165, 'win_prob_k': 5.177788814145426}",1.0,27.0
2025-11-23,Phoenix Suns,San Antonio Spurs,111.0,102.0,False,False,2025-11-23|San Antonio Spurs|Phoenix Suns,,,,2025-11-23|San Antonio Spurs|Phoenix Suns,0.5554092986434209,"[{""p_home_win"": 0.11081859728684185, ""weight"": 0.25}, {""p_home_win"": 0.5554092986434209, ""weight"": 0.5}, {""p_home_win"": 1.0, ""weight"": 0.25}]",1.15232327079436,,elo,"{'home_advantage': 2.3276100350633824, 'scale': 0.10573201207645817, 'error_term': 12.09325576503165, 'win_prob_k': 5.177788814145426}",1.0,9.0
2025-11-23,Utah Jazz,Los Angeles Lakers,106.0,108.0,False,False,2025-11-23|Los Angeles Lakers|Utah Jazz,,,,2025-11-23|Los Angeles Lakers|Utah Jazz,0.13393289981305048,"[{""p_home_win"": 0.0, ""weight"": 0.25}, {""p_home_win"": 0.13393289981305048, ""weight"": 0.5}, {""p_home_win"": 0.26786579962610096, ""weight"": 0.25}]",-9.664982079613761,,elo,"{'home_advantage': 2.3276100350633824, 'scale': 0.10573201207645817, 'error_term': 12.09325576503165, 'win_prob_k': 5.177788814145426}",0.0,-2.0
2025-11-24,Indiana Pacers,Detroit Pistons,117.0,122.0,False,False,2025-11-24|Detroit Pistons|Indiana Pacers,,,,2025-11-24|Detroit Pistons|Indiana Pacers,0.03847549469183833,"[{""p_home_win"": 0.0, ""weight"": 0.25}, {""p_home_win"": 0.03847549469183833, ""weight"": 0.5}, {""p_home_win"": 0.07695098938367666, ""weight"": 0.25}]",-16.61129627746014,,elo,"{'home_advantage': 2.4118918788601444, 'scale': 0.1012098103699668, 'error_term': 12.024909891443894, 'win_prob_k': 5.1611943285400965}",0.0,-5.0
2025-11-24,Toronto Raptors,Cleveland Cavaliers,110.0,99.0,False,False,2025-11-24|Cleveland Cavaliers|Toronto Raptors,,,,2025-11-24|Cleveland Cavaliers|Toronto Raptors,0.7384233232058025,"[{""p_home_win"": 0.476846646411605, ""weight"": 0.25}, {""p_home_win"": 0.7384233232058025, ""weight"": 0.5}, {""p_home_win"": 1.0, ""weight"": 0.25}]",5.356234877495456,,elo,"{'home_advantage': 2.4118918788601444, 'scale': 0.1012098103699668, 'error_term': 12.024909891443894, 'win_prob_k': 5.1611943285400965}",1.0,11.0
2025-11-24,Brooklyn Nets,New York Knicks,100.0,113.0,False,False,2025-11-24|New York Knicks|Brooklyn Nets,,,,2025-11-24|New York Knicks|Brooklyn Nets,0.22116907469920952,"[{""p_home_win"": 0.0, ""weight"": 0.25}, {""p_home_win"": 0.22116907469920952, ""weight"": 0.5}, {""p_home_win"": 0.44233814939841903, ""weight"": 0.25}]",-6.497254788383273,,elo,"{'home_advantage': 2.4118918788601444, 'scale': 0.1012098103699668, 'error_term': 12.024909891443894, 'win_prob_k': 5.1611943285400965}",0.0,-13.0
2025-11-24,Miami Heat,Dallas Mavericks,106.0,102.0,False,False,2025-11-24|Dallas Mavericks|Miami Heat,,,,2025-11-24|Dallas Mavericks|Miami Heat,0.9617901491705152,"[{""p_home_win"": 0.9235802983410304, ""weight"": 0.25}, {""p_home_win"": 0.9617901491705152, ""weight"": 0.5}, {""p_home_win"": 1.0, ""weight"": 0.25}]",16.648479663888956,,elo,"{'home_advantage': 2.4118918788601444, 'scale': 0.1012098103699668, 'error_term': 12.024909891443894, 'win_prob_k': 5.1611943285400965}",1.0,4.0
2025-11-24,Memphis Grizzlies,Denver Nuggets,115.0,125.0,False,False,2025-11-24|Denver Nuggets|Memphis Grizzlies,,,,2025-11-24|Denver Nuggets|Memphis Grizzlies,0.16921535319949552,"[{""p_home_win"": 0.0, ""weight"": 0.25}, {""p_home_win"": 0.16921535319949552, ""weight"": 0.5}, {""p_home_win"": 0.33843070639899103, ""weight"": 0.25}]",-8.212484306342192,,elo,"{'home_advantage': 2.4118918788601444, 'scale': 0.1012098103699668, 'error_term': 12.024909891443894, 'win_prob_k': 5.1611943285400965}",0.0,-10.0
2025-11-24,Milwaukee Bucks,Portland Trail Blazers,103.0,115.0,False,False,2025-11-24|Portland Trail Blazers|Milwaukee Bucks,,,,2025-11-24|Portland Trail Blazers|Milwaukee Bucks,0.5906425574702342,"[{""p_home_win"": 0.1812851149404684, ""weight"": 0.25}, {""p_home_win"": 0.5906425574702342, ""weight"": 0.5}, {""p_home_win"": 1.0, ""weight"": 0.25}]",1.892208975460249,,elo,"{'home_advantage': 2.4118918788601444, 'scale': 0.1012098103699668, 'error_term': 12.024909891443894, 'win_prob_k': 5.1611943285400965}",0.0,-12.0
2025-11-24,New Orleans Pelicans,Chicago Bulls,143.0,130.0,False,False,2025-11-24|Chicago Bulls|New Orleans Pelicans,,,,2025-11-24|Chicago Bulls|New Orleans Pelicans,0.13225836215276854,"[{""p_home_win"": 0.0, ""weight"": 0.25}, {""p_home_win"": 0.13225836215276854, ""weight"": 0.5}, {""p_home_win"": 0.2645167243055371, ""weight"": 0.25}]",-9.708912167764446,,elo,"{'home_advantage': 2.4118918788601444, 'scale': 0.1012098103699668, 'error_term': 12.024909891443894, 'win_prob_k': 5.1611943285400965}",1.0,13.0
2025-11-24,Phoenix Suns,Houston Rockets,92.0,114.0,False,False,2025-11-24|Houston Rockets|Phoenix Suns,,,,2025-11-24|Houston Rockets|Phoenix Suns,0.5502423042958883,"[{""p_home_win"": 0.10048460859177655, ""weight"": 0.25}, {""p_home_win"": 0.5502423042958883, ""weight"": 0.5}, {""p_home_win"": 1.0, ""weight"": 0.25}]",1.040753549775732,,elo,"{'home_advantage': 2.4118918788601444, 'scale': 0.1012098103699668, 'error_term': 12.024909891443894, 'win_prob_k': 5.1611943285400965}",0.0,-22.0
2025-11-24,Golden State Warriors,Utah Jazz,134.0,117.0,False,False,2025-11-24|Utah Jazz|Golden State Warriors,,,,2025-11-24|Utah Jazz|Golden State Warriors,0.8437374961601607,"[{""p_home_win"": 0.6874749923203214, ""weight"": 0.25}, {""p_home_win"": 0.8437374961601607, ""weight"": 0.5}, {""p_home_win"": 1.0, ""weight"": 0.25}]",8.703343222772094,,elo,"{'home_advantage': 2.4118918788601444, 'scale': 0.1012098103699668, 'error_term': 12.024909891443894, 'win_prob_k': 5.1611943285400965}",1.0,17.0
2025-11-24,Sacramento Kings,Minnesota Timberwolves,117.0,112.0,False,False,2025-11-24|Minnesota Timberwolves|Sacramento Kings,,,,2025-11-24|Minnesota Timberwolves|Sacramento Kings,0.22870870248628378,"[{""p_home_win"": 0.0, ""weight"": 0.25}, {""p_home_win"": 0.22870870248628378, ""weight"": 0.5}, {""p_home_win"": 0.45741740497256755, ""weight"": 0.25}]",-6.2740353994583415,,elo,"{'home_advantage': 2.4118918788601444, 'scale': 0.1012098103699668, 'error_term': 12.024909891443894, 'win_prob_k': 5.1611943285400965}",1.0,5.0
2025-11-25,Washington Wizards,Atlanta Hawks,132.0,113.0,False,False,2025-11-25|Atlanta Hawks|Washington Wizards,,,,2025-11-25|Atlanta Hawks|Washington Wizards,0.08384692782315319,"[{""p_home_win"": 0.0, ""weight"": 0.25}, {""p_home_win"": 0.08384692782315319, ""weight"": 0.5}, {""p_home_win"": 0.16769385564630637, ""weight"": 0.25}]",-12.233407756688159,,elo,"{'home_advantage': 2.4911666324227095, 'scale': 0.09741986474547962, 'error_term': 12.017564283974185, 'win_prob_k': 5.116032029469501}",1.0,19.0
2025-11-25,Philadelphia 76ers,Orlando Magic,103.0,144.0,False,False,2025-11-25|Orlando Magic|Philadelphia 76ers,,,,2025-11-25|Orlando Magic|Philadelphia 76ers,0.5883987871919005,"[{""p_home_win"": 0.17679757438380106, ""weight"": 0.25}, {""p_home_win"": 0.5883987871919005, ""weight"": 0.5}, {""p_home_win"": 1.0, ""weight"": 0.25}]",1.8282139280787872,,elo,"{'home_advantage': 2.4911666324227095, 'scale': 0.09741986474547962, 'error_term': 12.017564283974185, 'win_prob_k': 5.116032029469501}",0.0,-41.0
2025-11-25,Los Angeles Lakers,Los Angeles Clippers,135.0,118.0,False,False,2025-11-25|Los Angeles Clippers|Los Angeles Lakers,,,,2025-11-25|Los Angeles Clippers|Los Angeles Lakers,0.9551597159783535,"[{""p_home_win"": 0.910319431956707, ""weight"": 0.25}, {""p_home_win"": 0.9551597159783535, ""weight"": 0.5}, {""p_home_win"": 1.0, ""weight"": 0.25}]",15.648773660926954,,elo,"{'home_advantage': 2.4911666324227095, 'scale': 0.09741986474547962, 'error_term': 12.017564283974185, 'win_prob_k': 5.116032029469501}",1.0,17.0
2025-11-26,Boston Celtics,Detroit Pistons,117.0,114.0,False,False,2025-11-26|Detroit Pistons|Boston Celtics,,,,2025-11-26|Detroit Pistons|Boston Celtics,0.2068564370108321,"[{""p_home_win"": 0.0, ""weight"": 0.25}, {""p_home_win"": 0.2068564370108321, ""weight"": 0.5}, {""p_home_win"": 0.4137128740216642, ""weight"": 0.25}]",-7.066601348653206,,elo,"{'home_advantage': 2.45082181454899, 'scale': 0.09628930769068109, 'error_term': 12.379208520202075, 'win_prob_k': 5.2579691586248245}",1.0,3.0
2025-11-26,Charlotte Hornets,New York Knicks,101.0,129.0,False,False,2025-11-26|New York Knicks|Charlotte Hornets,,,,2025-11-26|New York Knicks|Charlotte Hornets,0.197739028736154,"[{""p_home_win"": 0.0, ""weight"": 0.25}, {""p_home_win"": 0.197739028736154, ""weight"": 0.5}, {""p_home_win"": 0.395478057472308, ""weight"": 0.25}]",-7.363711305855443,,elo,"{'home_advantage': 2.45082181454899, 'scale': 0.09628930769068109, 'error_term': 12.379208520202075, 'win_prob_k': 5.2579691586248245}",0.0,-28.0
2025-11-26,Miami Heat,Milwaukee Bucks,106.0,103.0,False,False,2025-11-26|Milwaukee Bucks|Miami Heat,,,,2025-11-26|Milwaukee Bucks|Miami Heat,0.8937445057209911,"[{""p_home_win"": 0.7874890114419821, ""weight"": 0.25}, {""p_home_win"": 0.8937445057209911, ""weight"": 0.5}, {""p_home_win"": 1.0, ""weight"": 0.25}]",11.197231411841752,,elo,"{'home_advantage': 2.45082181454899, 'scale': 0.09628930769068109, 'error_term': 12.379208520202075, 'win_prob_k': 5.2579691586248245}",1.0,3.0
2025-11-26,Oklahoma City Thunder,Minnesota Timberwolves,113.0,105.0,False,False,2025-11-26|Minnesota Timberwolves|Oklahoma City Thunder,,,,2025-11-26|Minnesota Timberwolves|Oklahoma City Thunder,0.9217322642522525,"[{""p_home_win"": 0.843464528504505, ""weight"": 0.25}, {""p_home_win"": 0.9217322642522525, ""weight"": 0.5}, {""p_home_win"": 1.0, ""weight"": 0.25}]",12.966779414812336,,elo,"{'home_advantage': 2.45082181454899, 'scale': 0.09628930769068109, 'error_term': 12.379208520202075, 'win_prob_k': 5.2579691586248245}",1.0,8.0
2025-11-26,Toronto Raptors,Indiana Pacers,97.0,95.0,False,False,2025-11-26|Indiana Pacers|Toronto Raptors,,,,2025-11-26|Indiana Pacers|Toronto Raptors,0.9742003886274729,"[{""p_home_win"": 0.9484007772549459, ""weight"": 0.25}, {""p_home_win"": 0.9742003886274729, ""weight"": 0.5}, {""p_home_win"": 1.0, ""weight"": 0.25}]",19.09304042343521,,elo,"{'home_advantage': 2.45082181454899, 'scale': 0.09628930769068109, 'error_term': 12.379208520202075, 'win_prob_k': 5.2579691586248245}",1.0,2.0
2025-11-26,New Orleans Pelicans,Memphis Grizzlies,128.0,133.0,False,False,2025-11-26|Memphis Grizzlies|New Orleans Pelicans,,,,2025-11-26|Memphis Grizzlies|New Orleans Pelicans,0.4256251197469205,"[{""p_home_win"": 0.0, ""weight"": 0.25}, {""p_home_win"": 0.4256251197469205, ""weight"": 0.5}, {""p_home_win"": 0.851250239493841, ""weight"": 0.25}]",-1.575936006228313,,elo,"{'home_advantage': 2.45082181454899, 'scale': 0.09628930769068109, 'error_term': 12.379208520202075, 'win_prob_k': 5.2579691586248245}",0.0,-5.0
2025-11-26,Golden State Warriors,Houston Rockets,100.0,104.0,False,False,2025-11-26|Houston Rockets|Golden State Warriors,,,,2025-11-26|Houston Rockets|Golden State Warriors,0.3870516662588349,"[{""p_home_win"": 0.0, ""weight"": 0.25}, {""p_home_win"": 0.3870516662588349, ""weight"": 0.5}, {""p_home_win"": 0.7741033325176698, ""weight"": 0.25}]",-2.417206513306286,,elo,"{'home_advantage': 2.45082181454899, 'scale': 0.09628930769068109, 'error_term': 12.379208520202075, 'win_prob_k': 5.2579691586248245}",0.0,-4.0
2025-11-26,Portland Trail Blazers,San Antonio Spurs,102.0,115.0,False,False,2025-11-26|San Antonio Spurs|Portland Trail Blazers,,,,2025-11-26|San Antonio Spurs|Portland Trail Blazers,0.43764889394780987,"[{""p_home_win"": 0.0, ""weight"": 0.25}, {""p_home_win"": 0.43764889394780987, ""weight"": 0.5}, {""p_home_win"": 0.8752977878956197, ""weight"": 0.25}]",-1.3182224074177862,,elo,"{'home_advantage': 2.45082181454899, 'scale': 0.09628930769068109, 'error_term': 12.379208520202075, 'win_prob_k': 5.2579691586248245}",0.0,-13.0
2025-11-26,Sacramento Kings,Phoenix Suns,100.0,112.0,False,False,2025-11-26|Phoenix Suns|Sacramento Kings,,,,2025-11-26|Phoenix Suns|Sacramento Kings,0.28468256692105615,"[{""p_home_win"": 0.0, ""weight"": 0.25}, {""p_home_win"": 0.28468256692105615, ""weight"": 0.5}, {""p_home_win"": 0.5693651338421123, ""weight"": 0.25}]",-4.844438545566975,,elo,"{'home_advantage': 2.45082181454899, 'scale': 0.09628930769068109, 'error_term': 12.379208520202075, 'win_prob_k': 5.2579691586248245}",0.0,-12.0
2025-11-28,Atlanta Hawks,Cleveland Cavaliers,130.0,123.0,False,False,2025-11-28|Cleveland Cavaliers|Atlanta Hawks,,,,2025-11-28|Cleveland Cavaliers|Atlanta Hawks,0.6034853696635348,"[{""p_home_win"": 0.20697073932706966, ""weight"": 0.25}, {""p_home_win"": 0.6034853696635348, ""weight"": 0.5}, {""p_home_win"": 1.0, ""weight"": 0.25}]",2.204488903421845,,elo,"{'home_advantage': 2.153171853750578, 'scale': 0.09273274710616675, 'error_term': 12.256445045185002, 'win_prob_k': 5.248672398073502}",1.0,7.0
2025-11-28,Brooklyn Nets,Philadelphia 76ers,103.0,115.0,False,False,2025-11-28|Philadelphia 76ers|Brooklyn Nets,,,,2025-11-28|Philadelphia 76ers|Brooklyn Nets,0.2703639970187172,"[{""p_home_win"": 0.0, ""weight"": 0.25}, {""p_home_win"": 0.2703639970187172, ""weight"": 0.5}, {""p_home_win"": 0.5407279940374344, ""weight"": 0.25}]",-5.210759114518103,,elo,"{'home_advantage': 2.153171853750578, 'scale': 0.09273274710616675, 'error_term': 12.256445045185002, 'win_prob_k': 5.248672398073502}",0.0,-12.0
2025-11-28,Charlotte Hornets,Chicago Bulls,123.0,116.0,False,False,2025-11-28|Chicago Bulls|Charlotte Hornets,,,,2025-11-28|Chicago Bulls|Charlotte Hornets,0.23484209346886462,"[{""p_home_win"": 0.0, ""weight"": 0.25}, {""p_home_win"": 0.23484209346886462, ""weight"": 0.5}, {""p_home_win"": 0.46968418693772923, ""weight"": 0.25}]",-6.199568501533236,,elo,"{'home_advantage': 2.153171853750578, 'scale': 0.09273274710616675, 'error_term': 12.256445045185002, 'win_prob_k': 5.248672398073502}",1.0,7.0
2025-11-28,Detroit Pistons,Orlando Magic,109.0,112.0,False,False,2025-11-28|Orlando Magic|Detroit Pistons,,,,2025-11-28|Orlando Magic|Detroit Pistons,0.8263434938579345,"[{""p_home_win"": 0.652686987715869, ""weight"": 0.25}, {""p_home_win"": 0.8263434938579345, ""weight"": 0.5}, {""p_home_win"": 1.0, ""weight"": 0.25}]",8.187568324306383,,elo,"{'home_advantage': 2.153171853750578, 'scale': 0.09273274710616675, 'error_term': 12.256445045185002, 'win_prob_k': 5.248672398073502}",0.0,-3.0
2025-11-28,Indiana Pacers,Washington Wizards,119.0,86.0,False,False,2025-11-28|Washington Wizards|Indiana Pacers,,,,2025-11-28|Washington Wizards|Indiana Pacers,0.5727758352792841,"[{""p_home_win"": 0.1455516705585682, ""weight"": 0.25}, {""p_home_win"": 0.5727758352792841, ""weight"": 0.5}, {""p_home_win"": 1.0, ""weight"": 0.25}]",1.5388350420511787,,elo,"{'home_advantage': 2.153171853750578, 'scale': 0.09273274710616675, 'error_term': 12.256445045185002, 'win_prob_k': 5.248672398073502}",1.0,33.0
2025-11-28,New York Knicks,Milwaukee Bucks,118.0,109.0,False,False,2025-11-28|Milwaukee Bucks|New York Knicks,,,,2025-11-28|Milwaukee Bucks|New York Knicks,0.8491665910162355,"[{""p_home_win"": 0.698333182032471, ""weight"": 0.25}, {""p_home_win"": 0.8491665910162355, ""weight"": 0.5}, {""p_home_win"": 1.0, ""weight"": 0.25}]",9.070122707870993,,elo,"{'home_advantage': 2.153171853750578, 'scale': 0.09273274710616675, 'error_term': 12.256445045185002, 'win_prob_k': 5.248672398073502}",1.0,9.0
2025-11-28,Denver Nuggets,San Antonio Spurs,136.0,139.0,False,False,2025-11-28|San Antonio Spurs|Denver Nuggets,,,,2025-11-28|San Antonio Spurs|Denver Nuggets,0.6987065960612443,"[{""p_home_win"": 0.3974131921224886, ""weight"": 0.25}, {""p_home_win"": 0.6987065960612443, ""weight"": 0.5}, {""p_home_win"": 1.0, ""weight"": 0.25}]",4.414901641005535,,elo,"{'home_advantage': 2.153171853750578, 'scale': 0.09273274710616675, 'error_term': 12.256445045185002, 'win_prob_k': 5.248672398073502}",0.0,-3.0
2025-11-28,Oklahoma City Thunder,Phoenix Suns,123.0,119.0,False,False,2025-11-28|Phoenix Suns|Oklahoma City Thunder,,,,2025-11-28|Phoenix Suns|Oklahoma City Thunder,0.8880579088521282,"[{""p_home_win"": 0.7761158177042564, ""weight"": 0.25}, {""p_home_win"": 0.8880579088521282, ""weight"": 0.5}, {""p_home_win"": 1.0, ""weight"": 0.25}]",10.870290574255835,,elo,"{'home_advantage': 2.153171853750578, 'scale': 0.09273274710616675, 'error_term': 12.256445045185002, 'win_prob_k': 5.248672398073502}",1.0,4.0
2025-11-28,Utah Jazz,Sacramento Kings,128.0,119.0,False,False,2025-11-28|Sacramento Kings|Utah Jazz,,,,2025-11-28|Sacramento Kings|Utah Jazz,0.6048518057163335,"[{""p_home_win"": 0.20970361143266691, ""weight"": 0.25}, {""p_home_win"": 0.6048518057163335, ""weight"": 0.5}, {""p_home_win"": 1.0, ""weight"": 0.25}]",2.234478506330781,,elo,"{'home_advantage': 2.153171853750578, 'scale': 0.09273274710616675, 'error_term': 12.256445045185002, 'win_prob_k': 5.248672398073502}",1.0,9.0
2025-11-28,Los Angeles Clippers,Memphis Grizzlies,107.0,112.0,False,False,2025-11-28|Memphis Grizzlies|Los Angeles Clippers,,,,2025-11-28|Memphis Grizzlies|Los Angeles Clippers,0.5225414762276327,"[{""p_home_win"": 0.04508295245526539, ""weight"": 0.25}, {""p_home_win"": 0.5225414762276327, ""weight"": 0.5}, {""p_home_win"": 1.0, ""weight"": 0.25}]",0.47357231134600464,,elo,"{'home_advantage': 2.153171853750578, 'scale': 0.09273274710616675, 'error_term': 12.256445045185002, 'win_prob_k': 5.248672398073502}",0.0,-5.0
2025-11-28,Los Angeles Lakers,Dallas Mavericks,129.0,119.0,False,False,2025-11-28|Dallas Mavericks|Los Angeles Lakers,,,,2025-11-28|Dallas Mavericks|Los Angeles Lakers,0.9710969267193443,"[{""p_home_win"": 0.9421938534386887, ""weight"": 0.25}, {""p_home_win"": 0.9710969267193443, ""weight"": 0.5}, {""p_home_win"": 1.0, ""weight"": 0.25}]",18.446345527631355,,elo,"{'home_advantage': 2.153171853750578, 'scale': 0.09273274710616675, 'error_term': 12.256445045185002, 'win_prob_k': 5.248672398073502}",1.0,10.0
2025-11-29,Minnesota Timberwolves,Boston Celtics,119.0,115.0,False,False,2025-11-29|Boston Celtics|Minnesota Timberwolves,,,,2025-11-29|Boston Celtics|Minnesota Timberwolves,0.5961462243746177,"[{""p_home_win"": 0.19229244874923546, ""weight"": 0.25}, {""p_home_win"": 0.5961462243746177, ""weight"": 0.5}, {""p_home_win"": 1.0, ""weight"": 0.25}]",2.057337331507899,,elo,"{'home_advantage': 2.171379159785724, 'scale': 0.09155619384603068, 'error_term': 12.173553483462697, 'win_prob_k': 5.282902979145955}",1.0,4.0
2025-11-29,Charlotte Hornets,Toronto Raptors,118.0,111.0,False,False,2025-11-29|Toronto Raptors|Charlotte Hornets,,,,2025-11-29|Toronto Raptors|Charlotte Hornets,0.09584247930034683,"[{""p_home_win"": 0.0, ""weight"": 0.25}, {""p_home_win"": 0.09584247930034683, ""weight"": 0.5}, {""p_home_win"": 0.19168495860069365, ""weight"": 0.25}]",-11.85640642737118,,elo,"{'home_advantage': 2.171379159785724, 'scale': 0.09155619384603068, 'error_term': 12.173553483462697, 'win_prob_k': 5.282902979145955}",1.0,7.0
2025-11-29,Indiana Pacers,Chicago Bulls,103.0,101.0,False,False,2025-11-29|Chicago Bulls|Indiana Pacers,,,,2025-11-29|Chicago Bulls|Indiana Pacers,0.24143236021721995,"[{""p_home_win"": 0.0, ""weight"": 0.25}, {""p_home_win"": 0.24143236021721995, ""weight"": 0.5}, {""p_home_win"": 0.4828647204344399, ""weight"": 0.25}]",-6.04809248037845,,elo,"{'home_advantage': 2.171379159785724, 'scale': 0.09155619384603068, 'error_term': 12.173553483462697, 'win_prob_k': 5.282902979145955}",1.0,2.0
2025-11-29,Miami Heat,Detroit Pistons,135.0,138.0,False,False,2025-11-29|Detroit Pistons|Miami Heat,,,,2025-11-29|Detroit Pistons|Miami Heat,0.5282048642740933,"[{""p_home_win"": 0.0564097285481866, ""weight"": 0.25}, {""p_home_win"": 0.5282048642740933, ""weight"": 0.5}, {""p_home_win"": 1.0, ""weight"": 0.25}]",0.5966476395996627,,elo,"{'home_advantage': 2.171379159785724, 'scale': 0.09155619384603068, 'error_term': 12.173553483462697, 'win_prob_k': 5.282902979145955}",0.0,-3.0
2025-11-29,Milwaukee Bucks,Brooklyn Nets,116.0,99.0,False,False,2025-11-29|Brooklyn Nets|Milwaukee Bucks,,,,2025-11-29|Brooklyn Nets|Milwaukee Bucks,0.7799659329416772,"[{""p_home_win"": 0.5599318658833543, ""weight"": 0.25}, {""p_home_win"": 0.7799659329416772, ""weight"": 0.5}, {""p_home_win"": 1.0, ""weight"": 0.25}]",6.6853439190735955,,elo,"{'home_advantage': 2.171379159785724, 'scale': 0.09155619384603068, 'error_term': 12.173553483462697, 'win_prob_k': 5.282902979145955}",1.0,17.0
2025-11-29,Golden State Warriors,New Orleans Pelicans,104.0,96.0,False,False,2025-11-29|New Orleans Pelicans|Golden State Warriors,,,,2025-11-29|New Orleans Pelicans|Golden State Warriors,0.9102146556422476,"[{""p_home_win"": 0.8204293112844951, ""weight"": 0.25}, {""p_home_win"": 0.9102146556422476, ""weight"": 0.5}, {""p_home_win"": 1.0, ""weight"": 0.25}]",12.236569977032257,,elo,"{'home_advantage': 2.171379159785724, 'scale': 0.09155619384603068, 'error_term': 12.173553483462697, 'win_prob_k': 5.282902979145955}",1.0,8.0
2025-11-29,Phoenix Suns,Denver Nuggets,112.0,130.0,False,False,2025-11-29|Denver Nuggets|Phoenix Suns,,,,2025-11-29|Denver Nuggets|Phoenix Suns,0.49233131648292877,"[{""p_home_win"": 0.0, ""weight"": 0.25}, {""p_home_win"": 0.49233131648292877, ""weight"": 0.5}, {""p_home_win"": 0.9846626329658575, ""weight"": 0.25}]",-0.1620643525177683,,elo,"{'home_advantage': 2.171379159785724, 'scale': 0.09155619384603068, 'error_term': 12.173553483462697, 'win_prob_k': 5.282902979145955}",0.0,-18.0
2025-11-29,Los Angeles Clippers,Dallas Mavericks,110.0,114.0,False,False,2025-11-29|Dallas Mavericks|Los Angeles Clippers,,,,2025-11-29|Dallas Mavericks|Los Angeles Clippers,0.6938983953396628,"[{""p_home_win"": 0.3877967906793256, ""weight"": 0.25}, {""p_home_win"": 0.6938983953396628, ""weight"": 0.5}, {""p_home_win"": 1.0, ""weight"": 0.25}]",4.3235724765227825,,elo,"{'home_advantage': 2.171379159785724, 'scale': 0.09155619384603068, 'error_term': 12.173553483462697, 'win_prob_k': 5.282902979145955}",0.0,-4.0
2025-11-30,Utah Jazz,Houston Rockets,101.0,129.0,False,False,2025-11-30|Houston Rockets|Utah Jazz,,,,2025-11-30|Houston Rockets|Utah Jazz,0.1476563869049186,"[{""p_home_win"": 0.0, ""weight"": 0.25}, {""p_home_win"": 0.1476563869049186, ""weight"": 0.5}, {""p_home_win"": 0.2953127738098372, ""weight"": 0.25}]",-9.541606790197507,,elo,"{'home_advantage': 2.1712717736086766, 'scale': 0.09133161973652461, 'error_term': 12.104638189225902, 'win_prob_k': 5.442699527569875}",0.0,-28.0
2025-11-30,Cleveland Cavaliers,Boston Celtics,115.0,117.0,False,False,2025-11-30|Boston Celtics|Cleveland Cavaliers,,,,2025-11-30|Boston Celtics|Cleveland Cavaliers,0.663830270810979,"[{""p_home_win"": 0.327660541621958, ""weight"": 0.25}, {""p_home_win"": 0.663830270810979, ""weight"": 0.5}, {""p_home_win"": 1.0, ""weight"": 0.25}]",3.7032689366710736,,elo,"{'home_advantage': 2.1712717736086766, 'scale': 0.09133161973652461, 'error_term': 12.104638189225902, 'win_prob_k': 5.442699527569875}",0.0,-2.0
2025-11-30,New York Knicks,Toronto Raptors,116.0,94.0,False,False,2025-11-30|Toronto Raptors|New York Knicks,,,,2025-11-30|Toronto Raptors|New York Knicks,0.4980684688711933,"[{""p_home_win"": 0.0, ""weight"": 0.25}, {""p_home_win"": 0.4980684688711933, ""weight"": 0.5}, {""p_home_win"": 0.9961369377423867, ""weight"": 0.25}]",-0.04205118342990932,,elo,"{'home_advantage': 2.1712717736086766, 'scale': 0.09133161973652461, 'error_term': 12.104638189225902, 'win_prob_k': 5.442699527569875}",1.0,22.0
2025-11-30,Philadelphia 76ers,Atlanta Hawks,134.0,142.0,False,False,2025-11-30|Atlanta Hawks|Philadelphia 76ers,,,,2025-11-30|Atlanta Hawks|Philadelphia 76ers,0.46520561469157623,"[{""p_home_win"": 0.0, ""weight"": 0.25}, {""p_home_win"": 0.46520561469157623, ""weight"": 0.5}, {""p_home_win"": 0.9304112293831525, ""weight"": 0.25}]",-0.7587278612757253,,elo,"{'home_advantage': 2.1712717736086766, 'scale': 0.09133161973652461, 'error_term': 12.104638189225902, 'win_prob_k': 5.442699527569875}",0.0,-8.0
2025-11-30,Portland Trail Blazers,Oklahoma City Thunder,115.0,123.0,False,False,2025-11-30|Oklahoma City Thunder|Portland Trail Blazers,,,,2025-11-30|Oklahoma City Thunder|Portland Trail Blazers,0.1042551525799577,"[{""p_home_win"": 0.0, ""weight"": 0.25}, {""p_home_win"": 0.1042551525799577, ""weight"": 0.5}, {""p_home_win"": 0.2085103051599154, ""weight"": 0.25}]",-11.706236079170866,,elo,"{'home_advantage': 2.1712717736086766, 'scale': 0.09133161973652461, 'error_term': 12.104638189225902, 'win_prob_k': 5.442699527569875}",0.0,-8.0
2025-11-30,Minnesota Timberwolves,San Antonio Spurs,125.0,112.0,False,False,2025-11-30|San Antonio Spurs|Minnesota Timberwolves,,,,2025-11-30|San Antonio Spurs|Minnesota Timberwolves,0.4313571495221221,"[{""p_home_win"": 0.0, ""weight"": 0.25}, {""p_home_win"": 0.4313571495221221, ""weight"": 0.5}, {""p_home_win"": 0.8627142990442442, ""weight"": 0.25}]",-1.503905820476461,,elo,"{'home_advantage': 2.1712717736086766, 'scale': 0.09133161973652461, 'error_term': 12.104638189225902, 'win_prob_k': 5.442699527569875}",1.0,13.0
2025-11-30,Sacramento Kings,Memphis Grizzlies,107.0,115.0,False,False,2025-11-30|Memphis Grizzlies|Sacramento Kings,,,,2025-11-30|Memphis Grizzlies|Sacramento Kings,0.4422252682432994,"[{""p_home_win"": 0.0, ""weight"": 0.25}, {""p_home_win"": 0.4422252682432994, ""weight"": 0.5}, {""p_home_win"": 0.8844505364865988, ""weight"": 0.25}]",-1.2634452208639426,,elo,"{'home_advantage': 2.1712717736086766, 'scale': 0.09133161973652461, 'error_term': 12.104638189225902, 'win_prob_k': 5.442699527569875}",0.0,-8.0
2025-11-30,Los Angeles Lakers,New Orleans Pelicans,133.0,121.0,False,False,2025-11-30|New Orleans Pelicans|Los Angeles Lakers,,,,2025-11-30|New Orleans Pelicans|Los Angeles Lakers,0.976488013339752,"[{""p_home_win"": 0.952976026679504, ""weight"": 0.25}, {""p_home_win"": 0.976488013339752, ""weight"": 0.5}, {""p_home_win"": 1.0, ""weight"": 0.25}]",20.281959156888302,,elo,"{'home_advantage': 2.1712717736086766, 'scale': 0.09133161973652461, 'error_term': 12.104638189225902, 'win_prob_k': 5.442699527569875}",1.0,12.0
2025-12-01,Detroit Pistons,Atlanta Hawks,99.0,98.0,False,False,2025-12-01|Atlanta Hawks|Detroit Pistons,,,,2025-12-01|Atlanta Hawks|Detroit Pistons,0.7420424867499129,"[{""p_home_win"": 0.4840849734998258, ""weight"": 0.25}, {""p_home_win"": 0.7420424867499129, ""weight"": 0.5}, {""p_home_win"": 1.0, ""weight"": 0.25}]",5.773013424836552,,elo,"{'home_advantage': 2.1882877236098937, 'scale': 0.08866409739953382, 'error_term': 12.074147652226339, 'win_prob_k': 5.463704340508874}",1.0,1.0
2025-12-01,Indiana Pacers,Cleveland Cavaliers,119.0,135.0,False,False,2025-12-01|Cleveland Cavaliers|Indiana Pacers,,,,2025-12-01|Cleveland Cavaliers|Indiana Pacers,0.23682636484716357,"[{""p_home_win"": 0.0, ""weight"": 0.25}, {""p_home_win"": 0.23682636484716357, ""weight"": 0.5}, {""p_home_win"": 0.47365272969432715, ""weight"": 0.25}]",-6.393399198898208,,elo,"{'home_advantage': 2.1882877236098937, 'scale': 0.08866409739953382, 'error_term': 12.074147652226339, 'win_prob_k': 5.463704340508874}",0.0,-16.0
2025-12-01,Washington Wizards,Milwaukee Bucks,129.0,126.0,False,False,2025-12-01|Milwaukee Bucks|Washington Wizards,,,,2025-12-01|Milwaukee Bucks|Washington Wizards,0.3407140779567931,"[{""p_home_win"": 0.0, ""weight"": 0.25}, {""p_home_win"": 0.3407140779567931, ""weight"": 0.5}, {""p_home_win"": 0.6814281559135862, ""weight"": 0.25}]",-3.606665915868361,,elo,"{'home_advantage': 2.1882877236098937, 'scale': 0.08866409739953382, 'error_term': 12.074147652226339, 'win_prob_k': 5.463704340508874}",1.0,3.0
2025-12-01,Brooklyn Nets,Charlotte Hornets,116.0,103.0,False,False,2025-12-01|Charlotte Hornets|Brooklyn Nets,,,,2025-12-01|Charlotte Hornets|Brooklyn Nets,0.4597694732881769,"[{""p_home_win"": 0.0, ""weight"": 0.25}, {""p_home_win"": 0.4597694732881769, ""weight"": 0.5}, {""p_home_win"": 0.9195389465763538, ""weight"": 0.25}]",-0.8811355926217219,,elo,"{'home_advantage': 2.1882877236098937, 'scale': 0.08866409739953382, 'error_term': 12.074147652226339, 'win_prob_k': 5.463704340508874}",1.0,13.0
2025-12-01,Miami Heat,Los Angeles Clippers,140.0,123.0,False,False,2025-12-01|Los Angeles Clippers|Miami Heat,,,,2025-12-01|Los Angeles Clippers|Miami Heat,0.9299101746367173,"[{""p_home_win"": 0.8598203492734346, ""weight"": 0.25}, {""p_home_win"": 0.9299101746367173, ""weight"": 0.5}, {""p_home_win"": 1.0, ""weight"": 0.25}]",14.125371414557783,,elo,"{'home_advantage': 2.1882877236098937, 'scale': 0.08866409739953382, 'error_term': 12.074147652226339, 'win_prob_k': 5.463704340508874}",1.0,17.0
2025-12-01,Orlando Magic,Chicago Bulls,125.0,120.0,False,False,2025-12-01|Chicago Bulls|Orlando Magic,,,,2025-12-01|Chicago Bulls|Orlando Magic,0.7937898812541592,"[{""p_home_win"": 0.5875797625083183, ""weight"": 0.25}, {""p_home_win"": 0.7937898812541592, ""weight"": 0.5}, {""p_home_win"": 1.0, ""weight"": 0.25}]",7.364653566329098,,elo,"{'home_advantage': 2.1882877236098937, 'scale': 0.08866409739953382, 'error_term': 12.074147652226339, 'win_prob_k': 5.463704340508874}",1.0,5.0
2025-12-01,Denver Nuggets,Dallas Mavericks,121.0,131.0,False,False,2025-12-01|Dallas Mavericks|Denver Nuggets,,,,2025-12-01|Dallas Mavericks|Denver Nuggets,0.9463854542961538,"[{""p_home_win"": 0.8927709085923077, ""weight"": 0.25}, {""p_home_win"": 0.9463854542961538, ""weight"": 0.5}, {""p_home_win"": 1.0, ""weight"": 0.25}]",15.685363800548245,,elo,"{'home_advantage': 2.1882877236098937, 'scale': 0.08866409739953382, 'error_term': 12.074147652226339, 'win_prob_k': 5.463704340508874}",0.0,-10.0
2025-12-01,Utah Jazz,Houston Rockets,133.0,125.0,False,False,2025-12-01|Houston Rockets|Utah Jazz,,,,2025-12-01|Houston Rockets|Utah Jazz,0.12143997755165621,"[{""p_home_win"": 0.0, ""weight"": 0.25}, {""p_home_win"": 0.12143997755165621, ""weight"": 0.5}, {""p_home_win"": 0.24287995510331242, ""weight"": 0.25}]",-10.811928374009085,,elo,"{'home_advantage': 2.1882877236098937, 'scale': 0.08866409739953382, 'error_term': 12.074147652226339, 'win_prob_k': 5.463704340508874}",1.0,8.0
2025-12-01,Los Angeles Lakers,Phoenix Suns,108.0,125.0,False,False,2025-12-01|Phoenix Suns|Los Angeles Lakers,,,,2025-12-01|Phoenix Suns|Los Angeles Lakers,0.8220233268702446,"[{""p_home_win"": 0.6440466537404892, ""weight"": 0.25}, {""p_home_win"": 0.8220233268702446, ""weight"": 0.5}, {""p_home_win"": 1.0, ""weight"": 0.25}]",8.360102965817454,,elo,"{'home_advantage': 2.1882877236098937, 'scale': 0.08866409739953382, 'error_term': 12.074147652226339, 'win_prob_k': 5.463704340508874}",0.0,-17.0
2025-12-02,Philadelphia 76ers,Washington Wizards,121.0,102.0,False,False,2025-12-02|Washington Wizards|Philadelphia 76ers,,,,2025-12-02|Washington Wizards|Philadelphia 76ers,0.8526646793335307,"[{""p_home_win"": 0.7053293586670615, ""weight"": 0.25}, {""p_home_win"": 0.8526646793335307, ""weight"": 0.5}, {""p_home_win"": 1.0, ""weight"": 0.25}]",9.922628179054891,,elo,"{'home_advantage': 2.03753761207507, 'scale': 0.08784214750338522, 'error_term': 12.171769569971627, 'win_prob_k': 5.651808921678031}",1.0,19.0
2025-12-02,Toronto Raptors,Portland Trail Blazers,121.0,118.0,False,False,2025-12-02|Portland Trail Blazers|Toronto Raptors,,,,2025-12-02|Portland Trail Blazers|Toronto Raptors,0.8349654710241318,"[{""p_home_win"": 0.6699309420482635, ""weight"": 0.25}, {""p_home_win"": 0.8349654710241318, ""weight"": 0.5}, {""p_home_win"": 1.0, ""weight"": 0.25}]",9.162914130034947,,elo,"{'home_advantage': 2.03753761207507, 'scale': 0.08784214750338522, 'error_term': 12.171769569971627, 'win_prob_k': 5.651808921678031}",1.0,3.0
2025-12-02,Boston Celtics,New York Knicks,123.0,117.0,False,False,2025-12-02|New York Knicks|Boston Celtics,,,,2025-12-02|New York Knicks|Boston Celtics,0.48039056279933057,"[{""p_home_win"": 0.0, ""weight"": 0.25}, {""p_home_win"": 0.48039056279933057, ""weight"": 0.5}, {""p_home_win"": 0.9607811255986611, ""weight"": 0.25}]",-0.4435426691287092,,elo,"{'home_advantage': 2.03753761207507, 'scale': 0.08784214750338522, 'error_term': 12.171769569971627, 'win_prob_k': 5.651808921678031}",1.0,6.0
2025-12-02,New Orleans Pelicans,Minnesota Timberwolves,142.0,149.0,False,False,2025-12-02|Minnesota Timberwolves|New Orleans Pelicans,,,,2025-12-02|Minnesota Timberwolves|New Orleans Pelicans,0.1346249515440189,"[{""p_home_win"": 0.0, ""weight"": 0.25}, {""p_home_win"": 0.1346249515440189, ""weight"": 0.5}, {""p_home_win"": 0.2692499030880378, ""weight"": 0.25}]",-10.516152546581955,,elo,"{'home_advantage': 2.03753761207507, 'scale': 0.08784214750338522, 'error_term': 12.171769569971627, 'win_prob_k': 5.651808921678031}",0.0,-7.0
2025-12-02,San Antonio Spurs,Memphis Grizzlies,126.0,119.0,False,False,2025-12-02|Memphis Grizzlies|San Antonio Spurs,,,,2025-12-02|Memphis Grizzlies|San Antonio Spurs,0.8090093662545709,"[{""p_home_win"": 0.6180187325091417, ""weight"": 0.25}, {""p_home_win"": 0.8090093662545709, ""weight"": 0.5}, {""p_home_win"": 1.0, ""weight"": 0.25}]",8.158872831404766,,elo,"{'home_advantage': 2.03753761207507, 'scale': 0.08784214750338522, 'error_term': 12.171769569971627, 'win_prob_k': 5.651808921678031}",1.0,7.0
2025-12-02,Golden State Warriors,Oklahoma City Thunder,112.0,124.0,False,False,2025-12-02|Oklahoma City Thunder|Golden State Warriors,,,,2025-12-02|Oklahoma City Thunder|Golden State Warriors,0.14551219447653135,"[{""p_home_win"": 0.0, ""weight"": 0.25}, {""p_home_win"": 0.14551219447653135, ""weight"": 0.5}, {""p_home_win"": 0.2910243889530627, ""weight"": 0.25}]",-10.005071437336587,,elo,"{'home_advantage': 2.03753761207507, 'scale': 0.08784214750338522, 'error_term': 12.171769569971627, 'win_prob_k': 5.651808921678031}",0.0,-12.0
2025-12-03,Cleveland Cavaliers,Portland Trail Blazers,110.0,122.0,False,False,2025-12-03|Portland Trail Blazers|Cleveland Cavaliers,,,,2025-12-03|Portland Trail Blazers|Cleveland Cavaliers,0.758034861834047,"[{""p_home_win"": 0.516069723668094, ""weight"": 0.25}, {""p_home_win"": 0.758034861834047, ""weight"": 0.5}, {""p_home_win"": 1.0, ""weight"": 0.25}]",6.303903884479374,,elo,"{'home_advantage': 2.0542125896446812, 'scale': 0.0850908244923891, 'error_term': 12.079524559125543, 'win_prob_k': 5.520366677402627}",0.0,-12.0
2025-12-03,Indiana Pacers,Denver Nuggets,120.0,135.0,False,False,2025-12-03|Denver Nuggets|Indiana Pacers,,,,2025-12-03|Denver Nuggets|Indiana Pacers,0.12525788132001328,"[{""p_home_win"": 0.0, ""weight"": 0.25}, {""p_home_win"": 0.12525788132001328, ""weight"": 0.5}, {""p_home_win"": 0.25051576264002656, ""weight"": 0.25}]",-10.729133269602764,,elo,"{'home_advantage': 2.0542125896446812, 'scale': 0.0850908244923891, 'error_term': 12.079524559125543, 'win_prob_k': 5.520366677402627}",0.0,-15.0
2025-12-03,Orlando Magic,San Antonio Spurs,112.0,114.0,False,False,2025-12-03|San Antonio Spurs|Orlando Magic,,,,2025-12-03|San Antonio Spurs|Orlando Magic,0.5565319579779738,"[{""p_home_win"": 0.11306391595594767, ""weight"": 0.25}, {""p_home_win"": 0.5565319579779738, ""weight"": 0.5}, {""p_home_win"": 1.0, ""weight"": 0.25}]",1.253668952850845,,elo,"{'home_advantage': 2.0542125896446812, 'scale': 0.0850908244923891, 'error_term': 12.079524559125543, 'win_prob_k': 5.520366677402627}",0.0,-2.0
2025-12-03,Atlanta Hawks,Los Angeles Clippers,92.0,115.0,False,False,2025-12-03|Los Angeles Clippers|Atlanta Hawks,,,,2025-12-03|Los Angeles Clippers|Atlanta Hawks,0.9196839013663076,"[{""p_home_win"": 0.8393678027326152, ""weight"": 0.25}, {""p_home_win"": 0.9196839013663076, ""weight"": 0.5}, {""p_home_win"": 1.0, ""weight"": 0.25}]",13.458984869920217,,elo,"{'home_advantage': 2.0542125896446812, 'scale': 0.0850908244923891, 'error_term': 12.079524559125543, 'win_prob_k': 5.520366677402627}",0.0,-23.0
2025-12-03,New York Knicks,Charlotte Hornets,119.0,104.0,False,False,2025-12-03|Charlotte Hornets|New York Knicks,,,,2025-12-03|Charlotte Hornets|New York Knicks,0.8936772668954674,"[{""p_home_win"": 0.7873545337909349, ""weight"": 0.25}, {""p_home_win"": 0.8936772668954674, ""weight"": 0.5}, {""p_home_win"": 1.0, ""weight"": 0.25}]",11.752118666597475,,elo,"{'home_advantage': 2.0542125896446812, 'scale': 0.0850908244923891, 'error_term': 12.079524559125543, 'win_prob_k': 5.520366677402627}",1.0,15.0
2025-12-03,Chicago Bulls,Brooklyn Nets,103.0,113.0,False,False,2025-12-03|Brooklyn Nets|Chicago Bulls,,,,2025-12-03|Brooklyn Nets|Chicago Bulls,0.8105563203136682,"[{""p_home_win"": 0.6211126406273364, ""weight"": 0.25}, {""p_home_win"": 0.8105563203136682, ""weight"": 0.5}, {""p_home_win"": 1.0, ""weight"": 0.25}]",8.02456537771294,,elo,"{'home_advantage': 2.0542125896446812, 'scale': 0.0850908244923891, 'error_term': 12.079524559125543, 'win_prob_k': 5.520366677402627}",0.0,-10.0
2025-12-03,Houston Rockets,Sacramento Kings,121.0,95.0,False,False,2025-12-03|Sacramento Kings|Houston Rockets,,,,2025-12-03|Sacramento Kings|Houston Rockets,0.938892817990417,"[{""p_home_win"": 0.877785635980834, ""weight"": 0.25}, {""p_home_win"": 0.938892817990417, ""weight"": 0.5}, {""p_home_win"": 1.0, ""weight"": 0.25}]",15.08203880627877,,elo,"{'home_advantage': 2.0542125896446812, 'scale': 0.0850908244923891, 'error_term': 12.079524559125543, 'win_prob_k': 5.520366677402627}",1.0,26.0
2025-12-03,Milwaukee Bucks,Detroit Pistons,113.0,109.0,False,False,2025-12-03|Detroit Pistons|Milwaukee Bucks,,,,2025-12-03|Detroit Pistons|Milwaukee Bucks,0.13444478624236153,"[{""p_home_win"": 0.0, ""weight"": 0.25}, {""p_home_win"": 0.13444478624236153, ""weight"": 0.5}, {""p_home_win"": 0.26888957248472306, ""weight"": 0.25}]",-10.28012378135665,,elo,"{'home_advantage': 2.0542125896446812, 'scale': 0.0850908244923891, 'error_term': 12.079524559125543, 'win_prob_k': 5.520366677402627}",1.0,4.0
2025-12-03,Dallas Mavericks,Miami Heat,118.0,108.0,False,False,2025-12-03|Miami Heat|Dallas Mavericks,,,,2025-12-03|Miami Heat|Dallas Mavericks,0.1876115203608604,"[{""p_home_win"": 0.0, ""weight"": 0.25}, {""p_home_win"": 0.1876115203608604, ""weight"": 0.5}, {""p_home_win"": 0.3752230407217208, ""weight"": 0.25}]",-8.090678136434336,,elo,"{'home_advantage': 2.0542125896446812, 'scale': 0.0850908244923891, 'error_term': 12.079524559125543, 'win_prob_k': 5.520366677402627}",1.0,10.0
2025-12-04,Philadelphia 76ers,Golden State Warriors,99.0,98.0,False,False,2025-12-04|Golden State Warriors|Philadelphia 76ers,,,,2025-12-04|Golden State Warriors|Philadelphia 76ers,0.5865613262460547,"[{""p_home_win"": 0.17312265249210945, ""weight"": 0.25}, {""p_home_win"": 0.5865613262460547, ""weight"": 0.5}, {""p_home_win"": 1.0, ""weight"": 0.25}]",2.020148183720822,,elo,"{'home_advantage': 1.9462974583830077, 'scale': 0.08556451073447394, 'error_term': 12.175843705944283, 'win_prob_k': 5.775679869654612}",1.0,1.0
2025-12-04,Washington Wizards,Boston Celtics,101.0,146.0,False,False,2025-12-04|Boston Celtics|Washington Wizards,,,,2025-12-04|Boston Celtics|Washington Wizards,0.17309645350381087,"[{""p_home_win"": 0.0, ""weight"": 0.25}, {""p_home_win"": 0.17309645350381087, ""weight"": 0.5}, {""p_home_win"": 0.34619290700762173, ""weight"": 0.25}]",-9.032233915610828,,elo,"{'home_advantage': 1.9462974583830077, 'scale': 0.08556451073447394, 'error_term': 12.175843705944283, 'win_prob_k': 5.775679869654612}",0.0,-45.0
2025-12-04,Brooklyn Nets,Utah Jazz,110.0,123.0,False,False,2025-12-04|Utah Jazz|Brooklyn Nets,,,,2025-12-04|Utah Jazz|Brooklyn Nets,0.4816155189919384,"[{""p_home_win"": 0.0, ""weight"": 0.25}, {""p_home_win"": 0.4816155189919384, ""weight"": 0.5}, {""p_home_win"": 0.9632310379838768, ""weight"": 0.25}]",-0.4249230690867323,,elo,"{'home_advantage': 1.9462974583830077, 'scale': 0.08556451073447394, 'error_term': 12.175843705944283, 'win_prob_k': 5.775679869654612}",0.0,-13.0
2025-12-04,Toronto Raptors,Los Angeles Lakers,120.0,123.0,False,False,2025-12-04|Los Angeles Lakers|Toronto Raptors,,,,2025-12-04|Los Angeles Lakers|Toronto Raptors,0.5351677513572369,"[{""p_home_win"": 0.07033550271447386, ""weight"": 0.25}, {""p_home_win"": 0.5351677513572369, ""weight"": 0.5}, {""p_home_win"": 1.0, ""weight"": 0.25}]",0.8138144718659037,,elo,"{'home_advantage': 1.9462974583830077, 'scale': 0.08556451073447394, 'error_term': 12.175843705944283, 'win_prob_k': 5.775679869654612}",0.0,-3.0
2025-12-04,New Orleans Pelicans,Minnesota Timberwolves,116.0,125.0,False,False,2025-12-04|Minnesota Timberwolves|New Orleans Pelicans,,,,2025-12-04|Minnesota Timberwolves|New Orleans Pelicans,0.11505790718930274,"[{""p_home_win"": 0.0, ""weight"": 0.25}, {""p_home_win"": 0.11505790718930274, ""weight"": 0.5}, {""p_home_win"": 0.23011581437860548, ""weight"": 0.25}]",-11.782887504236735,,elo,"{'home_advantage': 1.9462974583830077, 'scale': 0.08556451073447394, 'error_term': 12.175843705944283, 'win_prob_k': 5.775679869654612}",0.0,-9.0
2025-12-05,Boston Celtics,Los Angeles Lakers,126.0,105.0,False,False,2025-12-05|Los Angeles Lakers|Boston Celtics,,,,2025-12-05|Los Angeles Lakers|Boston Celtics,0.39261332129134624,"[{""p_home_win"": 0.0, ""weight"": 0.25}, {""p_home_win"": 0.39261332129134624, ""weight"": 0.5}, {""p_home_win"": 0.7852266425826925, ""weight"": 0.25}]",-2.5185452048566193,,elo,"{'home_advantage': 1.7697806404851493, 'scale': 0.08488923377662089, 'error_term': 12.258027446009269, 'win_prob_k': 5.771973339719722}",1.0,21.0
2025-12-05,Orlando Magic,Miami Heat,106.0,105.0,False,False,2025-12-05|Miami Heat|Orlando Magic,,,,2025-12-05|Miami Heat|Orlando Magic,0.5504965466358401,"[{""p_home_win"": 0.10099309327168027, ""weight"": 0.25}, {""p_home_win"": 0.5504965466358401, ""weight"": 0.5}, {""p_home_win"": 1.0, ""weight"": 0.25}]",1.1698470858275547,,elo,"{'home_advantage': 1.7697806404851493, 'scale': 0.08488923377662089, 'error_term': 12.258027446009269, 'win_prob_k': 5.771973339719722}",1.0,1.0
2025-12-05,Atlanta Hawks,Denver Nuggets,133.0,134.0,False,False,2025-12-05|Denver Nuggets|Atlanta Hawks,,,,2025-12-05|Denver Nuggets|Atlanta Hawks,0.45229924640735125,"[{""p_home_win"": 0.0, ""weight"": 0.25}, {""p_home_win"": 0.45229924640735125, ""weight"": 0.5}, {""p_home_win"": 0.9045984928147025, ""weight"": 0.25}]",-1.1046694487208915,,elo,"{'home_advantage': 1.7697806404851493, 'scale': 0.08488923377662089, 'error_term': 12.258027446009269, 'win_prob_k': 5.771973339719722}",0.0,-1.0
2025-12-05,Cleveland Cavaliers,San Antonio Spurs,130.0,117.0,False,False,2025-12-05|San Antonio Spurs|Cleveland Cavaliers,,,,2025-12-05|San Antonio Spurs|Cleveland Cavaliers,0.34772053900288596,"[{""p_home_win"": 0.0, ""weight"": 0.25}, {""p_home_win"": 0.34772053900288596, ""weight"": 0.5}, {""p_home_win"": 0.6954410780057719, ""weight"": 0.25}]",-3.630998258242821,,elo,"{'home_advantage': 1.7697806404851493, 'scale': 0.08488923377662089, 'error_term': 12.258027446009269, 'win_prob_k': 5.771973339719722}",1.0,13.0
2025-12-05,Detroit Pistons,Portland Trail Blazers,122.0,116.0,False,False,2025-12-05|Portland Trail Blazers|Detroit Pistons,,,,2025-12-05|Portland Trail Blazers|Detroit Pistons,0.8575085124353166,"[{""p_home_win"": 0.7150170248706331, ""weight"": 0.25}, {""p_home_win"": 0.8575085124353166, ""weight"": 0.5}, {""p_home_win"": 1.0, ""weight"": 0.25}]",10.359242481905582,,elo,"{'home_advantage': 1.7697806404851493, 'scale': 0.08488923377662089, 'error_term': 12.258027446009269, 'win_prob_k': 5.771973339719722}",1.0,6.0
2025-12-05,New York Knicks,Utah Jazz,146.0,112.0,False,False,2025-12-05|Utah Jazz|New York Knicks,,,,2025-12-05|Utah Jazz|New York Knicks,0.8205820598878892,"[{""p_home_win"": 0.6411641197757785, ""weight"": 0.25}, {""p_home_win"": 0.8205820598878892, ""weight"": 0.5}, {""p_home_win"": 1.0, ""weight"": 0.25}]",8.775107820774572,,elo,"{'home_advantage': 1.7697806404851493, 'scale': 0.08488923377662089, 'error_term': 12.258027446009269, 'win_prob_k': 5.771973339719722}",1.0,34.0
2025-12-05,Toronto Raptors,Charlotte Hornets,86.0,111.0,False,False,2025-12-05|Charlotte Hornets|Toronto Raptors,,,,2025-12-05|Charlotte Hornets|Toronto Raptors,0.8989307433187766,"[{""p_home_win"": 0.7978614866375533, ""weight"": 0.25}, {""p_home_win"": 0.8989307433187766, ""weight"": 0.5}, {""p_home_win"": 1.0, ""weight"": 0.25}]",12.614070550903456,,elo,"{'home_advantage': 1.7697806404851493, 'scale': 0.08488923377662089, 'error_term': 12.258027446009269, 'win_prob_k': 5.771973339719722}",0.0,-25.0
2025-12-05,Chicago Bulls,Indiana Pacers,105.0,120.0,False,False,2025-12-05|Indiana Pacers|Chicago Bulls,,,,2025-12-05|Indiana Pacers|Chicago Bulls,0.7887965177979368,"[{""p_home_win"": 0.5775930355958736, ""weight"": 0.25}, {""p_home_win"": 0.7887965177979368, ""weight"": 0.5}, {""p_home_win"": 1.0, ""weight"": 0.25}]",7.6056504784278465,,elo,"{'home_advantage': 1.7697806404851493, 'scale': 0.08488923377662089, 'error_term': 12.258027446009269, 'win_prob_k': 5.771973339719722}",0.0,-15.0
2025-12-05,Houston Rockets,Phoenix Suns,117.0,98.0,False,False,2025-12-05|Phoenix Suns|Houston Rockets,,,,2025-12-05|Phoenix Suns|Houston Rockets,0.7197675636870106,"[{""p_home_win"": 0.4395351273740211, ""weight"": 0.25}, {""p_home_win"": 0.7197675636870106, ""weight"": 0.5}, {""p_home_win"": 1.0, ""weight"": 0.25}]",5.444754071188532,,elo,"{'home_advantage': 1.7697806404851493, 'scale': 0.08488923377662089, 'error_term': 12.258027446009269, 'win_prob_k': 5.771973339719722}",1.0,19.0
2025-12-05,Memphis Grizzlies,Los Angeles Clippers,107.0,98.0,False,False,2025-12-05|Los Angeles Clippers|Memphis Grizzlies,,,,2025-12-05|Los Angeles Clippers|Memphis Grizzlies,0.741213138685397,"[{""p_home_win"": 0.4824262773707939, ""weight"": 0.25}, {""p_home_win"": 0.741213138685397, ""weight"": 0.5}, {""p_home_win"": 1.0, ""weight"": 0.25}]",6.07375188571685,,elo,"{'home_advantage': 1.7697806404851493, 'scale': 0.08488923377662089, 'error_term': 12.258027446009269, 'win_prob_k': 5.771973339719722}",1.0,9.0
2025-12-05,Milwaukee Bucks,Philadelphia 76ers,101.0,116.0,False,False,2025-12-05|Philadelphia 76ers|Milwaukee Bucks,,,,2025-12-05|Philadelphia 76ers|Milwaukee Bucks,0.4180810384899918,"[{""p_home_win"": 0.0, ""weight"": 0.25}, {""p_home_win"": 0.4180810384899918, ""weight"": 0.5}, {""p_home_win"": 0.8361620769799836, ""weight"": 0.25}]",-1.9085371024802953,,elo,"{'home_advantage': 1.7697806404851493, 'scale': 0.08488923377662089, 'error_term': 12.258027446009269, 'win_prob_k': 5.771973339719722}",0.0,-15.0
2025-12-05,Oklahoma City Thunder,Dallas Mavericks,132.0,111.0,False,False,2025-12-05|Dallas Mavericks|Oklahoma City Thunder,,,,2025-12-05|Dallas Mavericks|Oklahoma City Thunder,0.9671749350794636,"[{""p_home_win"": 0.9343498701589272, ""weight"": 0.25}, {""p_home_win"": 0.9671749350794636, ""weight"": 0.5}, {""p_home_win"": 1.0, ""weight"": 0.25}]",19.52766508688531,,elo,"{'home_advantage': 1.7697806404851493, 'scale': 0.08488923377662089, 'error_term': 12.258027446009269, 'win_prob_k': 5.771973339719722}",1.0,21.0
2025-12-06,Brooklyn Nets,New Orleans Pelicans,119.0,101.0,False,False,2025-12-06|New Orleans Pelicans|Brooklyn Nets,,,,2025-12-06|New Orleans Pelicans|Brooklyn Nets,0.7116996919021772,"[{""p_home_win"": 0.4233993838043544, ""weight"": 0.25}, {""p_home_win"": 0.7116996919021772, ""weight"": 0.5}, {""p_home_win"": 1.0, ""weight"": 0.25}]",5.322652763991,,elo,"{'home_advantage': 1.7497373317612808, 'scale': 0.08477380282556729, 'error_term': 12.394699069629592, 'win_prob_k': 5.890148758325935}",1.0,18.0
2025-12-06,Washington Wizards,Atlanta Hawks,116.0,131.0,False,False,2025-12-06|Atlanta Hawks|Washington Wizards,,,,2025-12-06|Atlanta Hawks|Washington Wizards,0.1799994198127522,"[{""p_home_win"": 0.0, ""weight"": 0.25}, {""p_home_win"": 0.1799994198127522, ""weight"": 0.5}, {""p_home_win"": 0.3599988396255044, ""weight"": 0.25}]",-8.93153543476456,,elo,"{'home_advantage': 1.7497373317612808, 'scale': 0.08477380282556729, 'error_term': 12.394699069629592, 'win_prob_k': 5.890148758325935}",0.0,-15.0
2025-12-06,Cleveland Cavaliers,Golden State Warriors,94.0,99.0,False,False,2025-12-06|Golden State Warriors|Cleveland Cavaliers,,,,2025-12-06|Golden State Warriors|Cleveland Cavaliers,0.6548203552047237,"[{""p_home_win"": 0.3096407104094474, ""weight"": 0.25}, {""p_home_win"": 0.6548203552047237, ""weight"": 0.5}, {""p_home_win"": 1.0, ""weight"": 0.25}]",3.7714383365028086,,elo,"{'home_advantage': 1.7497373317612808, 'scale': 0.08477380282556729, 'error_term': 12.394699069629592, 'win_prob_k': 5.890148758325935}",0.0,-5.0
2025-12-06,Detroit Pistons,Milwaukee Bucks,124.0,112.0,False,False,2025-12-06|Milwaukee Bucks|Detroit Pistons,,,,2025-12-06|Milwaukee Bucks|Detroit Pistons,0.9084144133657011,"[{""p_home_win"": 0.8168288267314021, ""weight"": 0.25}, {""p_home_win"": 0.9084144133657011, ""weight"": 0.5}, {""p_home_win"": 1.0, ""weight"": 0.25}]",13.514514982854058,,elo,"{'home_advantage': 1.7497373317612808, 'scale': 0.08477380282556729, 'error_term': 12.394699069629592, 'win_prob_k': 5.890148758325935}",1.0,12.0
2025-12-06,Miami Heat,Sacramento Kings,111.0,127.0,False,False,2025-12-06|Sacramento Kings|Miami Heat,,,,2025-12-06|Sacramento Kings|Miami Heat,0.8800332955269274,"[{""p_home_win"": 0.7600665910538549, ""weight"": 0.25}, {""p_home_win"": 0.8800332955269274, ""weight"": 0.5}, {""p_home_win"": 1.0, ""weight"": 0.25}]",11.737567438520834,,elo,"{'home_advantage': 1.7497373317612808, 'scale': 0.08477380282556729, 'error_term': 12.394699069629592, 'win_prob_k': 5.890148758325935}",0.0,-16.0
2025-12-06,Minnesota Timberwolves,Los Angeles Clippers,109.0,106.0,False,False,2025-12-06|Los Angeles Clippers|Minnesota Timberwolves,,,,2025-12-06|Los Angeles Clippers|Minnesota Timberwolves,0.8907704839893621,"[{""p_home_win"": 0.7815409679787242, ""weight"": 0.25}, {""p_home_win"": 0.8907704839893621, ""weight"": 0.5}, {""p_home_win"": 1.0, ""weight"": 0.25}]",12.36127517044144,,elo,"{'home_advantage': 1.7497373317612808, 'scale': 0.08477380282556729, 'error_term': 12.394699069629592, 'win_prob_k': 5.890148758325935}",1.0,3.0
2025-12-06,Dallas Mavericks,Houston Rockets,122.0,109.0,False,False,2025-12-06|Houston Rockets|Dallas Mavericks,,,,2025-12-06|Houston Rockets|Dallas Mavericks,0.14745642827407043,"[{""p_home_win"": 0.0, ""weight"": 0.25}, {""p_home_win"": 0.14745642827407043, ""weight"": 0.5}, {""p_home_win"": 0.29491285654814087, ""weight"": 0.25}]",-10.335394476960216,,elo,"{'home_advantage': 1.7497373317612808, 'scale': 0.08477380282556729, 'error_term': 12.394699069629592, 'win_prob_k': 5.890148758325935}",1.0,13.0
2025-12-07,New York Knicks,Orlando Magic,106.0,100.0,False,False,2025-12-07|Orlando Magic|New York Knicks,,,,2025-12-07|Orlando Magic|New York Knicks,0.5977511663176971,"[{""p_home_win"": 0.19550233263539418, ""weight"": 0.25}, {""p_home_win"": 0.5977511663176971, ""weight"": 0.5}, {""p_home_win"": 1.0, ""weight"": 0.25}]",2.324809086835355,,elo,"{'home_advantage': 1.731975108316878, 'scale': 0.0828017198445644, 'error_term': 12.503405892743345, 'win_prob_k': 5.8691934871184035}",1.0,6.0
2025-12-07,Toronto Raptors,Boston Celtics,113.0,121.0,False,False,2025-12-07|Boston Celtics|Toronto Raptors,,,,2025-12-07|Boston Celtics|Toronto Raptors,0.5315813624395314,"[{""p_home_win"": 0.06316272487906271, ""weight"": 0.25}, {""p_home_win"": 0.5315813624395314, ""weight"": 0.5}, {""p_home_win"": 1.0, ""weight"": 0.25}]",0.7424168576023779,,elo,"{'home_advantage': 1.731975108316878, 'scale': 0.0828017198445644, 'error_term': 12.503405892743345, 'win_prob_k': 5.8691934871184035}",0.0,-8.0
2025-12-07,Charlotte Hornets,Denver Nuggets,106.0,115.0,False,False,2025-12-07|Denver Nuggets|Charlotte Hornets,,,,2025-12-07|Denver Nuggets|Charlotte Hornets,0.16365976206319316,"[{""p_home_win"": 0.0, ""weight"": 0.25}, {""p_home_win"": 0.16365976206319316, ""weight"": 0.5}, {""p_home_win"": 0.3273195241263863, ""weight"": 0.25}]",-9.574097590416352,,elo,"{'home_advantage': 1.731975108316878, 'scale': 0.0828017198445644, 'error_term': 12.503405892743345, 'win_prob_k': 5.8691934871184035}",0.0,-9.0
2025-12-07,Memphis Grizzlies,Portland Trail Blazers,119.0,96.0,False,False,2025-12-07|Portland Trail Blazers|Memphis Grizzlies,,,,2025-12-07|Portland Trail Blazers|Memphis Grizzlies,0.5833948444994901,"[{""p_home_win"": 0.16678968899898017, ""weight"": 0.25}, {""p_home_win"": 0.5833948444994901, ""weight"": 0.5}, {""p_home_win"": 1.0, ""weight"": 0.25}]",1.9763060343858716,,elo,"{'home_advantage': 1.731975108316878, 'scale': 0.0828017198445644, 'error_term': 12.503405892743345, 'win_prob_k': 5.8691934871184035}",1.0,23.0
2025-12-07,Chicago Bulls,Golden State Warriors,91.0,123.0,False,False,2025-12-07|Golden State Warriors|Chicago Bulls,,,,2025-12-07|Golden State Warriors|Chicago Bulls,0.37951989235728883,"[{""p_home_win"": 0.0, ""weight"": 0.25}, {""p_home_win"": 0.37951989235728883, ""weight"": 0.5}, {""p_home_win"": 0.7590397847145777, ""weight"": 0.25}]",-2.8852164766445303,,elo,"{'home_advantage': 1.731975108316878, 'scale': 0.0828017198445644, 'error_term': 12.503405892743345, 'win_prob_k': 5.8691934871184035}",0.0,-32.0
2025-12-07,Philadelphia 76ers,Los Angeles Lakers,108.0,112.0,False,False,2025-12-07|Los Angeles Lakers|Philadelphia 76ers,,,,2025-12-07|Los Angeles Lakers|Philadelphia 76ers,0.36286090358437567,"[{""p_home_win"": 0.0, ""weight"": 0.25}, {""p_home_win"": 0.36286090358437567, ""weight"": 0.5}, {""p_home_win"": 0.7257218071687513, ""weight"": 0.25}]",-3.3041705743874954,,elo,"{'home_advantage': 1.731975108316878, 'scale': 0.0828017198445644, 'error_term': 12.503405892743345, 'win_prob_k': 5.8691934871184035}",0.0,-4.0
2025-12-07,Utah Jazz,Oklahoma City Thunder,101.0,131.0,False,False,2025-12-07|Oklahoma City Thunder|Utah Jazz,,,,2025-12-07|Oklahoma City Thunder|Utah Jazz,0.07464043085439369,"[{""p_home_win"": 0.0, ""weight"": 0.25}, {""p_home_win"": 0.07464043085439369, ""weight"": 0.5}, {""p_home_win"": 0.14928086170878738, ""weight"": 0.25}]",-14.775694934986056,,elo,"{'home_advantage': 1.731975108316878, 'scale': 0.0828017198445644, 'error_term': 12.503405892743345, 'win_prob_k': 5.8691934871184035}",0.0,-30.0
2025-12-08,Indiana Pacers,Sacramento Kings,116.0,105.0,False,False,2025-12-08|Sacramento Kings|Indiana Pacers,,,,2025-12-08|Sacramento Kings|Indiana Pacers,0.4901550268940646,"[{""p_home_win"": 0.0, ""weight"": 0.25}, {""p_home_win"": 0.4901550268940646, ""weight"": 0.5}, {""p_home_win"": 0.9803100537881292, ""weight"": 0.25}]",-0.23188766342271405,,elo,"{'home_advantage': 1.683189575993032, 'scale': 0.081495837074843, 'error_term': 12.548677481777048, 'win_prob_k': 5.887717789539314}",1.0,11.0
2025-12-08,Minnesota Timberwolves,Phoenix Suns,105.0,108.0,False,False,2025-12-08|Phoenix Suns|Minnesota Timberwolves,,,,2025-12-08|Phoenix Suns|Minnesota Timberwolves,0.6404241664695479,"[{""p_home_win"": 0.28084833293909583, ""weight"": 0.25}, {""p_home_win"": 0.6404241664695479, ""weight"": 0.5}, {""p_home_win"": 1.0, ""weight"": 0.25}]",3.3984237991427495,,elo,"{'home_advantage': 1.683189575993032, 'scale': 0.081495837074843, 'error_term': 12.548677481777048, 'win_prob_k': 5.887717789539314}",0.0,-3.0
2025-12-08,New Orleans Pelicans,San Antonio Spurs,132.0,135.0,False,False,2025-12-08|San Antonio Spurs|New Orleans Pelicans,,,,2025-12-08|San Antonio Spurs|New Orleans Pelicans,0.07829445037220774,"[{""p_home_win"": 0.0, ""weight"": 0.25}, {""p_home_win"": 0.07829445037220774, ""weight"": 0.5}, {""p_home_win"": 0.15658890074441548, ""weight"": 0.25}]",-14.517634770236134,,elo,"{'home_advantage': 1.683189575993032, 'scale': 0.081495837074843, 'error_term': 12.548677481777048, 'win_prob_k': 5.887717789539314}",0.0,-3.0
2025-12-09,Orlando Magic,Miami Heat,117.0,108.0,False,False,2025-12-09|Miami Heat|Orlando Magic,,,,2025-12-09|Miami Heat|Orlando Magic,0.626408845165158,"[{""p_home_win"": 0.2528176903303161, ""weight"": 0.25}, {""p_home_win"": 0.626408845165158, ""weight"": 0.5}, {""p_home_win"": 1.0, ""weight"": 0.25}]",3.020150874892952,,elo,"{'home_advantage': 1.7212080666916514, 'scale': 0.07990264858661053, 'error_term': 12.542469195305207, 'win_prob_k': 5.843478949667526}",1.0,9.0
2025-12-09,Toronto Raptors,New York Knicks,101.0,117.0,False,False,2025-12-09|New York Knicks|Toronto Raptors,,,,2025-12-09|New York Knicks|Toronto Raptors,0.4517941368194526,"[{""p_home_win"": 0.0, ""weight"": 0.25}, {""p_home_win"": 0.4517941368194526, ""weight"": 0.5}, {""p_home_win"": 0.9035882736389051, ""weight"": 0.25}]",-1.1302705482687034,,elo,"{'home_advantage': 1.7212080666916514, 'scale': 0.07990264858661053, 'error_term': 12.542469195305207, 'win_prob_k': 5.843478949667526}",0.0,-16.0
2025-12-10,Oklahoma City Thunder,Phoenix Suns,138.0,89.0,False,False,2025-12-10|Phoenix Suns|Oklahoma City Thunder,,,,2025-12-10|Phoenix Suns|Oklahoma City Thunder,0.8754573616840338,"[{""p_home_win"": 0.7509147233680675, ""weight"": 0.25}, {""p_home_win"": 0.8754573616840338, ""weight"": 0.5}, {""p_home_win"": 1.0, ""weight"": 0.25}]",11.418084811487264,,elo,"{'home_advantage': 1.6881940935229094, 'scale': 0.0799161483761256, 'error_term': 12.52343286722468, 'win_prob_k': 5.85513290418724}",1.0,49.0
2025-12-10,Los Angeles Lakers,San Antonio Spurs,119.0,132.0,False,False,2025-12-10|San Antonio Spurs|Los Angeles Lakers,,,,2025-12-10|San Antonio Spurs|Los Angeles Lakers,0.6430108719164767,"[{""p_home_win"": 0.2860217438329533, ""weight"": 0.25}, {""p_home_win"": 0.6430108719164767, ""weight"": 0.5}, {""p_home_win"": 1.0, ""weight"": 0.25}]",3.445489870797381,,elo,"{'home_advantage': 1.6881940935229094, 'scale': 0.0799161483761256, 'error_term': 12.52343286722468, 'win_prob_k': 5.85513290418724}",0.0,-13.0
2025-12-11,Houston Rockets,Los Angeles Clippers,115.0,113.0,False,False,2025-12-11|Los Angeles Clippers|Houston Rockets,,,,2025-12-11|Los Angeles Clippers|Houston Rockets,0.9196417526456929,"[{""p_home_win"": 0.8392835052913858, ""weight"": 0.25}, {""p_home_win"": 0.9196417526456929, ""weight"": 0.5}, {""p_home_win"": 1.0, ""weight"": 0.25}]",14.470381113384263,,elo,"{'home_advantage': 1.748789186376641, 'scale': 0.08103856223947355, 'error_term': 12.643768122534727, 'win_prob_k': 5.936592268566271}",1.0,2.0
2025-12-11,Milwaukee Bucks,Boston Celtics,116.0,101.0,False,False,2025-12-11|Boston Celtics|Milwaukee Bucks,,,,2025-12-11|Boston Celtics|Milwaukee Bucks,0.228882825240898,"[{""p_home_win"": 0.0, ""weight"": 0.25}, {""p_home_win"": 0.228882825240898, ""weight"": 0.5}, {""p_home_win"": 0.457765650481796, ""weight"": 0.25}]",-7.2107639411754025,,elo,"{'home_advantage': 1.748789186376641, 'scale': 0.08103856223947355, 'error_term': 12.643768122534727, 'win_prob_k': 5.936592268566271}",1.0,15.0
2025-12-11,New Orleans Pelicans,Portland Trail Blazers,143.0,120.0,False,False,2025-12-11|Portland Trail Blazers|New Orleans Pelicans,,,,2025-12-11|Portland Trail Blazers|New Orleans Pelicans,0.21225275808429686,"[{""p_home_win"": 0.0, ""weight"": 0.25}, {""p_home_win"": 0.21225275808429686, ""weight"": 0.5}, {""p_home_win"": 0.4245055161685937, ""weight"": 0.25}]",-7.785243894042239,,elo,"{'home_advantage': 1.748789186376641, 'scale': 0.08103856223947355, 'error_term': 12.643768122534727, 'win_prob_k': 5.936592268566271}",1.0,23.0
2025-12-11,Sacramento Kings,Denver Nuggets,105.0,136.0,False,False,2025-12-11|Denver Nuggets|Sacramento Kings,,,,2025-12-11|Denver Nuggets|Sacramento Kings,0.13441272281869038,"[{""p_home_win"": 0.0, ""weight"": 0.25}, {""p_home_win"": 0.13441272281869038, ""weight"": 0.5}, {""p_home_win"": 0.26882544563738076, ""weight"": 0.25}]",-11.05686226998743,,elo,"{'home_advantage': 1.748789186376641, 'scale': 0.08103856223947355, 'error_term': 12.643768122534727, 'win_prob_k': 5.936592268566271}",0.0,-31.0
2025-12-12,Charlotte Hornets,Chicago Bulls,126.0,129.0,False,False,2025-12-12|Chicago Bulls|Charlotte Hornets,,,,2025-12-12|Chicago Bulls|Charlotte Hornets,0.5426818232172055,"[{""p_home_win"": 0.08536364643441097, ""weight"": 0.25}, {""p_home_win"": 0.5426818232172055, ""weight"": 0.5}, {""p_home_win"": 1.0, ""weight"": 0.25}]",1.026914588006663,,elo,"{'home_advantage': 1.765505046063693, 'scale': 0.08004348449933912, 'error_term': 12.7691376164737, 'win_prob_k': 6.000302271817215}",0.0,-3.0
2025-12-12,Detroit Pistons,Atlanta Hawks,142.0,115.0,False,False,2025-12-12|Atlanta Hawks|Detroit Pistons,,,,2025-12-12|Atlanta Hawks|Detroit Pistons,0.7706384145138574,"[{""p_home_win"": 0.5412768290277148, ""weight"": 0.25}, {""p_home_win"": 0.7706384145138574, ""weight"": 0.5}, {""p_home_win"": 1.0, ""weight"": 0.25}]",7.271883610403231,,elo,"{'home_advantage': 1.765505046063693, 'scale': 0.08004348449933912, 'error_term': 12.7691376164737, 'win_prob_k': 6.000302271817215}",1.0,27.0
2025-12-12,Philadelphia 76ers,Indiana Pacers,115.0,105.0,False,False,2025-12-12|Indiana Pacers|Philadelphia 76ers,,,,2025-12-12|Indiana Pacers|Philadelphia 76ers,0.8166974055062525,"[{""p_home_win"": 0.6333948110125049, ""weight"": 0.25}, {""p_home_win"": 0.8166974055062525, ""weight"": 0.5}, {""p_home_win"": 1.0, ""weight"": 0.25}]",8.965233700222248,,elo,"{'home_advantage': 1.765505046063693, 'scale': 0.08004348449933912, 'error_term': 12.7691376164737, 'win_prob_k': 6.000302271817215}",1.0,10.0
2025-12-12,Washington Wizards,Cleveland Cavaliers,126.0,130.0,False,False,2025-12-12|Cleveland Cavaliers|Washington Wizards,,,,2025-12-12|Cleveland Cavaliers|Washington Wizards,0.21163694626383833,"[{""p_home_win"": 0.0, ""weight"": 0.25}, {""p_home_win"": 0.21163694626383833, ""weight"": 0.5}, {""p_home_win"": 0.42327389252767667, ""weight"": 0.25}]",-7.890916050559719,,elo,"{'home_advantage': 1.765505046063693, 'scale': 0.08004348449933912, 'error_term': 12.7691376164737, 'win_prob_k': 6.000302271817215}",0.0,-4.0
2025-12-12,Memphis Grizzlies,Utah Jazz,126.0,130.0,False,False,2025-12-12|Utah Jazz|Memphis Grizzlies,,,,2025-12-12|Utah Jazz|Memphis Grizzlies,0.6956786843261502,"[{""p_home_win"": 0.3913573686523004, ""weight"": 0.25}, {""p_home_win"": 0.6956786843261502, ""weight"": 0.5}, {""p_home_win"": 1.0, ""weight"": 0.25}]",4.9610726631693005,,elo,"{'home_advantage': 1.765505046063693, 'scale': 0.08004348449933912, 'error_term': 12.7691376164737, 'win_prob_k': 6.000302271817215}",0.0,-4.0
2025-12-12,Dallas Mavericks,Brooklyn Nets,119.0,111.0,False,False,2025-12-12|Brooklyn Nets|Dallas Mavericks,,,,2025-12-12|Brooklyn Nets|Dallas Mavericks,0.6848653462548919,"[{""p_home_win"": 0.36973069250978385, ""weight"": 0.25}, {""p_home_win"": 0.6848653462548919, ""weight"": 0.5}, {""p_home_win"": 1.0, ""weight"": 0.25}]",4.657567976720606,,elo,"{'home_advantage': 1.765505046063693, 'scale': 0.08004348449933912, 'error_term': 12.7691376164737, 'win_prob_k': 6.000302271817215}",1.0,8.0
2025-12-12,Golden State Warriors,Minnesota Timberwolves,120.0,127.0,False,False,2025-12-12|Minnesota Timberwolves|Golden State Warriors,,,,2025-12-12|Minnesota Timberwolves|Golden State Warriors,0.5063470810374441,"[{""p_home_win"": 0.01269416207488816, ""weight"": 0.25}, {""p_home_win"": 0.5063470810374441, ""weight"": 0.5}, {""p_home_win"": 1.0, ""weight"": 0.25}]",0.15234580251498153,,elo,"{'home_advantage': 1.765505046063693, 'scale': 0.08004348449933912, 'error_term': 12.7691376164737, 'win_prob_k': 6.000302271817215}",0.0,-7.0
2025-12-13,Orlando Magic,New York Knicks,120.0,132.0,False,False,2025-12-13|New York Knicks|Orlando Magic,,,,2025-12-13|New York Knicks|Orlando Magic,0.4865275928765378,"[{""p_home_win"": 0.0, ""weight"": 0.25}, {""p_home_win"": 0.4865275928765378, ""weight"": 0.5}, {""p_home_win"": 0.9730551857530756, ""weight"": 0.25}]",-0.3199566408470411,,elo,"{'home_advantage': 1.7480805014508691, 'scale': 0.07882340093914472, 'error_term': 12.717982628138067, 'win_prob_k': 5.935821100063448}",0.0,-12.0
2025-12-13,Oklahoma City Thunder,San Antonio Spurs,109.0,111.0,False,False,2025-12-13|San Antonio Spurs|Oklahoma City Thunder,,,,2025-12-13|San Antonio Spurs|Oklahoma City Thunder,0.8088334226141295,"[{""p_home_win"": 0.617666845228259, ""weight"": 0.25}, {""p_home_win"": 0.8088334226141295, ""weight"": 0.5}, {""p_home_win"": 1.0, ""weight"": 0.25}]",8.562112144494243,,elo,"{'home_advantage': 1.7480805014508691, 'scale': 0.07882340093914472, 'error_term': 12.717982628138067, 'win_prob_k': 5.935821100063448}",0.0,-2.0
2025-12-14,Indiana Pacers,Washington Wizards,89.0,108.0,False,False,2025-12-14|Washington Wizards|Indiana Pacers,,,,2025-12-14|Washington Wizards|Indiana Pacers,0.6915705590447063,"[{""p_home_win"": 0.38314111808941265, ""weight"": 0.25}, {""p_home_win"": 0.6915705590447063, ""weight"": 0.5}, {""p_home_win"": 1.0, ""weight"": 0.25}]",4.87477720170607,,elo,"{'home_advantage': 1.7003712248657925, 'scale': 0.07865123538478151, 'error_term': 12.737892206777332, 'win_prob_k': 6.037084507301799}",0.0,-19.0
2025-12-14,Cleveland Cavaliers,Charlotte Hornets,111.0,119.0,False,False,2025-12-14|Charlotte Hornets|Cleveland Cavaliers,,,,2025-12-14|Charlotte Hornets|Cleveland Cavaliers,0.8208663187178709,"[{""p_home_win"": 0.6417326374357417, ""weight"": 0.25}, {""p_home_win"": 0.8208663187178709, ""weight"": 0.5}, {""p_home_win"": 1.0, ""weight"": 0.25}]",9.189818585762664,,elo,"{'home_advantage': 1.7003712248657925, 'scale': 0.07865123538478151, 'error_term': 12.737892206777332, 'win_prob_k': 6.037084507301799}",0.0,-8.0
2025-12-14,Atlanta Hawks,Philadelphia 76ers,120.0,117.0,False,False,2025-12-14|Philadelphia 76ers|Atlanta Hawks,,,,2025-12-14|Philadelphia 76ers|Atlanta Hawks,0.595516072987826,"[{""p_home_win"": 0.1910321459756521, ""weight"": 0.25}, {""p_home_win"": 0.595516072987826, ""weight"": 0.5}, {""p_home_win"": 1.0, ""weight"": 0.25}]",2.3352431682969517,,elo,"{'home_advantage': 1.7003712248657925, 'scale': 0.07865123538478151, 'error_term': 12.737892206777332, 'win_prob_k': 6.037084507301799}",1.0,3.0
2025-12-14,Brooklyn Nets,Milwaukee Bucks,127.0,82.0,False,False,2025-12-14|Milwaukee Bucks|Brooklyn Nets,,,,2025-12-14|Milwaukee Bucks|Brooklyn Nets,0.4160229292964267,"[{""p_home_win"": 0.0, ""weight"": 0.25}, {""p_home_win"": 0.4160229292964267, ""weight"": 0.5}, {""p_home_win"": 0.8320458585928534, ""weight"": 0.25}]",-2.047304201816873,,elo,"{'home_advantage': 1.7003712248657925, 'scale': 0.07865123538478151, 'error_term': 12.737892206777332, 'win_prob_k': 6.037084507301799}",1.0,45.0
2025-12-14,Chicago Bulls,New Orleans Pelicans,104.0,114.0,False,False,2025-12-14|New Orleans Pelicans|Chicago Bulls,,,,2025-12-14|New Orleans Pelicans|Chicago Bulls,0.800245924280061,"[{""p_home_win"": 0.600491848560122, ""weight"": 0.25}, {""p_home_win"": 0.800245924280061, ""weight"": 0.5}, {""p_home_win"": 1.0, ""weight"": 0.25}]",8.378459652957272,,elo,"{'home_advantage': 1.7003712248657925, 'scale': 0.07865123538478151, 'error_term': 12.737892206777332, 'win_prob_k': 6.037084507301799}",0.0,-10.0
2025-12-14,Minnesota Timberwolves,Sacramento Kings,117.0,103.0,False,False,2025-12-14|Sacramento Kings|Minnesota Timberwolves,,,,2025-12-14|Sacramento Kings|Minnesota Timberwolves,0.8807352248043259,"[{""p_home_win"": 0.7614704496086517, ""weight"": 0.25}, {""p_home_win"": 0.8807352248043259, ""weight"": 0.5}, {""p_home_win"": 1.0, ""weight"": 0.25}]",12.07061328217295,,elo,"{'home_advantage': 1.7003712248657925, 'scale': 0.07865123538478151, 'error_term': 12.737892206777332, 'win_prob_k': 6.037084507301799}",1.0,14.0
2025-12-14,Phoenix Suns,Los Angeles Lakers,114.0,116.0,False,False,2025-12-14|Los Angeles Lakers|Phoenix Suns,,,,2025-12-14|Los Angeles Lakers|Phoenix Suns,0.44275572676207314,"[{""p_home_win"": 0.0, ""weight"": 0.25}, {""p_home_win"": 0.44275572676207314, ""weight"": 0.5}, {""p_home_win"": 0.8855114535241463, ""weight"": 0.25}]",-1.3884418040445674,,elo,"{'home_advantage': 1.7003712248657925, 'scale': 0.07865123538478151, 'error_term': 12.737892206777332, 'win_prob_k': 6.037084507301799}",0.0,-2.0
2025-12-14,Portland Trail Blazers,Golden State Warriors,136.0,131.0,False,False,2025-12-14|Golden State Warriors|Portland Trail Blazers,,,,2025-12-14|Golden State Warriors|Portland Trail Blazers,0.4347873560327522,"[{""p_home_win"": 0.0, ""weight"": 0.25}, {""p_home_win"": 0.4347873560327522, ""weight"": 0.5}, {""p_home_win"": 0.8695747120655044, ""weight"": 0.25}]",-1.5837986119731629,,elo,"{'home_advantage': 1.7003712248657925, 'scale': 0.07865123538478151, 'error_term': 12.737892206777332, 'win_prob_k': 6.037084507301799}",1.0,5.0
2025-12-15,Boston Celtics,Detroit Pistons,105.0,112.0,False,False,2025-12-15|Detroit Pistons|Boston Celtics,,,,2025-12-15|Detroit Pistons|Boston Celtics,0.4051394388572891,"[{""p_home_win"": 0.0, ""weight"": 0.25}, {""p_home_win"": 0.4051394388572891, ""weight"": 0.5}, {""p_home_win"": 0.8102788777145782, ""weight"": 0.25}]",-2.3537391591615133,,elo,"{'home_advantage': 1.7281366544960763, 'scale': 0.0783622517810282, 'error_term': 12.95572360183987, 'win_prob_k': 6.128001436777659}",0.0,-7.0
2025-12-15,Miami Heat,Toronto Raptors,96.0,106.0,False,False,2025-12-15|Toronto Raptors|Miami Heat,,,,2025-12-15|Toronto Raptors|Miami Heat,0.5803726637097106,"[{""p_home_win"": 0.16074532741942127, ""weight"": 0.25}, {""p_home_win"": 0.5803726637097106, ""weight"": 0.5}, {""p_home_win"": 1.0, ""weight"": 0.25}]",1.9873316888731571,,elo,"{'home_advantage': 1.7281366544960763, 'scale': 0.0783622517810282, 'error_term': 12.95572360183987, 'win_prob_k': 6.128001436777659}",0.0,-10.0
2025-12-15,Utah Jazz,Dallas Mavericks,140.0,133.0,False,False,2025-12-15|Dallas Mavericks|Utah Jazz,,,,2025-12-15|Dallas Mavericks|Utah Jazz,0.5847511804357021,"[{""p_home_win"": 0.16950236087140413, ""weight"": 0.25}, {""p_home_win"": 0.5847511804357021, ""weight"": 0.5}, {""p_home_win"": 1.0, ""weight"": 0.25}]",2.097667092486282,,elo,"{'home_advantage': 1.7281366544960763, 'scale': 0.0783622517810282, 'error_term': 12.95572360183987, 'win_prob_k': 6.128001436777659}",1.0,7.0
2025-12-15,Denver Nuggets,Houston Rockets,128.0,125.0,False,False,2025-12-15|Houston Rockets|Denver Nuggets,,,,2025-12-15|Houston Rockets|Denver Nuggets,0.6158107126358676,"[{""p_home_win"": 0.23162142527173524, ""weight"": 0.25}, {""p_home_win"": 0.6158107126358676, ""weight"": 0.5}, {""p_home_win"": 1.0, ""weight"": 0.25}]",2.8912172116592507,,elo,"{'home_advantage': 1.7281366544960763, 'scale': 0.0783622517810282, 'error_term': 12.95572360183987, 'win_prob_k': 6.128001436777659}",1.0,3.0
2025-12-15,Los Angeles Clippers,Memphis Grizzlies,103.0,121.0,False,False,2025-12-15|Memphis Grizzlies|Los Angeles Clippers,,,,2025-12-15|Memphis Grizzlies|Los Angeles Clippers,0.3695129156426538,"[{""p_home_win"": 0.0, ""weight"": 0.25}, {""p_home_win"": 0.3695129156426538, ""weight"": 0.5}, {""p_home_win"": 0.7390258312853076, ""weight"": 0.25}]",-3.2742339183088527,,elo,"{'home_advantage': 1.7281366544960763, 'scale': 0.0783622517810282, 'error_term': 12.95572360183987, 'win_prob_k': 6.128001436777659}",0.0,-18.0
2025-12-16,New York Knicks,San Antonio Spurs,124.0,113.0,False,False,2025-12-16|San Antonio Spurs|New York Knicks,,,,2025-12-16|San Antonio Spurs|New York Knicks,0.519034548234231,"[{""p_home_win"": 0.038069096468462016, ""weight"": 0.25}, {""p_home_win"": 0.519034548234231, ""weight"": 0.5}, {""p_home_win"": 1.0, ""weight"": 0.25}]",0.4592548942000372,,elo,"{'home_advantage': 1.649632090063008, 'scale': 0.07639849013275213, 'error_term': 12.982215190347778, 'win_prob_k': 6.028944625120163}",1.0,11.0
2025-12-17,Chicago Bulls,Cleveland Cavaliers,127.0,111.0,False,False,2025-12-17|Cleveland Cavaliers|Chicago Bulls,,,,2025-12-17|Cleveland Cavaliers|Chicago Bulls,0.37938686602305394,"[{""p_home_win"": 0.0, ""weight"": 0.25}, {""p_home_win"": 0.37938686602305394, ""weight"": 0.5}, {""p_home_win"": 0.7587737320461079, ""weight"": 0.25}]",-2.975967324674612,,elo,"{'home_advantage': 1.6649122199947715, 'scale': 0.07650212270704856, 'error_term': 12.965155161672866, 'win_prob_k': 6.046852381446687}",1.0,16.0
2025-12-17,Minnesota Timberwolves,Memphis Grizzlies,110.0,116.0,False,False,2025-12-17|Memphis Grizzlies|Minnesota Timberwolves,,,,2025-12-17|Memphis Grizzlies|Minnesota Timberwolves,0.7514385181918305,"[{""p_home_win"": 0.502877036383661, ""weight"": 0.25}, {""p_home_win"": 0.7514385181918305, ""weight"": 0.5}, {""p_home_win"": 1.0, ""weight"": 0.25}]",6.689627753097943,,elo,"{'home_advantage': 1.6649122199947715, 'scale': 0.07650212270704856, 'error_term': 12.965155161672866, 'win_prob_k': 6.046852381446687}",0.0,-6.0
2025-12-18,Charlotte Hornets,Atlanta Hawks,133.0,126.0,False,False,2025-12-18|Atlanta Hawks|Charlotte Hornets,,,,2025-12-18|Atlanta Hawks|Charlotte Hornets,0.28217868120800055,"[{""p_home_win"": 0.0, ""weight"": 0.25}, {""p_home_win"": 0.28217868120800055, ""weight"": 0.5}, {""p_home_win"": 0.5643573624160011, ""weight"": 0.25}]",-5.659580705912581,,elo,"{'home_advantage': 1.6936925680877328, 'scale': 0.07653129910072906, 'error_term': 12.994856476863365, 'win_prob_k': 6.061583811590269}",1.0,7.0
2025-12-18,Indiana Pacers,New York Knicks,113.0,114.0,False,False,2025-12-18|New York Knicks|Indiana Pacers,,,,2025-12-18|New York Knicks|Indiana Pacers,0.10698739807057171,"[{""p_home_win"": 0.0, ""weight"": 0.25}, {""p_home_win"": 0.10698739807057171, ""weight"": 0.5}, {""p_home_win"": 0.21397479614114343, ""weight"": 0.25}]",-12.862011892990065,,elo,"{'home_advantage': 1.6936925680877328, 'scale': 0.07653129910072906, 'error_term': 12.994856476863365, 'win_prob_k': 6.061583811590269}",0.0,-1.0
2025-12-18,Brooklyn Nets,Miami Heat,95.0,106.0,False,False,2025-12-18|Miami Heat|Brooklyn Nets,,,,2025-12-18|Miami Heat|Brooklyn Nets,0.3220844064300507,"[{""p_home_win"": 0.0, ""weight"": 0.25}, {""p_home_win"": 0.3220844064300507, ""weight"": 0.5}, {""p_home_win"": 0.6441688128601014, ""weight"": 0.25}]",-4.511086099505287,,elo,"{'home_advantage': 1.6936925680877328, 'scale': 0.07653129910072906, 'error_term': 12.994856476863365, 'win_prob_k': 6.061583811590269}",0.0,-11.0
2025-12-18,Milwaukee Bucks,Toronto Raptors,105.0,111.0,False,False,2025-12-18|Toronto Raptors|Milwaukee Bucks,,,,2025-12-18|Toronto Raptors|Milwaukee Bucks,0.345008320081854,"[{""p_home_win"": 0.0, ""weight"": 0.25}, {""p_home_win"": 0.345008320081854, ""weight"": 0.5}, {""p_home_win"": 0.690016640163708, ""weight"": 0.25}]",-3.8858025500867663,,elo,"{'home_advantage': 1.6936925680877328, 'scale': 0.07653129910072906, 'error_term': 12.994856476863365, 'win_prob_k': 6.061583811590269}",0.0,-6.0
2025-12-18,New Orleans Pelicans,Houston Rockets,133.0,128.0,False,False,2025-12-18|Houston Rockets|New Orleans Pelicans,,,,2025-12-18|Houston Rockets|New Orleans Pelicans,0.10795242691247031,"[{""p_home_win"": 0.0, ""weight"": 0.25}, {""p_home_win"": 0.10795242691247031, ""weight"": 0.5}, {""p_home_win"": 0.21590485382494062, ""weight"": 0.25}]",-12.80102742263707,,elo,"{'home_advantage': 1.6936925680877328, 'scale': 0.07653129910072906, 'error_term': 12.994856476863365, 'win_prob_k': 6.061583811590269}",1.0,5.0
2025-12-18,Oklahoma City Thunder,Los Angeles Clippers,122.0,101.0,False,False,2025-12-18|Los Angeles Clippers|Oklahoma City Thunder,,,,2025-12-18|Los Angeles Clippers|Oklahoma City Thunder,0.9695697283778046,"[{""p_home_win"": 0.9391394567556093, ""weight"": 0.25}, {""p_home_win"": 0.9695697283778046, ""weight"": 0.5}, {""p_home_win"": 1.0, ""weight"": 0.25}]",20.98165412322125,,elo,"{'home_advantage': 1.6936925680877328, 'scale': 0.07653129910072906, 'error_term': 12.994856476863365, 'win_prob_k': 6.061583811590269}",1.0,21.0
2025-12-18,San Antonio Spurs,Washington Wizards,119.0,94.0,False,False,2025-12-18|Washington Wizards|San Antonio Spurs,,,,2025-12-18|Washington Wizards|San Antonio Spurs,0.9450785699792035,"[{""p_home_win"": 0.890157139958407, ""weight"": 0.25}, {""p_home_win"": 0.9450785699792035, ""weight"": 0.5}, {""p_home_win"": 1.0, ""weight"": 0.25}]",17.24741507643488,,elo,"{'home_advantage': 1.6936925680877328, 'scale': 0.07653129910072906, 'error_term': 12.994856476863365, 'win_prob_k': 6.061583811590269}",1.0,25.0
2025-12-18,Dallas Mavericks,Detroit Pistons,116.0,114.0,False,False,2025-12-18|Detroit Pistons|Dallas Mavericks,,,,2025-12-18|Detroit Pistons|Dallas Mavericks,0.15008964549020617,"[{""p_home_win"": 0.0, ""weight"": 0.25}, {""p_home_win"": 0.15008964549020617, ""weight"": 0.5}, {""p_home_win"": 0.30017929098041235, ""weight"": 0.25}]",-10.510168814271875,,elo,"{'home_advantage': 1.6936925680877328, 'scale': 0.07653129910072906, 'error_term': 12.994856476863365, 'win_prob_k': 6.061583811590269}",1.0,2.0
2025-12-18,Denver Nuggets,Orlando Magic,126.0,115.0,False,False,2025-12-18|Orlando Magic|Denver Nuggets,,,,2025-12-18|Orlando Magic|Denver Nuggets,0.7566181559368875,"[{""p_home_win"": 0.513236311873775, ""weight"": 0.25}, {""p_home_win"": 0.7566181559368875, ""weight"": 0.5}, {""p_home_win"": 1.0, ""weight"": 0.25}]",6.875212772820664,,elo,"{'home_advantage': 1.6936925680877328, 'scale': 0.07653129910072906, 'error_term': 12.994856476863365, 'win_prob_k': 6.061583811590269}",1.0,11.0
2025-12-18,Phoenix Suns,Golden State Warriors,99.0,98.0,False,False,2025-12-18|Golden State Warriors|Phoenix Suns,,,,2025-12-18|Golden State Warriors|Phoenix Suns,0.6597319446313884,"[{""p_home_win"": 0.3194638892627768, ""weight"": 0.25}, {""p_home_win"": 0.6597319446313884, ""weight"": 0.5}, {""p_home_win"": 1.0, ""weight"": 0.25}]",4.013374053031343,,elo,"{'home_advantage': 1.6936925680877328, 'scale': 0.07653129910072906, 'error_term': 12.994856476863365, 'win_prob_k': 6.061583811590269}",1.0,1.0
2025-12-18,Utah Jazz,Los Angeles Lakers,135.0,143.0,False,False,2025-12-18|Los Angeles Lakers|Utah Jazz,,,,2025-12-18|Los Angeles Lakers|Utah Jazz,0.2301057531628322,"[{""p_home_win"": 0.0, ""weight"": 0.25}, {""p_home_win"": 0.2301057531628322, ""weight"": 0.5}, {""p_home_win"": 0.4602115063256644, ""weight"": 0.25}]",-7.320660625750063,,elo,"{'home_advantage': 1.6936925680877328, 'scale': 0.07653129910072906, 'error_term': 12.994856476863365, 'win_prob_k': 6.061583811590269}",0.0,-8.0
2025-12-18,Portland Trail Blazers,Sacramento Kings,134.0,133.0,False,False,2025-12-18|Sacramento Kings|Portland Trail Blazers,,,,2025-12-18|Sacramento Kings|Portland Trail Blazers,0.7331830011843674,"[{""p_home_win"": 0.4663660023687348, ""weight"": 0.25}, {""p_home_win"": 0.7331830011843674, ""weight"": 0.5}, {""p_home_win"": 1.0, ""weight"": 0.25}]",6.127244739643424,,elo,"{'home_advantage': 1.6936925680877328, 'scale': 0.07653129910072906, 'error_term': 12.994856476863365, 'win_prob_k': 6.061583811590269}",1.0,1.0
2025-12-19,Boston Celtics,Miami Heat,129.0,116.0,False,False,2025-12-19|Miami Heat|Boston Celtics,,,,2025-12-19|Miami Heat|Boston Celtics,0.6478388478702072,"[{""p_home_win"": 0.29567769574041436, ""weight"": 0.25}, {""p_home_win"": 0.6478388478702072, ""weight"": 0.5}, {""p_home_win"": 1.0, ""weight"": 0.25}]",3.729246507022311,,elo,"{'home_advantage': 1.7881857115636373, 'scale': 0.0743509287404, 'error_term': 12.880611305329989, 'win_prob_k': 6.118001207693082}",1.0,13.0
2025-12-19,New York Knicks,Philadelphia 76ers,107.0,116.0,False,False,2025-12-19|Philadelphia 76ers|New York Knicks,,,,2025-12-19|Philadelphia 76ers|New York Knicks,0.8015474998459063,"[{""p_home_win"": 0.6030949996918127, ""weight"": 0.25}, {""p_home_win"": 0.8015474998459063, ""weight"": 0.5}, {""p_home_win"": 1.0, ""weight"": 0.25}]",8.540695770333084,,elo,"{'home_advantage': 1.7881857115636373, 'scale': 0.0743509287404, 'error_term': 12.880611305329989, 'win_prob_k': 6.118001207693082}",0.0,-9.0
2025-12-19,Atlanta Hawks,San Antonio Spurs,98.0,126.0,False,False,2025-12-19|San Antonio Spurs|Atlanta Hawks,,,,2025-12-19|San Antonio Spurs|Atlanta Hawks,0.3512930146119607,"[{""p_home_win"": 0.0, ""weight"": 0.25}, {""p_home_win"": 0.3512930146119607, ""weight"": 0.5}, {""p_home_win"": 0.7025860292239214, ""weight"": 0.25}]",-3.7525399969133963,,elo,"{'home_advantage': 1.7881857115636373, 'scale': 0.0743509287404, 'error_term': 12.880611305329989, 'win_prob_k': 6.118001207693082}",0.0,-28.0
2025-12-19,Cleveland Cavaliers,Chicago Bulls,125.0,136.0,False,False,2025-12-19|Chicago Bulls|Cleveland Cavaliers,,,,2025-12-19|Chicago Bulls|Cleveland Cavaliers,0.6929312869684052,"[{""p_home_win"": 0.38586257393681045, ""weight"": 0.25}, {""p_home_win"": 0.6929312869684052, ""weight"": 0.5}, {""p_home_win"": 1.0, ""weight"": 0.25}]",4.979192166693945,,elo,"{'home_advantage': 1.7881857115636373, 'scale': 0.0743509287404, 'error_term': 12.880611305329989, 'win_prob_k': 6.118001207693082}",0.0,-11.0
2025-12-19,Minnesota Timberwolves,Oklahoma City Thunder,112.0,107.0,False,False,2025-12-19|Oklahoma City Thunder|Minnesota Timberwolves,,,,2025-12-19|Oklahoma City Thunder|Minnesota Timberwolves,0.24378258923975557,"[{""p_home_win"": 0.0, ""weight"": 0.25}, {""p_home_win"": 0.24378258923975557, ""weight"": 0.5}, {""p_home_win"": 0.48756517847951114, ""weight"": 0.25}]",-6.925896205645067,,elo,"{'home_advantage': 1.7881857115636373, 'scale': 0.0743509287404, 'error_term': 12.880611305329989, 'win_prob_k': 6.118001207693082}",1.0,5.0
2025-12-20,Denver Nuggets,Houston Rockets,101.0,115.0,False,False,2025-12-20|Houston Rockets|Denver Nuggets,,,,2025-12-20|Houston Rockets|Denver Nuggets,0.6974918657678676,"[{""p_home_win"": 0.3949837315357352, ""weight"": 0.25}, {""p_home_win"": 0.6974918657678676, ""weight"": 0.5}, {""p_home_win"": 1.0, ""weight"": 0.25}]",5.168702885632594,,elo,"{'home_advantage': 1.7067640098513635, 'scale': 0.07445683318819762, 'error_term': 12.957618461954066, 'win_prob_k': 6.187227699896162}",0.0,-14.0
2025-12-20,New Orleans Pelicans,Indiana Pacers,128.0,109.0,False,False,2025-12-20|Indiana Pacers|New Orleans Pelicans,,,,2025-12-20|Indiana Pacers|New Orleans Pelicans,0.5743672423035785,"[{""p_home_win"": 0.148734484607157, ""weight"": 0.25}, {""p_home_win"": 0.5743672423035785, ""weight"": 0.5}, {""p_home_win"": 1.0, ""weight"": 0.25}]",1.8542631595724317,,elo,"{'home_advantage': 1.7067640098513635, 'scale': 0.07445683318819762, 'error_term': 12.957618461954066, 'win_prob_k': 6.187227699896162}",1.0,19.0
2025-12-20,Philadelphia 76ers,Dallas Mavericks,121.0,114.0,False,False,2025-12-20|Dallas Mavericks|Philadelphia 76ers,,,,2025-12-20|Dallas Mavericks|Philadelphia 76ers,0.7224289360778283,"[{""p_home_win"": 0.44485787215565664, ""weight"": 0.25}, {""p_home_win"": 0.7224289360778283, ""weight"": 0.5}, {""p_home_win"": 1.0, ""weight"": 0.25}]",5.918343592679637,,elo,"{'home_advantage': 1.7067640098513635, 'scale': 0.07445683318819762, 'error_term': 12.957618461954066, 'win_prob_k': 6.187227699896162}",1.0,7.0
2025-12-20,Toronto Raptors,Boston Celtics,96.0,112.0,False,False,2025-12-20|Boston Celtics|Toronto Raptors,,,,2025-12-20|Boston Celtics|Toronto Raptors,0.5390260194304888,"[{""p_home_win"": 0.07805203886097756, ""weight"": 0.25}, {""p_home_win"": 0.5390260194304888, ""weight"": 0.5}, {""p_home_win"": 1.0, ""weight"": 0.25}]",0.9678200356785677,,elo,"{'home_advantage': 1.7067640098513635, 'scale': 0.07445683318819762, 'error_term': 12.957618461954066, 'win_prob_k': 6.187227699896162}",0.0,-16.0
2025-12-20,Detroit Pistons,Charlotte Hornets,112.0,86.0,False,False,2025-12-20|Charlotte Hornets|Detroit Pistons,,,,2025-12-20|Charlotte Hornets|Detroit Pistons,0.8989072588106751,"[{""p_home_win"": 0.7978145176213502, ""weight"": 0.25}, {""p_home_win"": 0.8989072588106751, ""weight"": 0.5}, {""p_home_win"": 1.0, ""weight"": 0.25}]",13.51996828699103,,elo,"{'home_advantage': 1.7067640098513635, 'scale': 0.07445683318819762, 'error_term': 12.957618461954066, 'win_prob_k': 6.187227699896162}",1.0,26.0
2025-12-20,Memphis Grizzlies,Washington Wizards,122.0,130.0,False,False,2025-12-20|Washington Wizards|Memphis Grizzlies,,,,2025-12-20|Washington Wizards|Memphis Grizzlies,0.8462211944228422,"[{""p_home_win"": 0.6924423888456843, ""weight"": 0.25}, {""p_home_win"": 0.8462211944228422, ""weight"": 0.5}, {""p_home_win"": 1.0, ""weight"": 0.25}]",10.550866197603947,,elo,"{'home_advantage': 1.7067640098513635, 'scale': 0.07445683318819762, 'error_term': 12.957618461954066, 'win_prob_k': 6.187227699896162}",0.0,-8.0
2025-12-20,Golden State Warriors,Phoenix Suns,119.0,116.0,False,False,2025-12-20|Phoenix Suns|Golden State Warriors,,,,2025-12-20|Phoenix Suns|Golden State Warriors,0.4394693294677864,"[{""p_home_win"": 0.0, ""weight"": 0.25}, {""p_home_win"": 0.4394693294677864, ""weight"": 0.5}, {""p_home_win"": 0.8789386589355728, ""weight"": 0.25}]",-1.5054516888839777,,elo,"{'home_advantage': 1.7067640098513635, 'scale': 0.07445683318819762, 'error_term': 12.957618461954066, 'win_prob_k': 6.187227699896162}",1.0,3.0
2025-12-20,Utah Jazz,Orlando Magic,127.0,128.0,False,False,2025-12-20|Orlando Magic|Utah Jazz,,,,2025-12-20|Orlando Magic|Utah Jazz,0.3797544382690292,"[{""p_home_win"": 0.0, ""weight"": 0.25}, {""p_home_win"": 0.3797544382690292, ""weight"": 0.5}, {""p_home_win"": 0.7595088765380584, ""weight"": 0.25}]",-3.0353959858646697,,elo,"{'home_advantage': 1.7067640098513635, 'scale': 0.07445683318819762, 'error_term': 12.957618461954066, 'win_prob_k': 6.187227699896162}",0.0,-1.0
2025-12-20,Sacramento Kings,Portland Trail Blazers,93.0,98.0,False,False,2025-12-20|Portland Trail Blazers|Sacramento Kings,,,,2025-12-20|Portland Trail Blazers|Sacramento Kings,0.36365735737284993,"[{""p_home_win"": 0.0, ""weight"": 0.25}, {""p_home_win"": 0.36365735737284993, ""weight"": 0.5}, {""p_home_win"": 0.7273147147456999, ""weight"": 0.25}]",-3.461908987915049,,elo,"{'home_advantage': 1.7067640098513635, 'scale': 0.07445683318819762, 'error_term': 12.957618461954066, 'win_prob_k': 6.187227699896162}",0.0,-5.0
2025-12-20,Los Angeles Clippers,Los Angeles Lakers,103.0,88.0,False,False,2025-12-20|Los Angeles Lakers|Los Angeles Clippers,,,,2025-12-20|Los Angeles Lakers|Los Angeles Clippers,0.10695687954609173,"[{""p_home_win"": 0.0, ""weight"": 0.25}, {""p_home_win"": 0.10695687954609173, ""weight"": 0.5}, {""p_home_win"": 0.21391375909218346, ""weight"": 0.25}]",-13.13059098140387,,elo,"{'home_advantage': 1.7067640098513635, 'scale': 0.07445683318819762, 'error_term': 12.957618461954066, 'win_prob_k': 6.187227699896162}",1.0,15.0
2025-12-21,Atlanta Hawks,Chicago Bulls,150.0,152.0,False,False,2025-12-21|Chicago Bulls|Atlanta Hawks,,,,2025-12-21|Chicago Bulls|Atlanta Hawks,0.7014338519732737,"[{""p_home_win"": 0.40286770394654736, ""weight"": 0.25}, {""p_home_win"": 0.7014338519732737, ""weight"": 0.5}, {""p_home_win"": 1.0, ""weight"": 0.25}]",5.42522504600372,,elo,"{'home_advantage': 1.764746344510306, 'scale': 0.07575271092370983, 'error_term': 12.90815890157729, 'win_prob_k': 6.3517177877869955}",0.0,-2.0
2025-12-21,Brooklyn Nets,Toronto Raptors,96.0,81.0,False,False,2025-12-21|Toronto Raptors|Brooklyn Nets,,,,2025-12-21|Toronto Raptors|Brooklyn Nets,0.25695331448792497,"[{""p_home_win"": 0.0, ""weight"": 0.25}, {""p_home_win"": 0.25695331448792497, ""weight"": 0.5}, {""p_home_win"": 0.5139066289758499, ""weight"": 0.25}]",-6.744663403173623,,elo,"{'home_advantage': 1.764746344510306, 'scale': 0.07575271092370983, 'error_term': 12.90815890157729, 'win_prob_k': 6.3517177877869955}",1.0,15.0
2025-12-21,New York Knicks,Miami Heat,132.0,125.0,False,False,2025-12-21|Miami Heat|New York Knicks,,,,2025-12-21|Miami Heat|New York Knicks,0.7680040157540298,"[{""p_home_win"": 0.5360080315080595, ""weight"": 0.25}, {""p_home_win"": 0.7680040157540298, ""weight"": 0.5}, {""p_home_win"": 1.0, ""weight"": 0.25}]",7.6034819340459014,,elo,"{'home_advantage': 1.764746344510306, 'scale': 0.07575271092370983, 'error_term': 12.90815890157729, 'win_prob_k': 6.3517177877869955}",1.0,7.0
2025-12-21,Minnesota Timberwolves,Milwaukee Bucks,103.0,100.0,False,False,2025-12-21|Milwaukee Bucks|Minnesota Timberwolves,,,,2025-12-21|Milwaukee Bucks|Minnesota Timberwolves,0.8307034376789374,"[{""p_home_win"": 0.6614068753578748, ""weight"": 0.25}, {""p_home_win"": 0.8307034376789374, ""weight"": 0.5}, {""p_home_win"": 1.0, ""weight"": 0.25}]",10.103174895491724,,elo,"{'home_advantage': 1.764746344510306, 'scale': 0.07575271092370983, 'error_term': 12.90815890157729, 'win_prob_k': 6.3517177877869955}",1.0,3.0
2025-12-21,Washington Wizards,San Antonio Spurs,113.0,124.0,False,False,2025-12-21|San Antonio Spurs|Washington Wizards,,,,2025-12-21|San Antonio Spurs|Washington Wizards,0.1034851421232788,"[{""p_home_win"": 0.0, ""weight"": 0.25}, {""p_home_win"": 0.1034851421232788, ""weight"": 0.5}, {""p_home_win"": 0.2069702842465576, ""weight"": 0.25}]",-13.713910147743773,,elo,"{'home_advantage': 1.764746344510306, 'scale': 0.07575271092370983, 'error_term': 12.90815890157729, 'win_prob_k': 6.3517177877869955}",0.0,-11.0
2025-12-21,Sacramento Kings,Houston Rockets,125.0,124.0,False,False,2025-12-21|Houston Rockets|Sacramento Kings,,,,2025-12-21|Houston Rockets|Sacramento Kings,0.1402759595128559,"[{""p_home_win"": 0.0, ""weight"": 0.25}, {""p_home_win"": 0.1402759595128559, ""weight"": 0.5}, {""p_home_win"": 0.2805519190257118, ""weight"": 0.25}]",-11.515663286985848,,elo,"{'home_advantage': 1.764746344510306, 'scale': 0.07575271092370983, 'error_term': 12.90815890157729, 'win_prob_k': 6.3517177877869955}",1.0,1.0
2025-12-22,Cleveland Cavaliers,Charlotte Hornets,139.0,132.0,False,False,2025-12-22|Charlotte Hornets|Cleveland Cavaliers,,,,2025-12-22|Charlotte Hornets|Cleveland Cavaliers,0.6693923488353705,"[{""p_home_win"": 0.33878469767074093, ""weight"": 0.25}, {""p_home_win"": 0.6693923488353705, ""weight"": 0.5}, {""p_home_win"": 1.0, ""weight"": 0.25}]",4.489036966641883,,elo,"{'home_advantage': 1.79360904355519, 'scale': 0.07474562888340006, 'error_term': 12.899623197498329, 'win_prob_k': 6.3634745689058505}",1.0,7.0
2025-12-22,Boston Celtics,Indiana Pacers,103.0,95.0,False,False,2025-12-22|Indiana Pacers|Boston Celtics,,,,2025-12-22|Indiana Pacers|Boston Celtics,0.9089323845377136,"[{""p_home_win"": 0.8178647690754273, ""weight"": 0.25}, {""p_home_win"": 0.9089323845377136, ""weight"": 0.5}, {""p_home_win"": 1.0, ""weight"": 0.25}]",14.64024516858462,,elo,"{'home_advantage': 1.79360904355519, 'scale': 0.07474562888340006, 'error_term': 12.899623197498329, 'win_prob_k': 6.3634745689058505}",1.0,8.0
2025-12-22,New Orleans Pelicans,Dallas Mavericks,119.0,113.0,False,False,2025-12-22|Dallas Mavericks|New Orleans Pelicans,,,,2025-12-22|Dallas Mavericks|New Orleans Pelicans,0.4019416414664108,"[{""p_home_win"": 0.0, ""weight"": 0.25}, {""p_home_win"": 0.4019416414664108, ""weight"": 0.5}, {""p_home_win"": 0.8038832829328216, ""weight"": 0.25}]",-2.528726631029845,,elo,"{'home_advantage': 1.79360904355519, 'scale': 0.07474562888340006, 'error_term': 12.899623197498329, 'win_prob_k': 6.3634745689058505}",1.0,6.0
2025-12-22,Denver Nuggets,Utah Jazz,135.0,112.0,False,False,2025-12-22|Utah Jazz|Denver Nuggets,,,,2025-12-22|Utah Jazz|Denver Nuggets,0.8721667744779774,"[{""p_home_win"": 0.7443335489559548, ""weight"": 0.25}, {""p_home_win"": 0.8721667744779774, ""weight"": 0.5}, {""p_home_win"": 1.0, ""weight"": 0.25}]",12.219488589309671,,elo,"{'home_advantage': 1.79360904355519, 'scale': 0.07474562888340006, 'error_term': 12.899623197498329, 'win_prob_k': 6.3634745689058505}",1.0,23.0
2025-12-22,Oklahoma City Thunder,Memphis Grizzlies,119.0,103.0,False,False,2025-12-22|Memphis Grizzlies|Oklahoma City Thunder,,,,2025-12-22|Memphis Grizzlies|Oklahoma City Thunder,0.8957211263877982,"[{""p_home_win"": 0.7914422527755964, ""weight"": 0.25}, {""p_home_win"": 0.8957211263877982, ""weight"": 0.5}, {""p_home_win"": 1.0, ""weight"": 0.25}]",13.685035995718382,,elo,"{'home_advantage': 1.79360904355519, 'scale': 0.07474562888340006, 'error_term': 12.899623197498329, 'win_prob_k': 6.3634745689058505}",1.0,16.0
2025-12-22,Golden State Warriors,Orlando Magic,120.0,97.0,False,False,2025-12-22|Orlando Magic|Golden State Warriors,,,,2025-12-22|Orlando Magic|Golden State Warriors,0.4574030856871114,"[{""p_home_win"": 0.0, ""weight"": 0.25}, {""p_home_win"": 0.4574030856871114, ""weight"": 0.5}, {""p_home_win"": 0.9148061713742228, ""weight"": 0.25}]",-1.0868921829132214,,elo,"{'home_advantage': 1.79360904355519, 'scale': 0.07474562888340006, 'error_term': 12.899623197498329, 'win_prob_k': 6.3634745689058505}",1.0,23.0
2025-12-22,Portland Trail Blazers,Detroit Pistons,102.0,110.0,False,False,2025-12-22|Detroit Pistons|Portland Trail Blazers,,,,2025-12-22|Detroit Pistons|Portland Trail Blazers,0.2527155456670407,"[{""p_home_win"": 0.0, ""weight"": 0.25}, {""p_home_win"": 0.2527155456670407, ""weight"": 0.5}, {""p_home_win"": 0.5054310913340814, ""weight"": 0.25}]",-6.899160623816561,,elo,"{'home_advantage': 1.79360904355519, 'scale': 0.07474562888340006, 'error_term': 12.899623197498329, 'win_prob_k': 6.3634745689058505}",0.0,-8.0
2025-12-23,Charlotte Hornets,Washington Wizards,126.0,109.0,False,False,2025-12-23|Washington Wizards|Charlotte Hornets,,,,2025-12-23|Washington Wizards|Charlotte Hornets,0.6819350431225284,"[{""p_home_win"": 0.3638700862450568, ""weight"": 0.25}, {""p_home_win"": 0.6819350431225284, ""weight"": 0.5}, {""p_home_win"": 1.0, ""weight"": 0.25}]",4.807790465162483,,elo,"{'home_advantage': 1.8738612543133524, 'scale': 0.07353052917473568, 'error_term': 12.851594414613478, 'win_prob_k': 6.303820943461426}",1.0,17.0
2025-12-23,Philadelphia 76ers,Brooklyn Nets,106.0,114.0,False,False,2025-12-23|Brooklyn Nets|Philadelphia 76ers,,,,2025-12-23|Brooklyn Nets|Philadelphia 76ers,0.8247786415840415,"[{""p_home_win"": 0.6495572831680829, ""weight"": 0.25}, {""p_home_win"": 0.8247786415840415, ""weight"": 0.5}, {""p_home_win"": 1.0, ""weight"": 0.25}]",9.765028120369578,,elo,"{'home_advantage': 1.8738612543133524, 'scale': 0.07353052917473568, 'error_term': 12.851594414613478, 'win_prob_k': 6.303820943461426}",0.0,-8.0
2025-12-23,Atlanta Hawks,Chicago Bulls,123.0,126.0,False,False,2025-12-23|Chicago Bulls|Atlanta Hawks,,,,2025-12-23|Chicago Bulls|Atlanta Hawks,0.6303361241189963,"[{""p_home_win"": 0.2606722482379926, ""weight"": 0.25}, {""p_home_win"": 0.6303361241189963, ""weight"": 0.5}, {""p_home_win"": 1.0, ""weight"": 0.25}]",3.3640911481776783,,elo,"{'home_advantage': 1.8738612543133524, 'scale': 0.07353052917473568, 'error_term': 12.851594414613478, 'win_prob_k': 6.303820943461426}",0.0,-3.0
2025-12-23,Cleveland Cavaliers,New Orleans Pelicans,141.0,118.0,False,False,2025-12-23|New Orleans Pelicans|Cleveland Cavaliers,,,,2025-12-23|New Orleans Pelicans|Cleveland Cavaliers,0.7547302974284836,"[{""p_home_win"": 0.5094605948569673, ""weight"": 0.25}, {""p_home_win"": 0.7547302974284836, ""weight"": 0.5}, {""p_home_win"": 1.0, ""weight"": 0.25}]",7.085507547163034,,elo,"{'home_advantage': 1.8738612543133524, 'scale': 0.07353052917473568, 'error_term': 12.851594414613478, 'win_prob_k': 6.303820943461426}",1.0,23.0
2025-12-23,Indiana Pacers,Milwaukee Bucks,94.0,111.0,False,False,2025-12-23|Milwaukee Bucks|Indiana Pacers,,,,2025-12-23|Milwaukee Bucks|Indiana Pacers,0.41813742014836836,"[{""p_home_win"": 0.0, ""weight"": 0.25}, {""p_home_win"": 0.41813742014836836, ""weight"": 0.5}, {""p_home_win"": 0.8362748402967367, ""weight"": 0.25}]",-2.0829347899974127,,elo,"{'home_advantage': 1.8738612543133524, 'scale': 0.07353052917473568, 'error_term': 12.851594414613478, 'win_prob_k': 6.303820943461426}",0.0,-17.0
2025-12-23,Miami Heat,Toronto Raptors,91.0,112.0,False,False,2025-12-23|Toronto Raptors|Miami Heat,,,,2025-12-23|Toronto Raptors|Miami Heat,0.5402887347282077,"[{""p_home_win"": 0.08057746945641542, ""weight"": 0.25}, {""p_home_win"": 0.5402887347282077, ""weight"": 0.5}, {""p_home_win"": 1.0, ""weight"": 0.25}]",1.018099120822757,,elo,"{'home_advantage': 1.8738612543133524, 'scale': 0.07353052917473568, 'error_term': 12.851594414613478, 'win_prob_k': 6.303820943461426}",0.0,-21.0
2025-12-23,Dallas Mavericks,Denver Nuggets,131.0,130.0,False,False,2025-12-23|Denver Nuggets|Dallas Mavericks,,,,2025-12-23|Denver Nuggets|Dallas Mavericks,0.19928328059908432,"[{""p_home_win"": 0.0, ""weight"": 0.25}, {""p_home_win"": 0.19928328059908432, ""weight"": 0.5}, {""p_home_win"": 0.39856656119816863, ""weight"": 0.25}]",-8.767227415743749,,elo,"{'home_advantage': 1.8738612543133524, 'scale': 0.07353052917473568, 'error_term': 12.851594414613478, 'win_prob_k': 6.303820943461426}",1.0,1.0
2025-12-23,Minnesota Timberwolves,New York Knicks,115.0,104.0,False,False,2025-12-23|New York Knicks|Minnesota Timberwolves,,,,2025-12-23|New York Knicks|Minnesota Timberwolves,0.4782598557565171,"[{""p_home_win"": 0.0, ""weight"": 0.25}, {""p_home_win"": 0.4782598557565171, ""weight"": 0.5}, {""p_home_win"": 0.9565197115130342, ""weight"": 0.25}]",-0.5485297524786468,,elo,"{'home_advantage': 1.8738612543133524, 'scale': 0.07353052917473568, 'error_term': 12.851594414613478, 'win_prob_k': 6.303820943461426}",1.0,11.0
2025-12-23,San Antonio Spurs,Oklahoma City Thunder,130.0,110.0,False,False,2025-12-23|Oklahoma City Thunder|San Antonio Spurs,,,,2025-12-23|Oklahoma City Thunder|San Antonio Spurs,0.4607399970631716,"[{""p_home_win"": 0.0, ""weight"": 0.25}, {""p_home_win"": 0.4607399970631716, ""weight"": 0.5}, {""p_home_win"": 0.9214799941263432, ""weight"": 0.25}]",-0.9919941550657514,,elo,"{'home_advantage': 1.8738612543133524, 'scale': 0.07353052917473568, 'error_term': 12.851594414613478, 'win_prob_k': 6.303820943461426}",1.0,20.0
2025-12-23,Phoenix Suns,Los Angeles Lakers,132.0,108.0,False,False,2025-12-23|Los Angeles Lakers|Phoenix Suns,,,,2025-12-23|Los Angeles Lakers|Phoenix Suns,0.39676685291555824,"[{""p_home_win"": 0.0, ""weight"": 0.25}, {""p_home_win"": 0.39676685291555824, ""weight"": 0.5}, {""p_home_win"": 0.7935337058311165, ""weight"": 0.25}]",-2.6410168704511436,,elo,"{'home_advantage': 1.8738612543133524, 'scale': 0.07353052917473568, 'error_term': 12.851594414613478, 'win_prob_k': 6.303820943461426}",1.0,24.0
2025-12-23,Utah Jazz,Memphis Grizzlies,128.0,137.0,False,False,2025-12-23|Memphis Grizzlies|Utah Jazz,,,,2025-12-23|Memphis Grizzlies|Utah Jazz,0.4694323672752057,"[{""p_home_win"": 0.0, ""weight"": 0.25}, {""p_home_win"": 0.4694323672752057, ""weight"": 0.5}, {""p_home_win"": 0.9388647345504114, ""weight"": 0.25}]",-0.7717339507892018,,elo,"{'home_advantage': 1.8738612543133524, 'scale': 0.07353052917473568, 'error_term': 12.851594414613478, 'win_prob_k': 6.303820943461426}",0.0,-9.0
2025-12-23,Portland Trail Blazers,Orlando Magic,106.0,110.0,False,False,2025-12-23|Orlando Magic|Portland Trail Blazers,,,,2025-12-23|Orlando Magic|Portland Trail Blazers,0.42831281552297973,"[{""p_home_win"": 0.0, ""weight"": 0.25}, {""p_home_win"": 0.42831281552297973, ""weight"": 0.5}, {""p_home_win"": 0.8566256310459595, ""weight"": 0.25}]",-1.8201536317554003,,elo,"{'home_advantage': 1.8738612543133524, 'scale': 0.07353052917473568, 'error_term': 12.851594414613478, 'win_prob_k': 6.303820943461426}",0.0,-4.0
2025-12-23,Sacramento Kings,Detroit Pistons,127.0,136.0,False,False,2025-12-23|Detroit Pistons|Sacramento Kings,,,,2025-12-23|Detroit Pistons|Sacramento Kings,0.10983514095380854,"[{""p_home_win"": 0.0, ""weight"": 0.25}, {""p_home_win"": 0.10983514095380854, ""weight"": 0.5}, {""p_home_win"": 0.2196702819076171, ""weight"": 0.25}]",-13.190279834087711,,elo,"{'home_advantage': 1.8738612543133524, 'scale': 0.07353052917473568, 'error_term': 12.851594414613478, 'win_prob_k': 6.303820943461426}",0.0,-9.0
2025-12-23,Los Angeles Clippers,Houston Rockets,128.0,108.0,False,False,2025-12-23|Houston Rockets|Los Angeles Clippers,,,,2025-12-23|Houston Rockets|Los Angeles Clippers,0.1941373333181376,"[{""p_home_win"": 0.0, ""weight"": 0.25}, {""p_home_win"": 0.1941373333181376, ""weight"": 0.5}, {""p_home_win"": 0.3882746666362752, ""weight"": 0.25}]",-8.972527950130802,,elo,"{'home_advantage': 1.8738612543133524, 'scale': 0.07353052917473568, 'error_term': 12.851594414613478, 'win_prob_k': 6.303820943461426}",1.0,20.0
2025-12-25,New York Knicks,Cleveland Cavaliers,126.0,124.0,False,False,2025-12-25|Cleveland Cavaliers|New York Knicks,,,,2025-12-25|Cleveland Cavaliers|New York Knicks,0.7960333067158596,"[{""p_home_win"": 0.5920666134317192, ""weight"": 0.25}, {""p_home_win"": 0.7960333067158596, ""weight"": 0.5}, {""p_home_win"": 1.0, ""weight"": 0.25}]",8.691325162327516,,elo,"{'home_advantage': 1.988775842043713, 'scale': 0.07200488320752761, 'error_term': 12.981543692733489, 'win_prob_k': 6.382775408966365}",1.0,2.0
2025-12-25,Oklahoma City Thunder,San Antonio Spurs,102.0,117.0,False,False,2025-12-25|San Antonio Spurs|Oklahoma City Thunder,,,,2025-12-25|San Antonio Spurs|Oklahoma City Thunder,0.6375789068172903,"[{""p_home_win"": 0.2751578136345807, ""weight"": 0.25}, {""p_home_win"": 0.6375789068172903, ""weight"": 0.5}, {""p_home_win"": 1.0, ""weight"": 0.25}]",3.6054464395866863,,elo,"{'home_advantage': 1.988775842043713, 'scale': 0.07200488320752761, 'error_term': 12.981543692733489, 'win_prob_k': 6.382775408966365}",0.0,-15.0
2025-12-25,Golden State Warriors,Dallas Mavericks,126.0,116.0,False,False,2025-12-25|Dallas Mavericks|Golden State Warriors,,,,2025-12-25|Dallas Mavericks|Golden State Warriors,0.695058917353449,"[{""p_home_win"": 0.3901178347068981, ""weight"": 0.25}, {""p_home_win"": 0.695058917353449, ""weight"": 0.5}, {""p_home_win"": 1.0, ""weight"": 0.25}]",5.25862842250253,,elo,"{'home_advantage': 1.988775842043713, 'scale': 0.07200488320752761, 'error_term': 12.981543692733489, 'win_prob_k': 6.382775408966365}",1.0,10.0
2025-12-25,Los Angeles Lakers,Houston Rockets,96.0,119.0,False,False,2025-12-25|Houston Rockets|Los Angeles Lakers,,,,2025-12-25|Houston Rockets|Los Angeles Lakers,0.6536184978647434,"[{""p_home_win"": 0.3072369957294867, ""weight"": 0.25}, {""p_home_win"": 0.6536184978647434, ""weight"": 0.5}, {""p_home_win"": 1.0, ""weight"": 0.25}]",4.052954322339446,,elo,"{'home_advantage': 1.988775842043713, 'scale': 0.07200488320752761, 'error_term': 12.981543692733489, 'win_prob_k': 6.382775408966365}",0.0,-23.0
2025-12-25,Denver Nuggets,Minnesota Timberwolves,142.0,138.0,False,False,2025-12-25|Minnesota Timberwolves|Denver Nuggets,,,,2025-12-25|Minnesota Timberwolves|Denver Nuggets,0.63386653324432,"[{""p_home_win"": 0.2677330664886399, ""weight"": 0.25}, {""p_home_win"": 0.63386653324432, ""weight"": 0.5}, {""p_home_win"": 1.0, ""weight"": 0.25}]",3.5031255619122845,,elo,"{'home_advantage': 1.988775842043713, 'scale': 0.07200488320752761, 'error_term': 12.981543692733489, 'win_prob_k': 6.382775408966365}",1.0,4.0
2025-12-26,Atlanta Hawks,Miami Heat,111.0,126.0,False,False,2025-12-26|Miami Heat|Atlanta Hawks,,,,2025-12-26|Miami Heat|Atlanta Hawks,0.5553061904971498,"[{""p_home_win"": 0.1106123809942996, ""weight"": 0.25}, {""p_home_win"": 0.5553061904971498, ""weight"": 0.5}, {""p_home_win"": 1.0, ""weight"": 0.25}]",1.4183942198559265,,elo,"{'home_advantage': 1.9140342320779624, 'scale': 0.07200928875238347, 'error_term': 12.97665977561744, 'win_prob_k': 6.38531817268262}",0.0,-15.0
2025-12-26,Indiana Pacers,Boston Celtics,122.0,140.0,False,False,2025-12-26|Boston Celtics|Indiana Pacers,,,,2025-12-26|Boston Celtics|Indiana Pacers,0.1365579341173086,"[{""p_home_win"": 0.0, ""weight"": 0.25}, {""p_home_win"": 0.1365579341173086, ""weight"": 0.5}, {""p_home_win"": 0.2731158682346172, ""weight"": 0.25}]",-11.775662357035548,,elo,"{'home_advantage': 1.9140342320779624, 'scale': 0.07200928875238347, 'error_term': 12.97665977561744, 'win_prob_k': 6.38531817268262}",0.0,-18.0
2025-12-26,Orlando Magic,Charlotte Hornets,105.0,120.0,False,False,2025-12-26|Charlotte Hornets|Orlando Magic,,,,2025-12-26|Charlotte Hornets|Orlando Magic,0.8099136999382004,"[{""p_home_win"": 0.6198273998764008, ""weight"": 0.25}, {""p_home_win"": 0.8099136999382004, ""weight"": 0.5}, {""p_home_win"": 1.0, ""weight"": 0.25}]",9.25519635287316,,elo,"{'home_advantage': 1.9140342320779624, 'scale': 0.07200928875238347, 'error_term': 12.97665977561744, 'win_prob_k': 6.38531817268262}",0.0,-15.0
2025-12-26,Washington Wizards,Toronto Raptors,138.0,117.0,False,False,2025-12-26|Toronto Raptors|Washington Wizards,,,,2025-12-26|Toronto Raptors|Washington Wizards,0.22205740150626438,"[{""p_home_win"": 0.0, ""weight"": 0.25}, {""p_home_win"": 0.22205740150626438, ""weight"": 0.5}, {""p_home_win"": 0.44411480301252876, ""weight"": 0.25}]",-8.005380837605623,,elo,"{'home_advantage': 1.9140342320779624, 'scale': 0.07200928875238347, 'error_term': 12.97665977561744, 'win_prob_k': 6.38531817268262}",1.0,21.0
2025-12-26,Chicago Bulls,Philadelphia 76ers,109.0,102.0,False,False,2025-12-26|Philadelphia 76ers|Chicago Bulls,,,,2025-12-26|Philadelphia 76ers|Chicago Bulls,0.5045459694063805,"[{""p_home_win"": 0.009091938812761047, ""weight"": 0.25}, {""p_home_win"": 0.5045459694063805, ""weight"": 0.5}, {""p_home_win"": 1.0, ""weight"": 0.25}]",0.11611304375372433,,elo,"{'home_advantage': 1.9140342320779624, 'scale': 0.07200928875238347, 'error_term': 12.97665977561744, 'win_prob_k': 6.38531817268262}",1.0,7.0
2025-12-26,Memphis Grizzlies,Milwaukee Bucks,125.0,104.0,False,False,2025-12-26|Milwaukee Bucks|Memphis Grizzlies,,,,2025-12-26|Milwaukee Bucks|Memphis Grizzlies,0.700154939915416,"[{""p_home_win"": 0.400309879830832, ""weight"": 0.25}, {""p_home_win"": 0.700154939915416, ""weight"": 0.5}, {""p_home_win"": 1.0, ""weight"": 0.25}]",5.41497826709569,,elo,"{'home_advantage': 1.9140342320779624, 'scale': 0.07200928875238347, 'error_term': 12.97665977561744, 'win_prob_k': 6.38531817268262}",1.0,21.0
2025-12-26,New Orleans Pelicans,Phoenix Suns,108.0,115.0,False,False,2025-12-26|Phoenix Suns|New Orleans Pelicans,,,,2025-12-26|Phoenix Suns|New Orleans Pelicans,0.23873536779556323,"[{""p_home_win"": 0.0, ""weight"": 0.25}, {""p_home_win"": 0.23873536779556323, ""weight"": 0.5}, {""p_home_win"": 0.47747073559112646, ""weight"": 0.25}]",-7.4045768167936705,,elo,"{'home_advantage': 1.9140342320779624, 'scale': 0.07200928875238347, 'error_term': 12.97665977561744, 'win_prob_k': 6.38531817268262}",0.0,-7.0
2025-12-26,Utah Jazz,Detroit Pistons,131.0,129.0,False,False,2025-12-26|Detroit Pistons|Utah Jazz,,,,2025-12-26|Detroit Pistons|Utah Jazz,0.14271773232612642,"[{""p_home_win"": 0.0, ""weight"": 0.25}, {""p_home_win"": 0.14271773232612642, ""weight"": 0.5}, {""p_home_win"": 0.28543546465225283, ""weight"": 0.25}]",-11.448227066143055,,elo,"{'home_advantage': 1.9140342320779624, 'scale': 0.07200928875238347, 'error_term': 12.97665977561744, 'win_prob_k': 6.38531817268262}",1.0,2.0
2025-12-26,Portland Trail Blazers,Los Angeles Clippers,103.0,119.0,False,False,2025-12-26|Los Angeles Clippers|Portland Trail Blazers,,,,2025-12-26|Los Angeles Clippers|Portland Trail Blazers,0.687153253084822,"[{""p_home_win"": 0.374306506169644, ""weight"": 0.25}, {""p_home_win"": 0.687153253084822, ""weight"": 0.5}, {""p_home_win"": 1.0, ""weight"": 0.25}]",5.024248647314832,,elo,"{'home_advantage': 1.9140342320779624, 'scale': 0.07200928875238347, 'error_term': 12.97665977561744, 'win_prob_k': 6.38531817268262}",0.0,-16.0
2025-12-27,Sacramento Kings,Dallas Mavericks,113.0,107.0,False,False,2025-12-27|Dallas Mavericks|Sacramento Kings,,,,2025-12-27|Dallas Mavericks|Sacramento Kings,0.4277289917080229,"[{""p_home_win"": 0.0, ""weight"": 0.25}, {""p_home_win"": 0.4277289917080229, ""weight"": 0.5}, {""p_home_win"": 0.8554579834160458, ""weight"": 0.25}]",-1.8943886162076868,,elo,"{'home_advantage': 1.922539785291538, 'scale': 0.07158137402063032, 'error_term': 13.064044263327363, 'win_prob_k': 6.507178925561291}",1.0,6.0
2025-12-27,New Orleans Pelicans,Phoenix Suns,114.0,123.0,False,False,2025-12-27|Phoenix Suns|New Orleans Pelicans,,,,2025-12-27|Phoenix Suns|New Orleans Pelicans,0.20923857470455878,"[{""p_home_win"": 0.0, ""weight"": 0.25}, {""p_home_win"": 0.20923857470455878, ""weight"": 0.5}, {""p_home_win"": 0.41847714940911757, ""weight"": 0.25}]",-8.651432360130727,,elo,"{'home_advantage': 1.922539785291538, 'scale': 0.07158137402063032, 'error_term': 13.064044263327363, 'win_prob_k': 6.507178925561291}",0.0,-9.0
2025-12-27,Orlando Magic,Denver Nuggets,127.0,126.0,False,False,2025-12-27|Denver Nuggets|Orlando Magic,,,,2025-12-27|Denver Nuggets|Orlando Magic,0.3961707331024626,"[{""p_home_win"": 0.0, ""weight"": 0.25}, {""p_home_win"": 0.3961707331024626, ""weight"": 0.5}, {""p_home_win"": 0.7923414662049252, ""weight"": 0.25}]",-2.7424259918843017,,elo,"{'home_advantage': 1.922539785291538, 'scale': 0.07158137402063032, 'error_term': 13.064044263327363, 'win_prob_k': 6.507178925561291}",1.0,1.0
2025-12-27,Atlanta Hawks,New York Knicks,125.0,128.0,False,False,2025-12-27|New York Knicks|Atlanta Hawks,,,,2025-12-27|New York Knicks|Atlanta Hawks,0.27161592432717735,"[{""p_home_win"": 0.0, ""weight"": 0.25}, {""p_home_win"": 0.27161592432717735, ""weight"": 0.5}, {""p_home_win"": 0.5432318486543547, ""weight"": 0.25}]",-6.418938065725164,,elo,"{'home_advantage': 1.922539785291538, 'scale': 0.07158137402063032, 'error_term': 13.064044263327363, 'win_prob_k': 6.507178925561291}",0.0,-3.0
2025-12-27,Chicago Bulls,Milwaukee Bucks,103.0,112.0,False,False,2025-12-27|Milwaukee Bucks|Chicago Bulls,,,,2025-12-27|Milwaukee Bucks|Chicago Bulls,0.7089299261053013,"[{""p_home_win"": 0.4178598522106025, ""weight"": 0.25}, {""p_home_win"": 0.7089299261053013, ""weight"": 0.5}, {""p_home_win"": 1.0, ""weight"": 0.25}]",5.792642818404323,,elo,"{'home_advantage': 1.922539785291538, 'scale': 0.07158137402063032, 'error_term': 13.064044263327363, 'win_prob_k': 6.507178925561291}",0.0,-9.0
2025-12-27,Houston Rockets,Cleveland Cavaliers,117.0,100.0,False,False,2025-12-27|Cleveland Cavaliers|Houston Rockets,,,,2025-12-27|Cleveland Cavaliers|Houston Rockets,0.7662805285310287,"[{""p_home_win"": 0.5325610570620574, ""weight"": 0.25}, {""p_home_win"": 0.7662805285310287, ""weight"": 0.5}, {""p_home_win"": 1.0, ""weight"": 0.25}]",7.726798464028533,,elo,"{'home_advantage': 1.922539785291538, 'scale': 0.07158137402063032, 'error_term': 13.064044263327363, 'win_prob_k': 6.507178925561291}",1.0,17.0
2025-12-27,Miami Heat,Indiana Pacers,142.0,116.0,False,False,2025-12-27|Indiana Pacers|Miami Heat,,,,2025-12-27|Indiana Pacers|Miami Heat,0.8587909509156574,"[{""p_home_win"": 0.7175819018313148, ""weight"": 0.25}, {""p_home_win"": 0.8587909509156574, ""weight"": 0.5}, {""p_home_win"": 1.0, ""weight"": 0.25}]",11.747306774133442,,elo,"{'home_advantage': 1.922539785291538, 'scale': 0.07158137402063032, 'error_term': 13.064044263327363, 'win_prob_k': 6.507178925561291}",1.0,26.0
2025-12-27,Minnesota Timberwolves,Brooklyn Nets,107.0,123.0,False,False,2025-12-27|Brooklyn Nets|Minnesota Timberwolves,,,,2025-12-27|Brooklyn Nets|Minnesota Timberwolves,0.8354135472113167,"[{""p_home_win"": 0.6708270944226333, ""weight"": 0.25}, {""p_home_win"": 0.8354135472113167, ""weight"": 0.5}, {""p_home_win"": 1.0, ""weight"": 0.25}]",10.570852866917551,,elo,"{'home_advantage': 1.922539785291538, 'scale': 0.07158137402063032, 'error_term': 13.064044263327363, 'win_prob_k': 6.507178925561291}",0.0,-16.0
2025-12-27,San Antonio Spurs,Utah Jazz,114.0,127.0,False,False,2025-12-27|Utah Jazz|San Antonio Spurs,,,,2025-12-27|Utah Jazz|San Antonio Spurs,0.9109273481663067,"[{""p_home_win"": 0.8218546963326134, ""weight"": 0.25}, {""p_home_win"": 0.9109273481663067, ""weight"": 0.5}, {""p_home_win"": 1.0, ""weight"": 0.25}]",15.129261247372494,,elo,"{'home_advantage': 1.922539785291538, 'scale': 0.07158137402063032, 'error_term': 13.064044263327363, 'win_prob_k': 6.507178925561291}",0.0,-13.0
2025-12-28,Oklahoma City Thunder,Philadelphia 76ers,129.0,104.0,False,False,2025-12-28|Philadelphia 76ers|Oklahoma City Thunder,,,,2025-12-28|Philadelphia 76ers|Oklahoma City Thunder,0.836479141032058,"[{""p_home_win"": 0.672958282064116, ""weight"": 0.25}, {""p_home_win"": 0.836479141032058, ""weight"": 0.5}, {""p_home_win"": 1.0, ""weight"": 0.25}]",10.7676169335455,,elo,"{'home_advantage': 1.853305204666226, 'scale': 0.07173473957809345, 'error_term': 13.097224327103904, 'win_prob_k': 6.5967494012257415}",1.0,25.0
2025-12-28,Toronto Raptors,Golden State Warriors,141.0,127.0,False,False,2025-12-28|Golden State Warriors|Toronto Raptors,,,,2025-12-28|Golden State Warriors|Toronto Raptors,0.569468815091136,"[{""p_home_win"": 0.138937630182272, ""weight"": 0.25}, {""p_home_win"": 0.569468815091136, ""weight"": 0.5}, {""p_home_win"": 1.0, ""weight"": 0.25}]",1.8450069940217746,,elo,"{'home_advantage': 1.853305204666226, 'scale': 0.07173473957809345, 'error_term': 13.097224327103904, 'win_prob_k': 6.5967494012257415}",1.0,14.0
2025-12-28,Portland Trail Blazers,Boston Celtics,114.0,108.0,False,False,2025-12-28|Boston Celtics|Portland Trail Blazers,,,,2025-12-28|Boston Celtics|Portland Trail Blazers,0.27644371574271154,"[{""p_home_win"": 0.0, ""weight"": 0.25}, {""p_home_win"": 0.27644371574271154, ""weight"": 0.5}, {""p_home_win"": 0.5528874314854231, ""weight"": 0.25}]",-6.347201607467605,,elo,"{'home_advantage': 1.853305204666226, 'scale': 0.07173473957809345, 'error_term': 13.097224327103904, 'win_prob_k': 6.5967494012257415}",1.0,6.0
2025-12-28,Washington Wizards,Memphis Grizzlies,116.0,112.0,False,False,2025-12-28|Memphis Grizzlies|Washington Wizards,,,,2025-12-28|Memphis Grizzlies|Washington Wizards,0.29962451413009505,"[{""p_home_win"": 0.0, ""weight"": 0.25}, {""p_home_win"": 0.29962451413009505, ""weight"": 0.5}, {""p_home_win"": 0.5992490282601901, ""weight"": 0.25}]",-5.601211048164734,,elo,"{'home_advantage': 1.853305204666226, 'scale': 0.07173473957809345, 'error_term': 13.097224327103904, 'win_prob_k': 6.5967494012257415}",1.0,4.0
2025-12-28,Los Angeles Clippers,Detroit Pistons,112.0,99.0,False,False,2025-12-28|Detroit Pistons|Los Angeles Clippers,,,,2025-12-28|Detroit Pistons|Los Angeles Clippers,0.17141980525850486,"[{""p_home_win"": 0.0, ""weight"": 0.25}, {""p_home_win"": 0.17141980525850486, ""weight"": 0.5}, {""p_home_win"": 0.34283961051700973, ""weight"": 0.25}]",-10.393825676711364,,elo,"{'home_advantage': 1.853305204666226, 'scale': 0.07173473957809345, 'error_term': 13.097224327103904, 'win_prob_k': 6.5967494012257415}",1.0,13.0
2025-12-28,Los Angeles Lakers,Sacramento Kings,125.0,101.0,False,False,2025-12-28|Sacramento Kings|Los Angeles Lakers,,,,2025-12-28|Sacramento Kings|Los Angeles Lakers,0.875123541776545,"[{""p_home_win"": 0.7502470835530901, ""weight"": 0.25}, {""p_home_win"": 0.875123541776545, ""weight"": 0.5}, {""p_home_win"": 1.0, ""weight"": 0.25}]",12.844135961006513,,elo,"{'home_advantage': 1.853305204666226, 'scale': 0.07173473957809345, 'error_term': 13.097224327103904, 'win_prob_k': 6.5967494012257415}",1.0,24.0
2025-12-29,Charlotte Hornets,Milwaukee Bucks,113.0,123.0,False,False,2025-12-29|Milwaukee Bucks|Charlotte Hornets,,,,2025-12-29|Milwaukee Bucks|Charlotte Hornets,0.5725015254950115,"[{""p_home_win"": 0.14500305099002309, ""weight"": 0.25}, {""p_home_win"": 0.5725015254950115, ""weight"": 0.5}, {""p_home_win"": 1.0, ""weight"": 0.25}]",1.9527480182000672,,elo,"{'home_advantage': 2.0344720714177993, 'scale': 0.07271029139278629, 'error_term': 13.110786715414982, 'win_prob_k': 6.686012213593212}",0.0,-10.0
2025-12-29,Washington Wizards,Phoenix Suns,101.0,115.0,False,False,2025-12-29|Phoenix Suns|Washington Wizards,,,,2025-12-29|Phoenix Suns|Washington Wizards,0.2199917760676735,"[{""p_home_win"": 0.0, ""weight"": 0.25}, {""p_home_win"": 0.2199917760676735, ""weight"": 0.5}, {""p_home_win"": 0.439983552135347, ""weight"": 0.25}]",-8.462581261953053,,elo,"{'home_advantage': 2.0344720714177993, 'scale': 0.07271029139278629, 'error_term': 13.110786715414982, 'win_prob_k': 6.686012213593212}",0.0,-14.0
2025-12-29,Brooklyn Nets,Golden State Warriors,107.0,120.0,False,False,2025-12-29|Golden State Warriors|Brooklyn Nets,,,,2025-12-29|Golden State Warriors|Brooklyn Nets,0.4271248116000007,"[{""p_home_win"": 0.0, ""weight"": 0.25}, {""p_home_win"": 0.4271248116000007, ""weight"": 0.5}, {""p_home_win"": 0.8542496232000014, ""weight"": 0.25}]",-1.9629570391211737,,elo,"{'home_advantage': 2.0344720714177993, 'scale': 0.07271029139278629, 'error_term': 13.110786715414982, 'win_prob_k': 6.686012213593212}",0.0,-13.0
2025-12-29,Miami Heat,Denver Nuggets,147.0,123.0,False,False,2025-12-29|Denver Nuggets|Miami Heat,,,,2025-12-29|Denver Nuggets|Miami Heat,0.36898881279160445,"[{""p_home_win"": 0.0, ""weight"": 0.25}, {""p_home_win"": 0.36898881279160445, ""weight"": 0.5}, {""p_home_win"": 0.7379776255832089, ""weight"": 0.25}]",-3.587428432249706,,elo,"{'home_advantage': 2.0344720714177993, 'scale': 0.07271029139278629, 'error_term': 13.110786715414982, 'win_prob_k': 6.686012213593212}",1.0,24.0
2025-12-29,Toronto Raptors,Orlando Magic,107.0,106.0,False,False,2025-12-29|Orlando Magic|Toronto Raptors,,,,2025-12-29|Orlando Magic|Toronto Raptors,0.5376729268111462,"[{""p_home_win"": 0.0753458536222924, ""weight"": 0.25}, {""p_home_win"": 0.5376729268111462, ""weight"": 0.5}, {""p_home_win"": 1.0, ""weight"": 0.25}]",1.0094396911232044,,elo,"{'home_advantage': 2.0344720714177993, 'scale': 0.07271029139278629, 'error_term': 13.110786715414982, 'win_prob_k': 6.686012213593212}",1.0,1.0
2025-12-29,Chicago Bulls,Minnesota Timberwolves,101.0,136.0,False,False,2025-12-29|Minnesota Timberwolves|Chicago Bulls,,,,2025-12-29|Minnesota Timberwolves|Chicago Bulls,0.4142529169814561,"[{""p_home_win"": 0.0, ""weight"": 0.25}, {""p_home_win"": 0.4142529169814561, ""weight"": 0.5}, {""p_home_win"": 0.8285058339629122, ""weight"": 0.25}]",-2.3161108485751574,,elo,"{'home_advantage': 2.0344720714177993, 'scale': 0.07271029139278629, 'error_term': 13.110786715414982, 'win_prob_k': 6.686012213593212}",0.0,-35.0
2025-12-29,Houston Rockets,Indiana Pacers,126.0,119.0,False,False,2025-12-29|Indiana Pacers|Houston Rockets,,,,2025-12-29|Indiana Pacers|Houston Rockets,0.929408235013644,"[{""p_home_win"": 0.858816470027288, ""weight"": 0.25}, {""p_home_win"": 0.929408235013644, ""weight"": 0.5}, {""p_home_win"": 1.0, ""weight"": 0.25}]",17.23409630236922,,elo,"{'home_advantage': 2.0344720714177993, 'scale': 0.07271029139278629, 'error_term': 13.110786715414982, 'win_prob_k': 6.686012213593212}",1.0,7.0
2025-12-29,New Orleans Pelicans,New York Knicks,125.0,130.0,False,False,2025-12-29|New York Knicks|New Orleans Pelicans,,,,2025-12-29|New York Knicks|New Orleans Pelicans,0.12476138254461004,"[{""p_home_win"": 0.0, ""weight"": 0.25}, {""p_home_win"": 0.12476138254461004, ""weight"": 0.5}, {""p_home_win"": 0.24952276508922008, ""weight"": 0.25}]",-13.024977479343276,,elo,"{'home_advantage': 2.0344720714177993, 'scale': 0.07271029139278629, 'error_term': 13.110786715414982, 'win_prob_k': 6.686012213593212}",0.0,-5.0
2025-12-29,Oklahoma City Thunder,Atlanta Hawks,140.0,129.0,False,False,2025-12-29|Atlanta Hawks|Oklahoma City Thunder,,,,2025-12-29|Atlanta Hawks|Oklahoma City Thunder,0.900144080067051,"[{""p_home_win"": 0.8002881601341021, ""weight"": 0.25}, {""p_home_win"": 0.900144080067051, ""weight"": 0.5}, {""p_home_win"": 1.0, ""weight"": 0.25}]",14.701380788496445,,elo,"{'home_advantage': 2.0344720714177993, 'scale': 0.07271029139278629, 'error_term': 13.110786715414982, 'win_prob_k': 6.686012213593212}",1.0,11.0
2025-12-29,San Antonio Spurs,Cleveland Cavaliers,101.0,113.0,False,False,2025-12-29|Cleveland Cavaliers|San Antonio Spurs,,,,2025-12-29|Cleveland Cavaliers|San Antonio Spurs,0.8608806599732713,"[{""p_home_win"": 0.7217613199465427, ""weight"": 0.25}, {""p_home_win"": 0.8608806599732713, ""weight"": 0.5}, {""p_home_win"": 1.0, ""weight"": 0.25}]",12.18608473617206,,elo,"{'home_advantage': 2.0344720714177993, 'scale': 0.07271029139278629, 'error_term': 13.110786715414982, 'win_prob_k': 6.686012213593212}",0.0,-12.0
2025-12-29,Portland Trail Blazers,Dallas Mavericks,125.0,122.0,False,False,2025-12-29|Dallas Mavericks|Portland Trail Blazers,,,,2025-12-29|Dallas Mavericks|Portland Trail Blazers,0.6199265018768749,"[{""p_home_win"": 0.23985300375374985, ""weight"": 0.25}, {""p_home_win"": 0.6199265018768749, ""weight"": 0.5}, {""p_home_win"": 1.0, ""weight"": 0.25}]",3.27103971346471,,elo,"{'home_advantage': 2.0344720714177993, 'scale': 0.07271029139278629, 'error_term': 13.110786715414982, 'win_prob_k': 6.686012213593212}",1.0,3.0
2025-12-30,Memphis Grizzlies,Philadelphia 76ers,136.0,139.0,False,False,2025-12-30|Philadelphia 76ers|Memphis Grizzlies,,,,2025-12-30|Philadelphia 76ers|Memphis Grizzlies,0.5486652244711683,"[{""p_home_win"": 0.09733044894233656, ""weight"": 0.25}, {""p_home_win"": 0.5486652244711683, ""weight"": 0.5}, {""p_home_win"": 1.0, ""weight"": 0.25}]",1.2905380634401644,,elo,"{'home_advantage': 1.894609811584461, 'scale': 0.07075955503201725, 'error_term': 13.131826173003406, 'win_prob_k': 6.6086848938972995}",0.0,-3.0
2025-12-30,Utah Jazz,Boston Celtics,119.0,129.0,False,False,2025-12-30|Boston Celtics|Utah Jazz,,,,2025-12-30|Boston Celtics|Utah Jazz,0.3308611946737609,"[{""p_home_win"": 0.0, ""weight"": 0.25}, {""p_home_win"": 0.3308611946737609, ""weight"": 0.5}, {""p_home_win"": 0.6617223893475218, ""weight"": 0.25}]",-4.654447763567002,,elo,"{'home_advantage': 1.894609811584461, 'scale': 0.07075955503201725, 'error_term': 13.131826173003406, 'win_prob_k': 6.6086848938972995}",0.0,-10.0
2025-12-30,Los Angeles Lakers,Detroit Pistons,106.0,128.0,False,False,2025-12-30|Detroit Pistons|Los Angeles Lakers,,,,2025-12-30|Detroit Pistons|Los Angeles Lakers,0.4942297124340632,"[{""p_home_win"": 0.0, ""weight"": 0.25}, {""p_home_win"": 0.4942297124340632, ""weight"": 0.5}, {""p_home_win"": 0.9884594248681264, ""weight"": 0.25}]",-0.1525428214545057,,elo,"{'home_advantage': 1.894609811584461, 'scale': 0.07075955503201725, 'error_term': 13.131826173003406, 'win_prob_k': 6.6086848938972995}",0.0,-22.0
2025-12-30,Los Angeles Clippers,Sacramento Kings,131.0,90.0,False,False,2025-12-30|Sacramento Kings|Los Angeles Clippers,,,,2025-12-30|Sacramento Kings|Los Angeles Clippers,0.6785143335610964,"[{""p_home_win"": 0.3570286671221927, ""weight"": 0.25}, {""p_home_win"": 0.6785143335610964, ""weight"": 0.5}, {""p_home_win"": 1.0, ""weight"": 0.25}]",4.936374662314972,,elo,"{'home_advantage': 1.894609811584461, 'scale': 0.07075955503201725, 'error_term': 13.131826173003406, 'win_prob_k': 6.6086848938972995}",1.0,41.0
2025-12-31,Charlotte Hornets,Golden State Warriors,125.0,132.0,False,False,2025-12-31|Golden State Warriors|Charlotte Hornets,,,,2025-12-31|Golden State Warriors|Charlotte Hornets,0.3731488556266087,"[{""p_home_win"": 0.0, ""weight"": 0.25}, {""p_home_win"": 0.3731488556266087, ""weight"": 0.5}, {""p_home_win"": 0.7462977112532174, ""weight"": 0.25}]",-3.465363904356094,,elo,"{'home_advantage': 1.9069036323956914, 'scale': 0.07054703768170469, 'error_term': 13.191043432806657, 'win_prob_k': 6.680455417297898}",0.0,-7.0
2025-12-31,Atlanta Hawks,Minnesota Timberwolves,126.0,102.0,False,False,2025-12-31|Minnesota Timberwolves|Atlanta Hawks,,,,2025-12-31|Minnesota Timberwolves|Atlanta Hawks,0.32405753627076966,"[{""p_home_win"": 0.0, ""weight"": 0.25}, {""p_home_win"": 0.32405753627076966, ""weight"": 0.5}, {""p_home_win"": 0.6481150725415393, ""weight"": 0.25}]",-4.911383165099991,,elo,"{'home_advantage': 1.9069036323956914, 'scale': 0.07054703768170469, 'error_term': 13.191043432806657, 'win_prob_k': 6.680455417297898}",1.0,24.0
2025-12-31,Indiana Pacers,Orlando Magic,110.0,112.0,False,False,2025-12-31|Orlando Magic|Indiana Pacers,,,,2025-12-31|Orlando Magic|Indiana Pacers,0.17964602969166185,"[{""p_home_win"": 0.0, ""weight"": 0.25}, {""p_home_win"": 0.17964602969166185, ""weight"": 0.5}, {""p_home_win"": 0.3592920593833237, ""weight"": 0.25}]",-10.145924998278849,,elo,"{'home_advantage': 1.9069036323956914, 'scale': 0.07054703768170469, 'error_term': 13.191043432806657, 'win_prob_k': 6.680455417297898}",0.0,-2.0
2025-12-31,Cleveland Cavaliers,Phoenix Suns,129.0,113.0,False,False,2025-12-31|Phoenix Suns|Cleveland Cavaliers,,,,2025-12-31|Phoenix Suns|Cleveland Cavaliers,0.3926050785447586,"[{""p_home_win"": 0.0, ""weight"": 0.25}, {""p_home_win"": 0.3926050785447586, ""weight"": 0.5}, {""p_home_win"": 0.7852101570895172, ""weight"": 0.25}]",-2.9151835592012016,,elo,"{'home_advantage': 1.9069036323956914, 'scale': 0.07054703768170469, 'error_term': 13.191043432806657, 'win_prob_k': 6.680455417297898}",1.0,16.0
2025-12-31,Chicago Bulls,New Orleans Pelicans,134.0,118.0,False,False,2025-12-31|New Orleans Pelicans|Chicago Bulls,,,,2025-12-31|New Orleans Pelicans|Chicago Bulls,0.7741768195883865,"[{""p_home_win"": 0.5483536391767729, ""weight"": 0.25}, {""p_home_win"": 0.7741768195883865, ""weight"": 0.5}, {""p_home_win"": 1.0, ""weight"": 0.25}]",8.230641676459134,,elo,"{'home_advantage': 1.9069036323956914, 'scale': 0.07054703768170469, 'error_term': 13.191043432806657, 'win_prob_k': 6.680455417297898}",1.0,16.0
2025-12-31,San Antonio Spurs,New York Knicks,134.0,132.0,False,False,2025-12-31|New York Knicks|San Antonio Spurs,,,,2025-12-31|New York Knicks|San Antonio Spurs,0.5680374116084154,"[{""p_home_win"": 0.13607482321683073, ""weight"": 0.25}, {""p_home_win"": 0.5680374116084154, ""weight"": 0.5}, {""p_home_win"": 1.0, ""weight"": 0.25}]",1.8294313493073673,,elo,"{'home_advantage': 1.9069036323956914, 'scale': 0.07054703768170469, 'error_term': 13.191043432806657, 'win_prob_k': 6.680455417297898}",1.0,2.0
2025-12-31,Toronto Raptors,Denver Nuggets,103.0,106.0,False,False,2025-12-31|Denver Nuggets|Toronto Raptors,,,,2025-12-31|Denver Nuggets|Toronto Raptors,0.45442539897909545,"[{""p_home_win"": 0.0, ""weight"": 0.25}, {""p_home_win"": 0.45442539897909545, ""weight"": 0.5}, {""p_home_win"": 0.9088507979581909, ""weight"": 0.25}]",-1.2212259406684483,,elo,"{'home_advantage': 1.9069036323956914, 'scale': 0.07054703768170469, 'error_term': 13.191043432806657, 'win_prob_k': 6.680455417297898}",0.0,-3.0
2025-12-31,Milwaukee Bucks,Washington Wizards,113.0,114.0,False,False,2025-12-31|Washington Wizards|Milwaukee Bucks,,,,2025-12-31|Washington Wizards|Milwaukee Bucks,0.7336612759163699,"[{""p_home_win"": 0.46732255183273974, ""weight"": 0.25}, {""p_home_win"": 0.7336612759163699, ""weight"": 0.5}, {""p_home_win"": 1.0, ""weight"": 0.25}]",6.769162162815888,,elo,"{'home_advantage': 1.9069036323956914, 'scale': 0.07054703768170469, 'error_term': 13.191043432806657, 'win_prob_k': 6.680455417297898}",0.0,-1.0
2025-12-31,Oklahoma City Thunder,Portland Trail Blazers,124.0,95.0,False,False,2025-12-31|Portland Trail Blazers|Oklahoma City Thunder,,,,2025-12-31|Portland Trail Blazers|Oklahoma City Thunder,0.8840791248134675,"[{""p_home_win"": 0.768158249626935, ""weight"": 0.25}, {""p_home_win"": 0.8840791248134675, ""weight"": 0.5}, {""p_home_win"": 1.0, ""weight"": 0.25}]",13.572271882577006,,elo,"{'home_advantage': 1.9069036323956914, 'scale': 0.07054703768170469, 'error_term': 13.191043432806657, 'win_prob_k': 6.680455417297898}",1.0,29.0
2026-01-01,Brooklyn Nets,Houston Rockets,96.0,120.0,False,False,2026-01-01|Houston Rockets|Brooklyn Nets,,,,2026-01-01|Houston Rockets|Brooklyn Nets,0.2569005374302069,"[{""p_home_win"": 0.0, ""weight"": 0.25}, {""p_home_win"": 0.2569005374302069, ""weight"": 0.5}, {""p_home_win"": 0.5138010748604138, ""weight"": 0.25}]",-7.0419342354631675,,elo,"{'home_advantage': 2.0585016484905685, 'scale': 0.06944386353293022, 'error_term': 13.192066848843007, 'win_prob_k': 6.629943538323111}",0.0,-24.0
2026-01-01,Detroit Pistons,Miami Heat,112.0,118.0,False,False,2026-01-01|Miami Heat|Detroit Pistons,,,,2026-01-01|Miami Heat|Detroit Pistons,0.7874736353156568,"[{""p_home_win"": 0.5749472706313137, ""weight"": 0.25}, {""p_home_win"": 0.7874736353156568, ""weight"": 0.5}, {""p_home_win"": 1.0, ""weight"": 0.25}]",8.683660317044257,,elo,"{'home_advantage': 2.0585016484905685, 'scale': 0.06944386353293022, 'error_term': 13.192066848843007, 'win_prob_k': 6.629943538323111}",0.0,-6.0
2026-01-01,Dallas Mavericks,Philadelphia 76ers,108.0,123.0,False,False,2026-01-01|Philadelphia 76ers|Dallas Mavericks,,,,2026-01-01|Philadelphia 76ers|Dallas Mavericks,0.3905474508154093,"[{""p_home_win"": 0.0, ""weight"": 0.25}, {""p_home_win"": 0.3905474508154093, ""weight"": 0.5}, {""p_home_win"": 0.7810949016308186, ""weight"": 0.25}]",-2.950401907777171,,elo,"{'home_advantage': 2.0585016484905685, 'scale': 0.06944386353293022, 'error_term': 13.192066848843007, 'win_prob_k': 6.629943538323111}",0.0,-15.0
2026-01-01,Sacramento Kings,Boston Celtics,106.0,120.0,False,False,2026-01-01|Boston Celtics|Sacramento Kings,,,,2026-01-01|Boston Celtics|Sacramento Kings,0.19241510703579298,"[{""p_home_win"": 0.0, ""weight"": 0.25}, {""p_home_win"": 0.19241510703579298, ""weight"": 0.5}, {""p_home_win"": 0.38483021407158596, ""weight"": 0.25}]",-9.509945438004621,,elo,"{'home_advantage': 2.0585016484905685, 'scale': 0.06944386353293022, 'error_term': 13.192066848843007, 'win_prob_k': 6.629943538323111}",0.0,-14.0
2026-01-01,Los Angeles Clippers,Utah Jazz,118.0,101.0,False,False,2026-01-01|Utah Jazz|Los Angeles Clippers,,,,2026-01-01|Utah Jazz|Los Angeles Clippers,0.5810550852101323,"[{""p_home_win"": 0.16211017042026454, ""weight"": 0.25}, {""p_home_win"": 0.5810550852101323, ""weight"": 0.5}, {""p_home_win"": 1.0, ""weight"": 0.25}]",2.1686951092459914,,elo,"{'home_advantage': 2.0585016484905685, 'scale': 0.06944386353293022, 'error_term': 13.192066848843007, 'win_prob_k': 6.629943538323111}",1.0,17.0
2026-01-02,Indiana Pacers,San Antonio Spurs,,,False,False,2026-01-02|San Antonio Spurs|Indiana Pacers,,,,2026-01-02|San Antonio Spurs|Indiana Pacers,0.08400319456455821,"[{""p_home_win"": 0.0, ""weight"": 0.25}, {""p_home_win"": 0.08400319456455821, ""weight"": 0.5}, {""p_home_win"": 0.16800638912911642, ""weight"": 0.25}]",-16.083361071515142,,elo,"{'home_advantage': 2.010716510648166, 'scale': 0.0697872891602818, 'error_term': 13.137699282670123, 'win_prob_k': 6.731811267824062}",0.5,
2026-01-02,Washington Wizards,Brooklyn Nets,,,False,False,2026-01-02|Brooklyn Nets|Washington Wizards,,,,2026-01-02|Brooklyn Nets|Washington Wizards,0.5299775318325605,"[{""p_home_win"": 0.05995506366512093, ""weight"": 0.25}, {""p_home_win"": 0.5299775318325605, ""weight"": 0.5}, {""p_home_win"": 1.0, ""weight"": 0.25}]",0.808181642124751,,elo,"{'home_advantage': 2.010716510648166, 'scale': 0.0697872891602818, 'error_term': 13.137699282670123, 'win_prob_k': 6.731811267824062}",0.5,
2026-01-02,Cleveland Cavaliers,Denver Nuggets,,,False,False,2026-01-02|Denver Nuggets|Cleveland Cavaliers,,,,2026-01-02|Denver Nuggets|Cleveland Cavaliers,0.36471210240510005,"[{""p_home_win"": 0.0, ""weight"": 0.25}, {""p_home_win"": 0.36471210240510005, ""weight"": 0.5}, {""p_home_win"": 0.7294242048102001, ""weight"": 0.25}]",-3.735953274881738,,elo,"{'home_advantage': 2.010716510648166, 'scale': 0.0697872891602818, 'error_term': 13.137699282670123, 'win_prob_k': 6.731811267824062}",0.5,
2026-01-02,New York Knicks,Atlanta Hawks,,,False,False,2026-01-02|Atlanta Hawks|New York Knicks,,,,2026-01-02|Atlanta Hawks|New York Knicks,0.836821320849318,"[{""p_home_win"": 0.6736426416986361, ""weight"": 0.25}, {""p_home_win"": 0.836821320849318, ""weight"": 0.5}, {""p_home_win"": 1.0, ""weight"": 0.25}]",11.00492796945043,,elo,"{'home_advantage': 2.010716510648166, 'scale': 0.0697872891602818, 'error_term': 13.137699282670123, 'win_prob_k': 6.731811267824062}",0.5,
2026-01-02,Chicago Bulls,Orlando Magic,,,False,False,2026-01-02|Orlando Magic|Chicago Bulls,,,,2026-01-02|Orlando Magic|Chicago Bulls,0.4194795154402967,"[{""p_home_win"": 0.0, ""weight"": 0.25}, {""p_home_win"": 0.4194795154402967, ""weight"": 0.5}, {""p_home_win"": 0.8389590308805934, ""weight"": 0.25}]",-2.187235454589901,,elo,"{'home_advantage': 2.010716510648166, 'scale': 0.0697872891602818, 'error_term': 13.137699282670123, 'win_prob_k': 6.731811267824062}",0.5,
2026-01-02,Milwaukee Bucks,Charlotte Hornets,,,False,False,2026-01-02|Charlotte Hornets|Milwaukee Bucks,,,,2026-01-02|Charlotte Hornets|Milwaukee Bucks,0.6307578575150412,"[{""p_home_win"": 0.2615157150300824, ""weight"": 0.25}, {""p_home_win"": 0.6307578575150412, ""weight"": 0.5}, {""p_home_win"": 1.0, ""weight"": 0.25}]",3.6046789629518248,,elo,"{'home_advantage': 2.010716510648166, 'scale': 0.0697872891602818, 'error_term': 13.137699282670123, 'win_prob_k': 6.731811267824062}",0.5,
2026-01-02,New Orleans Pelicans,Portland Trail Blazers,,,False,False,2026-01-02|Portland Trail Blazers|New Orleans Pelicans,,,,2026-01-02|Portland Trail Blazers|New Orleans Pelicans,0.34119746633223136,"[{""p_home_win"": 0.0, ""weight"": 0.25}, {""p_home_win"": 0.34119746633223136, ""weight"": 0.5}, {""p_home_win"": 0.6823949326644627, ""weight"": 0.25}]",-4.4292790639627375,,elo,"{'home_advantage': 2.010716510648166, 'scale': 0.0697872891602818, 'error_term': 13.137699282670123, 'win_prob_k': 6.731811267824062}",0.5,
2026-01-02,Phoenix Suns,Sacramento Kings,,,False,False,2026-01-02|Sacramento Kings|Phoenix Suns,,,,2026-01-02|Sacramento Kings|Phoenix Suns,0.8746182152773342,"[{""p_home_win"": 0.7492364305546684, ""weight"": 0.25}, {""p_home_win"": 0.8746182152773342, ""weight"": 0.5}, {""p_home_win"": 1.0, ""weight"": 0.25}]",13.076032480228802,,elo,"{'home_advantage': 2.010716510648166, 'scale': 0.0697872891602818, 'error_term': 13.137699282670123, 'win_prob_k': 6.731811267824062}",0.5,
2026-01-02,Golden State Warriors,Oklahoma City Thunder,,,False,False,2026-01-02|Oklahoma City Thunder|Golden State Warriors,,,,2026-01-02|Oklahoma City Thunder|Golden State Warriors,0.2973824090363412,"[{""p_home_win"": 0.0, ""weight"": 0.25}, {""p_home_win"": 0.2973824090363412, ""weight"": 0.5}, {""p_home_win"": 0.5947648180726824, ""weight"": 0.25}]",-5.787970219374306,,elo,"{'home_advantage': 2.010716510648166, 'scale': 0.0697872891602818, 'error_term': 13.137699282670123, 'win_prob_k': 6.731811267824062}",0.5,
2026-01-02,Los Angeles Lakers,Memphis Grizzlies,,,False,False,2026-01-02|Memphis Grizzlies|Los Angeles Lakers,,,,2026-01-02|Memphis Grizzlies|Los Angeles Lakers,0.7502468458946226,"[{""p_home_win"": 0.5004936917892453, ""weight"": 0.25}, {""p_home_win"": 0.7502468458946226, ""weight"": 0.5}, {""p_home_win"": 1.0, ""weight"": 0.25}]",7.404516009497887,,elo,"{'home_advantage': 2.010716510648166, 'scale': 0.0697872891602818, 'error_term': 13.137699282670123, 'win_prob_k': 6.731811267824062}",0.5,
