date,home_team,away_team,home_score,away_score,neutral,overtime,game_id,sport,season,notes,game_id_pred,p_home_win,win_prob_dist,pred_margin,pred_total,model_id,extra,home_win,actual_margin
2025-10-25,Orlando Magic,Chicago Bulls,98.0,110.0,False,False,2025-10-25|Chicago Bulls|Orlando Magic,,,,2025-10-25|Chicago Bulls|Orlando Magic,0.17721992909470596,"[{""p_home_win"": 0.0, ""weight"": 0.25}, {""p_home_win"": 0.17721992909470596, ""weight"": 0.5}, {""p_home_win"": 0.3544398581894119, ""weight"": 0.25}]",-2.5351409554197524,,elo,"{'home_advantage': 1.1875724537421568, 'scale': 0.1669942444961473, 'error_term': 12.38813761731362, 'win_prob_k': 1.6512376643407332}",0.0,-12.0
2025-10-25,Atlanta Hawks,Oklahoma City Thunder,100.0,117.0,False,False,2025-10-25|Oklahoma City Thunder|Atlanta Hawks,,,,2025-10-25|Oklahoma City Thunder|Atlanta Hawks,0.04843150322096331,"[{""p_home_win"": 0.0, ""weight"": 0.25}, {""p_home_win"": 0.04843150322096331, ""weight"": 0.5}, {""p_home_win"": 0.09686300644192662, ""weight"": 0.25}]",-4.917321659023652,,elo,"{'home_advantage': 1.1875724537421568, 'scale': 0.1669942444961473, 'error_term': 12.38813761731362, 'win_prob_k': 1.6512376643407332}",0.0,-17.0
2025-10-25,Philadelphia 76ers,Charlotte Hornets,125.0,121.0,False,False,2025-10-25|Charlotte Hornets|Philadelphia 76ers,,,,2025-10-25|Charlotte Hornets|Philadelphia 76ers,0.6724311375112699,"[{""p_home_win"": 0.34486227502253985, ""weight"": 0.25}, {""p_home_win"": 0.6724311375112699, ""weight"": 0.5}, {""p_home_win"": 1.0, ""weight"": 0.25}]",1.1875724537421568,,elo,"{'home_advantage': 1.1875724537421568, 'scale': 0.1669942444961473, 'error_term': 12.38813761731362, 'win_prob_k': 1.6512376643407332}",1.0,4.0
2025-10-25,Memphis Grizzlies,Indiana Pacers,128.0,103.0,False,False,2025-10-25|Indiana Pacers|Memphis Grizzlies,,,,2025-10-25|Indiana Pacers|Memphis Grizzlies,0.91634628735041,"[{""p_home_win"": 0.83269257470082, ""weight"": 0.25}, {""p_home_win"": 0.91634628735041, ""weight"": 0.5}, {""p_home_win"": 1.0, ""weight"": 0.25}]",3.9525816765850195,,elo,"{'home_advantage': 1.1875724537421568, 'scale': 0.1669942444961473, 'error_term': 12.38813761731362, 'win_prob_k': 1.6512376643407332}",1.0,25.0
2025-10-25,Denver Nuggets,Phoenix Suns,133.0,111.0,False,False,2025-10-25|Phoenix Suns|Denver Nuggets,,,,2025-10-25|Phoenix Suns|Denver Nuggets,0.27781905369278315,"[{""p_home_win"": 0.0, ""weight"": 0.25}, {""p_home_win"": 0.27781905369278315, ""weight"": 0.5}, {""p_home_win"": 0.5556381073855663, ""weight"": 0.25}]",-1.5774367691007056,,elo,"{'home_advantage': 1.1875724537421568, 'scale': 0.1669942444961473, 'error_term': 12.38813761731362, 'win_prob_k': 1.6512376643407332}",1.0,22.0
2025-10-26,San Antonio Spurs,Brooklyn Nets,118.0,107.0,False,False,2025-10-26|Brooklyn Nets|San Antonio Spurs,,,,2025-10-26|Brooklyn Nets|San Antonio Spurs,0.9970130619602463,"[{""p_home_win"": 0.9940261239204926, ""weight"": 0.25}, {""p_home_win"": 0.9970130619602463, ""weight"": 0.5}, {""p_home_win"": 1.0, ""weight"": 0.25}]",14.733333453829351,,elo,"{'home_advantage': 2.0268865757242733, 'scale': 0.1635162785103939, 'error_term': 12.484967231625028, 'win_prob_k': 2.5356329452003794}",1.0,11.0
2025-10-26,Detroit Pistons,Boston Celtics,119.0,113.0,False,False,2025-10-26|Boston Celtics|Detroit Pistons,,,,2025-10-26|Boston Celtics|Detroit Pistons,0.9619850941247433,"[{""p_home_win"": 0.9239701882494866, ""weight"": 0.25}, {""p_home_win"": 0.9619850941247433, ""weight"": 0.5}, {""p_home_win"": 1.0, ""weight"": 0.25}]",8.192682313413595,,elo,"{'home_advantage': 2.0268865757242733, 'scale': 0.1635162785103939, 'error_term': 12.484967231625028, 'win_prob_k': 2.5356329452003794}",1.0,6.0
2025-10-26,Washington Wizards,Charlotte Hornets,113.0,139.0,False,False,2025-10-26|Charlotte Hornets|Washington Wizards,,,,2025-10-26|Charlotte Hornets|Washington Wizards,0.6898378175051881,"[{""p_home_win"": 0.37967563501037627, ""weight"": 0.25}, {""p_home_win"": 0.6898378175051881, ""weight"": 0.5}, {""p_home_win"": 1.0, ""weight"": 0.25}]",2.0268865757242733,,elo,"{'home_advantage': 2.0268865757242733, 'scale': 0.1635162785103939, 'error_term': 12.484967231625028, 'win_prob_k': 2.5356329452003794}",0.0,-26.0
2025-10-26,Miami Heat,New York Knicks,115.0,107.0,False,False,2025-10-26|New York Knicks|Miami Heat,,,,2025-10-26|New York Knicks|Miami Heat,0.18475422776086783,"[{""p_home_win"": 0.0, ""weight"": 0.25}, {""p_home_win"": 0.18475422776086783, ""weight"": 0.5}, {""p_home_win"": 0.36950845552173567, ""weight"": 0.25}]",-3.7640537592386134,,elo,"{'home_advantage': 2.0268865757242733, 'scale': 0.1635162785103939, 'error_term': 12.484967231625028, 'win_prob_k': 2.5356329452003794}",1.0,8.0
2025-10-26,Cleveland Cavaliers,Milwaukee Bucks,118.0,113.0,False,False,2025-10-26|Milwaukee Bucks|Cleveland Cavaliers,,,,2025-10-26|Milwaukee Bucks|Cleveland Cavaliers,0.14428667880203563,"[{""p_home_win"": 0.0, ""weight"": 0.25}, {""p_home_win"": 0.14428667880203563, ""weight"": 0.5}, {""p_home_win"": 0.28857335760407127, ""weight"": 0.25}]",-4.513764564691483,,elo,"{'home_advantage': 2.0268865757242733, 'scale': 0.1635162785103939, 'error_term': 12.484967231625028, 'win_prob_k': 2.5356329452003794}",1.0,5.0
2025-10-26,Minnesota Timberwolves,Indiana Pacers,114.0,110.0,False,False,2025-10-26|Indiana Pacers|Minnesota Timberwolves,,,,2025-10-26|Indiana Pacers|Minnesota Timberwolves,0.9567042793426176,"[{""p_home_win"": 0.9134085586852352, ""weight"": 0.25}, {""p_home_win"": 0.9567042793426176, ""weight"": 0.5}, {""p_home_win"": 1.0, ""weight"": 0.25}]",7.848901002122668,,elo,"{'home_advantage': 2.0268865757242733, 'scale': 0.1635162785103939, 'error_term': 12.484967231625028, 'win_prob_k': 2.5356329452003794}",1.0,4.0
2025-10-26,Dallas Mavericks,Toronto Raptors,139.0,129.0,False,False,2025-10-26|Toronto Raptors|Dallas Mavericks,,,,2025-10-26|Toronto Raptors|Dallas Mavericks,0.14428667880203563,"[{""p_home_win"": 0.0, ""weight"": 0.25}, {""p_home_win"": 0.14428667880203563, ""weight"": 0.5}, {""p_home_win"": 0.28857335760407127, ""weight"": 0.25}]",-4.513764564691483,,elo,"{'home_advantage': 2.0268865757242733, 'scale': 0.1635162785103939, 'error_term': 12.484967231625028, 'win_prob_k': 2.5356329452003794}",1.0,10.0
2025-10-26,Sacramento Kings,Los Angeles Lakers,120.0,127.0,False,False,2025-10-26|Los Angeles Lakers|Sacramento Kings,,,,2025-10-26|Los Angeles Lakers|Sacramento Kings,0.6898378175051881,"[{""p_home_win"": 0.37967563501037627, ""weight"": 0.25}, {""p_home_win"": 0.6898378175051881, ""weight"": 0.5}, {""p_home_win"": 1.0, ""weight"": 0.25}]",2.0268865757242733,,elo,"{'home_advantage': 2.0268865757242733, 'scale': 0.1635162785103939, 'error_term': 12.484967231625028, 'win_prob_k': 2.5356329452003794}",0.0,-7.0
2025-10-26,Los Angeles Clippers,Portland Trail Blazers,114.0,107.0,False,False,2025-10-26|Portland Trail Blazers|Los Angeles Clippers,,,,2025-10-26|Portland Trail Blazers|Los Angeles Clippers,0.6749806868578838,"[{""p_home_win"": 0.34996137371576763, ""weight"": 0.25}, {""p_home_win"": 0.6749806868578838, ""weight"": 0.5}, {""p_home_win"": 1.0, ""weight"": 0.25}]",1.853039219526175,,elo,"{'home_advantage': 2.0268865757242733, 'scale': 0.1635162785103939, 'error_term': 12.484967231625028, 'win_prob_k': 2.5356329452003794}",1.0,7.0
2025-10-27,Detroit Pistons,Cleveland Cavaliers,95.0,116.0,False,False,2025-10-27|Cleveland Cavaliers|Detroit Pistons,,,,2025-10-27|Cleveland Cavaliers|Detroit Pistons,0.6066744539106872,"[{""p_home_win"": 0.2133489078213744, ""weight"": 0.25}, {""p_home_win"": 0.6066744539106872, ""weight"": 0.5}, {""p_home_win"": 1.0, ""weight"": 0.25}]",1.073107494846946,,elo,"{'home_advantage': 1.6612171431749017, 'scale': 0.13202291147281384, 'error_term': 12.058779035478764, 'win_prob_k': 2.476279829146191}",0.0,-21.0
2025-10-27,Philadelphia 76ers,Orlando Magic,136.0,124.0,False,False,2025-10-27|Orlando Magic|Philadelphia 76ers,,,,2025-10-27|Orlando Magic|Philadelphia 76ers,0.9806144778944725,"[{""p_home_win"": 0.9612289557889451, ""weight"": 0.25}, {""p_home_win"": 0.9806144778944725, ""weight"": 0.5}, {""p_home_win"": 1.0, ""weight"": 0.25}]",9.716062506070804,,elo,"{'home_advantage': 1.6612171431749017, 'scale': 0.13202291147281384, 'error_term': 12.058779035478764, 'win_prob_k': 2.476279829146191}",1.0,12.0
2025-10-27,Chicago Bulls,Atlanta Hawks,128.0,123.0,False,False,2025-10-27|Atlanta Hawks|Chicago Bulls,,,,2025-10-27|Atlanta Hawks|Chicago Bulls,0.9725464479378425,"[{""p_home_win"": 0.945092895875685, ""weight"": 0.25}, {""p_home_win"": 0.9725464479378425, ""weight"": 0.5}, {""p_home_win"": 1.0, ""weight"": 0.25}]",8.833935821560758,,elo,"{'home_advantage': 1.6612171431749017, 'scale': 0.13202291147281384, 'error_term': 12.058779035478764, 'win_prob_k': 2.476279829146191}",1.0,5.0
2025-10-27,Houston Rockets,Brooklyn Nets,137.0,109.0,False,False,2025-10-27|Brooklyn Nets|Houston Rockets,,,,2025-10-27|Brooklyn Nets|Houston Rockets,0.8179562875959348,"[{""p_home_win"": 0.6359125751918695, ""weight"": 0.25}, {""p_home_win"": 0.8179562875959348, ""weight"": 0.5}, {""p_home_win"": 1.0, ""weight"": 0.25}]",3.7207641230634723,,elo,"{'home_advantage': 1.6612171431749017, 'scale': 0.13202291147281384, 'error_term': 12.058779035478764, 'win_prob_k': 2.476279829146191}",1.0,28.0
2025-10-27,New Orleans Pelicans,Boston Celtics,90.0,122.0,False,False,2025-10-27|Boston Celtics|New Orleans Pelicans,,,,2025-10-27|Boston Celtics|New Orleans Pelicans,0.8350539604459416,"[{""p_home_win"": 0.6701079208918832, ""weight"": 0.25}, {""p_home_win"": 0.8350539604459416, ""weight"": 0.5}, {""p_home_win"": 1.0, ""weight"": 0.25}]",4.016223674325687,,elo,"{'home_advantage': 1.6612171431749017, 'scale': 0.13202291147281384, 'error_term': 12.058779035478764, 'win_prob_k': 2.476279829146191}",0.0,-32.0
2025-10-27,San Antonio Spurs,Toronto Raptors,121.0,103.0,False,False,2025-10-27|Toronto Raptors|San Antonio Spurs,,,,2025-10-27|Toronto Raptors|San Antonio Spurs,0.9909997625103157,"[{""p_home_win"": 0.9819995250206315, ""weight"": 0.25}, {""p_home_win"": 0.9909997625103157, ""weight"": 0.5}, {""p_home_win"": 1.0, ""weight"": 0.25}]",11.642138811432302,,elo,"{'home_advantage': 1.6612171431749017, 'scale': 0.13202291147281384, 'error_term': 12.058779035478764, 'win_prob_k': 2.476279829146191}",1.0,18.0
2025-10-27,Dallas Mavericks,Oklahoma City Thunder,94.0,101.0,False,False,2025-10-27|Oklahoma City Thunder|Dallas Mavericks,,,,2025-10-27|Oklahoma City Thunder|Dallas Mavericks,0.03560453270142869,"[{""p_home_win"": 0.0, ""weight"": 0.25}, {""p_home_win"": 0.03560453270142869, ""weight"": 0.5}, {""p_home_win"": 0.07120906540285737, ""weight"": 0.25}]",-8.169317714100911,,elo,"{'home_advantage': 1.6612171431749017, 'scale': 0.13202291147281384, 'error_term': 12.058779035478764, 'win_prob_k': 2.476279829146191}",0.0,-7.0
2025-10-27,Utah Jazz,Phoenix Suns,138.0,134.0,False,False,2025-10-27|Phoenix Suns|Utah Jazz,,,,2025-10-27|Phoenix Suns|Utah Jazz,0.8566732912658732,"[{""p_home_win"": 0.7133465825317464, ""weight"": 0.25}, {""p_home_win"": 0.8566732912658732, ""weight"": 0.5}, {""p_home_win"": 1.0, ""weight"": 0.25}]",4.427414800213068,,elo,"{'home_advantage': 1.6612171431749017, 'scale': 0.13202291147281384, 'error_term': 12.058779035478764, 'win_prob_k': 2.476279829146191}",1.0,4.0
2025-10-27,Minnesota Timberwolves,Denver Nuggets,114.0,127.0,False,False,2025-10-27|Denver Nuggets|Minnesota Timberwolves,,,,2025-10-27|Denver Nuggets|Minnesota Timberwolves,0.8012213338252444,"[{""p_home_win"": 0.6024426676504888, ""weight"": 0.25}, {""p_home_win"": 0.8012213338252444, ""weight"": 0.5}, {""p_home_win"": 1.0, ""weight"": 0.25}]",3.4517985186778355,,elo,"{'home_advantage': 1.6612171431749017, 'scale': 0.13202291147281384, 'error_term': 12.058779035478764, 'win_prob_k': 2.476279829146191}",0.0,-13.0
2025-10-27,Golden State Warriors,Memphis Grizzlies,131.0,118.0,False,False,2025-10-27|Memphis Grizzlies|Golden State Warriors,,,,2025-10-27|Memphis Grizzlies|Golden State Warriors,0.6464869287839639,"[{""p_home_win"": 0.2929738575679277, ""weight"": 0.25}, {""p_home_win"": 0.6464869287839639, ""weight"": 0.5}, {""p_home_win"": 1.0, ""weight"": 0.25}]",1.4947630294242118,,elo,"{'home_advantage': 1.6612171431749017, 'scale': 0.13202291147281384, 'error_term': 12.058779035478764, 'win_prob_k': 2.476279829146191}",1.0,13.0
2025-10-27,Los Angeles Lakers,Portland Trail Blazers,108.0,122.0,False,False,2025-10-27|Portland Trail Blazers|Los Angeles Lakers,,,,2025-10-27|Portland Trail Blazers|Los Angeles Lakers,0.9399151708206277,"[{""p_home_win"": 0.8798303416412554, ""weight"": 0.25}, {""p_home_win"": 0.9399151708206277, ""weight"": 0.5}, {""p_home_win"": 1.0, ""weight"": 0.25}]",6.809849375337829,,elo,"{'home_advantage': 1.6612171431749017, 'scale': 0.13202291147281384, 'error_term': 12.058779035478764, 'win_prob_k': 2.476279829146191}",0.0,-14.0
2025-10-28,Washington Wizards,Philadelphia 76ers,134.0,139.0,False,False,2025-10-28|Philadelphia 76ers|Washington Wizards,,,,2025-10-28|Philadelphia 76ers|Washington Wizards,0.03608238002420665,"[{""p_home_win"": 0.0, ""weight"": 0.25}, {""p_home_win"": 0.03608238002420665, ""weight"": 0.5}, {""p_home_win"": 0.0721647600484133, ""weight"": 0.25}]",-9.29029351294408,,elo,"{'home_advantage': 1.0337661177285555, 'scale': 0.13491343063700953, 'error_term': 12.015448308555667, 'win_prob_k': 2.827922253284263}",0.0,-5.0
2025-10-28,Miami Heat,Charlotte Hornets,144.0,117.0,False,False,2025-10-28|Charlotte Hornets|Miami Heat,,,,2025-10-28|Charlotte Hornets|Miami Heat,0.6391896556013786,"[{""p_home_win"": 0.2783793112027573, ""weight"": 0.25}, {""p_home_win"": 0.6391896556013786, ""weight"": 0.5}, {""p_home_win"": 1.0, ""weight"": 0.25}]",1.6171438126049975,,elo,"{'home_advantage': 1.0337661177285555, 'scale': 0.13491343063700953, 'error_term': 12.015448308555667, 'win_prob_k': 2.827922253284263}",1.0,27.0
2025-10-28,Milwaukee Bucks,New York Knicks,121.0,111.0,False,False,2025-10-28|New York Knicks|Milwaukee Bucks,,,,2025-10-28|New York Knicks|Milwaukee Bucks,0.6136025005759852,"[{""p_home_win"": 0.2272050011519704, ""weight"": 0.25}, {""p_home_win"": 0.6136025005759852, ""weight"": 0.5}, {""p_home_win"": 1.0, ""weight"": 0.25}]",1.3078594475536824,,elo,"{'home_advantage': 1.0337661177285555, 'scale': 0.13491343063700953, 'error_term': 12.015448308555667, 'win_prob_k': 2.827922253284263}",1.0,10.0
2025-10-28,Oklahoma City Thunder,Sacramento Kings,107.0,101.0,False,False,2025-10-28|Sacramento Kings|Oklahoma City Thunder,,,,2025-10-28|Sacramento Kings|Oklahoma City Thunder,0.9907206609577798,"[{""p_home_win"": 0.9814413219155596, ""weight"": 0.25}, {""p_home_win"": 0.9907206609577798, ""weight"": 0.5}, {""p_home_win"": 1.0, ""weight"": 0.25}]",13.208213292513292,,elo,"{'home_advantage': 1.0337661177285555, 'scale': 0.13491343063700953, 'error_term': 12.015448308555667, 'win_prob_k': 2.827922253284263}",1.0,6.0
2025-10-28,Golden State Warriors,Los Angeles Clippers,98.0,79.0,False,False,2025-10-28|Los Angeles Clippers|Golden State Warriors,,,,2025-10-28|Los Angeles Clippers|Golden State Warriors,0.7302574252602424,"[{""p_home_win"": 0.4605148505204848, ""weight"": 0.25}, {""p_home_win"": 0.7302574252602424, ""weight"": 0.5}, {""p_home_win"": 1.0, ""weight"": 0.25}]",2.8164098723277275,,elo,"{'home_advantage': 1.0337661177285555, 'scale': 0.13491343063700953, 'error_term': 12.015448308555667, 'win_prob_k': 2.827922253284263}",1.0,19.0
2025-10-29,Toronto Raptors,Houston Rockets,121.0,139.0,False,False,2025-10-29|Houston Rockets|Toronto Raptors,,,,2025-10-29|Houston Rockets|Toronto Raptors,0.4779319324049734,"[{""p_home_win"": 0.0, ""weight"": 0.25}, {""p_home_win"": 0.4779319324049734, ""weight"": 0.5}, {""p_home_win"": 0.9558638648099468, ""weight"": 0.25}]",-0.2714000884122376,,elo,"{'home_advantage': 1.7674085158805395, 'scale': 0.11915477962567514, 'error_term': 12.188810815668853, 'win_prob_k': 3.0725817589577518}",0.0,-18.0
2025-10-29,Boston Celtics,Cleveland Cavaliers,125.0,105.0,False,False,2025-10-29|Cleveland Cavaliers|Boston Celtics,,,,2025-10-29|Cleveland Cavaliers|Boston Celtics,0.0836616346436578,"[{""p_home_win"": 0.0, ""weight"": 0.25}, {""p_home_win"": 0.0836616346436578, ""weight"": 0.5}, {""p_home_win"": 0.1673232692873156, ""weight"": 0.25}]",-7.354547632665444,,elo,"{'home_advantage': 1.7674085158805395, 'scale': 0.11915477962567514, 'error_term': 12.188810815668853, 'win_prob_k': 3.0725817589577518}",1.0,20.0
2025-10-29,Detroit Pistons,Orlando Magic,135.0,116.0,False,False,2025-10-29|Orlando Magic|Detroit Pistons,,,,2025-10-29|Orlando Magic|Detroit Pistons,0.8761977232562648,"[{""p_home_win"": 0.7523954465125295, ""weight"": 0.25}, {""p_home_win"": 0.8761977232562648, ""weight"": 0.5}, {""p_home_win"": 1.0, ""weight"": 0.25}]",6.012753760609988,,elo,"{'home_advantage': 1.7674085158805395, 'scale': 0.11915477962567514, 'error_term': 12.188810815668853, 'win_prob_k': 3.0725817589577518}",1.0,19.0
2025-10-29,Brooklyn Nets,Atlanta Hawks,112.0,117.0,False,False,2025-10-29|Atlanta Hawks|Brooklyn Nets,,,,2025-10-29|Atlanta Hawks|Brooklyn Nets,0.2571069358455138,"[{""p_home_win"": 0.0, ""weight"": 0.25}, {""p_home_win"": 0.2571069358455138, ""weight"": 0.5}, {""p_home_win"": 0.5142138716910276, ""weight"": 0.25}]",-3.260193658927216,,elo,"{'home_advantage': 1.7674085158805395, 'scale': 0.11915477962567514, 'error_term': 12.188810815668853, 'win_prob_k': 3.0725817589577518}",0.0,-5.0
2025-10-29,Chicago Bulls,Sacramento Kings,126.0,113.0,False,False,2025-10-29|Sacramento Kings|Chicago Bulls,,,,2025-10-29|Sacramento Kings|Chicago Bulls,0.9819657642361912,"[{""p_home_win"": 0.9639315284723824, ""weight"": 0.25}, {""p_home_win"": 0.9819657642361912, ""weight"": 0.5}, {""p_home_win"": 1.0, ""weight"": 0.25}]",12.281983458978818,,elo,"{'home_advantage': 1.7674085158805395, 'scale': 0.11915477962567514, 'error_term': 12.188810815668853, 'win_prob_k': 3.0725817589577518}",1.0,13.0
2025-10-29,Dallas Mavericks,Indiana Pacers,107.0,105.0,False,False,2025-10-29|Indiana Pacers|Dallas Mavericks,,,,2025-10-29|Indiana Pacers|Dallas Mavericks,0.808873537358056,"[{""p_home_win"": 0.617747074716112, ""weight"": 0.25}, {""p_home_win"": 0.808873537358056, ""weight"": 0.5}, {""p_home_win"": 1.0, ""weight"": 0.25}]",4.432836035512898,,elo,"{'home_advantage': 1.7674085158805395, 'scale': 0.11915477962567514, 'error_term': 12.188810815668853, 'win_prob_k': 3.0725817589577518}",1.0,2.0
2025-10-29,Utah Jazz,Portland Trail Blazers,134.0,136.0,False,False,2025-10-29|Portland Trail Blazers|Utah Jazz,,,,2025-10-29|Portland Trail Blazers|Utah Jazz,0.7312057938984468,"[{""p_home_win"": 0.4624115877968935, ""weight"": 0.25}, {""p_home_win"": 0.7312057938984468, ""weight"": 0.5}, {""p_home_win"": 1.0, ""weight"": 0.25}]",3.0748827853113117,,elo,"{'home_advantage': 1.7674085158805395, 'scale': 0.11915477962567514, 'error_term': 12.188810815668853, 'win_prob_k': 3.0725817589577518}",0.0,-2.0
2025-10-29,Denver Nuggets,New Orleans Pelicans,122.0,88.0,False,False,2025-10-29|New Orleans Pelicans|Denver Nuggets,,,,2025-10-29|New Orleans Pelicans|Denver Nuggets,0.9768038178588807,"[{""p_home_win"": 0.9536076357177614, ""weight"": 0.25}, {""p_home_win"": 0.9768038178588807, ""weight"": 0.5}, {""p_home_win"": 1.0, ""weight"": 0.25}]",11.492371804469723,,elo,"{'home_advantage': 1.7674085158805395, 'scale': 0.11915477962567514, 'error_term': 12.188810815668853, 'win_prob_k': 3.0725817589577518}",1.0,34.0
2025-10-29,Minnesota Timberwolves,Los Angeles Lakers,115.0,116.0,False,False,2025-10-29|Los Angeles Lakers|Minnesota Timberwolves,,,,2025-10-29|Los Angeles Lakers|Minnesota Timberwolves,0.5925801316548943,"[{""p_home_win"": 0.18516026330978863, ""weight"": 0.25}, {""p_home_win"": 0.5925801316548943, ""weight"": 0.5}, {""p_home_win"": 1.0, ""weight"": 0.25}]",1.1511176711831999,,elo,"{'home_advantage': 1.7674085158805395, 'scale': 0.11915477962567514, 'error_term': 12.188810815668853, 'win_prob_k': 3.0725817589577518}",0.0,-1.0
2025-10-29,Phoenix Suns,Memphis Grizzlies,113.0,114.0,False,False,2025-10-29|Memphis Grizzlies|Phoenix Suns,,,,2025-10-29|Memphis Grizzlies|Phoenix Suns,0.2836454402435169,"[{""p_home_win"": 0.0, ""weight"": 0.25}, {""p_home_win"": 0.2836454402435169, ""weight"": 0.5}, {""p_home_win"": 0.5672908804870338, ""weight"": 0.25}]",-2.8465940810622357,,elo,"{'home_advantage': 1.7674085158805395, 'scale': 0.11915477962567514, 'error_term': 12.188810815668853, 'win_prob_k': 3.0725817589577518}",0.0,-1.0
2025-10-30,Charlotte Hornets,Orlando Magic,107.0,123.0,False,False,2025-10-30|Orlando Magic|Charlotte Hornets,,,,2025-10-30|Orlando Magic|Charlotte Hornets,0.9185890686726769,"[{""p_home_win"": 0.8371781373453537, ""weight"": 0.25}, {""p_home_win"": 0.9185890686726769, ""weight"": 0.5}, {""p_home_win"": 1.0, ""weight"": 0.25}]",8.349667454072199,,elo,"{'home_advantage': 1.9414496045204859, 'scale': 0.11496694785915579, 'error_term': 11.966871470659644, 'win_prob_k': 3.445535609927504}",0.0,-16.0
2025-10-30,Milwaukee Bucks,Golden State Warriors,120.0,110.0,False,False,2025-10-30|Golden State Warriors|Milwaukee Bucks,,,,2025-10-30|Golden State Warriors|Milwaukee Bucks,0.49725518680410974,"[{""p_home_win"": 0.0, ""weight"": 0.25}, {""p_home_win"": 0.49725518680410974, ""weight"": 0.5}, {""p_home_win"": 0.9945103736082195, ""weight"": 0.25}]",-0.03782978645199808,,elo,"{'home_advantage': 1.9414496045204859, 'scale': 0.11496694785915579, 'error_term': 11.966871470659644, 'win_prob_k': 3.445535609927504}",1.0,10.0
2025-10-30,Oklahoma City Thunder,Washington Wizards,127.0,108.0,False,False,2025-10-30|Washington Wizards|Oklahoma City Thunder,,,,2025-10-30|Washington Wizards|Oklahoma City Thunder,0.9907280980596107,"[{""p_home_win"": 0.9814561961192214, ""weight"": 0.25}, {""p_home_win"": 0.9907280980596107, ""weight"": 0.5}, {""p_home_win"": 1.0, ""weight"": 0.25}]",16.095652821677348,,elo,"{'home_advantage': 1.9414496045204859, 'scale': 0.11496694785915579, 'error_term': 11.966871470659644, 'win_prob_k': 3.445535609927504}",1.0,19.0
2025-10-30,San Antonio Spurs,Miami Heat,107.0,101.0,False,False,2025-10-30|Miami Heat|San Antonio Spurs,,,,2025-10-30|Miami Heat|San Antonio Spurs,0.8015323886743475,"[{""p_home_win"": 0.603064777348695, ""weight"": 0.25}, {""p_home_win"": 0.8015323886743475, ""weight"": 0.5}, {""p_home_win"": 1.0, ""weight"": 0.25}]",4.809621302884564,,elo,"{'home_advantage': 1.9414496045204859, 'scale': 0.11496694785915579, 'error_term': 11.966871470659644, 'win_prob_k': 3.445535609927504}",1.0,6.0
2025-10-31,Indiana Pacers,Atlanta Hawks,108.0,128.0,False,False,2025-10-31|Atlanta Hawks|Indiana Pacers,,,,2025-10-31|Atlanta Hawks|Indiana Pacers,0.19304431905081354,"[{""p_home_win"": 0.0, ""weight"": 0.25}, {""p_home_win"": 0.19304431905081354, ""weight"": 0.5}, {""p_home_win"": 0.3860886381016271, ""weight"": 0.25}]",-4.656409791394097,,elo,"{'home_advantage': 1.7191570382784698, 'scale': 0.10689446823890082, 'error_term': 12.10870969017243, 'win_prob_k': 3.255436220532004}",0.0,-20.0
2025-10-31,Philadelphia 76ers,Boston Celtics,108.0,109.0,False,False,2025-10-31|Boston Celtics|Philadelphia 76ers,,,,2025-10-31|Boston Celtics|Philadelphia 76ers,0.9620499094811871,"[{""p_home_win"": 0.9240998189623741, ""weight"": 0.25}, {""p_home_win"": 0.9620499094811871, ""weight"": 0.5}, {""p_home_win"": 1.0, ""weight"": 0.25}]",10.524156117502475,,elo,"{'home_advantage': 1.7191570382784698, 'scale': 0.10689446823890082, 'error_term': 12.10870969017243, 'win_prob_k': 3.255436220532004}",0.0,-1.0
2025-10-31,Cleveland Cavaliers,Toronto Raptors,101.0,112.0,False,False,2025-10-31|Toronto Raptors|Cleveland Cavaliers,,,,2025-10-31|Toronto Raptors|Cleveland Cavaliers,0.9517389951537513,"[{""p_home_win"": 0.9034779903075025, ""weight"": 0.25}, {""p_home_win"": 0.9517389951537513, ""weight"": 0.5}, {""p_home_win"": 1.0, ""weight"": 0.25}]",9.706626589695963,,elo,"{'home_advantage': 1.7191570382784698, 'scale': 0.10689446823890082, 'error_term': 12.10870969017243, 'win_prob_k': 3.255436220532004}",0.0,-11.0
2025-10-31,Chicago Bulls,New York Knicks,135.0,125.0,False,False,2025-10-31|New York Knicks|Chicago Bulls,,,,2025-10-31|New York Knicks|Chicago Bulls,0.9519306206693309,"[{""p_home_win"": 0.9038612413386617, ""weight"": 0.25}, {""p_home_win"": 0.9519306206693309, ""weight"": 0.5}, {""p_home_win"": 1.0, ""weight"": 0.25}]",9.720233771696783,,elo,"{'home_advantage': 1.7191570382784698, 'scale': 0.10689446823890082, 'error_term': 12.10870969017243, 'win_prob_k': 3.255436220532004}",1.0,10.0
2025-10-31,Memphis Grizzlies,Los Angeles Lakers,112.0,117.0,False,False,2025-10-31|Los Angeles Lakers|Memphis Grizzlies,,,,2025-10-31|Los Angeles Lakers|Memphis Grizzlies,0.5876289505518657,"[{""p_home_win"": 0.1752579011037314, ""weight"": 0.25}, {""p_home_win"": 0.5876289505518657, ""weight"": 0.5}, {""p_home_win"": 1.0, ""weight"": 0.25}]",1.1529848868570087,,elo,"{'home_advantage': 1.7191570382784698, 'scale': 0.10689446823890082, 'error_term': 12.10870969017243, 'win_prob_k': 3.255436220532004}",0.0,-5.0
2025-10-31,Phoenix Suns,Utah Jazz,118.0,96.0,False,False,2025-10-31|Utah Jazz|Phoenix Suns,,,,2025-10-31|Utah Jazz|Phoenix Suns,0.21406586395940072,"[{""p_home_win"": 0.0, ""weight"": 0.25}, {""p_home_win"": 0.21406586395940072, ""weight"": 0.5}, {""p_home_win"": 0.42813172791880144, ""weight"": 0.25}]",-4.233985350375631,,elo,"{'home_advantage': 1.7191570382784698, 'scale': 0.10689446823890082, 'error_term': 12.10870969017243, 'win_prob_k': 3.255436220532004}",1.0,22.0
2025-10-31,Portland Trail Blazers,Denver Nuggets,109.0,107.0,False,False,2025-10-31|Denver Nuggets|Portland Trail Blazers,,,,2025-10-31|Denver Nuggets|Portland Trail Blazers,0.5325846537665185,"[{""p_home_win"": 0.06516930753303707, ""weight"": 0.25}, {""p_home_win"": 0.5325846537665185, ""weight"": 0.5}, {""p_home_win"": 1.0, ""weight"": 0.25}]",0.4249112694019481,,elo,"{'home_advantage': 1.7191570382784698, 'scale': 0.10689446823890082, 'error_term': 12.10870969017243, 'win_prob_k': 3.255436220532004}",1.0,2.0
2025-10-31,Los Angeles Clippers,New Orleans Pelicans,126.0,124.0,False,False,2025-10-31|New Orleans Pelicans|Los Angeles Clippers,,,,2025-10-31|New Orleans Pelicans|Los Angeles Clippers,0.9553878065403407,"[{""p_home_win"": 0.9107756130806814, ""weight"": 0.25}, {""p_home_win"": 0.9553878065403407, ""weight"": 0.5}, {""p_home_win"": 1.0, ""weight"": 0.25}]",9.975015070243979,,elo,"{'home_advantage': 1.7191570382784698, 'scale': 0.10689446823890082, 'error_term': 12.10870969017243, 'win_prob_k': 3.255436220532004}",1.0,2.0
2025-11-01,Milwaukee Bucks,Sacramento Kings,133.0,135.0,False,False,2025-11-01|Sacramento Kings|Milwaukee Bucks,,,,2025-11-01|Sacramento Kings|Milwaukee Bucks,0.9690628061887391,"[{""p_home_win"": 0.9381256123774782, ""weight"": 0.25}, {""p_home_win"": 0.9690628061887391, ""weight"": 0.5}, {""p_home_win"": 1.0, ""weight"": 0.25}]",12.40139344709298,,elo,"{'home_advantage': 1.3801804169606922, 'scale': 0.10374437552850009, 'error_term': 12.105346923201827, 'win_prob_k': 3.6004820712637646}",0.0,-2.0
2025-11-01,Charlotte Hornets,Minnesota Timberwolves,105.0,122.0,False,False,2025-11-01|Minnesota Timberwolves|Charlotte Hornets,,,,2025-11-01|Minnesota Timberwolves|Charlotte Hornets,0.6076984657496007,"[{""p_home_win"": 0.21539693149920147, ""weight"": 0.25}, {""p_home_win"": 0.6076984657496007, ""weight"": 0.5}, {""p_home_win"": 1.0, ""weight"": 0.25}]",1.5757439587559277,,elo,"{'home_advantage': 1.3801804169606922, 'scale': 0.10374437552850009, 'error_term': 12.105346923201827, 'win_prob_k': 3.6004820712637646}",0.0,-17.0
2025-11-01,Indiana Pacers,Golden State Warriors,114.0,109.0,False,False,2025-11-01|Golden State Warriors|Indiana Pacers,,,,2025-11-01|Golden State Warriors|Indiana Pacers,0.038493705172445235,"[{""p_home_win"": 0.0, ""weight"": 0.25}, {""p_home_win"": 0.038493705172445235, ""weight"": 0.5}, {""p_home_win"": 0.07698741034489047, ""weight"": 0.25}]",-11.586374297927957,,elo,"{'home_advantage': 1.3801804169606922, 'scale': 0.10374437552850009, 'error_term': 12.105346923201827, 'win_prob_k': 3.6004820712637646}",1.0,5.0
2025-11-01,Washington Wizards,Orlando Magic,94.0,125.0,False,False,2025-11-01|Orlando Magic|Washington Wizards,,,,2025-11-01|Orlando Magic|Washington Wizards,0.4766261415294126,"[{""p_home_win"": 0.0, ""weight"": 0.25}, {""p_home_win"": 0.4766261415294126, ""weight"": 0.5}, {""p_home_win"": 0.9532522830588251, ""weight"": 0.25}]",-0.33687417249226526,,elo,"{'home_advantage': 1.3801804169606922, 'scale': 0.10374437552850009, 'error_term': 12.105346923201827, 'win_prob_k': 3.6004820712637646}",0.0,-31.0
2025-11-01,Boston Celtics,Houston Rockets,101.0,128.0,False,False,2025-11-01|Houston Rockets|Boston Celtics,,,,2025-11-01|Houston Rockets|Boston Celtics,0.701520896914187,"[{""p_home_win"": 0.4030417938283739, ""weight"": 0.25}, {""p_home_win"": 0.701520896914187, ""weight"": 0.5}, {""p_home_win"": 1.0, ""weight"": 0.25}]",3.0767947048770043,,elo,"{'home_advantage': 1.3801804169606922, 'scale': 0.10374437552850009, 'error_term': 12.105346923201827, 'win_prob_k': 3.6004820712637646}",0.0,-27.0
2025-11-01,Detroit Pistons,Dallas Mavericks,122.0,110.0,False,False,2025-11-01|Dallas Mavericks|Detroit Pistons,,,,2025-11-01|Dallas Mavericks|Detroit Pistons,0.7809890700881291,"[{""p_home_win"": 0.5619781401762582, ""weight"": 0.25}, {""p_home_win"": 0.7809890700881291, ""weight"": 0.5}, {""p_home_win"": 1.0, ""weight"": 0.25}]",4.57779518972954,,elo,"{'home_advantage': 1.3801804169606922, 'scale': 0.10374437552850009, 'error_term': 12.105346923201827, 'win_prob_k': 3.6004820712637646}",1.0,12.0
2025-11-02,Oklahoma City Thunder,New Orleans Pelicans,137.0,106.0,False,False,2025-11-02|New Orleans Pelicans|Oklahoma City Thunder,,,,2025-11-02|New Orleans Pelicans|Oklahoma City Thunder,0.9958257642156573,"[{""p_home_win"": 0.9916515284313145, ""weight"": 0.25}, {""p_home_win"": 0.9958257642156573, ""weight"": 0.5}, {""p_home_win"": 1.0, ""weight"": 0.25}]",22.21036395502932,,elo,"{'home_advantage': 0.6579457545936065, 'scale': 0.11320044061318857, 'error_term': 12.52907709941189, 'win_prob_k': 4.05695348990287}",1.0,31.0
2025-11-02,Brooklyn Nets,Philadelphia 76ers,105.0,129.0,False,False,2025-11-02|Philadelphia 76ers|Brooklyn Nets,,,,2025-11-02|Philadelphia 76ers|Brooklyn Nets,0.023221723091979715,"[{""p_home_win"": 0.0, ""weight"": 0.25}, {""p_home_win"": 0.023221723091979715, ""weight"": 0.5}, {""p_home_win"": 0.04644344618395943, ""weight"": 0.25}]",-15.169644877470613,,elo,"{'home_advantage': 0.6579457545936065, 'scale': 0.11320044061318857, 'error_term': 12.52907709941189, 'win_prob_k': 4.05695348990287}",0.0,-24.0
2025-11-02,Charlotte Hornets,Utah Jazz,126.0,103.0,False,False,2025-11-02|Utah Jazz|Charlotte Hornets,,,,2025-11-02|Utah Jazz|Charlotte Hornets,0.4312291071952206,"[{""p_home_win"": 0.0, ""weight"": 0.25}, {""p_home_win"": 0.4312291071952206, ""weight"": 0.5}, {""p_home_win"": 0.8624582143904412, ""weight"": 0.25}]",-1.12311963713847,,elo,"{'home_advantage': 0.6579457545936065, 'scale': 0.11320044061318857, 'error_term': 12.52907709941189, 'win_prob_k': 4.05695348990287}",1.0,23.0
2025-11-02,Cleveland Cavaliers,Atlanta Hawks,117.0,109.0,False,False,2025-11-02|Atlanta Hawks|Cleveland Cavaliers,,,,2025-11-02|Atlanta Hawks|Cleveland Cavaliers,0.4832696682134323,"[{""p_home_win"": 0.0, ""weight"": 0.25}, {""p_home_win"": 0.4832696682134323, ""weight"": 0.5}, {""p_home_win"": 0.9665393364268646, ""weight"": 0.25}]",-0.2715981038572791,,elo,"{'home_advantage': 0.6579457545936065, 'scale': 0.11320044061318857, 'error_term': 12.52907709941189, 'win_prob_k': 4.05695348990287}",1.0,8.0
2025-11-02,Toronto Raptors,Memphis Grizzlies,117.0,104.0,False,False,2025-11-02|Memphis Grizzlies|Toronto Raptors,,,,2025-11-02|Memphis Grizzlies|Toronto Raptors,0.3528152572119373,"[{""p_home_win"": 0.0, ""weight"": 0.25}, {""p_home_win"": 0.3528152572119373, ""weight"": 0.5}, {""p_home_win"": 0.7056305144238746, ""weight"": 0.25}]",-2.461301842650236,,elo,"{'home_advantage': 0.6579457545936065, 'scale': 0.11320044061318857, 'error_term': 12.52907709941189, 'win_prob_k': 4.05695348990287}",1.0,13.0
2025-11-02,New York Knicks,Chicago Bulls,128.0,116.0,False,False,2025-11-02|Chicago Bulls|New York Knicks,,,,2025-11-02|Chicago Bulls|New York Knicks,0.057018588646916925,"[{""p_home_win"": 0.0, ""weight"": 0.25}, {""p_home_win"": 0.057018588646916925, ""weight"": 0.5}, {""p_home_win"": 0.11403717729383385, ""weight"": 0.25}]",-11.382469610315669,,elo,"{'home_advantage': 0.6579457545936065, 'scale': 0.11320044061318857, 'error_term': 12.52907709941189, 'win_prob_k': 4.05695348990287}",1.0,12.0
2025-11-02,Phoenix Suns,San Antonio Spurs,130.0,118.0,False,False,2025-11-02|San Antonio Spurs|Phoenix Suns,,,,2025-11-02|San Antonio Spurs|Phoenix Suns,0.03542680145519348,"[{""p_home_win"": 0.0, ""weight"": 0.25}, {""p_home_win"": 0.03542680145519348, ""weight"": 0.5}, {""p_home_win"": 0.07085360291038696, ""weight"": 0.25}]",-13.405055035472085,,elo,"{'home_advantage': 0.6579457545936065, 'scale': 0.11320044061318857, 'error_term': 12.52907709941189, 'win_prob_k': 4.05695348990287}",1.0,12.0
2025-11-02,Los Angeles Lakers,Miami Heat,130.0,120.0,False,False,2025-11-02|Miami Heat|Los Angeles Lakers,,,,2025-11-02|Miami Heat|Los Angeles Lakers,0.6344363733737262,"[{""p_home_win"": 0.2688727467474523, ""weight"": 0.25}, {""p_home_win"": 0.6344363733737262, ""weight"": 0.5}, {""p_home_win"": 1.0, ""weight"": 0.25}]",2.2365849033188576,,elo,"{'home_advantage': 0.6579457545936065, 'scale': 0.11320044061318857, 'error_term': 12.52907709941189, 'win_prob_k': 4.05695348990287}",1.0,10.0
2025-11-03,Brooklyn Nets,Minnesota Timberwolves,109.0,125.0,False,False,2025-11-03|Minnesota Timberwolves|Brooklyn Nets,,,,2025-11-03|Minnesota Timberwolves|Brooklyn Nets,0.11195833266504548,"[{""p_home_win"": 0.0, ""weight"": 0.25}, {""p_home_win"": 0.11195833266504548, ""weight"": 0.5}, {""p_home_win"": 0.22391666533009097, ""weight"": 0.25}]",-9.306309000836945,,elo,"{'home_advantage': 1.6876788909973395, 'scale': 0.11001035663517822, 'error_term': 12.728857063863153, 'win_prob_k': 4.493865196723386}",0.0,-16.0
2025-11-03,Indiana Pacers,Milwaukee Bucks,115.0,117.0,False,False,2025-11-03|Milwaukee Bucks|Indiana Pacers,,,,2025-11-03|Milwaukee Bucks|Indiana Pacers,0.11951510864573939,"[{""p_home_win"": 0.0, ""weight"": 0.25}, {""p_home_win"": 0.11951510864573939, ""weight"": 0.5}, {""p_home_win"": 0.23903021729147877, ""weight"": 0.25}]",-8.974383492753812,,elo,"{'home_advantage': 1.6876788909973395, 'scale': 0.11001035663517822, 'error_term': 12.728857063863153, 'win_prob_k': 4.493865196723386}",0.0,-2.0
2025-11-03,Boston Celtics,Utah Jazz,103.0,105.0,False,False,2025-11-03|Utah Jazz|Boston Celtics,,,,2025-11-03|Utah Jazz|Boston Celtics,0.8017783995715305,"[{""p_home_win"": 0.603556799143061, ""weight"": 0.25}, {""p_home_win"": 0.8017783995715305, ""weight"": 0.5}, {""p_home_win"": 1.0, ""weight"": 0.25}]",6.279936914045578,,elo,"{'home_advantage': 1.6876788909973395, 'scale': 0.11001035663517822, 'error_term': 12.728857063863153, 'win_prob_k': 4.493865196723386}",0.0,-2.0
2025-11-03,New York Knicks,Washington Wizards,119.0,102.0,False,False,2025-11-03|Washington Wizards|New York Knicks,,,,2025-11-03|Washington Wizards|New York Knicks,0.8988225395234949,"[{""p_home_win"": 0.7976450790469898, ""weight"": 0.25}, {""p_home_win"": 0.8988225395234949, ""weight"": 0.5}, {""p_home_win"": 1.0, ""weight"": 0.25}]",9.815543539135039,,elo,"{'home_advantage': 1.6876788909973395, 'scale': 0.11001035663517822, 'error_term': 12.728857063863153, 'win_prob_k': 4.493865196723386}",1.0,17.0
2025-11-03,Houston Rockets,Dallas Mavericks,110.0,102.0,False,False,2025-11-03|Dallas Mavericks|Houston Rockets,,,,2025-11-03|Dallas Mavericks|Houston Rockets,0.8388928825760781,"[{""p_home_win"": 0.6777857651521562, ""weight"": 0.25}, {""p_home_win"": 0.8388928825760781, ""weight"": 0.5}, {""p_home_win"": 1.0, ""weight"": 0.25}]",7.414938494393297,,elo,"{'home_advantage': 1.6876788909973395, 'scale': 0.11001035663517822, 'error_term': 12.728857063863153, 'win_prob_k': 4.493865196723386}",1.0,8.0
2025-11-03,Memphis Grizzlies,Detroit Pistons,106.0,114.0,False,False,2025-11-03|Detroit Pistons|Memphis Grizzlies,,,,2025-11-03|Detroit Pistons|Memphis Grizzlies,0.24599453202137214,"[{""p_home_win"": 0.0, ""weight"": 0.25}, {""p_home_win"": 0.24599453202137214, ""weight"": 0.5}, {""p_home_win"": 0.4919890640427443, ""weight"": 0.25}]",-5.03353486944248,,elo,"{'home_advantage': 1.6876788909973395, 'scale': 0.11001035663517822, 'error_term': 12.728857063863153, 'win_prob_k': 4.493865196723386}",0.0,-8.0
2025-11-03,Denver Nuggets,Sacramento Kings,130.0,124.0,False,False,2025-11-03|Sacramento Kings|Denver Nuggets,,,,2025-11-03|Sacramento Kings|Denver Nuggets,0.7920753541952873,"[{""p_home_win"": 0.5841507083905746, ""weight"": 0.25}, {""p_home_win"": 0.7920753541952873, ""weight"": 0.5}, {""p_home_win"": 1.0, ""weight"": 0.25}]",6.010458405811091,,elo,"{'home_advantage': 1.6876788909973395, 'scale': 0.11001035663517822, 'error_term': 12.728857063863153, 'win_prob_k': 4.493865196723386}",1.0,6.0
2025-11-03,Portland Trail Blazers,Los Angeles Lakers,115.0,123.0,False,False,2025-11-03|Los Angeles Lakers|Portland Trail Blazers,,,,2025-11-03|Los Angeles Lakers|Portland Trail Blazers,0.5216952040468451,"[{""p_home_win"": 0.043390408093690214, ""weight"": 0.25}, {""p_home_win"": 0.5216952040468451, ""weight"": 0.5}, {""p_home_win"": 1.0, ""weight"": 0.25}]",0.39022630928520274,,elo,"{'home_advantage': 1.6876788909973395, 'scale': 0.11001035663517822, 'error_term': 12.728857063863153, 'win_prob_k': 4.493865196723386}",0.0,-8.0
2025-11-03,Los Angeles Clippers,Miami Heat,119.0,120.0,False,False,2025-11-03|Miami Heat|Los Angeles Clippers,,,,2025-11-03|Miami Heat|Los Angeles Clippers,0.6636953957161233,"[{""p_home_win"": 0.3273907914322467, ""weight"": 0.25}, {""p_home_win"": 0.6636953957161233, ""weight"": 0.5}, {""p_home_win"": 1.0, ""weight"": 0.25}]",3.0549564932612565,,elo,"{'home_advantage': 1.6876788909973395, 'scale': 0.11001035663517822, 'error_term': 12.728857063863153, 'win_prob_k': 4.493865196723386}",0.0,-1.0
2025-11-04,Toronto Raptors,Milwaukee Bucks,128.0,100.0,False,False,2025-11-04|Milwaukee Bucks|Toronto Raptors,,,,2025-11-04|Milwaukee Bucks|Toronto Raptors,0.2810905407638649,"[{""p_home_win"": 0.0, ""weight"": 0.25}, {""p_home_win"": 0.2810905407638649, ""weight"": 0.5}, {""p_home_win"": 0.5621810815277298, ""weight"": 0.25}]",-4.262146913303345,,elo,"{'home_advantage': 1.7254619060237704, 'scale': 0.10250103999738149, 'error_term': 12.044938663815167, 'win_prob_k': 4.538744361295352}",1.0,28.0
2025-11-04,Atlanta Hawks,Orlando Magic,127.0,112.0,False,False,2025-11-04|Orlando Magic|Atlanta Hawks,,,,2025-11-04|Orlando Magic|Atlanta Hawks,0.5634363492117128,"[{""p_home_win"": 0.12687269842342563, ""weight"": 0.25}, {""p_home_win"": 0.5634363492117128, ""weight"": 0.5}, {""p_home_win"": 1.0, ""weight"": 0.25}]",1.157925303318692,,elo,"{'home_advantage': 1.7254619060237704, 'scale': 0.10250103999738149, 'error_term': 12.044938663815167, 'win_prob_k': 4.538744361295352}",1.0,15.0
2025-11-04,Chicago Bulls,Philadelphia 76ers,113.0,111.0,False,False,2025-11-04|Philadelphia 76ers|Chicago Bulls,,,,2025-11-04|Philadelphia 76ers|Chicago Bulls,0.597004062331918,"[{""p_home_win"": 0.1940081246638361, ""weight"": 0.25}, {""p_home_win"": 0.597004062331918, ""weight"": 0.5}, {""p_home_win"": 1.0, ""weight"": 0.25}]",1.783714897909102,,elo,"{'home_advantage': 1.7254619060237704, 'scale': 0.10250103999738149, 'error_term': 12.044938663815167, 'win_prob_k': 4.538744361295352}",1.0,2.0
2025-11-04,New Orleans Pelicans,Charlotte Hornets,116.0,112.0,False,False,2025-11-04|Charlotte Hornets|New Orleans Pelicans,,,,2025-11-04|Charlotte Hornets|New Orleans Pelicans,0.20213739514338921,"[{""p_home_win"": 0.0, ""weight"": 0.25}, {""p_home_win"": 0.20213739514338921, ""weight"": 0.5}, {""p_home_win"": 0.40427479028677843, ""weight"": 0.25}]",-6.231645029317821,,elo,"{'home_advantage': 1.7254619060237704, 'scale': 0.10250103999738149, 'error_term': 12.044938663815167, 'win_prob_k': 4.538744361295352}",1.0,4.0
2025-11-04,Golden State Warriors,Phoenix Suns,118.0,107.0,False,False,2025-11-04|Phoenix Suns|Golden State Warriors,,,,2025-11-04|Phoenix Suns|Golden State Warriors,0.680754637445102,"[{""p_home_win"": 0.361509274890204, ""weight"": 0.25}, {""p_home_win"": 0.680754637445102, ""weight"": 0.5}, {""p_home_win"": 1.0, ""weight"": 0.25}]",3.436927744365339,,elo,"{'home_advantage': 1.7254619060237704, 'scale': 0.10250103999738149, 'error_term': 12.044938663815167, 'win_prob_k': 4.538744361295352}",1.0,11.0
2025-11-04,Los Angeles Clippers,Oklahoma City Thunder,107.0,126.0,False,False,2025-11-04|Oklahoma City Thunder|Los Angeles Clippers,,,,2025-11-04|Oklahoma City Thunder|Los Angeles Clippers,0.103060372642405,"[{""p_home_win"": 0.0, ""weight"": 0.25}, {""p_home_win"": 0.103060372642405, ""weight"": 0.5}, {""p_home_win"": 0.20612074528481, ""weight"": 0.25}]",-9.820361333778377,,elo,"{'home_advantage': 1.7254619060237704, 'scale': 0.10250103999738149, 'error_term': 12.044938663815167, 'win_prob_k': 4.538744361295352}",0.0,-19.0
2025-11-05,Cleveland Cavaliers,Philadelphia 76ers,132.0,121.0,False,False,2025-11-05|Philadelphia 76ers|Cleveland Cavaliers,,,,2025-11-05|Philadelphia 76ers|Cleveland Cavaliers,0.47496662321445027,"[{""p_home_win"": 0.0, ""weight"": 0.25}, {""p_home_win"": 0.47496662321445027, ""weight"": 0.5}, {""p_home_win"": 0.9499332464289005, ""weight"": 0.25}]",-0.4363907558288367,,elo,"{'home_advantage': 2.2163657250457556, 'scale': 0.10206694771100028, 'error_term': 12.197665244416186, 'win_prob_k': 4.354445315889395}",1.0,11.0
2025-11-05,Detroit Pistons,Utah Jazz,114.0,103.0,False,False,2025-11-05|Utah Jazz|Detroit Pistons,,,,2025-11-05|Utah Jazz|Detroit Pistons,0.9092864265625414,"[{""p_home_win"": 0.8185728531250829, ""weight"": 0.25}, {""p_home_win"": 0.9092864265625414, ""weight"": 0.5}, {""p_home_win"": 1.0, ""weight"": 0.25}]",10.036792435764031,,elo,"{'home_advantage': 2.2163657250457556, 'scale': 0.10206694771100028, 'error_term': 12.197665244416186, 'win_prob_k': 4.354445315889395}",1.0,11.0
2025-11-05,Indiana Pacers,Brooklyn Nets,103.0,112.0,False,False,2025-11-05|Brooklyn Nets|Indiana Pacers,,,,2025-11-05|Brooklyn Nets|Indiana Pacers,0.8102471143829731,"[{""p_home_win"": 0.6204942287659463, ""weight"": 0.25}, {""p_home_win"": 0.8102471143829731, ""weight"": 0.5}, {""p_home_win"": 1.0, ""weight"": 0.25}]",6.320985352524926,,elo,"{'home_advantage': 2.2163657250457556, 'scale': 0.10206694771100028, 'error_term': 12.197665244416186, 'win_prob_k': 4.354445315889395}",0.0,-9.0
2025-11-05,Boston Celtics,Washington Wizards,136.0,107.0,False,False,2025-11-05|Washington Wizards|Boston Celtics,,,,2025-11-05|Washington Wizards|Boston Celtics,0.8575206911005018,"[{""p_home_win"": 0.7150413822010036, ""weight"": 0.25}, {""p_home_win"": 0.8575206911005018, ""weight"": 0.5}, {""p_home_win"": 1.0, ""weight"": 0.25}]",7.815569729998215,,elo,"{'home_advantage': 2.2163657250457556, 'scale': 0.10206694771100028, 'error_term': 12.197665244416186, 'win_prob_k': 4.354445315889395}",1.0,29.0
2025-11-05,New York Knicks,Minnesota Timberwolves,137.0,114.0,False,False,2025-11-05|Minnesota Timberwolves|New York Knicks,,,,2025-11-05|Minnesota Timberwolves|New York Knicks,0.6883548094773742,"[{""p_home_win"": 0.3767096189547483, ""weight"": 0.25}, {""p_home_win"": 0.6883548094773742, ""weight"": 0.5}, {""p_home_win"": 1.0, ""weight"": 0.25}]",3.4506326644937055,,elo,"{'home_advantage': 2.2163657250457556, 'scale': 0.10206694771100028, 'error_term': 12.197665244416186, 'win_prob_k': 4.354445315889395}",1.0,23.0
2025-11-05,Memphis Grizzlies,Houston Rockets,109.0,124.0,False,False,2025-11-05|Houston Rockets|Memphis Grizzlies,,,,2025-11-05|Houston Rockets|Memphis Grizzlies,0.20545195895295845,"[{""p_home_win"": 0.0, ""weight"": 0.25}, {""p_home_win"": 0.20545195895295845, ""weight"": 0.5}, {""p_home_win"": 0.4109039179059169, ""weight"": 0.25}]",-5.889653873004456,,elo,"{'home_advantage': 2.2163657250457556, 'scale': 0.10206694771100028, 'error_term': 12.197665244416186, 'win_prob_k': 4.354445315889395}",0.0,-15.0
2025-11-05,Dallas Mavericks,New Orleans Pelicans,99.0,101.0,False,False,2025-11-05|New Orleans Pelicans|Dallas Mavericks,,,,2025-11-05|New Orleans Pelicans|Dallas Mavericks,0.7508228701142713,"[{""p_home_win"": 0.5016457402285426, ""weight"": 0.25}, {""p_home_win"": 0.7508228701142713, ""weight"": 0.5}, {""p_home_win"": 1.0, ""weight"": 0.25}]",4.802978250552123,,elo,"{'home_advantage': 2.2163657250457556, 'scale': 0.10206694771100028, 'error_term': 12.197665244416186, 'win_prob_k': 4.354445315889395}",0.0,-2.0
2025-11-05,Denver Nuggets,Miami Heat,122.0,112.0,False,False,2025-11-05|Miami Heat|Denver Nuggets,,,,2025-11-05|Miami Heat|Denver Nuggets,0.6689393758154999,"[{""p_home_win"": 0.3378787516309998, ""weight"": 0.25}, {""p_home_win"": 0.6689393758154999, ""weight"": 0.5}, {""p_home_win"": 1.0, ""weight"": 0.25}]",3.062881667259049,,elo,"{'home_advantage': 2.2163657250457556, 'scale': 0.10206694771100028, 'error_term': 12.197665244416186, 'win_prob_k': 4.354445315889395}",1.0,10.0
2025-11-05,Los Angeles Lakers,San Antonio Spurs,118.0,116.0,False,False,2025-11-05|San Antonio Spurs|Los Angeles Lakers,,,,2025-11-05|San Antonio Spurs|Los Angeles Lakers,0.7136578455062351,"[{""p_home_win"": 0.42731569101247024, ""weight"": 0.25}, {""p_home_win"": 0.7136578455062351, ""weight"": 0.5}, {""p_home_win"": 1.0, ""weight"": 0.25}]",3.9765500016728375,,elo,"{'home_advantage': 2.2163657250457556, 'scale': 0.10206694771100028, 'error_term': 12.197665244416186, 'win_prob_k': 4.354445315889395}",1.0,2.0
2025-11-05,Portland Trail Blazers,Oklahoma City Thunder,121.0,119.0,False,False,2025-11-05|Oklahoma City Thunder|Portland Trail Blazers,,,,2025-11-05|Oklahoma City Thunder|Portland Trail Blazers,0.14660916264602405,"[{""p_home_win"": 0.0, ""weight"": 0.25}, {""p_home_win"": 0.14660916264602405, ""weight"": 0.5}, {""p_home_win"": 0.2932183252920481, ""weight"": 0.25}]",-7.670126143075815,,elo,"{'home_advantage': 2.2163657250457556, 'scale': 0.10206694771100028, 'error_term': 12.197665244416186, 'win_prob_k': 4.354445315889395}",1.0,2.0
2025-11-05,Sacramento Kings,Golden State Warriors,121.0,116.0,False,False,2025-11-05|Golden State Warriors|Sacramento Kings,,,,2025-11-05|Golden State Warriors|Sacramento Kings,0.2641373219489787,"[{""p_home_win"": 0.0, ""weight"": 0.25}, {""p_home_win"": 0.2641373219489787, ""weight"": 0.5}, {""p_home_win"": 0.5282746438979574, ""weight"": 0.25}]",-4.461453178474221,,elo,"{'home_advantage': 2.2163657250457556, 'scale': 0.10206694771100028, 'error_term': 12.197665244416186, 'win_prob_k': 4.354445315889395}",1.0,5.0
2025-11-06,Phoenix Suns,Los Angeles Clippers,115.0,102.0,False,False,2025-11-06|Los Angeles Clippers|Phoenix Suns,,,,2025-11-06|Los Angeles Clippers|Phoenix Suns,0.5545536237046003,"[{""p_home_win"": 0.10910724740920053, ""weight"": 0.25}, {""p_home_win"": 0.5545536237046003, ""weight"": 0.5}, {""p_home_win"": 1.0, ""weight"": 0.25}]",1.0337992783834662,,elo,"{'home_advantage': 2.4321582037028593, 'scale': 0.10665837842733392, 'error_term': 11.974818884720175, 'win_prob_k': 4.7186779428473145}",1.0,13.0
2025-11-07,Orlando Magic,Boston Celtics,123.0,110.0,False,False,2025-11-07|Boston Celtics|Orlando Magic,,,,2025-11-07|Boston Celtics|Orlando Magic,0.5137204071079151,"[{""p_home_win"": 0.027440814215830223, ""weight"": 0.25}, {""p_home_win"": 0.5137204071079151, ""weight"": 0.5}, {""p_home_win"": 1.0, ""weight"": 0.25}]",0.2612541120644374,,elo,"{'home_advantage': 2.5503850020920065, 'scale': 0.106036053574962, 'error_term': 11.965040596438302, 'win_prob_k': 4.759124897038342}",1.0,13.0
2025-11-07,Washington Wizards,Cleveland Cavaliers,115.0,148.0,False,False,2025-11-07|Cleveland Cavaliers|Washington Wizards,,,,2025-11-07|Cleveland Cavaliers|Washington Wizards,0.07623769345085535,"[{""p_home_win"": 0.0, ""weight"": 0.25}, {""p_home_win"": 0.07623769345085535, ""weight"": 0.5}, {""p_home_win"": 0.1524753869017107, ""weight"": 0.25}]",-11.872107207034167,,elo,"{'home_advantage': 2.5503850020920065, 'scale': 0.106036053574962, 'error_term': 11.965040596438302, 'win_prob_k': 4.759124897038342}",0.0,-33.0
2025-11-07,Atlanta Hawks,Toronto Raptors,97.0,109.0,False,False,2025-11-07|Toronto Raptors|Atlanta Hawks,,,,2025-11-07|Toronto Raptors|Atlanta Hawks,0.5743400395804437,"[{""p_home_win"": 0.14868007916088732, ""weight"": 0.25}, {""p_home_win"": 0.5743400395804437, ""weight"": 0.5}, {""p_home_win"": 1.0, ""weight"": 0.25}]",1.4257425002054362,,elo,"{'home_advantage': 2.5503850020920065, 'scale': 0.106036053574962, 'error_term': 11.965040596438302, 'win_prob_k': 4.759124897038342}",0.0,-12.0
2025-11-07,Brooklyn Nets,Detroit Pistons,107.0,125.0,False,False,2025-11-07|Detroit Pistons|Brooklyn Nets,,,,2025-11-07|Detroit Pistons|Brooklyn Nets,0.04309477281041913,"[{""p_home_win"": 0.0, ""weight"": 0.25}, {""p_home_win"": 0.04309477281041913, ""weight"": 0.5}, {""p_home_win"": 0.08618954562083826, ""weight"": 0.25}]",-14.754727511623816,,elo,"{'home_advantage': 2.5503850020920065, 'scale': 0.106036053574962, 'error_term': 11.965040596438302, 'win_prob_k': 4.759124897038342}",0.0,-18.0
2025-11-07,San Antonio Spurs,Houston Rockets,121.0,110.0,False,False,2025-11-07|Houston Rockets|San Antonio Spurs,,,,2025-11-07|Houston Rockets|San Antonio Spurs,0.5783404576854586,"[{""p_home_win"": 0.15668091537091722, ""weight"": 0.25}, {""p_home_win"": 0.5783404576854586, ""weight"": 0.5}, {""p_home_win"": 1.0, ""weight"": 0.25}]",1.503714545882955,,elo,"{'home_advantage': 2.5503850020920065, 'scale': 0.106036053574962, 'error_term': 11.965040596438302, 'win_prob_k': 4.759124897038342}",1.0,11.0
2025-11-07,Memphis Grizzlies,Dallas Mavericks,118.0,104.0,False,False,2025-11-07|Dallas Mavericks|Memphis Grizzlies,,,,2025-11-07|Dallas Mavericks|Memphis Grizzlies,0.6937243428365183,"[{""p_home_win"": 0.3874486856730366, ""weight"": 0.25}, {""p_home_win"": 0.6937243428365183, ""weight"": 0.5}, {""p_home_win"": 1.0, ""weight"": 0.25}]",3.891008851878566,,elo,"{'home_advantage': 2.5503850020920065, 'scale': 0.106036053574962, 'error_term': 11.965040596438302, 'win_prob_k': 4.759124897038342}",1.0,14.0
2025-11-07,Miami Heat,Charlotte Hornets,126.0,108.0,False,False,2025-11-07|Charlotte Hornets|Miami Heat,,,,2025-11-07|Charlotte Hornets|Miami Heat,0.8506658299851827,"[{""p_home_win"": 0.7013316599703654, ""weight"": 0.25}, {""p_home_win"": 0.8506658299851827, ""weight"": 0.5}, {""p_home_win"": 1.0, ""weight"": 0.25}]",8.280081717603718,,elo,"{'home_advantage': 2.5503850020920065, 'scale': 0.106036053574962, 'error_term': 11.965040596438302, 'win_prob_k': 4.759124897038342}",1.0,18.0
2025-11-07,Milwaukee Bucks,Chicago Bulls,126.0,110.0,False,False,2025-11-07|Chicago Bulls|Milwaukee Bucks,,,,2025-11-07|Chicago Bulls|Milwaukee Bucks,0.32649888592965093,"[{""p_home_win"": 0.0, ""weight"": 0.25}, {""p_home_win"": 0.32649888592965093, ""weight"": 0.5}, {""p_home_win"": 0.6529977718593019, ""weight"": 0.25}]",-3.445906790243192,,elo,"{'home_advantage': 2.5503850020920065, 'scale': 0.106036053574962, 'error_term': 11.965040596438302, 'win_prob_k': 4.759124897038342}",1.0,16.0
2025-11-07,Minnesota Timberwolves,Utah Jazz,137.0,97.0,False,False,2025-11-07|Utah Jazz|Minnesota Timberwolves,,,,2025-11-07|Utah Jazz|Minnesota Timberwolves,0.7765946808131101,"[{""p_home_win"": 0.5531893616262202, ""weight"": 0.25}, {""p_home_win"": 0.7765946808131101, ""weight"": 0.5}, {""p_home_win"": 1.0, ""weight"": 0.25}]",5.929540630300819,,elo,"{'home_advantage': 2.5503850020920065, 'scale': 0.106036053574962, 'error_term': 11.965040596438302, 'win_prob_k': 4.759124897038342}",1.0,40.0
2025-11-07,Denver Nuggets,Golden State Warriors,129.0,104.0,False,False,2025-11-07|Golden State Warriors|Denver Nuggets,,,,2025-11-07|Golden State Warriors|Denver Nuggets,0.8465825993147962,"[{""p_home_win"": 0.6931651986295924, ""weight"": 0.25}, {""p_home_win"": 0.8465825993147962, ""weight"": 0.5}, {""p_home_win"": 1.0, ""weight"": 0.25}]",8.128801666135374,,elo,"{'home_advantage': 2.5503850020920065, 'scale': 0.106036053574962, 'error_term': 11.965040596438302, 'win_prob_k': 4.759124897038342}",1.0,25.0
2025-11-07,Sacramento Kings,Oklahoma City Thunder,101.0,132.0,False,False,2025-11-07|Oklahoma City Thunder|Sacramento Kings,,,,2025-11-07|Oklahoma City Thunder|Sacramento Kings,0.11712584179703574,"[{""p_home_win"": 0.0, ""weight"": 0.25}, {""p_home_win"": 0.11712584179703574, ""weight"": 0.5}, {""p_home_win"": 0.23425168359407147, ""weight"": 0.25}]",-9.613116983600262,,elo,"{'home_advantage': 2.5503850020920065, 'scale': 0.106036053574962, 'error_term': 11.965040596438302, 'win_prob_k': 4.759124897038342}",0.0,-31.0
2025-11-08,Washington Wizards,Dallas Mavericks,105.0,111.0,False,False,2025-11-08|Dallas Mavericks|Washington Wizards,,,,2025-11-08|Dallas Mavericks|Washington Wizards,0.5277334883793938,"[{""p_home_win"": 0.055466976758787645, ""weight"": 0.25}, {""p_home_win"": 0.5277334883793938, ""weight"": 0.5}, {""p_home_win"": 1.0, ""weight"": 0.25}]",0.5538246934339206,,elo,"{'home_advantage': 2.8944847587795435, 'scale': 0.10459943024377616, 'error_term': 12.376157434062131, 'win_prob_k': 4.987258149191669}",0.0,-6.0
2025-11-08,Philadelphia 76ers,Toronto Raptors,130.0,120.0,False,False,2025-11-08|Toronto Raptors|Philadelphia 76ers,,,,2025-11-08|Toronto Raptors|Philadelphia 76ers,0.5758998774752501,"[{""p_home_win"": 0.15179975495050013, ""weight"": 0.25}, {""p_home_win"": 0.5758998774752501, ""weight"": 0.5}, {""p_home_win"": 1.0, ""weight"": 0.25}]",1.5259227309588888,,elo,"{'home_advantage': 2.8944847587795435, 'scale': 0.10459943024377616, 'error_term': 12.376157434062131, 'win_prob_k': 4.987258149191669}",1.0,10.0
2025-11-08,Atlanta Hawks,Los Angeles Lakers,122.0,102.0,False,False,2025-11-08|Los Angeles Lakers|Atlanta Hawks,,,,2025-11-08|Los Angeles Lakers|Atlanta Hawks,0.13842593461363106,"[{""p_home_win"": 0.0, ""weight"": 0.25}, {""p_home_win"": 0.13842593461363106, ""weight"": 0.5}, {""p_home_win"": 0.2768518692272621, ""weight"": 0.25}]",-9.118830525694861,,elo,"{'home_advantage': 2.8944847587795435, 'scale': 0.10459943024377616, 'error_term': 12.376157434062131, 'win_prob_k': 4.987258149191669}",1.0,20.0
2025-11-08,Cleveland Cavaliers,Chicago Bulls,128.0,122.0,False,False,2025-11-08|Chicago Bulls|Cleveland Cavaliers,,,,2025-11-08|Chicago Bulls|Cleveland Cavaliers,0.5955312054739006,"[{""p_home_win"": 0.1910624109478012, ""weight"": 0.25}, {""p_home_win"": 0.5955312054739006, ""weight"": 0.5}, {""p_home_win"": 1.0, ""weight"": 0.25}]",1.929466452097034,,elo,"{'home_advantage': 2.8944847587795435, 'scale': 0.10459943024377616, 'error_term': 12.376157434062131, 'win_prob_k': 4.987258149191669}",1.0,6.0
2025-11-08,Miami Heat,Portland Trail Blazers,136.0,131.0,False,False,2025-11-08|Portland Trail Blazers|Miami Heat,,,,2025-11-08|Portland Trail Blazers|Miami Heat,0.4953730735821416,"[{""p_home_win"": 0.0, ""weight"": 0.25}, {""p_home_win"": 0.4953730735821416, ""weight"": 0.5}, {""p_home_win"": 0.9907461471642832, ""weight"": 0.25}]",-0.09230534081166253,,elo,"{'home_advantage': 2.8944847587795435, 'scale': 0.10459943024377616, 'error_term': 12.376157434062131, 'win_prob_k': 4.987258149191669}",1.0,5.0
2025-11-08,San Antonio Spurs,New Orleans Pelicans,126.0,119.0,False,False,2025-11-08|New Orleans Pelicans|San Antonio Spurs,,,,2025-11-08|New Orleans Pelicans|San Antonio Spurs,0.9533587233961069,"[{""p_home_win"": 0.9067174467922139, ""weight"": 0.25}, {""p_home_win"": 0.9533587233961069, ""weight"": 0.5}, {""p_home_win"": 1.0, ""weight"": 0.25}]",15.049078070302663,,elo,"{'home_advantage': 2.8944847587795435, 'scale': 0.10459943024377616, 'error_term': 12.376157434062131, 'win_prob_k': 4.987258149191669}",1.0,7.0
2025-11-08,Denver Nuggets,Indiana Pacers,117.0,100.0,False,False,2025-11-08|Indiana Pacers|Denver Nuggets,,,,2025-11-08|Indiana Pacers|Denver Nuggets,0.9853447128343276,"[{""p_home_win"": 0.9706894256686551, ""weight"": 0.25}, {""p_home_win"": 0.9853447128343276, ""weight"": 0.5}, {""p_home_win"": 1.0, ""weight"": 0.25}]",20.987331732003906,,elo,"{'home_advantage': 2.8944847587795435, 'scale': 0.10459943024377616, 'error_term': 12.376157434062131, 'win_prob_k': 4.987258149191669}",1.0,17.0
2025-11-08,Los Angeles Clippers,Phoenix Suns,103.0,114.0,False,False,2025-11-08|Phoenix Suns|Los Angeles Clippers,,,,2025-11-08|Phoenix Suns|Los Angeles Clippers,0.49619352546410916,"[{""p_home_win"": 0.0, ""weight"": 0.25}, {""p_home_win"": 0.49619352546410916, ""weight"": 0.5}, {""p_home_win"": 0.9923870509282183, ""weight"": 0.25}]",-0.07593695164372782,,elo,"{'home_advantage': 2.8944847587795435, 'scale': 0.10459943024377616, 'error_term': 12.376157434062131, 'win_prob_k': 4.987258149191669}",0.0,-11.0
2025-11-09,Milwaukee Bucks,Houston Rockets,115.0,122.0,False,False,2025-11-09|Houston Rockets|Milwaukee Bucks,,,,2025-11-09|Houston Rockets|Milwaukee Bucks,0.7128109896806599,"[{""p_home_win"": 0.42562197936131985, ""weight"": 0.25}, {""p_home_win"": 0.7128109896806599, ""weight"": 0.5}, {""p_home_win"": 1.0, ""weight"": 0.25}]",4.600170382637249,,elo,"{'home_advantage': 3.0216151974189343, 'scale': 0.09814917306882852, 'error_term': 12.15466660248633, 'win_prob_k': 5.060271956112118}",0.0,-7.0
2025-11-09,Memphis Grizzlies,Oklahoma City Thunder,100.0,114.0,False,False,2025-11-09|Oklahoma City Thunder|Memphis Grizzlies,,,,2025-11-09|Oklahoma City Thunder|Memphis Grizzlies,0.08673705316437594,"[{""p_home_win"": 0.0, ""weight"": 0.25}, {""p_home_win"": 0.08673705316437594, ""weight"": 0.5}, {""p_home_win"": 0.17347410632875188, ""weight"": 0.25}]",-11.912602172189999,,elo,"{'home_advantage': 3.0216151974189343, 'scale': 0.09814917306882852, 'error_term': 12.15466660248633, 'win_prob_k': 5.060271956112118}",0.0,-14.0
2025-11-09,New York Knicks,Brooklyn Nets,134.0,98.0,False,False,2025-11-09|Brooklyn Nets|New York Knicks,,,,2025-11-09|Brooklyn Nets|New York Knicks,0.9703586032455807,"[{""p_home_win"": 0.9407172064911613, ""weight"": 0.25}, {""p_home_win"": 0.9703586032455807, ""weight"": 0.5}, {""p_home_win"": 1.0, ""weight"": 0.25}]",17.652727213437327,,elo,"{'home_advantage': 3.0216151974189343, 'scale': 0.09814917306882852, 'error_term': 12.15466660248633, 'win_prob_k': 5.060271956112118}",1.0,36.0
2025-11-09,Orlando Magic,Boston Celtics,107.0,111.0,False,False,2025-11-09|Boston Celtics|Orlando Magic,,,,2025-11-09|Boston Celtics|Orlando Magic,0.7315274125559336,"[{""p_home_win"": 0.46305482511186713, ""weight"": 0.25}, {""p_home_win"": 0.7315274125559336, ""weight"": 0.5}, {""p_home_win"": 1.0, ""weight"": 0.25}]",5.072345161034516,,elo,"{'home_advantage': 3.0216151974189343, 'scale': 0.09814917306882852, 'error_term': 12.15466660248633, 'win_prob_k': 5.060271956112118}",0.0,-4.0
2025-11-09,Philadelphia 76ers,Detroit Pistons,108.0,111.0,False,False,2025-11-09|Detroit Pistons|Philadelphia 76ers,,,,2025-11-09|Detroit Pistons|Philadelphia 76ers,0.46259505999308687,"[{""p_home_win"": 0.0, ""weight"": 0.25}, {""p_home_win"": 0.46259505999308687, ""weight"": 0.5}, {""p_home_win"": 0.9251901199861737, ""weight"": 0.25}]",-0.7585338432613842,,elo,"{'home_advantage': 3.0216151974189343, 'scale': 0.09814917306882852, 'error_term': 12.15466660248633, 'win_prob_k': 5.060271956112118}",0.0,-3.0
2025-11-09,Golden State Warriors,Indiana Pacers,114.0,83.0,False,False,2025-11-09|Indiana Pacers|Golden State Warriors,,,,2025-11-09|Indiana Pacers|Golden State Warriors,0.9228536826939375,"[{""p_home_win"": 0.845707365387875, ""weight"": 0.25}, {""p_home_win"": 0.9228536826939375, ""weight"": 0.5}, {""p_home_win"": 1.0, ""weight"": 0.25}]",12.55841521719023,,elo,"{'home_advantage': 3.0216151974189343, 'scale': 0.09814917306882852, 'error_term': 12.15466660248633, 'win_prob_k': 5.060271956112118}",1.0,31.0
2025-11-09,Sacramento Kings,Minnesota Timberwolves,117.0,144.0,False,False,2025-11-09|Minnesota Timberwolves|Sacramento Kings,,,,2025-11-09|Minnesota Timberwolves|Sacramento Kings,0.46540370948526316,"[{""p_home_win"": 0.0, ""weight"": 0.25}, {""p_home_win"": 0.46540370948526316, ""weight"": 0.5}, {""p_home_win"": 0.9308074189705263, ""weight"": 0.25}]",-0.7013873110734545,,elo,"{'home_advantage': 3.0216151974189343, 'scale': 0.09814917306882852, 'error_term': 12.15466660248633, 'win_prob_k': 5.060271956112118}",0.0,-27.0
2025-11-10,Charlotte Hornets,Los Angeles Lakers,111.0,121.0,False,False,2025-11-10|Los Angeles Lakers|Charlotte Hornets,,,,2025-11-10|Los Angeles Lakers|Charlotte Hornets,0.12428423751180795,"[{""p_home_win"": 0.0, ""weight"": 0.25}, {""p_home_win"": 0.12428423751180795, ""weight"": 0.5}, {""p_home_win"": 0.2485684750236159, ""weight"": 0.25}]",-10.105953375817842,,elo,"{'home_advantage': 3.0796912314578306, 'scale': 0.09836591788830608, 'error_term': 12.105299500082424, 'win_prob_k': 5.175982923629757}",0.0,-10.0
2025-11-10,Detroit Pistons,Washington Wizards,137.0,135.0,False,False,2025-11-10|Washington Wizards|Detroit Pistons,,,,2025-11-10|Washington Wizards|Detroit Pistons,0.992720649585798,"[{""p_home_win"": 0.985441299171596, ""weight"": 0.25}, {""p_home_win"": 0.992720649585798, ""weight"": 0.5}, {""p_home_win"": 1.0, ""weight"": 0.25}]",25.442066190582917,,elo,"{'home_advantage': 3.0796912314578306, 'scale': 0.09836591788830608, 'error_term': 12.105299500082424, 'win_prob_k': 5.175982923629757}",1.0,2.0
2025-11-10,Orlando Magic,Portland Trail Blazers,115.0,112.0,False,False,2025-11-10|Portland Trail Blazers|Orlando Magic,,,,2025-11-10|Portland Trail Blazers|Orlando Magic,0.3457293803464407,"[{""p_home_win"": 0.0, ""weight"": 0.25}, {""p_home_win"": 0.3457293803464407, ""weight"": 0.5}, {""p_home_win"": 0.6914587606928814, ""weight"": 0.25}]",-3.301576929811676,,elo,"{'home_advantage': 3.0796912314578306, 'scale': 0.09836591788830608, 'error_term': 12.105299500082424, 'win_prob_k': 5.175982923629757}",1.0,3.0
2025-11-10,Miami Heat,Cleveland Cavaliers,140.0,138.0,False,False,2025-11-10|Cleveland Cavaliers|Miami Heat,,,,2025-11-10|Cleveland Cavaliers|Miami Heat,0.5419931582082569,"[{""p_home_win"": 0.08398631641651377, ""weight"": 0.25}, {""p_home_win"": 0.5419931582082569, ""weight"": 0.5}, {""p_home_win"": 1.0, ""weight"": 0.25}]",0.8714763924474038,,elo,"{'home_advantage': 3.0796912314578306, 'scale': 0.09836591788830608, 'error_term': 12.105299500082424, 'win_prob_k': 5.175982923629757}",1.0,2.0
2025-11-10,Chicago Bulls,San Antonio Spurs,117.0,121.0,False,False,2025-11-10|San Antonio Spurs|Chicago Bulls,,,,2025-11-10|San Antonio Spurs|Chicago Bulls,0.46273454034679123,"[{""p_home_win"": 0.0, ""weight"": 0.25}, {""p_home_win"": 0.46273454034679123, ""weight"": 0.5}, {""p_home_win"": 0.9254690806935825, ""weight"": 0.25}]",-0.7729749128033654,,elo,"{'home_advantage': 3.0796912314578306, 'scale': 0.09836591788830608, 'error_term': 12.105299500082424, 'win_prob_k': 5.175982923629757}",0.0,-4.0
2025-11-10,Dallas Mavericks,Milwaukee Bucks,114.0,116.0,False,False,2025-11-10|Milwaukee Bucks|Dallas Mavericks,,,,2025-11-10|Milwaukee Bucks|Dallas Mavericks,0.21897204070008974,"[{""p_home_win"": 0.0, ""weight"": 0.25}, {""p_home_win"": 0.21897204070008974, ""weight"": 0.5}, {""p_home_win"": 0.4379440814001795, ""weight"": 0.25}]",-6.58212613269499,,elo,"{'home_advantage': 3.0796912314578306, 'scale': 0.09836591788830608, 'error_term': 12.105299500082424, 'win_prob_k': 5.175982923629757}",0.0,-2.0
2025-11-10,Phoenix Suns,New Orleans Pelicans,121.0,98.0,False,False,2025-11-10|New Orleans Pelicans|Phoenix Suns,,,,2025-11-10|New Orleans Pelicans|Phoenix Suns,0.8882404501011875,"[{""p_home_win"": 0.7764809002023749, ""weight"": 0.25}, {""p_home_win"": 0.8882404501011875, ""weight"": 0.5}, {""p_home_win"": 1.0, ""weight"": 0.25}]",10.729257714247593,,elo,"{'home_advantage': 3.0796912314578306, 'scale': 0.09836591788830608, 'error_term': 12.105299500082424, 'win_prob_k': 5.175982923629757}",1.0,23.0
2025-11-10,Utah Jazz,Minnesota Timberwolves,113.0,120.0,False,False,2025-11-10|Minnesota Timberwolves|Utah Jazz,,,,2025-11-10|Minnesota Timberwolves|Utah Jazz,0.2611448289863227,"[{""p_home_win"": 0.0, ""weight"": 0.25}, {""p_home_win"": 0.2611448289863227, ""weight"": 0.5}, {""p_home_win"": 0.5222896579726454, ""weight"": 0.25}]",-5.383160792863011,,elo,"{'home_advantage': 3.0796912314578306, 'scale': 0.09836591788830608, 'error_term': 12.105299500082424, 'win_prob_k': 5.175982923629757}",0.0,-7.0
2025-11-10,Los Angeles Clippers,Atlanta Hawks,102.0,105.0,False,False,2025-11-10|Atlanta Hawks|Los Angeles Clippers,,,,2025-11-10|Atlanta Hawks|Los Angeles Clippers,0.3523308766246033,"[{""p_home_win"": 0.0, ""weight"": 0.25}, {""p_home_win"": 0.3523308766246033, ""weight"": 0.5}, {""p_home_win"": 0.7046617532492065, ""weight"": 0.25}]",-3.151186174998147,,elo,"{'home_advantage': 3.0796912314578306, 'scale': 0.09836591788830608, 'error_term': 12.105299500082424, 'win_prob_k': 5.175982923629757}",0.0,-3.0
2025-11-11,Brooklyn Nets,Toronto Raptors,109.0,119.0,False,False,2025-11-11|Toronto Raptors|Brooklyn Nets,,,,2025-11-11|Toronto Raptors|Brooklyn Nets,0.15939174142871665,"[{""p_home_win"": 0.0, ""weight"": 0.25}, {""p_home_win"": 0.15939174142871665, ""weight"": 0.5}, {""p_home_win"": 0.3187834828574333, ""weight"": 0.25}]",-8.329057856365429,,elo,"{'home_advantage': 3.0577172185598793, 'scale': 0.08715193766409444, 'error_term': 12.019425053589861, 'win_prob_k': 5.009173835478222}",0.0,-10.0
2025-11-11,New York Knicks,Memphis Grizzlies,133.0,120.0,False,False,2025-11-11|Memphis Grizzlies|New York Knicks,,,,2025-11-11|Memphis Grizzlies|New York Knicks,0.9187553317050491,"[{""p_home_win"": 0.8375106634100982, ""weight"": 0.25}, {""p_home_win"": 0.9187553317050491, ""weight"": 0.5}, {""p_home_win"": 1.0, ""weight"": 0.25}]",12.150024917629969,,elo,"{'home_advantage': 3.0577172185598793, 'scale': 0.08715193766409444, 'error_term': 12.019425053589861, 'win_prob_k': 5.009173835478222}",1.0,13.0
2025-11-11,Oklahoma City Thunder,Golden State Warriors,126.0,102.0,False,False,2025-11-11|Golden State Warriors|Oklahoma City Thunder,,,,2025-11-11|Golden State Warriors|Oklahoma City Thunder,0.941455876738223,"[{""p_home_win"": 0.8829117534764459, ""weight"": 0.25}, {""p_home_win"": 0.941455876738223, ""weight"": 0.5}, {""p_home_win"": 1.0, ""weight"": 0.25}]",13.913715516536044,,elo,"{'home_advantage': 3.0577172185598793, 'scale': 0.08715193766409444, 'error_term': 12.019425053589861, 'win_prob_k': 5.009173835478222}",1.0,24.0
2025-11-11,Philadelphia 76ers,Boston Celtics,102.0,100.0,False,False,2025-11-11|Boston Celtics|Philadelphia 76ers,,,,2025-11-11|Boston Celtics|Philadelphia 76ers,0.7670926140361646,"[{""p_home_win"": 0.5341852280723292, ""weight"": 0.25}, {""p_home_win"": 0.7670926140361646, ""weight"": 0.5}, {""p_home_win"": 1.0, ""weight"": 0.25}]",5.970768171377828,,elo,"{'home_advantage': 3.0577172185598793, 'scale': 0.08715193766409444, 'error_term': 12.019425053589861, 'win_prob_k': 5.009173835478222}",1.0,2.0
2025-11-11,Utah Jazz,Indiana Pacers,152.0,128.0,False,False,2025-11-11|Indiana Pacers|Utah Jazz,,,,2025-11-11|Indiana Pacers|Utah Jazz,0.8189922762258757,"[{""p_home_win"": 0.6379845524517513, ""weight"": 0.25}, {""p_home_win"": 0.8189922762258757, ""weight"": 0.5}, {""p_home_win"": 1.0, ""weight"": 0.25}]",7.561522974931176,,elo,"{'home_advantage': 3.0577172185598793, 'scale': 0.08715193766409444, 'error_term': 12.019425053589861, 'win_prob_k': 5.009173835478222}",1.0,24.0
2025-11-11,Sacramento Kings,Denver Nuggets,108.0,122.0,False,False,2025-11-11|Denver Nuggets|Sacramento Kings,,,,2025-11-11|Denver Nuggets|Sacramento Kings,0.16132840459849723,"[{""p_home_win"": 0.0, ""weight"": 0.25}, {""p_home_win"": 0.16132840459849723, ""weight"": 0.5}, {""p_home_win"": 0.32265680919699447, ""weight"": 0.25}]",-8.257007632835254,,elo,"{'home_advantage': 3.0577172185598793, 'scale': 0.08715193766409444, 'error_term': 12.019425053589861, 'win_prob_k': 5.009173835478222}",0.0,-14.0
2025-11-12,Charlotte Hornets,Milwaukee Bucks,111.0,100.0,False,False,2025-11-12|Milwaukee Bucks|Charlotte Hornets,,,,2025-11-12|Milwaukee Bucks|Charlotte Hornets,0.21123445113776088,"[{""p_home_win"": 0.0, ""weight"": 0.25}, {""p_home_win"": 0.21123445113776088, ""weight"": 0.5}, {""p_home_win"": 0.42246890227552175, ""weight"": 0.25}]",-6.558985043366707,,elo,"{'home_advantage': 3.1380271584956954, 'scale': 0.08304824263035236, 'error_term': 11.900003351272888, 'win_prob_k': 4.978355002606511}",1.0,11.0
2025-11-12,Detroit Pistons,Chicago Bulls,124.0,113.0,False,False,2025-11-12|Chicago Bulls|Detroit Pistons,,,,2025-11-12|Chicago Bulls|Detroit Pistons,0.8859165821119964,"[{""p_home_win"": 0.7718331642239928, ""weight"": 0.25}, {""p_home_win"": 0.8859165821119964, ""weight"": 0.5}, {""p_home_win"": 1.0, ""weight"": 0.25}]",10.20409879494696,,elo,"{'home_advantage': 3.1380271584956954, 'scale': 0.08304824263035236, 'error_term': 11.900003351272888, 'win_prob_k': 4.978355002606511}",1.0,11.0
2025-11-12,New York Knicks,Orlando Magic,107.0,124.0,False,False,2025-11-12|Orlando Magic|New York Knicks,,,,2025-11-12|Orlando Magic|New York Knicks,0.8715903304744776,"[{""p_home_win"": 0.7431806609489553, ""weight"": 0.25}, {""p_home_win"": 0.8715903304744776, ""weight"": 0.5}, {""p_home_win"": 1.0, ""weight"": 0.25}]",9.534016863229374,,elo,"{'home_advantage': 3.1380271584956954, 'scale': 0.08304824263035236, 'error_term': 11.900003351272888, 'win_prob_k': 4.978355002606511}",0.0,-17.0
2025-11-12,Boston Celtics,Memphis Grizzlies,131.0,95.0,False,False,2025-11-12|Memphis Grizzlies|Boston Celtics,,,,2025-11-12|Memphis Grizzlies|Boston Celtics,0.7721708749258033,"[{""p_home_win"": 0.5443417498516065, ""weight"": 0.25}, {""p_home_win"": 0.7721708749258033, ""weight"": 0.5}, {""p_home_win"": 1.0, ""weight"": 0.25}]",6.0766297482086715,,elo,"{'home_advantage': 3.1380271584956954, 'scale': 0.08304824263035236, 'error_term': 11.900003351272888, 'win_prob_k': 4.978355002606511}",1.0,36.0
2025-11-12,Miami Heat,Cleveland Cavaliers,116.0,130.0,False,False,2025-11-12|Cleveland Cavaliers|Miami Heat,,,,2025-11-12|Cleveland Cavaliers|Miami Heat,0.7243559959414695,"[{""p_home_win"": 0.448711991882939, ""weight"": 0.25}, {""p_home_win"": 0.7243559959414695, ""weight"": 0.5}, {""p_home_win"": 1.0, ""weight"": 0.25}]",4.8099511218158275,,elo,"{'home_advantage': 3.1380271584956954, 'scale': 0.08304824263035236, 'error_term': 11.900003351272888, 'win_prob_k': 4.978355002606511}",0.0,-14.0
2025-11-12,Houston Rockets,Washington Wizards,135.0,112.0,False,False,2025-11-12|Washington Wizards|Houston Rockets,,,,2025-11-12|Washington Wizards|Houston Rockets,0.9789238704576213,"[{""p_home_win"": 0.9578477409152426, ""weight"": 0.25}, {""p_home_win"": 0.9789238704576213, ""weight"": 0.5}, {""p_home_win"": 1.0, ""weight"": 0.25}]",19.108483620831855,,elo,"{'home_advantage': 3.1380271584956954, 'scale': 0.08304824263035236, 'error_term': 11.900003351272888, 'win_prob_k': 4.978355002606511}",1.0,23.0
2025-11-12,New Orleans Pelicans,Portland Trail Blazers,117.0,125.0,False,False,2025-11-12|Portland Trail Blazers|New Orleans Pelicans,,,,2025-11-12|Portland Trail Blazers|New Orleans Pelicans,0.29261412905240813,"[{""p_home_win"": 0.0, ""weight"": 0.25}, {""p_home_win"": 0.29261412905240813, ""weight"": 0.5}, {""p_home_win"": 0.5852282581048163, ""weight"": 0.25}]",-4.394501134790275,,elo,"{'home_advantage': 3.1380271584956954, 'scale': 0.08304824263035236, 'error_term': 11.900003351272888, 'win_prob_k': 4.978355002606511}",0.0,-8.0
2025-11-12,San Antonio Spurs,Golden State Warriors,120.0,125.0,False,False,2025-11-12|Golden State Warriors|San Antonio Spurs,,,,2025-11-12|Golden State Warriors|San Antonio Spurs,0.9178939529516704,"[{""p_home_win"": 0.8357879059033408, ""weight"": 0.25}, {""p_home_win"": 0.9178939529516704, ""weight"": 0.5}, {""p_home_win"": 1.0, ""weight"": 0.25}]",12.018098436262768,,elo,"{'home_advantage': 3.1380271584956954, 'scale': 0.08304824263035236, 'error_term': 11.900003351272888, 'win_prob_k': 4.978355002606511}",0.0,-5.0
2025-11-12,Dallas Mavericks,Phoenix Suns,114.0,123.0,False,False,2025-11-12|Phoenix Suns|Dallas Mavericks,,,,2025-11-12|Phoenix Suns|Dallas Mavericks,0.223518268811382,"[{""p_home_win"": 0.0, ""weight"": 0.25}, {""p_home_win"": 0.223518268811382, ""weight"": 0.5}, {""p_home_win"": 0.447036537622764, ""weight"": 0.25}]",-6.1994457425428156,,elo,"{'home_advantage': 3.1380271584956954, 'scale': 0.08304824263035236, 'error_term': 11.900003351272888, 'win_prob_k': 4.978355002606511}",0.0,-9.0
2025-11-12,Oklahoma City Thunder,Los Angeles Lakers,121.0,92.0,False,False,2025-11-12|Los Angeles Lakers|Oklahoma City Thunder,,,,2025-11-12|Los Angeles Lakers|Oklahoma City Thunder,0.8227293186100854,"[{""p_home_win"": 0.6454586372201707, ""weight"": 0.25}, {""p_home_win"": 0.8227293186100854, ""weight"": 0.5}, {""p_home_win"": 1.0, ""weight"": 0.25}]",7.641523087888517,,elo,"{'home_advantage': 3.1380271584956954, 'scale': 0.08304824263035236, 'error_term': 11.900003351272888, 'win_prob_k': 4.978355002606511}",1.0,29.0
2025-11-12,Sacramento Kings,Atlanta Hawks,100.0,133.0,False,False,2025-11-12|Atlanta Hawks|Sacramento Kings,,,,2025-11-12|Atlanta Hawks|Sacramento Kings,0.3128232419114835,"[{""p_home_win"": 0.0, ""weight"": 0.25}, {""p_home_win"": 0.3128232419114835, ""weight"": 0.5}, {""p_home_win"": 0.625646483822967, ""weight"": 0.25}]",-3.917732600297254,,elo,"{'home_advantage': 3.1380271584956954, 'scale': 0.08304824263035236, 'error_term': 11.900003351272888, 'win_prob_k': 4.978355002606511}",0.0,-33.0
2025-11-12,Los Angeles Clippers,Denver Nuggets,116.0,130.0,False,False,2025-11-12|Denver Nuggets|Los Angeles Clippers,,,,2025-11-12|Denver Nuggets|Los Angeles Clippers,0.10426487973004193,"[{""p_home_win"": 0.0, ""weight"": 0.25}, {""p_home_win"": 0.10426487973004193, ""weight"": 0.5}, {""p_home_win"": 0.20852975946008387, ""weight"": 0.25}]",-10.706998698398014,,elo,"{'home_advantage': 3.1380271584956954, 'scale': 0.08304824263035236, 'error_term': 11.900003351272888, 'win_prob_k': 4.978355002606511}",0.0,-14.0
2025-11-13,Cleveland Cavaliers,Toronto Raptors,113.0,126.0,False,False,2025-11-13|Toronto Raptors|Cleveland Cavaliers,,,,2025-11-13|Toronto Raptors|Cleveland Cavaliers,0.7829029204344885,"[{""p_home_win"": 0.565805840868977, ""weight"": 0.25}, {""p_home_win"": 0.7829029204344885, ""weight"": 0.5}, {""p_home_win"": 1.0, ""weight"": 0.25}]",6.844759316520747,,elo,"{'home_advantage': 3.1709986050578425, 'scale': 0.08201068342258934, 'error_term': 12.141039724734897, 'win_prob_k': 5.336361582403482}",0.0,-13.0
2025-11-13,Phoenix Suns,Indiana Pacers,133.0,98.0,False,False,2025-11-13|Indiana Pacers|Phoenix Suns,,,,2025-11-13|Indiana Pacers|Phoenix Suns,0.9679901950778167,"[{""p_home_win"": 0.9359803901556334, ""weight"": 0.25}, {""p_home_win"": 0.9679901950778167, ""weight"": 0.5}, {""p_home_win"": 1.0, ""weight"": 0.25}]",18.192615570518832,,elo,"{'home_advantage': 3.1709986050578425, 'scale': 0.08201068342258934, 'error_term': 12.141039724734897, 'win_prob_k': 5.336361582403482}",1.0,35.0
2025-11-13,Utah Jazz,Atlanta Hawks,122.0,132.0,False,False,2025-11-13|Atlanta Hawks|Utah Jazz,,,,2025-11-13|Atlanta Hawks|Utah Jazz,0.287058904822831,"[{""p_home_win"": 0.0, ""weight"": 0.25}, {""p_home_win"": 0.287058904822831, ""weight"": 0.5}, {""p_home_win"": 0.574117809645662, ""weight"": 0.25}]",-4.854548771558447,,elo,"{'home_advantage': 3.1709986050578425, 'scale': 0.08201068342258934, 'error_term': 12.141039724734897, 'win_prob_k': 5.336361582403482}",0.0,-10.0
2025-11-14,New York Knicks,Miami Heat,140.0,132.0,False,False,2025-11-14|Miami Heat|New York Knicks,,,,2025-11-14|Miami Heat|New York Knicks,0.6284962569225415,"[{""p_home_win"": 0.25699251384508304, ""weight"": 0.25}, {""p_home_win"": 0.6284962569225415, ""weight"": 0.5}, {""p_home_win"": 1.0, ""weight"": 0.25}]",2.8838986547217917,,elo,"{'home_advantage': 3.160363554856069, 'scale': 0.08164021878435807, 'error_term': 12.191779626845262, 'win_prob_k': 5.4850836705601935}",1.0,8.0
2025-11-14,Orlando Magic,Brooklyn Nets,105.0,98.0,False,False,2025-11-14|Brooklyn Nets|Orlando Magic,,,,2025-11-14|Brooklyn Nets|Orlando Magic,0.9408876732002037,"[{""p_home_win"": 0.8817753464004074, ""weight"": 0.25}, {""p_home_win"": 0.9408876732002037, ""weight"": 0.5}, {""p_home_win"": 1.0, ""weight"": 0.25}]",15.17933435125763,,elo,"{'home_advantage': 3.160363554856069, 'scale': 0.08164021878435807, 'error_term': 12.191779626845262, 'win_prob_k': 5.4850836705601935}",1.0,7.0
2025-11-14,Detroit Pistons,Philadelphia 76ers,114.0,105.0,False,False,2025-11-14|Philadelphia 76ers|Detroit Pistons,,,,2025-11-14|Philadelphia 76ers|Detroit Pistons,0.8535561788933339,"[{""p_home_win"": 0.7071123577866678, ""weight"": 0.25}, {""p_home_win"": 0.8535561788933339, ""weight"": 0.5}, {""p_home_win"": 1.0, ""weight"": 0.25}]",9.668938093085895,,elo,"{'home_advantage': 3.160363554856069, 'scale': 0.08164021878435807, 'error_term': 12.191779626845262, 'win_prob_k': 5.4850836705601935}",1.0,9.0
2025-11-14,Houston Rockets,Portland Trail Blazers,140.0,116.0,False,False,2025-11-14|Portland Trail Blazers|Houston Rockets,,,,2025-11-14|Portland Trail Blazers|Houston Rockets,0.7616707057151416,"[{""p_home_win"": 0.5233414114302832, ""weight"": 0.25}, {""p_home_win"": 0.7616707057151416, ""weight"": 0.5}, {""p_home_win"": 1.0, ""weight"": 0.25}]",6.37290485740834,,elo,"{'home_advantage': 3.160363554856069, 'scale': 0.08164021878435807, 'error_term': 12.191779626845262, 'win_prob_k': 5.4850836705601935}",1.0,24.0
2025-11-14,Milwaukee Bucks,Charlotte Hornets,147.0,134.0,False,False,2025-11-14|Charlotte Hornets|Milwaukee Bucks,,,,2025-11-14|Charlotte Hornets|Milwaukee Bucks,0.8213982418105532,"[{""p_home_win"": 0.6427964836211064, ""weight"": 0.25}, {""p_home_win"": 0.8213982418105532, ""weight"": 0.5}, {""p_home_win"": 1.0, ""weight"": 0.25}]",8.369412441448823,,elo,"{'home_advantage': 3.160363554856069, 'scale': 0.08164021878435807, 'error_term': 12.191779626845262, 'win_prob_k': 5.4850836705601935}",1.0,13.0
2025-11-14,Minnesota Timberwolves,Sacramento Kings,124.0,110.0,False,False,2025-11-14|Sacramento Kings|Minnesota Timberwolves,,,,2025-11-14|Sacramento Kings|Minnesota Timberwolves,0.9100681358723868,"[{""p_home_win"": 0.8201362717447735, ""weight"": 0.25}, {""p_home_win"": 0.9100681358723868, ""weight"": 0.5}, {""p_home_win"": 1.0, ""weight"": 0.25}]",12.695045986584647,,elo,"{'home_advantage': 3.160363554856069, 'scale': 0.08164021878435807, 'error_term': 12.191779626845262, 'win_prob_k': 5.4850836705601935}",1.0,14.0
2025-11-14,New Orleans Pelicans,Los Angeles Lakers,104.0,118.0,False,False,2025-11-14|Los Angeles Lakers|New Orleans Pelicans,,,,2025-11-14|Los Angeles Lakers|New Orleans Pelicans,0.1336319585485921,"[{""p_home_win"": 0.0, ""weight"": 0.25}, {""p_home_win"": 0.1336319585485921, ""weight"": 0.5}, {""p_home_win"": 0.2672639170971842, ""weight"": 0.25}]",-10.25283010194169,,elo,"{'home_advantage': 3.160363554856069, 'scale': 0.08164021878435807, 'error_term': 12.191779626845262, 'win_prob_k': 5.4850836705601935}",0.0,-14.0
2025-11-14,Dallas Mavericks,Los Angeles Clippers,127.0,133.0,False,False,2025-11-14|Los Angeles Clippers|Dallas Mavericks,,,,2025-11-14|Los Angeles Clippers|Dallas Mavericks,0.5765515566378158,"[{""p_home_win"": 0.15310311327563153, ""weight"": 0.25}, {""p_home_win"": 0.5765515566378158, ""weight"": 0.5}, {""p_home_win"": 1.0, ""weight"": 0.25}]",1.6928778222150282,,elo,"{'home_advantage': 3.160363554856069, 'scale': 0.08164021878435807, 'error_term': 12.191779626845262, 'win_prob_k': 5.4850836705601935}",0.0,-6.0
2025-11-14,San Antonio Spurs,Golden State Warriors,108.0,109.0,False,False,2025-11-14|Golden State Warriors|San Antonio Spurs,,,,2025-11-14|Golden State Warriors|San Antonio Spurs,0.8013349735139002,"[{""p_home_win"": 0.6026699470278003, ""weight"": 0.25}, {""p_home_win"": 0.8013349735139002, ""weight"": 0.5}, {""p_home_win"": 1.0, ""weight"": 0.25}]",7.649820930505339,,elo,"{'home_advantage': 3.160363554856069, 'scale': 0.08164021878435807, 'error_term': 12.191779626845262, 'win_prob_k': 5.4850836705601935}",0.0,-1.0
2025-11-15,Cleveland Cavaliers,Memphis Grizzlies,108.0,100.0,False,False,2025-11-15|Memphis Grizzlies|Cleveland Cavaliers,,,,2025-11-15|Memphis Grizzlies|Cleveland Cavaliers,0.9218125810691716,"[{""p_home_win"": 0.8436251621383433, ""weight"": 0.25}, {""p_home_win"": 0.9218125810691716, ""weight"": 0.5}, {""p_home_win"": 1.0, ""weight"": 0.25}]",13.10261771020918,,elo,"{'home_advantage': 3.1381735132348867, 'scale': 0.07707792298190723, 'error_term': 12.067541720087654, 'win_prob_k': 5.3106523661085525}",1.0,8.0
2025-11-15,Charlotte Hornets,Oklahoma City Thunder,96.0,109.0,False,False,2025-11-15|Oklahoma City Thunder|Charlotte Hornets,,,,2025-11-15|Oklahoma City Thunder|Charlotte Hornets,0.06867037067613845,"[{""p_home_win"": 0.0, ""weight"": 0.25}, {""p_home_win"": 0.06867037067613845, ""weight"": 0.5}, {""p_home_win"": 0.1373407413522769, ""weight"": 0.25}]",-13.84643976919299,,elo,"{'home_advantage': 3.1381735132348867, 'scale': 0.07707792298190723, 'error_term': 12.067541720087654, 'win_prob_k': 5.3106523661085525}",0.0,-13.0
2025-11-15,Indiana Pacers,Toronto Raptors,111.0,129.0,False,False,2025-11-15|Toronto Raptors|Indiana Pacers,,,,2025-11-15|Toronto Raptors|Indiana Pacers,0.09014702372795835,"[{""p_home_win"": 0.0, ""weight"": 0.25}, {""p_home_win"": 0.09014702372795835, ""weight"": 0.5}, {""p_home_win"": 0.1802940474559167, ""weight"": 0.25}]",-12.277384341304856,,elo,"{'home_advantage': 3.1381735132348867, 'scale': 0.07707792298190723, 'error_term': 12.067541720087654, 'win_prob_k': 5.3106523661085525}",0.0,-18.0
2025-11-15,Milwaukee Bucks,Los Angeles Lakers,95.0,119.0,False,False,2025-11-15|Los Angeles Lakers|Milwaukee Bucks,,,,2025-11-15|Los Angeles Lakers|Milwaukee Bucks,0.477314237977375,"[{""p_home_win"": 0.0, ""weight"": 0.25}, {""p_home_win"": 0.477314237977375, ""weight"": 0.5}, {""p_home_win"": 0.95462847595475, ""weight"": 0.25}]",-0.4822358711653454,,elo,"{'home_advantage': 3.1381735132348867, 'scale': 0.07707792298190723, 'error_term': 12.067541720087654, 'win_prob_k': 5.3106523661085525}",0.0,-24.0
2025-11-15,Minnesota Timberwolves,Denver Nuggets,112.0,123.0,False,False,2025-11-15|Denver Nuggets|Minnesota Timberwolves,,,,2025-11-15|Denver Nuggets|Minnesota Timberwolves,0.4608955769813417,"[{""p_home_win"": 0.0, ""weight"": 0.25}, {""p_home_win"": 0.4608955769813417, ""weight"": 0.5}, {""p_home_win"": 0.9217911539626834, ""weight"": 0.25}]",-0.8323798817330621,,elo,"{'home_advantage': 3.1381735132348867, 'scale': 0.07707792298190723, 'error_term': 12.067541720087654, 'win_prob_k': 5.3106523661085525}",0.0,-11.0
2025-11-16,Boston Celtics,Los Angeles Clippers,121.0,118.0,False,False,2025-11-16|Los Angeles Clippers|Boston Celtics,,,,2025-11-16|Los Angeles Clippers|Boston Celtics,0.7860328066643979,"[{""p_home_win"": 0.5720656133287958, ""weight"": 0.25}, {""p_home_win"": 0.7860328066643979, ""weight"": 0.5}, {""p_home_win"": 1.0, ""weight"": 0.25}]",6.820922055576293,,elo,"{'home_advantage': 2.9714872074269016, 'scale': 0.07519271088685688, 'error_term': 12.036984354933873, 'win_prob_k': 5.242121704397215}",1.0,3.0
2025-11-16,San Antonio Spurs,Sacramento Kings,123.0,110.0,False,False,2025-11-16|Sacramento Kings|San Antonio Spurs,,,,2025-11-16|Sacramento Kings|San Antonio Spurs,0.9226121479709475,"[{""p_home_win"": 0.845224295941895, ""weight"": 0.25}, {""p_home_win"": 0.9226121479709475, ""weight"": 0.5}, {""p_home_win"": 1.0, ""weight"": 0.25}]",12.991964978738475,,elo,"{'home_advantage': 2.9714872074269016, 'scale': 0.07519271088685688, 'error_term': 12.036984354933873, 'win_prob_k': 5.242121704397215}",1.0,13.0
2025-11-16,Washington Wizards,Brooklyn Nets,106.0,129.0,False,False,2025-11-16|Brooklyn Nets|Washington Wizards,,,,2025-11-16|Brooklyn Nets|Washington Wizards,0.6193244811598477,"[{""p_home_win"": 0.23864896231969546, ""weight"": 0.25}, {""p_home_win"": 0.6193244811598477, ""weight"": 0.5}, {""p_home_win"": 1.0, ""weight"": 0.25}]",2.5512461802568103,,elo,"{'home_advantage': 2.9714872074269016, 'scale': 0.07519271088685688, 'error_term': 12.036984354933873, 'win_prob_k': 5.242121704397215}",0.0,-23.0
2025-11-16,Houston Rockets,Orlando Magic,117.0,113.0,False,False,2025-11-16|Orlando Magic|Houston Rockets,,,,2025-11-16|Orlando Magic|Houston Rockets,0.7906361023920736,"[{""p_home_win"": 0.5812722047841472, ""weight"": 0.25}, {""p_home_win"": 0.7906361023920736, ""weight"": 0.5}, {""p_home_win"": 1.0, ""weight"": 0.25}]",6.965542287511009,,elo,"{'home_advantage': 2.9714872074269016, 'scale': 0.07519271088685688, 'error_term': 12.036984354933873, 'win_prob_k': 5.242121704397215}",1.0,4.0
2025-11-16,New Orleans Pelicans,Golden State Warriors,106.0,124.0,False,False,2025-11-16|Golden State Warriors|New Orleans Pelicans,,,,2025-11-16|Golden State Warriors|New Orleans Pelicans,0.18066796588400577,"[{""p_home_win"": 0.0, ""weight"": 0.25}, {""p_home_win"": 0.18066796588400577, ""weight"": 0.5}, {""p_home_win"": 0.36133593176801154, ""weight"": 0.25}]",-7.925189054878535,,elo,"{'home_advantage': 2.9714872074269016, 'scale': 0.07519271088685688, 'error_term': 12.036984354933873, 'win_prob_k': 5.242121704397215}",0.0,-18.0
2025-11-16,Dallas Mavericks,Portland Trail Blazers,138.0,133.0,False,False,2025-11-16|Portland Trail Blazers|Dallas Mavericks,,,,2025-11-16|Portland Trail Blazers|Dallas Mavericks,0.22929178093934183,"[{""p_home_win"": 0.0, ""weight"": 0.25}, {""p_home_win"": 0.22929178093934183, ""weight"": 0.5}, {""p_home_win"": 0.45858356187868365, ""weight"": 0.25}]",-6.355100216186999,,elo,"{'home_advantage': 2.9714872074269016, 'scale': 0.07519271088685688, 'error_term': 12.036984354933873, 'win_prob_k': 5.242121704397215}",1.0,5.0
2025-11-16,Phoenix Suns,Atlanta Hawks,122.0,124.0,False,False,2025-11-16|Atlanta Hawks|Phoenix Suns,,,,2025-11-16|Atlanta Hawks|Phoenix Suns,0.6225262340702296,"[{""p_home_win"": 0.2450524681404591, ""weight"": 0.25}, {""p_home_win"": 0.6225262340702296, ""weight"": 0.5}, {""p_home_win"": 1.0, ""weight"": 0.25}]",2.622553276317064,,elo,"{'home_advantage': 2.9714872074269016, 'scale': 0.07519271088685688, 'error_term': 12.036984354933873, 'win_prob_k': 5.242121704397215}",0.0,-2.0
2025-11-16,Utah Jazz,Chicago Bulls,150.0,147.0,False,False,2025-11-16|Chicago Bulls|Utah Jazz,,,,2025-11-16|Chicago Bulls|Utah Jazz,0.37215076082682835,"[{""p_home_win"": 0.0, ""weight"": 0.25}, {""p_home_win"": 0.37215076082682835, ""weight"": 0.5}, {""p_home_win"": 0.7443015216536567, ""weight"": 0.25}]",-2.741635047766828,,elo,"{'home_advantage': 2.9714872074269016, 'scale': 0.07519271088685688, 'error_term': 12.036984354933873, 'win_prob_k': 5.242121704397215}",1.0,3.0
2025-11-17,Cleveland Cavaliers,Milwaukee Bucks,118.0,106.0,False,False,2025-11-17|Milwaukee Bucks|Cleveland Cavaliers,,,,2025-11-17|Milwaukee Bucks|Cleveland Cavaliers,0.7580467359771755,"[{""p_home_win"": 0.5160934719543511, ""weight"": 0.25}, {""p_home_win"": 0.7580467359771755, ""weight"": 0.5}, {""p_home_win"": 1.0, ""weight"": 0.25}]",6.129209832151542,,elo,"{'home_advantage': 2.7809190543527973, 'scale': 0.07367837672248591, 'error_term': 11.952515320037623, 'win_prob_k': 5.367081767966191}",1.0,12.0
2025-11-17,Detroit Pistons,Indiana Pacers,127.0,112.0,False,False,2025-11-17|Indiana Pacers|Detroit Pistons,,,,2025-11-17|Indiana Pacers|Detroit Pistons,0.990157566061973,"[{""p_home_win"": 0.980315132123946, ""weight"": 0.25}, {""p_home_win"": 0.990157566061973, ""weight"": 0.5}, {""p_home_win"": 1.0, ""weight"": 0.25}]",24.748478433883584,,elo,"{'home_advantage': 2.7809190543527973, 'scale': 0.07367837672248591, 'error_term': 11.952515320037623, 'win_prob_k': 5.367081767966191}",1.0,15.0
2025-11-17,Philadelphia 76ers,Los Angeles Clippers,110.0,108.0,False,False,2025-11-17|Los Angeles Clippers|Philadelphia 76ers,,,,2025-11-17|Los Angeles Clippers|Philadelphia 76ers,0.8755873121905118,"[{""p_home_win"": 0.7511746243810236, ""weight"": 0.25}, {""p_home_win"": 0.8755873121905118, ""weight"": 0.5}, {""p_home_win"": 1.0, ""weight"": 0.25}]",10.472736782824784,,elo,"{'home_advantage': 2.7809190543527973, 'scale': 0.07367837672248591, 'error_term': 11.952515320037623, 'win_prob_k': 5.367081767966191}",1.0,2.0
2025-11-17,Miami Heat,New York Knicks,115.0,113.0,False,False,2025-11-17|New York Knicks|Miami Heat,,,,2025-11-17|New York Knicks|Miami Heat,0.5025415297021768,"[{""p_home_win"": 0.005083059404353607, ""weight"": 0.25}, {""p_home_win"": 0.5025415297021768, ""weight"": 0.5}, {""p_home_win"": 1.0, ""weight"": 0.25}]",0.05456286083493955,,elo,"{'home_advantage': 2.7809190543527973, 'scale': 0.07367837672248591, 'error_term': 11.952515320037623, 'win_prob_k': 5.367081767966191}",1.0,2.0
2025-11-17,Toronto Raptors,Charlotte Hornets,110.0,108.0,False,False,2025-11-17|Charlotte Hornets|Toronto Raptors,,,,2025-11-17|Charlotte Hornets|Toronto Raptors,0.9096855988504531,"[{""p_home_win"": 0.8193711977009062, ""weight"": 0.25}, {""p_home_win"": 0.9096855988504531, ""weight"": 0.5}, {""p_home_win"": 1.0, ""weight"": 0.25}]",12.396896819931847,,elo,"{'home_advantage': 2.7809190543527973, 'scale': 0.07367837672248591, 'error_term': 11.952515320037623, 'win_prob_k': 5.367081767966191}",1.0,2.0
2025-11-17,Minnesota Timberwolves,Dallas Mavericks,120.0,96.0,False,False,2025-11-17|Dallas Mavericks|Minnesota Timberwolves,,,,2025-11-17|Dallas Mavericks|Minnesota Timberwolves,0.9095428292952821,"[{""p_home_win"": 0.8190856585905641, ""weight"": 0.25}, {""p_home_win"": 0.9095428292952821, ""weight"": 0.5}, {""p_home_win"": 1.0, ""weight"": 0.25}]",12.38757680681555,,elo,"{'home_advantage': 2.7809190543527973, 'scale': 0.07367837672248591, 'error_term': 11.952515320037623, 'win_prob_k': 5.367081767966191}",1.0,24.0
2025-11-17,New Orleans Pelicans,Oklahoma City Thunder,109.0,126.0,False,False,2025-11-17|Oklahoma City Thunder|New Orleans Pelicans,,,,2025-11-17|Oklahoma City Thunder|New Orleans Pelicans,0.03272932195912294,"[{""p_home_win"": 0.0, ""weight"": 0.25}, {""p_home_win"": 0.03272932195912294, ""weight"": 0.5}, {""p_home_win"": 0.06545864391824588, ""weight"": 0.25}]",-18.174049849141706,,elo,"{'home_advantage': 2.7809190543527973, 'scale': 0.07367837672248591, 'error_term': 11.952515320037623, 'win_prob_k': 5.367081767966191}",0.0,-17.0
2025-11-17,Denver Nuggets,Chicago Bulls,127.0,130.0,False,False,2025-11-17|Chicago Bulls|Denver Nuggets,,,,2025-11-17|Chicago Bulls|Denver Nuggets,0.9239857146351498,"[{""p_home_win"": 0.8479714292702996, ""weight"": 0.25}, {""p_home_win"": 0.9239857146351498, ""weight"": 0.5}, {""p_home_win"": 1.0, ""weight"": 0.25}]",13.40576439773295,,elo,"{'home_advantage': 2.7809190543527973, 'scale': 0.07367837672248591, 'error_term': 11.952515320037623, 'win_prob_k': 5.367081767966191}",0.0,-3.0
2025-11-18,Orlando Magic,Golden State Warriors,121.0,113.0,False,False,2025-11-18|Golden State Warriors|Orlando Magic,,,,2025-11-18|Golden State Warriors|Orlando Magic,0.5017001383796749,"[{""p_home_win"": 0.0034002767593497296, ""weight"": 0.25}, {""p_home_win"": 0.5017001383796749, ""weight"": 0.5}, {""p_home_win"": 1.0, ""weight"": 0.25}]",0.03528380500998862,,elo,"{'home_advantage': 2.7519062122173112, 'scale': 0.07086126852038899, 'error_term': 11.833341676298671, 'win_prob_k': 5.1883525260338335}",1.0,8.0
2025-11-18,Atlanta Hawks,Detroit Pistons,112.0,120.0,False,False,2025-11-18|Detroit Pistons|Atlanta Hawks,,,,2025-11-18|Detroit Pistons|Atlanta Hawks,0.40688566235108486,"[{""p_home_win"": 0.0, ""weight"": 0.25}, {""p_home_win"": 0.40688566235108486, ""weight"": 0.5}, {""p_home_win"": 0.8137713247021697, ""weight"": 0.25}]",-1.9552564591306538,,elo,"{'home_advantage': 2.7519062122173112, 'scale': 0.07086126852038899, 'error_term': 11.833341676298671, 'win_prob_k': 5.1883525260338335}",0.0,-8.0
2025-11-18,Brooklyn Nets,Boston Celtics,99.0,113.0,False,False,2025-11-18|Boston Celtics|Brooklyn Nets,,,,2025-11-18|Boston Celtics|Brooklyn Nets,0.22365139869052172,"[{""p_home_win"": 0.0, ""weight"": 0.25}, {""p_home_win"": 0.22365139869052172, ""weight"": 0.5}, {""p_home_win"": 0.44730279738104345, ""weight"": 0.25}]",-6.456972499373301,,elo,"{'home_advantage': 2.7519062122173112, 'scale': 0.07086126852038899, 'error_term': 11.833341676298671, 'win_prob_k': 5.1883525260338335}",0.0,-14.0
2025-11-18,San Antonio Spurs,Memphis Grizzlies,111.0,101.0,False,False,2025-11-18|Memphis Grizzlies|San Antonio Spurs,,,,2025-11-18|Memphis Grizzlies|San Antonio Spurs,0.9325885900896798,"[{""p_home_win"": 0.8651771801793595, ""weight"": 0.25}, {""p_home_win"": 0.9325885900896798, ""weight"": 0.5}, {""p_home_win"": 1.0, ""weight"": 0.25}]",13.630579610783965,,elo,"{'home_advantage': 2.7519062122173112, 'scale': 0.07086126852038899, 'error_term': 11.833341676298671, 'win_prob_k': 5.1883525260338335}",1.0,10.0
2025-11-18,Los Angeles Lakers,Utah Jazz,140.0,126.0,False,False,2025-11-18|Utah Jazz|Los Angeles Lakers,,,,2025-11-18|Utah Jazz|Los Angeles Lakers,0.922780226278751,"[{""p_home_win"": 0.845560452557502, ""weight"": 0.25}, {""p_home_win"": 0.922780226278751, ""weight"": 0.5}, {""p_home_win"": 1.0, ""weight"": 0.25}]",12.870930492883385,,elo,"{'home_advantage': 2.7519062122173112, 'scale': 0.07086126852038899, 'error_term': 11.833341676298671, 'win_prob_k': 5.1883525260338335}",1.0,14.0
2025-11-18,Portland Trail Blazers,Phoenix Suns,110.0,127.0,False,False,2025-11-18|Phoenix Suns|Portland Trail Blazers,,,,2025-11-18|Phoenix Suns|Portland Trail Blazers,0.45412764994619254,"[{""p_home_win"": 0.0, ""weight"": 0.25}, {""p_home_win"": 0.45412764994619254, ""weight"": 0.5}, {""p_home_win"": 0.9082552998923851, ""weight"": 0.25}]",-0.954692309008379,,elo,"{'home_advantage': 2.7519062122173112, 'scale': 0.07086126852038899, 'error_term': 11.833341676298671, 'win_prob_k': 5.1883525260338335}",0.0,-17.0
2025-11-19,Cleveland Cavaliers,Houston Rockets,104.0,114.0,False,False,2025-11-19|Houston Rockets|Cleveland Cavaliers,,,,2025-11-19|Houston Rockets|Cleveland Cavaliers,0.5541192149142694,"[{""p_home_win"": 0.10823842982853882, ""weight"": 0.25}, {""p_home_win"": 0.5541192149142694, ""weight"": 0.5}, {""p_home_win"": 1.0, ""weight"": 0.25}]",1.1334367055165238,,elo,"{'home_advantage': 2.5369907343062894, 'scale': 0.06845431217919697, 'error_term': 11.782466863989196, 'win_prob_k': 5.215321916605459}",0.0,-10.0
2025-11-19,Indiana Pacers,Charlotte Hornets,127.0,118.0,False,False,2025-11-19|Charlotte Hornets|Indiana Pacers,,,,2025-11-19|Charlotte Hornets|Indiana Pacers,0.3567313924104016,"[{""p_home_win"": 0.0, ""weight"": 0.25}, {""p_home_win"": 0.3567313924104016, ""weight"": 0.5}, {""p_home_win"": 0.7134627848208032, ""weight"": 0.25}]",-3.0748457501236515,,elo,"{'home_advantage': 2.5369907343062894, 'scale': 0.06845431217919697, 'error_term': 11.782466863989196, 'win_prob_k': 5.215321916605459}",1.0,9.0
2025-11-19,Philadelphia 76ers,Toronto Raptors,112.0,121.0,False,False,2025-11-19|Toronto Raptors|Philadelphia 76ers,,,,2025-11-19|Toronto Raptors|Philadelphia 76ers,0.5217659039415127,"[{""p_home_win"": 0.04353180788302535, ""weight"": 0.25}, {""p_home_win"": 0.5217659039415127, ""weight"": 0.5}, {""p_home_win"": 1.0, ""weight"": 0.25}]",0.45435193036121246,,elo,"{'home_advantage': 2.5369907343062894, 'scale': 0.06845431217919697, 'error_term': 11.782466863989196, 'win_prob_k': 5.215321916605459}",0.0,-9.0
2025-11-19,Miami Heat,Golden State Warriors,110.0,96.0,False,False,2025-11-19|Golden State Warriors|Miami Heat,,,,2025-11-19|Golden State Warriors|Miami Heat,0.6858721733130744,"[{""p_home_win"": 0.37174434662614875, ""weight"": 0.25}, {""p_home_win"": 0.6858721733130744, ""weight"": 0.5}, {""p_home_win"": 1.0, ""weight"": 0.25}]",4.072599405276666,,elo,"{'home_advantage': 2.5369907343062894, 'scale': 0.06845431217919697, 'error_term': 11.782466863989196, 'win_prob_k': 5.215321916605459}",1.0,14.0
2025-11-19,Minnesota Timberwolves,Washington Wizards,120.0,109.0,False,False,2025-11-19|Washington Wizards|Minnesota Timberwolves,,,,2025-11-19|Washington Wizards|Minnesota Timberwolves,0.967215907053668,"[{""p_home_win"": 0.934431814107336, ""weight"": 0.25}, {""p_home_win"": 0.967215907053668, ""weight"": 0.5}, {""p_home_win"": 1.0, ""weight"": 0.25}]",17.65114395366456,,elo,"{'home_advantage': 2.5369907343062894, 'scale': 0.06845431217919697, 'error_term': 11.782466863989196, 'win_prob_k': 5.215321916605459}",1.0,11.0
2025-11-19,New Orleans Pelicans,Denver Nuggets,118.0,125.0,False,False,2025-11-19|Denver Nuggets|New Orleans Pelicans,,,,2025-11-19|Denver Nuggets|New Orleans Pelicans,0.07961907822306467,"[{""p_home_win"": 0.0, ""weight"": 0.25}, {""p_home_win"": 0.07961907822306467, ""weight"": 0.5}, {""p_home_win"": 0.15923815644612935, ""weight"": 0.25}]",-12.764677135324408,,elo,"{'home_advantage': 2.5369907343062894, 'scale': 0.06845431217919697, 'error_term': 11.782466863989196, 'win_prob_k': 5.215321916605459}",0.0,-7.0
2025-11-19,Oklahoma City Thunder,Sacramento Kings,113.0,99.0,False,False,2025-11-19|Sacramento Kings|Oklahoma City Thunder,,,,2025-11-19|Sacramento Kings|Oklahoma City Thunder,0.9827958922153497,"[{""p_home_win"": 0.9655917844306994, ""weight"": 0.25}, {""p_home_win"": 0.9827958922153497, ""weight"": 0.5}, {""p_home_win"": 1.0, ""weight"": 0.25}]",21.097298094457376,,elo,"{'home_advantage': 2.5369907343062894, 'scale': 0.06845431217919697, 'error_term': 11.782466863989196, 'win_prob_k': 5.215321916605459}",1.0,14.0
2025-11-19,Dallas Mavericks,New York Knicks,111.0,113.0,False,False,2025-11-19|New York Knicks|Dallas Mavericks,,,,2025-11-19|New York Knicks|Dallas Mavericks,0.19291357547500404,"[{""p_home_win"": 0.0, ""weight"": 0.25}, {""p_home_win"": 0.19291357547500404, ""weight"": 0.5}, {""p_home_win"": 0.3858271509500081, ""weight"": 0.25}]",-7.464108557746091,,elo,"{'home_advantage': 2.5369907343062894, 'scale': 0.06845431217919697, 'error_term': 11.782466863989196, 'win_prob_k': 5.215321916605459}",0.0,-2.0
2025-11-19,Portland Trail Blazers,Chicago Bulls,121.0,122.0,False,False,2025-11-19|Chicago Bulls|Portland Trail Blazers,,,,2025-11-19|Chicago Bulls|Portland Trail Blazers,0.4695889099355104,"[{""p_home_win"": 0.0, ""weight"": 0.25}, {""p_home_win"": 0.4695889099355104, ""weight"": 0.5}, {""p_home_win"": 0.9391778198710208, ""weight"": 0.25}]",-0.6351985435592651,,elo,"{'home_advantage': 2.5369907343062894, 'scale': 0.06845431217919697, 'error_term': 11.782466863989196, 'win_prob_k': 5.215321916605459}",0.0,-1.0
2025-11-20,Orlando Magic,Los Angeles Clippers,129.0,101.0,False,False,2025-11-20|Los Angeles Clippers|Orlando Magic,,,,2025-11-20|Los Angeles Clippers|Orlando Magic,0.8924799677132937,"[{""p_home_win"": 0.7849599354265875, ""weight"": 0.25}, {""p_home_win"": 0.8924799677132937, ""weight"": 0.5}, {""p_home_win"": 1.0, ""weight"": 0.25}]",10.744840103254512,,elo,"{'home_advantage': 2.541669326876161, 'scale': 0.06493914657033967, 'error_term': 11.645652701488235, 'win_prob_k': 5.0771174093762195}",1.0,28.0
2025-11-20,Memphis Grizzlies,Sacramento Kings,137.0,96.0,False,False,2025-11-20|Sacramento Kings|Memphis Grizzlies,,,,2025-11-20|Sacramento Kings|Memphis Grizzlies,0.6236741897183746,"[{""p_home_win"": 0.24734837943674925, ""weight"": 0.25}, {""p_home_win"": 0.6236741897183746, ""weight"": 0.5}, {""p_home_win"": 1.0, ""weight"": 0.25}]",2.564821695110619,,elo,"{'home_advantage': 2.541669326876161, 'scale': 0.06493914657033967, 'error_term': 11.645652701488235, 'win_prob_k': 5.0771174093762195}",1.0,41.0
2025-11-20,Milwaukee Bucks,Philadelphia 76ers,114.0,123.0,False,False,2025-11-20|Philadelphia 76ers|Milwaukee Bucks,,,,2025-11-20|Philadelphia 76ers|Milwaukee Bucks,0.5481085723698368,"[{""p_home_win"": 0.09621714473967358, ""weight"": 0.25}, {""p_home_win"": 0.5481085723698368, ""weight"": 0.5}, {""p_home_win"": 1.0, ""weight"": 0.25}]",0.9800433123318486,,elo,"{'home_advantage': 2.541669326876161, 'scale': 0.06493914657033967, 'error_term': 11.645652701488235, 'win_prob_k': 5.0771174093762195}",0.0,-9.0
2025-11-20,San Antonio Spurs,Atlanta Hawks,135.0,126.0,False,False,2025-11-20|Atlanta Hawks|San Antonio Spurs,,,,2025-11-20|Atlanta Hawks|San Antonio Spurs,0.6542799710368381,"[{""p_home_win"": 0.3085599420736762, ""weight"": 0.25}, {""p_home_win"": 0.6542799710368381, ""weight"": 0.5}, {""p_home_win"": 1.0, ""weight"": 0.25}]",3.2387240006595936,,elo,"{'home_advantage': 2.541669326876161, 'scale': 0.06493914657033967, 'error_term': 11.645652701488235, 'win_prob_k': 5.0771174093762195}",1.0,9.0
2025-11-21,Cleveland Cavaliers,Indiana Pacers,120.0,109.0,False,False,2025-11-21|Indiana Pacers|Cleveland Cavaliers,,,,2025-11-21|Indiana Pacers|Cleveland Cavaliers,0.9552093041881563,"[{""p_home_win"": 0.9104186083763126, ""weight"": 0.25}, {""p_home_win"": 0.9552093041881563, ""weight"": 0.5}, {""p_home_win"": 1.0, ""weight"": 0.25}]",15.804561847149307,,elo,"{'home_advantage': 2.6978342664541475, 'scale': 0.06482102484813952, 'error_term': 11.859896400286948, 'win_prob_k': 5.1650075651525285}",1.0,11.0
2025-11-21,Boston Celtics,Brooklyn Nets,105.0,113.0,False,False,2025-11-21|Brooklyn Nets|Boston Celtics,,,,2025-11-21|Brooklyn Nets|Boston Celtics,0.9224285683563755,"[{""p_home_win"": 0.8448571367127511, ""weight"": 0.25}, {""p_home_win"": 0.9224285683563755, ""weight"": 0.5}, {""p_home_win"": 1.0, ""weight"": 0.25}]",12.787581149081987,,elo,"{'home_advantage': 2.6978342664541475, 'scale': 0.06482102484813952, 'error_term': 11.859896400286948, 'win_prob_k': 5.1650075651525285}",0.0,-8.0
2025-11-21,Toronto Raptors,Washington Wizards,140.0,110.0,False,False,2025-11-21|Washington Wizards|Toronto Raptors,,,,2025-11-21|Washington Wizards|Toronto Raptors,0.9792682995842967,"[{""p_home_win"": 0.9585365991685935, ""weight"": 0.25}, {""p_home_win"": 0.9792682995842967, ""weight"": 0.5}, {""p_home_win"": 1.0, ""weight"": 0.25}]",19.91183609599504,,elo,"{'home_advantage': 2.6978342664541475, 'scale': 0.06482102484813952, 'error_term': 11.859896400286948, 'win_prob_k': 5.1650075651525285}",1.0,30.0
2025-11-21,Chicago Bulls,Miami Heat,107.0,143.0,False,False,2025-11-21|Miami Heat|Chicago Bulls,,,,2025-11-21|Miami Heat|Chicago Bulls,0.4981409552024014,"[{""p_home_win"": 0.0, ""weight"": 0.25}, {""p_home_win"": 0.4981409552024014, ""weight"": 0.5}, {""p_home_win"": 0.9962819104048029, ""weight"": 0.25}]",-0.03840809876182405,,elo,"{'home_advantage': 2.6978342664541475, 'scale': 0.06482102484813952, 'error_term': 11.859896400286948, 'win_prob_k': 5.1650075651525285}",0.0,-36.0
2025-11-21,Dallas Mavericks,New Orleans Pelicans,118.0,115.0,False,False,2025-11-21|New Orleans Pelicans|Dallas Mavericks,,,,2025-11-21|New Orleans Pelicans|Dallas Mavericks,0.6819297572170063,"[{""p_home_win"": 0.36385951443401265, ""weight"": 0.25}, {""p_home_win"": 0.6819297572170063, ""weight"": 0.5}, {""p_home_win"": 1.0, ""weight"": 0.25}]",3.939115795251527,,elo,"{'home_advantage': 2.6978342664541475, 'scale': 0.06482102484813952, 'error_term': 11.859896400286948, 'win_prob_k': 5.1650075651525285}",1.0,3.0
2025-11-21,Phoenix Suns,Minnesota Timberwolves,114.0,113.0,False,False,2025-11-21|Minnesota Timberwolves|Phoenix Suns,,,,2025-11-21|Minnesota Timberwolves|Phoenix Suns,0.5908888545158197,"[{""p_home_win"": 0.18177770903163948, ""weight"": 0.25}, {""p_home_win"": 0.5908888545158197, ""weight"": 0.5}, {""p_home_win"": 1.0, ""weight"": 0.25}]",1.8988688965471123,,elo,"{'home_advantage': 2.6978342664541475, 'scale': 0.06482102484813952, 'error_term': 11.859896400286948, 'win_prob_k': 5.1650075651525285}",1.0,1.0
2025-11-21,Houston Rockets,Denver Nuggets,109.0,112.0,False,False,2025-11-21|Denver Nuggets|Houston Rockets,,,,2025-11-21|Denver Nuggets|Houston Rockets,0.659337291689884,"[{""p_home_win"": 0.31867458337976795, ""weight"": 0.25}, {""p_home_win"": 0.659337291689884, ""weight"": 0.5}, {""p_home_win"": 1.0, ""weight"": 0.25}]",3.4106733081534806,,elo,"{'home_advantage': 2.6978342664541475, 'scale': 0.06482102484813952, 'error_term': 11.859896400286948, 'win_prob_k': 5.1650075651525285}",0.0,-3.0
2025-11-21,Golden State Warriors,Portland Trail Blazers,123.0,127.0,False,False,2025-11-21|Portland Trail Blazers|Golden State Warriors,,,,2025-11-21|Portland Trail Blazers|Golden State Warriors,0.7888390963138785,"[{""p_home_win"": 0.577678192627757, ""weight"": 0.25}, {""p_home_win"": 0.7888390963138785, ""weight"": 0.5}, {""p_home_win"": 1.0, ""weight"": 0.25}]",6.807180125545088,,elo,"{'home_advantage': 2.6978342664541475, 'scale': 0.06482102484813952, 'error_term': 11.859896400286948, 'win_prob_k': 5.1650075651525285}",0.0,-4.0
2025-11-21,Utah Jazz,Oklahoma City Thunder,112.0,144.0,False,False,2025-11-21|Oklahoma City Thunder|Utah Jazz,,,,2025-11-21|Oklahoma City Thunder|Utah Jazz,0.07948990376037995,"[{""p_home_win"": 0.0, ""weight"": 0.25}, {""p_home_win"": 0.07948990376037995, ""weight"": 0.5}, {""p_home_win"": 0.1589798075207599, ""weight"": 0.25}]",-12.650642451158921,,elo,"{'home_advantage': 2.6978342664541475, 'scale': 0.06482102484813952, 'error_term': 11.859896400286948, 'win_prob_k': 5.1650075651525285}",0.0,-32.0
2025-11-22,Charlotte Hornets,Los Angeles Clippers,116.0,131.0,False,False,2025-11-22|Los Angeles Clippers|Charlotte Hornets,,,,2025-11-22|Los Angeles Clippers|Charlotte Hornets,0.5888711223400995,"[{""p_home_win"": 0.17774224468019906, ""weight"": 0.25}, {""p_home_win"": 0.5888711223400995, ""weight"": 0.5}, {""p_home_win"": 1.0, ""weight"": 0.25}]",1.9529334060479597,,elo,"{'home_advantage': 2.249027161384516, 'scale': 0.06428664668441642, 'error_term': 12.072242102022003, 'win_prob_k': 5.435374502350983}",0.0,-15.0
2025-11-22,Orlando Magic,New York Knicks,133.0,121.0,False,False,2025-11-22|New York Knicks|Orlando Magic,,,,2025-11-22|New York Knicks|Orlando Magic,0.5786764148208364,"[{""p_home_win"": 0.15735282964167285, ""weight"": 0.25}, {""p_home_win"": 0.5786764148208364, ""weight"": 0.5}, {""p_home_win"": 1.0, ""weight"": 0.25}]",1.7248742620786013,,elo,"{'home_advantage': 2.249027161384516, 'scale': 0.06428664668441642, 'error_term': 12.072242102022003, 'win_prob_k': 5.435374502350983}",1.0,12.0
2025-11-22,New Orleans Pelicans,Atlanta Hawks,98.0,115.0,False,False,2025-11-22|Atlanta Hawks|New Orleans Pelicans,,,,2025-11-22|Atlanta Hawks|New Orleans Pelicans,0.1322054617337926,"[{""p_home_win"": 0.0, ""weight"": 0.25}, {""p_home_win"": 0.1322054617337926, ""weight"": 0.5}, {""p_home_win"": 0.2644109234675852, ""weight"": 0.25}]",-10.227188373351153,,elo,"{'home_advantage': 2.249027161384516, 'scale': 0.06428664668441642, 'error_term': 12.072242102022003, 'win_prob_k': 5.435374502350983}",0.0,-17.0
2025-11-22,Chicago Bulls,Washington Wizards,121.0,120.0,False,False,2025-11-22|Washington Wizards|Chicago Bulls,,,,2025-11-22|Washington Wizards|Chicago Bulls,0.9367456976025228,"[{""p_home_win"": 0.8734913952050456, ""weight"": 0.25}, {""p_home_win"": 0.9367456976025228, ""weight"": 0.5}, {""p_home_win"": 1.0, ""weight"": 0.25}]",14.649686047213423,,elo,"{'home_advantage': 2.249027161384516, 'scale': 0.06428664668441642, 'error_term': 12.072242102022003, 'win_prob_k': 5.435374502350983}",1.0,1.0
2025-11-22,Milwaukee Bucks,Detroit Pistons,116.0,129.0,False,False,2025-11-22|Detroit Pistons|Milwaukee Bucks,,,,2025-11-22|Detroit Pistons|Milwaukee Bucks,0.15284450367770347,"[{""p_home_win"": 0.0, ""weight"": 0.25}, {""p_home_win"": 0.15284450367770347, ""weight"": 0.5}, {""p_home_win"": 0.30568900735540694, ""weight"": 0.25}]",-9.307878671289837,,elo,"{'home_advantage': 2.249027161384516, 'scale': 0.06428664668441642, 'error_term': 12.072242102022003, 'win_prob_k': 5.435374502350983}",0.0,-13.0
2025-11-22,Dallas Mavericks,Memphis Grizzlies,96.0,102.0,False,False,2025-11-22|Memphis Grizzlies|Dallas Mavericks,,,,2025-11-22|Memphis Grizzlies|Dallas Mavericks,0.572452825116394,"[{""p_home_win"": 0.1449056502327879, ""weight"": 0.25}, {""p_home_win"": 0.572452825116394, ""weight"": 0.5}, {""p_home_win"": 1.0, ""weight"": 0.25}]",1.586399370825394,,elo,"{'home_advantage': 2.249027161384516, 'scale': 0.06428664668441642, 'error_term': 12.072242102022003, 'win_prob_k': 5.435374502350983}",0.0,-6.0
2025-11-22,Denver Nuggets,Sacramento Kings,123.0,128.0,False,False,2025-11-22|Sacramento Kings|Denver Nuggets,,,,2025-11-22|Sacramento Kings|Denver Nuggets,0.9680552284227051,"[{""p_home_win"": 0.9361104568454102, ""weight"": 0.25}, {""p_home_win"": 0.9680552284227051, ""weight"": 0.5}, {""p_home_win"": 1.0, ""weight"": 0.25}]",18.541587682067732,,elo,"{'home_advantage': 2.249027161384516, 'scale': 0.06428664668441642, 'error_term': 12.072242102022003, 'win_prob_k': 5.435374502350983}",0.0,-5.0
2025-11-23,Philadelphia 76ers,Miami Heat,117.0,127.0,False,False,2025-11-23|Miami Heat|Philadelphia 76ers,,,,2025-11-23|Miami Heat|Philadelphia 76ers,0.4593752813913669,"[{""p_home_win"": 0.0, ""weight"": 0.25}, {""p_home_win"": 0.4593752813913669, ""weight"": 0.5}, {""p_home_win"": 0.9187505627827338, ""weight"": 0.25}]",-0.8683095709811215,,elo,"{'home_advantage': 2.063517561079176, 'scale': 0.06388084645029557, 'error_term': 12.11232412372597, 'win_prob_k': 5.331701477257685}",0.0,-10.0
2025-11-23,Atlanta Hawks,Charlotte Hornets,113.0,110.0,False,False,2025-11-23|Charlotte Hornets|Atlanta Hawks,,,,2025-11-23|Charlotte Hornets|Atlanta Hawks,0.9275993986301097,"[{""p_home_win"": 0.8551987972602193, ""weight"": 0.25}, {""p_home_win"": 0.9275993986301097, ""weight"": 0.5}, {""p_home_win"": 1.0, ""weight"": 0.25}]",13.59789334618327,,elo,"{'home_advantage': 2.063517561079176, 'scale': 0.06388084645029557, 'error_term': 12.11232412372597, 'win_prob_k': 5.331701477257685}",1.0,3.0
2025-11-23,Boston Celtics,Orlando Magic,138.0,129.0,False,False,2025-11-23|Orlando Magic|Boston Celtics,,,,2025-11-23|Orlando Magic|Boston Celtics,0.3723828229750372,"[{""p_home_win"": 0.0, ""weight"": 0.25}, {""p_home_win"": 0.3723828229750372, ""weight"": 0.5}, {""p_home_win"": 0.7447656459500744, ""weight"": 0.25}]",-2.783190668680537,,elo,"{'home_advantage': 2.063517561079176, 'scale': 0.06388084645029557, 'error_term': 12.11232412372597, 'win_prob_k': 5.331701477257685}",1.0,9.0
2025-11-23,Cleveland Cavaliers,Los Angeles Clippers,120.0,105.0,False,False,2025-11-23|Los Angeles Clippers|Cleveland Cavaliers,,,,2025-11-23|Los Angeles Clippers|Cleveland Cavaliers,0.90379337604345,"[{""p_home_win"": 0.8075867520869, ""weight"": 0.25}, {""p_home_win"": 0.90379337604345, ""weight"": 0.5}, {""p_home_win"": 1.0, ""weight"": 0.25}]",11.94355810993924,,elo,"{'home_advantage': 2.063517561079176, 'scale': 0.06388084645029557, 'error_term': 12.11232412372597, 'win_prob_k': 5.331701477257685}",1.0,15.0
2025-11-23,Toronto Raptors,Brooklyn Nets,119.0,109.0,False,False,2025-11-23|Brooklyn Nets|Toronto Raptors,,,,2025-11-23|Brooklyn Nets|Toronto Raptors,0.9439761677520703,"[{""p_home_win"": 0.8879523355041405, ""weight"": 0.25}, {""p_home_win"": 0.9439761677520703, ""weight"": 0.5}, {""p_home_win"": 1.0, ""weight"": 0.25}]",15.058451076763959,,elo,"{'home_advantage': 2.063517561079176, 'scale': 0.06388084645029557, 'error_term': 12.11232412372597, 'win_prob_k': 5.331701477257685}",1.0,10.0
2025-11-23,Oklahoma City Thunder,Portland Trail Blazers,122.0,95.0,False,False,2025-11-23|Portland Trail Blazers|Oklahoma City Thunder,,,,2025-11-23|Portland Trail Blazers|Oklahoma City Thunder,0.9522955048916674,"[{""p_home_win"": 0.9045910097833347, ""weight"": 0.25}, {""p_home_win"": 0.9522955048916674, ""weight"": 0.5}, {""p_home_win"": 1.0, ""weight"": 0.25}]",15.962313190199794,,elo,"{'home_advantage': 2.063517561079176, 'scale': 0.06388084645029557, 'error_term': 12.11232412372597, 'win_prob_k': 5.331701477257685}",1.0,27.0
2025-11-23,Phoenix Suns,San Antonio Spurs,111.0,102.0,False,False,2025-11-23|San Antonio Spurs|Phoenix Suns,,,,2025-11-23|San Antonio Spurs|Phoenix Suns,0.5359499955544142,"[{""p_home_win"": 0.0718999911088285, ""weight"": 0.25}, {""p_home_win"": 0.5359499955544142, ""weight"": 0.5}, {""p_home_win"": 1.0, ""weight"": 0.25}]",0.768023868012149,,elo,"{'home_advantage': 2.063517561079176, 'scale': 0.06388084645029557, 'error_term': 12.11232412372597, 'win_prob_k': 5.331701477257685}",1.0,9.0
2025-11-23,Utah Jazz,Los Angeles Lakers,106.0,108.0,False,False,2025-11-23|Los Angeles Lakers|Utah Jazz,,,,2025-11-23|Los Angeles Lakers|Utah Jazz,0.1526168410502106,"[{""p_home_win"": 0.0, ""weight"": 0.25}, {""p_home_win"": 0.1526168410502106, ""weight"": 0.5}, {""p_home_win"": 0.3052336821004212, ""weight"": 0.25}]",-9.139722585985908,,elo,"{'home_advantage': 2.063517561079176, 'scale': 0.06388084645029557, 'error_term': 12.11232412372597, 'win_prob_k': 5.331701477257685}",0.0,-2.0
2025-11-24,Indiana Pacers,Detroit Pistons,117.0,122.0,False,False,2025-11-24|Detroit Pistons|Indiana Pacers,,,,2025-11-24|Detroit Pistons|Indiana Pacers,0.03556107460178509,"[{""p_home_win"": 0.0, ""weight"": 0.25}, {""p_home_win"": 0.03556107460178509, ""weight"": 0.5}, {""p_home_win"": 0.07112214920357018, ""weight"": 0.25}]",-17.503030957389196,,elo,"{'home_advantage': 2.170208724051251, 'scale': 0.06110937516538499, 'error_term': 12.033919216995521, 'win_prob_k': 5.303474872199077}",0.0,-5.0
2025-11-24,Toronto Raptors,Cleveland Cavaliers,110.0,99.0,False,False,2025-11-24|Cleveland Cavaliers|Toronto Raptors,,,,2025-11-24|Cleveland Cavaliers|Toronto Raptors,0.6675583402440535,"[{""p_home_win"": 0.33511668048810694, ""weight"": 0.25}, {""p_home_win"": 0.6675583402440535, ""weight"": 0.5}, {""p_home_win"": 1.0, ""weight"": 0.25}]",3.697383282171308,,elo,"{'home_advantage': 2.170208724051251, 'scale': 0.06110937516538499, 'error_term': 12.033919216995521, 'win_prob_k': 5.303474872199077}",1.0,11.0
2025-11-24,Brooklyn Nets,New York Knicks,100.0,113.0,False,False,2025-11-24|New York Knicks|Brooklyn Nets,,,,2025-11-24|New York Knicks|Brooklyn Nets,0.2082876413745257,"[{""p_home_win"": 0.0, ""weight"": 0.25}, {""p_home_win"": 0.2082876413745257, ""weight"": 0.5}, {""p_home_win"": 0.4165752827490514, ""weight"": 0.25}]",-7.081613992255326,,elo,"{'home_advantage': 2.170208724051251, 'scale': 0.06110937516538499, 'error_term': 12.033919216995521, 'win_prob_k': 5.303474872199077}",0.0,-13.0
2025-11-24,Miami Heat,Dallas Mavericks,106.0,102.0,False,False,2025-11-24|Dallas Mavericks|Miami Heat,,,,2025-11-24|Dallas Mavericks|Miami Heat,0.9497486621689125,"[{""p_home_win"": 0.899497324337825, ""weight"": 0.25}, {""p_home_win"": 0.9497486621689125, ""weight"": 0.5}, {""p_home_win"": 1.0, ""weight"": 0.25}]",15.58776233694214,,elo,"{'home_advantage': 2.170208724051251, 'scale': 0.06110937516538499, 'error_term': 12.033919216995521, 'win_prob_k': 5.303474872199077}",1.0,4.0
2025-11-24,Memphis Grizzlies,Denver Nuggets,115.0,125.0,False,False,2025-11-24|Denver Nuggets|Memphis Grizzlies,,,,2025-11-24|Denver Nuggets|Memphis Grizzlies,0.19016971599311852,"[{""p_home_win"": 0.0, ""weight"": 0.25}, {""p_home_win"": 0.19016971599311852, ""weight"": 0.5}, {""p_home_win"": 0.38033943198623704, ""weight"": 0.25}]",-7.684246026005292,,elo,"{'home_advantage': 2.170208724051251, 'scale': 0.06110937516538499, 'error_term': 12.033919216995521, 'win_prob_k': 5.303474872199077}",0.0,-10.0
2025-11-24,Milwaukee Bucks,Portland Trail Blazers,103.0,115.0,False,False,2025-11-24|Portland Trail Blazers|Milwaukee Bucks,,,,2025-11-24|Portland Trail Blazers|Milwaukee Bucks,0.6239966969102823,"[{""p_home_win"": 0.2479933938205645, ""weight"": 0.25}, {""p_home_win"": 0.6239966969102823, ""weight"": 0.5}, {""p_home_win"": 1.0, ""weight"": 0.25}]",2.686460064521372,,elo,"{'home_advantage': 2.170208724051251, 'scale': 0.06110937516538499, 'error_term': 12.033919216995521, 'win_prob_k': 5.303474872199077}",0.0,-12.0
2025-11-24,New Orleans Pelicans,Chicago Bulls,143.0,130.0,False,False,2025-11-24|Chicago Bulls|New Orleans Pelicans,,,,2025-11-24|Chicago Bulls|New Orleans Pelicans,0.15585571705799867,"[{""p_home_win"": 0.0, ""weight"": 0.25}, {""p_home_win"": 0.15585571705799867, ""weight"": 0.5}, {""p_home_win"": 0.31171143411599733, ""weight"": 0.25}]",-8.959651960280963,,elo,"{'home_advantage': 2.170208724051251, 'scale': 0.06110937516538499, 'error_term': 12.033919216995521, 'win_prob_k': 5.303474872199077}",1.0,13.0
2025-11-24,Phoenix Suns,Houston Rockets,92.0,114.0,False,False,2025-11-24|Houston Rockets|Phoenix Suns,,,,2025-11-24|Houston Rockets|Phoenix Suns,0.5851869656833616,"[{""p_home_win"": 0.17037393136672319, ""weight"": 0.25}, {""p_home_win"": 0.5851869656833616, ""weight"": 0.5}, {""p_home_win"": 1.0, ""weight"": 0.25}]",1.824944247825299,,elo,"{'home_advantage': 2.170208724051251, 'scale': 0.06110937516538499, 'error_term': 12.033919216995521, 'win_prob_k': 5.303474872199077}",0.0,-22.0
2025-11-24,Golden State Warriors,Utah Jazz,134.0,117.0,False,False,2025-11-24|Utah Jazz|Golden State Warriors,,,,2025-11-24|Utah Jazz|Golden State Warriors,0.7554397849170856,"[{""p_home_win"": 0.5108795698341713, ""weight"": 0.25}, {""p_home_win"": 0.7554397849170856, ""weight"": 0.5}, {""p_home_win"": 1.0, ""weight"": 0.25}]",5.981463246430721,,elo,"{'home_advantage': 2.170208724051251, 'scale': 0.06110937516538499, 'error_term': 12.033919216995521, 'win_prob_k': 5.303474872199077}",1.0,17.0
2025-11-24,Sacramento Kings,Minnesota Timberwolves,117.0,112.0,False,False,2025-11-24|Minnesota Timberwolves|Sacramento Kings,,,,2025-11-24|Minnesota Timberwolves|Sacramento Kings,0.24157228474814463,"[{""p_home_win"": 0.0, ""weight"": 0.25}, {""p_home_win"": 0.24157228474814463, ""weight"": 0.5}, {""p_home_win"": 0.48314456949628926, ""weight"": 0.25}]",-6.067592905684137,,elo,"{'home_advantage': 2.170208724051251, 'scale': 0.06110937516538499, 'error_term': 12.033919216995521, 'win_prob_k': 5.303474872199077}",1.0,5.0
2025-11-25,Washington Wizards,Atlanta Hawks,132.0,113.0,False,False,2025-11-25|Atlanta Hawks|Washington Wizards,,,,2025-11-25|Atlanta Hawks|Washington Wizards,0.0760914104192144,"[{""p_home_win"": 0.0, ""weight"": 0.25}, {""p_home_win"": 0.0760914104192144, ""weight"": 0.5}, {""p_home_win"": 0.1521828208384288, ""weight"": 0.25}]",-13.00517387334663,,elo,"{'home_advantage': 2.2931055490857752, 'scale': 0.060032049526260164, 'error_term': 12.040533787869366, 'win_prob_k': 5.208991775364108}",1.0,19.0
2025-11-25,Philadelphia 76ers,Orlando Magic,103.0,144.0,False,False,2025-11-25|Orlando Magic|Philadelphia 76ers,,,,2025-11-25|Orlando Magic|Philadelphia 76ers,0.5527963600984648,"[{""p_home_win"": 0.10559272019692956, ""weight"": 0.25}, {""p_home_win"": 0.5527963600984648, ""weight"": 0.5}, {""p_home_win"": 1.0, ""weight"": 0.25}]",1.1041792967222055,,elo,"{'home_advantage': 2.2931055490857752, 'scale': 0.060032049526260164, 'error_term': 12.040533787869366, 'win_prob_k': 5.208991775364108}",0.0,-41.0
2025-11-25,Los Angeles Lakers,Los Angeles Clippers,135.0,118.0,False,False,2025-11-25|Los Angeles Clippers|Los Angeles Lakers,,,,2025-11-25|Los Angeles Clippers|Los Angeles Lakers,0.94998099667639,"[{""p_home_win"": 0.89996199335278, ""weight"": 0.25}, {""p_home_win"": 0.94998099667639, ""weight"": 0.5}, {""p_home_win"": 1.0, ""weight"": 0.25}]",15.335474839435655,,elo,"{'home_advantage': 2.2931055490857752, 'scale': 0.060032049526260164, 'error_term': 12.040533787869366, 'win_prob_k': 5.208991775364108}",1.0,17.0
2025-11-26,Boston Celtics,Detroit Pistons,117.0,114.0,False,False,2025-11-26|Detroit Pistons|Boston Celtics,,,,2025-11-26|Detroit Pistons|Boston Celtics,0.2076560786138706,"[{""p_home_win"": 0.0, ""weight"": 0.25}, {""p_home_win"": 0.2076560786138706, ""weight"": 0.5}, {""p_home_win"": 0.4153121572277412, ""weight"": 0.25}]",-7.216485723392971,,elo,"{'home_advantage': 2.2556783741348263, 'scale': 0.05948558752429079, 'error_term': 12.423755799181045, 'win_prob_k': 5.389007128295114}",1.0,3.0
2025-11-26,Charlotte Hornets,New York Knicks,101.0,129.0,False,False,2025-11-26|New York Knicks|Charlotte Hornets,,,,2025-11-26|New York Knicks|Charlotte Hornets,0.16221537843157516,"[{""p_home_win"": 0.0, ""weight"": 0.25}, {""p_home_win"": 0.16221537843157516, ""weight"": 0.5}, {""p_home_win"": 0.3244307568631503, ""weight"": 0.25}]",-8.847866467342685,,elo,"{'home_advantage': 2.2556783741348263, 'scale': 0.05948558752429079, 'error_term': 12.423755799181045, 'win_prob_k': 5.389007128295114}",0.0,-28.0
2025-11-26,Miami Heat,Milwaukee Bucks,106.0,103.0,False,False,2025-11-26|Milwaukee Bucks|Miami Heat,,,,2025-11-26|Milwaukee Bucks|Miami Heat,0.9031357876148263,"[{""p_home_win"": 0.8062715752296525, ""weight"": 0.25}, {""p_home_win"": 0.9031357876148263, ""weight"": 0.5}, {""p_home_win"": 1.0, ""weight"": 0.25}]",12.031296792609794,,elo,"{'home_advantage': 2.2556783741348263, 'scale': 0.05948558752429079, 'error_term': 12.423755799181045, 'win_prob_k': 5.389007128295114}",1.0,3.0
2025-11-26,Oklahoma City Thunder,Minnesota Timberwolves,113.0,105.0,False,False,2025-11-26|Minnesota Timberwolves|Oklahoma City Thunder,,,,2025-11-26|Minnesota Timberwolves|Oklahoma City Thunder,0.9190446237243757,"[{""p_home_win"": 0.8380892474487514, ""weight"": 0.25}, {""p_home_win"": 0.9190446237243757, ""weight"": 0.5}, {""p_home_win"": 1.0, ""weight"": 0.25}]",13.092251076009102,,elo,"{'home_advantage': 2.2556783741348263, 'scale': 0.05948558752429079, 'error_term': 12.423755799181045, 'win_prob_k': 5.389007128295114}",1.0,8.0
2025-11-26,Toronto Raptors,Indiana Pacers,97.0,95.0,False,False,2025-11-26|Indiana Pacers|Toronto Raptors,,,,2025-11-26|Indiana Pacers|Toronto Raptors,0.9715220391966236,"[{""p_home_win"": 0.9430440783932472, ""weight"": 0.25}, {""p_home_win"": 0.9715220391966236, ""weight"": 0.5}, {""p_home_win"": 1.0, ""weight"": 0.25}]",19.021758837953058,,elo,"{'home_advantage': 2.2556783741348263, 'scale': 0.05948558752429079, 'error_term': 12.423755799181045, 'win_prob_k': 5.389007128295114}",1.0,2.0
2025-11-26,New Orleans Pelicans,Memphis Grizzlies,128.0,133.0,False,False,2025-11-26|Memphis Grizzlies|New Orleans Pelicans,,,,2025-11-26|Memphis Grizzlies|New Orleans Pelicans,0.45143844079363094,"[{""p_home_win"": 0.0, ""weight"": 0.25}, {""p_home_win"": 0.45143844079363094, ""weight"": 0.5}, {""p_home_win"": 0.9028768815872619, ""weight"": 0.25}]",-1.050104545546168,,elo,"{'home_advantage': 2.2556783741348263, 'scale': 0.05948558752429079, 'error_term': 12.423755799181045, 'win_prob_k': 5.389007128295114}",0.0,-5.0
2025-11-26,Golden State Warriors,Houston Rockets,100.0,104.0,False,False,2025-11-26|Houston Rockets|Golden State Warriors,,,,2025-11-26|Houston Rockets|Golden State Warriors,0.30007946741024827,"[{""p_home_win"": 0.0, ""weight"": 0.25}, {""p_home_win"": 0.30007946741024827, ""weight"": 0.5}, {""p_home_win"": 0.6001589348204965, ""weight"": 0.25}]",-4.564055075908826,,elo,"{'home_advantage': 2.2556783741348263, 'scale': 0.05948558752429079, 'error_term': 12.423755799181045, 'win_prob_k': 5.389007128295114}",0.0,-4.0
2025-11-26,Portland Trail Blazers,San Antonio Spurs,102.0,115.0,False,False,2025-11-26|San Antonio Spurs|Portland Trail Blazers,,,,2025-11-26|San Antonio Spurs|Portland Trail Blazers,0.3644540098163875,"[{""p_home_win"": 0.0, ""weight"": 0.25}, {""p_home_win"": 0.3644540098163875, ""weight"": 0.5}, {""p_home_win"": 0.728908019632775, ""weight"": 0.25}]",-2.996741105374141,,elo,"{'home_advantage': 2.2556783741348263, 'scale': 0.05948558752429079, 'error_term': 12.423755799181045, 'win_prob_k': 5.389007128295114}",0.0,-13.0
2025-11-26,Sacramento Kings,Phoenix Suns,100.0,112.0,False,False,2025-11-26|Phoenix Suns|Sacramento Kings,,,,2025-11-26|Phoenix Suns|Sacramento Kings,0.2488660409307689,"[{""p_home_win"": 0.0, ""weight"": 0.25}, {""p_home_win"": 0.2488660409307689, ""weight"": 0.5}, {""p_home_win"": 0.4977320818615378, ""weight"": 0.25}]",-5.953070444605395,,elo,"{'home_advantage': 2.2556783741348263, 'scale': 0.05948558752429079, 'error_term': 12.423755799181045, 'win_prob_k': 5.389007128295114}",0.0,-12.0
2025-11-28,Atlanta Hawks,Cleveland Cavaliers,130.0,123.0,False,False,2025-11-28|Cleveland Cavaliers|Atlanta Hawks,,,,2025-11-28|Cleveland Cavaliers|Atlanta Hawks,0.5032452556828441,"[{""p_home_win"": 0.006490511365688123, ""weight"": 0.25}, {""p_home_win"": 0.5032452556828441, ""weight"": 0.5}, {""p_home_win"": 1.0, ""weight"": 0.25}]",0.06986121087961461,,elo,"{'home_advantage': 1.9909363691329707, 'scale': 0.05767377689677853, 'error_term': 12.288637653479775, 'win_prob_k': 5.381720015899221}",1.0,7.0
2025-11-28,Brooklyn Nets,Philadelphia 76ers,103.0,115.0,False,False,2025-11-28|Philadelphia 76ers|Brooklyn Nets,,,,2025-11-28|Philadelphia 76ers|Brooklyn Nets,0.2581653682045264,"[{""p_home_win"": 0.0, ""weight"": 0.25}, {""p_home_win"": 0.2581653682045264, ""weight"": 0.5}, {""p_home_win"": 0.5163307364090528, ""weight"": 0.25}]",-5.6805454472583214,,elo,"{'home_advantage': 1.9909363691329707, 'scale': 0.05767377689677853, 'error_term': 12.288637653479775, 'win_prob_k': 5.381720015899221}",0.0,-12.0
2025-11-28,Charlotte Hornets,Chicago Bulls,123.0,116.0,False,False,2025-11-28|Chicago Bulls|Charlotte Hornets,,,,2025-11-28|Chicago Bulls|Charlotte Hornets,0.2442687290052895,"[{""p_home_win"": 0.0, ""weight"": 0.25}, {""p_home_win"": 0.2442687290052895, ""weight"": 0.5}, {""p_home_win"": 0.488537458010579, ""weight"": 0.25}]",-6.078205449327134,,elo,"{'home_advantage': 1.9909363691329707, 'scale': 0.05767377689677853, 'error_term': 12.288637653479775, 'win_prob_k': 5.381720015899221}",1.0,7.0
2025-11-28,Detroit Pistons,Orlando Magic,109.0,112.0,False,False,2025-11-28|Orlando Magic|Detroit Pistons,,,,2025-11-28|Orlando Magic|Detroit Pistons,0.7817315856702934,"[{""p_home_win"": 0.5634631713405869, ""weight"": 0.25}, {""p_home_win"": 0.7817315856702934, ""weight"": 0.5}, {""p_home_win"": 1.0, ""weight"": 0.25}]",6.865922390191219,,elo,"{'home_advantage': 1.9909363691329707, 'scale': 0.05767377689677853, 'error_term': 12.288637653479775, 'win_prob_k': 5.381720015899221}",0.0,-3.0
2025-11-28,Indiana Pacers,Washington Wizards,119.0,86.0,False,False,2025-11-28|Washington Wizards|Indiana Pacers,,,,2025-11-28|Washington Wizards|Indiana Pacers,0.5831596556176027,"[{""p_home_win"": 0.1663193112352055, ""weight"": 0.25}, {""p_home_win"": 0.5831596556176027, ""weight"": 0.5}, {""p_home_win"": 1.0, ""weight"": 0.25}]",1.8069540389510368,,elo,"{'home_advantage': 1.9909363691329707, 'scale': 0.05767377689677853, 'error_term': 12.288637653479775, 'win_prob_k': 5.381720015899221}",1.0,33.0
2025-11-28,New York Knicks,Milwaukee Bucks,118.0,109.0,False,False,2025-11-28|Milwaukee Bucks|New York Knicks,,,,2025-11-28|Milwaukee Bucks|New York Knicks,0.8387784942681286,"[{""p_home_win"": 0.6775569885362571, ""weight"": 0.25}, {""p_home_win"": 0.8387784942681286, ""weight"": 0.5}, {""p_home_win"": 1.0, ""weight"": 0.25}]",8.87535736000714,,elo,"{'home_advantage': 1.9909363691329707, 'scale': 0.05767377689677853, 'error_term': 12.288637653479775, 'win_prob_k': 5.381720015899221}",1.0,9.0
2025-11-28,Denver Nuggets,San Antonio Spurs,136.0,139.0,False,False,2025-11-28|San Antonio Spurs|Denver Nuggets,,,,2025-11-28|San Antonio Spurs|Denver Nuggets,0.6465290608757124,"[{""p_home_win"": 0.29305812175142476, ""weight"": 0.25}, {""p_home_win"": 0.6465290608757124, ""weight"": 0.5}, {""p_home_win"": 1.0, ""weight"": 0.25}]",3.249573363803463,,elo,"{'home_advantage': 1.9909363691329707, 'scale': 0.05767377689677853, 'error_term': 12.288637653479775, 'win_prob_k': 5.381720015899221}",0.0,-3.0
2025-11-28,Oklahoma City Thunder,Phoenix Suns,123.0,119.0,False,False,2025-11-28|Phoenix Suns|Oklahoma City Thunder,,,,2025-11-28|Phoenix Suns|Oklahoma City Thunder,0.8427332174701846,"[{""p_home_win"": 0.6854664349403692, ""weight"": 0.25}, {""p_home_win"": 0.8427332174701846, ""weight"": 0.5}, {""p_home_win"": 1.0, ""weight"": 0.25}]",9.034330120244059,,elo,"{'home_advantage': 1.9909363691329707, 'scale': 0.05767377689677853, 'error_term': 12.288637653479775, 'win_prob_k': 5.381720015899221}",1.0,4.0
2025-11-28,Utah Jazz,Sacramento Kings,128.0,119.0,False,False,2025-11-28|Sacramento Kings|Utah Jazz,,,,2025-11-28|Sacramento Kings|Utah Jazz,0.5535281163492118,"[{""p_home_win"": 0.10705623269842368, ""weight"": 0.25}, {""p_home_win"": 0.5535281163492118, ""weight"": 0.5}, {""p_home_win"": 1.0, ""weight"": 0.25}]",1.1567260215684674,,elo,"{'home_advantage': 1.9909363691329707, 'scale': 0.05767377689677853, 'error_term': 12.288637653479775, 'win_prob_k': 5.381720015899221}",1.0,9.0
2025-11-28,Los Angeles Clippers,Memphis Grizzlies,107.0,112.0,False,False,2025-11-28|Memphis Grizzlies|Los Angeles Clippers,,,,2025-11-28|Memphis Grizzlies|Los Angeles Clippers,0.4712708691352839,"[{""p_home_win"": 0.0, ""weight"": 0.25}, {""p_home_win"": 0.4712708691352839, ""weight"": 0.5}, {""p_home_win"": 0.9425417382705678, ""weight"": 0.25}]",-0.6191304985161719,,elo,"{'home_advantage': 1.9909363691329707, 'scale': 0.05767377689677853, 'error_term': 12.288637653479775, 'win_prob_k': 5.381720015899221}",0.0,-5.0
2025-11-28,Los Angeles Lakers,Dallas Mavericks,129.0,119.0,False,False,2025-11-28|Dallas Mavericks|Los Angeles Lakers,,,,2025-11-28|Dallas Mavericks|Los Angeles Lakers,0.9562195797306986,"[{""p_home_win"": 0.9124391594613972, ""weight"": 0.25}, {""p_home_win"": 0.9562195797306986, ""weight"": 0.5}, {""p_home_win"": 1.0, ""weight"": 0.25}]",16.596152926147028,,elo,"{'home_advantage': 1.9909363691329707, 'scale': 0.05767377689677853, 'error_term': 12.288637653479775, 'win_prob_k': 5.381720015899221}",1.0,10.0
2025-11-29,Minnesota Timberwolves,Boston Celtics,119.0,115.0,False,False,2025-11-29|Boston Celtics|Minnesota Timberwolves,,,,2025-11-29|Boston Celtics|Minnesota Timberwolves,0.48624728764687736,"[{""p_home_win"": 0.0, ""weight"": 0.25}, {""p_home_win"": 0.48624728764687736, ""weight"": 0.5}, {""p_home_win"": 0.9724945752937547, ""weight"": 0.25}]",-0.2990774671444254,,elo,"{'home_advantage': 2.049739325743374, 'scale': 0.057085714353313284, 'error_term': 12.173250831127687, 'win_prob_k': 5.43532835656316}",1.0,4.0
2025-11-29,Charlotte Hornets,Toronto Raptors,118.0,111.0,False,False,2025-11-29|Toronto Raptors|Charlotte Hornets,,,,2025-11-29|Toronto Raptors|Charlotte Hornets,0.09232991458455729,"[{""p_home_win"": 0.0, ""weight"": 0.25}, {""p_home_win"": 0.09232991458455729, ""weight"": 0.5}, {""p_home_win"": 0.18465982916911458, ""weight"": 0.25}]",-12.422512421602853,,elo,"{'home_advantage': 2.049739325743374, 'scale': 0.057085714353313284, 'error_term': 12.173250831127687, 'win_prob_k': 5.43532835656316}",1.0,7.0
2025-11-29,Indiana Pacers,Chicago Bulls,103.0,101.0,False,False,2025-11-29|Chicago Bulls|Indiana Pacers,,,,2025-11-29|Chicago Bulls|Indiana Pacers,0.323936134313864,"[{""p_home_win"": 0.0, ""weight"": 0.25}, {""p_home_win"": 0.323936134313864, ""weight"": 0.5}, {""p_home_win"": 0.647872268627728, ""weight"": 0.25}]",-3.9989948302619784,,elo,"{'home_advantage': 2.049739325743374, 'scale': 0.057085714353313284, 'error_term': 12.173250831127687, 'win_prob_k': 5.43532835656316}",1.0,2.0
2025-11-29,Miami Heat,Detroit Pistons,135.0,138.0,False,False,2025-11-29|Detroit Pistons|Miami Heat,,,,2025-11-29|Detroit Pistons|Miami Heat,0.5987923573330889,"[{""p_home_win"": 0.19758471466617777, ""weight"": 0.25}, {""p_home_win"": 0.5987923573330889, ""weight"": 0.5}, {""p_home_win"": 1.0, ""weight"": 0.25}]",2.176499970312897,,elo,"{'home_advantage': 2.049739325743374, 'scale': 0.057085714353313284, 'error_term': 12.173250831127687, 'win_prob_k': 5.43532835656316}",0.0,-3.0
2025-11-29,Milwaukee Bucks,Brooklyn Nets,116.0,99.0,False,False,2025-11-29|Brooklyn Nets|Milwaukee Bucks,,,,2025-11-29|Brooklyn Nets|Milwaukee Bucks,0.7428836711690263,"[{""p_home_win"": 0.48576734233805263, ""weight"": 0.25}, {""p_home_win"": 0.7428836711690263, ""weight"": 0.5}, {""p_home_win"": 1.0, ""weight"": 0.25}]",5.766942317317446,,elo,"{'home_advantage': 2.049739325743374, 'scale': 0.057085714353313284, 'error_term': 12.173250831127687, 'win_prob_k': 5.43532835656316}",1.0,17.0
2025-11-29,Golden State Warriors,New Orleans Pelicans,104.0,96.0,False,False,2025-11-29|New Orleans Pelicans|Golden State Warriors,,,,2025-11-29|New Orleans Pelicans|Golden State Warriors,0.8620646041061535,"[{""p_home_win"": 0.724129208212307, ""weight"": 0.25}, {""p_home_win"": 0.8620646041061535, ""weight"": 0.5}, {""p_home_win"": 1.0, ""weight"": 0.25}]",9.96048263332238,,elo,"{'home_advantage': 2.049739325743374, 'scale': 0.057085714353313284, 'error_term': 12.173250831127687, 'win_prob_k': 5.43532835656316}",1.0,8.0
2025-11-29,Phoenix Suns,Denver Nuggets,112.0,130.0,False,False,2025-11-29|Denver Nuggets|Phoenix Suns,,,,2025-11-29|Denver Nuggets|Phoenix Suns,0.5572363323154749,"[{""p_home_win"": 0.11447266463094974, ""weight"": 0.25}, {""p_home_win"": 0.5572363323154749, ""weight"": 0.5}, {""p_home_win"": 1.0, ""weight"": 0.25}]",1.2498716855007104,,elo,"{'home_advantage': 2.049739325743374, 'scale': 0.057085714353313284, 'error_term': 12.173250831127687, 'win_prob_k': 5.43532835656316}",0.0,-18.0
2025-11-29,Los Angeles Clippers,Dallas Mavericks,110.0,114.0,False,False,2025-11-29|Dallas Mavericks|Los Angeles Clippers,,,,2025-11-29|Dallas Mavericks|Los Angeles Clippers,0.6140736435935932,"[{""p_home_win"": 0.22814728718718635, ""weight"": 0.25}, {""p_home_win"": 0.6140736435935932, ""weight"": 0.5}, {""p_home_win"": 1.0, ""weight"": 0.25}]",2.5245377049202777,,elo,"{'home_advantage': 2.049739325743374, 'scale': 0.057085714353313284, 'error_term': 12.173250831127687, 'win_prob_k': 5.43532835656316}",0.0,-4.0
2025-11-30,Utah Jazz,Houston Rockets,101.0,129.0,False,False,2025-11-30|Houston Rockets|Utah Jazz,,,,2025-11-30|Houston Rockets|Utah Jazz,0.1515702311390274,"[{""p_home_win"": 0.0, ""weight"": 0.25}, {""p_home_win"": 0.1515702311390274, ""weight"": 0.5}, {""p_home_win"": 0.3031404622780548, ""weight"": 0.25}]",-9.655775374148103,,elo,"{'home_advantage': 2.048200397176097, 'scale': 0.05773851418641843, 'error_term': 12.08061526975328, 'win_prob_k': 5.6062016489859}",0.0,-28.0
2025-11-30,Cleveland Cavaliers,Boston Celtics,115.0,117.0,False,False,2025-11-30|Boston Celtics|Cleveland Cavaliers,,,,2025-11-30|Boston Celtics|Cleveland Cavaliers,0.6344579768144879,"[{""p_home_win"": 0.2689159536289758, ""weight"": 0.25}, {""p_home_win"": 0.6344579768144879, ""weight"": 0.5}, {""p_home_win"": 1.0, ""weight"": 0.25}]",3.091202447870987,,elo,"{'home_advantage': 2.048200397176097, 'scale': 0.05773851418641843, 'error_term': 12.08061526975328, 'win_prob_k': 5.6062016489859}",0.0,-2.0
2025-11-30,New York Knicks,Toronto Raptors,116.0,94.0,False,False,2025-11-30|Toronto Raptors|New York Knicks,,,,2025-11-30|Toronto Raptors|New York Knicks,0.5184740056560168,"[{""p_home_win"": 0.03694801131203351, ""weight"": 0.25}, {""p_home_win"": 0.5184740056560168, ""weight"": 0.5}, {""p_home_win"": 1.0, ""weight"": 0.25}]",0.4144646755129273,,elo,"{'home_advantage': 2.048200397176097, 'scale': 0.05773851418641843, 'error_term': 12.08061526975328, 'win_prob_k': 5.6062016489859}",1.0,22.0
2025-11-30,Philadelphia 76ers,Atlanta Hawks,134.0,142.0,False,False,2025-11-30|Atlanta Hawks|Philadelphia 76ers,,,,2025-11-30|Atlanta Hawks|Philadelphia 76ers,0.5051022983869274,"[{""p_home_win"": 0.01020459677385488, ""weight"": 0.25}, {""p_home_win"": 0.5051022983869274, ""weight"": 0.5}, {""p_home_win"": 1.0, ""weight"": 0.25}]",0.11442202636523202,,elo,"{'home_advantage': 2.048200397176097, 'scale': 0.05773851418641843, 'error_term': 12.08061526975328, 'win_prob_k': 5.6062016489859}",0.0,-8.0
2025-11-30,Portland Trail Blazers,Oklahoma City Thunder,115.0,123.0,False,False,2025-11-30|Oklahoma City Thunder|Portland Trail Blazers,,,,2025-11-30|Oklahoma City Thunder|Portland Trail Blazers,0.09572506667175766,"[{""p_home_win"": 0.0, ""weight"": 0.25}, {""p_home_win"": 0.09572506667175766, ""weight"": 0.5}, {""p_home_win"": 0.19145013334351532, ""weight"": 0.25}]",-12.589584953683875,,elo,"{'home_advantage': 2.048200397176097, 'scale': 0.05773851418641843, 'error_term': 12.08061526975328, 'win_prob_k': 5.6062016489859}",0.0,-8.0
2025-11-30,Minnesota Timberwolves,San Antonio Spurs,125.0,112.0,False,False,2025-11-30|San Antonio Spurs|Minnesota Timberwolves,,,,2025-11-30|San Antonio Spurs|Minnesota Timberwolves,0.38756909353781027,"[{""p_home_win"": 0.0, ""weight"": 0.25}, {""p_home_win"": 0.38756909353781027, ""weight"": 0.5}, {""p_home_win"": 0.7751381870756205, ""weight"": 0.25}]",-2.5650726670986232,,elo,"{'home_advantage': 2.048200397176097, 'scale': 0.05773851418641843, 'error_term': 12.08061526975328, 'win_prob_k': 5.6062016489859}",1.0,13.0
2025-11-30,Sacramento Kings,Memphis Grizzlies,107.0,115.0,False,False,2025-11-30|Memphis Grizzlies|Sacramento Kings,,,,2025-11-30|Memphis Grizzlies|Sacramento Kings,0.44718508222551,"[{""p_home_win"": 0.0, ""weight"": 0.25}, {""p_home_win"": 0.44718508222551, ""weight"": 0.5}, {""p_home_win"": 0.89437016445102, ""weight"": 0.25}]",-1.1887989549721891,,elo,"{'home_advantage': 2.048200397176097, 'scale': 0.05773851418641843, 'error_term': 12.08061526975328, 'win_prob_k': 5.6062016489859}",0.0,-8.0
2025-11-30,Los Angeles Lakers,New Orleans Pelicans,133.0,121.0,False,False,2025-11-30|New Orleans Pelicans|Los Angeles Lakers,,,,2025-11-30|New Orleans Pelicans|Los Angeles Lakers,0.9690776147603709,"[{""p_home_win"": 0.9381552295207418, ""weight"": 0.25}, {""p_home_win"": 0.9690776147603709, ""weight"": 0.5}, {""p_home_win"": 1.0, ""weight"": 0.25}]",19.312604162728324,,elo,"{'home_advantage': 2.048200397176097, 'scale': 0.05773851418641843, 'error_term': 12.08061526975328, 'win_prob_k': 5.6062016489859}",1.0,12.0
2025-12-01,Detroit Pistons,Atlanta Hawks,99.0,98.0,False,False,2025-12-01|Atlanta Hawks|Detroit Pistons,,,,2025-12-01|Atlanta Hawks|Detroit Pistons,0.7512999835504724,"[{""p_home_win"": 0.5025999671009449, ""weight"": 0.25}, {""p_home_win"": 0.7512999835504724, ""weight"": 0.5}, {""p_home_win"": 1.0, ""weight"": 0.25}]",6.220254835652199,,elo,"{'home_advantage': 2.0644902578487323, 'scale': 0.05681657253713538, 'error_term': 12.033930266668621, 'win_prob_k': 5.626350750676494}",1.0,1.0
2025-12-01,Indiana Pacers,Cleveland Cavaliers,119.0,135.0,False,False,2025-12-01|Cleveland Cavaliers|Indiana Pacers,,,,2025-12-01|Cleveland Cavaliers|Indiana Pacers,0.2651598751858525,"[{""p_home_win"": 0.0, ""weight"": 0.25}, {""p_home_win"": 0.2651598751858525, ""weight"": 0.5}, {""p_home_win"": 0.530319750371705, ""weight"": 0.25}]",-5.7350519126273145,,elo,"{'home_advantage': 2.0644902578487323, 'scale': 0.05681657253713538, 'error_term': 12.033930266668621, 'win_prob_k': 5.626350750676494}",0.0,-16.0
2025-12-01,Washington Wizards,Milwaukee Bucks,129.0,126.0,False,False,2025-12-01|Milwaukee Bucks|Washington Wizards,,,,2025-12-01|Milwaukee Bucks|Washington Wizards,0.2974761638333458,"[{""p_home_win"": 0.0, ""weight"": 0.25}, {""p_home_win"": 0.2974761638333458, ""weight"": 0.5}, {""p_home_win"": 0.5949523276666916, ""weight"": 0.25}]",-4.834977685028738,,elo,"{'home_advantage': 2.0644902578487323, 'scale': 0.05681657253713538, 'error_term': 12.033930266668621, 'win_prob_k': 5.626350750676494}",1.0,3.0
2025-12-01,Brooklyn Nets,Charlotte Hornets,116.0,103.0,False,False,2025-12-01|Charlotte Hornets|Brooklyn Nets,,,,2025-12-01|Charlotte Hornets|Brooklyn Nets,0.42259470373549773,"[{""p_home_win"": 0.0, ""weight"": 0.25}, {""p_home_win"": 0.42259470373549773, ""weight"": 0.5}, {""p_home_win"": 0.8451894074709955, ""weight"": 0.25}]",-1.7561577393370267,,elo,"{'home_advantage': 2.0644902578487323, 'scale': 0.05681657253713538, 'error_term': 12.033930266668621, 'win_prob_k': 5.626350750676494}",1.0,13.0
2025-12-01,Miami Heat,Los Angeles Clippers,140.0,123.0,False,False,2025-12-01|Los Angeles Clippers|Miami Heat,,,,2025-12-01|Los Angeles Clippers|Miami Heat,0.9463913006572338,"[{""p_home_win"": 0.8927826013144675, ""weight"": 0.25}, {""p_home_win"": 0.9463913006572338, ""weight"": 0.5}, {""p_home_win"": 1.0, ""weight"": 0.25}]",16.15294223093855,,elo,"{'home_advantage': 2.0644902578487323, 'scale': 0.05681657253713538, 'error_term': 12.033930266668621, 'win_prob_k': 5.626350750676494}",1.0,17.0
2025-12-01,Orlando Magic,Chicago Bulls,125.0,120.0,False,False,2025-12-01|Chicago Bulls|Orlando Magic,,,,2025-12-01|Chicago Bulls|Orlando Magic,0.8687447970526871,"[{""p_home_win"": 0.7374895941053743, ""weight"": 0.25}, {""p_home_win"": 0.8687447970526871, ""weight"": 0.5}, {""p_home_win"": 1.0, ""weight"": 0.25}]",10.633273286006817,,elo,"{'home_advantage': 2.0644902578487323, 'scale': 0.05681657253713538, 'error_term': 12.033930266668621, 'win_prob_k': 5.626350750676494}",1.0,5.0
2025-12-01,Denver Nuggets,Dallas Mavericks,121.0,131.0,False,False,2025-12-01|Dallas Mavericks|Denver Nuggets,,,,2025-12-01|Dallas Mavericks|Denver Nuggets,0.9271343838821404,"[{""p_home_win"": 0.8542687677642808, ""weight"": 0.25}, {""p_home_win"": 0.9271343838821404, ""weight"": 0.5}, {""p_home_win"": 1.0, ""weight"": 0.25}]",14.310519901686328,,elo,"{'home_advantage': 2.0644902578487323, 'scale': 0.05681657253713538, 'error_term': 12.033930266668621, 'win_prob_k': 5.626350750676494}",0.0,-10.0
2025-12-01,Utah Jazz,Houston Rockets,133.0,125.0,False,False,2025-12-01|Houston Rockets|Utah Jazz,,,,2025-12-01|Houston Rockets|Utah Jazz,0.13332633434503696,"[{""p_home_win"": 0.0, ""weight"": 0.25}, {""p_home_win"": 0.13332633434503696, ""weight"": 0.5}, {""p_home_win"": 0.2666526686900739, ""weight"": 0.25}]",-10.53175636845375,,elo,"{'home_advantage': 2.0644902578487323, 'scale': 0.05681657253713538, 'error_term': 12.033930266668621, 'win_prob_k': 5.626350750676494}",1.0,8.0
2025-12-01,Los Angeles Lakers,Phoenix Suns,108.0,125.0,False,False,2025-12-01|Phoenix Suns|Los Angeles Lakers,,,,2025-12-01|Phoenix Suns|Los Angeles Lakers,0.7830992871077441,"[{""p_home_win"": 0.5661985742154882, ""weight"": 0.25}, {""p_home_win"": 0.7830992871077441, ""weight"": 0.5}, {""p_home_win"": 1.0, ""weight"": 0.25}]",7.223220421478356,,elo,"{'home_advantage': 2.0644902578487323, 'scale': 0.05681657253713538, 'error_term': 12.033930266668621, 'win_prob_k': 5.626350750676494}",0.0,-17.0
2025-12-02,Philadelphia 76ers,Washington Wizards,121.0,102.0,False,False,2025-12-02|Washington Wizards|Philadelphia 76ers,,,,2025-12-02|Washington Wizards|Philadelphia 76ers,0.8587936192673186,"[{""p_home_win"": 0.7175872385346371, ""weight"": 0.25}, {""p_home_win"": 0.8587936192673186, ""weight"": 0.5}, {""p_home_win"": 1.0, ""weight"": 0.25}]",10.45891865914408,,elo,"{'home_advantage': 1.8859025990438572, 'scale': 0.05580153791340926, 'error_term': 12.227014595520917, 'win_prob_k': 5.793432220226201}",1.0,19.0
2025-12-02,Toronto Raptors,Portland Trail Blazers,121.0,118.0,False,False,2025-12-02|Portland Trail Blazers|Toronto Raptors,,,,2025-12-02|Portland Trail Blazers|Toronto Raptors,0.8122622615168951,"[{""p_home_win"": 0.6245245230337901, ""weight"": 0.25}, {""p_home_win"": 0.8122622615168951, ""weight"": 0.5}, {""p_home_win"": 1.0, ""weight"": 0.25}]",8.486087943553255,,elo,"{'home_advantage': 1.8859025990438572, 'scale': 0.05580153791340926, 'error_term': 12.227014595520917, 'win_prob_k': 5.793432220226201}",1.0,3.0
2025-12-02,Boston Celtics,New York Knicks,123.0,117.0,False,False,2025-12-02|New York Knicks|Boston Celtics,,,,2025-12-02|New York Knicks|Boston Celtics,0.4645999221401347,"[{""p_home_win"": 0.0, ""weight"": 0.25}, {""p_home_win"": 0.4645999221401347, ""weight"": 0.5}, {""p_home_win"": 0.9291998442802694, ""weight"": 0.25}]",-0.8217266595222761,,elo,"{'home_advantage': 1.8859025990438572, 'scale': 0.05580153791340926, 'error_term': 12.227014595520917, 'win_prob_k': 5.793432220226201}",1.0,6.0
2025-12-02,New Orleans Pelicans,Minnesota Timberwolves,142.0,149.0,False,False,2025-12-02|Minnesota Timberwolves|New Orleans Pelicans,,,,2025-12-02|Minnesota Timberwolves|New Orleans Pelicans,0.14399073760267386,"[{""p_home_win"": 0.0, ""weight"": 0.25}, {""p_home_win"": 0.14399073760267386, ""weight"": 0.5}, {""p_home_win"": 0.2879814752053477, ""weight"": 0.25}]",-10.326979604686542,,elo,"{'home_advantage': 1.8859025990438572, 'scale': 0.05580153791340926, 'error_term': 12.227014595520917, 'win_prob_k': 5.793432220226201}",0.0,-7.0
2025-12-02,San Antonio Spurs,Memphis Grizzlies,126.0,119.0,False,False,2025-12-02|Memphis Grizzlies|San Antonio Spurs,,,,2025-12-02|Memphis Grizzlies|San Antonio Spurs,0.7963742269273743,"[{""p_home_win"": 0.5927484538547485, ""weight"": 0.25}, {""p_home_win"": 0.7963742269273743, ""weight"": 0.5}, {""p_home_win"": 1.0, ""weight"": 0.25}]",7.900997966327514,,elo,"{'home_advantage': 1.8859025990438572, 'scale': 0.05580153791340926, 'error_term': 12.227014595520917, 'win_prob_k': 5.793432220226201}",1.0,7.0
2025-12-02,Golden State Warriors,Oklahoma City Thunder,112.0,124.0,False,False,2025-12-02|Oklahoma City Thunder|Golden State Warriors,,,,2025-12-02|Oklahoma City Thunder|Golden State Warriors,0.13547764209054766,"[{""p_home_win"": 0.0, ""weight"": 0.25}, {""p_home_win"": 0.13547764209054766, ""weight"": 0.5}, {""p_home_win"": 0.2709552841810953, ""weight"": 0.25}]",-10.737376621855603,,elo,"{'home_advantage': 1.8859025990438572, 'scale': 0.05580153791340926, 'error_term': 12.227014595520917, 'win_prob_k': 5.793432220226201}",0.0,-12.0
2025-12-03,Cleveland Cavaliers,Portland Trail Blazers,110.0,122.0,False,False,2025-12-03|Portland Trail Blazers|Cleveland Cavaliers,,,,2025-12-03|Portland Trail Blazers|Cleveland Cavaliers,0.7614345833009386,"[{""p_home_win"": 0.5228691666018772, ""weight"": 0.25}, {""p_home_win"": 0.7614345833009386, ""weight"": 0.5}, {""p_home_win"": 1.0, ""weight"": 0.25}]",6.592312403993611,,elo,"{'home_advantage': 1.900788469024607, 'scale': 0.054158349140626214, 'error_term': 12.133169945914458, 'win_prob_k': 5.680282267124436}",0.0,-12.0
2025-12-03,Indiana Pacers,Denver Nuggets,120.0,135.0,False,False,2025-12-03|Denver Nuggets|Indiana Pacers,,,,2025-12-03|Denver Nuggets|Indiana Pacers,0.16695097966627,"[{""p_home_win"": 0.0, ""weight"": 0.25}, {""p_home_win"": 0.16695097966627, ""weight"": 0.5}, {""p_home_win"": 0.33390195933254, ""weight"": 0.25}]",-9.13044171659914,,elo,"{'home_advantage': 1.900788469024607, 'scale': 0.054158349140626214, 'error_term': 12.133169945914458, 'win_prob_k': 5.680282267124436}",0.0,-15.0
2025-12-03,Orlando Magic,San Antonio Spurs,112.0,114.0,False,False,2025-12-03|San Antonio Spurs|Orlando Magic,,,,2025-12-03|San Antonio Spurs|Orlando Magic,0.5911570020671473,"[{""p_home_win"": 0.18231400413429455, ""weight"": 0.25}, {""p_home_win"": 0.5911570020671473, ""weight"": 0.5}, {""p_home_win"": 1.0, ""weight"": 0.25}]",2.094606487911143,,elo,"{'home_advantage': 1.900788469024607, 'scale': 0.054158349140626214, 'error_term': 12.133169945914458, 'win_prob_k': 5.680282267124436}",0.0,-2.0
2025-12-03,Atlanta Hawks,Los Angeles Clippers,92.0,115.0,False,False,2025-12-03|Los Angeles Clippers|Atlanta Hawks,,,,2025-12-03|Los Angeles Clippers|Atlanta Hawks,0.907774455790558,"[{""p_home_win"": 0.8155489115811161, ""weight"": 0.25}, {""p_home_win"": 0.907774455790558, ""weight"": 0.5}, {""p_home_win"": 1.0, ""weight"": 0.25}]",12.989435498806046,,elo,"{'home_advantage': 1.900788469024607, 'scale': 0.054158349140626214, 'error_term': 12.133169945914458, 'win_prob_k': 5.680282267124436}",0.0,-23.0
2025-12-03,New York Knicks,Charlotte Hornets,119.0,104.0,False,False,2025-12-03|Charlotte Hornets|New York Knicks,,,,2025-12-03|Charlotte Hornets|New York Knicks,0.8888701814828661,"[{""p_home_win"": 0.7777403629657322, ""weight"": 0.25}, {""p_home_win"": 0.8888701814828661, ""weight"": 0.5}, {""p_home_win"": 1.0, ""weight"": 0.25}]",11.810739077583978,,elo,"{'home_advantage': 1.900788469024607, 'scale': 0.054158349140626214, 'error_term': 12.133169945914458, 'win_prob_k': 5.680282267124436}",1.0,15.0
2025-12-03,Chicago Bulls,Brooklyn Nets,103.0,113.0,False,False,2025-12-03|Brooklyn Nets|Chicago Bulls,,,,2025-12-03|Brooklyn Nets|Chicago Bulls,0.7080888036731599,"[{""p_home_win"": 0.4161776073463197, ""weight"": 0.25}, {""p_home_win"": 0.7080888036731599, ""weight"": 0.5}, {""p_home_win"": 1.0, ""weight"": 0.25}]",5.033411046020769,,elo,"{'home_advantage': 1.900788469024607, 'scale': 0.054158349140626214, 'error_term': 12.133169945914458, 'win_prob_k': 5.680282267124436}",0.0,-10.0
2025-12-03,Houston Rockets,Sacramento Kings,121.0,95.0,False,False,2025-12-03|Sacramento Kings|Houston Rockets,,,,2025-12-03|Sacramento Kings|Houston Rockets,0.9226727893086855,"[{""p_home_win"": 0.8453455786173709, ""weight"": 0.25}, {""p_home_win"": 0.9226727893086855, ""weight"": 0.5}, {""p_home_win"": 1.0, ""weight"": 0.25}]",14.0827191393631,,elo,"{'home_advantage': 1.900788469024607, 'scale': 0.054158349140626214, 'error_term': 12.133169945914458, 'win_prob_k': 5.680282267124436}",1.0,26.0
2025-12-03,Milwaukee Bucks,Detroit Pistons,113.0,109.0,False,False,2025-12-03|Detroit Pistons|Milwaukee Bucks,,,,2025-12-03|Detroit Pistons|Milwaukee Bucks,0.11978739251939395,"[{""p_home_win"": 0.0, ""weight"": 0.25}, {""p_home_win"": 0.11978739251939395, ""weight"": 0.5}, {""p_home_win"": 0.2395747850387879, ""weight"": 0.25}]",-11.329010766727677,,elo,"{'home_advantage': 1.900788469024607, 'scale': 0.054158349140626214, 'error_term': 12.133169945914458, 'win_prob_k': 5.680282267124436}",1.0,4.0
2025-12-03,Dallas Mavericks,Miami Heat,118.0,108.0,False,False,2025-12-03|Miami Heat|Dallas Mavericks,,,,2025-12-03|Miami Heat|Dallas Mavericks,0.18297347222390098,"[{""p_home_win"": 0.0, ""weight"": 0.25}, {""p_home_win"": 0.18297347222390098, ""weight"": 0.5}, {""p_home_win"": 0.36594694444780196, ""weight"": 0.25}]",-8.499578936125562,,elo,"{'home_advantage': 1.900788469024607, 'scale': 0.054158349140626214, 'error_term': 12.133169945914458, 'win_prob_k': 5.680282267124436}",1.0,10.0
2025-12-04,Philadelphia 76ers,Golden State Warriors,99.0,98.0,False,False,2025-12-04|Golden State Warriors|Philadelphia 76ers,,,,2025-12-04|Golden State Warriors|Philadelphia 76ers,0.6162377175631677,"[{""p_home_win"": 0.2324754351263354, ""weight"": 0.25}, {""p_home_win"": 0.6162377175631677, ""weight"": 0.5}, {""p_home_win"": 1.0, ""weight"": 0.25}]",2.81712134879629,,elo,"{'home_advantage': 1.7839096601313087, 'scale': 0.055736138885824175, 'error_term': 12.200151688317728, 'win_prob_k': 5.948194475257523}",1.0,1.0
2025-12-04,Washington Wizards,Boston Celtics,101.0,146.0,False,False,2025-12-04|Boston Celtics|Washington Wizards,,,,2025-12-04|Boston Celtics|Washington Wizards,0.1329390191165895,"[{""p_home_win"": 0.0, ""weight"": 0.25}, {""p_home_win"": 0.1329390191165895, ""weight"": 0.5}, {""p_home_win"": 0.265878038233179, ""weight"": 0.25}]",-11.154166044307262,,elo,"{'home_advantage': 1.7839096601313087, 'scale': 0.055736138885824175, 'error_term': 12.200151688317728, 'win_prob_k': 5.948194475257523}",0.0,-45.0
2025-12-04,Brooklyn Nets,Utah Jazz,110.0,123.0,False,False,2025-12-04|Utah Jazz|Brooklyn Nets,,,,2025-12-04|Utah Jazz|Brooklyn Nets,0.4353478945634089,"[{""p_home_win"": 0.0, ""weight"": 0.25}, {""p_home_win"": 0.4353478945634089, ""weight"": 0.5}, {""p_home_win"": 0.8706957891268178, ""weight"": 0.25}]",-1.5469132099599632,,elo,"{'home_advantage': 1.7839096601313087, 'scale': 0.055736138885824175, 'error_term': 12.200151688317728, 'win_prob_k': 5.948194475257523}",0.0,-13.0
2025-12-04,Toronto Raptors,Los Angeles Lakers,120.0,123.0,False,False,2025-12-04|Los Angeles Lakers|Toronto Raptors,,,,2025-12-04|Los Angeles Lakers|Toronto Raptors,0.5112245917425945,"[{""p_home_win"": 0.022449183485188984, ""weight"": 0.25}, {""p_home_win"": 0.5112245917425945, ""weight"": 0.5}, {""p_home_win"": 1.0, ""weight"": 0.25}]",0.26710909567968777,,elo,"{'home_advantage': 1.7839096601313087, 'scale': 0.055736138885824175, 'error_term': 12.200151688317728, 'win_prob_k': 5.948194475257523}",0.0,-3.0
2025-12-04,New Orleans Pelicans,Minnesota Timberwolves,116.0,125.0,False,False,2025-12-04|Minnesota Timberwolves|New Orleans Pelicans,,,,2025-12-04|Minnesota Timberwolves|New Orleans Pelicans,0.1282460106735257,"[{""p_home_win"": 0.0, ""weight"": 0.25}, {""p_home_win"": 0.1282460106735257, ""weight"": 0.5}, {""p_home_win"": 0.2564920213470514, ""weight"": 0.25}]",-11.400053069314168,,elo,"{'home_advantage': 1.7839096601313087, 'scale': 0.055736138885824175, 'error_term': 12.200151688317728, 'win_prob_k': 5.948194475257523}",0.0,-9.0
2025-12-05,Boston Celtics,Los Angeles Lakers,126.0,105.0,False,False,2025-12-05|Los Angeles Lakers|Boston Celtics,,,,2025-12-05|Los Angeles Lakers|Boston Celtics,0.42472918204014304,"[{""p_home_win"": 0.0, ""weight"": 0.25}, {""p_home_win"": 0.42472918204014304, ""weight"": 0.5}, {""p_home_win"": 0.8494583640802861, ""weight"": 0.25}]",-1.8042342162227187,,elo,"{'home_advantage': 1.6059832221937322, 'scale': 0.055396219811748575, 'error_term': 12.293202955398629, 'win_prob_k': 5.946930184498415}",1.0,21.0
2025-12-05,Orlando Magic,Miami Heat,106.0,105.0,False,False,2025-12-05|Miami Heat|Orlando Magic,,,,2025-12-05|Miami Heat|Orlando Magic,0.5598996670739816,"[{""p_home_win"": 0.11979933414796329, ""weight"": 0.25}, {""p_home_win"": 0.5598996670739816, ""weight"": 0.5}, {""p_home_win"": 1.0, ""weight"": 0.25}]",1.4317524120486251,,elo,"{'home_advantage': 1.6059832221937322, 'scale': 0.055396219811748575, 'error_term': 12.293202955398629, 'win_prob_k': 5.946930184498415}",1.0,1.0
2025-12-05,Atlanta Hawks,Denver Nuggets,133.0,134.0,False,False,2025-12-05|Denver Nuggets|Atlanta Hawks,,,,2025-12-05|Denver Nuggets|Atlanta Hawks,0.42785594863568843,"[{""p_home_win"": 0.0, ""weight"": 0.25}, {""p_home_win"": 0.42785594863568843, ""weight"": 0.5}, {""p_home_win"": 0.8557118972713769, ""weight"": 0.25}]",-1.7282030516783002,,elo,"{'home_advantage': 1.6059832221937322, 'scale': 0.055396219811748575, 'error_term': 12.293202955398629, 'win_prob_k': 5.946930184498415}",0.0,-1.0
2025-12-05,Cleveland Cavaliers,San Antonio Spurs,130.0,117.0,False,False,2025-12-05|San Antonio Spurs|Cleveland Cavaliers,,,,2025-12-05|San Antonio Spurs|Cleveland Cavaliers,0.32283015905779494,"[{""p_home_win"": 0.0, ""weight"": 0.25}, {""p_home_win"": 0.32283015905779494, ""weight"": 0.5}, {""p_home_win"": 0.6456603181155899, ""weight"": 0.25}]",-4.405460622600685,,elo,"{'home_advantage': 1.6059832221937322, 'scale': 0.055396219811748575, 'error_term': 12.293202955398629, 'win_prob_k': 5.946930184498415}",1.0,13.0
2025-12-05,Detroit Pistons,Portland Trail Blazers,122.0,116.0,False,False,2025-12-05|Portland Trail Blazers|Detroit Pistons,,,,2025-12-05|Portland Trail Blazers|Detroit Pistons,0.8482465339351802,"[{""p_home_win"": 0.6964930678703605, ""weight"": 0.25}, {""p_home_win"": 0.8482465339351802, ""weight"": 0.5}, {""p_home_win"": 1.0, ""weight"": 0.25}]",10.234155692318742,,elo,"{'home_advantage': 1.6059832221937322, 'scale': 0.055396219811748575, 'error_term': 12.293202955398629, 'win_prob_k': 5.946930184498415}",1.0,6.0
2025-12-05,New York Knicks,Utah Jazz,146.0,112.0,False,False,2025-12-05|Utah Jazz|New York Knicks,,,,2025-12-05|Utah Jazz|New York Knicks,0.7900410615263997,"[{""p_home_win"": 0.5800821230527995, ""weight"": 0.25}, {""p_home_win"": 0.7900410615263997, ""weight"": 0.5}, {""p_home_win"": 1.0, ""weight"": 0.25}]",7.880710957787676,,elo,"{'home_advantage': 1.6059832221937322, 'scale': 0.055396219811748575, 'error_term': 12.293202955398629, 'win_prob_k': 5.946930184498415}",1.0,34.0
2025-12-05,Toronto Raptors,Charlotte Hornets,86.0,111.0,False,False,2025-12-05|Charlotte Hornets|Toronto Raptors,,,,2025-12-05|Charlotte Hornets|Toronto Raptors,0.8906321804375967,"[{""p_home_win"": 0.7812643608751935, ""weight"": 0.25}, {""p_home_win"": 0.8906321804375967, ""weight"": 0.5}, {""p_home_win"": 1.0, ""weight"": 0.25}]",12.471990192928795,,elo,"{'home_advantage': 1.6059832221937322, 'scale': 0.055396219811748575, 'error_term': 12.293202955398629, 'win_prob_k': 5.946930184498415}",0.0,-25.0
2025-12-05,Chicago Bulls,Indiana Pacers,105.0,120.0,False,False,2025-12-05|Indiana Pacers|Chicago Bulls,,,,2025-12-05|Indiana Pacers|Chicago Bulls,0.6573301907804882,"[{""p_home_win"": 0.3146603815609763, ""weight"": 0.25}, {""p_home_win"": 0.6573301907804882, ""weight"": 0.5}, {""p_home_win"": 1.0, ""weight"": 0.25}]",3.8739441318210908,,elo,"{'home_advantage': 1.6059832221937322, 'scale': 0.055396219811748575, 'error_term': 12.293202955398629, 'win_prob_k': 5.946930184498415}",0.0,-15.0
2025-12-05,Houston Rockets,Phoenix Suns,117.0,98.0,False,False,2025-12-05|Phoenix Suns|Houston Rockets,,,,2025-12-05|Phoenix Suns|Houston Rockets,0.6560590180668352,"[{""p_home_win"": 0.3121180361336704, ""weight"": 0.25}, {""p_home_win"": 0.6560590180668352, ""weight"": 0.5}, {""p_home_win"": 1.0, ""weight"": 0.25}]",3.840412576566713,,elo,"{'home_advantage': 1.6059832221937322, 'scale': 0.055396219811748575, 'error_term': 12.293202955398629, 'win_prob_k': 5.946930184498415}",1.0,19.0
2025-12-05,Memphis Grizzlies,Los Angeles Clippers,107.0,98.0,False,False,2025-12-05|Los Angeles Clippers|Memphis Grizzlies,,,,2025-12-05|Los Angeles Clippers|Memphis Grizzlies,0.7349921316529383,"[{""p_home_win"": 0.4699842633058766, ""weight"": 0.25}, {""p_home_win"": 0.7349921316529383, ""weight"": 0.5}, {""p_home_win"": 1.0, ""weight"": 0.25}]",6.066465125534852,,elo,"{'home_advantage': 1.6059832221937322, 'scale': 0.055396219811748575, 'error_term': 12.293202955398629, 'win_prob_k': 5.946930184498415}",1.0,9.0
2025-12-05,Milwaukee Bucks,Philadelphia 76ers,101.0,116.0,False,False,2025-12-05|Philadelphia 76ers|Milwaukee Bucks,,,,2025-12-05|Philadelphia 76ers|Milwaukee Bucks,0.37433089710549866,"[{""p_home_win"": 0.0, ""weight"": 0.25}, {""p_home_win"": 0.37433089710549866, ""weight"": 0.5}, {""p_home_win"": 0.7486617942109973, ""weight"": 0.25}]",-3.054827921528193,,elo,"{'home_advantage': 1.6059832221937322, 'scale': 0.055396219811748575, 'error_term': 12.293202955398629, 'win_prob_k': 5.946930184498415}",0.0,-15.0
2025-12-05,Oklahoma City Thunder,Dallas Mavericks,132.0,111.0,False,False,2025-12-05|Dallas Mavericks|Oklahoma City Thunder,,,,2025-12-05|Dallas Mavericks|Oklahoma City Thunder,0.9494932101717906,"[{""p_home_win"": 0.8989864203435811, ""weight"": 0.25}, {""p_home_win"": 0.9494932101717906, ""weight"": 0.5}, {""p_home_win"": 1.0, ""weight"": 0.25}]",17.447226281973816,,elo,"{'home_advantage': 1.6059832221937322, 'scale': 0.055396219811748575, 'error_term': 12.293202955398629, 'win_prob_k': 5.946930184498415}",1.0,21.0
2025-12-06,Brooklyn Nets,New Orleans Pelicans,119.0,101.0,False,False,2025-12-06|New Orleans Pelicans|Brooklyn Nets,,,,2025-12-06|New Orleans Pelicans|Brooklyn Nets,0.6892768571011786,"[{""p_home_win"": 0.37855371420235717, ""weight"": 0.25}, {""p_home_win"": 0.6892768571011786, ""weight"": 0.5}, {""p_home_win"": 1.0, ""weight"": 0.25}]",4.842804706201493,,elo,"{'home_advantage': 1.599232361796108, 'scale': 0.05527151923808725, 'error_term': 12.400038898871436, 'win_prob_k': 6.078269398924606}",1.0,18.0
2025-12-06,Washington Wizards,Atlanta Hawks,116.0,131.0,False,False,2025-12-06|Atlanta Hawks|Washington Wizards,,,,2025-12-06|Atlanta Hawks|Washington Wizards,0.20160026231508227,"[{""p_home_win"": 0.0, ""weight"": 0.25}, {""p_home_win"": 0.20160026231508227, ""weight"": 0.5}, {""p_home_win"": 0.40320052463016454, ""weight"": 0.25}]",-8.36565929392864,,elo,"{'home_advantage': 1.599232361796108, 'scale': 0.05527151923808725, 'error_term': 12.400038898871436, 'win_prob_k': 6.078269398924606}",0.0,-15.0
2025-12-06,Cleveland Cavaliers,Golden State Warriors,94.0,99.0,False,False,2025-12-06|Golden State Warriors|Cleveland Cavaliers,,,,2025-12-06|Golden State Warriors|Cleveland Cavaliers,0.6907626196294041,"[{""p_home_win"": 0.3815252392588082, ""weight"": 0.25}, {""p_home_win"": 0.6907626196294041, ""weight"": 0.5}, {""p_home_win"": 1.0, ""weight"": 0.25}]",4.885026279944785,,elo,"{'home_advantage': 1.599232361796108, 'scale': 0.05527151923808725, 'error_term': 12.400038898871436, 'win_prob_k': 6.078269398924606}",0.0,-5.0
2025-12-06,Detroit Pistons,Milwaukee Bucks,124.0,112.0,False,False,2025-12-06|Milwaukee Bucks|Detroit Pistons,,,,2025-12-06|Milwaukee Bucks|Detroit Pistons,0.8951257492590182,"[{""p_home_win"": 0.7902514985180364, ""weight"": 0.25}, {""p_home_win"": 0.8951257492590182, ""weight"": 0.5}, {""p_home_win"": 1.0, ""weight"": 0.25}]",13.033038556062678,,elo,"{'home_advantage': 1.599232361796108, 'scale': 0.05527151923808725, 'error_term': 12.400038898871436, 'win_prob_k': 6.078269398924606}",1.0,12.0
2025-12-06,Miami Heat,Sacramento Kings,111.0,127.0,False,False,2025-12-06|Sacramento Kings|Miami Heat,,,,2025-12-06|Sacramento Kings|Miami Heat,0.8763106219488909,"[{""p_home_win"": 0.7526212438977817, ""weight"": 0.25}, {""p_home_win"": 0.8763106219488909, ""weight"": 0.5}, {""p_home_win"": 1.0, ""weight"": 0.25}]",11.90093062500749,,elo,"{'home_advantage': 1.599232361796108, 'scale': 0.05527151923808725, 'error_term': 12.400038898871436, 'win_prob_k': 6.078269398924606}",0.0,-16.0
2025-12-06,Minnesota Timberwolves,Los Angeles Clippers,109.0,106.0,False,False,2025-12-06|Los Angeles Clippers|Minnesota Timberwolves,,,,2025-12-06|Los Angeles Clippers|Minnesota Timberwolves,0.8925544424400331,"[{""p_home_win"": 0.7851088848800662, ""weight"": 0.25}, {""p_home_win"": 0.8925544424400331, ""weight"": 0.5}, {""p_home_win"": 1.0, ""weight"": 0.25}]",12.868323800041496,,elo,"{'home_advantage': 1.599232361796108, 'scale': 0.05527151923808725, 'error_term': 12.400038898871436, 'win_prob_k': 6.078269398924606}",1.0,3.0
2025-12-06,Dallas Mavericks,Houston Rockets,122.0,109.0,False,False,2025-12-06|Houston Rockets|Dallas Mavericks,,,,2025-12-06|Houston Rockets|Dallas Mavericks,0.18547317344207395,"[{""p_home_win"": 0.0, ""weight"": 0.25}, {""p_home_win"": 0.18547317344207395, ""weight"": 0.5}, {""p_home_win"": 0.3709463468841479, ""weight"": 0.25}]",-8.993997661576214,,elo,"{'home_advantage': 1.599232361796108, 'scale': 0.05527151923808725, 'error_term': 12.400038898871436, 'win_prob_k': 6.078269398924606}",1.0,13.0
2025-12-07,New York Knicks,Orlando Magic,106.0,100.0,False,False,2025-12-07|Orlando Magic|New York Knicks,,,,2025-12-07|Orlando Magic|New York Knicks,0.5524462158902792,"[{""p_home_win"": 0.1048924317805584, ""weight"": 0.25}, {""p_home_win"": 0.5524462158902792, ""weight"": 0.5}, {""p_home_win"": 1.0, ""weight"": 0.25}]",1.2648370692801163,,elo,"{'home_advantage': 1.5690501529486711, 'scale': 0.053763427397341204, 'error_term': 12.559777672222923, 'win_prob_k': 6.007033118123751}",1.0,6.0
2025-12-07,Toronto Raptors,Boston Celtics,113.0,121.0,False,False,2025-12-07|Boston Celtics|Toronto Raptors,,,,2025-12-07|Boston Celtics|Toronto Raptors,0.43971021555460127,"[{""p_home_win"": 0.0, ""weight"": 0.25}, {""p_home_win"": 0.43971021555460127, ""weight"": 0.5}, {""p_home_win"": 0.8794204311092025, ""weight"": 0.25}]",-1.4557336723797494,,elo,"{'home_advantage': 1.5690501529486711, 'scale': 0.053763427397341204, 'error_term': 12.559777672222923, 'win_prob_k': 6.007033118123751}",0.0,-8.0
2025-12-07,Charlotte Hornets,Denver Nuggets,106.0,115.0,False,False,2025-12-07|Denver Nuggets|Charlotte Hornets,,,,2025-12-07|Denver Nuggets|Charlotte Hornets,0.18713654497364204,"[{""p_home_win"": 0.0, ""weight"": 0.25}, {""p_home_win"": 0.18713654497364204, ""weight"": 0.5}, {""p_home_win"": 0.3742730899472841, ""weight"": 0.25}]",-8.822677349781191,,elo,"{'home_advantage': 1.5690501529486711, 'scale': 0.053763427397341204, 'error_term': 12.559777672222923, 'win_prob_k': 6.007033118123751}",0.0,-9.0
2025-12-07,Memphis Grizzlies,Portland Trail Blazers,119.0,96.0,False,False,2025-12-07|Portland Trail Blazers|Memphis Grizzlies,,,,2025-12-07|Portland Trail Blazers|Memphis Grizzlies,0.6006780222120732,"[{""p_home_win"": 0.20135604442414645, ""weight"": 0.25}, {""p_home_win"": 0.6006780222120732, ""weight"": 0.5}, {""p_home_win"": 1.0, ""weight"": 0.25}]",2.452617564114162,,elo,"{'home_advantage': 1.5690501529486711, 'scale': 0.053763427397341204, 'error_term': 12.559777672222923, 'win_prob_k': 6.007033118123751}",1.0,23.0
2025-12-07,Chicago Bulls,Golden State Warriors,91.0,123.0,False,False,2025-12-07|Golden State Warriors|Chicago Bulls,,,,2025-12-07|Golden State Warriors|Chicago Bulls,0.31070729172869616,"[{""p_home_win"": 0.0, ""weight"": 0.25}, {""p_home_win"": 0.31070729172869616, ""weight"": 0.5}, {""p_home_win"": 0.6214145834573923, ""weight"": 0.25}]",-4.786492451370049,,elo,"{'home_advantage': 1.5690501529486711, 'scale': 0.053763427397341204, 'error_term': 12.559777672222923, 'win_prob_k': 6.007033118123751}",0.0,-32.0
2025-12-07,Philadelphia 76ers,Los Angeles Lakers,108.0,112.0,False,False,2025-12-07|Los Angeles Lakers|Philadelphia 76ers,,,,2025-12-07|Los Angeles Lakers|Philadelphia 76ers,0.41551007195150264,"[{""p_home_win"": 0.0, ""weight"": 0.25}, {""p_home_win"": 0.41551007195150264, ""weight"": 0.5}, {""p_home_win"": 0.8310201439030053, ""weight"": 0.25}]",-2.049796096641975,,elo,"{'home_advantage': 1.5690501529486711, 'scale': 0.053763427397341204, 'error_term': 12.559777672222923, 'win_prob_k': 6.007033118123751}",0.0,-4.0
2025-12-07,Utah Jazz,Oklahoma City Thunder,101.0,131.0,False,False,2025-12-07|Oklahoma City Thunder|Utah Jazz,,,,2025-12-07|Oklahoma City Thunder|Utah Jazz,0.08847237036469857,"[{""p_home_win"": 0.0, ""weight"": 0.25}, {""p_home_win"": 0.08847237036469857, ""weight"": 0.5}, {""p_home_win"": 0.17694474072939714, ""weight"": 0.25}]",-14.010993878552055,,elo,"{'home_advantage': 1.5690501529486711, 'scale': 0.053763427397341204, 'error_term': 12.559777672222923, 'win_prob_k': 6.007033118123751}",0.0,-30.0
2025-12-08,Indiana Pacers,Sacramento Kings,116.0,105.0,False,False,2025-12-08|Sacramento Kings|Indiana Pacers,,,,2025-12-08|Sacramento Kings|Indiana Pacers,0.5127598953126714,"[{""p_home_win"": 0.02551979062534282, ""weight"": 0.25}, {""p_home_win"": 0.5127598953126714, ""weight"": 0.5}, {""p_home_win"": 1.0, ""weight"": 0.25}]",0.30831019891180134,,elo,"{'home_advantage': 1.5073193938550806, 'scale': 0.05319348759302907, 'error_term': 12.604824808335634, 'win_prob_k': 6.039298319597128}",1.0,11.0
2025-12-08,Minnesota Timberwolves,Phoenix Suns,105.0,108.0,False,False,2025-12-08|Phoenix Suns|Minnesota Timberwolves,,,,2025-12-08|Phoenix Suns|Minnesota Timberwolves,0.5996581575500158,"[{""p_home_win"": 0.19931631510003167, ""weight"": 0.25}, {""p_home_win"": 0.5996581575500158, ""weight"": 0.5}, {""p_home_win"": 1.0, ""weight"": 0.25}]",2.440123934092811,,elo,"{'home_advantage': 1.5073193938550806, 'scale': 0.05319348759302907, 'error_term': 12.604824808335634, 'win_prob_k': 6.039298319597128}",0.0,-3.0
2025-12-08,New Orleans Pelicans,San Antonio Spurs,132.0,135.0,False,False,2025-12-08|San Antonio Spurs|New Orleans Pelicans,,,,2025-12-08|San Antonio Spurs|New Orleans Pelicans,0.08963858741701278,"[{""p_home_win"": 0.0, ""weight"": 0.25}, {""p_home_win"": 0.08963858741701278, ""weight"": 0.5}, {""p_home_win"": 0.17927717483402555, ""weight"": 0.25}]",-13.999430418806512,,elo,"{'home_advantage': 1.5073193938550806, 'scale': 0.05319348759302907, 'error_term': 12.604824808335634, 'win_prob_k': 6.039298319597128}",0.0,-3.0
2025-12-09,Orlando Magic,Miami Heat,117.0,108.0,False,False,2025-12-09|Miami Heat|Orlando Magic,,,,2025-12-09|Miami Heat|Orlando Magic,0.6594865182284037,"[{""p_home_win"": 0.3189730364568073, ""weight"": 0.25}, {""p_home_win"": 0.6594865182284037, ""weight"": 0.5}, {""p_home_win"": 1.0, ""weight"": 0.25}]",3.977302516472202,,elo,"{'home_advantage': 1.5375577022947298, 'scale': 0.052246042563501245, 'error_term': 12.598239619012777, 'win_prob_k': 6.017037119998324}",1.0,9.0
2025-12-09,Toronto Raptors,New York Knicks,101.0,117.0,False,False,2025-12-09|New York Knicks|Toronto Raptors,,,,2025-12-09|New York Knicks|Toronto Raptors,0.37438720372380974,"[{""p_home_win"": 0.0, ""weight"": 0.25}, {""p_home_win"": 0.37438720372380974, ""weight"": 0.5}, {""p_home_win"": 0.7487744074476195, ""weight"": 0.25}]",-3.0893940222274736,,elo,"{'home_advantage': 1.5375577022947298, 'scale': 0.052246042563501245, 'error_term': 12.598239619012777, 'win_prob_k': 6.017037119998324}",0.0,-16.0
2025-12-10,Oklahoma City Thunder,Phoenix Suns,138.0,89.0,False,False,2025-12-10|Phoenix Suns|Oklahoma City Thunder,,,,2025-12-10|Phoenix Suns|Oklahoma City Thunder,0.8456625967834895,"[{""p_home_win"": 0.6913251935669791, ""weight"": 0.25}, {""p_home_win"": 0.8456625967834895, ""weight"": 0.5}, {""p_home_win"": 1.0, ""weight"": 0.25}]",10.257456349347047,,elo,"{'home_advantage': 1.5061901612556667, 'scale': 0.05200244736362738, 'error_term': 12.590399308643331, 'win_prob_k': 6.030323951483309}",1.0,49.0
2025-12-10,Los Angeles Lakers,San Antonio Spurs,119.0,132.0,False,False,2025-12-10|San Antonio Spurs|Los Angeles Lakers,,,,2025-12-10|San Antonio Spurs|Los Angeles Lakers,0.6304584363141323,"[{""p_home_win"": 0.2609168726282647, ""weight"": 0.25}, {""p_home_win"": 0.6304584363141323, ""weight"": 0.5}, {""p_home_win"": 1.0, ""weight"": 0.25}]",3.221302636572924,,elo,"{'home_advantage': 1.5061901612556667, 'scale': 0.05200244736362738, 'error_term': 12.590399308643331, 'win_prob_k': 6.030323951483309}",0.0,-13.0
2025-12-11,Houston Rockets,Los Angeles Clippers,115.0,113.0,False,False,2025-12-11|Los Angeles Clippers|Houston Rockets,,,,2025-12-11|Los Angeles Clippers|Houston Rockets,0.9186333698720025,"[{""p_home_win"": 0.837266739744005, ""weight"": 0.25}, {""p_home_win"": 0.9186333698720025, ""weight"": 0.5}, {""p_home_win"": 1.0, ""weight"": 0.25}]",14.775528131385515,,elo,"{'home_advantage': 1.568180104336309, 'scale': 0.052635076859794704, 'error_term': 12.710723144611457, 'win_prob_k': 6.0957114107943475}",1.0,2.0
2025-12-11,Milwaukee Bucks,Boston Celtics,116.0,101.0,False,False,2025-12-11|Boston Celtics|Milwaukee Bucks,,,,2025-12-11|Boston Celtics|Milwaukee Bucks,0.19565473545268583,"[{""p_home_win"": 0.0, ""weight"": 0.25}, {""p_home_win"": 0.19565473545268583, ""weight"": 0.5}, {""p_home_win"": 0.39130947090537166, ""weight"": 0.25}]",-8.617367376420969,,elo,"{'home_advantage': 1.568180104336309, 'scale': 0.052635076859794704, 'error_term': 12.710723144611457, 'win_prob_k': 6.0957114107943475}",1.0,15.0
2025-12-11,New Orleans Pelicans,Portland Trail Blazers,143.0,120.0,False,False,2025-12-11|Portland Trail Blazers|New Orleans Pelicans,,,,2025-12-11|Portland Trail Blazers|New Orleans Pelicans,0.26515501460253166,"[{""p_home_win"": 0.0, ""weight"": 0.25}, {""p_home_win"": 0.26515501460253166, ""weight"": 0.5}, {""p_home_win"": 0.5303100292050633, ""weight"": 0.25}]",-6.213632686046429,,elo,"{'home_advantage': 1.568180104336309, 'scale': 0.052635076859794704, 'error_term': 12.710723144611457, 'win_prob_k': 6.0957114107943475}",1.0,23.0
2025-12-11,Sacramento Kings,Denver Nuggets,105.0,136.0,False,False,2025-12-11|Denver Nuggets|Sacramento Kings,,,,2025-12-11|Denver Nuggets|Sacramento Kings,0.15582441650822126,"[{""p_home_win"": 0.0, ""weight"": 0.25}, {""p_home_win"": 0.15582441650822126, ""weight"": 0.5}, {""p_home_win"": 0.31164883301644253, ""weight"": 0.25}]",-10.29950096804769,,elo,"{'home_advantage': 1.568180104336309, 'scale': 0.052635076859794704, 'error_term': 12.710723144611457, 'win_prob_k': 6.0957114107943475}",0.0,-31.0
2025-12-12,Charlotte Hornets,Chicago Bulls,126.0,129.0,False,False,2025-12-12|Chicago Bulls|Charlotte Hornets,,,,2025-12-12|Chicago Bulls|Charlotte Hornets,0.6261879035874232,"[{""p_home_win"": 0.2523758071748463, ""weight"": 0.25}, {""p_home_win"": 0.6261879035874232, ""weight"": 0.5}, {""p_home_win"": 1.0, ""weight"": 0.25}]",3.170065154450531,,elo,"{'home_advantage': 1.5531737804260044, 'scale': 0.05243437930993432, 'error_term': 12.846167099837476, 'win_prob_k': 6.144760876564845}",0.0,-3.0
2025-12-12,Detroit Pistons,Atlanta Hawks,142.0,115.0,False,False,2025-12-12|Atlanta Hawks|Detroit Pistons,,,,2025-12-12|Atlanta Hawks|Detroit Pistons,0.7965504862233994,"[{""p_home_win"": 0.5931009724467988, ""weight"": 0.25}, {""p_home_win"": 0.7965504862233994, ""weight"": 0.5}, {""p_home_win"": 1.0, ""weight"": 0.25}]",8.38681592527219,,elo,"{'home_advantage': 1.5531737804260044, 'scale': 0.05243437930993432, 'error_term': 12.846167099837476, 'win_prob_k': 6.144760876564845}",1.0,27.0
2025-12-12,Philadelphia 76ers,Indiana Pacers,115.0,105.0,False,False,2025-12-12|Indiana Pacers|Philadelphia 76ers,,,,2025-12-12|Indiana Pacers|Philadelphia 76ers,0.789451165189594,"[{""p_home_win"": 0.578902330379188, ""weight"": 0.25}, {""p_home_win"": 0.789451165189594, ""weight"": 0.5}, {""p_home_win"": 1.0, ""weight"": 0.25}]",8.121041056318917,,elo,"{'home_advantage': 1.5531737804260044, 'scale': 0.05243437930993432, 'error_term': 12.846167099837476, 'win_prob_k': 6.144760876564845}",1.0,10.0
2025-12-12,Washington Wizards,Cleveland Cavaliers,126.0,130.0,False,False,2025-12-12|Cleveland Cavaliers|Washington Wizards,,,,2025-12-12|Cleveland Cavaliers|Washington Wizards,0.19686398987570627,"[{""p_home_win"": 0.0, ""weight"": 0.25}, {""p_home_win"": 0.19686398987570627, ""weight"": 0.5}, {""p_home_win"": 0.39372797975141255, ""weight"": 0.25}]",-8.639601344993064,,elo,"{'home_advantage': 1.5531737804260044, 'scale': 0.05243437930993432, 'error_term': 12.846167099837476, 'win_prob_k': 6.144760876564845}",0.0,-4.0
2025-12-12,Memphis Grizzlies,Utah Jazz,126.0,130.0,False,False,2025-12-12|Utah Jazz|Memphis Grizzlies,,,,2025-12-12|Utah Jazz|Memphis Grizzlies,0.6595158019012329,"[{""p_home_win"": 0.31903160380246587, ""weight"": 0.25}, {""p_home_win"": 0.6595158019012329, ""weight"": 0.5}, {""p_home_win"": 1.0, ""weight"": 0.25}]",4.062530097180107,,elo,"{'home_advantage': 1.5531737804260044, 'scale': 0.05243437930993432, 'error_term': 12.846167099837476, 'win_prob_k': 6.144760876564845}",0.0,-4.0
2025-12-12,Dallas Mavericks,Brooklyn Nets,119.0,111.0,False,False,2025-12-12|Brooklyn Nets|Dallas Mavericks,,,,2025-12-12|Brooklyn Nets|Dallas Mavericks,0.7242182849836528,"[{""p_home_win"": 0.44843656996730563, ""weight"": 0.25}, {""p_home_win"": 0.7242182849836528, ""weight"": 0.5}, {""p_home_win"": 1.0, ""weight"": 0.25}]",5.932663273668268,,elo,"{'home_advantage': 1.5531737804260044, 'scale': 0.05243437930993432, 'error_term': 12.846167099837476, 'win_prob_k': 6.144760876564845}",1.0,8.0
2025-12-12,Golden State Warriors,Minnesota Timberwolves,120.0,127.0,False,False,2025-12-12|Minnesota Timberwolves|Golden State Warriors,,,,2025-12-12|Minnesota Timberwolves|Golden State Warriors,0.466252375595595,"[{""p_home_win"": 0.0, ""weight"": 0.25}, {""p_home_win"": 0.466252375595595, ""weight"": 0.5}, {""p_home_win"": 0.93250475119119, ""weight"": 0.25}]",-0.8307473846475535,,elo,"{'home_advantage': 1.5531737804260044, 'scale': 0.05243437930993432, 'error_term': 12.846167099837476, 'win_prob_k': 6.144760876564845}",0.0,-7.0
2025-12-13,Orlando Magic,New York Knicks,120.0,132.0,False,False,2025-12-13|New York Knicks|Orlando Magic,,,,2025-12-13|New York Knicks|Orlando Magic,0.49388998087004743,"[{""p_home_win"": 0.0, ""weight"": 0.25}, {""p_home_win"": 0.49388998087004743, ""weight"": 0.5}, {""p_home_win"": 0.9877799617400949, ""weight"": 0.25}]",-0.14850992740916058,,elo,"{'home_advantage': 1.5274644931856998, 'scale': 0.0512927209227513, 'error_term': 12.80853816540749, 'win_prob_k': 6.0761894382024675}",0.0,-12.0
2025-12-13,Oklahoma City Thunder,San Antonio Spurs,109.0,111.0,False,False,2025-12-13|San Antonio Spurs|Oklahoma City Thunder,,,,2025-12-13|San Antonio Spurs|Oklahoma City Thunder,0.8100416929310462,"[{""p_home_win"": 0.6200833858620924, ""weight"": 0.25}, {""p_home_win"": 0.8100416929310462, ""weight"": 0.5}, {""p_home_win"": 1.0, ""weight"": 0.25}]",8.812182747783249,,elo,"{'home_advantage': 1.5274644931856998, 'scale': 0.0512927209227513, 'error_term': 12.80853816540749, 'win_prob_k': 6.0761894382024675}",0.0,-2.0
2025-12-14,Indiana Pacers,Washington Wizards,89.0,108.0,False,False,2025-12-14|Washington Wizards|Indiana Pacers,,,,2025-12-14|Washington Wizards|Indiana Pacers,0.7208668975923169,"[{""p_home_win"": 0.44173379518463385, ""weight"": 0.25}, {""p_home_win"": 0.7208668975923169, ""weight"": 0.5}, {""p_home_win"": 1.0, ""weight"": 0.25}]",5.8587786198081195,,elo,"{'home_advantage': 1.480713345719262, 'scale': 0.05131584341645, 'error_term': 12.829083514889266, 'win_prob_k': 6.175158059939834}",0.0,-19.0
2025-12-14,Cleveland Cavaliers,Charlotte Hornets,111.0,119.0,False,False,2025-12-14|Charlotte Hornets|Cleveland Cavaliers,,,,2025-12-14|Charlotte Hornets|Cleveland Cavaliers,0.8093303350578396,"[{""p_home_win"": 0.6186606701156792, ""weight"": 0.25}, {""p_home_win"": 0.8093303350578396, ""weight"": 0.5}, {""p_home_win"": 1.0, ""weight"": 0.25}]",8.92720821604687,,elo,"{'home_advantage': 1.480713345719262, 'scale': 0.05131584341645, 'error_term': 12.829083514889266, 'win_prob_k': 6.175158059939834}",0.0,-8.0
2025-12-14,Atlanta Hawks,Philadelphia 76ers,120.0,117.0,False,False,2025-12-14|Philadelphia 76ers|Atlanta Hawks,,,,2025-12-14|Philadelphia 76ers|Atlanta Hawks,0.4799405698542982,"[{""p_home_win"": 0.0, ""weight"": 0.25}, {""p_home_win"": 0.4799405698542982, ""weight"": 0.5}, {""p_home_win"": 0.9598811397085965, ""weight"": 0.25}]",-0.49574669311472674,,elo,"{'home_advantage': 1.480713345719262, 'scale': 0.05131584341645, 'error_term': 12.829083514889266, 'win_prob_k': 6.175158059939834}",1.0,3.0
2025-12-14,Brooklyn Nets,Milwaukee Bucks,127.0,82.0,False,False,2025-12-14|Milwaukee Bucks|Brooklyn Nets,,,,2025-12-14|Milwaukee Bucks|Brooklyn Nets,0.4017820113738993,"[{""p_home_win"": 0.0, ""weight"": 0.25}, {""p_home_win"": 0.4017820113738993, ""weight"": 0.5}, {""p_home_win"": 0.8035640227477986, ""weight"": 0.25}]",-2.4579940981378208,,elo,"{'home_advantage': 1.480713345719262, 'scale': 0.05131584341645, 'error_term': 12.829083514889266, 'win_prob_k': 6.175158059939834}",1.0,45.0
2025-12-14,Chicago Bulls,New Orleans Pelicans,104.0,114.0,False,False,2025-12-14|New Orleans Pelicans|Chicago Bulls,,,,2025-12-14|New Orleans Pelicans|Chicago Bulls,0.6899771236443055,"[{""p_home_win"": 0.37995424728861105, ""weight"": 0.25}, {""p_home_win"": 0.6899771236443055, ""weight"": 0.5}, {""p_home_win"": 1.0, ""weight"": 0.25}]",4.940202732462653,,elo,"{'home_advantage': 1.480713345719262, 'scale': 0.05131584341645, 'error_term': 12.829083514889266, 'win_prob_k': 6.175158059939834}",0.0,-10.0
2025-12-14,Minnesota Timberwolves,Sacramento Kings,117.0,103.0,False,False,2025-12-14|Sacramento Kings|Minnesota Timberwolves,,,,2025-12-14|Sacramento Kings|Minnesota Timberwolves,0.868305583248629,"[{""p_home_win"": 0.7366111664972581, ""weight"": 0.25}, {""p_home_win"": 0.868305583248629, ""weight"": 0.5}, {""p_home_win"": 1.0, ""weight"": 0.25}]",11.646715479567053,,elo,"{'home_advantage': 1.480713345719262, 'scale': 0.05131584341645, 'error_term': 12.829083514889266, 'win_prob_k': 6.175158059939834}",1.0,14.0
2025-12-14,Phoenix Suns,Los Angeles Lakers,114.0,116.0,False,False,2025-12-14|Los Angeles Lakers|Phoenix Suns,,,,2025-12-14|Los Angeles Lakers|Phoenix Suns,0.4821106589241218,"[{""p_home_win"": 0.0, ""weight"": 0.25}, {""p_home_win"": 0.4821106589241218, ""weight"": 0.5}, {""p_home_win"": 0.9642213178482436, ""weight"": 0.25}]",-0.44206673131366614,,elo,"{'home_advantage': 1.480713345719262, 'scale': 0.05131584341645, 'error_term': 12.829083514889266, 'win_prob_k': 6.175158059939834}",0.0,-2.0
2025-12-14,Portland Trail Blazers,Golden State Warriors,136.0,131.0,False,False,2025-12-14|Golden State Warriors|Portland Trail Blazers,,,,2025-12-14|Golden State Warriors|Portland Trail Blazers,0.3921994527264114,"[{""p_home_win"": 0.0, ""weight"": 0.25}, {""p_home_win"": 0.3921994527264114, ""weight"": 0.5}, {""p_home_win"": 0.7843989054528228, ""weight"": 0.25}]",-2.7051901634452458,,elo,"{'home_advantage': 1.480713345719262, 'scale': 0.05131584341645, 'error_term': 12.829083514889266, 'win_prob_k': 6.175158059939834}",1.0,5.0
2025-12-15,Boston Celtics,Detroit Pistons,105.0,112.0,False,False,2025-12-15|Detroit Pistons|Boston Celtics,,,,2025-12-15|Detroit Pistons|Boston Celtics,0.4087630611181013,"[{""p_home_win"": 0.0, ""weight"": 0.25}, {""p_home_win"": 0.4087630611181013, ""weight"": 0.5}, {""p_home_win"": 0.8175261222362026, ""weight"": 0.25}]",-2.3071543026586214,,elo,"{'home_advantage': 1.5485504311127227, 'scale': 0.05144500278816884, 'error_term': 13.036990868570564, 'win_prob_k': 6.251075560414149}",0.0,-7.0
2025-12-15,Miami Heat,Toronto Raptors,96.0,106.0,False,False,2025-12-15|Toronto Raptors|Miami Heat,,,,2025-12-15|Toronto Raptors|Miami Heat,0.5708180328700379,"[{""p_home_win"": 0.1416360657400757, ""weight"": 0.25}, {""p_home_win"": 0.5708180328700379, ""weight"": 0.5}, {""p_home_win"": 1.0, ""weight"": 0.25}]",1.7827410046335186,,elo,"{'home_advantage': 1.5485504311127227, 'scale': 0.05144500278816884, 'error_term': 13.036990868570564, 'win_prob_k': 6.251075560414149}",0.0,-10.0
2025-12-15,Utah Jazz,Dallas Mavericks,140.0,133.0,False,False,2025-12-15|Dallas Mavericks|Utah Jazz,,,,2025-12-15|Dallas Mavericks|Utah Jazz,0.521135158141446,"[{""p_home_win"": 0.04227031628289191, ""weight"": 0.25}, {""p_home_win"": 0.521135158141446, ""weight"": 0.5}, {""p_home_win"": 1.0, ""weight"": 0.25}]",0.5287849730368037,,elo,"{'home_advantage': 1.5485504311127227, 'scale': 0.05144500278816884, 'error_term': 13.036990868570564, 'win_prob_k': 6.251075560414149}",1.0,7.0
2025-12-15,Denver Nuggets,Houston Rockets,128.0,125.0,False,False,2025-12-15|Houston Rockets|Denver Nuggets,,,,2025-12-15|Houston Rockets|Denver Nuggets,0.5720005950302769,"[{""p_home_win"": 0.14400119006055379, ""weight"": 0.25}, {""p_home_win"": 0.5720005950302769, ""weight"": 0.5}, {""p_home_win"": 1.0, ""weight"": 0.25}]",1.8129258466161393,,elo,"{'home_advantage': 1.5485504311127227, 'scale': 0.05144500278816884, 'error_term': 13.036990868570564, 'win_prob_k': 6.251075560414149}",1.0,3.0
2025-12-15,Los Angeles Clippers,Memphis Grizzlies,103.0,121.0,False,False,2025-12-15|Memphis Grizzlies|Los Angeles Clippers,,,,2025-12-15|Memphis Grizzlies|Los Angeles Clippers,0.31443982241570667,"[{""p_home_win"": 0.0, ""weight"": 0.25}, {""p_home_win"": 0.31443982241570667, ""weight"": 0.5}, {""p_home_win"": 0.6288796448314133, ""weight"": 0.25}]",-4.8723606348836865,,elo,"{'home_advantage': 1.5485504311127227, 'scale': 0.05144500278816884, 'error_term': 13.036990868570564, 'win_prob_k': 6.251075560414149}",0.0,-18.0
2025-12-16,New York Knicks,San Antonio Spurs,124.0,113.0,False,False,2025-12-16|San Antonio Spurs|New York Knicks,,,,2025-12-16|San Antonio Spurs|New York Knicks,0.5629718071009643,"[{""p_home_win"": 0.12594361420192857, ""weight"": 0.25}, {""p_home_win"": 0.5629718071009643, ""weight"": 0.5}, {""p_home_win"": 1.0, ""weight"": 0.25}]",1.554202888933138,,elo,"{'home_advantage': 1.490920389546518, 'scale': 0.050016598971702506, 'error_term': 13.070335323532017, 'win_prob_k': 6.137470194629024}",1.0,11.0
2025-12-17,Chicago Bulls,Cleveland Cavaliers,127.0,111.0,False,False,2025-12-17|Cleveland Cavaliers|Chicago Bulls,,,,2025-12-17|Cleveland Cavaliers|Chicago Bulls,0.3101575596278427,"[{""p_home_win"": 0.0, ""weight"": 0.25}, {""p_home_win"": 0.3101575596278427, ""weight"": 0.5}, {""p_home_win"": 0.6203151192556854, ""weight"": 0.25}]",-4.9274547683584915,,elo,"{'home_advantage': 1.4946740717014746, 'scale': 0.05003988842890158, 'error_term': 13.049832194543107, 'win_prob_k': 6.164074051245709}",1.0,16.0
2025-12-17,Minnesota Timberwolves,Memphis Grizzlies,110.0,116.0,False,False,2025-12-17|Memphis Grizzlies|Minnesota Timberwolves,,,,2025-12-17|Memphis Grizzlies|Minnesota Timberwolves,0.7393723749519436,"[{""p_home_win"": 0.47874474990388727, ""weight"": 0.25}, {""p_home_win"": 0.7393723749519436, ""weight"": 0.5}, {""p_home_win"": 1.0, ""weight"": 0.25}]",6.427335611556486,,elo,"{'home_advantage': 1.4946740717014746, 'scale': 0.05003988842890158, 'error_term': 13.049832194543107, 'win_prob_k': 6.164074051245709}",0.0,-6.0
2025-12-18,Charlotte Hornets,Atlanta Hawks,133.0,126.0,False,False,2025-12-18|Atlanta Hawks|Charlotte Hornets,,,,2025-12-18|Atlanta Hawks|Charlotte Hornets,0.319029886944941,"[{""p_home_win"": 0.0, ""weight"": 0.25}, {""p_home_win"": 0.319029886944941, ""weight"": 0.5}, {""p_home_win"": 0.638059773889882, ""weight"": 0.25}]",-4.669988713786529,,elo,"{'home_advantage': 1.5366731721263867, 'scale': 0.05022975848388191, 'error_term': 13.086536965068811, 'win_prob_k': 6.159036642794163}",1.0,7.0
2025-12-18,Indiana Pacers,New York Knicks,113.0,114.0,False,False,2025-12-18|New York Knicks|Indiana Pacers,,,,2025-12-18|New York Knicks|Indiana Pacers,0.09951758358782015,"[{""p_home_win"": 0.0, ""weight"": 0.25}, {""p_home_win"": 0.09951758358782015, ""weight"": 0.5}, {""p_home_win"": 0.1990351671756403, ""weight"": 0.25}]",-13.565871258939955,,elo,"{'home_advantage': 1.5366731721263867, 'scale': 0.05022975848388191, 'error_term': 13.086536965068811, 'win_prob_k': 6.159036642794163}",0.0,-1.0
2025-12-18,Brooklyn Nets,Miami Heat,95.0,106.0,False,False,2025-12-18|Miami Heat|Brooklyn Nets,,,,2025-12-18|Miami Heat|Brooklyn Nets,0.3711540398667383,"[{""p_home_win"": 0.0, ""weight"": 0.25}, {""p_home_win"": 0.3711540398667383, ""weight"": 0.5}, {""p_home_win"": 0.7423080797334766, ""weight"": 0.25}]",-3.2474700279477275,,elo,"{'home_advantage': 1.5366731721263867, 'scale': 0.05022975848388191, 'error_term': 13.086536965068811, 'win_prob_k': 6.159036642794163}",0.0,-11.0
2025-12-18,Milwaukee Bucks,Toronto Raptors,105.0,111.0,False,False,2025-12-18|Toronto Raptors|Milwaukee Bucks,,,,2025-12-18|Toronto Raptors|Milwaukee Bucks,0.3562207351303223,"[{""p_home_win"": 0.0, ""weight"": 0.25}, {""p_home_win"": 0.3562207351303223, ""weight"": 0.5}, {""p_home_win"": 0.7124414702606446, ""weight"": 0.25}]",-3.6449507112104014,,elo,"{'home_advantage': 1.5366731721263867, 'scale': 0.05022975848388191, 'error_term': 13.086536965068811, 'win_prob_k': 6.159036642794163}",0.0,-6.0
2025-12-18,New Orleans Pelicans,Houston Rockets,133.0,128.0,False,False,2025-12-18|Houston Rockets|New Orleans Pelicans,,,,2025-12-18|Houston Rockets|New Orleans Pelicans,0.14368881297627448,"[{""p_home_win"": 0.0, ""weight"": 0.25}, {""p_home_win"": 0.14368881297627448, ""weight"": 0.5}, {""p_home_win"": 0.28737762595254895, ""weight"": 0.25}]",-10.993781284582022,,elo,"{'home_advantage': 1.5366731721263867, 'scale': 0.05022975848388191, 'error_term': 13.086536965068811, 'win_prob_k': 6.159036642794163}",1.0,5.0
2025-12-18,Oklahoma City Thunder,Los Angeles Clippers,122.0,101.0,False,False,2025-12-18|Los Angeles Clippers|Oklahoma City Thunder,,,,2025-12-18|Los Angeles Clippers|Oklahoma City Thunder,0.9706813773700765,"[{""p_home_win"": 0.9413627547401531, ""weight"": 0.25}, {""p_home_win"": 0.9706813773700765, ""weight"": 0.5}, {""p_home_win"": 1.0, ""weight"": 0.25}]",21.55524478866166,,elo,"{'home_advantage': 1.5366731721263867, 'scale': 0.05022975848388191, 'error_term': 13.086536965068811, 'win_prob_k': 6.159036642794163}",1.0,21.0
2025-12-18,San Antonio Spurs,Washington Wizards,119.0,94.0,False,False,2025-12-18|Washington Wizards|San Antonio Spurs,,,,2025-12-18|Washington Wizards|San Antonio Spurs,0.9344585636655494,"[{""p_home_win"": 0.8689171273310987, ""weight"": 0.25}, {""p_home_win"": 0.9344585636655494, ""weight"": 0.5}, {""p_home_win"": 1.0, ""weight"": 0.25}]",16.366314002996553,,elo,"{'home_advantage': 1.5366731721263867, 'scale': 0.05022975848388191, 'error_term': 13.086536965068811, 'win_prob_k': 6.159036642794163}",1.0,25.0
2025-12-18,Dallas Mavericks,Detroit Pistons,116.0,114.0,False,False,2025-12-18|Detroit Pistons|Dallas Mavericks,,,,2025-12-18|Detroit Pistons|Dallas Mavericks,0.19075503834198448,"[{""p_home_win"": 0.0, ""weight"": 0.25}, {""p_home_win"": 0.19075503834198448, ""weight"": 0.5}, {""p_home_win"": 0.38151007668396897, ""weight"": 0.25}]",-8.900495196964913,,elo,"{'home_advantage': 1.5366731721263867, 'scale': 0.05022975848388191, 'error_term': 13.086536965068811, 'win_prob_k': 6.159036642794163}",1.0,2.0
2025-12-18,Denver Nuggets,Orlando Magic,126.0,115.0,False,False,2025-12-18|Orlando Magic|Denver Nuggets,,,,2025-12-18|Orlando Magic|Denver Nuggets,0.6763608506890734,"[{""p_home_win"": 0.35272170137814673, ""weight"": 0.25}, {""p_home_win"": 0.6763608506890734, ""weight"": 0.5}, {""p_home_win"": 1.0, ""weight"": 0.25}]",4.53981099211432,,elo,"{'home_advantage': 1.5366731721263867, 'scale': 0.05022975848388191, 'error_term': 13.086536965068811, 'win_prob_k': 6.159036642794163}",1.0,11.0
2025-12-18,Phoenix Suns,Golden State Warriors,99.0,98.0,False,False,2025-12-18|Golden State Warriors|Phoenix Suns,,,,2025-12-18|Golden State Warriors|Phoenix Suns,0.716507291437179,"[{""p_home_win"": 0.4330145828743579, ""weight"": 0.25}, {""p_home_win"": 0.716507291437179, ""weight"": 0.5}, {""p_home_win"": 1.0, ""weight"": 0.25}]",5.710671217681654,,elo,"{'home_advantage': 1.5366731721263867, 'scale': 0.05022975848388191, 'error_term': 13.086536965068811, 'win_prob_k': 6.159036642794163}",1.0,1.0
2025-12-18,Utah Jazz,Los Angeles Lakers,135.0,143.0,False,False,2025-12-18|Los Angeles Lakers|Utah Jazz,,,,2025-12-18|Los Angeles Lakers|Utah Jazz,0.2997453449728414,"[{""p_home_win"": 0.0, ""weight"": 0.25}, {""p_home_win"": 0.2997453449728414, ""weight"": 0.5}, {""p_home_win"": 0.5994906899456828, ""weight"": 0.25}]",-5.2260090948058755,,elo,"{'home_advantage': 1.5366731721263867, 'scale': 0.05022975848388191, 'error_term': 13.086536965068811, 'win_prob_k': 6.159036642794163}",0.0,-8.0
2025-12-18,Portland Trail Blazers,Sacramento Kings,134.0,133.0,False,False,2025-12-18|Sacramento Kings|Portland Trail Blazers,,,,2025-12-18|Sacramento Kings|Portland Trail Blazers,0.6953134388568926,"[{""p_home_win"": 0.3906268777137851, ""weight"": 0.25}, {""p_home_win"": 0.6953134388568926, ""weight"": 0.5}, {""p_home_win"": 1.0, ""weight"": 0.25}]",5.0816927503835645,,elo,"{'home_advantage': 1.5366731721263867, 'scale': 0.05022975848388191, 'error_term': 13.086536965068811, 'win_prob_k': 6.159036642794163}",1.0,1.0
2025-12-19,Boston Celtics,Miami Heat,129.0,116.0,False,False,2025-12-19|Miami Heat|Boston Celtics,,,,2025-12-19|Miami Heat|Boston Celtics,0.6755930963835826,"[{""p_home_win"": 0.3511861927671651, ""weight"": 0.25}, {""p_home_win"": 0.6755930963835826, ""weight"": 0.5}, {""p_home_win"": 1.0, ""weight"": 0.25}]",4.543228663973435,,elo,"{'home_advantage': 1.5886163087713103, 'scale': 0.049208549332543816, 'error_term': 13.003671365679436, 'win_prob_k': 6.193124263520589}",1.0,13.0
2025-12-19,New York Knicks,Philadelphia 76ers,107.0,116.0,False,False,2025-12-19|Philadelphia 76ers|New York Knicks,,,,2025-12-19|Philadelphia 76ers|New York Knicks,0.8129695130692061,"[{""p_home_win"": 0.6259390261384121, ""weight"": 0.25}, {""p_home_win"": 0.8129695130692061, ""weight"": 0.5}, {""p_home_win"": 1.0, ""weight"": 0.25}]",9.10031288215844,,elo,"{'home_advantage': 1.5886163087713103, 'scale': 0.049208549332543816, 'error_term': 13.003671365679436, 'win_prob_k': 6.193124263520589}",0.0,-9.0
2025-12-19,Atlanta Hawks,San Antonio Spurs,98.0,126.0,False,False,2025-12-19|San Antonio Spurs|Atlanta Hawks,,,,2025-12-19|San Antonio Spurs|Atlanta Hawks,0.3106169196762225,"[{""p_home_win"": 0.0, ""weight"": 0.25}, {""p_home_win"": 0.3106169196762225, ""weight"": 0.5}, {""p_home_win"": 0.621233839352445, ""weight"": 0.25}]",-4.937386122537825,,elo,"{'home_advantage': 1.5886163087713103, 'scale': 0.049208549332543816, 'error_term': 13.003671365679436, 'win_prob_k': 6.193124263520589}",0.0,-28.0
2025-12-19,Cleveland Cavaliers,Chicago Bulls,125.0,136.0,False,False,2025-12-19|Chicago Bulls|Cleveland Cavaliers,,,,2025-12-19|Chicago Bulls|Cleveland Cavaliers,0.69974755685961,"[{""p_home_win"": 0.39949511371922, ""weight"": 0.25}, {""p_home_win"": 0.69974755685961, ""weight"": 0.5}, {""p_home_win"": 1.0, ""weight"": 0.25}]",5.239977908365674,,elo,"{'home_advantage': 1.5886163087713103, 'scale': 0.049208549332543816, 'error_term': 13.003671365679436, 'win_prob_k': 6.193124263520589}",0.0,-11.0
2025-12-19,Minnesota Timberwolves,Oklahoma City Thunder,112.0,107.0,False,False,2025-12-19|Oklahoma City Thunder|Minnesota Timberwolves,,,,2025-12-19|Oklahoma City Thunder|Minnesota Timberwolves,0.2388805305972468,"[{""p_home_win"": 0.0, ""weight"": 0.25}, {""p_home_win"": 0.2388805305972468, ""weight"": 0.5}, {""p_home_win"": 0.4777610611944936, ""weight"": 0.25}]",-7.176758252033547,,elo,"{'home_advantage': 1.5886163087713103, 'scale': 0.049208549332543816, 'error_term': 13.003671365679436, 'win_prob_k': 6.193124263520589}",1.0,5.0
2025-12-20,Denver Nuggets,Houston Rockets,101.0,115.0,False,False,2025-12-20|Houston Rockets|Denver Nuggets,,,,2025-12-20|Houston Rockets|Denver Nuggets,0.7261509858608851,"[{""p_home_win"": 0.4523019717217702, ""weight"": 0.25}, {""p_home_win"": 0.7261509858608851, ""weight"": 0.5}, {""p_home_win"": 1.0, ""weight"": 0.25}]",6.133216644458376,,elo,"{'home_advantage': 1.5047216221179793, 'scale': 0.04952761850233657, 'error_term': 13.091055469938512, 'win_prob_k': 6.289310723483826}",0.0,-14.0
2025-12-20,New Orleans Pelicans,Indiana Pacers,128.0,109.0,False,False,2025-12-20|Indiana Pacers|New Orleans Pelicans,,,,2025-12-20|Indiana Pacers|New Orleans Pelicans,0.5901752112902511,"[{""p_home_win"": 0.18035042258050216, ""weight"": 0.25}, {""p_home_win"": 0.5901752112902511, ""weight"": 0.5}, {""p_home_win"": 1.0, ""weight"": 0.25}]",2.2936470758706586,,elo,"{'home_advantage': 1.5047216221179793, 'scale': 0.04952761850233657, 'error_term': 13.091055469938512, 'win_prob_k': 6.289310723483826}",1.0,19.0
2025-12-20,Philadelphia 76ers,Dallas Mavericks,121.0,114.0,False,False,2025-12-20|Dallas Mavericks|Philadelphia 76ers,,,,2025-12-20|Dallas Mavericks|Philadelphia 76ers,0.6529975759506692,"[{""p_home_win"": 0.3059951519013384, ""weight"": 0.25}, {""p_home_win"": 0.6529975759506692, ""weight"": 0.5}, {""p_home_win"": 1.0, ""weight"": 0.25}]",3.9763641982384015,,elo,"{'home_advantage': 1.5047216221179793, 'scale': 0.04952761850233657, 'error_term': 13.091055469938512, 'win_prob_k': 6.289310723483826}",1.0,7.0
2025-12-20,Toronto Raptors,Boston Celtics,96.0,112.0,False,False,2025-12-20|Boston Celtics|Toronto Raptors,,,,2025-12-20|Boston Celtics|Toronto Raptors,0.47897198444022243,"[{""p_home_win"": 0.0, ""weight"": 0.25}, {""p_home_win"": 0.47897198444022243, ""weight"": 0.5}, {""p_home_win"": 0.9579439688804449, ""weight"": 0.25}]",-0.5293191129672046,,elo,"{'home_advantage': 1.5047216221179793, 'scale': 0.04952761850233657, 'error_term': 13.091055469938512, 'win_prob_k': 6.289310723483826}",0.0,-16.0
2025-12-20,Detroit Pistons,Charlotte Hornets,112.0,86.0,False,False,2025-12-20|Charlotte Hornets|Detroit Pistons,,,,2025-12-20|Charlotte Hornets|Detroit Pistons,0.8739933526035712,"[{""p_home_win"": 0.7479867052071425, ""weight"": 0.25}, {""p_home_win"": 0.8739933526035712, ""weight"": 0.5}, {""p_home_win"": 1.0, ""weight"": 0.25}]",12.180747746415932,,elo,"{'home_advantage': 1.5047216221179793, 'scale': 0.04952761850233657, 'error_term': 13.091055469938512, 'win_prob_k': 6.289310723483826}",1.0,26.0
2025-12-20,Memphis Grizzlies,Washington Wizards,122.0,130.0,False,False,2025-12-20|Washington Wizards|Memphis Grizzlies,,,,2025-12-20|Washington Wizards|Memphis Grizzlies,0.8459369202828603,"[{""p_home_win"": 0.6918738405657205, ""weight"": 0.25}, {""p_home_win"": 0.8459369202828603, ""weight"": 0.5}, {""p_home_win"": 1.0, ""weight"": 0.25}]",10.711216083140712,,elo,"{'home_advantage': 1.5047216221179793, 'scale': 0.04952761850233657, 'error_term': 13.091055469938512, 'win_prob_k': 6.289310723483826}",0.0,-8.0
2025-12-20,Golden State Warriors,Phoenix Suns,119.0,116.0,False,False,2025-12-20|Phoenix Suns|Golden State Warriors,,,,2025-12-20|Phoenix Suns|Golden State Warriors,0.34159409585748235,"[{""p_home_win"": 0.0, ""weight"": 0.25}, {""p_home_win"": 0.34159409585748235, ""weight"": 0.5}, {""p_home_win"": 0.6831881917149647, ""weight"": 0.25}]",-4.1270358776066915,,elo,"{'home_advantage': 1.5047216221179793, 'scale': 0.04952761850233657, 'error_term': 13.091055469938512, 'win_prob_k': 6.289310723483826}",1.0,3.0
2025-12-20,Utah Jazz,Orlando Magic,127.0,128.0,False,False,2025-12-20|Orlando Magic|Utah Jazz,,,,2025-12-20|Orlando Magic|Utah Jazz,0.3965428430214044,"[{""p_home_win"": 0.0, ""weight"": 0.25}, {""p_home_win"": 0.3965428430214044, ""weight"": 0.5}, {""p_home_win"": 0.7930856860428088, ""weight"": 0.25}]",-2.6408247101303406,,elo,"{'home_advantage': 1.5047216221179793, 'scale': 0.04952761850233657, 'error_term': 13.091055469938512, 'win_prob_k': 6.289310723483826}",0.0,-1.0
2025-12-20,Sacramento Kings,Portland Trail Blazers,93.0,98.0,False,False,2025-12-20|Portland Trail Blazers|Sacramento Kings,,,,2025-12-20|Portland Trail Blazers|Sacramento Kings,0.3616053918011955,"[{""p_home_win"": 0.0, ""weight"": 0.25}, {""p_home_win"": 0.3616053918011955, ""weight"": 0.5}, {""p_home_win"": 0.723210783602391, ""weight"": 0.25}]",-3.574863466396806,,elo,"{'home_advantage': 1.5047216221179793, 'scale': 0.04952761850233657, 'error_term': 13.091055469938512, 'win_prob_k': 6.289310723483826}",0.0,-5.0
2025-12-20,Los Angeles Clippers,Los Angeles Lakers,103.0,88.0,False,False,2025-12-20|Los Angeles Lakers|Los Angeles Clippers,,,,2025-12-20|Los Angeles Lakers|Los Angeles Clippers,0.10128643707470818,"[{""p_home_win"": 0.0, ""weight"": 0.25}, {""p_home_win"": 0.10128643707470818, ""weight"": 0.5}, {""p_home_win"": 0.20257287414941635, ""weight"": 0.25}]",-13.729639854525324,,elo,"{'home_advantage': 1.5047216221179793, 'scale': 0.04952761850233657, 'error_term': 13.091055469938512, 'win_prob_k': 6.289310723483826}",1.0,15.0
2025-12-21,Atlanta Hawks,Chicago Bulls,150.0,152.0,False,False,2025-12-21|Chicago Bulls|Atlanta Hawks,,,,2025-12-21|Chicago Bulls|Atlanta Hawks,0.6943489233055502,"[{""p_home_win"": 0.3886978466111004, ""weight"": 0.25}, {""p_home_win"": 0.6943489233055502, ""weight"": 0.5}, {""p_home_win"": 1.0, ""weight"": 0.25}]",5.320441992472894,,elo,"{'home_advantage': 1.5801823095066965, 'scale': 0.052112752350003524, 'error_term': 12.97742751025793, 'win_prob_k': 6.484149546903161}",0.0,-2.0
2025-12-21,Brooklyn Nets,Toronto Raptors,96.0,81.0,False,False,2025-12-21|Toronto Raptors|Brooklyn Nets,,,,2025-12-21|Toronto Raptors|Brooklyn Nets,0.28880972595883353,"[{""p_home_win"": 0.0, ""weight"": 0.25}, {""p_home_win"": 0.28880972595883353, ""weight"": 0.5}, {""p_home_win"": 0.5776194519176671, ""weight"": 0.25}]",-5.843333529764671,,elo,"{'home_advantage': 1.5801823095066965, 'scale': 0.052112752350003524, 'error_term': 12.97742751025793, 'win_prob_k': 6.484149546903161}",1.0,15.0
2025-12-21,New York Knicks,Miami Heat,132.0,125.0,False,False,2025-12-21|Miami Heat|New York Knicks,,,,2025-12-21|Miami Heat|New York Knicks,0.81237593322213,"[{""p_home_win"": 0.62475186644426, ""weight"": 0.25}, {""p_home_win"": 0.81237593322213, ""weight"": 0.5}, {""p_home_win"": 1.0, ""weight"": 0.25}]",9.502669576031913,,elo,"{'home_advantage': 1.5801823095066965, 'scale': 0.052112752350003524, 'error_term': 12.97742751025793, 'win_prob_k': 6.484149546903161}",1.0,7.0
2025-12-21,Minnesota Timberwolves,Milwaukee Bucks,103.0,100.0,False,False,2025-12-21|Milwaukee Bucks|Minnesota Timberwolves,,,,2025-12-21|Milwaukee Bucks|Minnesota Timberwolves,0.837899973086488,"[{""p_home_win"": 0.675799946172976, ""weight"": 0.25}, {""p_home_win"": 0.837899973086488, ""weight"": 0.5}, {""p_home_win"": 1.0, ""weight"": 0.25}]",10.651416072045448,,elo,"{'home_advantage': 1.5801823095066965, 'scale': 0.052112752350003524, 'error_term': 12.97742751025793, 'win_prob_k': 6.484149546903161}",1.0,3.0
2025-12-21,Washington Wizards,San Antonio Spurs,113.0,124.0,False,False,2025-12-21|San Antonio Spurs|Washington Wizards,,,,2025-12-21|San Antonio Spurs|Washington Wizards,0.10994749555136812,"[{""p_home_win"": 0.0, ""weight"": 0.25}, {""p_home_win"": 0.10994749555136812, ""weight"": 0.5}, {""p_home_win"": 0.21989499110273625, ""weight"": 0.25}]",-13.56015615831158,,elo,"{'home_advantage': 1.5801823095066965, 'scale': 0.052112752350003524, 'error_term': 12.97742751025793, 'win_prob_k': 6.484149546903161}",0.0,-11.0
2025-12-21,Sacramento Kings,Houston Rockets,125.0,124.0,False,False,2025-12-21|Houston Rockets|Sacramento Kings,,,,2025-12-21|Houston Rockets|Sacramento Kings,0.14542465981653824,"[{""p_home_win"": 0.0, ""weight"": 0.25}, {""p_home_win"": 0.14542465981653824, ""weight"": 0.5}, {""p_home_win"": 0.2908493196330765, ""weight"": 0.25}]",-11.48308205479466,,elo,"{'home_advantage': 1.5801823095066965, 'scale': 0.052112752350003524, 'error_term': 12.97742751025793, 'win_prob_k': 6.484149546903161}",1.0,1.0
2025-12-22,Cleveland Cavaliers,Charlotte Hornets,139.0,132.0,False,False,2025-12-22|Charlotte Hornets|Cleveland Cavaliers,,,,2025-12-22|Charlotte Hornets|Cleveland Cavaliers,0.6000122953675896,"[{""p_home_win"": 0.2000245907351792, ""weight"": 0.25}, {""p_home_win"": 0.6000122953675896, ""weight"": 0.5}, {""p_home_win"": 1.0, ""weight"": 0.25}]",2.628378760588336,,elo,"{'home_advantage': 1.5886317433784147, 'scale': 0.0515240874251596, 'error_term': 13.011829877193229, 'win_prob_k': 6.481560685379915}",1.0,7.0
2025-12-22,Boston Celtics,Indiana Pacers,103.0,95.0,False,False,2025-12-22|Indiana Pacers|Boston Celtics,,,,2025-12-22|Indiana Pacers|Boston Celtics,0.9113794790996286,"[{""p_home_win"": 0.8227589581992572, ""weight"": 0.25}, {""p_home_win"": 0.9113794790996286, ""weight"": 0.5}, {""p_home_win"": 1.0, ""weight"": 0.25}]",15.105898882823833,,elo,"{'home_advantage': 1.5886317433784147, 'scale': 0.0515240874251596, 'error_term': 13.011829877193229, 'win_prob_k': 6.481560685379915}",1.0,8.0
2025-12-22,New Orleans Pelicans,Dallas Mavericks,119.0,113.0,False,False,2025-12-22|Dallas Mavericks|New Orleans Pelicans,,,,2025-12-22|Dallas Mavericks|New Orleans Pelicans,0.3916026755620121,"[{""p_home_win"": 0.0, ""weight"": 0.25}, {""p_home_win"": 0.3916026755620121, ""weight"": 0.5}, {""p_home_win"": 0.7832053511240242, ""weight"": 0.25}]",-2.855648726784978,,elo,"{'home_advantage': 1.5886317433784147, 'scale': 0.0515240874251596, 'error_term': 13.011829877193229, 'win_prob_k': 6.481560685379915}",1.0,6.0
2025-12-22,Denver Nuggets,Utah Jazz,135.0,112.0,False,False,2025-12-22|Utah Jazz|Denver Nuggets,,,,2025-12-22|Utah Jazz|Denver Nuggets,0.8278117656182701,"[{""p_home_win"": 0.6556235312365402, ""weight"": 0.25}, {""p_home_win"": 0.8278117656182701, ""weight"": 0.5}, {""p_home_win"": 1.0, ""weight"": 0.25}]",10.177330565640094,,elo,"{'home_advantage': 1.5886317433784147, 'scale': 0.0515240874251596, 'error_term': 13.011829877193229, 'win_prob_k': 6.481560685379915}",1.0,23.0
2025-12-22,Oklahoma City Thunder,Memphis Grizzlies,119.0,103.0,False,False,2025-12-22|Memphis Grizzlies|Oklahoma City Thunder,,,,2025-12-22|Memphis Grizzlies|Oklahoma City Thunder,0.8850940999183672,"[{""p_home_win"": 0.7701881998367344, ""weight"": 0.25}, {""p_home_win"": 0.8850940999183672, ""weight"": 0.5}, {""p_home_win"": 1.0, ""weight"": 0.25}]",13.232627475117088,,elo,"{'home_advantage': 1.5886317433784147, 'scale': 0.0515240874251596, 'error_term': 13.011829877193229, 'win_prob_k': 6.481560685379915}",1.0,16.0
2025-12-22,Golden State Warriors,Orlando Magic,120.0,97.0,False,False,2025-12-22|Orlando Magic|Golden State Warriors,,,,2025-12-22|Orlando Magic|Golden State Warriors,0.371493871257812,"[{""p_home_win"": 0.0, ""weight"": 0.25}, {""p_home_win"": 0.371493871257812, ""weight"": 0.5}, {""p_home_win"": 0.742987742515624, ""weight"": 0.25}]",-3.408091543134972,,elo,"{'home_advantage': 1.5886317433784147, 'scale': 0.0515240874251596, 'error_term': 13.011829877193229, 'win_prob_k': 6.481560685379915}",1.0,23.0
2025-12-22,Portland Trail Blazers,Detroit Pistons,102.0,110.0,False,False,2025-12-22|Detroit Pistons|Portland Trail Blazers,,,,2025-12-22|Detroit Pistons|Portland Trail Blazers,0.22374623949116987,"[{""p_home_win"": 0.0, ""weight"": 0.25}, {""p_home_win"": 0.22374623949116987, ""weight"": 0.5}, {""p_home_win"": 0.44749247898233974, ""weight"": 0.25}]",-8.06284713068752,,elo,"{'home_advantage': 1.5886317433784147, 'scale': 0.0515240874251596, 'error_term': 13.011829877193229, 'win_prob_k': 6.481560685379915}",0.0,-8.0
2025-12-23,Charlotte Hornets,Washington Wizards,126.0,109.0,False,False,2025-12-23|Washington Wizards|Charlotte Hornets,,,,2025-12-23|Washington Wizards|Charlotte Hornets,0.6660342174924703,"[{""p_home_win"": 0.33206843498494054, ""weight"": 0.25}, {""p_home_win"": 0.6660342174924703, ""weight"": 0.5}, {""p_home_win"": 1.0, ""weight"": 0.25}]",4.4252913234374205,,elo,"{'home_advantage': 1.6910150347860309, 'scale': 0.05082545514650497, 'error_term': 12.942310295463777, 'win_prob_k': 6.410655155596844}",1.0,17.0
2025-12-23,Philadelphia 76ers,Brooklyn Nets,106.0,114.0,False,False,2025-12-23|Brooklyn Nets|Philadelphia 76ers,,,,2025-12-23|Brooklyn Nets|Philadelphia 76ers,0.814385373926712,"[{""p_home_win"": 0.6287707478534239, ""weight"": 0.25}, {""p_home_win"": 0.814385373926712, ""weight"": 0.5}, {""p_home_win"": 1.0, ""weight"": 0.25}]",9.47982724389073,,elo,"{'home_advantage': 1.6910150347860309, 'scale': 0.05082545514650497, 'error_term': 12.942310295463777, 'win_prob_k': 6.410655155596844}",0.0,-8.0
2025-12-23,Atlanta Hawks,Chicago Bulls,123.0,126.0,False,False,2025-12-23|Chicago Bulls|Atlanta Hawks,,,,2025-12-23|Chicago Bulls|Atlanta Hawks,0.6108975887704028,"[{""p_home_win"": 0.22179517754080558, ""weight"": 0.25}, {""p_home_win"": 0.6108975887704028, ""weight"": 0.5}, {""p_home_win"": 1.0, ""weight"": 0.25}]",2.891761636203867,,elo,"{'home_advantage': 1.6910150347860309, 'scale': 0.05082545514650497, 'error_term': 12.942310295463777, 'win_prob_k': 6.410655155596844}",0.0,-3.0
2025-12-23,Cleveland Cavaliers,New Orleans Pelicans,141.0,118.0,False,False,2025-12-23|New Orleans Pelicans|Cleveland Cavaliers,,,,2025-12-23|New Orleans Pelicans|Cleveland Cavaliers,0.6401644076725483,"[{""p_home_win"": 0.2803288153450967, ""weight"": 0.25}, {""p_home_win"": 0.6401644076725483, ""weight"": 0.5}, {""p_home_win"": 1.0, ""weight"": 0.25}]",3.693036062149856,,elo,"{'home_advantage': 1.6910150347860309, 'scale': 0.05082545514650497, 'error_term': 12.942310295463777, 'win_prob_k': 6.410655155596844}",1.0,23.0
2025-12-23,Indiana Pacers,Milwaukee Bucks,94.0,111.0,False,False,2025-12-23|Milwaukee Bucks|Indiana Pacers,,,,2025-12-23|Milwaukee Bucks|Indiana Pacers,0.4306077148419346,"[{""p_home_win"": 0.0, ""weight"": 0.25}, {""p_home_win"": 0.4306077148419346, ""weight"": 0.5}, {""p_home_win"": 0.8612154296838692, ""weight"": 0.25}]",-1.7909583497218133,,elo,"{'home_advantage': 1.6910150347860309, 'scale': 0.05082545514650497, 'error_term': 12.942310295463777, 'win_prob_k': 6.410655155596844}",0.0,-17.0
2025-12-23,Miami Heat,Toronto Raptors,91.0,112.0,False,False,2025-12-23|Toronto Raptors|Miami Heat,,,,2025-12-23|Toronto Raptors|Miami Heat,0.529282739024161,"[{""p_home_win"": 0.05856547804832202, ""weight"": 0.25}, {""p_home_win"": 0.529282739024161, ""weight"": 0.5}, {""p_home_win"": 1.0, ""weight"": 0.25}]",0.7517464306183482,,elo,"{'home_advantage': 1.6910150347860309, 'scale': 0.05082545514650497, 'error_term': 12.942310295463777, 'win_prob_k': 6.410655155596844}",0.0,-21.0
2025-12-23,Dallas Mavericks,Denver Nuggets,131.0,130.0,False,False,2025-12-23|Denver Nuggets|Dallas Mavericks,,,,2025-12-23|Denver Nuggets|Dallas Mavericks,0.23287247258917715,"[{""p_home_win"": 0.0, ""weight"": 0.25}, {""p_home_win"": 0.23287247258917715, ""weight"": 0.5}, {""p_home_win"": 0.4657449451783543, ""weight"": 0.25}]",-7.642539981724124,,elo,"{'home_advantage': 1.6910150347860309, 'scale': 0.05082545514650497, 'error_term': 12.942310295463777, 'win_prob_k': 6.410655155596844}",1.0,1.0
2025-12-23,Minnesota Timberwolves,New York Knicks,115.0,104.0,False,False,2025-12-23|New York Knicks|Minnesota Timberwolves,,,,2025-12-23|New York Knicks|Minnesota Timberwolves,0.4502152141003808,"[{""p_home_win"": 0.0, ""weight"": 0.25}, {""p_home_win"": 0.4502152141003808, ""weight"": 0.5}, {""p_home_win"": 0.9004304282007616, ""weight"": 0.25}]",-1.2808564729376204,,elo,"{'home_advantage': 1.6910150347860309, 'scale': 0.05082545514650497, 'error_term': 12.942310295463777, 'win_prob_k': 6.410655155596844}",1.0,11.0
2025-12-23,San Antonio Spurs,Oklahoma City Thunder,130.0,110.0,False,False,2025-12-23|Oklahoma City Thunder|San Antonio Spurs,,,,2025-12-23|Oklahoma City Thunder|San Antonio Spurs,0.4393632926647777,"[{""p_home_win"": 0.0, ""weight"": 0.25}, {""p_home_win"": 0.4393632926647777, ""weight"": 0.5}, {""p_home_win"": 0.8787265853295554, ""weight"": 0.25}]",-1.5625747470304099,,elo,"{'home_advantage': 1.6910150347860309, 'scale': 0.05082545514650497, 'error_term': 12.942310295463777, 'win_prob_k': 6.410655155596844}",1.0,20.0
2025-12-23,Phoenix Suns,Los Angeles Lakers,132.0,108.0,False,False,2025-12-23|Los Angeles Lakers|Phoenix Suns,,,,2025-12-23|Los Angeles Lakers|Phoenix Suns,0.44208461703506463,"[{""p_home_win"": 0.0, ""weight"": 0.25}, {""p_home_win"": 0.44208461703506463, ""weight"": 0.5}, {""p_home_win"": 0.8841692340701293, ""weight"": 0.25}]",-1.4917979342758703,,elo,"{'home_advantage': 1.6910150347860309, 'scale': 0.05082545514650497, 'error_term': 12.942310295463777, 'win_prob_k': 6.410655155596844}",1.0,24.0
2025-12-23,Utah Jazz,Memphis Grizzlies,128.0,137.0,False,False,2025-12-23|Memphis Grizzlies|Utah Jazz,,,,2025-12-23|Memphis Grizzlies|Utah Jazz,0.5252900517371555,"[{""p_home_win"": 0.05058010347431097, ""weight"": 0.25}, {""p_home_win"": 0.5252900517371555, ""weight"": 0.5}, {""p_home_win"": 1.0, ""weight"": 0.25}]",0.6490570847248012,,elo,"{'home_advantage': 1.6910150347860309, 'scale': 0.05082545514650497, 'error_term': 12.942310295463777, 'win_prob_k': 6.410655155596844}",0.0,-9.0
2025-12-23,Portland Trail Blazers,Orlando Magic,106.0,110.0,False,False,2025-12-23|Orlando Magic|Portland Trail Blazers,,,,2025-12-23|Orlando Magic|Portland Trail Blazers,0.38040702070648935,"[{""p_home_win"": 0.0, ""weight"": 0.25}, {""p_home_win"": 0.38040702070648935, ""weight"": 0.5}, {""p_home_win"": 0.7608140414129787, ""weight"": 0.25}]",-3.127252149880423,,elo,"{'home_advantage': 1.6910150347860309, 'scale': 0.05082545514650497, 'error_term': 12.942310295463777, 'win_prob_k': 6.410655155596844}",0.0,-4.0
2025-12-23,Sacramento Kings,Detroit Pistons,127.0,136.0,False,False,2025-12-23|Detroit Pistons|Sacramento Kings,,,,2025-12-23|Detroit Pistons|Sacramento Kings,0.11060480880131138,"[{""p_home_win"": 0.0, ""weight"": 0.25}, {""p_home_win"": 0.11060480880131138, ""weight"": 0.5}, {""p_home_win"": 0.22120961760262275, ""weight"": 0.25}]",-13.363511369076038,,elo,"{'home_advantage': 1.6910150347860309, 'scale': 0.05082545514650497, 'error_term': 12.942310295463777, 'win_prob_k': 6.410655155596844}",0.0,-9.0
2025-12-23,Los Angeles Clippers,Houston Rockets,128.0,108.0,False,False,2025-12-23|Houston Rockets|Los Angeles Clippers,,,,2025-12-23|Houston Rockets|Los Angeles Clippers,0.22445042594824857,"[{""p_home_win"": 0.0, ""weight"": 0.25}, {""p_home_win"": 0.22445042594824857, ""weight"": 0.5}, {""p_home_win"": 0.44890085189649714, ""weight"": 0.25}]",-7.94868058345967,,elo,"{'home_advantage': 1.6910150347860309, 'scale': 0.05082545514650497, 'error_term': 12.942310295463777, 'win_prob_k': 6.410655155596844}",1.0,20.0
2025-12-25,New York Knicks,Cleveland Cavaliers,126.0,124.0,False,False,2025-12-25|Cleveland Cavaliers|New York Knicks,,,,2025-12-25|Cleveland Cavaliers|New York Knicks,0.815702609378998,"[{""p_home_win"": 0.6314052187579959, ""weight"": 0.25}, {""p_home_win"": 0.815702609378998, ""weight"": 0.5}, {""p_home_win"": 1.0, ""weight"": 0.25}]",9.653833905914112,,elo,"{'home_advantage': 1.7972583211371669, 'scale': 0.0504052842858004, 'error_term': 13.093051536732105, 'win_prob_k': 6.489976156480187}",1.0,2.0
2025-12-25,Oklahoma City Thunder,San Antonio Spurs,102.0,117.0,False,False,2025-12-25|San Antonio Spurs|Oklahoma City Thunder,,,,2025-12-25|San Antonio Spurs|Oklahoma City Thunder,0.600330606506755,"[{""p_home_win"": 0.20066121301350992, ""weight"": 0.25}, {""p_home_win"": 0.600330606506755, ""weight"": 0.5}, {""p_home_win"": 1.0, ""weight"": 0.25}]",2.640400235124532,,elo,"{'home_advantage': 1.7972583211371669, 'scale': 0.0504052842858004, 'error_term': 13.093051536732105, 'win_prob_k': 6.489976156480187}",0.0,-15.0
2025-12-25,Golden State Warriors,Dallas Mavericks,126.0,116.0,False,False,2025-12-25|Dallas Mavericks|Golden State Warriors,,,,2025-12-25|Dallas Mavericks|Golden State Warriors,0.6043599790261046,"[{""p_home_win"": 0.20871995805220922, ""weight"": 0.25}, {""p_home_win"": 0.6043599790261046, ""weight"": 0.5}, {""p_home_win"": 1.0, ""weight"": 0.25}]",2.749577385646598,,elo,"{'home_advantage': 1.7972583211371669, 'scale': 0.0504052842858004, 'error_term': 13.093051536732105, 'win_prob_k': 6.489976156480187}",1.0,10.0
2025-12-25,Los Angeles Lakers,Houston Rockets,96.0,119.0,False,False,2025-12-25|Houston Rockets|Los Angeles Lakers,,,,2025-12-25|Houston Rockets|Los Angeles Lakers,0.6707260094711051,"[{""p_home_win"": 0.3414520189422101, ""weight"": 0.25}, {""p_home_win"": 0.6707260094711051, ""weight"": 0.5}, {""p_home_win"": 1.0, ""weight"": 0.25}]",4.617426709554795,,elo,"{'home_advantage': 1.7972583211371669, 'scale': 0.0504052842858004, 'error_term': 13.093051536732105, 'win_prob_k': 6.489976156480187}",0.0,-23.0
2025-12-25,Denver Nuggets,Minnesota Timberwolves,142.0,138.0,False,False,2025-12-25|Minnesota Timberwolves|Denver Nuggets,,,,2025-12-25|Minnesota Timberwolves|Denver Nuggets,0.5482694000454954,"[{""p_home_win"": 0.0965388000909908, ""weight"": 0.25}, {""p_home_win"": 0.5482694000454954, ""weight"": 0.5}, {""p_home_win"": 1.0, ""weight"": 0.25}]",1.2569836943269361,,elo,"{'home_advantage': 1.7972583211371669, 'scale': 0.0504052842858004, 'error_term': 13.093051536732105, 'win_prob_k': 6.489976156480187}",1.0,4.0
2025-12-26,Atlanta Hawks,Miami Heat,111.0,126.0,False,False,2025-12-26|Miami Heat|Atlanta Hawks,,,,2025-12-26|Miami Heat|Atlanta Hawks,0.5269069417693559,"[{""p_home_win"": 0.05381388353871186, ""weight"": 0.25}, {""p_home_win"": 0.5269069417693559, ""weight"": 0.5}, {""p_home_win"": 1.0, ""weight"": 0.25}]",0.7003114192404658,,elo,"{'home_advantage': 1.7467281096154081, 'scale': 0.05047331060770406, 'error_term': 13.066342697532214, 'win_prob_k': 6.500505369816285}",0.0,-15.0
2025-12-26,Indiana Pacers,Boston Celtics,122.0,140.0,False,False,2025-12-26|Boston Celtics|Indiana Pacers,,,,2025-12-26|Boston Celtics|Indiana Pacers,0.1186017441542933,"[{""p_home_win"": 0.0, ""weight"": 0.25}, {""p_home_win"": 0.1186017441542933, ""weight"": 0.5}, {""p_home_win"": 0.2372034883085866, ""weight"": 0.25}]",-13.03831311557641,,elo,"{'home_advantage': 1.7467281096154081, 'scale': 0.05047331060770406, 'error_term': 13.066342697532214, 'win_prob_k': 6.500505369816285}",0.0,-18.0
2025-12-26,Orlando Magic,Charlotte Hornets,105.0,120.0,False,False,2025-12-26|Charlotte Hornets|Orlando Magic,,,,2025-12-26|Charlotte Hornets|Orlando Magic,0.8042866574467911,"[{""p_home_win"": 0.6085733148935821, ""weight"": 0.25}, {""p_home_win"": 0.8042866574467911, ""weight"": 0.5}, {""p_home_win"": 1.0, ""weight"": 0.25}]",9.187194752942275,,elo,"{'home_advantage': 1.7467281096154081, 'scale': 0.05047331060770406, 'error_term': 13.066342697532214, 'win_prob_k': 6.500505369816285}",0.0,-15.0
2025-12-26,Washington Wizards,Toronto Raptors,138.0,117.0,False,False,2025-12-26|Toronto Raptors|Washington Wizards,,,,2025-12-26|Toronto Raptors|Washington Wizards,0.23392981291212178,"[{""p_home_win"": 0.0, ""weight"": 0.25}, {""p_home_win"": 0.23392981291212178, ""weight"": 0.5}, {""p_home_win"": 0.46785962582424356, ""weight"": 0.25}]",-7.711241838616577,,elo,"{'home_advantage': 1.7467281096154081, 'scale': 0.05047331060770406, 'error_term': 13.066342697532214, 'win_prob_k': 6.500505369816285}",1.0,21.0
2025-12-26,Chicago Bulls,Philadelphia 76ers,109.0,102.0,False,False,2025-12-26|Philadelphia 76ers|Chicago Bulls,,,,2025-12-26|Philadelphia 76ers|Chicago Bulls,0.4182512396488924,"[{""p_home_win"": 0.0, ""weight"": 0.25}, {""p_home_win"": 0.4182512396488924, ""weight"": 0.5}, {""p_home_win"": 0.8365024792977848, ""weight"": 0.25}]",-2.144883138913034,,elo,"{'home_advantage': 1.7467281096154081, 'scale': 0.05047331060770406, 'error_term': 13.066342697532214, 'win_prob_k': 6.500505369816285}",1.0,7.0
2025-12-26,Memphis Grizzlies,Milwaukee Bucks,125.0,104.0,False,False,2025-12-26|Milwaukee Bucks|Memphis Grizzlies,,,,2025-12-26|Milwaukee Bucks|Memphis Grizzlies,0.6962398370261584,"[{""p_home_win"": 0.3924796740523169, ""weight"": 0.25}, {""p_home_win"": 0.6962398370261584, ""weight"": 0.5}, {""p_home_win"": 1.0, ""weight"": 0.25}]",5.391881504629384,,elo,"{'home_advantage': 1.7467281096154081, 'scale': 0.05047331060770406, 'error_term': 13.066342697532214, 'win_prob_k': 6.500505369816285}",1.0,21.0
2025-12-26,New Orleans Pelicans,Phoenix Suns,108.0,115.0,False,False,2025-12-26|Phoenix Suns|New Orleans Pelicans,,,,2025-12-26|Phoenix Suns|New Orleans Pelicans,0.2710247074192762,"[{""p_home_win"": 0.0, ""weight"": 0.25}, {""p_home_win"": 0.2710247074192762, ""weight"": 0.5}, {""p_home_win"": 0.5420494148385524, ""weight"": 0.25}]",-6.431794060873776,,elo,"{'home_advantage': 1.7467281096154081, 'scale': 0.05047331060770406, 'error_term': 13.066342697532214, 'win_prob_k': 6.500505369816285}",0.0,-7.0
2025-12-26,Utah Jazz,Detroit Pistons,131.0,129.0,False,False,2025-12-26|Detroit Pistons|Utah Jazz,,,,2025-12-26|Detroit Pistons|Utah Jazz,0.17125055494489203,"[{""p_home_win"": 0.0, ""weight"": 0.25}, {""p_home_win"": 0.17125055494489203, ""weight"": 0.5}, {""p_home_win"": 0.34250110988978405, ""weight"": 0.25}]",-10.24993286439781,,elo,"{'home_advantage': 1.7467281096154081, 'scale': 0.05047331060770406, 'error_term': 13.066342697532214, 'win_prob_k': 6.500505369816285}",1.0,2.0
2025-12-26,Portland Trail Blazers,Los Angeles Clippers,103.0,119.0,False,False,2025-12-26|Los Angeles Clippers|Portland Trail Blazers,,,,2025-12-26|Los Angeles Clippers|Portland Trail Blazers,0.6544642452737228,"[{""p_home_win"": 0.30892849054744564, ""weight"": 0.25}, {""p_home_win"": 0.6544642452737228, ""weight"": 0.5}, {""p_home_win"": 1.0, ""weight"": 0.25}]",4.152008185408778,,elo,"{'home_advantage': 1.7467281096154081, 'scale': 0.05047331060770406, 'error_term': 13.066342697532214, 'win_prob_k': 6.500505369816285}",0.0,-16.0
2025-12-27,Sacramento Kings,Dallas Mavericks,113.0,107.0,False,False,2025-12-27|Dallas Mavericks|Sacramento Kings,,,,2025-12-27|Dallas Mavericks|Sacramento Kings,0.36698113845557356,"[{""p_home_win"": 0.0, ""weight"": 0.25}, {""p_home_win"": 0.36698113845557356, ""weight"": 0.5}, {""p_home_win"": 0.7339622769111471, ""weight"": 0.25}]",-3.6181869010569603,,elo,"{'home_advantage': 1.7652483065448914, 'scale': 0.050967084403043976, 'error_term': 13.180281221980692, 'win_prob_k': 6.6365642340276345}",1.0,6.0
2025-12-27,New Orleans Pelicans,Phoenix Suns,114.0,123.0,False,False,2025-12-27|Phoenix Suns|New Orleans Pelicans,,,,2025-12-27|Phoenix Suns|New Orleans Pelicans,0.2401440505526371,"[{""p_home_win"": 0.0, ""weight"": 0.25}, {""p_home_win"": 0.2401440505526371, ""weight"": 0.5}, {""p_home_win"": 0.4802881011052742, ""weight"": 0.25}]",-7.644591452512475,,elo,"{'home_advantage': 1.7652483065448914, 'scale': 0.050967084403043976, 'error_term': 13.180281221980692, 'win_prob_k': 6.6365642340276345}",0.0,-9.0
2025-12-27,Orlando Magic,Denver Nuggets,127.0,126.0,False,False,2025-12-27|Denver Nuggets|Orlando Magic,,,,2025-12-27|Denver Nuggets|Orlando Magic,0.38935538886406873,"[{""p_home_win"": 0.0, ""weight"": 0.25}, {""p_home_win"": 0.38935538886406873, ""weight"": 0.5}, {""p_home_win"": 0.7787107777281375, ""weight"": 0.25}]",-2.9866039990641253,,elo,"{'home_advantage': 1.7652483065448914, 'scale': 0.050967084403043976, 'error_term': 13.180281221980692, 'win_prob_k': 6.6365642340276345}",1.0,1.0
2025-12-27,Atlanta Hawks,New York Knicks,125.0,128.0,False,False,2025-12-27|New York Knicks|Atlanta Hawks,,,,2025-12-27|New York Knicks|Atlanta Hawks,0.19137074332162046,"[{""p_home_win"": 0.0, ""weight"": 0.25}, {""p_home_win"": 0.19137074332162046, ""weight"": 0.5}, {""p_home_win"": 0.3827414866432409, ""weight"": 0.25}]",-9.56413805910018,,elo,"{'home_advantage': 1.7652483065448914, 'scale': 0.050967084403043976, 'error_term': 13.180281221980692, 'win_prob_k': 6.6365642340276345}",0.0,-3.0
2025-12-27,Chicago Bulls,Milwaukee Bucks,103.0,112.0,False,False,2025-12-27|Milwaukee Bucks|Chicago Bulls,,,,2025-12-27|Milwaukee Bucks|Chicago Bulls,0.710145607097411,"[{""p_home_win"": 0.42029121419482207, ""weight"": 0.25}, {""p_home_win"": 0.710145607097411, ""weight"": 0.5}, {""p_home_win"": 1.0, ""weight"": 0.25}]",5.946967644408544,,elo,"{'home_advantage': 1.7652483065448914, 'scale': 0.050967084403043976, 'error_term': 13.180281221980692, 'win_prob_k': 6.6365642340276345}",0.0,-9.0
2025-12-27,Houston Rockets,Cleveland Cavaliers,117.0,100.0,False,False,2025-12-27|Cleveland Cavaliers|Houston Rockets,,,,2025-12-27|Cleveland Cavaliers|Houston Rockets,0.7092475439292889,"[{""p_home_win"": 0.4184950878585778, ""weight"": 0.25}, {""p_home_win"": 0.7092475439292889, ""weight"": 0.5}, {""p_home_win"": 1.0, ""weight"": 0.25}]",5.918039166635949,,elo,"{'home_advantage': 1.7652483065448914, 'scale': 0.050967084403043976, 'error_term': 13.180281221980692, 'win_prob_k': 6.6365642340276345}",1.0,17.0
2025-12-27,Miami Heat,Indiana Pacers,142.0,116.0,False,False,2025-12-27|Indiana Pacers|Miami Heat,,,,2025-12-27|Indiana Pacers|Miami Heat,0.8271278438641619,"[{""p_home_win"": 0.6542556877283239, ""weight"": 0.25}, {""p_home_win"": 0.8271278438641619, ""weight"": 0.5}, {""p_home_win"": 1.0, ""weight"": 0.25}]",10.388923650875945,,elo,"{'home_advantage': 1.7652483065448914, 'scale': 0.050967084403043976, 'error_term': 13.180281221980692, 'win_prob_k': 6.6365642340276345}",1.0,26.0
2025-12-27,Minnesota Timberwolves,Brooklyn Nets,107.0,123.0,False,False,2025-12-27|Brooklyn Nets|Minnesota Timberwolves,,,,2025-12-27|Brooklyn Nets|Minnesota Timberwolves,0.81672911247742,"[{""p_home_win"": 0.6334582249548399, ""weight"": 0.25}, {""p_home_win"": 0.81672911247742, ""weight"": 0.5}, {""p_home_win"": 1.0, ""weight"": 0.25}]",9.917297720391904,,elo,"{'home_advantage': 1.7652483065448914, 'scale': 0.050967084403043976, 'error_term': 13.180281221980692, 'win_prob_k': 6.6365642340276345}",0.0,-16.0
2025-12-27,San Antonio Spurs,Utah Jazz,114.0,127.0,False,False,2025-12-27|Utah Jazz|San Antonio Spurs,,,,2025-12-27|Utah Jazz|San Antonio Spurs,0.8850447731100268,"[{""p_home_win"": 0.7700895462200537, ""weight"": 0.25}, {""p_home_win"": 0.8850447731100268, ""weight"": 0.5}, {""p_home_win"": 1.0, ""weight"": 0.25}]",13.545861484126846,,elo,"{'home_advantage': 1.7652483065448914, 'scale': 0.050967084403043976, 'error_term': 13.180281221980692, 'win_prob_k': 6.6365642340276345}",0.0,-13.0
2025-12-28,Oklahoma City Thunder,Philadelphia 76ers,129.0,104.0,False,False,2025-12-28|Philadelphia 76ers|Oklahoma City Thunder,,,,2025-12-28|Philadelphia 76ers|Oklahoma City Thunder,0.8139833615591568,"[{""p_home_win"": 0.6279667231183137, ""weight"": 0.25}, {""p_home_win"": 0.8139833615591568, ""weight"": 0.5}, {""p_home_win"": 1.0, ""weight"": 0.25}]",9.896629525538795,,elo,"{'home_advantage': 1.7256338092455616, 'scale': 0.05191559396976543, 'error_term': 13.21422142168105, 'win_prob_k': 6.704562046235937}",1.0,25.0
2025-12-28,Toronto Raptors,Golden State Warriors,141.0,127.0,False,False,2025-12-28|Golden State Warriors|Toronto Raptors,,,,2025-12-28|Golden State Warriors|Toronto Raptors,0.49528412447374276,"[{""p_home_win"": 0.0, ""weight"": 0.25}, {""p_home_win"": 0.49528412447374276, ""weight"": 0.5}, {""p_home_win"": 0.9905682489474855, ""weight"": 0.25}]",-0.12647527068744346,,elo,"{'home_advantage': 1.7256338092455616, 'scale': 0.05191559396976543, 'error_term': 13.21422142168105, 'win_prob_k': 6.704562046235937}",1.0,14.0
2025-12-28,Portland Trail Blazers,Boston Celtics,114.0,108.0,False,False,2025-12-28|Boston Celtics|Portland Trail Blazers,,,,2025-12-28|Boston Celtics|Portland Trail Blazers,0.21843024409049316,"[{""p_home_win"": 0.0, ""weight"": 0.25}, {""p_home_win"": 0.21843024409049316, ""weight"": 0.5}, {""p_home_win"": 0.43686048818098633, ""weight"": 0.25}]",-8.547228393686895,,elo,"{'home_advantage': 1.7256338092455616, 'scale': 0.05191559396976543, 'error_term': 13.21422142168105, 'win_prob_k': 6.704562046235937}",1.0,6.0
2025-12-28,Washington Wizards,Memphis Grizzlies,116.0,112.0,False,False,2025-12-28|Memphis Grizzlies|Washington Wizards,,,,2025-12-28|Memphis Grizzlies|Washington Wizards,0.2947906953141951,"[{""p_home_win"": 0.0, ""weight"": 0.25}, {""p_home_win"": 0.2947906953141951, ""weight"": 0.5}, {""p_home_win"": 0.5895813906283902, ""weight"": 0.25}]",-5.847913768959058,,elo,"{'home_advantage': 1.7256338092455616, 'scale': 0.05191559396976543, 'error_term': 13.21422142168105, 'win_prob_k': 6.704562046235937}",1.0,4.0
2025-12-28,Los Angeles Clippers,Detroit Pistons,112.0,99.0,False,False,2025-12-28|Detroit Pistons|Los Angeles Clippers,,,,2025-12-28|Detroit Pistons|Los Angeles Clippers,0.188812809070148,"[{""p_home_win"": 0.0, ""weight"": 0.25}, {""p_home_win"": 0.188812809070148, ""weight"": 0.5}, {""p_home_win"": 0.377625618140296, ""weight"": 0.25}]",-9.773526690535888,,elo,"{'home_advantage': 1.7256338092455616, 'scale': 0.05191559396976543, 'error_term': 13.21422142168105, 'win_prob_k': 6.704562046235937}",1.0,13.0
2025-12-28,Los Angeles Lakers,Sacramento Kings,125.0,101.0,False,False,2025-12-28|Sacramento Kings|Los Angeles Lakers,,,,2025-12-28|Sacramento Kings|Los Angeles Lakers,0.8272355045344881,"[{""p_home_win"": 0.6544710090689763, ""weight"": 0.25}, {""p_home_win"": 0.8272355045344881, ""weight"": 0.5}, {""p_home_win"": 1.0, ""weight"": 0.25}]",10.50041726290068,,elo,"{'home_advantage': 1.7256338092455616, 'scale': 0.05191559396976543, 'error_term': 13.21422142168105, 'win_prob_k': 6.704562046235937}",1.0,24.0
2025-12-29,Charlotte Hornets,Milwaukee Bucks,113.0,123.0,False,False,2025-12-29|Milwaukee Bucks|Charlotte Hornets,,,,2025-12-29|Milwaukee Bucks|Charlotte Hornets,0.6080875774094417,"[{""p_home_win"": 0.2161751548188835, ""weight"": 0.25}, {""p_home_win"": 0.6080875774094417, ""weight"": 0.5}, {""p_home_win"": 1.0, ""weight"": 0.25}]",2.9628069272208357,,elo,"{'home_advantage': 1.924873976019283, 'scale': 0.05373080814779707, 'error_term': 13.234231940128117, 'win_prob_k': 6.744681035602612}",0.0,-10.0
2025-12-29,Washington Wizards,Phoenix Suns,101.0,115.0,False,False,2025-12-29|Phoenix Suns|Washington Wizards,,,,2025-12-29|Phoenix Suns|Washington Wizards,0.21650991117862625,"[{""p_home_win"": 0.0, ""weight"": 0.25}, {""p_home_win"": 0.21650991117862625, ""weight"": 0.5}, {""p_home_win"": 0.4330198223572525, ""weight"": 0.25}]",-8.67448324512815,,elo,"{'home_advantage': 1.924873976019283, 'scale': 0.05373080814779707, 'error_term': 13.234231940128117, 'win_prob_k': 6.744681035602612}",0.0,-14.0
2025-12-29,Brooklyn Nets,Golden State Warriors,107.0,120.0,False,False,2025-12-29|Golden State Warriors|Brooklyn Nets,,,,2025-12-29|Golden State Warriors|Brooklyn Nets,0.5061627371931912,"[{""p_home_win"": 0.012325474386382318, ""weight"": 0.25}, {""p_home_win"": 0.5061627371931912, ""weight"": 0.5}, {""p_home_win"": 1.0, ""weight"": 0.25}]",0.16627120686372043,,elo,"{'home_advantage': 1.924873976019283, 'scale': 0.05373080814779707, 'error_term': 13.234231940128117, 'win_prob_k': 6.744681035602612}",0.0,-13.0
2025-12-29,Miami Heat,Denver Nuggets,147.0,123.0,False,False,2025-12-29|Denver Nuggets|Miami Heat,,,,2025-12-29|Denver Nuggets|Miami Heat,0.3487054493600508,"[{""p_home_win"": 0.0, ""weight"": 0.25}, {""p_home_win"": 0.3487054493600508, ""weight"": 0.5}, {""p_home_win"": 0.6974108987201016, ""weight"": 0.25}]",-4.2136343774279945,,elo,"{'home_advantage': 1.924873976019283, 'scale': 0.05373080814779707, 'error_term': 13.234231940128117, 'win_prob_k': 6.744681035602612}",1.0,24.0
2025-12-29,Toronto Raptors,Orlando Magic,107.0,106.0,False,False,2025-12-29|Orlando Magic|Toronto Raptors,,,,2025-12-29|Orlando Magic|Toronto Raptors,0.46641071546520796,"[{""p_home_win"": 0.0, ""weight"": 0.25}, {""p_home_win"": 0.46641071546520796, ""weight"": 0.5}, {""p_home_win"": 0.9328214309304159, ""weight"": 0.25}]",-0.907562953682616,,elo,"{'home_advantage': 1.924873976019283, 'scale': 0.05373080814779707, 'error_term': 13.234231940128117, 'win_prob_k': 6.744681035602612}",1.0,1.0
2025-12-29,Chicago Bulls,Minnesota Timberwolves,101.0,136.0,False,False,2025-12-29|Minnesota Timberwolves|Chicago Bulls,,,,2025-12-29|Minnesota Timberwolves|Chicago Bulls,0.352692791020689,"[{""p_home_win"": 0.0, ""weight"": 0.25}, {""p_home_win"": 0.352692791020689, ""weight"": 0.5}, {""p_home_win"": 0.705385582041378, ""weight"": 0.25}]",-4.09552953209257,,elo,"{'home_advantage': 1.924873976019283, 'scale': 0.05373080814779707, 'error_term': 13.234231940128117, 'win_prob_k': 6.744681035602612}",0.0,-35.0
2025-12-29,Houston Rockets,Indiana Pacers,126.0,119.0,False,False,2025-12-29|Indiana Pacers|Houston Rockets,,,,2025-12-29|Indiana Pacers|Houston Rockets,0.9146761053550307,"[{""p_home_win"": 0.8293522107100615, ""weight"": 0.25}, {""p_home_win"": 0.9146761053550307, ""weight"": 0.5}, {""p_home_win"": 1.0, ""weight"": 0.25}]",15.999162287667028,,elo,"{'home_advantage': 1.924873976019283, 'scale': 0.05373080814779707, 'error_term': 13.234231940128117, 'win_prob_k': 6.744681035602612}",1.0,7.0
2025-12-29,New Orleans Pelicans,New York Knicks,125.0,130.0,False,False,2025-12-29|New York Knicks|New Orleans Pelicans,,,,2025-12-29|New York Knicks|New Orleans Pelicans,0.13167491127606273,"[{""p_home_win"": 0.0, ""weight"": 0.25}, {""p_home_win"": 0.13167491127606273, ""weight"": 0.5}, {""p_home_win"": 0.26334982255212547, ""weight"": 0.25}]",-12.72202024371656,,elo,"{'home_advantage': 1.924873976019283, 'scale': 0.05373080814779707, 'error_term': 13.234231940128117, 'win_prob_k': 6.744681035602612}",0.0,-5.0
2025-12-29,Oklahoma City Thunder,Atlanta Hawks,140.0,129.0,False,False,2025-12-29|Atlanta Hawks|Oklahoma City Thunder,,,,2025-12-29|Atlanta Hawks|Oklahoma City Thunder,0.9185129146783897,"[{""p_home_win"": 0.8370258293567794, ""weight"": 0.25}, {""p_home_win"": 0.9185129146783897, ""weight"": 0.5}, {""p_home_win"": 1.0, ""weight"": 0.25}]",16.337717895424042,,elo,"{'home_advantage': 1.924873976019283, 'scale': 0.05373080814779707, 'error_term': 13.234231940128117, 'win_prob_k': 6.744681035602612}",1.0,11.0
2025-12-29,San Antonio Spurs,Cleveland Cavaliers,101.0,113.0,False,False,2025-12-29|Cleveland Cavaliers|San Antonio Spurs,,,,2025-12-29|Cleveland Cavaliers|San Antonio Spurs,0.8795339858718123,"[{""p_home_win"": 0.7590679717436246, ""weight"": 0.25}, {""p_home_win"": 0.8795339858718123, ""weight"": 0.5}, {""p_home_win"": 1.0, ""weight"": 0.25}]",13.408591365875155,,elo,"{'home_advantage': 1.924873976019283, 'scale': 0.05373080814779707, 'error_term': 13.234231940128117, 'win_prob_k': 6.744681035602612}",0.0,-12.0
2025-12-29,Portland Trail Blazers,Dallas Mavericks,125.0,122.0,False,False,2025-12-29|Dallas Mavericks|Portland Trail Blazers,,,,2025-12-29|Dallas Mavericks|Portland Trail Blazers,0.5862124835617256,"[{""p_home_win"": 0.17242496712345123, ""weight"": 0.25}, {""p_home_win"": 0.5862124835617256, ""weight"": 0.5}, {""p_home_win"": 1.0, ""weight"": 0.25}]",2.3493729040800835,,elo,"{'home_advantage': 1.924873976019283, 'scale': 0.05373080814779707, 'error_term': 13.234231940128117, 'win_prob_k': 6.744681035602612}",1.0,3.0
2025-12-30,Memphis Grizzlies,Philadelphia 76ers,136.0,139.0,False,False,2025-12-30|Philadelphia 76ers|Memphis Grizzlies,,,,2025-12-30|Philadelphia 76ers|Memphis Grizzlies,0.5214814096613233,"[{""p_home_win"": 0.04296281932264656, ""weight"": 0.25}, {""p_home_win"": 0.5214814096613233, ""weight"": 0.5}, {""p_home_win"": 1.0, ""weight"": 0.25}]",0.571557906189875,,elo,"{'home_advantage': 1.7870105214658651, 'scale': 0.05326880749523682, 'error_term': 13.217535817195797, 'win_prob_k': 6.647679094099523}",0.0,-3.0
2025-12-30,Utah Jazz,Boston Celtics,119.0,129.0,False,False,2025-12-30|Boston Celtics|Utah Jazz,,,,2025-12-30|Boston Celtics|Utah Jazz,0.38773357934531955,"[{""p_home_win"": 0.0, ""weight"": 0.25}, {""p_home_win"": 0.38773357934531955, ""weight"": 0.5}, {""p_home_win"": 0.7754671586906391, ""weight"": 0.25}]",-3.036985965617959,,elo,"{'home_advantage': 1.7870105214658651, 'scale': 0.05326880749523682, 'error_term': 13.217535817195797, 'win_prob_k': 6.647679094099523}",0.0,-10.0
2025-12-30,Los Angeles Lakers,Detroit Pistons,106.0,128.0,False,False,2025-12-30|Detroit Pistons|Los Angeles Lakers,,,,2025-12-30|Detroit Pistons|Los Angeles Lakers,0.4881457235486443,"[{""p_home_win"": 0.0, ""weight"": 0.25}, {""p_home_win"": 0.4881457235486443, ""weight"": 0.5}, {""p_home_win"": 0.9762914470972885, ""weight"": 0.25}]",-0.31527278295782013,,elo,"{'home_advantage': 1.7870105214658651, 'scale': 0.05326880749523682, 'error_term': 13.217535817195797, 'win_prob_k': 6.647679094099523}",0.0,-22.0
2025-12-30,Los Angeles Clippers,Sacramento Kings,131.0,90.0,False,False,2025-12-30|Sacramento Kings|Los Angeles Clippers,,,,2025-12-30|Sacramento Kings|Los Angeles Clippers,0.6987679361343856,"[{""p_home_win"": 0.3975358722687712, ""weight"": 0.25}, {""p_home_win"": 0.6987679361343856, ""weight"": 0.5}, {""p_home_win"": 1.0, ""weight"": 0.25}]",5.593608133207889,,elo,"{'home_advantage': 1.7870105214658651, 'scale': 0.05326880749523682, 'error_term': 13.217535817195797, 'win_prob_k': 6.647679094099523}",1.0,41.0
2025-12-31,Charlotte Hornets,Golden State Warriors,125.0,132.0,False,False,2025-12-31|Golden State Warriors|Charlotte Hornets,,,,2025-12-31|Golden State Warriors|Charlotte Hornets,0.3830318958740809,"[{""p_home_win"": 0.0, ""weight"": 0.25}, {""p_home_win"": 0.3830318958740809, ""weight"": 0.5}, {""p_home_win"": 0.7660637917481617, ""weight"": 0.25}]",-3.2217399826852313,,elo,"{'home_advantage': 1.7958395568466685, 'scale': 0.052965192126429715, 'error_term': 13.26576001264537, 'win_prob_k': 6.758435740006757}",0.0,-7.0
2025-12-31,Atlanta Hawks,Minnesota Timberwolves,126.0,102.0,False,False,2025-12-31|Minnesota Timberwolves|Atlanta Hawks,,,,2025-12-31|Minnesota Timberwolves|Atlanta Hawks,0.24259191799562005,"[{""p_home_win"": 0.0, ""weight"": 0.25}, {""p_home_win"": 0.24259191799562005, ""weight"": 0.5}, {""p_home_win"": 0.4851838359912401, ""weight"": 0.25}]",-7.694624425376438,,elo,"{'home_advantage': 1.7958395568466685, 'scale': 0.052965192126429715, 'error_term': 13.26576001264537, 'win_prob_k': 6.758435740006757}",1.0,24.0
2025-12-31,Indiana Pacers,Orlando Magic,110.0,112.0,False,False,2025-12-31|Orlando Magic|Indiana Pacers,,,,2025-12-31|Orlando Magic|Indiana Pacers,0.15856913845955123,"[{""p_home_win"": 0.0, ""weight"": 0.25}, {""p_home_win"": 0.15856913845955123, ""weight"": 0.5}, {""p_home_win"": 0.31713827691910246, ""weight"": 0.25}]",-11.279242254797651,,elo,"{'home_advantage': 1.7958395568466685, 'scale': 0.052965192126429715, 'error_term': 13.26576001264537, 'win_prob_k': 6.758435740006757}",0.0,-2.0
2025-12-31,Cleveland Cavaliers,Phoenix Suns,129.0,113.0,False,False,2025-12-31|Phoenix Suns|Cleveland Cavaliers,,,,2025-12-31|Phoenix Suns|Cleveland Cavaliers,0.3471876737161549,"[{""p_home_win"": 0.0, ""weight"": 0.25}, {""p_home_win"": 0.3471876737161549, ""weight"": 0.5}, {""p_home_win"": 0.6943753474323098, ""weight"": 0.25}]",-4.267439917287949,,elo,"{'home_advantage': 1.7958395568466685, 'scale': 0.052965192126429715, 'error_term': 13.26576001264537, 'win_prob_k': 6.758435740006757}",1.0,16.0
2025-12-31,Chicago Bulls,New Orleans Pelicans,134.0,118.0,False,False,2025-12-31|New Orleans Pelicans|Chicago Bulls,,,,2025-12-31|New Orleans Pelicans|Chicago Bulls,0.6969487235580135,"[{""p_home_win"": 0.39389744711602703, ""weight"": 0.25}, {""p_home_win"": 0.6969487235580135, ""weight"": 0.5}, {""p_home_win"": 1.0, ""weight"": 0.25}]",5.62849165436375,,elo,"{'home_advantage': 1.7958395568466685, 'scale': 0.052965192126429715, 'error_term': 13.26576001264537, 'win_prob_k': 6.758435740006757}",1.0,16.0
2025-12-31,San Antonio Spurs,New York Knicks,134.0,132.0,False,False,2025-12-31|New York Knicks|San Antonio Spurs,,,,2025-12-31|New York Knicks|San Antonio Spurs,0.513023582419481,"[{""p_home_win"": 0.026047164838961967, ""weight"": 0.25}, {""p_home_win"": 0.513023582419481, ""weight"": 0.5}, {""p_home_win"": 1.0, ""weight"": 0.25}]",0.35215583456576405,,elo,"{'home_advantage': 1.7958395568466685, 'scale': 0.052965192126429715, 'error_term': 13.26576001264537, 'win_prob_k': 6.758435740006757}",1.0,2.0
2025-12-31,Toronto Raptors,Denver Nuggets,103.0,106.0,False,False,2025-12-31|Denver Nuggets|Toronto Raptors,,,,2025-12-31|Denver Nuggets|Toronto Raptors,0.4761180142430852,"[{""p_home_win"": 0.0, ""weight"": 0.25}, {""p_home_win"": 0.4761180142430852, ""weight"": 0.5}, {""p_home_win"": 0.9522360284861704, ""weight"": 0.25}]",-0.6461111089159448,,elo,"{'home_advantage': 1.7958395568466685, 'scale': 0.052965192126429715, 'error_term': 13.26576001264537, 'win_prob_k': 6.758435740006757}",0.0,-3.0
2025-12-31,Milwaukee Bucks,Washington Wizards,113.0,114.0,False,False,2025-12-31|Washington Wizards|Milwaukee Bucks,,,,2025-12-31|Washington Wizards|Milwaukee Bucks,0.6920176842275754,"[{""p_home_win"": 0.38403536845515074, ""weight"": 0.25}, {""p_home_win"": 0.6920176842275754, ""weight"": 0.5}, {""p_home_win"": 1.0, ""weight"": 0.25}]",5.471421047166168,,elo,"{'home_advantage': 1.7958395568466685, 'scale': 0.052965192126429715, 'error_term': 13.26576001264537, 'win_prob_k': 6.758435740006757}",0.0,-1.0
2025-12-31,Oklahoma City Thunder,Portland Trail Blazers,124.0,95.0,False,False,2025-12-31|Portland Trail Blazers|Oklahoma City Thunder,,,,2025-12-31|Portland Trail Blazers|Oklahoma City Thunder,0.8797491733760306,"[{""p_home_win"": 0.7594983467520613, ""weight"": 0.25}, {""p_home_win"": 0.8797491733760306, ""weight"": 0.5}, {""p_home_win"": 1.0, ""weight"": 0.25}]",13.449672714451474,,elo,"{'home_advantage': 1.7958395568466685, 'scale': 0.052965192126429715, 'error_term': 13.26576001264537, 'win_prob_k': 6.758435740006757}",1.0,29.0
2026-01-01,Brooklyn Nets,Houston Rockets,96.0,120.0,False,False,2026-01-01|Houston Rockets|Brooklyn Nets,,,,2026-01-01|Houston Rockets|Brooklyn Nets,0.34429267502051386,"[{""p_home_win"": 0.0, ""weight"": 0.25}, {""p_home_win"": 0.34429267502051386, ""weight"": 0.5}, {""p_home_win"": 0.6885853500410277, ""weight"": 0.25}]",-4.28971995546654,,elo,"{'home_advantage': 1.9744909191027642, 'scale': 0.052839228564798724, 'error_term': 13.248431008308122, 'win_prob_k': 6.658755838098342}",0.0,-24.0
2026-01-01,Detroit Pistons,Miami Heat,112.0,118.0,False,False,2026-01-01|Miami Heat|Detroit Pistons,,,,2026-01-01|Miami Heat|Detroit Pistons,0.7584287519244437,"[{""p_home_win"": 0.5168575038488874, ""weight"": 0.25}, {""p_home_win"": 0.7584287519244437, ""weight"": 0.5}, {""p_home_win"": 1.0, ""weight"": 0.25}]",7.6181787366800116,,elo,"{'home_advantage': 1.9744909191027642, 'scale': 0.052839228564798724, 'error_term': 13.248431008308122, 'win_prob_k': 6.658755838098342}",0.0,-6.0
2026-01-01,Dallas Mavericks,Philadelphia 76ers,108.0,123.0,False,False,2026-01-01|Philadelphia 76ers|Dallas Mavericks,,,,2026-01-01|Philadelphia 76ers|Dallas Mavericks,0.3815072305967951,"[{""p_home_win"": 0.0, ""weight"": 0.25}, {""p_home_win"": 0.3815072305967951, ""weight"": 0.5}, {""p_home_win"": 0.7630144611935902, ""weight"": 0.25}]",-3.2172158221797558,,elo,"{'home_advantage': 1.9744909191027642, 'scale': 0.052839228564798724, 'error_term': 13.248431008308122, 'win_prob_k': 6.658755838098342}",0.0,-15.0
2026-01-01,Sacramento Kings,Boston Celtics,106.0,120.0,False,False,2026-01-01|Boston Celtics|Sacramento Kings,,,,2026-01-01|Boston Celtics|Sacramento Kings,0.16597178706701127,"[{""p_home_win"": 0.0, ""weight"": 0.25}, {""p_home_win"": 0.16597178706701127, ""weight"": 0.5}, {""p_home_win"": 0.33194357413402253, ""weight"": 0.25}]",-10.750224459181512,,elo,"{'home_advantage': 1.9744909191027642, 'scale': 0.052839228564798724, 'error_term': 13.248431008308122, 'win_prob_k': 6.658755838098342}",0.0,-14.0
2026-01-01,Los Angeles Clippers,Utah Jazz,118.0,101.0,False,False,2026-01-01|Utah Jazz|Los Angeles Clippers,,,,2026-01-01|Utah Jazz|Los Angeles Clippers,0.5401036431123318,"[{""p_home_win"": 0.08020728622466367, ""weight"": 0.25}, {""p_home_win"": 0.5401036431123318, ""weight"": 0.5}, {""p_home_win"": 1.0, ""weight"": 0.25}]",1.0704609216468355,,elo,"{'home_advantage': 1.9744909191027642, 'scale': 0.052839228564798724, 'error_term': 13.248431008308122, 'win_prob_k': 6.658755838098342}",1.0,17.0
2026-01-02,Indiana Pacers,San Antonio Spurs,,,False,False,2026-01-02|San Antonio Spurs|Indiana Pacers,,,,2026-01-02|San Antonio Spurs|Indiana Pacers,0.06728437722017923,"[{""p_home_win"": 0.0, ""weight"": 0.25}, {""p_home_win"": 0.06728437722017923, ""weight"": 0.5}, {""p_home_win"": 0.13456875444035846, ""weight"": 0.25}]",-17.8186192178541,,elo,"{'home_advantage': 1.937631573940962, 'scale': 0.05353398405766626, 'error_term': 13.177375375545864, 'win_prob_k': 6.777273340919226}",0.5,
2026-01-02,Washington Wizards,Brooklyn Nets,,,False,False,2026-01-02|Brooklyn Nets|Washington Wizards,,,,2026-01-02|Brooklyn Nets|Washington Wizards,0.5025930249321474,"[{""p_home_win"": 0.005186049864294828, ""weight"": 0.25}, {""p_home_win"": 0.5025930249321474, ""weight"": 0.5}, {""p_home_win"": 1.0, ""weight"": 0.25}]",0.07029518518343503,,elo,"{'home_advantage': 1.937631573940962, 'scale': 0.05353398405766626, 'error_term': 13.177375375545864, 'win_prob_k': 6.777273340919226}",0.5,
2026-01-02,Cleveland Cavaliers,Denver Nuggets,,,False,False,2026-01-02|Denver Nuggets|Cleveland Cavaliers,,,,2026-01-02|Denver Nuggets|Cleveland Cavaliers,0.39645917261620317,"[{""p_home_win"": 0.0, ""weight"": 0.25}, {""p_home_win"": 0.39645917261620317, ""weight"": 0.5}, {""p_home_win"": 0.7929183452324063, ""weight"": 0.25}]",-2.848085570534863,,elo,"{'home_advantage': 1.937631573940962, 'scale': 0.05353398405766626, 'error_term': 13.177375375545864, 'win_prob_k': 6.777273340919226}",0.5,
2026-01-02,New York Knicks,Atlanta Hawks,,,False,False,2026-01-02|Atlanta Hawks|New York Knicks,,,,2026-01-02|Atlanta Hawks|New York Knicks,0.8683042925784722,"[{""p_home_win"": 0.7366085851569444, ""weight"": 0.25}, {""p_home_win"": 0.8683042925784722, ""weight"": 0.5}, {""p_home_win"": 1.0, ""weight"": 0.25}]",12.782264226923004,,elo,"{'home_advantage': 1.937631573940962, 'scale': 0.05353398405766626, 'error_term': 13.177375375545864, 'win_prob_k': 6.777273340919226}",0.5,
2026-01-02,Chicago Bulls,Orlando Magic,,,False,False,2026-01-02|Orlando Magic|Chicago Bulls,,,,2026-01-02|Orlando Magic|Chicago Bulls,0.40324183785056517,"[{""p_home_win"": 0.0, ""weight"": 0.25}, {""p_home_win"": 0.40324183785056517, ""weight"": 0.5}, {""p_home_win"": 0.8064836757011303, ""weight"": 0.25}]",-2.656524882189239,,elo,"{'home_advantage': 1.937631573940962, 'scale': 0.05353398405766626, 'error_term': 13.177375375545864, 'win_prob_k': 6.777273340919226}",0.5,
2026-01-02,Milwaukee Bucks,Charlotte Hornets,,,False,False,2026-01-02|Charlotte Hornets|Milwaukee Bucks,,,,2026-01-02|Charlotte Hornets|Milwaukee Bucks,0.5971594656559669,"[{""p_home_win"": 0.19431893131193378, ""weight"": 0.25}, {""p_home_win"": 0.5971594656559669, ""weight"": 0.5}, {""p_home_win"": 1.0, ""weight"": 0.25}]",2.667828935252239,,elo,"{'home_advantage': 1.937631573940962, 'scale': 0.05353398405766626, 'error_term': 13.177375375545864, 'win_prob_k': 6.777273340919226}",0.5,
2026-01-02,New Orleans Pelicans,Portland Trail Blazers,,,False,False,2026-01-02|Portland Trail Blazers|New Orleans Pelicans,,,,2026-01-02|Portland Trail Blazers|New Orleans Pelicans,0.3726325280893986,"[{""p_home_win"": 0.0, ""weight"": 0.25}, {""p_home_win"": 0.3726325280893986, ""weight"": 0.5}, {""p_home_win"": 0.7452650561787972, ""weight"": 0.25}]",-3.530550699742075,,elo,"{'home_advantage': 1.937631573940962, 'scale': 0.05353398405766626, 'error_term': 13.177375375545864, 'win_prob_k': 6.777273340919226}",0.5,
2026-01-02,Phoenix Suns,Sacramento Kings,,,False,False,2026-01-02|Sacramento Kings|Phoenix Suns,,,,2026-01-02|Sacramento Kings|Phoenix Suns,0.880438262812972,"[{""p_home_win"": 0.760876525625944, ""weight"": 0.25}, {""p_home_win"": 0.880438262812972, ""weight"": 0.5}, {""p_home_win"": 1.0, ""weight"": 0.25}]",13.531415456724918,,elo,"{'home_advantage': 1.937631573940962, 'scale': 0.05353398405766626, 'error_term': 13.177375375545864, 'win_prob_k': 6.777273340919226}",0.5,
2026-01-02,Golden State Warriors,Oklahoma City Thunder,,,False,False,2026-01-02|Oklahoma City Thunder|Golden State Warriors,,,,2026-01-02|Oklahoma City Thunder|Golden State Warriors,0.2687818353757522,"[{""p_home_win"": 0.0, ""weight"": 0.25}, {""p_home_win"": 0.2687818353757522, ""weight"": 0.5}, {""p_home_win"": 0.5375636707515044, ""weight"": 0.25}]",-6.7827753510234725,,elo,"{'home_advantage': 1.937631573940962, 'scale': 0.05353398405766626, 'error_term': 13.177375375545864, 'win_prob_k': 6.777273340919226}",0.5,
2026-01-02,Los Angeles Lakers,Memphis Grizzlies,,,False,False,2026-01-02|Memphis Grizzlies|Los Angeles Lakers,,,,2026-01-02|Memphis Grizzlies|Los Angeles Lakers,0.7302954068242403,"[{""p_home_win"": 0.46059081364848065, ""weight"": 0.25}, {""p_home_win"": 0.7302954068242403, ""weight"": 0.5}, {""p_home_win"": 1.0, ""weight"": 0.25}]",6.75099011580834,,elo,"{'home_advantage': 1.937631573940962, 'scale': 0.05353398405766626, 'error_term': 13.177375375545864, 'win_prob_k': 6.777273340919226}",0.5,
