date,home_team,away_team,home_score,away_score,neutral,overtime,game_id,sport,season,notes,game_id_pred,p_home_win,pred_margin,pred_total,model_id,extra,home_win,actual_margin
2024-10-23,Detroit Pistons,Indiana Pacers,109,115,False,False,2024-10-23|Indiana Pacers|Detroit Pistons,,,,2024-10-23|Indiana Pacers|Detroit Pistons,0.5129168678869286,0.037406483790523685,,elo,"{'home_advantage': 0.037406483790523685, 'scale': 0.7481296758104735, 'error_term': 8.0, 'win_prob_k': 0.72382409509597}",0.0,-6
2024-10-23,Atlanta Hawks,Brooklyn Nets,120,116,False,False,2024-10-23|Brooklyn Nets|Atlanta Hawks,,,,2024-10-23|Brooklyn Nets|Atlanta Hawks,0.5129168678869286,0.037406483790523685,,elo,"{'home_advantage': 0.037406483790523685, 'scale': 0.7481296758104735, 'error_term': 8.0, 'win_prob_k': 0.72382409509597}",1.0,4
2024-10-23,Miami Heat,Orlando Magic,97,116,False,False,2024-10-23|Orlando Magic|Miami Heat,,,,2024-10-23|Orlando Magic|Miami Heat,0.5129168678869286,0.037406483790523685,,elo,"{'home_advantage': 0.037406483790523685, 'scale': 0.7481296758104735, 'error_term': 8.0, 'win_prob_k': 0.72382409509597}",0.0,-19
2024-10-23,Philadelphia 76ers,Milwaukee Bucks,109,124,False,False,2024-10-23|Milwaukee Bucks|Philadelphia 76ers,,,,2024-10-23|Milwaukee Bucks|Philadelphia 76ers,0.5129168678869286,0.037406483790523685,,elo,"{'home_advantage': 0.037406483790523685, 'scale': 0.7481296758104735, 'error_term': 8.0, 'win_prob_k': 0.72382409509597}",0.0,-15
2024-10-23,Toronto Raptors,Cleveland Cavaliers,106,136,False,False,2024-10-23|Cleveland Cavaliers|Toronto Raptors,,,,2024-10-23|Cleveland Cavaliers|Toronto Raptors,0.5129168678869286,0.037406483790523685,,elo,"{'home_advantage': 0.037406483790523685, 'scale': 0.7481296758104735, 'error_term': 8.0, 'win_prob_k': 0.72382409509597}",0.0,-30
2024-10-23,Houston Rockets,Charlotte Hornets,105,110,False,False,2024-10-23|Charlotte Hornets|Houston Rockets,,,,2024-10-23|Charlotte Hornets|Houston Rockets,0.5129168678869286,0.037406483790523685,,elo,"{'home_advantage': 0.037406483790523685, 'scale': 0.7481296758104735, 'error_term': 8.0, 'win_prob_k': 0.72382409509597}",0.0,-5
2024-10-23,New Orleans Pelicans,Chicago Bulls,123,111,False,False,2024-10-23|Chicago Bulls|New Orleans Pelicans,,,,2024-10-23|Chicago Bulls|New Orleans Pelicans,0.5129168678869286,0.037406483790523685,,elo,"{'home_advantage': 0.037406483790523685, 'scale': 0.7481296758104735, 'error_term': 8.0, 'win_prob_k': 0.72382409509597}",1.0,12
2024-10-23,Utah Jazz,Memphis Grizzlies,124,126,False,False,2024-10-23|Memphis Grizzlies|Utah Jazz,,,,2024-10-23|Memphis Grizzlies|Utah Jazz,0.5129168678869286,0.037406483790523685,,elo,"{'home_advantage': 0.037406483790523685, 'scale': 0.7481296758104735, 'error_term': 8.0, 'win_prob_k': 0.72382409509597}",0.0,-2
2024-10-23,Los Angeles Clippers,Phoenix Suns,113,116,False,False,2024-10-23|Phoenix Suns|Los Angeles Clippers,,,,2024-10-23|Phoenix Suns|Los Angeles Clippers,0.5129168678869286,0.037406483790523685,,elo,"{'home_advantage': 0.037406483790523685, 'scale': 0.7481296758104735, 'error_term': 8.0, 'win_prob_k': 0.72382409509597}",0.0,-3
2024-10-23,Portland Trail Blazers,Golden State Warriors,104,140,False,False,2024-10-23|Golden State Warriors|Portland Trail Blazers,,,,2024-10-23|Golden State Warriors|Portland Trail Blazers,0.5129168678869286,0.037406483790523685,,elo,"{'home_advantage': 0.037406483790523685, 'scale': 0.7481296758104735, 'error_term': 8.0, 'win_prob_k': 0.72382409509597}",0.0,-36
2024-10-24,Washington Wizards,Boston Celtics,102,122,False,False,2024-10-24|Boston Celtics|Washington Wizards,,,,2024-10-24|Boston Celtics|Washington Wizards,5.484411058859263e-07,-8.0,,elo,"{'home_advantage': -1.5000000000000002, 'scale': 0.65, 'error_term': 10.735455276791944, 'win_prob_k': 0.5549318203747855}",0.0,-20
2024-10-24,Dallas Mavericks,San Antonio Spurs,120,109,False,False,2024-10-24|San Antonio Spurs|Dallas Mavericks,,,,2024-10-24|San Antonio Spurs|Dallas Mavericks,0.06279451912465805,-1.5000000000000002,,elo,"{'home_advantage': -1.5000000000000002, 'scale': 0.65, 'error_term': 10.735455276791944, 'win_prob_k': 0.5549318203747855}",1.0,11
2024-10-24,Sacramento Kings,Minnesota Timberwolves,115,117,False,False,2024-10-24|Minnesota Timberwolves|Sacramento Kings,,,,2024-10-24|Minnesota Timberwolves|Sacramento Kings,0.9998778472231601,5.0,,elo,"{'home_advantage': -1.5000000000000002, 'scale': 0.65, 'error_term': 10.735455276791944, 'win_prob_k': 0.5549318203747855}",0.0,-2
2024-10-24,Denver Nuggets,Oklahoma City Thunder,87,102,False,False,2024-10-24|Oklahoma City Thunder|Denver Nuggets,,,,2024-10-24|Oklahoma City Thunder|Denver Nuggets,0.06279451912465805,-1.5000000000000002,,elo,"{'home_advantage': -1.5000000000000002, 'scale': 0.65, 'error_term': 10.735455276791944, 'win_prob_k': 0.5549318203747855}",0.0,-15
2024-10-25,Orlando Magic,Brooklyn Nets,116,101,False,False,2024-10-25|Brooklyn Nets|Orlando Magic,,,,2024-10-25|Brooklyn Nets|Orlando Magic,0.9999999999526683,11.886922364266416,,elo,"{'home_advantage': -1.1047562939744633, 'scale': 0.649583932912044, 'error_term': 9.017928818496655, 'win_prob_k': 0.5000000508125179}",1.0,15
2024-10-25,Toronto Raptors,Philadelphia 76ers,115,107,False,False,2024-10-25|Philadelphia 76ers|Toronto Raptors,,,,2024-10-25|Philadelphia 76ers|Toronto Raptors,0.09889952207524189,-1.1047562939744633,,elo,"{'home_advantage': -1.1047562939744633, 'scale': 0.649583932912044, 'error_term': 9.017928818496655, 'win_prob_k': 0.5000000508125179}",1.0,8
2024-10-25,Atlanta Hawks,Charlotte Hornets,125,120,False,False,2024-10-25|Charlotte Hornets|Atlanta Hawks,,,,2024-10-25|Charlotte Hornets|Atlanta Hawks,0.09889952207524189,-1.1047562939744633,,elo,"{'home_advantage': -1.1047562939744633, 'scale': 0.649583932912044, 'error_term': 9.017928818496655, 'win_prob_k': 0.5000000508125179}",1.0,5
2024-10-25,Cleveland Cavaliers,Detroit Pistons,113,101,False,False,2024-10-25|Detroit Pistons|Cleveland Cavaliers,,,,2024-10-25|Detroit Pistons|Cleveland Cavaliers,0.9999999999526683,11.886922364266416,,elo,"{'home_advantage': -1.1047562939744633, 'scale': 0.649583932912044, 'error_term': 9.017928818496655, 'win_prob_k': 0.5000000508125179}",1.0,12
2024-10-25,New York Knicks,Indiana Pacers,123,98,False,False,2024-10-25|Indiana Pacers|New York Knicks,,,,2024-10-25|Indiana Pacers|New York Knicks,5.701556282504963e-13,-14.096434952215342,,elo,"{'home_advantage': -1.1047562939744633, 'scale': 0.649583932912044, 'error_term': 9.017928818496655, 'win_prob_k': 0.5000000508125179}",1.0,25
2024-10-25,Houston Rockets,Memphis Grizzlies,128,108,False,False,2024-10-25|Memphis Grizzlies|Houston Rockets,,,,2024-10-25|Memphis Grizzlies|Houston Rockets,5.701556282504963e-13,-14.096434952215342,,elo,"{'home_advantage': -1.1047562939744633, 'scale': 0.649583932912044, 'error_term': 9.017928818496655, 'win_prob_k': 0.5000000508125179}",1.0,20
2024-10-25,Milwaukee Bucks,Chicago Bulls,122,133,False,False,2024-10-25|Chicago Bulls|Milwaukee Bucks,,,,2024-10-25|Chicago Bulls|Milwaukee Bucks,0.9999999999526683,11.886922364266416,,elo,"{'home_advantage': -1.1047562939744633, 'scale': 0.649583932912044, 'error_term': 9.017928818496655, 'win_prob_k': 0.5000000508125179}",0.0,-11
2024-10-25,Utah Jazz,Golden State Warriors,86,127,False,False,2024-10-25|Golden State Warriors|Utah Jazz,,,,2024-10-25|Golden State Warriors|Utah Jazz,5.701556282504963e-13,-14.096434952215342,,elo,"{'home_advantage': -1.1047562939744633, 'scale': 0.649583932912044, 'error_term': 9.017928818496655, 'win_prob_k': 0.5000000508125179}",0.0,-41
2024-10-25,Los Angeles Lakers,Phoenix Suns,123,116,False,False,2024-10-25|Phoenix Suns|Los Angeles Lakers,,,,2024-10-25|Phoenix Suns|Los Angeles Lakers,0.09889952207524189,-1.1047562939744633,,elo,"{'home_advantage': -1.1047562939744633, 'scale': 0.649583932912044, 'error_term': 9.017928818496655, 'win_prob_k': 0.5000000508125179}",1.0,7
2024-10-25,Portland Trail Blazers,New Orleans Pelicans,103,105,False,False,2024-10-25|New Orleans Pelicans|Portland Trail Blazers,,,,2024-10-25|New Orleans Pelicans|Portland Trail Blazers,5.701556282504963e-13,-14.096434952215342,,elo,"{'home_advantage': -1.1047562939744633, 'scale': 0.649583932912044, 'error_term': 9.017928818496655, 'win_prob_k': 0.5000000508125179}",0.0,-2
2024-10-26,Denver Nuggets,Los Angeles Clippers,104,109,False,False,2024-10-26|Los Angeles Clippers|Denver Nuggets,,,,2024-10-26|Los Angeles Clippers|Denver Nuggets,0.27136730419463223,-1.5018095970256058,,elo,"{'home_advantage': -1.5018095970256058, 'scale': 0.526830889497481, 'error_term': 11.145781849785648, 'win_prob_k': 1.5205172980675932}",0.0,-5
2024-10-26,Washington Wizards,Cleveland Cavaliers,116,135,False,False,2024-10-26|Cleveland Cavaliers|Washington Wizards,,,,2024-10-26|Cleveland Cavaliers|Washington Wizards,1.5367987927030934e-05,-16.852210318340923,,elo,"{'home_advantage': -1.5018095970256058, 'scale': 0.526830889497481, 'error_term': 11.145781849785648, 'win_prob_k': 1.5205172980675932}",0.0,-19
2024-10-26,Detroit Pistons,Boston Celtics,118,124,False,False,2024-10-26|Boston Celtics|Detroit Pistons,,,,2024-10-26|Boston Celtics|Detroit Pistons,4.806999563688994e-07,-22.12051921331573,,elo,"{'home_advantage': -1.5018095970256058, 'scale': 0.526830889497481, 'error_term': 11.145781849785648, 'win_prob_k': 1.5205172980675932}",0.0,-6
2024-10-26,Charlotte Hornets,Miami Heat,106,114,False,False,2024-10-26|Miami Heat|Charlotte Hornets,,,,2024-10-26|Miami Heat|Charlotte Hornets,0.9225219881480533,3.7664992979492045,,elo,"{'home_advantage': -1.5018095970256058, 'scale': 0.526830889497481, 'error_term': 11.145781849785648, 'win_prob_k': 1.5205172980675932}",0.0,-8
2024-10-26,Memphis Grizzlies,Orlando Magic,124,111,False,False,2024-10-26|Orlando Magic|Memphis Grizzlies,,,,2024-10-26|Orlando Magic|Memphis Grizzlies,0.0003642435417467479,-12.038427386975226,,elo,"{'home_advantage': -1.5018095970256058, 'scale': 0.526830889497481, 'error_term': 11.145781849785648, 'win_prob_k': 1.5205172980675932}",1.0,13
2024-10-26,Minnesota Timberwolves,Toronto Raptors,112,101,False,False,2024-10-26|Toronto Raptors|Minnesota Timberwolves,,,,2024-10-26|Toronto Raptors|Minnesota Timberwolves,0.2915230045566811,-1.3502173363948176,,elo,"{'home_advantage': -1.5018095970256058, 'scale': 0.526830889497481, 'error_term': 11.145781849785648, 'win_prob_k': 1.5205172980675932}",1.0,11
2024-10-26,Chicago Bulls,Oklahoma City Thunder,95,114,False,False,2024-10-26|Oklahoma City Thunder|Chicago Bulls,,,,2024-10-26|Oklahoma City Thunder|Chicago Bulls,0.014018228810696226,-6.46718478902209,,elo,"{'home_advantage': -1.5018095970256058, 'scale': 0.526830889497481, 'error_term': 11.145781849785648, 'win_prob_k': 1.5205172980675932}",0.0,-19
2024-10-26,San Antonio Spurs,Houston Rockets,109,106,False,False,2024-10-26|Houston Rockets|San Antonio Spurs,,,,2024-10-26|Houston Rockets|San Antonio Spurs,0.009454727448090835,-7.073052194978741,,elo,"{'home_advantage': -1.5018095970256058, 'scale': 0.526830889497481, 'error_term': 11.145781849785648, 'win_prob_k': 1.5205172980675932}",1.0,3
2024-10-26,Phoenix Suns,Dallas Mavericks,114,102,False,False,2024-10-26|Dallas Mavericks|Phoenix Suns,,,,2024-10-26|Dallas Mavericks|Phoenix Suns,0.011515147100484072,-6.770118492000416,,elo,"{'home_advantage': -1.5018095970256058, 'scale': 0.526830889497481, 'error_term': 11.145781849785648, 'win_prob_k': 1.5205172980675932}",1.0,12
2024-10-26,Los Angeles Lakers,Sacramento Kings,131,127,False,False,2024-10-26|Sacramento Kings|Los Angeles Lakers,,,,2024-10-26|Sacramento Kings|Los Angeles Lakers,0.9999256343388332,14.454709348529613,,elo,"{'home_advantage': -1.5018095970256058, 'scale': 0.526830889497481, 'error_term': 11.145781849785648, 'win_prob_k': 1.5205172980675932}",1.0,4
2024-10-27,Indiana Pacers,Philadelphia 76ers,114,118,False,False,2024-10-27|Philadelphia 76ers|Indiana Pacers,,,,2024-10-27|Philadelphia 76ers|Indiana Pacers,0.9296962262866889,6.75264353105387,,elo,"{'home_advantage': -0.11804147263761865, 'scale': 0.3537034230478238, 'error_term': 11.729228076118572, 'win_prob_k': 2.6152435139503205}",0.0,-4
2024-10-27,Portland Trail Blazers,New Orleans Pelicans,125,103,False,False,2024-10-27|New Orleans Pelicans|Portland Trail Blazers,,,,2024-10-27|New Orleans Pelicans|Portland Trail Blazers,0.004969408555154116,-13.859411480020595,,elo,"{'home_advantage': -0.11804147263761865, 'scale': 0.3537034230478238, 'error_term': 11.729228076118572, 'win_prob_k': 2.6152435139503205}",1.0,22
2024-10-27,Brooklyn Nets,Milwaukee Bucks,115,102,False,False,2024-10-27|Milwaukee Bucks|Brooklyn Nets,,,,2024-10-27|Milwaukee Bucks|Brooklyn Nets,0.06949091358643855,-6.785343019064119,,elo,"{'home_advantage': -0.11804147263761865, 'scale': 0.3537034230478238, 'error_term': 11.729228076118572, 'win_prob_k': 2.6152435139503205}",1.0,13
2024-10-27,Oklahoma City Thunder,Atlanta Hawks,128,104,False,False,2024-10-27|Atlanta Hawks|Oklahoma City Thunder,,,,2024-10-27|Atlanta Hawks|Oklahoma City Thunder,0.479557462920519,-0.21396812548955446,,elo,"{'home_advantage': -0.11804147263761865, 'scale': 0.3537034230478238, 'error_term': 11.729228076118572, 'win_prob_k': 2.6152435139503205}",1.0,24
2024-10-27,Golden State Warriors,Los Angeles Clippers,104,112,False,False,2024-10-27|Los Angeles Clippers|Golden State Warriors,,,,2024-10-27|Los Angeles Clippers|Golden State Warriors,0.9296962262866889,6.75264353105387,,elo,"{'home_advantage': -0.11804147263761865, 'scale': 0.3537034230478238, 'error_term': 11.729228076118572, 'win_prob_k': 2.6152435139503205}",0.0,-8
2024-10-28,Orlando Magic,Indiana Pacers,119,115,False,False,2024-10-28|Indiana Pacers|Orlando Magic,,,,2024-10-28|Indiana Pacers|Orlando Magic,0.951079198518807,8.423532000407139,,elo,"{'home_advantage': 1.0632122741497818, 'scale': 0.36831979468815373, 'error_term': 12.677602439084799, 'win_prob_k': 2.838696233815018}",1.0,4
2024-10-28,Atlanta Hawks,Washington Wizards,119,121,False,False,2024-10-28|Washington Wizards|Atlanta Hawks,,,,2024-10-28|Washington Wizards|Atlanta Hawks,0.9840171254744428,11.695784722595949,,elo,"{'home_advantage': 1.0632122741497818, 'scale': 0.36831979468815373, 'error_term': 12.677602439084799, 'win_prob_k': 2.838696233815018}",0.0,-2
2024-10-28,Boston Celtics,Milwaukee Bucks,119,108,False,False,2024-10-28|Milwaukee Bucks|Boston Celtics,,,,2024-10-28|Milwaukee Bucks|Boston Celtics,0.9960362142492254,15.68829332958955,,elo,"{'home_advantage': 1.0632122741497818, 'scale': 0.36831979468815373, 'error_term': 12.677602439084799, 'win_prob_k': 2.838696233815018}",1.0,11
2024-10-28,Toronto Raptors,Denver Nuggets,125,127,False,False,2024-10-28|Denver Nuggets|Toronto Raptors,,,,2024-10-28|Denver Nuggets|Toronto Raptors,0.8419904727348204,4.749460618703549,,elo,"{'home_advantage': 1.0632122741497818, 'scale': 0.36831979468815373, 'error_term': 12.677602439084799, 'win_prob_k': 2.838696233815018}",0.0,-2
2024-10-28,Miami Heat,Detroit Pistons,106,98,False,False,2024-10-28|Detroit Pistons|Miami Heat,,,,2024-10-28|Detroit Pistons|Miami Heat,0.9834424322561989,11.593848122451499,,elo,"{'home_advantage': 1.0632122741497818, 'scale': 0.36831979468815373, 'error_term': 12.677602439084799, 'win_prob_k': 2.838696233815018}",1.0,8
2024-10-28,New York Knicks,Cleveland Cavaliers,104,110,False,False,2024-10-28|Cleveland Cavaliers|New York Knicks,,,,2024-10-28|Cleveland Cavaliers|New York Knicks,0.03696304973895596,-9.254640882144884,,elo,"{'home_advantage': 1.0632122741497818, 'scale': 0.36831979468815373, 'error_term': 12.677602439084799, 'win_prob_k': 2.838696233815018}",0.0,-6
2024-10-28,San Antonio Spurs,Houston Rockets,101,106,False,False,2024-10-28|Houston Rockets|San Antonio Spurs,,,,2024-10-28|Houston Rockets|San Antonio Spurs,0.8424261218175086,4.758766387988707,,elo,"{'home_advantage': 1.0632122741497818, 'scale': 0.36831979468815373, 'error_term': 12.677602439084799, 'win_prob_k': 2.838696233815018}",0.0,-5
2024-10-28,Memphis Grizzlies,Chicago Bulls,123,126,False,False,2024-10-28|Chicago Bulls|Memphis Grizzlies,,,,2024-10-28|Chicago Bulls|Memphis Grizzlies,0.9458199099146379,8.117929424867588,,elo,"{'home_advantage': 1.0632122741497818, 'scale': 0.36831979468815373, 'error_term': 12.677602439084799, 'win_prob_k': 2.838696233815018}",0.0,-3
2024-10-28,Dallas Mavericks,Utah Jazz,110,102,False,False,2024-10-28|Utah Jazz|Dallas Mavericks,,,,2024-10-28|Utah Jazz|Dallas Mavericks,0.9457098491792914,8.111838437750244,,elo,"{'home_advantage': 1.0632122741497818, 'scale': 0.36831979468815373, 'error_term': 12.677602439084799, 'win_prob_k': 2.838696233815018}",1.0,8
2024-10-28,Sacramento Kings,Portland Trail Blazers,111,98,False,False,2024-10-28|Portland Trail Blazers|Sacramento Kings,,,,2024-10-28|Portland Trail Blazers|Sacramento Kings,0.25605866571344055,-3.027627361439148,,elo,"{'home_advantage': 1.0632122741497818, 'scale': 0.36831979468815373, 'error_term': 12.677602439084799, 'win_prob_k': 2.838696233815018}",1.0,13
2024-10-28,Phoenix Suns,Los Angeles Lakers,109,105,False,False,2024-10-28|Los Angeles Lakers|Phoenix Suns,,,,2024-10-28|Los Angeles Lakers|Phoenix Suns,0.11201800963181162,-5.876929544123748,,elo,"{'home_advantage': 1.0632122741497818, 'scale': 0.36831979468815373, 'error_term': 12.677602439084799, 'win_prob_k': 2.838696233815018}",1.0,4
2024-10-29,Brooklyn Nets,Denver Nuggets,139,144,False,False,2024-10-29|Denver Nuggets|Brooklyn Nets,,,,2024-10-29|Denver Nuggets|Brooklyn Nets,0.5893019991217977,1.139185975665995,,elo,"{'home_advantage': 0.8859477617827631, 'scale': 0.30545823248506293, 'error_term': 11.221370244870648, 'win_prob_k': 3.1549351539083283}",0.0,-5
2024-10-29,Minnesota Timberwolves,Dallas Mavericks,114,120,False,False,2024-10-29|Dallas Mavericks|Minnesota Timberwolves,,,,2024-10-29|Dallas Mavericks|Minnesota Timberwolves,0.5960431933204583,1.2272861122846308,,elo,"{'home_advantage': 0.8859477617827631, 'scale': 0.30545823248506293, 'error_term': 11.221370244870648, 'win_prob_k': 3.1549351539083283}",0.0,-6
2024-10-29,Utah Jazz,Sacramento Kings,96,113,False,False,2024-10-29|Sacramento Kings|Utah Jazz,,,,2024-10-29|Sacramento Kings|Utah Jazz,0.16329774523245064,-5.154826734016902,,elo,"{'home_advantage': 0.8859477617827631, 'scale': 0.30545823248506293, 'error_term': 11.221370244870648, 'win_prob_k': 3.1549351539083283}",0.0,-17
2024-10-29,Golden State Warriors,New Orleans Pelicans,124,106,False,False,2024-10-29|New Orleans Pelicans|Golden State Warriors,,,,2024-10-29|New Orleans Pelicans|Golden State Warriors,0.5828665070862735,1.0554895085747678,,elo,"{'home_advantage': 0.8859477617827631, 'scale': 0.30545823248506293, 'error_term': 11.221370244870648, 'win_prob_k': 3.1549351539083283}",1.0,18
2024-10-30,Philadelphia 76ers,Detroit Pistons,95,105,False,False,2024-10-30|Detroit Pistons|Philadelphia 76ers,,,,2024-10-30|Detroit Pistons|Philadelphia 76ers,0.94940786469123,9.572628190072514,,elo,"{'home_advantage': 0.7563668860939536, 'scale': 0.3144092326004314, 'error_term': 10.63782146746475, 'win_prob_k': 3.2648328478927553}",0.0,-10
2024-10-30,Washington Wizards,Atlanta Hawks,133,120,False,False,2024-10-30|Atlanta Hawks|Washington Wizards,,,,2024-10-30|Atlanta Hawks|Washington Wizards,0.3863578242363167,-1.510468507506677,,elo,"{'home_advantage': 0.7563668860939536, 'scale': 0.3144092326004314, 'error_term': 10.63782146746475, 'win_prob_k': 3.2648328478927553}",1.0,13
2024-10-30,Indiana Pacers,Boston Celtics,135,132,False,False,2024-10-30|Boston Celtics|Indiana Pacers,,,,2024-10-30|Boston Celtics|Indiana Pacers,0.004702489823216554,-17.483015286285887,,elo,"{'home_advantage': 0.7563668860939536, 'scale': 0.3144092326004314, 'error_term': 10.63782146746475, 'win_prob_k': 3.2648328478927553}",1.0,3
2024-10-30,Cleveland Cavaliers,Los Angeles Lakers,134,110,False,False,2024-10-30|Los Angeles Lakers|Cleveland Cavaliers,,,,2024-10-30|Los Angeles Lakers|Cleveland Cavaliers,0.8889633316014696,6.791490582695339,,elo,"{'home_advantage': 0.7563668860939536, 'scale': 0.3144092326004314, 'error_term': 10.63782146746475, 'win_prob_k': 3.2648328478927553}",1.0,24
2024-10-30,Charlotte Hornets,Toronto Raptors,138,133,False,False,2024-10-30|Toronto Raptors|Charlotte Hornets,,,,2024-10-30|Toronto Raptors|Charlotte Hornets,0.7674403784399553,3.8979301823431056,,elo,"{'home_advantage': 0.7563668860939536, 'scale': 0.3144092326004314, 'error_term': 10.63782146746475, 'win_prob_k': 3.2648328478927553}",1.0,5
2024-10-30,Miami Heat,New York Knicks,107,116,False,False,2024-10-30|New York Knicks|Miami Heat,,,,2024-10-30|New York Knicks|Miami Heat,0.8779858361139546,6.443125836132934,,elo,"{'home_advantage': 0.7563668860939536, 'scale': 0.3144092326004314, 'error_term': 10.63782146746475, 'win_prob_k': 3.2648328478927553}",0.0,-9
2024-10-30,Chicago Bulls,Orlando Magic,102,99,False,False,2024-10-30|Orlando Magic|Chicago Bulls,,,,2024-10-30|Orlando Magic|Chicago Bulls,0.1988085355336986,-4.550385991865806,,elo,"{'home_advantage': 0.7563668860939536, 'scale': 0.3144092326004314, 'error_term': 10.63782146746475, 'win_prob_k': 3.2648328478927553}",1.0,3
2024-10-30,Memphis Grizzlies,Brooklyn Nets,106,119,False,False,2024-10-30|Brooklyn Nets|Memphis Grizzlies,,,,2024-10-30|Brooklyn Nets|Memphis Grizzlies,0.8807337013350114,6.527695417306808,,elo,"{'home_advantage': 0.7563668860939536, 'scale': 0.3144092326004314, 'error_term': 10.63782146746475, 'win_prob_k': 3.2648328478927553}",0.0,-13
2024-10-30,Oklahoma City Thunder,San Antonio Spurs,105,93,False,False,2024-10-30|San Antonio Spurs|Oklahoma City Thunder,,,,2024-10-30|San Antonio Spurs|Oklahoma City Thunder,0.982991327124256,13.245025009070957,,elo,"{'home_advantage': 0.7563668860939536, 'scale': 0.3144092326004314, 'error_term': 10.63782146746475, 'win_prob_k': 3.2648328478927553}",1.0,12
2024-10-30,Golden State Warriors,New Orleans Pelicans,104,89,False,False,2024-10-30|New Orleans Pelicans|Golden State Warriors,,,,2024-10-30|New Orleans Pelicans|Golden State Warriors,0.9009728570914076,7.209015864400626,,elo,"{'home_advantage': 0.7563668860939536, 'scale': 0.3144092326004314, 'error_term': 10.63782146746475, 'win_prob_k': 3.2648328478927553}",1.0,15
2024-10-30,Los Angeles Clippers,Portland Trail Blazers,105,106,False,False,2024-10-30|Portland Trail Blazers|Los Angeles Clippers,,,,2024-10-30|Portland Trail Blazers|Los Angeles Clippers,0.9544651682592623,9.93382066414847,,elo,"{'home_advantage': 0.7563668860939536, 'scale': 0.3144092326004314, 'error_term': 10.63782146746475, 'win_prob_k': 3.2648328478927553}",0.0,-1
2024-10-31,Memphis Grizzlies,Milwaukee Bucks,122,99,False,False,2024-10-31|Milwaukee Bucks|Memphis Grizzlies,,,,2024-10-31|Milwaukee Bucks|Memphis Grizzlies,0.6817285097681597,3.7943690373418004,,elo,"{'home_advantage': 0.9034190852132513, 'scale': 0.3248065805249515, 'error_term': 10.068342780301242, 'win_prob_k': 4.981273270031664}",1.0,23
2024-10-31,Dallas Mavericks,Houston Rockets,102,108,False,False,2024-10-31|Houston Rockets|Dallas Mavericks,,,,2024-10-31|Houston Rockets|Dallas Mavericks,0.8016199556736309,6.956099147915532,,elo,"{'home_advantage': 0.9034190852132513, 'scale': 0.3248065805249515, 'error_term': 10.068342780301242, 'win_prob_k': 4.981273270031664}",0.0,-6
2024-10-31,Utah Jazz,San Antonio Spurs,88,106,False,False,2024-10-31|San Antonio Spurs|Utah Jazz,,,,2024-10-31|San Antonio Spurs|Utah Jazz,0.2520821715950132,-5.417323993198793,,elo,"{'home_advantage': 0.9034190852132513, 'scale': 0.3248065805249515, 'error_term': 10.068342780301242, 'win_prob_k': 4.981273270031664}",0.0,-18
2024-10-31,Los Angeles Clippers,Phoenix Suns,119,125,False,False,2024-10-31|Phoenix Suns|Los Angeles Clippers,,,,2024-10-31|Phoenix Suns|Los Angeles Clippers,0.23235269524786067,-5.952989841401747,,elo,"{'home_advantage': 0.9034190852132513, 'scale': 0.3248065805249515, 'error_term': 10.068342780301242, 'win_prob_k': 4.981273270031664}",0.0,-6
2024-11-01,Charlotte Hornets,Boston Celtics,109,124,False,False,2024-11-01|Boston Celtics|Charlotte Hornets,,,,2024-11-01|Boston Celtics|Charlotte Hornets,0.20176834975963273,-7.254481219484542,,elo,"{'home_advantage': 0.9219580578250236, 'scale': 0.3100247538112098, 'error_term': 10.18437373589939, 'win_prob_k': 5.274917593757303}",0.0,-15
2024-11-01,Cleveland Cavaliers,Orlando Magic,120,109,False,False,2024-11-01|Orlando Magic|Cleveland Cavaliers,,,,2024-11-01|Orlando Magic|Cleveland Cavaliers,0.923643376119966,13.14990144332346,,elo,"{'home_advantage': 0.9219580578250236, 'scale': 0.3100247538112098, 'error_term': 10.18437373589939, 'win_prob_k': 5.274917593757303}",1.0,11
2024-11-01,Detroit Pistons,New York Knicks,98,128,False,False,2024-11-01|New York Knicks|Detroit Pistons,,,,2024-11-01|New York Knicks|Detroit Pistons,0.1817167830909893,-7.937480617263497,,elo,"{'home_advantage': 0.9219580578250236, 'scale': 0.3100247538112098, 'error_term': 10.18437373589939, 'win_prob_k': 5.274917593757303}",0.0,-30
2024-11-01,Atlanta Hawks,Sacramento Kings,115,123,False,False,2024-11-01|Sacramento Kings|Atlanta Hawks,,,,2024-11-01|Sacramento Kings|Atlanta Hawks,0.37897845632277044,-2.605210130582227,,elo,"{'home_advantage': 0.9219580578250236, 'scale': 0.3100247538112098, 'error_term': 10.18437373589939, 'win_prob_k': 5.274917593757303}",0.0,-8
2024-11-01,Brooklyn Nets,Chicago Bulls,120,112,False,False,2024-11-01|Chicago Bulls|Brooklyn Nets,,,,2024-11-01|Chicago Bulls|Brooklyn Nets,0.2657980058255207,-5.359567063114598,,elo,"{'home_advantage': 0.9219580578250236, 'scale': 0.3100247538112098, 'error_term': 10.18437373589939, 'win_prob_k': 5.274917593757303}",1.0,8
2024-11-01,Toronto Raptors,Los Angeles Lakers,125,131,False,False,2024-11-01|Los Angeles Lakers|Toronto Raptors,,,,2024-11-01|Los Angeles Lakers|Toronto Raptors,0.1066731865599151,-11.210163388229262,,elo,"{'home_advantage': 0.9219580578250236, 'scale': 0.3100247538112098, 'error_term': 10.18437373589939, 'win_prob_k': 5.274917593757303}",0.0,-6
2024-11-01,New Orleans Pelicans,Indiana Pacers,125,118,False,False,2024-11-01|Indiana Pacers|New Orleans Pelicans,,,,2024-11-01|Indiana Pacers|New Orleans Pelicans,0.5116918753822278,0.2467396955957648,,elo,"{'home_advantage': 0.9219580578250236, 'scale': 0.3100247538112098, 'error_term': 10.18437373589939, 'win_prob_k': 5.274917593757303}",1.0,7
2024-11-01,Minnesota Timberwolves,Denver Nuggets,119,116,False,False,2024-11-01|Denver Nuggets|Minnesota Timberwolves,,,,2024-11-01|Denver Nuggets|Minnesota Timberwolves,0.542643150969044,0.9019475351483187,,elo,"{'home_advantage': 0.9219580578250236, 'scale': 0.3100247538112098, 'error_term': 10.18437373589939, 'win_prob_k': 5.274917593757303}",1.0,3
2024-11-01,Portland Trail Blazers,Oklahoma City Thunder,114,137,False,False,2024-11-01|Oklahoma City Thunder|Portland Trail Blazers,,,,2024-11-01|Oklahoma City Thunder|Portland Trail Blazers,0.07230687362802596,-13.46043871086212,,elo,"{'home_advantage': 0.9219580578250236, 'scale': 0.3100247538112098, 'error_term': 10.18437373589939, 'win_prob_k': 5.274917593757303}",0.0,-23
2024-11-02,Charlotte Hornets,Boston Celtics,103,113,False,False,2024-11-02|Boston Celtics|Charlotte Hornets,,,,2024-11-02|Boston Celtics|Charlotte Hornets,0.09085158603384537,-11.516404129923572,,elo,"{'home_advantage': 0.7371241594972536, 'scale': 0.27316118981771703, 'error_term': 9.975470695502105, 'win_prob_k': 4.999999404880024}",0.0,-10
2024-11-02,Philadelphia 76ers,Memphis Grizzlies,107,124,False,False,2024-11-02|Memphis Grizzlies|Philadelphia 76ers,,,,2024-11-02|Memphis Grizzlies|Philadelphia 76ers,0.2919800607965131,-4.428933177953799,,elo,"{'home_advantage': 0.7371241594972536, 'scale': 0.27316118981771703, 'error_term': 9.975470695502105, 'win_prob_k': 4.999999404880024}",0.0,-17
2024-11-02,Toronto Raptors,Sacramento Kings,131,128,False,False,2024-11-02|Sacramento Kings|Toronto Raptors,,,,2024-11-02|Sacramento Kings|Toronto Raptors,0.07427636015621163,-12.613913555601957,,elo,"{'home_advantage': 0.7371241594972536, 'scale': 0.27316118981771703, 'error_term': 9.975470695502105, 'win_prob_k': 4.999999404880024}",1.0,3
2024-11-02,Houston Rockets,Golden State Warriors,121,127,False,False,2024-11-02|Golden State Warriors|Houston Rockets,,,,2024-11-02|Golden State Warriors|Houston Rockets,0.312093761691225,-3.951743960718605,,elo,"{'home_advantage': 0.7371241594972536, 'scale': 0.27316118981771703, 'error_term': 9.975470695502105, 'win_prob_k': 4.999999404880024}",0.0,-6
2024-11-02,Milwaukee Bucks,Cleveland Cavaliers,113,114,False,False,2024-11-02|Cleveland Cavaliers|Milwaukee Bucks,,,,2024-11-02|Cleveland Cavaliers|Milwaukee Bucks,0.01054651208579217,-22.706785102424053,,elo,"{'home_advantage': 0.7371241594972536, 'scale': 0.27316118981771703, 'error_term': 9.975470695502105, 'win_prob_k': 4.999999404880024}",0.0,-1
2024-11-02,San Antonio Spurs,Minnesota Timberwolves,113,103,False,False,2024-11-02|Minnesota Timberwolves|San Antonio Spurs,,,,2024-11-02|Minnesota Timberwolves|San Antonio Spurs,0.28366360677433977,-4.631803581962453,,elo,"{'home_advantage': 0.7371241594972536, 'scale': 0.27316118981771703, 'error_term': 9.975470695502105, 'win_prob_k': 4.999999404880024}",1.0,10
2024-11-02,Washington Wizards,Miami Heat,98,118,False,False,2024-11-02|Miami Heat|Washington Wizards,,,,2024-11-02|Miami Heat|Washington Wizards,0.5800625895099895,1.6151514734428702,,elo,"{'home_advantage': 0.7371241594972536, 'scale': 0.27316118981771703, 'error_term': 9.975470695502105, 'win_prob_k': 4.999999404880024}",0.0,-20
2024-11-02,Denver Nuggets,Utah Jazz,129,103,False,False,2024-11-02|Utah Jazz|Denver Nuggets,,,,2024-11-02|Utah Jazz|Denver Nuggets,0.9026078720032206,11.132712789118784,,elo,"{'home_advantage': 0.7371241594972536, 'scale': 0.27316118981771703, 'error_term': 9.975470695502105, 'win_prob_k': 4.999999404880024}",1.0,26
2024-11-02,Phoenix Suns,Portland Trail Blazers,103,97,False,False,2024-11-02|Portland Trail Blazers|Phoenix Suns,,,,2024-11-02|Portland Trail Blazers|Phoenix Suns,0.9369147639913336,13.490526127709849,,elo,"{'home_advantage': 0.7371241594972536, 'scale': 0.27316118981771703, 'error_term': 9.975470695502105, 'win_prob_k': 4.999999404880024}",1.0,6
2024-11-02,Los Angeles Clippers,Oklahoma City Thunder,92,105,False,False,2024-11-02|Oklahoma City Thunder|Los Angeles Clippers,,,,2024-11-02|Oklahoma City Thunder|Los Angeles Clippers,0.049100439827564034,-14.81770048361398,,elo,"{'home_advantage': 0.7371241594972536, 'scale': 0.27316118981771703, 'error_term': 9.975470695502105, 'win_prob_k': 4.999999404880024}",0.0,-13
2024-11-03,Brooklyn Nets,Detroit Pistons,92,106,False,False,2024-11-03|Detroit Pistons|Brooklyn Nets,,,,2024-11-03|Detroit Pistons|Brooklyn Nets,0.8756540627280227,9.426048907974447,,elo,"{'home_advantage': 0.9023113001463747, 'scale': 0.22395680075036012, 'error_term': 10.162006567203454, 'win_prob_k': 4.829156963835048}",0.0,-14
2024-11-03,New Orleans Pelicans,Atlanta Hawks,111,126,False,False,2024-11-03|Atlanta Hawks|New Orleans Pelicans,,,,2024-11-03|Atlanta Hawks|New Orleans Pelicans,0.75031922284154,5.313596432390663,,elo,"{'home_advantage': 0.9023113001463747, 'scale': 0.22395680075036012, 'error_term': 10.162006567203454, 'win_prob_k': 4.829156963835048}",0.0,-15
2024-11-03,Dallas Mavericks,Orlando Magic,108,85,False,False,2024-11-03|Orlando Magic|Dallas Mavericks,,,,2024-11-03|Orlando Magic|Dallas Mavericks,0.6544035468164325,3.0831870038563105,,elo,"{'home_advantage': 0.9023113001463747, 'scale': 0.22395680075036012, 'error_term': 10.162006567203454, 'win_prob_k': 4.829156963835048}",1.0,23
2024-11-04,Cleveland Cavaliers,Milwaukee Bucks,116,114,False,False,2024-11-04|Milwaukee Bucks|Cleveland Cavaliers,,,,2024-11-04|Milwaukee Bucks|Cleveland Cavaliers,0.9908787105521742,23.24468010872759,,elo,"{'home_advantage': 0.5360859890249893, 'scale': 0.22487743270600535, 'error_term': 10.504950407641822, 'win_prob_k': 4.958356344034215}",1.0,2
2024-11-04,Washington Wizards,Golden State Warriors,112,125,False,False,2024-11-04|Golden State Warriors|Washington Wizards,,,,2024-11-04|Golden State Warriors|Washington Wizards,0.12298574293754369,-9.740466976130167,,elo,"{'home_advantage': 0.5360859890249893, 'scale': 0.22487743270600535, 'error_term': 10.504950407641822, 'win_prob_k': 4.958356344034215}",0.0,-13
2024-11-04,Detroit Pistons,Los Angeles Lakers,115,103,False,False,2024-11-04|Los Angeles Lakers|Detroit Pistons,,,,2024-11-04|Los Angeles Lakers|Detroit Pistons,0.1379669300701637,-9.085095252329365,,elo,"{'home_advantage': 0.5360859890249893, 'scale': 0.22487743270600535, 'error_term': 10.504950407641822, 'win_prob_k': 4.958356344034215}",1.0,12
2024-11-04,Atlanta Hawks,Boston Celtics,93,123,False,False,2024-11-04|Boston Celtics|Atlanta Hawks,,,,2024-11-04|Boston Celtics|Atlanta Hawks,0.08812485501214885,-11.586431562942673,,elo,"{'home_advantage': 0.5360859890249893, 'scale': 0.22487743270600535, 'error_term': 10.504950407641822, 'win_prob_k': 4.958356344034215}",0.0,-30
2024-11-04,Brooklyn Nets,Memphis Grizzlies,106,104,False,False,2024-11-04|Memphis Grizzlies|Brooklyn Nets,,,,2024-11-04|Memphis Grizzlies|Brooklyn Nets,0.3399989313494908,-3.288872703843443,,elo,"{'home_advantage': 0.5360859890249893, 'scale': 0.22487743270600535, 'error_term': 10.504950407641822, 'win_prob_k': 4.958356344034215}",1.0,2
2024-11-04,Miami Heat,Sacramento Kings,110,111,False,False,2024-11-04|Sacramento Kings|Miami Heat,,,,2024-11-04|Sacramento Kings|Miami Heat,0.6413447635835959,2.8818243857686148,,elo,"{'home_advantage': 0.5360859890249893, 'scale': 0.22487743270600535, 'error_term': 10.504950407641822, 'win_prob_k': 4.958356344034215}",0.0,-1
2024-11-04,Chicago Bulls,Utah Jazz,126,135,False,False,2024-11-04|Utah Jazz|Chicago Bulls,,,,2024-11-04|Utah Jazz|Chicago Bulls,0.9391512761114993,13.568967175021264,,elo,"{'home_advantage': 0.5360859890249893, 'scale': 0.22487743270600535, 'error_term': 10.504950407641822, 'win_prob_k': 4.958356344034215}",0.0,-9
2024-11-04,Houston Rockets,New York Knicks,109,97,False,False,2024-11-04|New York Knicks|Houston Rockets,,,,2024-11-04|New York Knicks|Houston Rockets,0.4201180614802233,-1.5980225078661845,,elo,"{'home_advantage': 0.5360859890249893, 'scale': 0.22487743270600535, 'error_term': 10.504950407641822, 'win_prob_k': 4.958356344034215}",1.0,12
2024-11-04,Minnesota Timberwolves,Charlotte Hornets,114,93,False,False,2024-11-04|Charlotte Hornets|Minnesota Timberwolves,,,,2024-11-04|Charlotte Hornets|Minnesota Timberwolves,0.7179565242752083,4.632829281043972,,elo,"{'home_advantage': 0.5360859890249893, 'scale': 0.22487743270600535, 'error_term': 10.504950407641822, 'win_prob_k': 4.958356344034215}",1.0,21
2024-11-04,Oklahoma City Thunder,Orlando Magic,102,86,False,False,2024-11-04|Orlando Magic|Oklahoma City Thunder,,,,2024-11-04|Orlando Magic|Oklahoma City Thunder,0.9577770860482504,15.478263026726848,,elo,"{'home_advantage': 0.5360859890249893, 'scale': 0.22487743270600535, 'error_term': 10.504950407641822, 'win_prob_k': 4.958356344034215}",1.0,16
2024-11-04,New Orleans Pelicans,Portland Trail Blazers,100,118,False,False,2024-11-04|Portland Trail Blazers|New Orleans Pelicans,,,,2024-11-04|Portland Trail Blazers|New Orleans Pelicans,0.6731262314621977,3.581712387968545,,elo,"{'home_advantage': 0.5360859890249893, 'scale': 0.22487743270600535, 'error_term': 10.504950407641822, 'win_prob_k': 4.958356344034215}",0.0,-18
2024-11-04,Dallas Mavericks,Indiana Pacers,127,134,False,False,2024-11-04|Indiana Pacers|Dallas Mavericks,,,,2024-11-04|Indiana Pacers|Dallas Mavericks,0.8583743720174254,8.9342301554189,,elo,"{'home_advantage': 0.5360859890249893, 'scale': 0.22487743270600535, 'error_term': 10.504950407641822, 'win_prob_k': 4.958356344034215}",0.0,-7
2024-11-04,Denver Nuggets,Toronto Raptors,121,119,False,False,2024-11-04|Toronto Raptors|Denver Nuggets,,,,2024-11-04|Toronto Raptors|Denver Nuggets,0.7889631762543508,6.538520101689995,,elo,"{'home_advantage': 0.5360859890249893, 'scale': 0.22487743270600535, 'error_term': 10.504950407641822, 'win_prob_k': 4.958356344034215}",1.0,2
2024-11-04,Phoenix Suns,Philadelphia 76ers,118,116,False,False,2024-11-04|Philadelphia 76ers|Phoenix Suns,,,,2024-11-04|Philadelphia 76ers|Phoenix Suns,0.9615391379761719,15.960424060338731,,elo,"{'home_advantage': 0.5360859890249893, 'scale': 0.22487743270600535, 'error_term': 10.504950407641822, 'win_prob_k': 4.958356344034215}",1.0,2
2024-11-04,Los Angeles Clippers,San Antonio Spurs,113,104,False,False,2024-11-04|San Antonio Spurs|Los Angeles Clippers,,,,2024-11-04|San Antonio Spurs|Los Angeles Clippers,0.3179909599975567,-3.7833248503443575,,elo,"{'home_advantage': 0.5360859890249893, 'scale': 0.22487743270600535, 'error_term': 10.504950407641822, 'win_prob_k': 4.958356344034215}",1.0,9
2024-11-06,Charlotte Hornets,Detroit Pistons,108,107,False,False,2024-11-06|Detroit Pistons|Charlotte Hornets,,,,2024-11-06|Detroit Pistons|Charlotte Hornets,0.3735113426936441,-2.6926312919886484,,elo,"{'home_advantage': 0.002646593015426938, 'scale': 0.1862684851779902, 'error_term': 10.879474821417652, 'win_prob_k': 5.20634853508821}",1.0,1
2024-11-06,Indiana Pacers,Orlando Magic,118,111,False,False,2024-11-06|Orlando Magic|Indiana Pacers,,,,2024-11-06|Orlando Magic|Indiana Pacers,0.5973740905846523,2.054090198070368,,elo,"{'home_advantage': 0.002646593015426938, 'scale': 0.1862684851779902, 'error_term': 10.879474821417652, 'win_prob_k': 5.20634853508821}",1.0,7
2024-11-06,Atlanta Hawks,New York Knicks,121,116,False,False,2024-11-06|New York Knicks|Atlanta Hawks,,,,2024-11-06|New York Knicks|Atlanta Hawks,0.33310200850620936,-3.614186358565998,,elo,"{'home_advantage': 0.002646593015426938, 'scale': 0.1862684851779902, 'error_term': 10.879474821417652, 'win_prob_k': 5.20634853508821}",1.0,5
2024-11-06,Boston Celtics,Golden State Warriors,112,118,False,False,2024-11-06|Golden State Warriors|Boston Celtics,,,,2024-11-06|Golden State Warriors|Boston Celtics,0.551448442491701,1.075239663245854,,elo,"{'home_advantage': 0.002646593015426938, 'scale': 0.1862684851779902, 'error_term': 10.879474821417652, 'win_prob_k': 5.20634853508821}",0.0,-6
2024-11-06,Houston Rockets,San Antonio Spurs,127,100,False,False,2024-11-06|San Antonio Spurs|Houston Rockets,,,,2024-11-06|San Antonio Spurs|Houston Rockets,0.6815591106707952,3.9617506990124536,,elo,"{'home_advantage': 0.002646593015426938, 'scale': 0.1862684851779902, 'error_term': 10.879474821417652, 'win_prob_k': 5.20634853508821}",1.0,27
2024-11-06,Memphis Grizzlies,Los Angeles Lakers,131,114,False,False,2024-11-06|Los Angeles Lakers|Memphis Grizzlies,,,,2024-11-06|Los Angeles Lakers|Memphis Grizzlies,0.41890732595256397,-1.703832410171543,,elo,"{'home_advantage': 0.002646593015426938, 'scale': 0.1862684851779902, 'error_term': 10.879474821417652, 'win_prob_k': 5.20634853508821}",1.0,17
2024-11-06,New Orleans Pelicans,Cleveland Cavaliers,122,131,False,False,2024-11-06|Cleveland Cavaliers|New Orleans Pelicans,,,,2024-11-06|Cleveland Cavaliers|New Orleans Pelicans,0.034869717909154385,-17.288431736306034,,elo,"{'home_advantage': 0.002646593015426938, 'scale': 0.1862684851779902, 'error_term': 10.879474821417652, 'win_prob_k': 5.20634853508821}",0.0,-9
2024-11-06,Dallas Mavericks,Chicago Bulls,119,99,False,False,2024-11-06|Chicago Bulls|Dallas Mavericks,,,,2024-11-06|Chicago Bulls|Dallas Mavericks,0.6530206418503958,3.292200384151049,,elo,"{'home_advantage': 0.002646593015426938, 'scale': 0.1862684851779902, 'error_term': 10.879474821417652, 'win_prob_k': 5.20634853508821}",1.0,20
2024-11-06,Denver Nuggets,Oklahoma City Thunder,124,122,False,False,2024-11-06|Oklahoma City Thunder|Denver Nuggets,,,,2024-11-06|Oklahoma City Thunder|Denver Nuggets,0.12151727533113049,-10.298885283186667,,elo,"{'home_advantage': 0.002646593015426938, 'scale': 0.1862684851779902, 'error_term': 10.879474821417652, 'win_prob_k': 5.20634853508821}",1.0,2
2024-11-06,Phoenix Suns,Miami Heat,115,112,False,False,2024-11-06|Miami Heat|Phoenix Suns,,,,2024-11-06|Miami Heat|Phoenix Suns,0.8487636029400374,8.980620878649363,,elo,"{'home_advantage': 0.002646593015426938, 'scale': 0.1862684851779902, 'error_term': 10.879474821417652, 'win_prob_k': 5.20634853508821}",1.0,3
2024-11-06,Los Angeles Clippers,Philadelphia 76ers,110,98,False,False,2024-11-06|Philadelphia 76ers|Los Angeles Clippers,,,,2024-11-06|Philadelphia 76ers|Los Angeles Clippers,0.7470715439811311,5.63875811313727,,elo,"{'home_advantage': 0.002646593015426938, 'scale': 0.1862684851779902, 'error_term': 10.879474821417652, 'win_prob_k': 5.20634853508821}",1.0,12
2024-11-06,Sacramento Kings,Toronto Raptors,122,107,False,False,2024-11-06|Toronto Raptors|Sacramento Kings,,,,2024-11-06|Toronto Raptors|Sacramento Kings,0.8365063752612509,8.499156482410749,,elo,"{'home_advantage': 0.002646593015426938, 'scale': 0.1862684851779902, 'error_term': 10.879474821417652, 'win_prob_k': 5.20634853508821}",1.0,15
2024-11-07,Chicago Bulls,Minnesota Timberwolves,119,135,False,False,2024-11-07|Minnesota Timberwolves|Chicago Bulls,,,,2024-11-07|Minnesota Timberwolves|Chicago Bulls,0.30140108090255113,-4.4714509725242335,,elo,"{'home_advantage': 0.31421867905470047, 'scale': 0.16499324724084946, 'error_term': 11.056120530459847, 'win_prob_k': 5.319135459543775}",0.0,-16
2024-11-07,Milwaukee Bucks,Utah Jazz,123,100,False,False,2024-11-07|Utah Jazz|Milwaukee Bucks,,,,2024-11-07|Utah Jazz|Milwaukee Bucks,0.5188566619218495,0.4013949291788903,,elo,"{'home_advantage': 0.31421867905470047, 'scale': 0.16499324724084946, 'error_term': 11.056120530459847, 'win_prob_k': 5.319135459543775}",1.0,23
2024-11-07,San Antonio Spurs,Portland Trail Blazers,118,105,False,False,2024-11-07|Portland Trail Blazers|San Antonio Spurs,,,,2024-11-07|Portland Trail Blazers|San Antonio Spurs,0.4834319927318696,-0.3526390029688412,,elo,"{'home_advantage': 0.31421867905470047, 'scale': 0.16499324724084946, 'error_term': 11.056120530459847, 'win_prob_k': 5.319135459543775}",1.0,13
2024-11-08,Charlotte Hornets,Indiana Pacers,103,83,False,False,2024-11-08|Indiana Pacers|Charlotte Hornets,,,,2024-11-08|Indiana Pacers|Charlotte Hornets,0.3753933786604562,-2.7436402105518756,,elo,"{'home_advantage': 0.5276149907623214, 'scale': 0.16879460248905623, 'error_term': 11.026416424578358, 'win_prob_k': 5.388693626553485}",1.0,20
2024-11-08,Detroit Pistons,Atlanta Hawks,122,121,False,False,2024-11-08|Atlanta Hawks|Detroit Pistons,,,,2024-11-08|Atlanta Hawks|Detroit Pistons,0.4012561787439585,-2.1567370911773702,,elo,"{'home_advantage': 0.5276149907623214, 'scale': 0.16879460248905623, 'error_term': 11.026416424578358, 'win_prob_k': 5.388693626553485}",1.0,1
2024-11-08,Orlando Magic,New Orleans Pelicans,115,88,False,False,2024-11-08|New Orleans Pelicans|Orlando Magic,,,,2024-11-08|New Orleans Pelicans|Orlando Magic,0.5304916123955157,0.6580564005325529,,elo,"{'home_advantage': 0.5276149907623214, 'scale': 0.16879460248905623, 'error_term': 11.026416424578358, 'win_prob_k': 5.388693626553485}",1.0,27
2024-11-08,Boston Celtics,Brooklyn Nets,108,104,False,False,2024-11-08|Brooklyn Nets|Boston Celtics,,,,2024-11-08|Brooklyn Nets|Boston Celtics,0.7965650851190199,7.355365881601397,,elo,"{'home_advantage': 0.5276149907623214, 'scale': 0.16879460248905623, 'error_term': 11.026416424578358, 'win_prob_k': 5.388693626553485}",1.0,4
2024-11-08,Cleveland Cavaliers,Golden State Warriors,136,117,False,False,2024-11-08|Golden State Warriors|Cleveland Cavaliers,,,,2024-11-08|Golden State Warriors|Cleveland Cavaliers,0.684617867513981,4.176646036291294,,elo,"{'home_advantage': 0.5276149907623214, 'scale': 0.16879460248905623, 'error_term': 11.026416424578358, 'win_prob_k': 5.388693626553485}",1.0,19
2024-11-08,Dallas Mavericks,Phoenix Suns,113,114,False,False,2024-11-08|Phoenix Suns|Dallas Mavericks,,,,2024-11-08|Phoenix Suns|Dallas Mavericks,0.2467160988536577,-6.0148808703558325,,elo,"{'home_advantage': 0.5276149907623214, 'scale': 0.16879460248905623, 'error_term': 11.026416424578358, 'win_prob_k': 5.388693626553485}",0.0,-1
2024-11-08,New York Knicks,Milwaukee Bucks,116,94,False,False,2024-11-08|Milwaukee Bucks|New York Knicks,,,,2024-11-08|Milwaukee Bucks|New York Knicks,0.7053237960685173,4.703143176537236,,elo,"{'home_advantage': 0.5276149907623214, 'scale': 0.16879460248905623, 'error_term': 11.026416424578358, 'win_prob_k': 5.388693626553485}",1.0,22
2024-11-08,Memphis Grizzlies,Washington Wizards,128,104,False,False,2024-11-08|Washington Wizards|Memphis Grizzlies,,,,2024-11-08|Washington Wizards|Memphis Grizzlies,0.703905728214038,4.666428423528552,,elo,"{'home_advantage': 0.5276149907623214, 'scale': 0.16879460248905623, 'error_term': 11.026416424578358, 'win_prob_k': 5.388693626553485}",1.0,24
2024-11-08,Oklahoma City Thunder,Houston Rockets,126,107,False,False,2024-11-08|Houston Rockets|Oklahoma City Thunder,,,,2024-11-08|Houston Rockets|Oklahoma City Thunder,0.7439649155693886,5.748008449771739,,elo,"{'home_advantage': 0.5276149907623214, 'scale': 0.16879460248905623, 'error_term': 11.026416424578358, 'win_prob_k': 5.388693626553485}",1.0,19
2024-11-08,Denver Nuggets,Miami Heat,135,122,False,False,2024-11-08|Miami Heat|Denver Nuggets,,,,2024-11-08|Miami Heat|Denver Nuggets,0.7378671778264627,5.576826405692421,,elo,"{'home_advantage': 0.5276149907623214, 'scale': 0.16879460248905623, 'error_term': 11.026416424578358, 'win_prob_k': 5.388693626553485}",1.0,13
2024-11-08,Minnesota Timberwolves,Portland Trail Blazers,127,102,False,False,2024-11-08|Portland Trail Blazers|Minnesota Timberwolves,,,,2024-11-08|Portland Trail Blazers|Minnesota Timberwolves,0.8100893301333257,7.8167889821297,,elo,"{'home_advantage': 0.5276149907623214, 'scale': 0.16879460248905623, 'error_term': 11.026416424578358, 'win_prob_k': 5.388693626553485}",1.0,25
2024-11-08,Los Angeles Lakers,Philadelphia 76ers,116,106,False,False,2024-11-08|Philadelphia 76ers|Los Angeles Lakers,,,,2024-11-08|Philadelphia 76ers|Los Angeles Lakers,0.8112039010595463,7.855916976420834,,elo,"{'home_advantage': 0.5276149907623214, 'scale': 0.16879460248905623, 'error_term': 11.026416424578358, 'win_prob_k': 5.388693626553485}",1.0,10
2024-11-08,Sacramento Kings,Los Angeles Clippers,98,107,False,False,2024-11-08|Los Angeles Clippers|Sacramento Kings,,,,2024-11-08|Los Angeles Clippers|Sacramento Kings,0.6452152752994175,3.222831220419389,,elo,"{'home_advantage': 0.5276149907623214, 'scale': 0.16879460248905623, 'error_term': 11.026416424578358, 'win_prob_k': 5.388693626553485}",0.0,-9
2024-11-09,San Antonio Spurs,Utah Jazz,110,111,False,False,2024-11-09|Utah Jazz|San Antonio Spurs,,,,2024-11-09|Utah Jazz|San Antonio Spurs,0.8596651077823547,9.001454361827573,,elo,"{'home_advantage': 1.4490819514475721, 'scale': 0.16304024384590496, 'error_term': 11.209633436847984, 'win_prob_k': 4.96628882140155}",0.0,-1
2024-11-09,Atlanta Hawks,Chicago Bulls,113,125,False,False,2024-11-09|Chicago Bulls|Atlanta Hawks,,,,2024-11-09|Chicago Bulls|Atlanta Hawks,0.6539726092269764,3.1612788957196942,,elo,"{'home_advantage': 1.4490819514475721, 'scale': 0.16304024384590496, 'error_term': 11.209633436847984, 'win_prob_k': 4.96628882140155}",0.0,-12
2024-11-09,Cleveland Cavaliers,Brooklyn Nets,105,100,False,False,2024-11-09|Brooklyn Nets|Cleveland Cavaliers,,,,2024-11-09|Brooklyn Nets|Cleveland Cavaliers,0.9678918386790587,16.91522988298941,,elo,"{'home_advantage': 1.4490819514475721, 'scale': 0.16304024384590496, 'error_term': 11.209633436847984, 'win_prob_k': 4.96628882140155}",1.0,5
2024-11-09,Los Angeles Clippers,Toronto Raptors,105,103,False,False,2024-11-09|Toronto Raptors|Los Angeles Clippers,,,,2024-11-09|Toronto Raptors|Los Angeles Clippers,0.8983771194115979,10.82313862562125,,elo,"{'home_advantage': 1.4490819514475721, 'scale': 0.16304024384590496, 'error_term': 11.209633436847984, 'win_prob_k': 4.96628882140155}",1.0,2
2024-11-10,Detroit Pistons,Houston Rockets,99,101,False,False,2024-11-10|Houston Rockets|Detroit Pistons,,,,2024-11-10|Houston Rockets|Detroit Pistons,0.3639507239342514,-2.6587580689555947,,elo,"{'home_advantage': 1.1871169625125175, 'scale': 0.15000941081728264, 'error_term': 11.346688519142724, 'win_prob_k': 4.762601152515092}",0.0,-2
2024-11-10,Milwaukee Bucks,Boston Celtics,107,113,False,False,2024-11-10|Boston Celtics|Milwaukee Bucks,,,,2024-11-10|Boston Celtics|Milwaukee Bucks,0.06107426799807338,-13.014501806243544,,elo,"{'home_advantage': 1.1871169625125175, 'scale': 0.15000941081728264, 'error_term': 11.346688519142724, 'win_prob_k': 4.762601152515092}",0.0,-6
2024-11-10,Indiana Pacers,New York Knicks,132,121,False,False,2024-11-10|New York Knicks|Indiana Pacers,,,,2024-11-10|New York Knicks|Indiana Pacers,0.4968983881290734,-0.059087718990470606,,elo,"{'home_advantage': 1.1871169625125175, 'scale': 0.15000941081728264, 'error_term': 11.346688519142724, 'win_prob_k': 4.762601152515092}",1.0,11
2024-11-10,Orlando Magic,Washington Wizards,121,94,False,False,2024-11-10|Washington Wizards|Orlando Magic,,,,2024-11-10|Washington Wizards|Orlando Magic,0.6175862255116106,2.2827885219032376,,elo,"{'home_advantage': 1.1871169625125175, 'scale': 0.15000941081728264, 'error_term': 11.346688519142724, 'win_prob_k': 4.762601152515092}",1.0,27
2024-11-10,Minnesota Timberwolves,Miami Heat,94,95,False,False,2024-11-10|Miami Heat|Minnesota Timberwolves,,,,2024-11-10|Miami Heat|Minnesota Timberwolves,0.8457622274587164,8.10472258177401,,elo,"{'home_advantage': 1.1871169625125175, 'scale': 0.15000941081728264, 'error_term': 11.346688519142724, 'win_prob_k': 4.762601152515092}",0.0,-1
2024-11-10,Oklahoma City Thunder,Golden State Warriors,116,127,False,False,2024-11-10|Golden State Warriors|Oklahoma City Thunder,,,,2024-11-10|Golden State Warriors|Oklahoma City Thunder,0.6663277142769507,3.29392107812808,,elo,"{'home_advantage': 1.1871169625125175, 'scale': 0.15000941081728264, 'error_term': 11.346688519142724, 'win_prob_k': 4.762601152515092}",0.0,-11
2024-11-10,Philadelphia 76ers,Charlotte Hornets,107,105,False,False,2024-11-10|Charlotte Hornets|Philadelphia 76ers,,,,2024-11-10|Charlotte Hornets|Philadelphia 76ers,0.2172606668058076,-6.104234806125795,,elo,"{'home_advantage': 1.1871169625125175, 'scale': 0.15000941081728264, 'error_term': 11.346688519142724, 'win_prob_k': 4.762601152515092}",1.0,2
2024-11-10,Denver Nuggets,Dallas Mavericks,122,120,False,False,2024-11-10|Dallas Mavericks|Denver Nuggets,,,,2024-11-10|Dallas Mavericks|Denver Nuggets,0.7148252436153122,4.37652529858009,,elo,"{'home_advantage': 1.1871169625125175, 'scale': 0.15000941081728264, 'error_term': 11.346688519142724, 'win_prob_k': 4.762601152515092}",1.0,2
2024-11-10,Phoenix Suns,Sacramento Kings,118,127,False,False,2024-11-10|Sacramento Kings|Phoenix Suns,,,,2024-11-10|Sacramento Kings|Phoenix Suns,0.8863734671649246,9.783436919443384,,elo,"{'home_advantage': 1.1871169625125175, 'scale': 0.15000941081728264, 'error_term': 11.346688519142724, 'win_prob_k': 4.762601152515092}",0.0,-9
2024-11-10,Portland Trail Blazers,Memphis Grizzlies,89,134,False,False,2024-11-10|Memphis Grizzlies|Portland Trail Blazers,,,,2024-11-10|Memphis Grizzlies|Portland Trail Blazers,0.20568039470850927,-6.435047716891347,,elo,"{'home_advantage': 1.1871169625125175, 'scale': 0.15000941081728264, 'error_term': 11.346688519142724, 'win_prob_k': 4.762601152515092}",0.0,-45
2024-11-10,Los Angeles Lakers,Toronto Raptors,123,103,False,False,2024-11-10|Toronto Raptors|Los Angeles Lakers,,,,2024-11-10|Toronto Raptors|Los Angeles Lakers,0.8917858122891961,10.044866387358299,,elo,"{'home_advantage': 1.1871169625125175, 'scale': 0.15000941081728264, 'error_term': 11.346688519142724, 'win_prob_k': 4.762601152515092}",1.0,20
2024-11-11,Chicago Bulls,Cleveland Cavaliers,113,119,False,False,2024-11-11|Cleveland Cavaliers|Chicago Bulls,,,,2024-11-11|Cleveland Cavaliers|Chicago Bulls,0.0516248883126595,-15.163752935298241,,elo,"{'home_advantage': 1.2373764800351765, 'scale': 0.1442909285362938, 'error_term': 11.752784771209395, 'win_prob_k': 5.209575748118496}",0.0,-6
2024-11-11,Houston Rockets,Washington Wizards,107,92,False,False,2024-11-11|Washington Wizards|Houston Rockets,,,,2024-11-11|Washington Wizards|Houston Rockets,0.8604877624899239,9.478026387115884,,elo,"{'home_advantage': 1.2373764800351765, 'scale': 0.1442909285362938, 'error_term': 11.752784771209395, 'win_prob_k': 5.209575748118496}",1.0,15
2024-11-11,New Orleans Pelicans,Brooklyn Nets,105,107,False,False,2024-11-11|Brooklyn Nets|New Orleans Pelicans,,,,2024-11-11|Brooklyn Nets|New Orleans Pelicans,0.3897167729025313,-2.3365098524651433,,elo,"{'home_advantage': 1.2373764800351765, 'scale': 0.1442909285362938, 'error_term': 11.752784771209395, 'win_prob_k': 5.209575748118496}",0.0,-2
2024-11-11,Oklahoma City Thunder,Los Angeles Clippers,134,128,False,False,2024-11-11|Los Angeles Clippers|Oklahoma City Thunder,,,,2024-11-11|Los Angeles Clippers|Oklahoma City Thunder,0.7465706944708,5.628453786866627,,elo,"{'home_advantage': 1.2373764800351765, 'scale': 0.1442909285362938, 'error_term': 11.752784771209395, 'win_prob_k': 5.209575748118496}",1.0,6
2024-11-11,San Antonio Spurs,Sacramento Kings,116,96,False,False,2024-11-11|Sacramento Kings|San Antonio Spurs,,,,2024-11-11|Sacramento Kings|San Antonio Spurs,0.30232065056399143,-4.3566192121335625,,elo,"{'home_advantage': 1.2373764800351765, 'scale': 0.1442909285362938, 'error_term': 11.752784771209395, 'win_prob_k': 5.209575748118496}",1.0,20
2024-11-12,Boston Celtics,Atlanta Hawks,116,117,False,False,2024-11-12|Atlanta Hawks|Boston Celtics,,,,2024-11-12|Atlanta Hawks|Boston Celtics,0.9351603733836736,13.575611279878592,,elo,"{'home_advantage': 1.4839069871755926, 'scale': 0.13891179700317677, 'error_term': 11.625261667532863, 'win_prob_k': 5.086782708152873}",0.0,-1
2024-11-12,Detroit Pistons,Miami Heat,123,121,False,False,2024-11-12|Miami Heat|Detroit Pistons,,,,2024-11-12|Miami Heat|Detroit Pistons,0.47016308611106494,-0.6078177496481265,,elo,"{'home_advantage': 1.4839069871755926, 'scale': 0.13891179700317677, 'error_term': 11.625261667532863, 'win_prob_k': 5.086782708152873}",1.0,2
2024-11-12,Orlando Magic,Charlotte Hornets,114,89,False,False,2024-11-12|Charlotte Hornets|Orlando Magic,,,,2024-11-12|Charlotte Hornets|Orlando Magic,0.6350398324928329,2.817566438079659,,elo,"{'home_advantage': 1.4839069871755926, 'scale': 0.13891179700317677, 'error_term': 11.625261667532863, 'win_prob_k': 5.086782708152873}",1.0,25
2024-11-12,Philadelphia 76ers,New York Knicks,99,111,False,False,2024-11-12|New York Knicks|Philadelphia 76ers,,,,2024-11-12|New York Knicks|Philadelphia 76ers,0.3487629842180684,-3.176599621953772,,elo,"{'home_advantage': 1.4839069871755926, 'scale': 0.13891179700317677, 'error_term': 11.625261667532863, 'win_prob_k': 5.086782708152873}",0.0,-12
2024-11-12,Milwaukee Bucks,Toronto Raptors,99,85,False,False,2024-11-12|Toronto Raptors|Milwaukee Bucks,,,,2024-11-12|Toronto Raptors|Milwaukee Bucks,0.6435868766914133,3.006118212287005,,elo,"{'home_advantage': 1.4839069871755926, 'scale': 0.13891179700317677, 'error_term': 11.625261667532863, 'win_prob_k': 5.086782708152873}",1.0,14
2024-11-12,Utah Jazz,Phoenix Suns,112,120,False,False,2024-11-12|Phoenix Suns|Utah Jazz,,,,2024-11-12|Phoenix Suns|Utah Jazz,0.0876324895862584,-11.91777776150632,,elo,"{'home_advantage': 1.4839069871755926, 'scale': 0.13891179700317677, 'error_term': 11.625261667532863, 'win_prob_k': 5.086782708152873}",0.0,-8
2024-11-12,Golden State Warriors,Dallas Mavericks,120,117,False,False,2024-11-12|Dallas Mavericks|Golden State Warriors,,,,2024-11-12|Dallas Mavericks|Golden State Warriors,0.8706167279998762,9.697558244170434,,elo,"{'home_advantage': 1.4839069871755926, 'scale': 0.13891179700317677, 'error_term': 11.625261667532863, 'win_prob_k': 5.086782708152873}",1.0,3
2024-11-12,Portland Trail Blazers,Minnesota Timberwolves,122,108,False,False,2024-11-12|Minnesota Timberwolves|Portland Trail Blazers,,,,2024-11-12|Minnesota Timberwolves|Portland Trail Blazers,0.2157683430296058,-6.564488564494836,,elo,"{'home_advantage': 1.4839069871755926, 'scale': 0.13891179700317677, 'error_term': 11.625261667532863, 'win_prob_k': 5.086782708152873}",1.0,14
2024-11-13,Orlando Magic,Indiana Pacers,94,90,False,False,2024-11-13|Indiana Pacers|Orlando Magic,,,,2024-11-13|Indiana Pacers|Orlando Magic,0.5775933796843626,1.6085149376324985,,elo,"{'home_advantage': 1.6855502160981886, 'scale': 0.135116758609786, 'error_term': 11.671666477826287, 'win_prob_k': 5.140639481513061}",1.0,4
2024-11-13,Brooklyn Nets,Boston Celtics,114,139,False,False,2024-11-13|Boston Celtics|Brooklyn Nets,,,,2024-11-13|Boston Celtics|Brooklyn Nets,0.26613436845267957,-5.21427720288886,,elo,"{'home_advantage': 1.6855502160981886, 'scale': 0.135116758609786, 'error_term': 11.671666477826287, 'win_prob_k': 5.140639481513061}",0.0,-25
2024-11-13,New York Knicks,Chicago Bulls,123,124,False,False,2024-11-13|Chicago Bulls|New York Knicks,,,,2024-11-13|Chicago Bulls|New York Knicks,0.722258729520264,4.9128753642233844,,elo,"{'home_advantage': 1.6855502160981886, 'scale': 0.135116758609786, 'error_term': 11.671666477826287, 'win_prob_k': 5.140639481513061}",0.0,-1
2024-11-13,Oklahoma City Thunder,New Orleans Pelicans,106,88,False,False,2024-11-13|New Orleans Pelicans|Oklahoma City Thunder,,,,2024-11-13|New Orleans Pelicans|Oklahoma City Thunder,0.9602091052936568,16.365292457644028,,elo,"{'home_advantage': 1.6855502160981886, 'scale': 0.135116758609786, 'error_term': 11.671666477826287, 'win_prob_k': 5.140639481513061}",1.0,18
2024-11-13,Philadelphia 76ers,Cleveland Cavaliers,106,114,False,False,2024-11-13|Cleveland Cavaliers|Philadelphia 76ers,,,,2024-11-13|Cleveland Cavaliers|Philadelphia 76ers,0.023012695929394957,-19.269314896588828,,elo,"{'home_advantage': 1.6855502160981886, 'scale': 0.135116758609786, 'error_term': 11.671666477826287, 'win_prob_k': 5.140639481513061}",0.0,-8
2024-11-13,Houston Rockets,Los Angeles Clippers,111,103,False,False,2024-11-13|Los Angeles Clippers|Houston Rockets,,,,2024-11-13|Los Angeles Clippers|Houston Rockets,0.6926830979338642,4.177762416114925,,elo,"{'home_advantage': 1.6855502160981886, 'scale': 0.135116758609786, 'error_term': 11.671666477826287, 'win_prob_k': 5.140639481513061}",1.0,8
2024-11-13,Milwaukee Bucks,Detroit Pistons,127,120,False,False,2024-11-13|Detroit Pistons|Milwaukee Bucks,,,,2024-11-13|Detroit Pistons|Milwaukee Bucks,0.3924250098401418,-2.2471284919831804,,elo,"{'home_advantage': 1.6855502160981886, 'scale': 0.135116758609786, 'error_term': 11.671666477826287, 'win_prob_k': 5.140639481513061}",1.0,7
2024-11-13,San Antonio Spurs,Washington Wizards,139,130,False,False,2024-11-13|Washington Wizards|San Antonio Spurs,,,,2024-11-13|Washington Wizards|San Antonio Spurs,0.7778348110182519,6.4416992304485765,,elo,"{'home_advantage': 1.6855502160981886, 'scale': 0.135116758609786, 'error_term': 11.671666477826287, 'win_prob_k': 5.140639481513061}",1.0,9
2024-11-13,Los Angeles Lakers,Memphis Grizzlies,128,123,False,False,2024-11-13|Memphis Grizzlies|Los Angeles Lakers,,,,2024-11-13|Memphis Grizzlies|Los Angeles Lakers,0.5022282924223246,0.04581969535576369,,elo,"{'home_advantage': 1.6855502160981886, 'scale': 0.135116758609786, 'error_term': 11.671666477826287, 'win_prob_k': 5.140639481513061}",1.0,5
2024-11-13,Portland Trail Blazers,Minnesota Timberwolves,106,98,False,False,2024-11-13|Minnesota Timberwolves|Portland Trail Blazers,,,,2024-11-13|Minnesota Timberwolves|Portland Trail Blazers,0.35837126854173146,-2.9941157278152835,,elo,"{'home_advantage': 1.6855502160981886, 'scale': 0.135116758609786, 'error_term': 11.671666477826287, 'win_prob_k': 5.140639481513061}",1.0,8
2024-11-13,Sacramento Kings,Phoenix Suns,127,104,False,False,2024-11-13|Phoenix Suns|Sacramento Kings,,,,2024-11-13|Phoenix Suns|Sacramento Kings,0.2591405672355424,-5.399934687992565,,elo,"{'home_advantage': 1.6855502160981886, 'scale': 0.135116758609786, 'error_term': 11.671666477826287, 'win_prob_k': 5.140639481513061}",1.0,23
2024-11-14,Utah Jazz,Dallas Mavericks,115,113,False,False,2024-11-14|Dallas Mavericks|Utah Jazz,,,,2024-11-14|Dallas Mavericks|Utah Jazz,0.34351312024588226,-3.2896421314730615,,elo,"{'home_advantage': 1.9569789825295523, 'scale': 0.12746296111002303, 'error_term': 11.631023021881639, 'win_prob_k': 5.07913680920864}",1.0,2
2024-11-15,Indiana Pacers,Miami Heat,111,124,False,False,2024-11-15|Miami Heat|Indiana Pacers,,,,2024-11-15|Miami Heat|Indiana Pacers,0.6540126652398064,3.1997277184696897,,elo,"{'home_advantage': 1.9941848276288783, 'scale': 0.12571679344739997, 'error_term': 11.69208126935452, 'win_prob_k': 5.025293482680825}",0.0,-13
2024-11-15,Orlando Magic,Philadelphia 76ers,98,86,False,False,2024-11-15|Philadelphia 76ers|Orlando Magic,,,,2024-11-15|Philadelphia 76ers|Orlando Magic,0.8955178404249377,10.796269201978816,,elo,"{'home_advantage': 1.9941848276288783, 'scale': 0.12571679344739997, 'error_term': 11.69208126935452, 'win_prob_k': 5.025293482680825}",1.0,12
2024-11-15,Toronto Raptors,Detroit Pistons,95,99,False,False,2024-11-15|Detroit Pistons|Toronto Raptors,,,,2024-11-15|Detroit Pistons|Toronto Raptors,0.3059918236262924,-4.115340277102792,,elo,"{'home_advantage': 1.9941848276288783, 'scale': 0.12571679344739997, 'error_term': 11.69208126935452, 'win_prob_k': 5.025293482680825}",0.0,-4
2024-11-15,Atlanta Hawks,Washington Wizards,129,117,False,False,2024-11-15|Washington Wizards|Atlanta Hawks,,,,2024-11-15|Washington Wizards|Atlanta Hawks,0.7883891362276398,6.609480849466517,,elo,"{'home_advantage': 1.9941848276288783, 'scale': 0.12571679344739997, 'error_term': 11.69208126935452, 'win_prob_k': 5.025293482680825}",1.0,12
2024-11-15,Cleveland Cavaliers,Chicago Bulls,144,126,False,False,2024-11-15|Chicago Bulls|Cleveland Cavaliers,,,,2024-11-15|Chicago Bulls|Cleveland Cavaliers,0.9695484239184433,17.39099631143548,,elo,"{'home_advantage': 1.9941848276288783, 'scale': 0.12571679344739997, 'error_term': 11.69208126935452, 'win_prob_k': 5.025293482680825}",1.0,18
2024-11-15,New York Knicks,Brooklyn Nets,124,122,False,False,2024-11-15|Brooklyn Nets|New York Knicks,,,,2024-11-15|Brooklyn Nets|New York Knicks,0.6067703309342203,2.1797537684960693,,elo,"{'home_advantage': 1.9941848276288783, 'scale': 0.12571679344739997, 'error_term': 11.69208126935452, 'win_prob_k': 5.025293482680825}",1.0,2
2024-11-15,San Antonio Spurs,Los Angeles Lakers,115,120,False,False,2024-11-15|Los Angeles Lakers|San Antonio Spurs,,,,2024-11-15|Los Angeles Lakers|San Antonio Spurs,0.4502590837355297,-1.0031689207591896,,elo,"{'home_advantage': 1.9941848276288783, 'scale': 0.12571679344739997, 'error_term': 11.69208126935452, 'win_prob_k': 5.025293482680825}",0.0,-5
2024-11-15,Houston Rockets,Los Angeles Clippers,125,104,False,False,2024-11-15|Los Angeles Clippers|Houston Rockets,,,,2024-11-15|Los Angeles Clippers|Houston Rockets,0.7911812400837455,6.693994300921079,,elo,"{'home_advantage': 1.9941848276288783, 'scale': 0.12571679344739997, 'error_term': 11.69208126935452, 'win_prob_k': 5.025293482680825}",1.0,21
2024-11-15,New Orleans Pelicans,Denver Nuggets,101,94,False,False,2024-11-15|Denver Nuggets|New Orleans Pelicans,,,,2024-11-15|Denver Nuggets|New Orleans Pelicans,0.12359231684088896,-9.84376092530976,,elo,"{'home_advantage': 1.9941848276288783, 'scale': 0.12571679344739997, 'error_term': 11.69208126935452, 'win_prob_k': 5.025293482680825}",1.0,7
2024-11-15,Oklahoma City Thunder,Phoenix Suns,99,83,False,False,2024-11-15|Phoenix Suns|Oklahoma City Thunder,,,,2024-11-15|Phoenix Suns|Oklahoma City Thunder,0.7019347042238535,4.304303620962328,,elo,"{'home_advantage': 1.9941848276288783, 'scale': 0.12571679344739997, 'error_term': 11.69208126935452, 'win_prob_k': 5.025293482680825}",1.0,16
2024-11-15,Golden State Warriors,Memphis Grizzlies,123,118,False,False,2024-11-15|Memphis Grizzlies|Golden State Warriors,,,,2024-11-15|Memphis Grizzlies|Golden State Warriors,0.8405118538226644,8.35224609287402,,elo,"{'home_advantage': 1.9941848276288783, 'scale': 0.12571679344739997, 'error_term': 11.69208126935452, 'win_prob_k': 5.025293482680825}",1.0,5
2024-11-15,Sacramento Kings,Minnesota Timberwolves,126,130,False,False,2024-11-15|Minnesota Timberwolves|Sacramento Kings,,,,2024-11-15|Minnesota Timberwolves|Sacramento Kings,0.740439178526949,5.2677761551181534,,elo,"{'home_advantage': 1.9941848276288783, 'scale': 0.12571679344739997, 'error_term': 11.69208126935452, 'win_prob_k': 5.025293482680825}",0.0,-4
2024-11-16,Charlotte Hornets,Milwaukee Bucks,115,114,False,False,2024-11-16|Milwaukee Bucks|Charlotte Hornets,,,,2024-11-16|Milwaukee Bucks|Charlotte Hornets,0.6145398800114449,2.3587823169324644,,elo,"{'home_advantage': 2.064519691645937, 'scale': 0.1201532743210195, 'error_term': 11.457668951221208, 'win_prob_k': 5.057032205211415}",1.0,1
2024-11-16,Boston Celtics,Toronto Raptors,126,123,False,False,2024-11-16|Toronto Raptors|Boston Celtics,,,,2024-11-16|Toronto Raptors|Boston Celtics,0.9736219143250711,18.248247475121225,,elo,"{'home_advantage': 2.064519691645937, 'scale': 0.1201532743210195, 'error_term': 11.457668951221208, 'win_prob_k': 5.057032205211415}",1.0,3
2024-11-16,New Orleans Pelicans,Los Angeles Lakers,99,104,False,False,2024-11-16|Los Angeles Lakers|New Orleans Pelicans,,,,2024-11-16|Los Angeles Lakers|New Orleans Pelicans,0.19736816428546958,-7.094132639129706,,elo,"{'home_advantage': 2.064519691645937, 'scale': 0.1201532743210195, 'error_term': 11.457668951221208, 'win_prob_k': 5.057032205211415}",0.0,-5
2024-11-16,Dallas Mavericks,San Antonio Spurs,110,93,False,False,2024-11-16|San Antonio Spurs|Dallas Mavericks,,,,2024-11-16|San Antonio Spurs|Dallas Mavericks,0.5321181956779575,0.650586828280709,,elo,"{'home_advantage': 2.064519691645937, 'scale': 0.1201532743210195, 'error_term': 11.457668951221208, 'win_prob_k': 5.057032205211415}",1.0,17
2024-11-16,Sacramento Kings,Utah Jazz,121,117,False,False,2024-11-16|Utah Jazz|Sacramento Kings,,,,2024-11-16|Utah Jazz|Sacramento Kings,0.8253859123267513,7.854950188320142,,elo,"{'home_advantage': 2.064519691645937, 'scale': 0.1201532743210195, 'error_term': 11.457668951221208, 'win_prob_k': 5.057032205211415}",1.0,4
2024-11-17,Minnesota Timberwolves,Phoenix Suns,120,117,False,False,2024-11-17|Phoenix Suns|Minnesota Timberwolves,,,,2024-11-17|Phoenix Suns|Minnesota Timberwolves,0.4039849057522779,-1.905367062319057,,elo,"{'home_advantage': 2.054423758627659, 'scale': 0.11229149076524247, 'error_term': 11.413979666074383, 'win_prob_k': 4.899520487361414}",1.0,3
2024-11-17,Indiana Pacers,Miami Heat,119,110,False,False,2024-11-17|Miami Heat|Indiana Pacers,,,,2024-11-17|Miami Heat|Indiana Pacers,0.5419170681941736,0.8234268254762058,,elo,"{'home_advantage': 2.054423758627659, 'scale': 0.11229149076524247, 'error_term': 11.413979666074383, 'win_prob_k': 4.899520487361414}",1.0,9
2024-11-17,Cleveland Cavaliers,Charlotte Hornets,128,114,False,False,2024-11-17|Charlotte Hornets|Cleveland Cavaliers,,,,2024-11-17|Charlotte Hornets|Cleveland Cavaliers,0.9693725031103876,16.92662213481446,,elo,"{'home_advantage': 2.054423758627659, 'scale': 0.11229149076524247, 'error_term': 11.413979666074383, 'win_prob_k': 4.899520487361414}",1.0,14
2024-11-17,Memphis Grizzlies,Denver Nuggets,105,90,False,False,2024-11-17|Denver Nuggets|Memphis Grizzlies,,,,2024-11-17|Denver Nuggets|Memphis Grizzlies,0.4955087280120902,-0.08802268392949442,,elo,"{'home_advantage': 2.054423758627659, 'scale': 0.11229149076524247, 'error_term': 11.413979666074383, 'win_prob_k': 4.899520487361414}",1.0,15
2024-11-17,Portland Trail Blazers,Atlanta Hawks,114,110,False,False,2024-11-17|Atlanta Hawks|Portland Trail Blazers,,,,2024-11-17|Atlanta Hawks|Portland Trail Blazers,0.5353777337912581,0.6944962378868733,,elo,"{'home_advantage': 2.054423758627659, 'scale': 0.11229149076524247, 'error_term': 11.413979666074383, 'win_prob_k': 4.899520487361414}",1.0,4
2024-11-17,Washington Wizards,Detroit Pistons,104,124,False,False,2024-11-17|Detroit Pistons|Washington Wizards,,,,2024-11-17|Detroit Pistons|Washington Wizards,0.3388355771562206,-3.275268647490688,,elo,"{'home_advantage': 2.054423758627659, 'scale': 0.11229149076524247, 'error_term': 11.413979666074383, 'win_prob_k': 4.899520487361414}",0.0,-20
2024-11-17,Chicago Bulls,Houston Rockets,107,143,False,False,2024-11-17|Houston Rockets|Chicago Bulls,,,,2024-11-17|Houston Rockets|Chicago Bulls,0.2355989251827433,-5.7665481027700185,,elo,"{'home_advantage': 2.054423758627659, 'scale': 0.11229149076524247, 'error_term': 11.413979666074383, 'win_prob_k': 4.899520487361414}",0.0,-36
2024-11-17,New York Knicks,Brooklyn Nets,114,104,False,False,2024-11-17|Brooklyn Nets|New York Knicks,,,,2024-11-17|Brooklyn Nets|New York Knicks,0.7129124705304865,4.45646420218708,,elo,"{'home_advantage': 2.054423758627659, 'scale': 0.11229149076524247, 'error_term': 11.413979666074383, 'win_prob_k': 4.899520487361414}",1.0,10
2024-11-17,Oklahoma City Thunder,Dallas Mavericks,119,121,False,False,2024-11-17|Dallas Mavericks|Oklahoma City Thunder,,,,2024-11-17|Dallas Mavericks|Oklahoma City Thunder,0.917986051015313,11.833776817064447,,elo,"{'home_advantage': 2.054423758627659, 'scale': 0.11229149076524247, 'error_term': 11.413979666074383, 'win_prob_k': 4.899520487361414}",0.0,-2
2024-11-17,Los Angeles Clippers,Utah Jazz,116,105,False,False,2024-11-17|Utah Jazz|Los Angeles Clippers,,,,2024-11-17|Utah Jazz|Los Angeles Clippers,0.7968131766930233,6.695167188511176,,elo,"{'home_advantage': 2.054423758627659, 'scale': 0.11229149076524247, 'error_term': 11.413979666074383, 'win_prob_k': 4.899520487361414}",1.0,11
2024-11-18,Detroit Pistons,Chicago Bulls,112,122,False,False,2024-11-18|Chicago Bulls|Detroit Pistons,,,,2024-11-18|Chicago Bulls|Detroit Pistons,0.7104381002958838,4.594135556213356,,elo,"{'home_advantage': 1.9038437152507974, 'scale': 0.11405535426498246, 'error_term': 11.342626885431773, 'win_prob_k': 5.118741373368184}",0.0,-10
2024-11-18,Miami Heat,Philadelphia 76ers,106,89,False,False,2024-11-18|Philadelphia 76ers|Miami Heat,,,,2024-11-18|Philadelphia 76ers|Miami Heat,0.8118854448454935,7.485177172963192,,elo,"{'home_advantage': 1.9038437152507974, 'scale': 0.11405535426498246, 'error_term': 11.342626885431773, 'win_prob_k': 5.118741373368184}",1.0,17
2024-11-18,New York Knicks,Washington Wizards,134,106,False,False,2024-11-18|Washington Wizards|New York Knicks,,,,2024-11-18|Washington Wizards|New York Knicks,0.891112277843996,10.760378319708494,,elo,"{'home_advantage': 1.9038437152507974, 'scale': 0.11405535426498246, 'error_term': 11.342626885431773, 'win_prob_k': 5.118741373368184}",1.0,28
2024-11-18,Toronto Raptors,Indiana Pacers,130,119,False,False,2024-11-18|Indiana Pacers|Toronto Raptors,,,,2024-11-18|Indiana Pacers|Toronto Raptors,0.2026434280808607,-7.011928594619571,,elo,"{'home_advantage': 1.9038437152507974, 'scale': 0.11405535426498246, 'error_term': 11.342626885431773, 'win_prob_k': 5.118741373368184}",1.0,11
2024-11-18,Milwaukee Bucks,Houston Rockets,101,100,False,False,2024-11-18|Houston Rockets|Milwaukee Bucks,,,,2024-11-18|Houston Rockets|Milwaukee Bucks,0.14390884291340134,-9.127723229823554,,elo,"{'home_advantage': 1.9038437152507974, 'scale': 0.11405535426498246, 'error_term': 11.342626885431773, 'win_prob_k': 5.118741373368184}",1.0,1
2024-11-18,Phoenix Suns,Orlando Magic,99,109,False,False,2024-11-18|Orlando Magic|Phoenix Suns,,,,2024-11-18|Orlando Magic|Phoenix Suns,0.6403556168679214,2.95304261683975,,elo,"{'home_advantage': 1.9038437152507974, 'scale': 0.11405535426498246, 'error_term': 11.342626885431773, 'win_prob_k': 5.118741373368184}",0.0,-10
2024-11-18,Sacramento Kings,Atlanta Hawks,108,109,False,False,2024-11-18|Atlanta Hawks|Sacramento Kings,,,,2024-11-18|Atlanta Hawks|Sacramento Kings,0.7590175052759007,5.8727347718907,,elo,"{'home_advantage': 1.9038437152507974, 'scale': 0.11405535426498246, 'error_term': 11.342626885431773, 'win_prob_k': 5.118741373368184}",0.0,-1
2024-11-18,Los Angeles Clippers,Golden State Warriors,102,99,False,False,2024-11-18|Golden State Warriors|Los Angeles Clippers,,,,2024-11-18|Golden State Warriors|Los Angeles Clippers,0.22277345351670216,-6.396259041933138,,elo,"{'home_advantage': 1.9038437152507974, 'scale': 0.11405535426498246, 'error_term': 11.342626885431773, 'win_prob_k': 5.118741373368184}",1.0,3
2024-11-19,Boston Celtics,Cleveland Cavaliers,120,117,False,False,2024-11-19|Cleveland Cavaliers|Boston Celtics,,,,2024-11-19|Cleveland Cavaliers|Boston Celtics,0.28639037182323984,-5.045071036637278,,elo,"{'home_advantage': 2.0218461636196547, 'scale': 0.11786317069465875, 'error_term': 11.309443751982794, 'win_prob_k': 5.525936621318575}",1.0,3
2024-11-19,Brooklyn Nets,Charlotte Hornets,116,115,False,False,2024-11-19|Charlotte Hornets|Brooklyn Nets,,,,2024-11-19|Charlotte Hornets|Brooklyn Nets,0.5455558416489886,1.0097550934500021,,elo,"{'home_advantage': 2.0218461636196547, 'scale': 0.11786317069465875, 'error_term': 11.309443751982794, 'win_prob_k': 5.525936621318575}",1.0,1
2024-11-19,Memphis Grizzlies,Denver Nuggets,110,122,False,False,2024-11-19|Denver Nuggets|Memphis Grizzlies,,,,2024-11-19|Denver Nuggets|Memphis Grizzlies,0.6008293955531145,2.259677723889813,,elo,"{'home_advantage': 2.0218461636196547, 'scale': 0.11786317069465875, 'error_term': 11.309443751982794, 'win_prob_k': 5.525936621318575}",0.0,-12
2024-11-19,Dallas Mavericks,New Orleans Pelicans,132,91,False,False,2024-11-19|New Orleans Pelicans|Dallas Mavericks,,,,2024-11-19|New Orleans Pelicans|Dallas Mavericks,0.8158102106955456,8.2237820637211,,elo,"{'home_advantage': 2.0218461636196547, 'scale': 0.11786317069465875, 'error_term': 11.309443751982794, 'win_prob_k': 5.525936621318575}",1.0,41
2024-11-19,San Antonio Spurs,Oklahoma City Thunder,110,104,False,False,2024-11-19|Oklahoma City Thunder|San Antonio Spurs,,,,2024-11-19|Oklahoma City Thunder|San Antonio Spurs,0.19528746192017124,-7.824795226921982,,elo,"{'home_advantage': 2.0218461636196547, 'scale': 0.11786317069465875, 'error_term': 11.309443751982794, 'win_prob_k': 5.525936621318575}",1.0,6
2024-11-19,Los Angeles Lakers,Utah Jazz,124,118,False,False,2024-11-19|Utah Jazz|Los Angeles Lakers,,,,2024-11-19|Utah Jazz|Los Angeles Lakers,0.9215061847936096,13.610324728301507,,elo,"{'home_advantage': 2.0218461636196547, 'scale': 0.11786317069465875, 'error_term': 11.309443751982794, 'win_prob_k': 5.525936621318575}",1.0,6
2024-11-20,Cleveland Cavaliers,New Orleans Pelicans,128,100,False,False,2024-11-20|New Orleans Pelicans|Cleveland Cavaliers,,,,2024-11-20|New Orleans Pelicans|Cleveland Cavaliers,0.9788876057517268,21.953468302067183,,elo,"{'home_advantage': 2.168065370658011, 'scale': 0.1176507029573363, 'error_term': 11.453354947687215, 'win_prob_k': 5.722180286495977}",1.0,28
2024-11-20,Milwaukee Bucks,Chicago Bulls,122,106,False,False,2024-11-20|Chicago Bulls|Milwaukee Bucks,,,,2024-11-20|Chicago Bulls|Milwaukee Bucks,0.5483477535265706,1.1100866954130213,,elo,"{'home_advantage': 2.168065370658011, 'scale': 0.1176507029573363, 'error_term': 11.453354947687215, 'win_prob_k': 5.722180286495977}",1.0,16
2024-11-20,Houston Rockets,Indiana Pacers,130,113,False,False,2024-11-20|Indiana Pacers|Houston Rockets,,,,2024-11-20|Indiana Pacers|Houston Rockets,0.8453864229416941,9.721211098437866,,elo,"{'home_advantage': 2.168065370658011, 'scale': 0.1176507029573363, 'error_term': 11.453354947687215, 'win_prob_k': 5.722180286495977}",1.0,17
2024-11-20,Memphis Grizzlies,Philadelphia 76ers,117,111,False,False,2024-11-20|Philadelphia 76ers|Memphis Grizzlies,,,,2024-11-20|Philadelphia 76ers|Memphis Grizzlies,0.8895555042296653,11.937662928822043,,elo,"{'home_advantage': 2.168065370658011, 'scale': 0.1176507029573363, 'error_term': 11.453354947687215, 'win_prob_k': 5.722180286495977}",1.0,6
2024-11-20,Oklahoma City Thunder,Portland Trail Blazers,109,99,False,False,2024-11-20|Portland Trail Blazers|Oklahoma City Thunder,,,,2024-11-20|Portland Trail Blazers|Oklahoma City Thunder,0.8360681775089226,9.322916803814246,,elo,"{'home_advantage': 2.168065370658011, 'scale': 0.1176507029573363, 'error_term': 11.453354947687215, 'win_prob_k': 5.722180286495977}",1.0,10
2024-11-20,Golden State Warriors,Atlanta Hawks,120,97,False,False,2024-11-20|Atlanta Hawks|Golden State Warriors,,,,2024-11-20|Atlanta Hawks|Golden State Warriors,0.8583924344703147,10.311378999023248,,elo,"{'home_advantage': 2.168065370658011, 'scale': 0.1176507029573363, 'error_term': 11.453354947687215, 'win_prob_k': 5.722180286495977}",1.0,23
2024-11-20,Phoenix Suns,New York Knicks,122,138,False,False,2024-11-20|New York Knicks|Phoenix Suns,,,,2024-11-20|New York Knicks|Phoenix Suns,0.6087267952435773,2.52899485907582,,elo,"{'home_advantage': 2.168065370658011, 'scale': 0.1176507029573363, 'error_term': 11.453354947687215, 'win_prob_k': 5.722180286495977}",0.0,-16
2024-11-20,Los Angeles Clippers,Orlando Magic,104,93,False,False,2024-11-20|Orlando Magic|Los Angeles Clippers,,,,2024-11-20|Orlando Magic|Los Angeles Clippers,0.5156617965401907,0.35859580520317524,,elo,"{'home_advantage': 2.168065370658011, 'scale': 0.1176507029573363, 'error_term': 11.453354947687215, 'win_prob_k': 5.722180286495977}",1.0,11
2024-11-21,Charlotte Hornets,Detroit Pistons,123,121,False,False,2024-11-21|Detroit Pistons|Charlotte Hornets,,,,2024-11-21|Detroit Pistons|Charlotte Hornets,0.5024418017750378,0.05748773489843817,,elo,"{'home_advantage': 2.194508156393765, 'scale': 0.11716098679377823, 'error_term': 11.228171703830261, 'win_prob_k': 5.885743722494432}",1.0,2
2024-11-21,Toronto Raptors,Minnesota Timberwolves,110,105,False,False,2024-11-21|Minnesota Timberwolves|Toronto Raptors,,,,2024-11-21|Minnesota Timberwolves|Toronto Raptors,0.1969030019922303,-8.273968223778462,,elo,"{'home_advantage': 2.194508156393765, 'scale': 0.11716098679377823, 'error_term': 11.228171703830261, 'win_prob_k': 5.885743722494432}",1.0,5
2024-11-21,San Antonio Spurs,Utah Jazz,126,118,False,False,2024-11-21|Utah Jazz|San Antonio Spurs,,,,2024-11-21|Utah Jazz|San Antonio Spurs,0.8194938522113512,8.904671513232943,,elo,"{'home_advantage': 2.194508156393765, 'scale': 0.11716098679377823, 'error_term': 11.228171703830261, 'win_prob_k': 5.885743722494432}",1.0,8
2024-11-21,Los Angeles Lakers,Orlando Magic,118,119,False,False,2024-11-21|Orlando Magic|Los Angeles Lakers,,,,2024-11-21|Orlando Magic|Los Angeles Lakers,0.7235465862180838,5.662807128103486,,elo,"{'home_advantage': 2.194508156393765, 'scale': 0.11716098679377823, 'error_term': 11.228171703830261, 'win_prob_k': 5.885743722494432}",0.0,-1
2024-11-22,Philadelphia 76ers,Brooklyn Nets,113,98,False,False,2024-11-22|Brooklyn Nets|Philadelphia 76ers,,,,2024-11-22|Brooklyn Nets|Philadelphia 76ers,0.3030409233359485,-4.998498953666173,,elo,"{'home_advantage': 2.1945679925576047, 'scale': 0.11900283704491886, 'error_term': 11.09845739466168, 'win_prob_k': 6.001616026673169}",1.0,15
2024-11-22,Washington Wizards,Boston Celtics,96,108,False,False,2024-11-22|Boston Celtics|Washington Wizards,,,,2024-11-22|Boston Celtics|Washington Wizards,0.06758465096719271,-15.75062590617545,,elo,"{'home_advantage': 2.1945679925576047, 'scale': 0.11900283704491886, 'error_term': 11.09845739466168, 'win_prob_k': 6.001616026673169}",0.0,-12
2024-11-22,New Orleans Pelicans,Golden State Warriors,108,112,False,False,2024-11-22|Golden State Warriors|New Orleans Pelicans,,,,2024-11-22|Golden State Warriors|New Orleans Pelicans,0.08973299957341262,-13.905140414625066,,elo,"{'home_advantage': 2.1945679925576047, 'scale': 0.11900283704491886, 'error_term': 11.09845739466168, 'win_prob_k': 6.001616026673169}",0.0,-4
2024-11-22,Chicago Bulls,Atlanta Hawks,136,122,False,False,2024-11-22|Atlanta Hawks|Chicago Bulls,,,,2024-11-22|Atlanta Hawks|Chicago Bulls,0.5205888009529297,0.49454395297531195,,elo,"{'home_advantage': 2.1945679925576047, 'scale': 0.11900283704491886, 'error_term': 11.09845739466168, 'win_prob_k': 6.001616026673169}",1.0,14
2024-11-22,Houston Rockets,Portland Trail Blazers,116,88,False,False,2024-11-22|Portland Trail Blazers|Houston Rockets,,,,2024-11-22|Portland Trail Blazers|Houston Rockets,0.8501341691707873,10.416727365291973,,elo,"{'home_advantage': 2.1945679925576047, 'scale': 0.11900283704491886, 'error_term': 11.09845739466168, 'win_prob_k': 6.001616026673169}",1.0,28
2024-11-22,Milwaukee Bucks,Indiana Pacers,129,117,False,False,2024-11-22|Indiana Pacers|Milwaukee Bucks,,,,2024-11-22|Indiana Pacers|Milwaukee Bucks,0.6434770509467153,3.5438807591520733,,elo,"{'home_advantage': 2.1945679925576047, 'scale': 0.11900283704491886, 'error_term': 11.09845739466168, 'win_prob_k': 6.001616026673169}",1.0,12
2024-11-22,Denver Nuggets,Dallas Mavericks,120,123,False,False,2024-11-22|Dallas Mavericks|Denver Nuggets,,,,2024-11-22|Dallas Mavericks|Denver Nuggets,0.6604229060491267,3.9921513145338388,,elo,"{'home_advantage': 2.1945679925576047, 'scale': 0.11900283704491886, 'error_term': 11.09845739466168, 'win_prob_k': 6.001616026673169}",0.0,-3
2024-11-22,Los Angeles Clippers,Sacramento Kings,104,88,False,False,2024-11-22|Sacramento Kings|Los Angeles Clippers,,,,2024-11-22|Sacramento Kings|Los Angeles Clippers,0.6741035295237584,4.361998222855504,,elo,"{'home_advantage': 2.1945679925576047, 'scale': 0.11900283704491886, 'error_term': 11.09845739466168, 'win_prob_k': 6.001616026673169}",1.0,16
2024-11-23,Utah Jazz,New York Knicks,121,106,False,False,2024-11-23|New York Knicks|Utah Jazz,,,,2024-11-23|New York Knicks|Utah Jazz,0.18573767752312223,-8.885124428532755,,elo,"{'home_advantage': 2.490699484175301, 'scale': 0.11643152782345516, 'error_term': 11.003904260823418, 'win_prob_k': 6.011800838909041}",1.0,15
2024-11-23,Orlando Magic,Detroit Pistons,111,100,False,False,2024-11-23|Detroit Pistons|Orlando Magic,,,,2024-11-23|Detroit Pistons|Orlando Magic,0.8194572889355903,9.0939002460743,,elo,"{'home_advantage': 2.490699484175301, 'scale': 0.11643152782345516, 'error_term': 11.003904260823418, 'win_prob_k': 6.011800838909041}",1.0,11
2024-11-23,Chicago Bulls,Memphis Grizzlies,131,142,False,False,2024-11-23|Memphis Grizzlies|Chicago Bulls,,,,2024-11-23|Memphis Grizzlies|Chicago Bulls,0.44092515267923144,-1.4272509361208323,,elo,"{'home_advantage': 2.490699484175301, 'scale': 0.11643152782345516, 'error_term': 11.003904260823418, 'win_prob_k': 6.011800838909041}",0.0,-11
2024-11-23,Houston Rockets,Portland Trail Blazers,98,104,False,False,2024-11-23|Portland Trail Blazers|Houston Rockets,,,,2024-11-23|Portland Trail Blazers|Houston Rockets,0.8873281069895873,12.406762763763858,,elo,"{'home_advantage': 2.490699484175301, 'scale': 0.11643152782345516, 'error_term': 11.003904260823418, 'win_prob_k': 6.011800838909041}",0.0,-6
2024-11-23,Milwaukee Bucks,Charlotte Hornets,125,119,False,False,2024-11-23|Charlotte Hornets|Milwaukee Bucks,,,,2024-11-23|Charlotte Hornets|Milwaukee Bucks,0.6753276128071303,4.402930459179942,,elo,"{'home_advantage': 2.490699484175301, 'scale': 0.11643152782345516, 'error_term': 11.003904260823418, 'win_prob_k': 6.011800838909041}",1.0,6
2024-11-23,San Antonio Spurs,Golden State Warriors,104,94,False,False,2024-11-23|Golden State Warriors|San Antonio Spurs,,,,2024-11-23|Golden State Warriors|San Antonio Spurs,0.25926300886822307,-6.3112041504125225,,elo,"{'home_advantage': 2.490699484175301, 'scale': 0.11643152782345516, 'error_term': 11.003904260823418, 'win_prob_k': 6.011800838909041}",1.0,10
2024-11-23,Los Angeles Lakers,Denver Nuggets,102,127,False,False,2024-11-23|Denver Nuggets|Los Angeles Lakers,,,,2024-11-23|Denver Nuggets|Los Angeles Lakers,0.7006275588448061,5.111762263285636,,elo,"{'home_advantage': 2.490699484175301, 'scale': 0.11643152782345516, 'error_term': 11.003904260823418, 'win_prob_k': 6.011800838909041}",0.0,-25
2024-11-24,Boston Celtics,Minnesota Timberwolves,107,105,False,False,2024-11-24|Minnesota Timberwolves|Boston Celtics,,,,2024-11-24|Minnesota Timberwolves|Boston Celtics,0.860391578191993,11.126168275509478,,elo,"{'home_advantage': 2.392871159870325, 'scale': 0.11509377906724684, 'error_term': 11.256731219638759, 'win_prob_k': 6.1181667716251535}",1.0,2
2024-11-24,Indiana Pacers,Washington Wizards,115,103,False,False,2024-11-24|Washington Wizards|Indiana Pacers,,,,2024-11-24|Washington Wizards|Indiana Pacers,0.7777866859171566,7.6649281010904495,,elo,"{'home_advantage': 2.392871159870325, 'scale': 0.11509377906724684, 'error_term': 11.256731219638759, 'win_prob_k': 6.1181667716251535}",1.0,12
2024-11-24,Miami Heat,Dallas Mavericks,123,118,False,False,2024-11-24|Dallas Mavericks|Miami Heat,,,,2024-11-24|Dallas Mavericks|Miami Heat,0.455258768343139,-1.0978738164739665,,elo,"{'home_advantage': 2.392871159870325, 'scale': 0.11509377906724684, 'error_term': 11.256731219638759, 'win_prob_k': 6.1181667716251535}",1.0,5
2024-11-24,Philadelphia 76ers,Los Angeles Clippers,99,125,False,False,2024-11-24|Los Angeles Clippers|Philadelphia 76ers,,,,2024-11-24|Los Angeles Clippers|Philadelphia 76ers,0.16921821814026244,-9.73509267160427,,elo,"{'home_advantage': 2.392871159870325, 'scale': 0.11509377906724684, 'error_term': 11.256731219638759, 'win_prob_k': 6.1181667716251535}",0.0,-26
2024-11-24,Cleveland Cavaliers,Toronto Raptors,122,108,False,False,2024-11-24|Toronto Raptors|Cleveland Cavaliers,,,,2024-11-24|Toronto Raptors|Cleveland Cavaliers,0.9760657103859834,22.687494728638924,,elo,"{'home_advantage': 2.392871159870325, 'scale': 0.11509377906724684, 'error_term': 11.256731219638759, 'win_prob_k': 6.1181667716251535}",1.0,14
2024-11-24,Sacramento Kings,Brooklyn Nets,103,108,False,False,2024-11-24|Brooklyn Nets|Sacramento Kings,,,,2024-11-24|Brooklyn Nets|Sacramento Kings,0.7267527348627608,5.984846926552241,,elo,"{'home_advantage': 2.392871159870325, 'scale': 0.11509377906724684, 'error_term': 11.256731219638759, 'win_prob_k': 6.1181667716251535}",0.0,-5
2024-11-25,Charlotte Hornets,Orlando Magic,84,95,False,False,2024-11-25|Orlando Magic|Charlotte Hornets,,,,2024-11-25|Orlando Magic|Charlotte Hornets,0.28079510296281357,-5.534522307072011,,elo,"{'home_advantage': 2.299880435334969, 'scale': 0.10909322365948261, 'error_term': 11.293313368674328, 'win_prob_k': 5.884527783620143}",0.0,-11
2024-11-25,Detroit Pistons,Toronto Raptors,102,100,False,False,2024-11-25|Toronto Raptors|Detroit Pistons,,,,2024-11-25|Toronto Raptors|Detroit Pistons,0.7270840767511297,5.7661213483318114,,elo,"{'home_advantage': 2.299880435334969, 'scale': 0.10909322365948261, 'error_term': 11.293313368674328, 'win_prob_k': 5.884527783620143}",1.0,2
2024-11-25,Indiana Pacers,New Orleans Pelicans,114,110,False,False,2024-11-25|New Orleans Pelicans|Indiana Pacers,,,,2024-11-25|New Orleans Pelicans|Indiana Pacers,0.7604012919587599,6.795928363776186,,elo,"{'home_advantage': 2.299880435334969, 'scale': 0.10909322365948261, 'error_term': 11.293313368674328, 'win_prob_k': 5.884527783620143}",1.0,4
2024-11-25,Atlanta Hawks,Dallas Mavericks,119,129,False,False,2024-11-25|Dallas Mavericks|Atlanta Hawks,,,,2024-11-25|Dallas Mavericks|Atlanta Hawks,0.4354434695398832,-1.5280679246824969,,elo,"{'home_advantage': 2.299880435334969, 'scale': 0.10909322365948261, 'error_term': 11.293313368674328, 'win_prob_k': 5.884527783620143}",0.0,-10
2024-11-25,Boston Celtics,Los Angeles Clippers,126,94,False,False,2024-11-25|Los Angeles Clippers|Boston Celtics,,,,2024-11-25|Los Angeles Clippers|Boston Celtics,0.7739709647347625,7.243093973665453,,elo,"{'home_advantage': 2.299880435334969, 'scale': 0.10909322365948261, 'error_term': 11.293313368674328, 'win_prob_k': 5.884527783620143}",1.0,32
2024-11-25,Memphis Grizzlies,Portland Trail Blazers,123,98,False,False,2024-11-25|Portland Trail Blazers|Memphis Grizzlies,,,,2024-11-25|Portland Trail Blazers|Memphis Grizzlies,0.7461982112094783,6.346096374919361,,elo,"{'home_advantage': 2.299880435334969, 'scale': 0.10909322365948261, 'error_term': 11.293313368674328, 'win_prob_k': 5.884527783620143}",1.0,25
2024-11-25,Denver Nuggets,New York Knicks,118,145,False,False,2024-11-25|New York Knicks|Denver Nuggets,,,,2024-11-25|New York Knicks|Denver Nuggets,0.6549882345262674,3.7722103562090066,,elo,"{'home_advantage': 2.299880435334969, 'scale': 0.10909322365948261, 'error_term': 11.293313368674328, 'win_prob_k': 5.884527783620143}",0.0,-27
2024-11-25,Golden State Warriors,Brooklyn Nets,120,128,False,False,2024-11-25|Brooklyn Nets|Golden State Warriors,,,,2024-11-25|Brooklyn Nets|Golden State Warriors,0.8838542804440092,11.942334915494673,,elo,"{'home_advantage': 2.299880435334969, 'scale': 0.10909322365948261, 'error_term': 11.293313368674328, 'win_prob_k': 5.884527783620143}",0.0,-8
2024-11-25,Sacramento Kings,Oklahoma City Thunder,109,130,False,False,2024-11-25|Oklahoma City Thunder|Sacramento Kings,,,,2024-11-25|Oklahoma City Thunder|Sacramento Kings,0.2718010595489893,-5.7992249670744505,,elo,"{'home_advantage': 2.299880435334969, 'scale': 0.10909322365948261, 'error_term': 11.293313368674328, 'win_prob_k': 5.884527783620143}",0.0,-21
2024-11-26,Washington Wizards,Chicago Bulls,108,127,False,False,2024-11-26|Chicago Bulls|Washington Wizards,,,,2024-11-26|Chicago Bulls|Washington Wizards,0.30793205409831914,-4.915130014059396,,elo,"{'home_advantage': 2.1733049805856144, 'scale': 0.10845301013659821, 'error_term': 11.416194153743428, 'win_prob_k': 6.069523051191098}",0.0,-19
2024-11-26,Miami Heat,Milwaukee Bucks,103,106,False,False,2024-11-26|Milwaukee Bucks|Miami Heat,,,,2024-11-26|Milwaukee Bucks|Miami Heat,0.5870528945280712,2.135230379771775,,elo,"{'home_advantage': 2.1733049805856144, 'scale': 0.10845301013659821, 'error_term': 11.416194153743428, 'win_prob_k': 6.069523051191098}",0.0,-3
2024-11-26,Minnesota Timberwolves,Houston Rockets,111,117,False,False,2024-11-26|Houston Rockets|Minnesota Timberwolves,,,,2024-11-26|Houston Rockets|Minnesota Timberwolves,0.35782965343131906,-3.5494362076979034,,elo,"{'home_advantage': 2.1733049805856144, 'scale': 0.10845301013659821, 'error_term': 11.416194153743428, 'win_prob_k': 6.069523051191098}",0.0,-6
2024-11-26,Utah Jazz,San Antonio Spurs,115,128,False,False,2024-11-26|San Antonio Spurs|Utah Jazz,,,,2024-11-26|San Antonio Spurs|Utah Jazz,0.27815922526253856,-5.787963208884463,,elo,"{'home_advantage': 2.1733049805856144, 'scale': 0.10845301013659821, 'error_term': 11.416194153743428, 'win_prob_k': 6.069523051191098}",0.0,-13
2024-11-26,Phoenix Suns,Los Angeles Lakers,127,100,False,False,2024-11-26|Los Angeles Lakers|Phoenix Suns,,,,2024-11-26|Los Angeles Lakers|Phoenix Suns,0.5042749646901359,0.10379051604215483,,elo,"{'home_advantage': 2.1733049805856144, 'scale': 0.10845301013659821, 'error_term': 11.416194153743428, 'win_prob_k': 6.069523051191098}",1.0,27
2024-11-27,Charlotte Hornets,Miami Heat,94,98,False,False,2024-11-27|Miami Heat|Charlotte Hornets,,,,2024-11-27|Miami Heat|Charlotte Hornets,0.4408208205675779,-1.4363099949735196,,elo,"{'home_advantage': 2.135275773778213, 'scale': 0.10790308019137385, 'error_term': 11.443132073495839, 'win_prob_k': 6.03919242591987}",0.0,-4
2024-11-27,Cleveland Cavaliers,Atlanta Hawks,124,135,False,False,2024-11-27|Atlanta Hawks|Cleveland Cavaliers,,,,2024-11-27|Atlanta Hawks|Cleveland Cavaliers,0.9570301013219312,18.741637257168215,,elo,"{'home_advantage': 2.135275773778213, 'scale': 0.10790308019137385, 'error_term': 11.443132073495839, 'win_prob_k': 6.03919242591987}",0.0,-11
2024-11-27,Indiana Pacers,Portland Trail Blazers,121,114,False,False,2024-11-27|Portland Trail Blazers|Indiana Pacers,,,,2024-11-27|Portland Trail Blazers|Indiana Pacers,0.5915971875937505,2.237955641379027,,elo,"{'home_advantage': 2.135275773778213, 'scale': 0.10790308019137385, 'error_term': 11.443132073495839, 'win_prob_k': 6.03919242591987}",1.0,7
2024-11-27,Orlando Magic,Chicago Bulls,133,119,False,False,2024-11-27|Chicago Bulls|Orlando Magic,,,,2024-11-27|Chicago Bulls|Orlando Magic,0.8211233586255489,9.20358998332873,,elo,"{'home_advantage': 2.135275773778213, 'scale': 0.10790308019137385, 'error_term': 11.443132073495839, 'win_prob_k': 6.03919242591987}",1.0,14
2024-11-27,Philadelphia 76ers,Houston Rockets,115,122,False,False,2024-11-27|Houston Rockets|Philadelphia 76ers,,,,2024-11-27|Houston Rockets|Philadelphia 76ers,0.11413325532834057,-12.375512310557017,,elo,"{'home_advantage': 2.135275773778213, 'scale': 0.10790308019137385, 'error_term': 11.443132073495839, 'win_prob_k': 6.03919242591987}",0.0,-7
2024-11-27,Washington Wizards,Los Angeles Clippers,96,121,False,False,2024-11-27|Los Angeles Clippers|Washington Wizards,,,,2024-11-27|Los Angeles Clippers|Washington Wizards,0.11630465807772286,-12.246873829906118,,elo,"{'home_advantage': 2.135275773778213, 'scale': 0.10790308019137385, 'error_term': 11.443132073495839, 'win_prob_k': 6.03919242591987}",0.0,-25
2024-11-27,Dallas Mavericks,New York Knicks,129,114,False,False,2024-11-27|New York Knicks|Dallas Mavericks,,,,2024-11-27|New York Knicks|Dallas Mavericks,0.5715807408676519,1.7411200635044501,,elo,"{'home_advantage': 2.135275773778213, 'scale': 0.10790308019137385, 'error_term': 11.443132073495839, 'win_prob_k': 6.03919242591987}",1.0,15
2024-11-27,Memphis Grizzlies,Detroit Pistons,131,111,False,False,2024-11-27|Detroit Pistons|Memphis Grizzlies,,,,2024-11-27|Detroit Pistons|Memphis Grizzlies,0.8044218403595028,8.540406800028745,,elo,"{'home_advantage': 2.135275773778213, 'scale': 0.10790308019137385, 'error_term': 11.443132073495839, 'win_prob_k': 6.03919242591987}",1.0,20
2024-11-27,Minnesota Timberwolves,Sacramento Kings,104,115,False,False,2024-11-27|Sacramento Kings|Minnesota Timberwolves,,,,2024-11-27|Sacramento Kings|Minnesota Timberwolves,0.6226989279173022,3.025754207069151,,elo,"{'home_advantage': 2.135275773778213, 'scale': 0.10790308019137385, 'error_term': 11.443132073495839, 'win_prob_k': 6.03919242591987}",0.0,-11
2024-11-27,New Orleans Pelicans,Toronto Raptors,93,119,False,False,2024-11-27|Toronto Raptors|New Orleans Pelicans,,,,2024-11-27|Toronto Raptors|New Orleans Pelicans,0.5720167117007257,1.7518734485099285,,elo,"{'home_advantage': 2.135275773778213, 'scale': 0.10790308019137385, 'error_term': 11.443132073495839, 'win_prob_k': 6.03919242591987}",0.0,-26
2024-11-27,San Antonio Spurs,Los Angeles Lakers,101,119,False,False,2024-11-27|Los Angeles Lakers|San Antonio Spurs,,,,2024-11-27|Los Angeles Lakers|San Antonio Spurs,0.6086839988967877,2.668017543558276,,elo,"{'home_advantage': 2.135275773778213, 'scale': 0.10790308019137385, 'error_term': 11.443132073495839, 'win_prob_k': 6.03919242591987}",0.0,-18
2024-11-27,Phoenix Suns,Brooklyn Nets,117,127,False,False,2024-11-27|Brooklyn Nets|Phoenix Suns,,,,2024-11-27|Brooklyn Nets|Phoenix Suns,0.7072526961156543,5.327040162472873,,elo,"{'home_advantage': 2.135275773778213, 'scale': 0.10790308019137385, 'error_term': 11.443132073495839, 'win_prob_k': 6.03919242591987}",0.0,-10
2024-11-27,Utah Jazz,Denver Nuggets,103,122,False,False,2024-11-27|Denver Nuggets|Utah Jazz,,,,2024-11-27|Denver Nuggets|Utah Jazz,0.24345011532787517,-6.847577080232401,,elo,"{'home_advantage': 2.135275773778213, 'scale': 0.10790308019137385, 'error_term': 11.443132073495839, 'win_prob_k': 6.03919242591987}",0.0,-19
2024-11-27,Golden State Warriors,Oklahoma City Thunder,101,105,False,False,2024-11-27|Oklahoma City Thunder|Golden State Warriors,,,,2024-11-27|Oklahoma City Thunder|Golden State Warriors,0.5184522696539356,0.4459497551370717,,elo,"{'home_advantage': 2.135275773778213, 'scale': 0.10790308019137385, 'error_term': 11.443132073495839, 'win_prob_k': 6.03919242591987}",0.0,-4
2024-11-29,Charlotte Hornets,New York Knicks,98,99,False,False,2024-11-29|New York Knicks|Charlotte Hornets,,,,2024-11-29|New York Knicks|Charlotte Hornets,0.3214782874371357,-4.807750573335659,,elo,"{'home_advantage': 1.810094842490398, 'scale': 0.1045980228216872, 'error_term': 11.57237925207618, 'win_prob_k': 6.4361949575350845}",0.0,-1
2024-11-29,Atlanta Hawks,Cleveland Cavaliers,117,101,False,False,2024-11-29|Cleveland Cavaliers|Atlanta Hawks,,,,2024-11-29|Cleveland Cavaliers|Atlanta Hawks,0.14683909388504945,-11.32519801269804,,elo,"{'home_advantage': 1.810094842490398, 'scale': 0.1045980228216872, 'error_term': 11.57237925207618, 'win_prob_k': 6.4361949575350845}",1.0,16
2024-11-29,Memphis Grizzlies,New Orleans Pelicans,120,109,False,False,2024-11-29|New Orleans Pelicans|Memphis Grizzlies,,,,2024-11-29|New Orleans Pelicans|Memphis Grizzlies,0.9176845722458722,15.519565883275494,,elo,"{'home_advantage': 1.810094842490398, 'scale': 0.1045980228216872, 'error_term': 11.57237925207618, 'win_prob_k': 6.4361949575350845}",1.0,11
2024-11-29,Brooklyn Nets,Orlando Magic,100,123,False,False,2024-11-29|Orlando Magic|Brooklyn Nets,,,,2024-11-29|Orlando Magic|Brooklyn Nets,0.3533629615357456,-3.8893243711906624,,elo,"{'home_advantage': 1.810094842490398, 'scale': 0.1045980228216872, 'error_term': 11.57237925207618, 'win_prob_k': 6.4361949575350845}",0.0,-23
2024-11-29,Minnesota Timberwolves,Los Angeles Clippers,93,92,False,False,2024-11-29|Los Angeles Clippers|Minnesota Timberwolves,,,,2024-11-29|Los Angeles Clippers|Minnesota Timberwolves,0.32372493820283954,-4.7415814495592565,,elo,"{'home_advantage': 1.810094842490398, 'scale': 0.1045980228216872, 'error_term': 11.57237925207618, 'win_prob_k': 6.4361949575350845}",1.0,1
2024-11-29,Chicago Bulls,Boston Celtics,129,138,False,False,2024-11-29|Boston Celtics|Chicago Bulls,,,,2024-11-29|Boston Celtics|Chicago Bulls,0.15321545539999185,-11.003326310866791,,elo,"{'home_advantage': 1.810094842490398, 'scale': 0.1045980228216872, 'error_term': 11.57237925207618, 'win_prob_k': 6.4361949575350845}",0.0,-9
2024-11-29,Indiana Pacers,Detroit Pistons,106,130,False,False,2024-11-29|Detroit Pistons|Indiana Pacers,,,,2024-11-29|Detroit Pistons|Indiana Pacers,0.6604396376361172,4.281704452294654,,elo,"{'home_advantage': 1.810094842490398, 'scale': 0.1045980228216872, 'error_term': 11.57237925207618, 'win_prob_k': 6.4361949575350845}",0.0,-24
2024-11-29,Miami Heat,Toronto Raptors,121,111,False,False,2024-11-29|Toronto Raptors|Miami Heat,,,,2024-11-29|Toronto Raptors|Miami Heat,0.7969084368189494,8.798811809382123,,elo,"{'home_advantage': 1.810094842490398, 'scale': 0.1045980228216872, 'error_term': 11.57237925207618, 'win_prob_k': 6.4361949575350845}",1.0,10
2024-11-29,Los Angeles Lakers,Oklahoma City Thunder,93,101,False,False,2024-11-29|Oklahoma City Thunder|Los Angeles Lakers,,,,2024-11-29|Oklahoma City Thunder|Los Angeles Lakers,0.36678132971353083,-3.514484092737402,,elo,"{'home_advantage': 1.810094842490398, 'scale': 0.1045980228216872, 'error_term': 11.57237925207618, 'win_prob_k': 6.4361949575350845}",0.0,-8
2024-11-29,Portland Trail Blazers,Sacramento Kings,115,106,False,False,2024-11-29|Sacramento Kings|Portland Trail Blazers,,,,2024-11-29|Sacramento Kings|Portland Trail Blazers,0.4890776527777976,-0.2812381649011846,,elo,"{'home_advantage': 1.810094842490398, 'scale': 0.1045980228216872, 'error_term': 11.57237925207618, 'win_prob_k': 6.4361949575350845}",1.0,9
2024-11-30,Charlotte Hornets,Atlanta Hawks,104,107,False,False,2024-11-30|Atlanta Hawks|Charlotte Hornets,,,,2024-11-30|Atlanta Hawks|Charlotte Hornets,0.36990899220917267,-3.468810345512062,,elo,"{'home_advantage': 1.8186847295048774, 'scale': 0.10077083866005661, 'error_term': 11.63794055708839, 'win_prob_k': 6.5128859913786155}",0.0,-3
2024-11-30,Detroit Pistons,Philadelphia 76ers,96,111,False,False,2024-11-30|Philadelphia 76ers|Detroit Pistons,,,,2024-11-30|Philadelphia 76ers|Detroit Pistons,0.7725381717246165,7.963299086353022,,elo,"{'home_advantage': 1.8186847295048774, 'scale': 0.10077083866005661, 'error_term': 11.63794055708839, 'win_prob_k': 6.5128859913786155}",0.0,-15
2024-11-30,Milwaukee Bucks,Washington Wizards,124,114,False,False,2024-11-30|Washington Wizards|Milwaukee Bucks,,,,2024-11-30|Washington Wizards|Milwaukee Bucks,0.8931456451071337,13.828699624467502,,elo,"{'home_advantage': 1.8186847295048774, 'scale': 0.10077083866005661, 'error_term': 11.63794055708839, 'win_prob_k': 6.5128859913786155}",1.0,10
2024-11-30,Phoenix Suns,Golden State Warriors,113,105,False,False,2024-11-30|Golden State Warriors|Phoenix Suns,,,,2024-11-30|Golden State Warriors|Phoenix Suns,0.434320618947342,-1.7209939014082185,,elo,"{'home_advantage': 1.8186847295048774, 'scale': 0.10077083866005661, 'error_term': 11.63794055708839, 'win_prob_k': 6.5128859913786155}",1.0,8
2024-11-30,Utah Jazz,Dallas Mavericks,94,106,False,False,2024-11-30|Dallas Mavericks|Utah Jazz,,,,2024-11-30|Dallas Mavericks|Utah Jazz,0.20756635381774452,-8.725037926472025,,elo,"{'home_advantage': 1.8186847295048774, 'scale': 0.10077083866005661, 'error_term': 11.63794055708839, 'win_prob_k': 6.5128859913786155}",0.0,-12
2024-12-01,Brooklyn Nets,Orlando Magic,92,100,False,False,2024-12-01|Orlando Magic|Brooklyn Nets,,,,2024-12-01|Orlando Magic|Brooklyn Nets,0.3082962161688398,-5.23057693476778,,elo,"{'home_advantage': 1.735685084492977, 'scale': 0.09759728029316263, 'error_term': 11.670271627781483, 'win_prob_k': 6.472711307797198}",0.0,-8
2024-12-01,Memphis Grizzlies,Indiana Pacers,136,121,False,False,2024-12-01|Indiana Pacers|Memphis Grizzlies,,,,2024-12-01|Indiana Pacers|Memphis Grizzlies,0.7883354513001478,8.511103992296027,,elo,"{'home_advantage': 1.735685084492977, 'scale': 0.09759728029316263, 'error_term': 11.670271627781483, 'win_prob_k': 6.472711307797198}",1.0,15
2024-12-01,Cleveland Cavaliers,Boston Celtics,115,111,False,False,2024-12-01|Boston Celtics|Cleveland Cavaliers,,,,2024-12-01|Boston Celtics|Cleveland Cavaliers,0.531790272002593,0.8241888024791535,,elo,"{'home_advantage': 1.735685084492977, 'scale': 0.09759728029316263, 'error_term': 11.670271627781483, 'win_prob_k': 6.472711307797198}",1.0,4
2024-12-01,New York Knicks,New Orleans Pelicans,118,85,False,False,2024-12-01|New Orleans Pelicans|New York Knicks,,,,2024-12-01|New Orleans Pelicans|New York Knicks,0.8838827850879272,13.137819450909834,,elo,"{'home_advantage': 1.735685084492977, 'scale': 0.09759728029316263, 'error_term': 11.670271627781483, 'win_prob_k': 6.472711307797198}",1.0,33
2024-12-01,Toronto Raptors,Miami Heat,119,116,False,False,2024-12-01|Miami Heat|Toronto Raptors,,,,2024-12-01|Miami Heat|Toronto Raptors,0.27218272249565634,-6.366406148602166,,elo,"{'home_advantage': 1.735685084492977, 'scale': 0.09759728029316263, 'error_term': 11.670271627781483, 'win_prob_k': 6.472711307797198}",1.0,3
2024-12-01,Houston Rockets,Oklahoma City Thunder,119,116,False,False,2024-12-01|Oklahoma City Thunder|Houston Rockets,,,,2024-12-01|Oklahoma City Thunder|Houston Rockets,0.47730659026192157,-0.5879555035795565,,elo,"{'home_advantage': 1.735685084492977, 'scale': 0.09759728029316263, 'error_term': 11.670271627781483, 'win_prob_k': 6.472711307797198}",1.0,3
2024-12-01,Utah Jazz,Los Angeles Lakers,104,105,False,False,2024-12-01|Los Angeles Lakers|Utah Jazz,,,,2024-12-01|Los Angeles Lakers|Utah Jazz,0.22284785245255642,-8.085367152632296,,elo,"{'home_advantage': 1.735685084492977, 'scale': 0.09759728029316263, 'error_term': 11.670271627781483, 'win_prob_k': 6.472711307797198}",0.0,-1
2024-12-01,Portland Trail Blazers,Dallas Mavericks,131,137,False,False,2024-12-01|Dallas Mavericks|Portland Trail Blazers,,,,2024-12-01|Dallas Mavericks|Portland Trail Blazers,0.35472328960409705,-3.872889938761138,,elo,"{'home_advantage': 1.735685084492977, 'scale': 0.09759728029316263, 'error_term': 11.670271627781483, 'win_prob_k': 6.472711307797198}",0.0,-6
2024-12-01,Sacramento Kings,San Antonio Spurs,125,127,False,False,2024-12-01|San Antonio Spurs|Sacramento Kings,,,,2024-12-01|San Antonio Spurs|Sacramento Kings,0.44041896734194114,-1.5499675886218867,,elo,"{'home_advantage': 1.735685084492977, 'scale': 0.09759728029316263, 'error_term': 11.670271627781483, 'win_prob_k': 6.472711307797198}",0.0,-2
2024-12-01,Los Angeles Clippers,Denver Nuggets,126,122,False,False,2024-12-01|Denver Nuggets|Los Angeles Clippers,,,,2024-12-01|Denver Nuggets|Los Angeles Clippers,0.5804457469117545,2.1010646932493793,,elo,"{'home_advantage': 1.735685084492977, 'scale': 0.09759728029316263, 'error_term': 11.670271627781483, 'win_prob_k': 6.472711307797198}",1.0,4
2024-12-02,Atlanta Hawks,New Orleans Pelicans,124,112,False,False,2024-12-02|New Orleans Pelicans|Atlanta Hawks,,,,2024-12-02|New Orleans Pelicans|Atlanta Hawks,0.8614770592181972,11.852712481329611,,elo,"{'home_advantage': 1.8513864386838006, 'scale': 0.0953490375791177, 'error_term': 11.532608950289642, 'win_prob_k': 6.48535322879172}",1.0,12
2024-12-02,Boston Celtics,Miami Heat,108,89,False,False,2024-12-02|Miami Heat|Boston Celtics,,,,2024-12-02|Miami Heat|Boston Celtics,0.8432626346425031,10.912948527248941,,elo,"{'home_advantage': 1.8513864386838006, 'scale': 0.0953490375791177, 'error_term': 11.532608950289642, 'win_prob_k': 6.48535322879172}",1.0,19
2024-12-02,Chicago Bulls,Brooklyn Nets,128,102,False,False,2024-12-02|Brooklyn Nets|Chicago Bulls,,,,2024-12-02|Brooklyn Nets|Chicago Bulls,0.5070987839889071,0.18416486141154698,,elo,"{'home_advantage': 1.8513864386838006, 'scale': 0.0953490375791177, 'error_term': 11.532608950289642, 'win_prob_k': 6.48535322879172}",1.0,26
2024-12-02,Minnesota Timberwolves,Los Angeles Lakers,109,80,False,False,2024-12-02|Los Angeles Lakers|Minnesota Timberwolves,,,,2024-12-02|Los Angeles Lakers|Minnesota Timberwolves,0.4338758382891837,-1.7254607495777496,,elo,"{'home_advantage': 1.8513864386838006, 'scale': 0.0953490375791177, 'error_term': 11.532608950289642, 'win_prob_k': 6.48535322879172}",1.0,29
2024-12-03,Charlotte Hornets,Philadelphia 76ers,104,110,False,False,2024-12-03|Philadelphia 76ers|Charlotte Hornets,,,,2024-12-03|Philadelphia 76ers|Charlotte Hornets,0.5985009413041591,2.579302050097004,,elo,"{'home_advantage': 2.0388791281629848, 'scale': 0.09429972398746576, 'error_term': 11.656503550083821, 'win_prob_k': 6.460806714484237}",0.0,-6
2024-12-03,Cleveland Cavaliers,Washington Wizards,118,87,False,False,2024-12-03|Washington Wizards|Cleveland Cavaliers,,,,2024-12-03|Washington Wizards|Cleveland Cavaliers,0.9700210622904495,22.463079614635895,,elo,"{'home_advantage': 2.0388791281629848, 'scale': 0.09429972398746576, 'error_term': 11.656503550083821, 'win_prob_k': 6.460806714484237}",1.0,31
2024-12-03,Detroit Pistons,Milwaukee Bucks,107,128,False,False,2024-12-03|Milwaukee Bucks|Detroit Pistons,,,,2024-12-03|Milwaukee Bucks|Detroit Pistons,0.3836294281966031,-3.0635291469822308,,elo,"{'home_advantage': 2.0388791281629848, 'scale': 0.09429972398746576, 'error_term': 11.656503550083821, 'win_prob_k': 6.460806714484237}",0.0,-21
2024-12-03,New York Knicks,Orlando Magic,121,106,False,False,2024-12-03|Orlando Magic|New York Knicks,,,,2024-12-03|Orlando Magic|New York Knicks,0.4222039137369475,-2.026965748447421,,elo,"{'home_advantage': 2.0388791281629848, 'scale': 0.09429972398746576, 'error_term': 11.656503550083821, 'win_prob_k': 6.460806714484237}",1.0,15
2024-12-03,Toronto Raptors,Indiana Pacers,122,111,False,False,2024-12-03|Indiana Pacers|Toronto Raptors,,,,2024-12-03|Indiana Pacers|Toronto Raptors,0.46067239977106184,-1.018455844149397,,elo,"{'home_advantage': 2.0388791281629848, 'scale': 0.09429972398746576, 'error_term': 11.656503550083821, 'win_prob_k': 6.460806714484237}",1.0,11
2024-12-03,Oklahoma City Thunder,Utah Jazz,133,106,False,False,2024-12-03|Utah Jazz|Oklahoma City Thunder,,,,2024-12-03|Utah Jazz|Oklahoma City Thunder,0.938522632879864,17.609819509758132,,elo,"{'home_advantage': 2.0388791281629848, 'scale': 0.09429972398746576, 'error_term': 11.656503550083821, 'win_prob_k': 6.460806714484237}",1.0,27
2024-12-03,Dallas Mavericks,Memphis Grizzlies,121,116,False,False,2024-12-03|Memphis Grizzlies|Dallas Mavericks,,,,2024-12-03|Memphis Grizzlies|Dallas Mavericks,0.5377146076761542,0.9765219759015309,,elo,"{'home_advantage': 2.0388791281629848, 'scale': 0.09429972398746576, 'error_term': 11.656503550083821, 'win_prob_k': 6.460806714484237}",1.0,5
2024-12-03,Phoenix Suns,San Antonio Spurs,104,93,False,False,2024-12-03|San Antonio Spurs|Phoenix Suns,,,,2024-12-03|San Antonio Spurs|Phoenix Suns,0.5723413820735918,1.8827461366367648,,elo,"{'home_advantage': 2.0388791281629848, 'scale': 0.09429972398746576, 'error_term': 11.656503550083821, 'win_prob_k': 6.460806714484237}",1.0,11
2024-12-03,Denver Nuggets,Golden State Warriors,119,115,False,False,2024-12-03|Golden State Warriors|Denver Nuggets,,,,2024-12-03|Golden State Warriors|Denver Nuggets,0.5110772264895566,0.2863181267930486,,elo,"{'home_advantage': 2.0388791281629848, 'scale': 0.09429972398746576, 'error_term': 11.656503550083821, 'win_prob_k': 6.460806714484237}",1.0,4
2024-12-03,Sacramento Kings,Houston Rockets,120,111,False,False,2024-12-03|Houston Rockets|Sacramento Kings,,,,2024-12-03|Houston Rockets|Sacramento Kings,0.2300888660426017,-7.803423658573311,,elo,"{'home_advantage': 2.0388791281629848, 'scale': 0.09429972398746576, 'error_term': 11.656503550083821, 'win_prob_k': 6.460806714484237}",1.0,9
2024-12-03,Los Angeles Clippers,Portland Trail Blazers,127,105,False,False,2024-12-03|Portland Trail Blazers|Los Angeles Clippers,,,,2024-12-03|Portland Trail Blazers|Los Angeles Clippers,0.7830133186269361,8.291241964161278,,elo,"{'home_advantage': 2.0388791281629848, 'scale': 0.09429972398746576, 'error_term': 11.656503550083821, 'win_prob_k': 6.460806714484237}",1.0,22
2024-12-04,Boston Celtics,Detroit Pistons,130,120,False,False,2024-12-04|Detroit Pistons|Boston Celtics,,,,2024-12-04|Detroit Pistons|Boston Celtics,0.9168036876251097,15.78240538790261,,elo,"{'home_advantage': 2.22909046063369, 'scale': 0.09497329882906803, 'error_term': 11.609553242311751, 'win_prob_k': 6.576850812712943}",1.0,10
2024-12-04,Brooklyn Nets,Indiana Pacers,99,90,False,False,2024-12-04|Indiana Pacers|Brooklyn Nets,,,,2024-12-04|Indiana Pacers|Brooklyn Nets,0.6300287184220095,3.5011208791965975,,elo,"{'home_advantage': 2.22909046063369, 'scale': 0.09497329882906803, 'error_term': 11.609553242311751, 'win_prob_k': 6.576850812712943}",1.0,9
2024-12-04,Miami Heat,Los Angeles Lakers,134,93,False,False,2024-12-04|Los Angeles Lakers|Miami Heat,,,,2024-12-04|Los Angeles Lakers|Miami Heat,0.4936498921780977,-0.1670638297569429,,elo,"{'home_advantage': 2.22909046063369, 'scale': 0.09497329882906803, 'error_term': 11.609553242311751, 'win_prob_k': 6.576850812712943}",1.0,41
2024-12-04,Philadelphia 76ers,Orlando Magic,102,106,False,False,2024-12-04|Orlando Magic|Philadelphia 76ers,,,,2024-12-04|Orlando Magic|Philadelphia 76ers,0.19337591754142702,-9.393200949629483,,elo,"{'home_advantage': 2.22909046063369, 'scale': 0.09497329882906803, 'error_term': 11.609553242311751, 'win_prob_k': 6.576850812712943}",0.0,-4
2024-12-04,Milwaukee Bucks,Atlanta Hawks,104,119,False,False,2024-12-04|Atlanta Hawks|Milwaukee Bucks,,,,2024-12-04|Atlanta Hawks|Milwaukee Bucks,0.644707588431284,3.918854161522064,,elo,"{'home_advantage': 2.22909046063369, 'scale': 0.09497329882906803, 'error_term': 11.609553242311751, 'win_prob_k': 6.576850812712943}",0.0,-15
2024-12-04,Los Angeles Clippers,Minnesota Timberwolves,80,108,False,False,2024-12-04|Minnesota Timberwolves|Los Angeles Clippers,,,,2024-12-04|Minnesota Timberwolves|Los Angeles Clippers,0.7316885188113641,6.597938523189518,,elo,"{'home_advantage': 2.22909046063369, 'scale': 0.09497329882906803, 'error_term': 11.609553242311751, 'win_prob_k': 6.576850812712943}",0.0,-28
2024-12-05,Cleveland Cavaliers,Denver Nuggets,126,114,False,False,2024-12-05|Denver Nuggets|Cleveland Cavaliers,,,,2024-12-05|Denver Nuggets|Cleveland Cavaliers,0.8211372784253829,9.95226696374822,,elo,"{'home_advantage': 2.243720951734343, 'scale': 0.09257320840755336, 'error_term': 11.898604799312844, 'win_prob_k': 6.530051630983223}",1.0,12
2024-12-05,Washington Wizards,Dallas Mavericks,101,137,False,False,2024-12-05|Dallas Mavericks|Washington Wizards,,,,2024-12-05|Dallas Mavericks|Washington Wizards,0.10761477674222536,-13.813278995081152,,elo,"{'home_advantage': 2.243720951734343, 'scale': 0.09257320840755336, 'error_term': 11.898604799312844, 'win_prob_k': 6.530051630983223}",0.0,-36
2024-12-05,New York Knicks,Charlotte Hornets,125,101,False,False,2024-12-05|Charlotte Hornets|New York Knicks,,,,2024-12-05|Charlotte Hornets|New York Knicks,0.8800283820662752,13.012427104984189,,elo,"{'home_advantage': 2.243720951734343, 'scale': 0.09257320840755336, 'error_term': 11.898604799312844, 'win_prob_k': 6.530051630983223}",1.0,24
2024-12-05,Toronto Raptors,Oklahoma City Thunder,92,129,False,False,2024-12-05|Oklahoma City Thunder|Toronto Raptors,,,,2024-12-05|Oklahoma City Thunder|Toronto Raptors,0.17817584583107435,-9.982852262780037,,elo,"{'home_advantage': 2.243720951734343, 'scale': 0.09257320840755336, 'error_term': 11.898604799312844, 'win_prob_k': 6.530051630983223}",0.0,-37
2024-12-05,Memphis Grizzlies,Sacramento Kings,115,110,False,False,2024-12-05|Sacramento Kings|Memphis Grizzlies,,,,2024-12-05|Sacramento Kings|Memphis Grizzlies,0.7775574055394281,8.172283925860624,,elo,"{'home_advantage': 2.243720951734343, 'scale': 0.09257320840755336, 'error_term': 11.898604799312844, 'win_prob_k': 6.530051630983223}",1.0,5
2024-12-05,New Orleans Pelicans,Phoenix Suns,126,124,False,False,2024-12-05|Phoenix Suns|New Orleans Pelicans,,,,2024-12-05|Phoenix Suns|New Orleans Pelicans,0.16510771120196932,-10.583285140978456,,elo,"{'home_advantage': 2.243720951734343, 'scale': 0.09257320840755336, 'error_term': 11.898604799312844, 'win_prob_k': 6.530051630983223}",1.0,2
2024-12-05,San Antonio Spurs,Chicago Bulls,124,139,False,False,2024-12-05|Chicago Bulls|San Antonio Spurs,,,,2024-12-05|Chicago Bulls|San Antonio Spurs,0.6951171980785958,5.3817617391957135,,elo,"{'home_advantage': 2.243720951734343, 'scale': 0.09257320840755336, 'error_term': 11.898604799312844, 'win_prob_k': 6.530051630983223}",0.0,-15
2024-12-05,Golden State Warriors,Houston Rockets,99,93,False,False,2024-12-05|Houston Rockets|Golden State Warriors,,,,2024-12-05|Houston Rockets|Golden State Warriors,0.4485654084013078,-1.3482514132459542,,elo,"{'home_advantage': 2.243720951734343, 'scale': 0.09257320840755336, 'error_term': 11.898604799312844, 'win_prob_k': 6.530051630983223}",1.0,6
2024-12-06,Philadelphia 76ers,Orlando Magic,102,94,False,False,2024-12-06|Orlando Magic|Philadelphia 76ers,,,,2024-12-06|Orlando Magic|Philadelphia 76ers,0.17062393262624057,-10.603070660494978,,elo,"{'home_advantage': 2.161672510285454, 'scale': 0.09413012376165794, 'error_term': 11.958795750410536, 'win_prob_k': 6.705661305178571}",1.0,8
2024-12-06,Atlanta Hawks,Los Angeles Lakers,134,132,False,False,2024-12-06|Los Angeles Lakers|Atlanta Hawks,,,,2024-12-06|Los Angeles Lakers|Atlanta Hawks,0.6341617045540555,3.688868482726015,,elo,"{'home_advantage': 2.161672510285454, 'scale': 0.09413012376165794, 'error_term': 11.958795750410536, 'win_prob_k': 6.705661305178571}",1.0,2
2024-12-06,Boston Celtics,Milwaukee Bucks,111,105,False,False,2024-12-06|Milwaukee Bucks|Boston Celtics,,,,2024-12-06|Milwaukee Bucks|Boston Celtics,0.826638594289479,10.474170038493968,,elo,"{'home_advantage': 2.161672510285454, 'scale': 0.09413012376165794, 'error_term': 11.958795750410536, 'win_prob_k': 6.705661305178571}",1.0,6
2024-12-06,Chicago Bulls,Indiana Pacers,123,132,False,False,2024-12-06|Indiana Pacers|Chicago Bulls,,,,2024-12-06|Indiana Pacers|Chicago Bulls,0.7003118223677526,5.691652460735858,,elo,"{'home_advantage': 2.161672510285454, 'scale': 0.09413012376165794, 'error_term': 11.958795750410536, 'win_prob_k': 6.705661305178571}",0.0,-9
2024-12-06,San Antonio Spurs,Sacramento Kings,113,140,False,False,2024-12-06|Sacramento Kings|San Antonio Spurs,,,,2024-12-06|Sacramento Kings|San Antonio Spurs,0.6652924256172735,4.606584414748962,,elo,"{'home_advantage': 2.161672510285454, 'scale': 0.09413012376165794, 'error_term': 11.958795750410536, 'win_prob_k': 6.705661305178571}",0.0,-27
2024-12-06,Golden State Warriors,Minnesota Timberwolves,90,107,False,False,2024-12-06|Minnesota Timberwolves|Golden State Warriors,,,,2024-12-06|Minnesota Timberwolves|Golden State Warriors,0.6534093260400449,4.251786929649718,,elo,"{'home_advantage': 2.161672510285454, 'scale': 0.09413012376165794, 'error_term': 11.958795750410536, 'win_prob_k': 6.705661305178571}",0.0,-17
2024-12-06,Portland Trail Blazers,Utah Jazz,99,141,False,False,2024-12-06|Utah Jazz|Portland Trail Blazers,,,,2024-12-06|Utah Jazz|Portland Trail Blazers,0.7560064589402671,7.5834871273747035,,elo,"{'home_advantage': 2.161672510285454, 'scale': 0.09413012376165794, 'error_term': 11.958795750410536, 'win_prob_k': 6.705661305178571}",0.0,-42
2024-12-07,Charlotte Hornets,Cleveland Cavaliers,102,116,False,False,2024-12-07|Cleveland Cavaliers|Charlotte Hornets,,,,2024-12-07|Cleveland Cavaliers|Charlotte Hornets,0.07913693376372856,-16.88999362303165,,elo,"{'home_advantage': 1.828534065898987, 'scale': 0.0940916495849707, 'error_term': 12.295487430527858, 'win_prob_k': 6.882268760333448}",0.0,-14
2024-12-07,New Orleans Pelicans,Oklahoma City Thunder,109,119,False,False,2024-12-07|Oklahoma City Thunder|New Orleans Pelicans,,,,2024-12-07|Oklahoma City Thunder|New Orleans Pelicans,0.09606222744823595,-15.428424673435925,,elo,"{'home_advantage': 1.828534065898987, 'scale': 0.0940916495849707, 'error_term': 12.295487430527858, 'win_prob_k': 6.882268760333448}",0.0,-10
2024-12-07,Washington Wizards,Denver Nuggets,122,113,False,False,2024-12-07|Denver Nuggets|Washington Wizards,,,,2024-12-07|Denver Nuggets|Washington Wizards,0.16136088554798445,-11.342922438587392,,elo,"{'home_advantage': 1.828534065898987, 'scale': 0.0940916495849707, 'error_term': 12.295487430527858, 'win_prob_k': 6.882268760333448}",1.0,9
2024-12-07,New York Knicks,Detroit Pistons,111,120,False,False,2024-12-07|Detroit Pistons|New York Knicks,,,,2024-12-07|Detroit Pistons|New York Knicks,0.8284129128733798,10.835586968738436,,elo,"{'home_advantage': 1.828534065898987, 'scale': 0.0940916495849707, 'error_term': 12.295487430527858, 'win_prob_k': 6.882268760333448}",0.0,-9
2024-12-07,Toronto Raptors,Dallas Mavericks,118,125,False,False,2024-12-07|Dallas Mavericks|Toronto Raptors,,,,2024-12-07|Dallas Mavericks|Toronto Raptors,0.20675270760919764,-9.253978321877945,,elo,"{'home_advantage': 1.828534065898987, 'scale': 0.0940916495849707, 'error_term': 12.295487430527858, 'win_prob_k': 6.882268760333448}",0.0,-7
2024-12-07,Boston Celtics,Memphis Grizzlies,121,127,False,False,2024-12-07|Memphis Grizzlies|Boston Celtics,,,,2024-12-07|Memphis Grizzlies|Boston Celtics,0.743891888201871,7.338535964417573,,elo,"{'home_advantage': 1.828534065898987, 'scale': 0.0940916495849707, 'error_term': 12.295487430527858, 'win_prob_k': 6.882268760333448}",0.0,-6
2024-12-07,Miami Heat,Phoenix Suns,121,111,False,False,2024-12-07|Phoenix Suns|Miami Heat,,,,2024-12-07|Phoenix Suns|Miami Heat,0.5143519760938823,0.3952051894784496,,elo,"{'home_advantage': 1.828534065898987, 'scale': 0.0940916495849707, 'error_term': 12.295487430527858, 'win_prob_k': 6.882268760333448}",1.0,10
2024-12-08,Chicago Bulls,Philadelphia 76ers,100,108,False,False,2024-12-08|Philadelphia 76ers|Chicago Bulls,,,,2024-12-08|Philadelphia 76ers|Chicago Bulls,0.6644147277881625,4.799346782971849,,elo,"{'home_advantage': 1.8594025118097193, 'scale': 0.09159169771564335, 'error_term': 12.297538654780217, 'win_prob_k': 7.026548731162995}",0.0,-8
2024-12-08,Brooklyn Nets,Milwaukee Bucks,113,118,False,False,2024-12-08|Milwaukee Bucks|Brooklyn Nets,,,,2024-12-08|Milwaukee Bucks|Brooklyn Nets,0.47986906712748756,-0.5661099471103936,,elo,"{'home_advantage': 1.8594025118097193, 'scale': 0.09159169771564335, 'error_term': 12.297538654780217, 'win_prob_k': 7.026548731162995}",0.0,-5
2024-12-08,Indiana Pacers,Charlotte Hornets,109,113,False,False,2024-12-08|Charlotte Hornets|Indiana Pacers,,,,2024-12-08|Charlotte Hornets|Indiana Pacers,0.7144245335514905,6.44314173602782,,elo,"{'home_advantage': 1.8594025118097193, 'scale': 0.09159169771564335, 'error_term': 12.297538654780217, 'win_prob_k': 7.026548731162995}",0.0,-4
2024-12-08,Atlanta Hawks,Denver Nuggets,111,141,False,False,2024-12-08|Denver Nuggets|Atlanta Hawks,,,,2024-12-08|Denver Nuggets|Atlanta Hawks,0.6493642719569306,4.330082327535438,,elo,"{'home_advantage': 1.8594025118097193, 'scale': 0.09159169771564335, 'error_term': 12.297538654780217, 'win_prob_k': 7.026548731162995}",0.0,-30
2024-12-08,Miami Heat,Cleveland Cavaliers,122,113,False,False,2024-12-08|Cleveland Cavaliers|Miami Heat,,,,2024-12-08|Cleveland Cavaliers|Miami Heat,0.238546989008815,-8.15544919075643,,elo,"{'home_advantage': 1.8594025118097193, 'scale': 0.09159169771564335, 'error_term': 12.297538654780217, 'win_prob_k': 7.026548731162995}",1.0,9
2024-12-08,Orlando Magic,Phoenix Suns,115,110,False,False,2024-12-08|Phoenix Suns|Orlando Magic,,,,2024-12-08|Phoenix Suns|Orlando Magic,0.7085876621243706,6.243331299395515,,elo,"{'home_advantage': 1.8594025118097193, 'scale': 0.09159169771564335, 'error_term': 12.297538654780217, 'win_prob_k': 7.026548731162995}",1.0,5
2024-12-08,San Antonio Spurs,New Orleans Pelicans,121,116,False,False,2024-12-08|New Orleans Pelicans|San Antonio Spurs,,,,2024-12-08|New Orleans Pelicans|San Antonio Spurs,0.8076567264945651,10.082081856088381,,elo,"{'home_advantage': 1.8594025118097193, 'scale': 0.09159169771564335, 'error_term': 12.297538654780217, 'win_prob_k': 7.026548731162995}",1.0,5
2024-12-08,Washington Wizards,Memphis Grizzlies,112,140,False,False,2024-12-08|Memphis Grizzlies|Washington Wizards,,,,2024-12-08|Memphis Grizzlies|Washington Wizards,0.11683680032870472,-14.21282437461279,,elo,"{'home_advantage': 1.8594025118097193, 'scale': 0.09159169771564335, 'error_term': 12.297538654780217, 'win_prob_k': 7.026548731162995}",0.0,-28
2024-12-08,Golden State Warriors,Minnesota Timberwolves,114,106,False,False,2024-12-08|Minnesota Timberwolves|Golden State Warriors,,,,2024-12-08|Minnesota Timberwolves|Golden State Warriors,0.568742567057753,1.9444055173525983,,elo,"{'home_advantage': 1.8594025118097193, 'scale': 0.09159169771564335, 'error_term': 12.297538654780217, 'win_prob_k': 7.026548731162995}",1.0,8
2024-12-08,Los Angeles Clippers,Houston Rockets,106,117,False,False,2024-12-08|Houston Rockets|Los Angeles Clippers,,,,2024-12-08|Houston Rockets|Los Angeles Clippers,0.5159220188321268,0.44765872085330205,,elo,"{'home_advantage': 1.8594025118097193, 'scale': 0.09159169771564335, 'error_term': 12.297538654780217, 'win_prob_k': 7.026548731162995}",0.0,-11
2024-12-08,Sacramento Kings,Utah Jazz,141,97,False,False,2024-12-08|Utah Jazz|Sacramento Kings,,,,2024-12-08|Utah Jazz|Sacramento Kings,0.7590470678099703,8.06269889751272,,elo,"{'home_advantage': 1.8594025118097193, 'scale': 0.09159169771564335, 'error_term': 12.297538654780217, 'win_prob_k': 7.026548731162995}",1.0,44
2024-12-08,Los Angeles Lakers,Portland Trail Blazers,107,98,False,False,2024-12-08|Portland Trail Blazers|Los Angeles Lakers,,,,2024-12-08|Portland Trail Blazers|Los Angeles Lakers,0.696091975198607,5.82329929838404,,elo,"{'home_advantage': 1.8594025118097193, 'scale': 0.09159169771564335, 'error_term': 12.297538654780217, 'win_prob_k': 7.026548731162995}",1.0,9
2024-12-09,Toronto Raptors,New York Knicks,108,113,False,False,2024-12-09|New York Knicks|Toronto Raptors,,,,2024-12-09|New York Knicks|Toronto Raptors,0.27176895701194653,-7.1944234011517825,,elo,"{'home_advantage': 1.7682995043582328, 'scale': 0.09231274991616961, 'error_term': 12.359760131574047, 'win_prob_k': 7.299047347258266}",0.0,-5
2024-12-10,Milwaukee Bucks,Orlando Magic,114,109,False,False,2024-12-10|Orlando Magic|Milwaukee Bucks,,,,2024-12-10|Orlando Magic|Milwaukee Bucks,0.42705307862569797,-2.1355434997251943,,elo,"{'home_advantage': 1.7803847367832275, 'scale': 0.09151633216640978, 'error_term': 12.34359469101628, 'win_prob_k': 7.266601509019877}",1.0,5
2024-12-10,Oklahoma City Thunder,Dallas Mavericks,118,104,False,False,2024-12-10|Dallas Mavericks|Oklahoma City Thunder,,,,2024-12-10|Dallas Mavericks|Oklahoma City Thunder,0.6377661851617119,4.110584472706325,,elo,"{'home_advantage': 1.7803847367832275, 'scale': 0.09151633216640978, 'error_term': 12.34359469101628, 'win_prob_k': 7.266601509019877}",1.0,14
2024-12-11,New York Knicks,Atlanta Hawks,100,108,False,False,2024-12-11|Atlanta Hawks|New York Knicks,,,,2024-12-11|Atlanta Hawks|New York Knicks,0.6278202078634321,3.792990285258677,,elo,"{'home_advantage': 1.7944734842815235, 'scale': 0.09205900180459164, 'error_term': 12.30916851224029, 'win_prob_k': 7.254080524881767}",0.0,-8
2024-12-11,Houston Rockets,Golden State Warriors,91,90,False,False,2024-12-11|Golden State Warriors|Houston Rockets,,,,2024-12-11|Golden State Warriors|Houston Rockets,0.6427837320648021,4.26153245016113,,elo,"{'home_advantage': 1.7944734842815235, 'scale': 0.09205900180459164, 'error_term': 12.30916851224029, 'win_prob_k': 7.254080524881767}",1.0,1
2024-12-12,Boston Celtics,Detroit Pistons,123,99,False,False,2024-12-12|Detroit Pistons|Boston Celtics,,,,2024-12-12|Detroit Pistons|Boston Celtics,0.8790559517771627,14.309378900469317,,elo,"{'home_advantage': 1.74433685715656, 'scale': 0.09099901263142943, 'error_term': 12.339694415006756, 'win_prob_k': 7.214132014102972}",1.0,24
2024-12-12,Miami Heat,Toronto Raptors,114,104,False,False,2024-12-12|Toronto Raptors|Miami Heat,,,,2024-12-12|Toronto Raptors|Miami Heat,0.8078017860312837,10.35797507092004,,elo,"{'home_advantage': 1.74433685715656, 'scale': 0.09099901263142943, 'error_term': 12.339694415006756, 'win_prob_k': 7.214132014102972}",1.0,10
2024-12-12,New Orleans Pelicans,Sacramento Kings,109,111,False,False,2024-12-12|Sacramento Kings|New Orleans Pelicans,,,,2024-12-12|Sacramento Kings|New Orleans Pelicans,0.2630426262263738,-7.43209948915155,,elo,"{'home_advantage': 1.74433685715656, 'scale': 0.09099901263142943, 'error_term': 12.339694415006756, 'win_prob_k': 7.214132014102972}",0.0,-2
2024-12-13,Cleveland Cavaliers,Washington Wizards,115,105,False,False,2024-12-13|Washington Wizards|Cleveland Cavaliers,,,,2024-12-13|Washington Wizards|Cleveland Cavaliers,0.952931644380727,21.52713807153251,,elo,"{'home_advantage': 1.7749372998288926, 'scale': 0.08903548284846637, 'error_term': 12.308961845363902, 'win_prob_k': 7.156765739368096}",1.0,10
2024-12-13,Philadelphia 76ers,Indiana Pacers,107,121,False,False,2024-12-13|Indiana Pacers|Philadelphia 76ers,,,,2024-12-13|Indiana Pacers|Philadelphia 76ers,0.5787702928575245,2.2739002879990484,,elo,"{'home_advantage': 1.7749372998288926, 'scale': 0.08903548284846637, 'error_term': 12.308961845363902, 'win_prob_k': 7.156765739368096}",0.0,-14
2024-12-13,Chicago Bulls,Charlotte Hornets,109,95,False,False,2024-12-13|Charlotte Hornets|Chicago Bulls,,,,2024-12-13|Charlotte Hornets|Chicago Bulls,0.6864362546401165,5.607402472825719,,elo,"{'home_advantage': 1.7749372998288926, 'scale': 0.08903548284846637, 'error_term': 12.308961845363902, 'win_prob_k': 7.156765739368096}",1.0,14
2024-12-13,Memphis Grizzlies,Brooklyn Nets,135,119,False,False,2024-12-13|Brooklyn Nets|Memphis Grizzlies,,,,2024-12-13|Brooklyn Nets|Memphis Grizzlies,0.8116859915450917,10.456054270381278,,elo,"{'home_advantage': 1.7749372998288926, 'scale': 0.08903548284846637, 'error_term': 12.308961845363902, 'win_prob_k': 7.156765739368096}",1.0,16
2024-12-13,Minnesota Timberwolves,Los Angeles Lakers,97,87,False,False,2024-12-13|Los Angeles Lakers|Minnesota Timberwolves,,,,2024-12-13|Los Angeles Lakers|Minnesota Timberwolves,0.5863715340476359,2.4976071847879537,,elo,"{'home_advantage': 1.7749372998288926, 'scale': 0.08903548284846637, 'error_term': 12.308961845363902, 'win_prob_k': 7.156765739368096}",1.0,10
2024-12-13,Denver Nuggets,Los Angeles Clippers,120,98,False,False,2024-12-13|Los Angeles Clippers|Denver Nuggets,,,,2024-12-13|Los Angeles Clippers|Denver Nuggets,0.5279691340830392,0.8015108608169889,,elo,"{'home_advantage': 1.7749372998288926, 'scale': 0.08903548284846637, 'error_term': 12.308961845363902, 'win_prob_k': 7.156765739368096}",1.0,22
2024-12-13,Utah Jazz,Phoenix Suns,126,134,False,False,2024-12-13|Phoenix Suns|Utah Jazz,,,,2024-12-13|Phoenix Suns|Utah Jazz,0.30119776691291866,-6.0231389982105785,,elo,"{'home_advantage': 1.7749372998288926, 'scale': 0.08903548284846637, 'error_term': 12.308961845363902, 'win_prob_k': 7.156765739368096}",0.0,-8
2024-12-13,Portland Trail Blazers,San Antonio Spurs,116,118,False,False,2024-12-13|San Antonio Spurs|Portland Trail Blazers,,,,2024-12-13|San Antonio Spurs|Portland Trail Blazers,0.39522791878322544,-3.0444098055485727,,elo,"{'home_advantage': 1.7749372998288926, 'scale': 0.08903548284846637, 'error_term': 12.308961845363902, 'win_prob_k': 7.156765739368096}",0.0,-2
2024-12-14,Milwaukee Bucks,Atlanta Hawks,110,102,False,False,2024-12-14|Atlanta Hawks|Milwaukee Bucks,,,,2024-12-14|Atlanta Hawks|Milwaukee Bucks,0.5651818650128895,1.8440194302861763,,elo,"{'home_advantage': 1.814856563458957, 'scale': 0.08598366364272876, 'error_term': 12.255444878376862, 'win_prob_k': 7.032345099112472}",1.0,8
2024-12-14,Oklahoma City Thunder,Houston Rockets,111,96,False,False,2024-12-14|Houston Rockets|Oklahoma City Thunder,,,,2024-12-14|Houston Rockets|Oklahoma City Thunder,0.6625156924049973,4.743494202535658,,elo,"{'home_advantage': 1.814856563458957, 'scale': 0.08598366364272876, 'error_term': 12.255444878376862, 'win_prob_k': 7.032345099112472}",1.0,15
2024-12-15,Indiana Pacers,New Orleans Pelicans,119,104,False,False,2024-12-15|New Orleans Pelicans|Indiana Pacers,,,,2024-12-15|New Orleans Pelicans|Indiana Pacers,0.7667084084020035,8.357326696382634,,elo,"{'home_advantage': 1.8467911923971205, 'scale': 0.08620697819730383, 'error_term': 12.212635505798948, 'win_prob_k': 7.024041297326381}",1.0,15
2024-12-15,Orlando Magic,New York Knicks,91,100,False,False,2024-12-15|New York Knicks|Orlando Magic,,,,2024-12-15|New York Knicks|Orlando Magic,0.6250519084945757,3.5896159784209276,,elo,"{'home_advantage': 1.8467911923971205, 'scale': 0.08620697819730383, 'error_term': 12.212635505798948, 'win_prob_k': 7.024041297326381}",0.0,-9
2024-12-15,Washington Wizards,Boston Celtics,98,112,False,False,2024-12-15|Boston Celtics|Washington Wizards,,,,2024-12-15|Boston Celtics|Washington Wizards,0.07457728708337663,-17.68944830801878,,elo,"{'home_advantage': 1.8467911923971205, 'scale': 0.08620697819730383, 'error_term': 12.212635505798948, 'win_prob_k': 7.024041297326381}",0.0,-14
2024-12-15,San Antonio Spurs,Minnesota Timberwolves,92,106,False,False,2024-12-15|Minnesota Timberwolves|San Antonio Spurs,,,,2024-12-15|Minnesota Timberwolves|San Antonio Spurs,0.5163272058713521,0.45889502785875735,,elo,"{'home_advantage': 1.8467911923971205, 'scale': 0.08620697819730383, 'error_term': 12.212635505798948, 'win_prob_k': 7.024041297326381}",0.0,-14
2024-12-15,Phoenix Suns,Portland Trail Blazers,116,109,False,False,2024-12-15|Portland Trail Blazers|Phoenix Suns,,,,2024-12-15|Portland Trail Blazers|Phoenix Suns,0.7542355279438472,7.87627556012893,,elo,"{'home_advantage': 1.8467911923971205, 'scale': 0.08620697819730383, 'error_term': 12.212635505798948, 'win_prob_k': 7.024041297326381}",1.0,7
2024-12-15,Golden State Warriors,Dallas Mavericks,133,143,False,False,2024-12-15|Dallas Mavericks|Golden State Warriors,,,,2024-12-15|Dallas Mavericks|Golden State Warriors,0.45746105173320567,-1.1980775793625074,,elo,"{'home_advantage': 1.8467911923971205, 'scale': 0.08620697819730383, 'error_term': 12.212635505798948, 'win_prob_k': 7.024041297326381}",0.0,-10
2024-12-15,Los Angeles Lakers,Memphis Grizzlies,116,110,False,False,2024-12-15|Memphis Grizzlies|Los Angeles Lakers,,,,2024-12-15|Memphis Grizzlies|Los Angeles Lakers,0.3140819359103931,-5.486508764006862,,elo,"{'home_advantage': 1.8467911923971205, 'scale': 0.08620697819730383, 'error_term': 12.212635505798948, 'win_prob_k': 7.024041297326381}",1.0,6
2024-12-16,Charlotte Hornets,Philadelphia 76ers,108,121,False,False,2024-12-16|Philadelphia 76ers|Charlotte Hornets,,,,2024-12-16|Philadelphia 76ers|Charlotte Hornets,0.4703219693851069,-0.8269197668471677,,elo,"{'home_advantage': 1.833663682775295, 'scale': 0.08474688579341962, 'error_term': 12.15624278992638, 'win_prob_k': 6.957568587674464}",0.0,-13
2024-12-16,Detroit Pistons,Miami Heat,125,124,False,False,2024-12-16|Miami Heat|Detroit Pistons,,,,2024-12-16|Miami Heat|Detroit Pistons,0.3451788874540245,-4.454926231741565,,elo,"{'home_advantage': 1.833663682775295, 'scale': 0.08474688579341962, 'error_term': 12.15624278992638, 'win_prob_k': 6.957568587674464}",1.0,1
2024-12-16,Brooklyn Nets,Cleveland Cavaliers,101,130,False,False,2024-12-16|Cleveland Cavaliers|Brooklyn Nets,,,,2024-12-16|Cleveland Cavaliers|Brooklyn Nets,0.18236207385856654,-10.439313173320796,,elo,"{'home_advantage': 1.833663682775295, 'scale': 0.08474688579341962, 'error_term': 12.15624278992638, 'win_prob_k': 6.957568587674464}",0.0,-29
2024-12-16,Toronto Raptors,Chicago Bulls,121,122,False,False,2024-12-16|Chicago Bulls|Toronto Raptors,,,,2024-12-16|Chicago Bulls|Toronto Raptors,0.4058142975383376,-2.6528947501761144,,elo,"{'home_advantage': 1.833663682775295, 'scale': 0.08474688579341962, 'error_term': 12.15624278992638, 'win_prob_k': 6.957568587674464}",0.0,-1
2024-12-16,Sacramento Kings,Denver Nuggets,129,130,False,False,2024-12-16|Denver Nuggets|Sacramento Kings,,,,2024-12-16|Denver Nuggets|Sacramento Kings,0.4927502951297078,-0.20177541623710438,,elo,"{'home_advantage': 1.833663682775295, 'scale': 0.08474688579341962, 'error_term': 12.15624278992638, 'win_prob_k': 6.957568587674464}",0.0,-1
2024-12-16,Los Angeles Clippers,Utah Jazz,144,107,False,False,2024-12-16|Utah Jazz|Los Angeles Clippers,,,,2024-12-16|Utah Jazz|Los Angeles Clippers,0.8373738524165851,11.402179140235768,,elo,"{'home_advantage': 1.833663682775295, 'scale': 0.08474688579341962, 'error_term': 12.15624278992638, 'win_prob_k': 6.957568587674464}",1.0,37
2024-12-17,Oklahoma City Thunder,Milwaukee Bucks,81,97,False,False,2024-12-17|Milwaukee Bucks|Oklahoma City Thunder,,,,2024-12-17|Milwaukee Bucks|Oklahoma City Thunder,0.7563012591004602,7.8657645652166295,,elo,"{'home_advantage': 1.8470840440542535, 'scale': 0.08430175318686917, 'error_term': 12.219546205307992, 'win_prob_k': 6.945444583792375}",0.0,-16
2024-12-19,Detroit Pistons,Utah Jazz,119,126,False,False,2024-12-19|Utah Jazz|Detroit Pistons,,,,2024-12-19|Utah Jazz|Detroit Pistons,0.7605073522931949,8.051761643375945,,elo,"{'home_advantage': 1.786120544271091, 'scale': 0.08406091481270307, 'error_term': 12.281685542419531, 'win_prob_k': 6.968428426412892}",0.0,-7
2024-12-19,Orlando Magic,Oklahoma City Thunder,99,105,False,False,2024-12-19|Oklahoma City Thunder|Orlando Magic,,,,2024-12-19|Oklahoma City Thunder|Orlando Magic,0.38635596710274,-3.22398431597047,,elo,"{'home_advantage': 1.786120544271091, 'scale': 0.08406091481270307, 'error_term': 12.281685542419531, 'win_prob_k': 6.968428426412892}",0.0,-6
2024-12-19,Washington Wizards,Charlotte Hornets,123,114,False,False,2024-12-19|Charlotte Hornets|Washington Wizards,,,,2024-12-19|Charlotte Hornets|Washington Wizards,0.47816460436087005,-0.6090209261100774,,elo,"{'home_advantage': 1.786120544271091, 'scale': 0.08406091481270307, 'error_term': 12.281685542419531, 'win_prob_k': 6.968428426412892}",1.0,9
2024-12-19,Boston Celtics,Chicago Bulls,108,117,False,False,2024-12-19|Chicago Bulls|Boston Celtics,,,,2024-12-19|Chicago Bulls|Boston Celtics,0.8589257988561195,12.587744972268482,,elo,"{'home_advantage': 1.786120544271091, 'scale': 0.08406091481270307, 'error_term': 12.281685542419531, 'win_prob_k': 6.968428426412892}",0.0,-9
2024-12-19,Toronto Raptors,Brooklyn Nets,94,101,False,False,2024-12-19|Brooklyn Nets|Toronto Raptors,,,,2024-12-19|Brooklyn Nets|Toronto Raptors,0.4223152741939187,-2.1830423065287325,,elo,"{'home_advantage': 1.786120544271091, 'scale': 0.08406091481270307, 'error_term': 12.281685542419531, 'win_prob_k': 6.968428426412892}",0.0,-7
2024-12-19,Houston Rockets,New Orleans Pelicans,133,113,False,False,2024-12-19|New Orleans Pelicans|Houston Rockets,,,,2024-12-19|New Orleans Pelicans|Houston Rockets,0.9210660042759703,17.12086903351131,,elo,"{'home_advantage': 1.786120544271091, 'scale': 0.08406091481270307, 'error_term': 12.281685542419531, 'win_prob_k': 6.968428426412892}",1.0,20
2024-12-19,Memphis Grizzlies,Golden State Warriors,144,93,False,False,2024-12-19|Golden State Warriors|Memphis Grizzlies,,,,2024-12-19|Golden State Warriors|Memphis Grizzlies,0.7078789801559595,6.167790697224653,,elo,"{'home_advantage': 1.786120544271091, 'scale': 0.08406091481270307, 'error_term': 12.281685542419531, 'win_prob_k': 6.968428426412892}",1.0,51
2024-12-19,San Antonio Spurs,Atlanta Hawks,133,126,False,False,2024-12-19|Atlanta Hawks|San Antonio Spurs,,,,2024-12-19|Atlanta Hawks|San Antonio Spurs,0.49127100320557826,-0.24333428086043374,,elo,"{'home_advantage': 1.786120544271091, 'scale': 0.08406091481270307, 'error_term': 12.281685542419531, 'win_prob_k': 6.968428426412892}",1.0,7
2024-12-19,Dallas Mavericks,Los Angeles Clippers,95,118,False,False,2024-12-19|Los Angeles Clippers|Dallas Mavericks,,,,2024-12-19|Los Angeles Clippers|Dallas Mavericks,0.6930362343187679,5.674757601205137,,elo,"{'home_advantage': 1.786120544271091, 'scale': 0.08406091481270307, 'error_term': 12.281685542419531, 'win_prob_k': 6.968428426412892}",0.0,-23
2024-12-19,Phoenix Suns,Indiana Pacers,111,120,False,False,2024-12-19|Indiana Pacers|Phoenix Suns,,,,2024-12-19|Indiana Pacers|Phoenix Suns,0.6869126028595708,5.475266284926034,,elo,"{'home_advantage': 1.786120544271091, 'scale': 0.08406091481270307, 'error_term': 12.281685542419531, 'win_prob_k': 6.968428426412892}",0.0,-9
2024-12-19,Minnesota Timberwolves,New York Knicks,107,133,False,False,2024-12-19|New York Knicks|Minnesota Timberwolves,,,,2024-12-19|New York Knicks|Minnesota Timberwolves,0.5338642263190091,0.945369036161619,,elo,"{'home_advantage': 1.786120544271091, 'scale': 0.08406091481270307, 'error_term': 12.281685542419531, 'win_prob_k': 6.968428426412892}",0.0,-26
2024-12-19,Portland Trail Blazers,Denver Nuggets,126,124,False,False,2024-12-19|Denver Nuggets|Portland Trail Blazers,,,,2024-12-19|Denver Nuggets|Portland Trail Blazers,0.26170661404389234,-7.227077012491964,,elo,"{'home_advantage': 1.786120544271091, 'scale': 0.08406091481270307, 'error_term': 12.281685542419531, 'win_prob_k': 6.968428426412892}",1.0,2
2024-12-19,Sacramento Kings,Los Angeles Lakers,100,113,False,False,2024-12-19|Los Angeles Lakers|Sacramento Kings,,,,2024-12-19|Los Angeles Lakers|Sacramento Kings,0.517878416187567,0.4985504008617412,,elo,"{'home_advantage': 1.786120544271091, 'scale': 0.08406091481270307, 'error_term': 12.281685542419531, 'win_prob_k': 6.968428426412892}",0.0,-13
2024-12-20,Philadelphia 76ers,Charlotte Hornets,108,98,False,False,2024-12-20|Charlotte Hornets|Philadelphia 76ers,,,,2024-12-20|Charlotte Hornets|Philadelphia 76ers,0.719682776746275,6.67786287252606,,elo,"{'home_advantage': 1.6401143637256135, 'scale': 0.08339204690967898, 'error_term': 12.632976069719707, 'win_prob_k': 7.082345353900449}",1.0,10
2024-12-20,Cleveland Cavaliers,Milwaukee Bucks,124,101,False,False,2024-12-20|Milwaukee Bucks|Cleveland Cavaliers,,,,2024-12-20|Milwaukee Bucks|Cleveland Cavaliers,0.7314020075645427,7.094721332096897,,elo,"{'home_advantage': 1.6401143637256135, 'scale': 0.08339204690967898, 'error_term': 12.632976069719707, 'win_prob_k': 7.082345353900449}",1.0,23
2024-12-20,Miami Heat,Oklahoma City Thunder,97,104,False,False,2024-12-20|Oklahoma City Thunder|Miami Heat,,,,2024-12-20|Oklahoma City Thunder|Miami Heat,0.3073801380004606,-5.753669693847106,,elo,"{'home_advantage': 1.6401143637256135, 'scale': 0.08339204690967898, 'error_term': 12.632976069719707, 'win_prob_k': 7.082345353900449}",0.0,-7
2024-12-21,Sacramento Kings,Los Angeles Lakers,99,103,False,False,2024-12-21|Los Angeles Lakers|Sacramento Kings,,,,2024-12-21|Los Angeles Lakers|Sacramento Kings,0.4590757832640465,-1.1470833566469878,,elo,"{'home_advantage': 1.684678161191059, 'scale': 0.08223269756834307, 'error_term': 12.621417443556535, 'win_prob_k': 6.99168704495176}",0.0,-4
2024-12-21,Orlando Magic,Miami Heat,121,114,False,False,2024-12-21|Miami Heat|Orlando Magic,,,,2024-12-21|Miami Heat|Orlando Magic,0.6167401649518238,3.3261876428454293,,elo,"{'home_advantage': 1.684678161191059, 'scale': 0.08223269756834307, 'error_term': 12.621417443556535, 'win_prob_k': 6.99168704495176}",1.0,7
2024-12-21,Atlanta Hawks,Memphis Grizzlies,112,128,False,False,2024-12-21|Memphis Grizzlies|Atlanta Hawks,,,,2024-12-21|Memphis Grizzlies|Atlanta Hawks,0.37006283382393135,-3.719208807010759,,elo,"{'home_advantage': 1.684678161191059, 'scale': 0.08223269756834307, 'error_term': 12.621417443556535, 'win_prob_k': 6.99168704495176}",0.0,-16
2024-12-21,Brooklyn Nets,Utah Jazz,94,105,False,False,2024-12-21|Utah Jazz|Brooklyn Nets,,,,2024-12-21|Utah Jazz|Brooklyn Nets,0.7264751896950583,6.829563806665368,,elo,"{'home_advantage': 1.684678161191059, 'scale': 0.08223269756834307, 'error_term': 12.621417443556535, 'win_prob_k': 6.99168704495176}",0.0,-11
2024-12-21,Chicago Bulls,Boston Celtics,98,123,False,False,2024-12-21|Boston Celtics|Chicago Bulls,,,,2024-12-21|Boston Celtics|Chicago Bulls,0.2785025345134713,-6.65539882210191,,elo,"{'home_advantage': 1.684678161191059, 'scale': 0.08223269756834307, 'error_term': 12.621417443556535, 'win_prob_k': 6.99168704495176}",0.0,-25
2024-12-21,Cleveland Cavaliers,Philadelphia 76ers,126,99,False,False,2024-12-21|Philadelphia 76ers|Cleveland Cavaliers,,,,2024-12-21|Philadelphia 76ers|Cleveland Cavaliers,0.896060010306423,15.061448017489354,,elo,"{'home_advantage': 1.684678161191059, 'scale': 0.08223269756834307, 'error_term': 12.621417443556535, 'win_prob_k': 6.99168704495176}",1.0,27
2024-12-21,Milwaukee Bucks,Washington Wizards,112,101,False,False,2024-12-21|Washington Wizards|Milwaukee Bucks,,,,2024-12-21|Washington Wizards|Milwaukee Bucks,0.8891363653305705,14.556340647832137,,elo,"{'home_advantage': 1.684678161191059, 'scale': 0.08223269756834307, 'error_term': 12.621417443556535, 'win_prob_k': 6.99168704495176}",1.0,11
2024-12-21,Minnesota Timberwolves,Golden State Warriors,103,113,False,False,2024-12-21|Golden State Warriors|Minnesota Timberwolves,,,,2024-12-21|Golden State Warriors|Minnesota Timberwolves,0.6041063709112239,2.954720026014628,,elo,"{'home_advantage': 1.684678161191059, 'scale': 0.08223269756834307, 'error_term': 12.621417443556535, 'win_prob_k': 6.99168704495176}",0.0,-10
2024-12-21,New Orleans Pelicans,New York Knicks,93,104,False,False,2024-12-21|New York Knicks|New Orleans Pelicans,,,,2024-12-21|New York Knicks|New Orleans Pelicans,0.13454551209790688,-13.013992529687984,,elo,"{'home_advantage': 1.684678161191059, 'scale': 0.08223269756834307, 'error_term': 12.621417443556535, 'win_prob_k': 6.99168704495176}",0.0,-11
2024-12-21,Dallas Mavericks,Los Angeles Clippers,113,97,False,False,2024-12-21|Los Angeles Clippers|Dallas Mavericks,,,,2024-12-21|Los Angeles Clippers|Dallas Mavericks,0.6268372318804969,3.626393761022717,,elo,"{'home_advantage': 1.684678161191059, 'scale': 0.08223269756834307, 'error_term': 12.621417443556535, 'win_prob_k': 6.99168704495176}",1.0,16
2024-12-21,San Antonio Spurs,Portland Trail Blazers,114,94,False,False,2024-12-21|Portland Trail Blazers|San Antonio Spurs,,,,2024-12-21|Portland Trail Blazers|San Antonio Spurs,0.7372100742957693,7.212050617078676,,elo,"{'home_advantage': 1.684678161191059, 'scale': 0.08223269756834307, 'error_term': 12.621417443556535, 'win_prob_k': 6.99168704495176}",1.0,20
2024-12-21,Phoenix Suns,Detroit Pistons,125,133,False,False,2024-12-21|Detroit Pistons|Phoenix Suns,,,,2024-12-21|Detroit Pistons|Phoenix Suns,0.6806095733635201,5.289732589272003,,elo,"{'home_advantage': 1.684678161191059, 'scale': 0.08223269756834307, 'error_term': 12.621417443556535, 'win_prob_k': 6.99168704495176}",0.0,-8
2024-12-22,Sacramento Kings,Indiana Pacers,95,122,False,False,2024-12-22|Indiana Pacers|Sacramento Kings,,,,2024-12-22|Indiana Pacers|Sacramento Kings,0.5369324784388594,1.0323524138302043,,elo,"{'home_advantage': 1.6204462942908162, 'scale': 0.08027520675909208, 'error_term': 12.576731867324979, 'win_prob_k': 6.975379137769533}",0.0,-27
2024-12-22,Toronto Raptors,Houston Rockets,110,114,False,False,2024-12-22|Houston Rockets|Toronto Raptors,,,,2024-12-22|Houston Rockets|Toronto Raptors,0.16698254659855652,-11.210587296481878,,elo,"{'home_advantage': 1.6204462942908162, 'scale': 0.08027520675909208, 'error_term': 12.576731867324979, 'win_prob_k': 6.975379137769533}",0.0,-4
2024-12-22,New Orleans Pelicans,Denver Nuggets,129,132,False,False,2024-12-22|Denver Nuggets|New Orleans Pelicans,,,,2024-12-22|Denver Nuggets|New Orleans Pelicans,0.1768069344804325,-10.72905657781541,,elo,"{'home_advantage': 1.6204462942908162, 'scale': 0.08027520675909208, 'error_term': 12.576731867324979, 'win_prob_k': 6.975379137769533}",0.0,-3
2024-12-23,Charlotte Hornets,Houston Rockets,101,114,False,False,2024-12-23|Houston Rockets|Charlotte Hornets,,,,2024-12-23|Houston Rockets|Charlotte Hornets,0.1338714938858163,-12.792323586508395,,elo,"{'home_advantage': 1.615427824120538, 'scale': 0.07820371048726348, 'error_term': 12.641992282348147, 'win_prob_k': 6.851245685687221}",0.0,-13
2024-12-23,Cleveland Cavaliers,Utah Jazz,124,113,False,False,2024-12-23|Utah Jazz|Cleveland Cavaliers,,,,2024-12-23|Utah Jazz|Cleveland Cavaliers,0.9349450548329731,18.26032051689297,,elo,"{'home_advantage': 1.615427824120538, 'scale': 0.07820371048726348, 'error_term': 12.641992282348147, 'win_prob_k': 6.851245685687221}",1.0,11
2024-12-23,Orlando Magic,Boston Celtics,108,104,False,False,2024-12-23|Boston Celtics|Orlando Magic,,,,2024-12-23|Boston Celtics|Orlando Magic,0.37762695470379465,-3.4231073959155105,,elo,"{'home_advantage': 1.615427824120538, 'scale': 0.07820371048726348, 'error_term': 12.641992282348147, 'win_prob_k': 6.851245685687221}",1.0,4
2024-12-23,Philadelphia 76ers,San Antonio Spurs,111,106,False,False,2024-12-23|San Antonio Spurs|Philadelphia 76ers,,,,2024-12-23|San Antonio Spurs|Philadelphia 76ers,0.39762070302168295,-2.845930483598331,,elo,"{'home_advantage': 1.615427824120538, 'scale': 0.07820371048726348, 'error_term': 12.641992282348147, 'win_prob_k': 6.851245685687221}",1.0,5
2024-12-23,Atlanta Hawks,Minnesota Timberwolves,117,104,False,False,2024-12-23|Minnesota Timberwolves|Atlanta Hawks,,,,2024-12-23|Minnesota Timberwolves|Atlanta Hawks,0.5312285747469843,0.856933983482929,,elo,"{'home_advantage': 1.615427824120538, 'scale': 0.07820371048726348, 'error_term': 12.641992282348147, 'win_prob_k': 6.851245685687221}",1.0,13
2024-12-23,Miami Heat,Brooklyn Nets,110,95,False,False,2024-12-23|Brooklyn Nets|Miami Heat,,,,2024-12-23|Brooklyn Nets|Miami Heat,0.6783320798144237,5.111832601412593,,elo,"{'home_advantage': 1.615427824120538, 'scale': 0.07820371048726348, 'error_term': 12.641992282348147, 'win_prob_k': 6.851245685687221}",1.0,15
2024-12-23,New York Knicks,Toronto Raptors,139,125,False,False,2024-12-23|Toronto Raptors|New York Knicks,,,,2024-12-23|Toronto Raptors|New York Knicks,0.8834043528526654,13.874259533045809,,elo,"{'home_advantage': 1.615427824120538, 'scale': 0.07820371048726348, 'error_term': 12.641992282348147, 'win_prob_k': 6.851245685687221}",1.0,14
2024-12-23,Chicago Bulls,Milwaukee Bucks,91,112,False,False,2024-12-23|Milwaukee Bucks|Chicago Bulls,,,,2024-12-23|Milwaukee Bucks|Chicago Bulls,0.38934463802224767,-3.0835253061980494,,elo,"{'home_advantage': 1.615427824120538, 'scale': 0.07820371048726348, 'error_term': 12.641992282348147, 'win_prob_k': 6.851245685687221}",0.0,-21
2024-12-23,Memphis Grizzlies,Los Angeles Clippers,110,114,False,False,2024-12-23|Los Angeles Clippers|Memphis Grizzlies,,,,2024-12-23|Los Angeles Clippers|Memphis Grizzlies,0.7145477367142027,6.286531727715628,,elo,"{'home_advantage': 1.615427824120538, 'scale': 0.07820371048726348, 'error_term': 12.641992282348147, 'win_prob_k': 6.851245685687221}",0.0,-4
2024-12-23,Oklahoma City Thunder,Washington Wizards,123,105,False,False,2024-12-23|Washington Wizards|Oklahoma City Thunder,,,,2024-12-23|Washington Wizards|Oklahoma City Thunder,0.9479493430786636,19.882888081823825,,elo,"{'home_advantage': 1.615427824120538, 'scale': 0.07820371048726348, 'error_term': 12.641992282348147, 'win_prob_k': 6.851245685687221}",1.0,18
2024-12-23,Dallas Mavericks,Portland Trail Blazers,132,108,False,False,2024-12-23|Portland Trail Blazers|Dallas Mavericks,,,,2024-12-23|Portland Trail Blazers|Dallas Mavericks,0.8544893644619693,12.12845107869462,,elo,"{'home_advantage': 1.615427824120538, 'scale': 0.07820371048726348, 'error_term': 12.641992282348147, 'win_prob_k': 6.851245685687221}",1.0,24
2024-12-23,Denver Nuggets,Phoenix Suns,117,90,False,False,2024-12-23|Phoenix Suns|Denver Nuggets,,,,2024-12-23|Phoenix Suns|Denver Nuggets,0.6578459506284543,4.478725857215373,,elo,"{'home_advantage': 1.615427824120538, 'scale': 0.07820371048726348, 'error_term': 12.641992282348147, 'win_prob_k': 6.851245685687221}",1.0,27
2024-12-23,Golden State Warriors,Indiana Pacers,105,111,False,False,2024-12-23|Indiana Pacers|Golden State Warriors,,,,2024-12-23|Indiana Pacers|Golden State Warriors,0.6323310074404977,3.714950580467587,,elo,"{'home_advantage': 1.615427824120538, 'scale': 0.07820371048726348, 'error_term': 12.641992282348147, 'win_prob_k': 6.851245685687221}",0.0,-6
2024-12-23,Los Angeles Lakers,Detroit Pistons,114,117,False,False,2024-12-23|Detroit Pistons|Los Angeles Lakers,,,,2024-12-23|Detroit Pistons|Los Angeles Lakers,0.706602117850832,6.021820761367374,,elo,"{'home_advantage': 1.615427824120538, 'scale': 0.07820371048726348, 'error_term': 12.641992282348147, 'win_prob_k': 6.851245685687221}",0.0,-3
2024-12-25,New York Knicks,San Antonio Spurs,117,114,False,False,2024-12-25|San Antonio Spurs|New York Knicks,,,,2024-12-25|San Antonio Spurs|New York Knicks,0.7097046064780835,6.146174886002486,,elo,"{'home_advantage': 1.6888414077314196, 'scale': 0.07584500462664563, 'error_term': 12.599503480112938, 'win_prob_k': 6.875301786297225}",1.0,3
2024-12-25,Dallas Mavericks,Minnesota Timberwolves,99,105,False,False,2024-12-25|Minnesota Timberwolves|Dallas Mavericks,,,,2024-12-25|Minnesota Timberwolves|Dallas Mavericks,0.737541627071567,7.103768339472545,,elo,"{'home_advantage': 1.6888414077314196, 'scale': 0.07584500462664563, 'error_term': 12.599503480112938, 'win_prob_k': 6.875301786297225}",0.0,-6
2024-12-25,Boston Celtics,Philadelphia 76ers,114,118,False,False,2024-12-25|Philadelphia 76ers|Boston Celtics,,,,2024-12-25|Philadelphia 76ers|Boston Celtics,0.8347980815185602,11.138136045639287,,elo,"{'home_advantage': 1.6888414077314196, 'scale': 0.07584500462664563, 'error_term': 12.599503480112938, 'win_prob_k': 6.875301786297225}",0.0,-4
2024-12-25,Golden State Warriors,Los Angeles Lakers,113,115,False,False,2024-12-25|Los Angeles Lakers|Golden State Warriors,,,,2024-12-25|Los Angeles Lakers|Golden State Warriors,0.5401929063850045,1.1077436047817868,,elo,"{'home_advantage': 1.6888414077314196, 'scale': 0.07584500462664563, 'error_term': 12.599503480112938, 'win_prob_k': 6.875301786297225}",0.0,-2
2024-12-25,Phoenix Suns,Denver Nuggets,110,100,False,False,2024-12-25|Denver Nuggets|Phoenix Suns,,,,2024-12-25|Denver Nuggets|Phoenix Suns,0.41199426414659157,-2.4457323721673214,,elo,"{'home_advantage': 1.6888414077314196, 'scale': 0.07584500462664563, 'error_term': 12.599503480112938, 'win_prob_k': 6.875301786297225}",1.0,10
2024-12-26,Indiana Pacers,Oklahoma City Thunder,114,120,False,False,2024-12-26|Oklahoma City Thunder|Indiana Pacers,,,,2024-12-26|Oklahoma City Thunder|Indiana Pacers,0.2567375300084594,-7.353523269169738,,elo,"{'home_advantage': 1.6488767499661299, 'scale': 0.07540759941548993, 'error_term': 12.619234828445844, 'win_prob_k': 6.917740481636484}",0.0,-6
2024-12-26,Orlando Magic,Miami Heat,88,89,False,False,2024-12-26|Miami Heat|Orlando Magic,,,,2024-12-26|Miami Heat|Orlando Magic,0.6671640360132544,4.810501119188294,,elo,"{'home_advantage': 1.6488767499661299, 'scale': 0.07540759941548993, 'error_term': 12.619234828445844, 'win_prob_k': 6.917740481636484}",0.0,-1
2024-12-26,Washington Wizards,Charlotte Hornets,113,110,False,False,2024-12-26|Charlotte Hornets|Washington Wizards,,,,2024-12-26|Charlotte Hornets|Washington Wizards,0.5503013054629982,1.3966099354485815,,elo,"{'home_advantage': 1.6488767499661299, 'scale': 0.07540759941548993, 'error_term': 12.619234828445844, 'win_prob_k': 6.917740481636484}",1.0,3
2024-12-26,Atlanta Hawks,Chicago Bulls,141,133,False,False,2024-12-26|Chicago Bulls|Atlanta Hawks,,,,2024-12-26|Chicago Bulls|Atlanta Hawks,0.6373035805672327,3.8993915837820454,,elo,"{'home_advantage': 1.6488767499661299, 'scale': 0.07540759941548993, 'error_term': 12.619234828445844, 'win_prob_k': 6.917740481636484}",1.0,8
2024-12-26,Memphis Grizzlies,Toronto Raptors,155,126,False,False,2024-12-26|Toronto Raptors|Memphis Grizzlies,,,,2024-12-26|Toronto Raptors|Memphis Grizzlies,0.8982823567071516,15.068801162984734,,elo,"{'home_advantage': 1.6488767499661299, 'scale': 0.07540759941548993, 'error_term': 12.619234828445844, 'win_prob_k': 6.917740481636484}",1.0,29
2024-12-26,Milwaukee Bucks,Brooklyn Nets,105,111,False,False,2024-12-26|Brooklyn Nets|Milwaukee Bucks,,,,2024-12-26|Brooklyn Nets|Milwaukee Bucks,0.8068731627164423,9.891119015692107,,elo,"{'home_advantage': 1.6488767499661299, 'scale': 0.07540759941548993, 'error_term': 12.619234828445844, 'win_prob_k': 6.917740481636484}",0.0,-6
2024-12-26,New Orleans Pelicans,Houston Rockets,111,128,False,False,2024-12-26|Houston Rockets|New Orleans Pelicans,,,,2024-12-26|Houston Rockets|New Orleans Pelicans,0.1088580509679694,-14.544265598650428,,elo,"{'home_advantage': 1.6488767499661299, 'scale': 0.07540759941548993, 'error_term': 12.619234828445844, 'win_prob_k': 6.917740481636484}",0.0,-17
2024-12-26,Portland Trail Blazers,Utah Jazz,122,120,False,False,2024-12-26|Utah Jazz|Portland Trail Blazers,,,,2024-12-26|Utah Jazz|Portland Trail Blazers,0.5880551950503128,2.462241336848856,,elo,"{'home_advantage': 1.6488767499661299, 'scale': 0.07540759941548993, 'error_term': 12.619234828445844, 'win_prob_k': 6.917740481636484}",1.0,2
2024-12-26,Sacramento Kings,Detroit Pistons,113,114,False,False,2024-12-26|Detroit Pistons|Sacramento Kings,,,,2024-12-26|Detroit Pistons|Sacramento Kings,0.5118638440480362,0.32834560608338315,,elo,"{'home_advantage': 1.6488767499661299, 'scale': 0.07540759941548993, 'error_term': 12.619234828445844, 'win_prob_k': 6.917740481636484}",0.0,-1
2024-12-27,Orlando Magic,New York Knicks,85,108,False,False,2024-12-27|New York Knicks|Orlando Magic,,,,2024-12-27|New York Knicks|Orlando Magic,0.4841054643009507,-0.43911360890601325,,elo,"{'home_advantage': 1.6509285303406356, 'scale': 0.07395212257599747, 'error_term': 12.580165605719968, 'win_prob_k': 6.904348491839908}",0.0,-23
2024-12-27,Boston Celtics,Indiana Pacers,142,105,False,False,2024-12-27|Indiana Pacers|Boston Celtics,,,,2024-12-27|Indiana Pacers|Boston Celtics,0.762965864824875,8.071246431525246,,elo,"{'home_advantage': 1.6509285303406356, 'scale': 0.07395212257599747, 'error_term': 12.580165605719968, 'win_prob_k': 6.904348491839908}",1.0,37
2024-12-27,Brooklyn Nets,San Antonio Spurs,87,96,False,False,2024-12-27|San Antonio Spurs|Brooklyn Nets,,,,2024-12-27|San Antonio Spurs|Brooklyn Nets,0.47231538491987873,-0.765359696202571,,elo,"{'home_advantage': 1.6509285303406356, 'scale': 0.07395212257599747, 'error_term': 12.580165605719968, 'win_prob_k': 6.904348491839908}",0.0,-9
2024-12-27,Houston Rockets,Minnesota Timberwolves,112,113,False,False,2024-12-27|Minnesota Timberwolves|Houston Rockets,,,,2024-12-27|Minnesota Timberwolves|Houston Rockets,0.7235759073246477,6.643841922729942,,elo,"{'home_advantage': 1.6509285303406356, 'scale': 0.07395212257599747, 'error_term': 12.580165605719968, 'win_prob_k': 6.904348491839908}",0.0,-1
2024-12-27,New Orleans Pelicans,Memphis Grizzlies,124,132,False,False,2024-12-27|Memphis Grizzlies|New Orleans Pelicans,,,,2024-12-27|Memphis Grizzlies|New Orleans Pelicans,0.10707751560982999,-14.643755538715407,,elo,"{'home_advantage': 1.6509285303406356, 'scale': 0.07395212257599747, 'error_term': 12.580165605719968, 'win_prob_k': 6.904348491839908}",0.0,-8
2024-12-27,Denver Nuggets,Cleveland Cavaliers,135,149,False,False,2024-12-27|Cleveland Cavaliers|Denver Nuggets,,,,2024-12-27|Cleveland Cavaliers|Denver Nuggets,0.27621931463091454,-6.650912348458645,,elo,"{'home_advantage': 1.6509285303406356, 'scale': 0.07395212257599747, 'error_term': 12.580165605719968, 'win_prob_k': 6.904348491839908}",0.0,-14
2024-12-27,Phoenix Suns,Dallas Mavericks,89,98,False,False,2024-12-27|Dallas Mavericks|Phoenix Suns,,,,2024-12-27|Dallas Mavericks|Phoenix Suns,0.38119491660647703,-3.345015285376835,,elo,"{'home_advantage': 1.6509285303406356, 'scale': 0.07395212257599747, 'error_term': 12.580165605719968, 'win_prob_k': 6.904348491839908}",0.0,-9
2024-12-27,Los Angeles Clippers,Golden State Warriors,102,92,False,False,2024-12-27|Golden State Warriors|Los Angeles Clippers,,,,2024-12-27|Golden State Warriors|Los Angeles Clippers,0.6594084671790503,4.561421785879939,,elo,"{'home_advantage': 1.6509285303406356, 'scale': 0.07395212257599747, 'error_term': 12.580165605719968, 'win_prob_k': 6.904348491839908}",1.0,10
2024-12-28,Atlanta Hawks,Miami Heat,120,110,False,False,2024-12-28|Miami Heat|Atlanta Hawks,,,,2024-12-28|Miami Heat|Atlanta Hawks,0.5528105824108489,1.4761238673978863,,elo,"{'home_advantage': 1.6012702659522016, 'scale': 0.07270368529858645, 'error_term': 12.604265843739165, 'win_prob_k': 6.96175958207362}",1.0,10
2024-12-28,Charlotte Hornets,Oklahoma City Thunder,94,106,False,False,2024-12-28|Oklahoma City Thunder|Charlotte Hornets,,,,2024-12-28|Oklahoma City Thunder|Charlotte Hornets,0.08045479933364551,-16.960125028833346,,elo,"{'home_advantage': 1.6012702659522016, 'scale': 0.07270368529858645, 'error_term': 12.604265843739165, 'win_prob_k': 6.96175958207362}",0.0,-12
2024-12-28,Washington Wizards,New York Knicks,132,136,False,False,2024-12-28|New York Knicks|Washington Wizards,,,,2024-12-28|New York Knicks|Washington Wizards,0.1456473902901647,-12.316434801352795,,elo,"{'home_advantage': 1.6012702659522016, 'scale': 0.07270368529858645, 'error_term': 12.604265843739165, 'win_prob_k': 6.96175958207362}",0.0,-4
2024-12-28,Chicago Bulls,Milwaukee Bucks,116,111,False,False,2024-12-28|Milwaukee Bucks|Chicago Bulls,,,,2024-12-28|Milwaukee Bucks|Chicago Bulls,0.37055736927346555,-3.688524289037519,,elo,"{'home_advantage': 1.6012702659522016, 'scale': 0.07270368529858645, 'error_term': 12.604265843739165, 'win_prob_k': 6.96175958207362}",1.0,5
2024-12-28,Golden State Warriors,Phoenix Suns,109,105,False,False,2024-12-28|Phoenix Suns|Golden State Warriors,,,,2024-12-28|Phoenix Suns|Golden State Warriors,0.5638571355989114,1.7879960470764489,,elo,"{'home_advantage': 1.6012702659522016, 'scale': 0.07270368529858645, 'error_term': 12.604265843739165, 'win_prob_k': 6.96175958207362}",1.0,4
2024-12-28,Denver Nuggets,Detroit Pistons,134,121,False,False,2024-12-28|Detroit Pistons|Denver Nuggets,,,,2024-12-28|Detroit Pistons|Denver Nuggets,0.62613979061662,3.590121620104939,,elo,"{'home_advantage': 1.6012702659522016, 'scale': 0.07270368529858645, 'error_term': 12.604265843739165, 'win_prob_k': 6.96175958207362}",1.0,13
2024-12-28,Utah Jazz,Philadelphia 76ers,111,114,False,False,2024-12-28|Philadelphia 76ers|Utah Jazz,,,,2024-12-28|Philadelphia 76ers|Utah Jazz,0.3573964311614108,-4.084341703555198,,elo,"{'home_advantage': 1.6012702659522016, 'scale': 0.07270368529858645, 'error_term': 12.604265843739165, 'win_prob_k': 6.96175958207362}",0.0,-3
2024-12-28,Portland Trail Blazers,Dallas Mavericks,126,122,False,False,2024-12-28|Dallas Mavericks|Portland Trail Blazers,,,,2024-12-28|Dallas Mavericks|Portland Trail Blazers,0.23806049080113717,-8.098909848936014,,elo,"{'home_advantage': 1.6012702659522016, 'scale': 0.07270368529858645, 'error_term': 12.604265843739165, 'win_prob_k': 6.96175958207362}",1.0,4
2024-12-28,Los Angeles Lakers,Sacramento Kings,132,122,False,False,2024-12-28|Sacramento Kings|Los Angeles Lakers,,,,2024-12-28|Sacramento Kings|Los Angeles Lakers,0.7231575738235415,6.684532966471419,,elo,"{'home_advantage': 1.6012702659522016, 'scale': 0.07270368529858645, 'error_term': 12.604265843739165, 'win_prob_k': 6.96175958207362}",1.0,10
2024-12-29,Orlando Magic,Brooklyn Nets,102,101,False,False,2024-12-29|Brooklyn Nets|Orlando Magic,,,,2024-12-29|Brooklyn Nets|Orlando Magic,0.7480710067695735,7.358690109974857,,elo,"{'home_advantage': 1.7355678588519745, 'scale': 0.070550552786669, 'error_term': 12.577904278731078, 'win_prob_k': 6.761322982457861}",1.0,1
2024-12-29,Boston Celtics,Indiana Pacers,114,123,False,False,2024-12-29|Indiana Pacers|Boston Celtics,,,,2024-12-29|Indiana Pacers|Boston Celtics,0.7892115232509099,8.926158131078292,,elo,"{'home_advantage': 1.7355678588519745, 'scale': 0.070550552786669, 'error_term': 12.577904278731078, 'win_prob_k': 6.761322982457861}",0.0,-9
2024-12-29,Toronto Raptors,Atlanta Hawks,107,136,False,False,2024-12-29|Atlanta Hawks|Toronto Raptors,,,,2024-12-29|Atlanta Hawks|Toronto Raptors,0.22624169779171463,-8.314099119840808,,elo,"{'home_advantage': 1.7355678588519745, 'scale': 0.070550552786669, 'error_term': 12.577904278731078, 'win_prob_k': 6.761322982457861}",0.0,-29
2024-12-29,Houston Rockets,Miami Heat,100,104,False,False,2024-12-29|Miami Heat|Houston Rockets,,,,2024-12-29|Miami Heat|Houston Rockets,0.698566969509954,5.682778240480584,,elo,"{'home_advantage': 1.7355678588519745, 'scale': 0.070550552786669, 'error_term': 12.577904278731078, 'win_prob_k': 6.761322982457861}",0.0,-4
2024-12-29,Oklahoma City Thunder,Memphis Grizzlies,130,106,False,False,2024-12-29|Memphis Grizzlies|Oklahoma City Thunder,,,,2024-12-29|Memphis Grizzlies|Oklahoma City Thunder,0.6829380795888722,5.188011188463674,,elo,"{'home_advantage': 1.7355678588519745, 'scale': 0.070550552786669, 'error_term': 12.577904278731078, 'win_prob_k': 6.761322982457861}",1.0,24
2024-12-29,Minnesota Timberwolves,San Antonio Spurs,112,110,False,False,2024-12-29|San Antonio Spurs|Minnesota Timberwolves,,,,2024-12-29|San Antonio Spurs|Minnesota Timberwolves,0.6162410897038815,3.2023231371871557,,elo,"{'home_advantage': 1.7355678588519745, 'scale': 0.070550552786669, 'error_term': 12.577904278731078, 'win_prob_k': 6.761322982457861}",1.0,2
2024-12-30,Charlotte Hornets,Chicago Bulls,108,115,False,False,2024-12-30|Chicago Bulls|Charlotte Hornets,,,,2024-12-30|Chicago Bulls|Charlotte Hornets,0.2768680808947712,-6.489386395751543,,elo,"{'home_advantage': 1.6888225998484487, 'scale': 0.06974789748744249, 'error_term': 12.644813536094798, 'win_prob_k': 6.759421810923044}",0.0,-7
2024-12-30,Washington Wizards,New York Knicks,106,126,False,False,2024-12-30|New York Knicks|Washington Wizards,,,,2024-12-30|New York Knicks|Washington Wizards,0.13843154041380537,-12.358782241505322,,elo,"{'home_advantage': 1.6888225998484487, 'scale': 0.06974789748744249, 'error_term': 12.644813536094798, 'win_prob_k': 6.759421810923044}",0.0,-20
2024-12-30,New Orleans Pelicans,Los Angeles Clippers,113,116,False,False,2024-12-30|Los Angeles Clippers|New Orleans Pelicans,,,,2024-12-30|Los Angeles Clippers|New Orleans Pelicans,0.15042391742249128,-11.702452295793945,,elo,"{'home_advantage': 1.6888225998484487, 'scale': 0.06974789748744249, 'error_term': 12.644813536094798, 'win_prob_k': 6.759421810923044}",0.0,-3
2024-12-30,Utah Jazz,Denver Nuggets,121,132,False,False,2024-12-30|Denver Nuggets|Utah Jazz,,,,2024-12-30|Denver Nuggets|Utah Jazz,0.25234310146989,-7.341776455706528,,elo,"{'home_advantage': 1.6888225998484487, 'scale': 0.06974789748744249, 'error_term': 12.644813536094798, 'win_prob_k': 6.759421810923044}",0.0,-11
2024-12-30,Golden State Warriors,Cleveland Cavaliers,95,113,False,False,2024-12-30|Cleveland Cavaliers|Golden State Warriors,,,,2024-12-30|Cleveland Cavaliers|Golden State Warriors,0.22132910634652028,-8.502931667871218,,elo,"{'home_advantage': 1.6888225998484487, 'scale': 0.06974789748744249, 'error_term': 12.644813536094798, 'win_prob_k': 6.759421810923044}",0.0,-18
2024-12-30,Portland Trail Blazers,Philadelphia 76ers,103,125,False,False,2024-12-30|Philadelphia 76ers|Portland Trail Blazers,,,,2024-12-30|Philadelphia 76ers|Portland Trail Blazers,0.45383157087177695,-1.251853480146726,,elo,"{'home_advantage': 1.6888225998484487, 'scale': 0.06974789748744249, 'error_term': 12.644813536094798, 'win_prob_k': 6.759421810923044}",0.0,-22
2024-12-30,Sacramento Kings,Dallas Mavericks,110,100,False,False,2024-12-30|Dallas Mavericks|Sacramento Kings,,,,2024-12-30|Dallas Mavericks|Sacramento Kings,0.2935438800846628,-5.936353762306899,,elo,"{'home_advantage': 1.6888225998484487, 'scale': 0.06974789748744249, 'error_term': 12.644813536094798, 'win_prob_k': 6.759421810923044}",1.0,10
2024-12-31,Boston Celtics,Toronto Raptors,125,71,False,False,2024-12-31|Toronto Raptors|Boston Celtics,,,,2024-12-31|Toronto Raptors|Boston Celtics,0.9018190772110937,14.820018231718468,,elo,"{'home_advantage': 1.6453564039621638, 'scale': 0.06826916033577982, 'error_term': 12.626186474495004, 'win_prob_k': 6.682902648764106}",1.0,54
2024-12-31,Indiana Pacers,Milwaukee Bucks,112,120,False,False,2024-12-31|Milwaukee Bucks|Indiana Pacers,,,,2024-12-31|Milwaukee Bucks|Indiana Pacers,0.4739485491016226,-0.6970284420248927,,elo,"{'home_advantage': 1.6453564039621638, 'scale': 0.06826916033577982, 'error_term': 12.626186474495004, 'win_prob_k': 6.682902648764106}",0.0,-8
2024-12-31,San Antonio Spurs,Los Angeles Clippers,122,86,False,False,2024-12-31|Los Angeles Clippers|San Antonio Spurs,,,,2024-12-31|Los Angeles Clippers|San Antonio Spurs,0.4226761316035856,-2.083710110716253,,elo,"{'home_advantage': 1.6453564039621638, 'scale': 0.06826916033577982, 'error_term': 12.626186474495004, 'win_prob_k': 6.682902648764106}",1.0,36
2024-12-31,Oklahoma City Thunder,Minnesota Timberwolves,113,105,False,False,2024-12-31|Minnesota Timberwolves|Oklahoma City Thunder,,,,2024-12-31|Minnesota Timberwolves|Oklahoma City Thunder,0.788504371399882,8.794256278815084,,elo,"{'home_advantage': 1.6453564039621638, 'scale': 0.06826916033577982, 'error_term': 12.626186474495004, 'win_prob_k': 6.682902648764106}",1.0,8
2024-12-31,Los Angeles Lakers,Cleveland Cavaliers,110,122,False,False,2024-12-31|Cleveland Cavaliers|Los Angeles Lakers,,,,2024-12-31|Cleveland Cavaliers|Los Angeles Lakers,0.27709976466205855,-6.408192732852622,,elo,"{'home_advantage': 1.6453564039621638, 'scale': 0.06826916033577982, 'error_term': 12.626186474495004, 'win_prob_k': 6.682902648764106}",0.0,-12
2024-12-31,Phoenix Suns,Memphis Grizzlies,112,117,False,False,2024-12-31|Memphis Grizzlies|Phoenix Suns,,,,2024-12-31|Memphis Grizzlies|Phoenix Suns,0.3194822387118249,-5.053291812342257,,elo,"{'home_advantage': 1.6453564039621638, 'scale': 0.06826916033577982, 'error_term': 12.626186474495004, 'win_prob_k': 6.682902648764106}",0.0,-5
2025-01-01,Detroit Pistons,Orlando Magic,105,96,False,False,2025-01-01|Orlando Magic|Detroit Pistons,,,,2025-01-01|Orlando Magic|Detroit Pistons,0.41376251343519965,-2.355227516237939,,elo,"{'home_advantage': 1.7542334777609092, 'scale': 0.0684454004876689, 'error_term': 12.761381431869836, 'win_prob_k': 6.759488446661424}",1.0,9
2025-01-01,Washington Wizards,Chicago Bulls,125,107,False,False,2025-01-01|Chicago Bulls|Washington Wizards,,,,2025-01-01|Chicago Bulls|Washington Wizards,0.2918340086922634,-5.992241489535395,,elo,"{'home_advantage': 1.7542334777609092, 'scale': 0.0684454004876689, 'error_term': 12.761381431869836, 'win_prob_k': 6.759488446661424}",1.0,18
2025-01-01,Miami Heat,New Orleans Pelicans,119,108,False,False,2025-01-01|New Orleans Pelicans|Miami Heat,,,,2025-01-01|New Orleans Pelicans|Miami Heat,0.8859655311672182,13.858149672228055,,elo,"{'home_advantage': 1.7542334777609092, 'scale': 0.0684454004876689, 'error_term': 12.761381431869836, 'win_prob_k': 6.759488446661424}",1.0,11
2025-01-01,New York Knicks,Utah Jazz,119,103,False,False,2025-01-01|Utah Jazz|New York Knicks,,,,2025-01-01|Utah Jazz|New York Knicks,0.9065973862287201,15.362824243389662,,elo,"{'home_advantage': 1.7542334777609092, 'scale': 0.0684454004876689, 'error_term': 12.761381431869836, 'win_prob_k': 6.759488446661424}",1.0,16
2025-01-01,Toronto Raptors,Brooklyn Nets,130,113,False,False,2025-01-01|Brooklyn Nets|Toronto Raptors,,,,2025-01-01|Brooklyn Nets|Toronto Raptors,0.3941739797408297,-2.9052312761049937,,elo,"{'home_advantage': 1.7542334777609092, 'scale': 0.0684454004876689, 'error_term': 12.761381431869836, 'win_prob_k': 6.759488446661424}",1.0,17
2025-01-01,Houston Rockets,Dallas Mavericks,110,99,False,False,2025-01-01|Dallas Mavericks|Houston Rockets,,,,2025-01-01|Dallas Mavericks|Houston Rockets,0.6021220287263713,2.800555947472568,,elo,"{'home_advantage': 1.7542334777609092, 'scale': 0.0684454004876689, 'error_term': 12.761381431869836, 'win_prob_k': 6.759488446661424}",1.0,11
2025-01-01,Denver Nuggets,Atlanta Hawks,139,120,False,False,2025-01-01|Atlanta Hawks|Denver Nuggets,,,,2025-01-01|Atlanta Hawks|Denver Nuggets,0.5540857286095393,1.46811156410868,,elo,"{'home_advantage': 1.7542334777609092, 'scale': 0.0684454004876689, 'error_term': 12.761381431869836, 'win_prob_k': 6.759488446661424}",1.0,19
2025-01-01,Sacramento Kings,Philadelphia 76ers,113,107,False,False,2025-01-01|Philadelphia 76ers|Sacramento Kings,,,,2025-01-01|Philadelphia 76ers|Sacramento Kings,0.4608292248139448,-1.0612723245236593,,elo,"{'home_advantage': 1.7542334777609092, 'scale': 0.0684454004876689, 'error_term': 12.761381431869836, 'win_prob_k': 6.759488446661424}",1.0,6
2025-01-02,Miami Heat,Indiana Pacers,115,128,False,False,2025-01-02|Indiana Pacers|Miami Heat,,,,2025-01-02|Indiana Pacers|Miami Heat,0.6629322660926162,4.587453847490776,,elo,"{'home_advantage': 1.8948632375185943, 'scale': 0.0684438790791421, 'error_term': 12.738878782305223, 'win_prob_k': 6.78227230443218}",0.0,-13
2025-01-02,Minnesota Timberwolves,Boston Celtics,115,118,False,False,2025-01-02|Boston Celtics|Minnesota Timberwolves,,,,2025-01-02|Boston Celtics|Minnesota Timberwolves,0.4361014426283279,-1.7430405208353303,,elo,"{'home_advantage': 1.8948632375185943, 'scale': 0.0684438790791421, 'error_term': 12.738878782305223, 'win_prob_k': 6.78227230443218}",0.0,-3
2025-01-02,Milwaukee Bucks,Brooklyn Nets,110,113,False,False,2025-01-02|Brooklyn Nets|Milwaukee Bucks,,,,2025-01-02|Brooklyn Nets|Milwaukee Bucks,0.7987340582642807,9.348690386716887,,elo,"{'home_advantage': 1.8948632375185943, 'scale': 0.0684438790791421, 'error_term': 12.738878782305223, 'win_prob_k': 6.78227230443218}",0.0,-3
2025-01-02,Oklahoma City Thunder,Los Angeles Clippers,116,98,False,False,2025-01-02|Los Angeles Clippers|Oklahoma City Thunder,,,,2025-01-02|Los Angeles Clippers|Oklahoma City Thunder,0.7977872189383677,9.308813908119356,,elo,"{'home_advantage': 1.8948632375185943, 'scale': 0.0684438790791421, 'error_term': 12.738878782305223, 'win_prob_k': 6.78227230443218}",1.0,18
2025-01-02,Golden State Warriors,Philadelphia 76ers,139,105,False,False,2025-01-02|Philadelphia 76ers|Golden State Warriors,,,,2025-01-02|Philadelphia 76ers|Golden State Warriors,0.5761518076361806,2.082129292675754,,elo,"{'home_advantage': 1.8948632375185943, 'scale': 0.0684438790791421, 'error_term': 12.738878782305223, 'win_prob_k': 6.78227230443218}",1.0,34
2025-01-02,Los Angeles Lakers,Portland Trail Blazers,114,106,False,False,2025-01-02|Portland Trail Blazers|Los Angeles Lakers,,,,2025-01-02|Portland Trail Blazers|Los Angeles Lakers,0.7567537631535923,7.697632665841579,,elo,"{'home_advantage': 1.8948632375185943, 'scale': 0.0684438790791421, 'error_term': 12.738878782305223, 'win_prob_k': 6.78227230443218}",1.0,8
2025-01-03,Detroit Pistons,Charlotte Hornets,98,94,False,False,2025-01-03|Charlotte Hornets|Detroit Pistons,,,,2025-01-03|Charlotte Hornets|Detroit Pistons,0.8336414070987415,10.945484302114824,,elo,"{'home_advantage': 1.9230607355218172, 'scale': 0.06858911717777601, 'error_term': 12.749912715789579, 'win_prob_k': 6.791444857798906}",1.0,4
2025-01-03,Toronto Raptors,Orlando Magic,97,106,False,False,2025-01-03|Orlando Magic|Toronto Raptors,,,,2025-01-03|Orlando Magic|Toronto Raptors,0.24472411488398815,-7.653629505437939,,elo,"{'home_advantage': 1.9230607355218172, 'scale': 0.06858911717777601, 'error_term': 12.749912715789579, 'win_prob_k': 6.791444857798906}",0.0,-9
2025-01-03,Houston Rockets,Boston Celtics,86,109,False,False,2025-01-03|Boston Celtics|Houston Rockets,,,,2025-01-03|Boston Celtics|Houston Rockets,0.5144290722658914,0.3920858608094706,,elo,"{'home_advantage': 1.9230607355218172, 'scale': 0.06858911717777601, 'error_term': 12.749912715789579, 'win_prob_k': 6.791444857798906}",0.0,-23
2025-01-03,New Orleans Pelicans,Washington Wizards,132,120,False,False,2025-01-03|Washington Wizards|New Orleans Pelicans,,,,2025-01-03|Washington Wizards|New Orleans Pelicans,0.44594431141443513,-1.4742265463413928,,elo,"{'home_advantage': 1.9230607355218172, 'scale': 0.06858911717777601, 'error_term': 12.749912715789579, 'win_prob_k': 6.791444857798906}",1.0,12
2025-01-03,Oklahoma City Thunder,New York Knicks,117,107,False,False,2025-01-03|New York Knicks|Oklahoma City Thunder,,,,2025-01-03|New York Knicks|Oklahoma City Thunder,0.7062541314416031,5.957863808314221,,elo,"{'home_advantage': 1.9230607355218172, 'scale': 0.06858911717777601, 'error_term': 12.749912715789579, 'win_prob_k': 6.791444857798906}",1.0,10
2025-01-03,Dallas Mavericks,Cleveland Cavaliers,122,134,False,False,2025-01-03|Cleveland Cavaliers|Dallas Mavericks,,,,2025-01-03|Cleveland Cavaliers|Dallas Mavericks,0.2751984752644755,-6.576871146119094,,elo,"{'home_advantage': 1.9230607355218172, 'scale': 0.06858911717777601, 'error_term': 12.749912715789579, 'win_prob_k': 6.791444857798906}",0.0,-12
2025-01-03,Denver Nuggets,San Antonio Spurs,110,113,False,False,2025-01-03|San Antonio Spurs|Denver Nuggets,,,,2025-01-03|San Antonio Spurs|Denver Nuggets,0.6580826831152649,4.446777554879212,,elo,"{'home_advantage': 1.9230607355218172, 'scale': 0.06858911717777601, 'error_term': 12.749912715789579, 'win_prob_k': 6.791444857798906}",0.0,-3
2025-01-03,Sacramento Kings,Memphis Grizzlies,138,133,False,False,2025-01-03|Memphis Grizzlies|Sacramento Kings,,,,2025-01-03|Memphis Grizzlies|Sacramento Kings,0.30307233766415836,-5.655304766635913,,elo,"{'home_advantage': 1.9230607355218172, 'scale': 0.06858911717777601, 'error_term': 12.749912715789579, 'win_prob_k': 6.791444857798906}",1.0,5
2025-01-03,Los Angeles Lakers,Atlanta Hawks,119,102,False,False,2025-01-03|Atlanta Hawks|Los Angeles Lakers,,,,2025-01-03|Atlanta Hawks|Los Angeles Lakers,0.5832336875355696,2.282348438917953,,elo,"{'home_advantage': 1.9230607355218172, 'scale': 0.06858911717777601, 'error_term': 12.749912715789579, 'win_prob_k': 6.791444857798906}",1.0,17
2025-01-04,Brooklyn Nets,Philadelphia 76ers,94,123,False,False,2025-01-04|Philadelphia 76ers|Brooklyn Nets,,,,2025-01-04|Philadelphia 76ers|Brooklyn Nets,0.49051500637636825,-0.25431363789131645,,elo,"{'home_advantage': 1.896967884272835, 'scale': 0.06758569421915808, 'error_term': 12.742211274176794, 'win_prob_k': 6.7022482894965645}",0.0,-29
2025-01-04,Detroit Pistons,Minnesota Timberwolves,119,105,False,False,2025-01-04|Minnesota Timberwolves|Detroit Pistons,,,,2025-01-04|Minnesota Timberwolves|Detroit Pistons,0.5205038684774755,0.549996505796422,,elo,"{'home_advantage': 1.896967884272835, 'scale': 0.06758569421915808, 'error_term': 12.742211274176794, 'win_prob_k': 6.7022482894965645}",1.0,14
2025-01-04,Indiana Pacers,Phoenix Suns,126,108,False,False,2025-01-04|Phoenix Suns|Indiana Pacers,,,,2025-01-04|Phoenix Suns|Indiana Pacers,0.6511202601858211,4.181982286967167,,elo,"{'home_advantage': 1.896967884272835, 'scale': 0.06758569421915808, 'error_term': 12.742211274176794, 'win_prob_k': 6.7022482894965645}",1.0,18
2025-01-04,Chicago Bulls,New York Knicks,139,126,False,False,2025-01-04|New York Knicks|Chicago Bulls,,,,2025-01-04|New York Knicks|Chicago Bulls,0.3099561283727466,-5.363972918371255,,elo,"{'home_advantage': 1.896967884272835, 'scale': 0.06758569421915808, 'error_term': 12.742211274176794, 'win_prob_k': 6.7022482894965645}",1.0,13
2025-01-04,Miami Heat,Utah Jazz,100,136,False,False,2025-01-04|Utah Jazz|Miami Heat,,,,2025-01-04|Utah Jazz|Miami Heat,0.8348794910941632,10.861742852604932,,elo,"{'home_advantage': 1.896967884272835, 'scale': 0.06758569421915808, 'error_term': 12.742211274176794, 'win_prob_k': 6.7022482894965645}",0.0,-36
2025-01-04,Milwaukee Bucks,Portland Trail Blazers,102,105,False,False,2025-01-04|Portland Trail Blazers|Milwaukee Bucks,,,,2025-01-04|Portland Trail Blazers|Milwaukee Bucks,0.7796740111000859,8.470084774904537,,elo,"{'home_advantage': 1.896967884272835, 'scale': 0.06758569421915808, 'error_term': 12.742211274176794, 'win_prob_k': 6.7022482894965645}",0.0,-3
2025-01-04,San Antonio Spurs,Denver Nuggets,111,122,False,False,2025-01-04|Denver Nuggets|San Antonio Spurs,,,,2025-01-04|Denver Nuggets|San Antonio Spurs,0.5336877255701887,0.9045043161836048,,elo,"{'home_advantage': 1.896967884272835, 'scale': 0.06758569421915808, 'error_term': 12.742211274176794, 'win_prob_k': 6.7022482894965645}",0.0,-11
2025-01-04,Golden State Warriors,Memphis Grizzlies,121,113,False,False,2025-01-04|Memphis Grizzlies|Golden State Warriors,,,,2025-01-04|Memphis Grizzlies|Golden State Warriors,0.4055777025210838,-2.5621189120172656,,elo,"{'home_advantage': 1.896967884272835, 'scale': 0.06758569421915808, 'error_term': 12.742211274176794, 'win_prob_k': 6.7022482894965645}",1.0,8
2025-01-04,Los Angeles Clippers,Atlanta Hawks,131,105,False,False,2025-01-04|Atlanta Hawks|Los Angeles Clippers,,,,2025-01-04|Atlanta Hawks|Los Angeles Clippers,0.6036214210751045,2.81881451608338,,elo,"{'home_advantage': 1.896967884272835, 'scale': 0.06758569421915808, 'error_term': 12.742211274176794, 'win_prob_k': 6.7022482894965645}",1.0,26
2025-01-05,Oklahoma City Thunder,Boston Celtics,105,92,False,False,2025-01-05|Boston Celtics|Oklahoma City Thunder,,,,2025-01-05|Boston Celtics|Oklahoma City Thunder,0.7152369121000923,6.14186017738863,,elo,"{'home_advantage': 1.8816903855186489, 'scale': 0.06743458796406733, 'error_term': 13.01106994812189, 'win_prob_k': 6.669003058801621}",1.0,13
2025-01-05,Cleveland Cavaliers,Charlotte Hornets,115,105,False,False,2025-01-05|Charlotte Hornets|Cleveland Cavaliers,,,,2025-01-05|Charlotte Hornets|Cleveland Cavaliers,0.9676382338598908,22.660476271525802,,elo,"{'home_advantage': 1.8816903855186489, 'scale': 0.06743458796406733, 'error_term': 13.01106994812189, 'win_prob_k': 6.669003058801621}",1.0,10
2025-01-05,Washington Wizards,New Orleans Pelicans,98,110,False,False,2025-01-05|New Orleans Pelicans|Washington Wizards,,,,2025-01-05|New Orleans Pelicans|Washington Wizards,0.6346283946594455,3.682121245354148,,elo,"{'home_advantage': 1.8816903855186489, 'scale': 0.06743458796406733, 'error_term': 13.01106994812189, 'win_prob_k': 6.669003058801621}",0.0,-12
2025-01-05,Orlando Magic,Utah Jazz,92,105,False,False,2025-01-05|Utah Jazz|Orlando Magic,,,,2025-01-05|Utah Jazz|Orlando Magic,0.839646799476072,11.041217743489376,,elo,"{'home_advantage': 1.8816903855186489, 'scale': 0.06743458796406733, 'error_term': 13.01106994812189, 'win_prob_k': 6.669003058801621}",0.0,-13
2025-01-05,Houston Rockets,Los Angeles Lakers,119,115,False,False,2025-01-05|Los Angeles Lakers|Houston Rockets,,,,2025-01-05|Los Angeles Lakers|Houston Rockets,0.607013738812442,2.8995276244536017,,elo,"{'home_advantage': 1.8816903855186489, 'scale': 0.06743458796406733, 'error_term': 13.01106994812189, 'win_prob_k': 6.669003058801621}",1.0,4
2025-01-05,Golden State Warriors,Sacramento Kings,99,129,False,False,2025-01-05|Sacramento Kings|Golden State Warriors,,,,2025-01-05|Sacramento Kings|Golden State Warriors,0.6428781826624751,3.920562221870123,,elo,"{'home_advantage': 1.8816903855186489, 'scale': 0.06743458796406733, 'error_term': 13.01106994812189, 'win_prob_k': 6.669003058801621}",0.0,-30
2025-01-06,Detroit Pistons,Portland Trail Blazers,118,115,False,False,2025-01-06|Portland Trail Blazers|Detroit Pistons,,,,2025-01-06|Portland Trail Blazers|Detroit Pistons,0.7128111306657408,6.0284499678464405,,elo,"{'home_advantage': 1.7335439355778444, 'scale': 0.06667333817821243, 'error_term': 13.073327405895933, 'win_prob_k': 6.631400722832963}",1.0,3
2025-01-06,Philadelphia 76ers,Phoenix Suns,99,109,False,False,2025-01-06|Phoenix Suns|Philadelphia 76ers,,,,2025-01-06|Phoenix Suns|Philadelphia 76ers,0.6350664108047328,3.673890085110418,,elo,"{'home_advantage': 1.7335439355778444, 'scale': 0.06667333817821243, 'error_term': 13.073327405895933, 'win_prob_k': 6.631400722832963}",0.0,-10
2025-01-06,Brooklyn Nets,Indiana Pacers,99,113,False,False,2025-01-06|Indiana Pacers|Brooklyn Nets,,,,2025-01-06|Indiana Pacers|Brooklyn Nets,0.38456211173505706,-3.1182750273620323,,elo,"{'home_advantage': 1.7335439355778444, 'scale': 0.06667333817821243, 'error_term': 13.073327405895933, 'win_prob_k': 6.631400722832963}",0.0,-14
2025-01-06,New York Knicks,Orlando Magic,94,103,False,False,2025-01-06|Orlando Magic|New York Knicks,,,,2025-01-06|Orlando Magic|New York Knicks,0.6853233700081495,5.1615193183823465,,elo,"{'home_advantage': 1.7335439355778444, 'scale': 0.06667333817821243, 'error_term': 13.073327405895933, 'win_prob_k': 6.631400722832963}",0.0,-9
2025-01-06,Toronto Raptors,Milwaukee Bucks,104,128,False,False,2025-01-06|Milwaukee Bucks|Toronto Raptors,,,,2025-01-06|Milwaukee Bucks|Toronto Raptors,0.25329216906578406,-7.169408547976382,,elo,"{'home_advantage': 1.7335439355778444, 'scale': 0.06667333817821243, 'error_term': 13.073327405895933, 'win_prob_k': 6.631400722832963}",0.0,-24
2025-01-06,Chicago Bulls,San Antonio Spurs,114,110,False,False,2025-01-06|San Antonio Spurs|Chicago Bulls,,,,2025-01-06|San Antonio Spurs|Chicago Bulls,0.5244725390944167,0.6496679716038811,,elo,"{'home_advantage': 1.7335439355778444, 'scale': 0.06667333817821243, 'error_term': 13.073327405895933, 'win_prob_k': 6.631400722832963}",1.0,4
2025-01-06,Memphis Grizzlies,Dallas Mavericks,119,104,False,False,2025-01-06|Dallas Mavericks|Memphis Grizzlies,,,,2025-01-06|Dallas Mavericks|Memphis Grizzlies,0.6362724495914291,3.7084235303114985,,elo,"{'home_advantage': 1.7335439355778444, 'scale': 0.06667333817821243, 'error_term': 13.073327405895933, 'win_prob_k': 6.631400722832963}",1.0,15
2025-01-06,Minnesota Timberwolves,Los Angeles Clippers,108,106,False,False,2025-01-06|Los Angeles Clippers|Minnesota Timberwolves,,,,2025-01-06|Los Angeles Clippers|Minnesota Timberwolves,0.48435696826218,-0.415076311284037,,elo,"{'home_advantage': 1.7335439355778444, 'scale': 0.06667333817821243, 'error_term': 13.073327405895933, 'win_prob_k': 6.631400722832963}",1.0,2
2025-01-06,Sacramento Kings,Miami Heat,123,118,False,False,2025-01-06|Miami Heat|Sacramento Kings,,,,2025-01-06|Miami Heat|Sacramento Kings,0.537189330999478,0.9882945986162412,,elo,"{'home_advantage': 1.7335439355778444, 'scale': 0.06667333817821243, 'error_term': 13.073327405895933, 'win_prob_k': 6.631400722832963}",1.0,5
2025-01-07,Charlotte Hornets,Phoenix Suns,115,104,False,False,2025-01-07|Phoenix Suns|Charlotte Hornets,,,,2025-01-07|Phoenix Suns|Charlotte Hornets,0.2829341588189126,-6.178892099391144,,elo,"{'home_advantage': 1.646832800298389, 'scale': 0.06647993047189549, 'error_term': 13.023147720781056, 'win_prob_k': 6.644302579816751}",1.0,11
2025-01-07,Washington Wizards,Houston Rockets,112,135,False,False,2025-01-07|Houston Rockets|Washington Wizards,,,,2025-01-07|Houston Rockets|Washington Wizards,0.15103822978370549,-11.471263318143395,,elo,"{'home_advantage': 1.646832800298389, 'scale': 0.06647993047189549, 'error_term': 13.023147720781056, 'win_prob_k': 6.644302579816751}",0.0,-23
2025-01-07,Dallas Mavericks,Los Angeles Lakers,118,97,False,False,2025-01-07|Los Angeles Lakers|Dallas Mavericks,,,,2025-01-07|Los Angeles Lakers|Dallas Mavericks,0.5216377504752597,0.5754304408810857,,elo,"{'home_advantage': 1.646832800298389, 'scale': 0.06647993047189549, 'error_term': 13.023147720781056, 'win_prob_k': 6.644302579816751}",1.0,21
2025-01-07,New Orleans Pelicans,Minnesota Timberwolves,97,104,False,False,2025-01-07|Minnesota Timberwolves|New Orleans Pelicans,,,,2025-01-07|Minnesota Timberwolves|New Orleans Pelicans,0.21393055979963668,-8.646853248447464,,elo,"{'home_advantage': 1.646832800298389, 'scale': 0.06647993047189549, 'error_term': 13.023147720781056, 'win_prob_k': 6.644302579816751}",0.0,-7
2025-01-07,Utah Jazz,Atlanta Hawks,121,124,False,False,2025-01-07|Atlanta Hawks|Utah Jazz,,,,2025-01-07|Atlanta Hawks|Utah Jazz,0.33251310575572823,-4.630019004731047,,elo,"{'home_advantage': 1.646832800298389, 'scale': 0.06647993047189549, 'error_term': 13.023147720781056, 'win_prob_k': 6.644302579816751}",0.0,-3
2025-01-07,Denver Nuggets,Boston Celtics,106,118,False,False,2025-01-07|Boston Celtics|Denver Nuggets,,,,2025-01-07|Boston Celtics|Denver Nuggets,0.44108495686133553,-1.5731049372335144,,elo,"{'home_advantage': 1.646832800298389, 'scale': 0.06647993047189549, 'error_term': 13.023147720781056, 'win_prob_k': 6.644302579816751}",0.0,-12
2025-01-07,Golden State Warriors,Miami Heat,98,114,False,False,2025-01-07|Miami Heat|Golden State Warriors,,,,2025-01-07|Miami Heat|Golden State Warriors,0.5803781721117454,2.1549201853046203,,elo,"{'home_advantage': 1.646832800298389, 'scale': 0.06647993047189549, 'error_term': 13.023147720781056, 'win_prob_k': 6.644302579816751}",0.0,-16
2025-01-08,Cleveland Cavaliers,Oklahoma City Thunder,129,122,False,False,2025-01-08|Oklahoma City Thunder|Cleveland Cavaliers,,,,2025-01-08|Oklahoma City Thunder|Cleveland Cavaliers,0.5513542389603915,1.3849836699969078,,elo,"{'home_advantage': 1.6545752267525335, 'scale': 0.06641392133224838, 'error_term': 12.984201941670436, 'win_prob_k': 6.718529195725646}",1.0,7
2025-01-08,Indiana Pacers,Chicago Bulls,129,113,False,False,2025-01-08|Chicago Bulls|Indiana Pacers,,,,2025-01-08|Chicago Bulls|Indiana Pacers,0.6005375079120021,2.7391794711546034,,elo,"{'home_advantage': 1.6545752267525335, 'scale': 0.06641392133224838, 'error_term': 12.984201941670436, 'win_prob_k': 6.718529195725646}",1.0,16
2025-01-08,Philadelphia 76ers,Washington Wizards,109,103,False,False,2025-01-08|Washington Wizards|Philadelphia 76ers,,,,2025-01-08|Washington Wizards|Philadelphia 76ers,0.7949861678805935,9.105268317298087,,elo,"{'home_advantage': 1.6545752267525335, 'scale': 0.06641392133224838, 'error_term': 12.984201941670436, 'win_prob_k': 6.718529195725646}",1.0,6
2025-01-08,Brooklyn Nets,Detroit Pistons,98,113,False,False,2025-01-08|Detroit Pistons|Brooklyn Nets,,,,2025-01-08|Detroit Pistons|Brooklyn Nets,0.3491568839353862,-4.183945773176061,,elo,"{'home_advantage': 1.6545752267525335, 'scale': 0.06641392133224838, 'error_term': 12.984201941670436, 'win_prob_k': 6.718529195725646}",0.0,-15
2025-01-08,New York Knicks,Toronto Raptors,112,98,False,False,2025-01-08|Toronto Raptors|New York Knicks,,,,2025-01-08|Toronto Raptors|New York Knicks,0.8880128589007293,13.91140113551467,,elo,"{'home_advantage': 1.6545752267525335, 'scale': 0.06641392133224838, 'error_term': 12.984201941670436, 'win_prob_k': 6.718529195725646}",1.0,14
2025-01-08,New Orleans Pelicans,Portland Trail Blazers,100,119,False,False,2025-01-08|Portland Trail Blazers|New Orleans Pelicans,,,,2025-01-08|Portland Trail Blazers|New Orleans Pelicans,0.37089893354945125,-3.5498176230455796,,elo,"{'home_advantage': 1.6545752267525335, 'scale': 0.06641392133224838, 'error_term': 12.984201941670436, 'win_prob_k': 6.718529195725646}",0.0,-19
2025-01-08,Denver Nuggets,Los Angeles Clippers,126,103,False,False,2025-01-08|Los Angeles Clippers|Denver Nuggets,,,,2025-01-08|Los Angeles Clippers|Denver Nuggets,0.5697465046911662,1.8866770407241056,,elo,"{'home_advantage': 1.6545752267525335, 'scale': 0.06641392133224838, 'error_term': 12.984201941670436, 'win_prob_k': 6.718529195725646}",1.0,23
2025-01-08,Milwaukee Bucks,San Antonio Spurs,121,105,False,False,2025-01-08|San Antonio Spurs|Milwaukee Bucks,,,,2025-01-08|San Antonio Spurs|Milwaukee Bucks,0.6228366544065406,3.37005402766558,,elo,"{'home_advantage': 1.6545752267525335, 'scale': 0.06641392133224838, 'error_term': 12.984201941670436, 'win_prob_k': 6.718529195725646}",1.0,16
2025-01-09,Cleveland Cavaliers,Toronto Raptors,132,126,False,False,2025-01-09|Toronto Raptors|Cleveland Cavaliers,,,,2025-01-09|Toronto Raptors|Cleveland Cavaliers,0.9618829887126661,21.427343648279475,,elo,"{'home_advantage': 1.718991655394075, 'scale': 0.06485442209157202, 'error_term': 12.985644946048243, 'win_prob_k': 6.637485391167777}",1.0,6
2025-01-09,Detroit Pistons,Golden State Warriors,104,107,False,False,2025-01-09|Golden State Warriors|Detroit Pistons,,,,2025-01-09|Golden State Warriors|Detroit Pistons,0.6418755746602632,3.8730656049719068,,elo,"{'home_advantage': 1.718991655394075, 'scale': 0.06485442209157202, 'error_term': 12.985644946048243, 'win_prob_k': 6.637485391167777}",0.0,-3
2025-01-09,Orlando Magic,Minnesota Timberwolves,89,104,False,False,2025-01-09|Minnesota Timberwolves|Orlando Magic,,,,2025-01-09|Minnesota Timberwolves|Orlando Magic,0.5836553316762904,2.242123822670193,,elo,"{'home_advantage': 1.718991655394075, 'scale': 0.06485442209157202, 'error_term': 12.985644946048243, 'win_prob_k': 6.637485391167777}",0.0,-15
2025-01-09,Dallas Mavericks,Portland Trail Blazers,117,111,False,False,2025-01-09|Portland Trail Blazers|Dallas Mavericks,,,,2025-01-09|Portland Trail Blazers|Dallas Mavericks,0.7432563515188225,7.055400700765467,,elo,"{'home_advantage': 1.718991655394075, 'scale': 0.06485442209157202, 'error_term': 12.985644946048243, 'win_prob_k': 6.637485391167777}",1.0,6
2025-01-09,Memphis Grizzlies,Houston Rockets,115,119,False,False,2025-01-09|Houston Rockets|Memphis Grizzlies,,,,2025-01-09|Houston Rockets|Memphis Grizzlies,0.5468156671758978,1.246604706167013,,elo,"{'home_advantage': 1.718991655394075, 'scale': 0.06485442209157202, 'error_term': 12.985644946048243, 'win_prob_k': 6.637485391167777}",0.0,-4
2025-01-09,Phoenix Suns,Atlanta Hawks,123,115,False,False,2025-01-09|Atlanta Hawks|Phoenix Suns,,,,2025-01-09|Atlanta Hawks|Phoenix Suns,0.42166906083677563,-2.096950715569801,,elo,"{'home_advantage': 1.718991655394075, 'scale': 0.06485442209157202, 'error_term': 12.985644946048243, 'win_prob_k': 6.637485391167777}",1.0,8
2025-01-09,Utah Jazz,Miami Heat,92,97,False,False,2025-01-09|Miami Heat|Utah Jazz,,,,2025-01-09|Miami Heat|Utah Jazz,0.3302204988331542,-4.693949659533216,,elo,"{'home_advantage': 1.718991655394075, 'scale': 0.06485442209157202, 'error_term': 12.985644946048243, 'win_prob_k': 6.637485391167777}",0.0,-5
2025-01-10,Indiana Pacers,Golden State Warriors,108,96,False,False,2025-01-10|Golden State Warriors|Indiana Pacers,,,,2025-01-10|Golden State Warriors|Indiana Pacers,0.6210241056291697,3.240593557718017,,elo,"{'home_advantage': 1.6373301404361853, 'scale': 0.06413317623262361, 'error_term': 12.915919810873666, 'win_prob_k': 6.561270056708095}",1.0,12
2025-01-10,Orlando Magic,Milwaukee Bucks,106,109,False,False,2025-01-10|Milwaukee Bucks|Orlando Magic,,,,2025-01-10|Milwaukee Bucks|Orlando Magic,0.5388103653070667,1.0206342210113668,,elo,"{'home_advantage': 1.6373301404361853, 'scale': 0.06413317623262361, 'error_term': 12.915919810873666, 'win_prob_k': 6.561270056708095}",0.0,-3
2025-01-10,Philadelphia 76ers,New Orleans Pelicans,115,123,False,False,2025-01-10|New Orleans Pelicans|Philadelphia 76ers,,,,2025-01-10|New Orleans Pelicans|Philadelphia 76ers,0.8248023283624533,10.164908975816303,,elo,"{'home_advantage': 1.6373301404361853, 'scale': 0.06413317623262361, 'error_term': 12.915919810873666, 'win_prob_k': 6.561270056708095}",0.0,-8
2025-01-10,Boston Celtics,Sacramento Kings,97,114,False,False,2025-01-10|Sacramento Kings|Boston Celtics,,,,2025-01-10|Sacramento Kings|Boston Celtics,0.7641281842077619,7.712425541780249,,elo,"{'home_advantage': 1.6373301404361853, 'scale': 0.06413317623262361, 'error_term': 12.915919810873666, 'win_prob_k': 6.561270056708095}",0.0,-17
2025-01-10,New York Knicks,Oklahoma City Thunder,101,126,False,False,2025-01-10|Oklahoma City Thunder|New York Knicks,,,,2025-01-10|Oklahoma City Thunder|New York Knicks,0.3411074505227845,-4.31969703494506,,elo,"{'home_advantage': 1.6373301404361853, 'scale': 0.06413317623262361, 'error_term': 12.915919810873666, 'win_prob_k': 6.561270056708095}",0.0,-25
2025-01-10,Chicago Bulls,Washington Wizards,138,105,False,False,2025-01-10|Washington Wizards|Chicago Bulls,,,,2025-01-10|Washington Wizards|Chicago Bulls,0.8272946536319892,10.278714956612763,,elo,"{'home_advantage': 1.6373301404361853, 'scale': 0.06413317623262361, 'error_term': 12.915919810873666, 'win_prob_k': 6.561270056708095}",1.0,33
2025-01-10,Denver Nuggets,Brooklyn Nets,124,105,False,False,2025-01-10|Brooklyn Nets|Denver Nuggets,,,,2025-01-10|Brooklyn Nets|Denver Nuggets,0.8068663003020141,9.381141771594029,,elo,"{'home_advantage': 1.6373301404361853, 'scale': 0.06413317623262361, 'error_term': 12.915919810873666, 'win_prob_k': 6.561270056708095}",1.0,19
2025-01-11,Phoenix Suns,Utah Jazz,114,106,False,False,2025-01-11|Utah Jazz|Phoenix Suns,,,,2025-01-11|Utah Jazz|Phoenix Suns,0.7108159874199693,6.014372956493198,,elo,"{'home_advantage': 1.5777094584627596, 'scale': 0.06413272083508066, 'error_term': 12.987077911301519, 'win_prob_k': 6.68746362246614}",1.0,8
2025-01-11,Detroit Pistons,Toronto Raptors,123,114,False,False,2025-01-11|Toronto Raptors|Detroit Pistons,,,,2025-01-11|Toronto Raptors|Detroit Pistons,0.8361065008796129,10.897483968235477,,elo,"{'home_advantage': 1.5777094584627596, 'scale': 0.06413272083508066, 'error_term': 12.987077911301519, 'win_prob_k': 6.68746362246614}",1.0,9
2025-01-11,Minnesota Timberwolves,Memphis Grizzlies,125,127,False,False,2025-01-11|Memphis Grizzlies|Minnesota Timberwolves,,,,2025-01-11|Memphis Grizzlies|Minnesota Timberwolves,0.5124932512405955,0.33426222716543386,,elo,"{'home_advantage': 1.5777094584627596, 'scale': 0.06413272083508066, 'error_term': 12.987077911301519, 'win_prob_k': 6.68746362246614}",0.0,-2
2025-01-11,Portland Trail Blazers,Miami Heat,98,119,False,False,2025-01-11|Miami Heat|Portland Trail Blazers,,,,2025-01-11|Miami Heat|Portland Trail Blazers,0.3815165336003322,-3.2308224911910353,,elo,"{'home_advantage': 1.5777094584627596, 'scale': 0.06413272083508066, 'error_term': 12.987077911301519, 'win_prob_k': 6.68746362246614}",0.0,-21
2025-01-12,Dallas Mavericks,Denver Nuggets,101,112,False,False,2025-01-12|Denver Nuggets|Dallas Mavericks,,,,2025-01-12|Denver Nuggets|Dallas Mavericks,0.5218264287813633,0.5827826166375613,,elo,"{'home_advantage': 1.533069935780162, 'scale': 0.06343091702407258, 'error_term': 12.957166357334103, 'win_prob_k': 6.670952175721117}",0.0,-11
2025-01-12,New York Knicks,Milwaukee Bucks,140,106,False,False,2025-01-12|Milwaukee Bucks|New York Knicks,,,,2025-01-12|Milwaukee Bucks|New York Knicks,0.5969032761950295,2.61887267390744,,elo,"{'home_advantage': 1.533069935780162, 'scale': 0.06343091702407258, 'error_term': 12.957166357334103, 'win_prob_k': 6.670952175721117}",1.0,34
2025-01-12,Chicago Bulls,Sacramento Kings,119,124,False,False,2025-01-12|Sacramento Kings|Chicago Bulls,,,,2025-01-12|Sacramento Kings|Chicago Bulls,0.5150455002494277,0.4015924895336518,,elo,"{'home_advantage': 1.533069935780162, 'scale': 0.06343091702407258, 'error_term': 12.957166357334103, 'win_prob_k': 6.670952175721117}",0.0,-5
2025-01-12,Boston Celtics,New Orleans Pelicans,120,119,False,False,2025-01-12|New Orleans Pelicans|Boston Celtics,,,,2025-01-12|New Orleans Pelicans|Boston Celtics,0.9119347875322334,15.593289950469115,,elo,"{'home_advantage': 1.533069935780162, 'scale': 0.06343091702407258, 'error_term': 12.957166357334103, 'win_prob_k': 6.670952175721117}",1.0,1
2025-01-12,Cleveland Cavaliers,Indiana Pacers,93,108,False,False,2025-01-12|Indiana Pacers|Cleveland Cavaliers,,,,2025-01-12|Indiana Pacers|Cleveland Cavaliers,0.8285583608756498,10.509714007466004,,elo,"{'home_advantage': 1.533069935780162, 'scale': 0.06343091702407258, 'error_term': 12.957166357334103, 'win_prob_k': 6.670952175721117}",0.0,-15
2025-01-12,Orlando Magic,Philadelphia 76ers,104,99,False,False,2025-01-12|Philadelphia 76ers|Orlando Magic,,,,2025-01-12|Philadelphia 76ers|Orlando Magic,0.6545605386282172,4.263716865866163,,elo,"{'home_advantage': 1.533069935780162, 'scale': 0.06343091702407258, 'error_term': 12.957166357334103, 'win_prob_k': 6.670952175721117}",1.0,5
2025-01-12,Washington Wizards,Oklahoma City Thunder,95,136,False,False,2025-01-12|Oklahoma City Thunder|Washington Wizards,,,,2025-01-12|Oklahoma City Thunder|Washington Wizards,0.05896545242615199,-18.478725195898402,,elo,"{'home_advantage': 1.533069935780162, 'scale': 0.06343091702407258, 'error_term': 12.957166357334103, 'win_prob_k': 6.670952175721117}",0.0,-41
2025-01-12,Utah Jazz,Brooklyn Nets,112,111,False,False,2025-01-12|Brooklyn Nets|Utah Jazz,,,,2025-01-12|Brooklyn Nets|Utah Jazz,0.49814829402115013,-0.04941079400840809,,elo,"{'home_advantage': 1.533069935780162, 'scale': 0.06343091702407258, 'error_term': 12.957166357334103, 'win_prob_k': 6.670952175721117}",1.0,1
2025-01-12,Phoenix Suns,Charlotte Hornets,120,113,False,False,2025-01-12|Charlotte Hornets|Phoenix Suns,,,,2025-01-12|Charlotte Hornets|Phoenix Suns,0.7831814667730309,8.567528402991217,,elo,"{'home_advantage': 1.533069935780162, 'scale': 0.06343091702407258, 'error_term': 12.957166357334103, 'win_prob_k': 6.670952175721117}",1.0,7
2025-01-13,Washington Wizards,Minnesota Timberwolves,106,120,False,False,2025-01-13|Minnesota Timberwolves|Washington Wizards,,,,2025-01-13|Minnesota Timberwolves|Washington Wizards,0.1922113124680294,-9.710639381664764,,elo,"{'home_advantage': 1.4593009162753272, 'scale': 0.06306287805103175, 'error_term': 13.01125087796143, 'win_prob_k': 6.7636724755770175}",0.0,-14
2025-01-13,New York Knicks,Detroit Pistons,119,124,False,False,2025-01-13|Detroit Pistons|New York Knicks,,,,2025-01-13|Detroit Pistons|New York Knicks,0.6611353019287651,4.520551934819745,,elo,"{'home_advantage': 1.4593009162753272, 'scale': 0.06306287805103175, 'error_term': 13.01125087796143, 'win_prob_k': 6.7636724755770175}",0.0,-5
2025-01-13,Toronto Raptors,Golden State Warriors,104,101,False,False,2025-01-13|Golden State Warriors|Toronto Raptors,,,,2025-01-13|Golden State Warriors|Toronto Raptors,0.2682405524817861,-6.787803057618745,,elo,"{'home_advantage': 1.4593009162753272, 'scale': 0.06306287805103175, 'error_term': 13.01125087796143, 'win_prob_k': 6.7636724755770175}",1.0,3
2025-01-13,Houston Rockets,Memphis Grizzlies,120,118,False,False,2025-01-13|Memphis Grizzlies|Houston Rockets,,,,2025-01-13|Memphis Grizzlies|Houston Rockets,0.5934376253908128,2.557985434595336,,elo,"{'home_advantage': 1.4593009162753272, 'scale': 0.06306287805103175, 'error_term': 13.01125087796143, 'win_prob_k': 6.7636724755770175}",1.0,2
2025-01-13,Los Angeles Clippers,Miami Heat,109,98,False,False,2025-01-13|Miami Heat|Los Angeles Clippers,,,,2025-01-13|Miami Heat|Los Angeles Clippers,0.5532927408255413,1.4473160078148144,,elo,"{'home_advantage': 1.4593009162753272, 'scale': 0.06306287805103175, 'error_term': 13.01125087796143, 'win_prob_k': 6.7636724755770175}",1.0,11
2025-01-13,Los Angeles Lakers,San Antonio Spurs,102,126,False,False,2025-01-13|San Antonio Spurs|Los Angeles Lakers,,,,2025-01-13|San Antonio Spurs|Los Angeles Lakers,0.6302154412020717,3.605992247366153,,elo,"{'home_advantage': 1.4593009162753272, 'scale': 0.06306287805103175, 'error_term': 13.01125087796143, 'win_prob_k': 6.7636724755770175}",0.0,-24
2025-01-14,Indiana Pacers,Cleveland Cavaliers,117,127,False,False,2025-01-14|Cleveland Cavaliers|Indiana Pacers,,,,2025-01-14|Cleveland Cavaliers|Indiana Pacers,0.29938695889519795,-5.7725011814057,,elo,"{'home_advantage': 1.4151293173699038, 'scale': 0.0631632550047277, 'error_term': 13.021517792550732, 'win_prob_k': 6.789430091737602}",0.0,-10
2025-01-14,Philadelphia 76ers,Oklahoma City Thunder,102,118,False,False,2025-01-14|Oklahoma City Thunder|Philadelphia 76ers,,,,2025-01-14|Oklahoma City Thunder|Philadelphia 76ers,0.1504749722036678,-11.751693032931158,,elo,"{'home_advantage': 1.4151293173699038, 'scale': 0.0631632550047277, 'error_term': 13.021517792550732, 'win_prob_k': 6.789430091737602}",0.0,-16
2025-01-14,Atlanta Hawks,Phoenix Suns,122,117,False,False,2025-01-14|Phoenix Suns|Atlanta Hawks,,,,2025-01-14|Phoenix Suns|Atlanta Hawks,0.5985643550248058,2.712287785076909,,elo,"{'home_advantage': 1.4151293173699038, 'scale': 0.0631632550047277, 'error_term': 13.021517792550732, 'win_prob_k': 6.789430091737602}",1.0,5
2025-01-14,Chicago Bulls,New Orleans Pelicans,113,119,False,False,2025-01-14|New Orleans Pelicans|Chicago Bulls,,,,2025-01-14|New Orleans Pelicans|Chicago Bulls,0.8039715828762389,9.581951813946818,,elo,"{'home_advantage': 1.4151293173699038, 'scale': 0.0631632550047277, 'error_term': 13.021517792550732, 'win_prob_k': 6.789430091737602}",0.0,-6
2025-01-14,Milwaukee Bucks,Sacramento Kings,130,115,False,False,2025-01-14|Sacramento Kings|Milwaukee Bucks,,,,2025-01-14|Sacramento Kings|Milwaukee Bucks,0.5668806342034796,1.82727597183679,,elo,"{'home_advantage': 1.4151293173699038, 'scale': 0.0631632550047277, 'error_term': 13.021517792550732, 'win_prob_k': 6.789430091737602}",1.0,15
2025-01-14,Dallas Mavericks,Denver Nuggets,99,118,False,False,2025-01-14|Denver Nuggets|Dallas Mavericks,,,,2025-01-14|Denver Nuggets|Dallas Mavericks,0.4727796318889239,-0.7399747683222986,,elo,"{'home_advantage': 1.4151293173699038, 'scale': 0.0631632550047277, 'error_term': 13.021517792550732, 'win_prob_k': 6.789430091737602}",0.0,-19
2025-01-14,Portland Trail Blazers,Brooklyn Nets,114,132,False,False,2025-01-14|Brooklyn Nets|Portland Trail Blazers,,,,2025-01-14|Brooklyn Nets|Portland Trail Blazers,0.6069243993370398,2.9493438695911314,,elo,"{'home_advantage': 1.4151293173699038, 'scale': 0.0631632550047277, 'error_term': 13.021517792550732, 'win_prob_k': 6.789430091737602}",0.0,-18
2025-01-15,Philadelphia 76ers,New York Knicks,119,125,False,False,2025-01-15|New York Knicks|Philadelphia 76ers,,,,2025-01-15|New York Knicks|Philadelphia 76ers,0.3233382378109498,-5.013723970065633,,elo,"{'home_advantage': 1.3405114201453256, 'scale': 0.06307190555905431, 'error_term': 13.012690238542076, 'win_prob_k': 6.789316323614825}",0.0,-6
2025-01-15,Toronto Raptors,Boston Celtics,110,97,False,False,2025-01-15|Boston Celtics|Toronto Raptors,,,,2025-01-15|Boston Celtics|Toronto Raptors,0.14302141211995625,-12.15571808559125,,elo,"{'home_advantage': 1.3405114201453256, 'scale': 0.06307190555905431, 'error_term': 13.012690238542076, 'win_prob_k': 6.789316323614825}",1.0,13
2025-01-15,Chicago Bulls,Atlanta Hawks,94,110,False,False,2025-01-15|Atlanta Hawks|Chicago Bulls,,,,2025-01-15|Atlanta Hawks|Chicago Bulls,0.46363505762140983,-0.9893192345944912,,elo,"{'home_advantage': 1.3405114201453256, 'scale': 0.06307190555905431, 'error_term': 13.012690238542076, 'win_prob_k': 6.789316323614825}",0.0,-16
2025-01-15,Milwaukee Bucks,Orlando Magic,122,93,False,False,2025-01-15|Orlando Magic|Milwaukee Bucks,,,,2025-01-15|Orlando Magic|Milwaukee Bucks,0.5959969681386138,2.639775788598368,,elo,"{'home_advantage': 1.3405114201453256, 'scale': 0.06307190555905431, 'error_term': 13.012690238542076, 'win_prob_k': 6.789316323614825}",1.0,29
2025-01-15,New Orleans Pelicans,Dallas Mavericks,119,116,False,False,2025-01-15|Dallas Mavericks|New Orleans Pelicans,,,,2025-01-15|Dallas Mavericks|New Orleans Pelicans,0.24491852386338575,-7.644091651114056,,elo,"{'home_advantage': 1.3405114201453256, 'scale': 0.06307190555905431, 'error_term': 13.012690238542076, 'win_prob_k': 6.789316323614825}",1.0,3
2025-01-15,San Antonio Spurs,Memphis Grizzlies,115,129,False,False,2025-01-15|Memphis Grizzlies|San Antonio Spurs,,,,2025-01-15|Memphis Grizzlies|San Antonio Spurs,0.4211652159843151,-2.158947570385746,,elo,"{'home_advantage': 1.3405114201453256, 'scale': 0.06307190555905431, 'error_term': 13.012690238542076, 'win_prob_k': 6.789316323614825}",0.0,-14
2025-01-15,Denver Nuggets,Houston Rockets,108,128,False,False,2025-01-15|Houston Rockets|Denver Nuggets,,,,2025-01-15|Houston Rockets|Denver Nuggets,0.49645000919905485,-0.09640966199122736,,elo,"{'home_advantage': 1.3405114201453256, 'scale': 0.06307190555905431, 'error_term': 13.012690238542076, 'win_prob_k': 6.789316323614825}",0.0,-20
2025-01-15,Utah Jazz,Charlotte Hornets,112,117,False,False,2025-01-15|Charlotte Hornets|Utah Jazz,,,,2025-01-15|Charlotte Hornets|Utah Jazz,0.6455434583464726,4.070241202839525,,elo,"{'home_advantage': 1.3405114201453256, 'scale': 0.06307190555905431, 'error_term': 13.012690238542076, 'win_prob_k': 6.789316323614825}",0.0,-5
2025-01-15,Minnesota Timberwolves,Golden State Warriors,115,116,False,False,2025-01-15|Golden State Warriors|Minnesota Timberwolves,,,,2025-01-15|Golden State Warriors|Minnesota Timberwolves,0.661915904535491,4.561360402502862,,elo,"{'home_advantage': 1.3405114201453256, 'scale': 0.06307190555905431, 'error_term': 13.012690238542076, 'win_prob_k': 6.789316323614825}",0.0,-1
2025-01-15,Los Angeles Lakers,Miami Heat,117,108,False,False,2025-01-15|Miami Heat|Los Angeles Lakers,,,,2025-01-15|Miami Heat|Los Angeles Lakers,0.5522427165722278,1.4239663977814594,,elo,"{'home_advantage': 1.3405114201453256, 'scale': 0.06307190555905431, 'error_term': 13.012690238542076, 'win_prob_k': 6.789316323614825}",1.0,9
2025-01-15,Los Angeles Clippers,Brooklyn Nets,126,67,False,False,2025-01-15|Brooklyn Nets|Los Angeles Clippers,,,,2025-01-15|Brooklyn Nets|Los Angeles Clippers,0.7786369783895793,8.539201107650848,,elo,"{'home_advantage': 1.3405114201453256, 'scale': 0.06307190555905431, 'error_term': 13.012690238542076, 'win_prob_k': 6.789316323614825}",1.0,59
2025-01-16,Detroit Pistons,Indiana Pacers,100,111,False,False,2025-01-16|Indiana Pacers|Detroit Pistons,,,,2025-01-16|Indiana Pacers|Detroit Pistons,0.5221233161211178,0.61561928186877,,elo,"{'home_advantage': 1.4206980246876677, 'scale': 0.06407666421512621, 'error_term': 13.20976293766647, 'win_prob_k': 6.952137314025842}",0.0,-11
2025-01-16,Washington Wizards,Phoenix Suns,123,130,False,False,2025-01-16|Phoenix Suns|Washington Wizards,,,,2025-01-16|Phoenix Suns|Washington Wizards,0.2701743771665709,-6.90860331441461,,elo,"{'home_advantage': 1.4206980246876677, 'scale': 0.06407666421512621, 'error_term': 13.20976293766647, 'win_prob_k': 6.952137314025842}",0.0,-7
2025-01-16,Oklahoma City Thunder,Cleveland Cavaliers,134,114,False,False,2025-01-16|Cleveland Cavaliers|Oklahoma City Thunder,,,,2025-01-16|Cleveland Cavaliers|Oklahoma City Thunder,0.557069236023674,1.5939586868561357,,elo,"{'home_advantage': 1.4206980246876677, 'scale': 0.06407666421512621, 'error_term': 13.20976293766647, 'win_prob_k': 6.952137314025842}",1.0,20
2025-01-16,Portland Trail Blazers,Los Angeles Clippers,89,118,False,False,2025-01-16|Los Angeles Clippers|Portland Trail Blazers,,,,2025-01-16|Los Angeles Clippers|Portland Trail Blazers,0.2923766436130384,-6.144779511806214,,elo,"{'home_advantage': 1.4206980246876677, 'scale': 0.06407666421512621, 'error_term': 13.20976293766647, 'win_prob_k': 6.952137314025842}",0.0,-29
2025-01-16,Sacramento Kings,Houston Rockets,132,127,False,False,2025-01-16|Houston Rockets|Sacramento Kings,,,,2025-01-16|Houston Rockets|Sacramento Kings,0.36126654399988095,-3.9618228731837206,,elo,"{'home_advantage': 1.4206980246876677, 'scale': 0.06407666421512621, 'error_term': 13.20976293766647, 'win_prob_k': 6.952137314025842}",1.0,5
2025-01-17,Boston Celtics,Orlando Magic,121,94,False,False,2025-01-17|Orlando Magic|Boston Celtics,,,,2025-01-17|Orlando Magic|Boston Celtics,0.6844325802868055,5.428521109874112,,elo,"{'home_advantage': 1.4125414637805391, 'scale': 0.06428669818279598, 'error_term': 13.198622703562268, 'win_prob_k': 7.011620179997699}",1.0,27
2025-01-17,New York Knicks,Minnesota Timberwolves,99,116,False,False,2025-01-17|Minnesota Timberwolves|New York Knicks,,,,2025-01-17|Minnesota Timberwolves|New York Knicks,0.648773508999625,4.302697427454043,,elo,"{'home_advantage': 1.4125414637805391, 'scale': 0.06428669818279598, 'error_term': 13.198622703562268, 'win_prob_k': 7.011620179997699}",0.0,-17
2025-01-17,Chicago Bulls,Charlotte Hornets,123,125,False,False,2025-01-17|Charlotte Hornets|Chicago Bulls,,,,2025-01-17|Charlotte Hornets|Chicago Bulls,0.7494837547950183,7.68376021191053,,elo,"{'home_advantage': 1.4125414637805391, 'scale': 0.06428669818279598, 'error_term': 13.198622703562268, 'win_prob_k': 7.011620179997699}",0.0,-2
2025-01-17,Miami Heat,Denver Nuggets,113,133,False,False,2025-01-17|Denver Nuggets|Miami Heat,,,,2025-01-17|Denver Nuggets|Miami Heat,0.415991243697295,-2.3787045226233623,,elo,"{'home_advantage': 1.4125414637805391, 'scale': 0.06428669818279598, 'error_term': 13.198622703562268, 'win_prob_k': 7.011620179997699}",0.0,-20
2025-01-17,Milwaukee Bucks,Toronto Raptors,130,112,False,False,2025-01-17|Toronto Raptors|Milwaukee Bucks,,,,2025-01-17|Toronto Raptors|Milwaukee Bucks,0.8413200830436258,11.695965219881048,,elo,"{'home_advantage': 1.4125414637805391, 'scale': 0.06428669818279598, 'error_term': 13.198622703562268, 'win_prob_k': 7.011620179997699}",1.0,18
2025-01-17,New Orleans Pelicans,Utah Jazz,136,123,False,False,2025-01-17|Utah Jazz|New Orleans Pelicans,,,,2025-01-17|Utah Jazz|New Orleans Pelicans,0.5442783124939814,1.245112511121799,,elo,"{'home_advantage': 1.4125414637805391, 'scale': 0.06428669818279598, 'error_term': 13.198622703562268, 'win_prob_k': 7.011620179997699}",1.0,13
2025-01-17,Dallas Mavericks,Oklahoma City Thunder,106,98,False,False,2025-01-17|Oklahoma City Thunder|Dallas Mavericks,,,,2025-01-17|Oklahoma City Thunder|Dallas Mavericks,0.18715838923652287,-10.297132247376997,,elo,"{'home_advantage': 1.4125414637805391, 'scale': 0.06428669818279598, 'error_term': 13.198622703562268, 'win_prob_k': 7.011620179997699}",1.0,8
2025-01-17,San Antonio Spurs,Memphis Grizzlies,112,140,False,False,2025-01-17|Memphis Grizzlies|San Antonio Spurs,,,,2025-01-17|Memphis Grizzlies|San Antonio Spurs,0.38660999549838426,-3.236455440281114,,elo,"{'home_advantage': 1.4125414637805391, 'scale': 0.06428669818279598, 'error_term': 13.198622703562268, 'win_prob_k': 7.011620179997699}",0.0,-28
2025-01-17,Los Angeles Lakers,Brooklyn Nets,102,101,False,False,2025-01-17|Brooklyn Nets|Los Angeles Lakers,,,,2025-01-17|Brooklyn Nets|Los Angeles Lakers,0.774213065489959,8.640106319005023,,elo,"{'home_advantage': 1.4125414637805391, 'scale': 0.06428669818279598, 'error_term': 13.198622703562268, 'win_prob_k': 7.011620179997699}",1.0,1
2025-01-18,Detroit Pistons,Phoenix Suns,121,125,False,False,2025-01-18|Phoenix Suns|Detroit Pistons,,,,2025-01-18|Phoenix Suns|Detroit Pistons,0.6393641784830698,4.098799646535753,,elo,"{'home_advantage': 1.3669710520440637, 'scale': 0.06469163055867837, 'error_term': 13.229986711929074, 'win_prob_k': 7.158155427158448}",0.0,-4
2025-01-18,Boston Celtics,Atlanta Hawks,115,119,False,False,2025-01-18|Atlanta Hawks|Boston Celtics,,,,2025-01-18|Atlanta Hawks|Boston Celtics,0.6784972232372906,5.346241652701405,,elo,"{'home_advantage': 1.3669710520440637, 'scale': 0.06469163055867837, 'error_term': 13.229986711929074, 'win_prob_k': 7.158155427158448}",0.0,-4
2025-01-18,Indiana Pacers,Philadelphia 76ers,115,102,False,False,2025-01-18|Philadelphia 76ers|Indiana Pacers,,,,2025-01-18|Philadelphia 76ers|Indiana Pacers,0.756599846442143,8.118262335105362,,elo,"{'home_advantage': 1.3669710520440637, 'scale': 0.06469163055867837, 'error_term': 13.229986711929074, 'win_prob_k': 7.158155427158448}",1.0,13
2025-01-18,Golden State Warriors,Washington Wizards,122,114,False,False,2025-01-18|Washington Wizards|Golden State Warriors,,,,2025-01-18|Washington Wizards|Golden State Warriors,0.8302869979724677,11.364735904961133,,elo,"{'home_advantage': 1.3669710520440637, 'scale': 0.06469163055867837, 'error_term': 13.229986711929074, 'win_prob_k': 7.158155427158448}",1.0,8
2025-01-18,Minnesota Timberwolves,Cleveland Cavaliers,117,124,False,False,2025-01-18|Cleveland Cavaliers|Minnesota Timberwolves,,,,2025-01-18|Cleveland Cavaliers|Minnesota Timberwolves,0.2706243409358234,-7.097005046414949,,elo,"{'home_advantage': 1.3669710520440637, 'scale': 0.06469163055867837, 'error_term': 13.229986711929074, 'win_prob_k': 7.158155427158448}",0.0,-7
2025-01-18,Portland Trail Blazers,Houston Rockets,103,125,False,False,2025-01-18|Houston Rockets|Portland Trail Blazers,,,,2025-01-18|Houston Rockets|Portland Trail Blazers,0.19750261847772566,-10.035567479829044,,elo,"{'home_advantage': 1.3669710520440637, 'scale': 0.06469163055867837, 'error_term': 13.229986711929074, 'win_prob_k': 7.158155427158448}",0.0,-22
2025-01-19,Miami Heat,San Antonio Spurs,128,107,False,False,2025-01-19|San Antonio Spurs|Miami Heat,,,,2025-01-19|San Antonio Spurs|Miami Heat,0.5664993659922654,1.896707695265973,,elo,"{'home_advantage': 1.3337267175855725, 'scale': 0.06362796682266639, 'error_term': 13.20767143215797, 'win_prob_k': 7.088304577223186}",1.0,21
2025-01-19,Orlando Magic,Denver Nuggets,100,113,False,False,2025-01-19|Denver Nuggets|Orlando Magic,,,,2025-01-19|Denver Nuggets|Orlando Magic,0.4069235409045934,-2.6701502934196384,,elo,"{'home_advantage': 1.3337267175855725, 'scale': 0.06362796682266639, 'error_term': 13.20767143215797, 'win_prob_k': 7.088304577223186}",0.0,-13
2025-01-19,Milwaukee Bucks,Philadelphia 76ers,123,109,False,False,2025-01-19|Philadelphia 76ers|Milwaukee Bucks,,,,2025-01-19|Philadelphia 76ers|Milwaukee Bucks,0.7724257756144042,8.66232976740019,,elo,"{'home_advantage': 1.3337267175855725, 'scale': 0.06362796682266639, 'error_term': 13.20767143215797, 'win_prob_k': 7.088304577223186}",1.0,14
2025-01-19,Oklahoma City Thunder,Brooklyn Nets,127,101,False,False,2025-01-19|Brooklyn Nets|Oklahoma City Thunder,,,,2025-01-19|Brooklyn Nets|Oklahoma City Thunder,0.9302690173850398,18.364585608700366,,elo,"{'home_advantage': 1.3337267175855725, 'scale': 0.06362796682266639, 'error_term': 13.20767143215797, 'win_prob_k': 7.088304577223186}",1.0,26
2025-01-19,Los Angeles Clippers,Los Angeles Lakers,116,102,False,False,2025-01-19|Los Angeles Lakers|Los Angeles Clippers,,,,2025-01-19|Los Angeles Lakers|Los Angeles Clippers,0.5804851215475334,2.302034497828823,,elo,"{'home_advantage': 1.3337267175855725, 'scale': 0.06362796682266639, 'error_term': 13.20767143215797, 'win_prob_k': 7.088304577223186}",1.0,14
2025-01-19,Portland Trail Blazers,Chicago Bulls,113,102,False,False,2025-01-19|Chicago Bulls|Portland Trail Blazers,,,,2025-01-19|Chicago Bulls|Portland Trail Blazers,0.44024557873708936,-1.7023658541244828,,elo,"{'home_advantage': 1.3337267175855725, 'scale': 0.06362796682266639, 'error_term': 13.20767143215797, 'win_prob_k': 7.088304577223186}",1.0,11
2025-01-19,Sacramento Kings,Washington Wizards,123,100,False,False,2025-01-19|Washington Wizards|Sacramento Kings,,,,2025-01-19|Washington Wizards|Sacramento Kings,0.8767239190745588,13.905593080102182,,elo,"{'home_advantage': 1.3337267175855725, 'scale': 0.06362796682266639, 'error_term': 13.20767143215797, 'win_prob_k': 7.088304577223186}",1.0,23
2025-01-20,Charlotte Hornets,Dallas Mavericks,110,105,False,False,2025-01-20|Dallas Mavericks|Charlotte Hornets,,,,2025-01-20|Dallas Mavericks|Charlotte Hornets,0.2693582704786972,-7.113202429812588,,elo,"{'home_advantage': 1.4235561648713784, 'scale': 0.0632582455938337, 'error_term': 13.180763897379844, 'win_prob_k': 7.128308202120298}",1.0,5
2025-01-20,Houston Rockets,Detroit Pistons,96,107,False,False,2025-01-20|Detroit Pistons|Houston Rockets,,,,2025-01-20|Detroit Pistons|Houston Rockets,0.717415748243524,6.641293448293215,,elo,"{'home_advantage': 1.4235561648713784, 'scale': 0.0632582455938337, 'error_term': 13.180763897379844, 'win_prob_k': 7.128308202120298}",0.0,-11
2025-01-20,Memphis Grizzlies,Minnesota Timberwolves,108,106,False,False,2025-01-20|Minnesota Timberwolves|Memphis Grizzlies,,,,2025-01-20|Minnesota Timberwolves|Memphis Grizzlies,0.648301038956164,4.359527660712523,,elo,"{'home_advantage': 1.4235561648713784, 'scale': 0.0632582455938337, 'error_term': 13.180763897379844, 'win_prob_k': 7.128308202120298}",1.0,2
2025-01-20,New York Knicks,Atlanta Hawks,119,110,False,False,2025-01-20|Atlanta Hawks|New York Knicks,,,,2025-01-20|Atlanta Hawks|New York Knicks,0.5929825967782801,2.6824472905394776,,elo,"{'home_advantage': 1.4235561648713784, 'scale': 0.0632582455938337, 'error_term': 13.180763897379844, 'win_prob_k': 7.128308202120298}",1.0,9
2025-01-20,Cleveland Cavaliers,Phoenix Suns,118,92,False,False,2025-01-20|Phoenix Suns|Cleveland Cavaliers,,,,2025-01-20|Phoenix Suns|Cleveland Cavaliers,0.8547012398103868,12.63107659532419,,elo,"{'home_advantage': 1.4235561648713784, 'scale': 0.0632582455938337, 'error_term': 13.180763897379844, 'win_prob_k': 7.128308202120298}",1.0,26
2025-01-20,Golden State Warriors,Boston Celtics,85,125,False,False,2025-01-20|Boston Celtics|Golden State Warriors,,,,2025-01-20|Boston Celtics|Golden State Warriors,0.3874884788510361,-3.263921420978905,,elo,"{'home_advantage': 1.4235561648713784, 'scale': 0.0632582455938337, 'error_term': 13.180763897379844, 'win_prob_k': 7.128308202120298}",0.0,-40
2025-01-20,New Orleans Pelicans,Utah Jazz,123,119,False,False,2025-01-20|Utah Jazz|New Orleans Pelicans,,,,2025-01-20|Utah Jazz|New Orleans Pelicans,0.5879282685042995,2.5334542568688,,elo,"{'home_advantage': 1.4235561648713784, 'scale': 0.0632582455938337, 'error_term': 13.180763897379844, 'win_prob_k': 7.128308202120298}",1.0,4
2025-01-20,Los Angeles Clippers,Chicago Bulls,99,112,False,False,2025-01-20|Chicago Bulls|Los Angeles Clippers,,,,2025-01-20|Chicago Bulls|Los Angeles Clippers,0.7642921283600195,8.385434373524912,,elo,"{'home_advantage': 1.4235561648713784, 'scale': 0.0632582455938337, 'error_term': 13.180763897379844, 'win_prob_k': 7.128308202120298}",0.0,-13
2025-01-21,Brooklyn Nets,New York Knicks,95,99,False,False,2025-01-21|New York Knicks|Brooklyn Nets,,,,2025-01-21|New York Knicks|Brooklyn Nets,0.2204608646228347,-9.097404365022395,,elo,"{'home_advantage': 1.3321157301764235, 'scale': 0.06342877849795832, 'error_term': 13.243122987502232, 'win_prob_k': 7.203110838703443}",0.0,-4
2025-01-21,Miami Heat,Portland Trail Blazers,107,116,False,False,2025-01-21|Portland Trail Blazers|Miami Heat,,,,2025-01-21|Portland Trail Blazers|Miami Heat,0.7152084963002495,6.632745161547954,,elo,"{'home_advantage': 1.3321157301764235, 'scale': 0.06342877849795832, 'error_term': 13.243122987502232, 'win_prob_k': 7.203110838703443}",0.0,-9
2025-01-21,Toronto Raptors,Orlando Magic,109,93,False,False,2025-01-21|Orlando Magic|Toronto Raptors,,,,2025-01-21|Orlando Magic|Toronto Raptors,0.3138784085713196,-5.633186938798863,,elo,"{'home_advantage': 1.3321157301764235, 'scale': 0.06342877849795832, 'error_term': 13.243122987502232, 'win_prob_k': 7.203110838703443}",1.0,16
2025-01-21,Denver Nuggets,Philadelphia 76ers,144,109,False,False,2025-01-21|Philadelphia 76ers|Denver Nuggets,,,,2025-01-21|Philadelphia 76ers|Denver Nuggets,0.8046834262811168,10.198360564393822,,elo,"{'home_advantage': 1.3321157301764235, 'scale': 0.06342877849795832, 'error_term': 13.243122987502232, 'win_prob_k': 7.203110838703443}",1.0,35
2025-01-21,Los Angeles Lakers,Washington Wizards,111,88,False,False,2025-01-21|Washington Wizards|Los Angeles Lakers,,,,2025-01-21|Washington Wizards|Los Angeles Lakers,0.8672920854187836,13.521861400086365,,elo,"{'home_advantage': 1.3321157301764235, 'scale': 0.06342877849795832, 'error_term': 13.243122987502232, 'win_prob_k': 7.203110838703443}",1.0,23
2025-01-22,Atlanta Hawks,Detroit Pistons,104,114,False,False,2025-01-22|Detroit Pistons|Atlanta Hawks,,,,2025-01-22|Detroit Pistons|Atlanta Hawks,0.549804285402082,1.4465325626257068,,elo,"{'home_advantage': 1.3929614435113458, 'scale': 0.06320524769230917, 'error_term': 13.287912299035028, 'win_prob_k': 7.237006441487141}",0.0,-10
2025-01-22,Brooklyn Nets,Phoenix Suns,84,108,False,False,2025-01-22|Phoenix Suns|Brooklyn Nets,,,,2025-01-22|Phoenix Suns|Brooklyn Nets,0.3498872878310904,-4.483576494078208,,elo,"{'home_advantage': 1.3929614435113458, 'scale': 0.06320524769230917, 'error_term': 13.287912299035028, 'win_prob_k': 7.237006441487141}",0.0,-24
2025-01-22,Dallas Mavericks,Minnesota Timberwolves,114,115,False,False,2025-01-22|Minnesota Timberwolves|Dallas Mavericks,,,,2025-01-22|Minnesota Timberwolves|Dallas Mavericks,0.5206424679919687,0.5978985450892728,,elo,"{'home_advantage': 1.3929614435113458, 'scale': 0.06320524769230917, 'error_term': 13.287912299035028, 'win_prob_k': 7.237006441487141}",0.0,-1
2025-01-22,Houston Rockets,Cleveland Cavaliers,109,108,False,False,2025-01-22|Cleveland Cavaliers|Houston Rockets,,,,2025-01-22|Cleveland Cavaliers|Houston Rockets,0.3508130790926377,-4.454139696806991,,elo,"{'home_advantage': 1.3929614435113458, 'scale': 0.06320524769230917, 'error_term': 13.287912299035028, 'win_prob_k': 7.237006441487141}",1.0,1
2025-01-22,Memphis Grizzlies,Charlotte Hornets,132,120,False,False,2025-01-22|Charlotte Hornets|Memphis Grizzlies,,,,2025-01-22|Charlotte Hornets|Memphis Grizzlies,0.8579629071938548,13.015557982166833,,elo,"{'home_advantage': 1.3929614435113458, 'scale': 0.06320524769230917, 'error_term': 13.287912299035028, 'win_prob_k': 7.237006441487141}",1.0,12
2025-01-22,Oklahoma City Thunder,Utah Jazz,123,114,False,False,2025-01-22|Utah Jazz|Oklahoma City Thunder,,,,2025-01-22|Utah Jazz|Oklahoma City Thunder,0.9445124024918051,20.51336199506475,,elo,"{'home_advantage': 1.3929614435113458, 'scale': 0.06320524769230917, 'error_term': 13.287912299035028, 'win_prob_k': 7.237006441487141}",1.0,9
2025-01-22,Sacramento Kings,Golden State Warriors,123,117,False,False,2025-01-22|Golden State Warriors|Sacramento Kings,,,,2025-01-22|Golden State Warriors|Sacramento Kings,0.6406155803191886,4.183257028039682,,elo,"{'home_advantage': 1.3929614435113458, 'scale': 0.06320524769230917, 'error_term': 13.287912299035028, 'win_prob_k': 7.237006441487141}",1.0,6
2025-01-22,Los Angeles Clippers,Boston Celtics,113,117,False,False,2025-01-22|Boston Celtics|Los Angeles Clippers,,,,2025-01-22|Boston Celtics|Los Angeles Clippers,0.4617512003770719,-1.1093946401066297,,elo,"{'home_advantage': 1.3929614435113458, 'scale': 0.06320524769230917, 'error_term': 13.287912299035028, 'win_prob_k': 7.237006441487141}",0.0,-4
2025-01-23,Indiana Pacers,San Antonio Spurs,110,140,False,False,2025-01-23|San Antonio Spurs|Indiana Pacers,,,,2025-01-23|San Antonio Spurs|Indiana Pacers,0.7183019288095276,6.795009829279415,,elo,"{'home_advantage': 1.3246608918819462, 'scale': 0.06219149210957525, 'error_term': 13.240904511624567, 'win_prob_k': 7.259205794387917}",0.0,-30
2025-01-23,Orlando Magic,Portland Trail Blazers,79,101,False,False,2025-01-23|Portland Trail Blazers|Orlando Magic,,,,2025-01-23|Portland Trail Blazers|Orlando Magic,0.653739517182896,4.6133533929525585,,elo,"{'home_advantage': 1.3246608918819462, 'scale': 0.06219149210957525, 'error_term': 13.240904511624567, 'win_prob_k': 7.259205794387917}",0.0,-22
2025-01-23,Atlanta Hawks,Toronto Raptors,119,122,False,False,2025-01-23|Toronto Raptors|Atlanta Hawks,,,,2025-01-23|Toronto Raptors|Atlanta Hawks,0.7622080581744536,8.45569323430149,,elo,"{'home_advantage': 1.3246608918819462, 'scale': 0.06219149210957525, 'error_term': 13.240904511624567, 'win_prob_k': 7.259205794387917}",0.0,-3
2025-01-23,Oklahoma City Thunder,Dallas Mavericks,115,121,False,False,2025-01-23|Dallas Mavericks|Oklahoma City Thunder,,,,2025-01-23|Dallas Mavericks|Oklahoma City Thunder,0.8513150542934926,12.666970515898418,,elo,"{'home_advantage': 1.3246608918819462, 'scale': 0.06219149210957525, 'error_term': 13.240904511624567, 'win_prob_k': 7.259205794387917}",0.0,-6
2025-01-23,Milwaukee Bucks,Miami Heat,125,96,False,False,2025-01-23|Miami Heat|Milwaukee Bucks,,,,2025-01-23|Miami Heat|Milwaukee Bucks,0.6960873856088914,6.015957907231792,,elo,"{'home_advantage': 1.3246608918819462, 'scale': 0.06219149210957525, 'error_term': 13.240904511624567, 'win_prob_k': 7.259205794387917}",1.0,29
2025-01-23,Denver Nuggets,Sacramento Kings,132,123,False,False,2025-01-23|Sacramento Kings|Denver Nuggets,,,,2025-01-23|Sacramento Kings|Denver Nuggets,0.626899138890713,3.7670695805939625,,elo,"{'home_advantage': 1.3246608918819462, 'scale': 0.06219149210957525, 'error_term': 13.240904511624567, 'win_prob_k': 7.259205794387917}",1.0,9
2025-01-23,Golden State Warriors,Chicago Bulls,131,106,False,False,2025-01-23|Chicago Bulls|Golden State Warriors,,,,2025-01-23|Chicago Bulls|Golden State Warriors,0.5976371355558773,2.871955550118029,,elo,"{'home_advantage': 1.3246608918819462, 'scale': 0.06219149210957525, 'error_term': 13.240904511624567, 'win_prob_k': 7.259205794387917}",1.0,25
2025-01-23,Los Angeles Lakers,Boston Celtics,117,96,False,False,2025-01-23|Boston Celtics|Los Angeles Lakers,,,,2025-01-23|Boston Celtics|Los Angeles Lakers,0.407972546994746,-2.7029879390804408,,elo,"{'home_advantage': 1.3246608918819462, 'scale': 0.06219149210957525, 'error_term': 13.240904511624567, 'win_prob_k': 7.259205794387917}",1.0,21
2025-01-23,Los Angeles Clippers,Washington Wizards,110,93,False,False,2025-01-23|Washington Wizards|Los Angeles Clippers,,,,2025-01-23|Washington Wizards|Los Angeles Clippers,0.878452903802763,14.357696298335826,,elo,"{'home_advantage': 1.3246608918819462, 'scale': 0.06219149210957525, 'error_term': 13.240904511624567, 'win_prob_k': 7.259205794387917}",1.0,17
2025-01-24,Charlotte Hornets,Portland Trail Blazers,97,102,False,False,2025-01-24|Portland Trail Blazers|Charlotte Hornets,,,,2025-01-24|Portland Trail Blazers|Charlotte Hornets,0.43467704179094463,-1.9247771045586977,,elo,"{'home_advantage': 1.2862584757269462, 'scale': 0.06290104684773035, 'error_term': 13.372773275307994, 'win_prob_k': 7.324285121094107}",0.0,-5
2025-01-24,Philadelphia 76ers,Cleveland Cavaliers,132,129,False,False,2025-01-24|Cleveland Cavaliers|Philadelphia 76ers,,,,2025-01-24|Cleveland Cavaliers|Philadelphia 76ers,0.1404009268054553,-13.271340920019709,,elo,"{'home_advantage': 1.2862584757269462, 'scale': 0.06290104684773035, 'error_term': 13.372773275307994, 'win_prob_k': 7.324285121094107}",1.0,3
2025-01-24,Memphis Grizzlies,New Orleans Pelicans,139,126,False,False,2025-01-24|New Orleans Pelicans|Memphis Grizzlies,,,,2025-01-24|New Orleans Pelicans|Memphis Grizzlies,0.8457657114719431,12.464245644006626,,elo,"{'home_advantage': 1.2862584757269462, 'scale': 0.06290104684773035, 'error_term': 13.372773275307994, 'win_prob_k': 7.324285121094107}",1.0,13
2025-01-25,San Antonio Spurs,Indiana Pacers,98,136,False,False,2025-01-25|Indiana Pacers|San Antonio Spurs,,,,2025-01-25|Indiana Pacers|San Antonio Spurs,0.41092563780419006,-2.656012980761192,,elo,"{'home_advantage': 1.3183848722409721, 'scale': 0.0630838107695776, 'error_term': 13.363142157421716, 'win_prob_k': 7.374942543358275}",0.0,-38
2025-01-25,Minnesota Timberwolves,Denver Nuggets,133,104,False,False,2025-01-25|Denver Nuggets|Minnesota Timberwolves,,,,2025-01-25|Denver Nuggets|Minnesota Timberwolves,0.4068846004832073,-2.7793162347338507,,elo,"{'home_advantage': 1.3183848722409721, 'scale': 0.0630838107695776, 'error_term': 13.363142157421716, 'win_prob_k': 7.374942543358275}",1.0,29
2025-01-25,Dallas Mavericks,Boston Celtics,107,122,False,False,2025-01-25|Boston Celtics|Dallas Mavericks,,,,2025-01-25|Boston Celtics|Dallas Mavericks,0.40084638197785966,-2.964282607342839,,elo,"{'home_advantage': 1.3183848722409721, 'scale': 0.0630838107695776, 'error_term': 13.363142157421716, 'win_prob_k': 7.374942543358275}",0.0,-15
2025-01-25,Brooklyn Nets,Miami Heat,97,106,False,False,2025-01-25|Miami Heat|Brooklyn Nets,,,,2025-01-25|Miami Heat|Brooklyn Nets,0.3451622169442046,-4.722714412746637,,elo,"{'home_advantage': 1.3183848722409721, 'scale': 0.0630838107695776, 'error_term': 13.363142157421716, 'win_prob_k': 7.374942543358275}",0.0,-9
2025-01-25,Charlotte Hornets,New Orleans Pelicans,123,92,False,False,2025-01-25|New Orleans Pelicans|Charlotte Hornets,,,,2025-01-25|New Orleans Pelicans|Charlotte Hornets,0.5024893706673706,0.07343646934570036,,elo,"{'home_advantage': 1.3183848722409721, 'scale': 0.0630838107695776, 'error_term': 13.363142157421716, 'win_prob_k': 7.374942543358275}",1.0,31
2025-01-25,Orlando Magic,Detroit Pistons,121,113,False,False,2025-01-25|Detroit Pistons|Orlando Magic,,,,2025-01-25|Detroit Pistons|Orlando Magic,0.4136653049683944,-2.572627563294234,,elo,"{'home_advantage': 1.3183848722409721, 'scale': 0.0630838107695776, 'error_term': 13.363142157421716, 'win_prob_k': 7.374942543358275}",1.0,8
2025-01-25,Atlanta Hawks,Toronto Raptors,94,117,False,False,2025-01-25|Toronto Raptors|Atlanta Hawks,,,,2025-01-25|Toronto Raptors|Atlanta Hawks,0.717885035760417,6.88815781198942,,elo,"{'home_advantage': 1.3183848722409721, 'scale': 0.0630838107695776, 'error_term': 13.363142157421716, 'win_prob_k': 7.374942543358275}",0.0,-23
2025-01-25,Cleveland Cavaliers,Houston Rockets,131,135,False,False,2025-01-25|Houston Rockets|Cleveland Cavaliers,,,,2025-01-25|Houston Rockets|Cleveland Cavaliers,0.6500222863288709,4.5661010679731,,elo,"{'home_advantage': 1.3183848722409721, 'scale': 0.0630838107695776, 'error_term': 13.363142157421716, 'win_prob_k': 7.374942543358275}",0.0,-4
2025-01-25,New York Knicks,Sacramento Kings,143,120,False,False,2025-01-25|Sacramento Kings|New York Knicks,,,,2025-01-25|Sacramento Kings|New York Knicks,0.6171178681594425,3.5203023273371885,,elo,"{'home_advantage': 1.3183848722409721, 'scale': 0.0630838107695776, 'error_term': 13.363142157421716, 'win_prob_k': 7.374942543358275}",1.0,23
2025-01-25,Chicago Bulls,Philadelphia 76ers,97,109,False,False,2025-01-25|Philadelphia 76ers|Chicago Bulls,,,,2025-01-25|Philadelphia 76ers|Chicago Bulls,0.5472523201866606,1.3981047622780547,,elo,"{'home_advantage': 1.3183848722409721, 'scale': 0.0630838107695776, 'error_term': 13.363142157421716, 'win_prob_k': 7.374942543358275}",0.0,-12
2025-01-25,Memphis Grizzlies,Utah Jazz,125,103,False,False,2025-01-25|Utah Jazz|Memphis Grizzlies,,,,2025-01-25|Utah Jazz|Memphis Grizzlies,0.889153129450873,15.355513639098174,,elo,"{'home_advantage': 1.3183848722409721, 'scale': 0.0630838107695776, 'error_term': 13.363142157421716, 'win_prob_k': 7.374942543358275}",1.0,22
2025-01-25,Golden State Warriors,Los Angeles Lakers,108,118,False,False,2025-01-25|Los Angeles Lakers|Golden State Warriors,,,,2025-01-25|Los Angeles Lakers|Golden State Warriors,0.4480173145546053,-1.5390383994273702,,elo,"{'home_advantage': 1.3183848722409721, 'scale': 0.0630838107695776, 'error_term': 13.363142157421716, 'win_prob_k': 7.374942543358275}",0.0,-10
2025-01-25,Phoenix Suns,Washington Wizards,119,109,False,False,2025-01-25|Washington Wizards|Phoenix Suns,,,,2025-01-25|Washington Wizards|Phoenix Suns,0.8439044385609463,12.44573820926777,,elo,"{'home_advantage': 1.3183848722409721, 'scale': 0.0630838107695776, 'error_term': 13.363142157421716, 'win_prob_k': 7.374942543358275}",1.0,10
2025-01-25,Los Angeles Clippers,Milwaukee Bucks,127,117,False,False,2025-01-25|Milwaukee Bucks|Los Angeles Clippers,,,,2025-01-25|Milwaukee Bucks|Los Angeles Clippers,0.4660778094831871,-1.0022364340401249,,elo,"{'home_advantage': 1.3183848722409721, 'scale': 0.0630838107695776, 'error_term': 13.363142157421716, 'win_prob_k': 7.374942543358275}",1.0,10
2025-01-26,Portland Trail Blazers,Oklahoma City Thunder,108,118,False,False,2025-01-26|Oklahoma City Thunder|Portland Trail Blazers,,,,2025-01-26|Oklahoma City Thunder|Portland Trail Blazers,0.16607676322670403,-11.955941368961561,,elo,"{'home_advantage': 1.3218825039971214, 'scale': 0.06291711339949721, 'error_term': 13.481383940690119, 'win_prob_k': 7.409063786829}",0.0,-10
2025-01-27,Charlotte Hornets,Los Angeles Lakers,107,112,False,False,2025-01-27|Los Angeles Lakers|Charlotte Hornets,,,,2025-01-27|Los Angeles Lakers|Charlotte Hornets,0.24896631570078911,-8.163287005321301,,elo,"{'home_advantage': 1.3237720687423375, 'scale': 0.06267510328355023, 'error_term': 13.464687903775616, 'win_prob_k': 7.393391725845072}",0.0,-5
2025-01-27,Cleveland Cavaliers,Detroit Pistons,110,91,False,False,2025-01-27|Detroit Pistons|Cleveland Cavaliers,,,,2025-01-27|Detroit Pistons|Cleveland Cavaliers,0.7558229726117554,8.35389460962855,,elo,"{'home_advantage': 1.3237720687423375, 'scale': 0.06267510328355023, 'error_term': 13.464687903775616, 'win_prob_k': 7.393391725845072}",1.0,19
2025-01-27,Boston Celtics,Houston Rockets,112,114,False,False,2025-01-27|Houston Rockets|Boston Celtics,,,,2025-01-27|Houston Rockets|Boston Celtics,0.5010618331758993,0.03140224167534811,,elo,"{'home_advantage': 1.3237720687423375, 'scale': 0.06267510328355023, 'error_term': 13.464687903775616, 'win_prob_k': 7.393391725845072}",0.0,-2
2025-01-27,Brooklyn Nets,Sacramento Kings,96,110,False,False,2025-01-27|Sacramento Kings|Brooklyn Nets,,,,2025-01-27|Sacramento Kings|Brooklyn Nets,0.2569151184679893,-7.8522590922777855,,elo,"{'home_advantage': 1.3237720687423375, 'scale': 0.06267510328355023, 'error_term': 13.464687903775616, 'win_prob_k': 7.393391725845072}",0.0,-14
2025-01-27,Miami Heat,Orlando Magic,125,119,False,False,2025-01-27|Orlando Magic|Miami Heat,,,,2025-01-27|Orlando Magic|Miami Heat,0.5554909494699207,1.6478531987707108,,elo,"{'home_advantage': 1.3237720687423375, 'scale': 0.06267510328355023, 'error_term': 13.464687903775616, 'win_prob_k': 7.393391725845072}",1.0,6
2025-01-27,New York Knicks,Memphis Grizzlies,143,106,False,False,2025-01-27|Memphis Grizzlies|New York Knicks,,,,2025-01-27|Memphis Grizzlies|New York Knicks,0.5085877807490911,0.25399628679406083,,elo,"{'home_advantage': 1.3237720687423375, 'scale': 0.06267510328355023, 'error_term': 13.464687903775616, 'win_prob_k': 7.393391725845072}",1.0,37
2025-01-27,Toronto Raptors,New Orleans Pelicans,113,104,False,False,2025-01-27|New Orleans Pelicans|Toronto Raptors,,,,2025-01-27|New Orleans Pelicans|Toronto Raptors,0.6142796090900332,3.4404222949804844,,elo,"{'home_advantage': 1.3237720687423375, 'scale': 0.06267510328355023, 'error_term': 13.464687903775616, 'win_prob_k': 7.393391725845072}",1.0,9
2025-01-27,Chicago Bulls,Denver Nuggets,129,121,False,False,2025-01-27|Denver Nuggets|Chicago Bulls,,,,2025-01-27|Denver Nuggets|Chicago Bulls,0.2639152866809501,-7.583527905102322,,elo,"{'home_advantage': 1.3237720687423375, 'scale': 0.06267510328355023, 'error_term': 13.464687903775616, 'win_prob_k': 7.393391725845072}",1.0,8
2025-01-27,Minnesota Timberwolves,Atlanta Hawks,100,92,False,False,2025-01-27|Atlanta Hawks|Minnesota Timberwolves,,,,2025-01-27|Atlanta Hawks|Minnesota Timberwolves,0.6444861542056204,4.398248469721617,,elo,"{'home_advantage': 1.3237720687423375, 'scale': 0.06267510328355023, 'error_term': 13.464687903775616, 'win_prob_k': 7.393391725845072}",1.0,8
2025-01-27,Dallas Mavericks,Washington Wizards,130,108,False,False,2025-01-27|Washington Wizards|Dallas Mavericks,,,,2025-01-27|Washington Wizards|Dallas Mavericks,0.8558581735655444,13.169900114546428,,elo,"{'home_advantage': 1.3237720687423375, 'scale': 0.06267510328355023, 'error_term': 13.464687903775616, 'win_prob_k': 7.393391725845072}",1.0,22
2025-01-27,Utah Jazz,Milwaukee Bucks,110,125,False,False,2025-01-27|Milwaukee Bucks|Utah Jazz,,,,2025-01-27|Milwaukee Bucks|Utah Jazz,0.1824950404148048,-11.086642066235152,,elo,"{'home_advantage': 1.3237720687423375, 'scale': 0.06267510328355023, 'error_term': 13.464687903775616, 'win_prob_k': 7.393391725845072}",0.0,-15
2025-01-27,Phoenix Suns,Los Angeles Clippers,111,109,False,False,2025-01-27|Los Angeles Clippers|Phoenix Suns,,,,2025-01-27|Los Angeles Clippers|Phoenix Suns,0.44302320115885824,-1.692358040483101,,elo,"{'home_advantage': 1.3237720687423375, 'scale': 0.06267510328355023, 'error_term': 13.464687903775616, 'win_prob_k': 7.393391725845072}",1.0,2
2025-01-28,Atlanta Hawks,Houston Rockets,96,100,False,False,2025-01-28|Houston Rockets|Atlanta Hawks,,,,2025-01-28|Houston Rockets|Atlanta Hawks,0.2811367282173755,-6.856747835373371,,elo,"{'home_advantage': 1.430116497925175, 'scale': 0.06149828584863559, 'error_term': 13.466716889250385, 'win_prob_k': 7.303502756148568}",0.0,-4
2025-01-28,Philadelphia 76ers,Los Angeles Lakers,118,104,False,False,2025-01-28|Los Angeles Lakers|Philadelphia 76ers,,,,2025-01-28|Los Angeles Lakers|Philadelphia 76ers,0.35421724716827035,-4.386138546733362,,elo,"{'home_advantage': 1.430116497925175, 'scale': 0.06149828584863559, 'error_term': 13.466716889250385, 'win_prob_k': 7.303502756148568}",1.0,14
2025-01-28,Golden State Warriors,Utah Jazz,114,103,False,False,2025-01-28|Utah Jazz|Golden State Warriors,,,,2025-01-28|Utah Jazz|Golden State Warriors,0.773971705910322,8.989699909739576,,elo,"{'home_advantage': 1.430116497925175, 'scale': 0.06149828584863559, 'error_term': 13.466716889250385, 'win_prob_k': 7.303502756148568}",1.0,11
2025-01-28,Portland Trail Blazers,Milwaukee Bucks,125,112,False,False,2025-01-28|Milwaukee Bucks|Portland Trail Blazers,,,,2025-01-28|Milwaukee Bucks|Portland Trail Blazers,0.3060784027387729,-5.978046238790252,,elo,"{'home_advantage': 1.430116497925175, 'scale': 0.06149828584863559, 'error_term': 13.466716889250385, 'win_prob_k': 7.303502756148568}",1.0,13
2025-01-29,Charlotte Hornets,Brooklyn Nets,83,104,False,False,2025-01-29|Brooklyn Nets|Charlotte Hornets,,,,2025-01-29|Brooklyn Nets|Charlotte Hornets,0.5816605771620429,2.393315325095994,,elo,"{'home_advantage': 1.4903084452256743, 'scale': 0.061447151445653485, 'error_term': 13.464374378978563, 'win_prob_k': 7.261405346850587}",0.0,-21
2025-01-29,Indiana Pacers,Detroit Pistons,133,119,False,False,2025-01-29|Detroit Pistons|Indiana Pacers,,,,2025-01-29|Detroit Pistons|Indiana Pacers,0.6368820248969327,4.079868900109158,,elo,"{'home_advantage': 1.4903084452256743, 'scale': 0.061447151445653485, 'error_term': 13.464374378978563, 'win_prob_k': 7.261405346850587}",1.0,14
2025-01-29,Washington Wizards,Toronto Raptors,82,106,False,False,2025-01-29|Toronto Raptors|Washington Wizards,,,,2025-01-29|Toronto Raptors|Washington Wizards,0.2941916047356339,-6.354546833468582,,elo,"{'home_advantage': 1.4903084452256743, 'scale': 0.061447151445653485, 'error_term': 13.464374378978563, 'win_prob_k': 7.261405346850587}",0.0,-24
2025-01-29,Boston Celtics,Chicago Bulls,122,100,False,False,2025-01-29|Chicago Bulls|Boston Celtics,,,,2025-01-29|Chicago Bulls|Boston Celtics,0.779026686063327,9.149395130239895,,elo,"{'home_advantage': 1.4903084452256743, 'scale': 0.061447151445653485, 'error_term': 13.464374378978563, 'win_prob_k': 7.261405346850587}",1.0,22
2025-01-29,Miami Heat,Cleveland Cavaliers,106,126,False,False,2025-01-29|Cleveland Cavaliers|Miami Heat,,,,2025-01-29|Cleveland Cavaliers|Miami Heat,0.26933331997949633,-7.246938139672155,,elo,"{'home_advantage': 1.4903084452256743, 'scale': 0.061447151445653485, 'error_term': 13.464374378978563, 'win_prob_k': 7.261405346850587}",0.0,-20
2025-01-29,New York Knicks,Denver Nuggets,122,112,False,False,2025-01-29|Denver Nuggets|New York Knicks,,,,2025-01-29|Denver Nuggets|New York Knicks,0.5988543141222047,2.9095992712375223,,elo,"{'home_advantage': 1.4903084452256743, 'scale': 0.061447151445653485, 'error_term': 13.464374378978563, 'win_prob_k': 7.261405346850587}",1.0,10
2025-01-29,Philadelphia 76ers,Sacramento Kings,117,104,False,False,2025-01-29|Sacramento Kings|Philadelphia 76ers,,,,2025-01-29|Sacramento Kings|Philadelphia 76ers,0.4197872269835434,-2.3501313723033603,,elo,"{'home_advantage': 1.4903084452256743, 'scale': 0.061447151445653485, 'error_term': 13.464374378978563, 'win_prob_k': 7.261405346850587}",1.0,13
2025-01-29,New Orleans Pelicans,Dallas Mavericks,136,137,False,False,2025-01-29|Dallas Mavericks|New Orleans Pelicans,,,,2025-01-29|Dallas Mavericks|New Orleans Pelicans,0.30200784608467407,-6.083277651994653,,elo,"{'home_advantage': 1.4903084452256743, 'scale': 0.061447151445653485, 'error_term': 13.464374378978563, 'win_prob_k': 7.261405346850587}",0.0,-1
2025-01-29,San Antonio Spurs,Los Angeles Clippers,116,128,False,False,2025-01-29|Los Angeles Clippers|San Antonio Spurs,,,,2025-01-29|Los Angeles Clippers|San Antonio Spurs,0.42930927653866785,-2.067103092626265,,elo,"{'home_advantage': 1.4903084452256743, 'scale': 0.061447151445653485, 'error_term': 13.464374378978563, 'win_prob_k': 7.261405346850587}",0.0,-12
2025-01-29,Phoenix Suns,Minnesota Timberwolves,113,121,False,False,2025-01-29|Minnesota Timberwolves|Phoenix Suns,,,,2025-01-29|Minnesota Timberwolves|Phoenix Suns,0.4748294830482891,-0.7317118299478591,,elo,"{'home_advantage': 1.4903084452256743, 'scale': 0.061447151445653485, 'error_term': 13.464374378978563, 'win_prob_k': 7.261405346850587}",0.0,-8
2025-01-29,Golden State Warriors,Oklahoma City Thunder,116,109,False,False,2025-01-29|Oklahoma City Thunder|Golden State Warriors,,,,2025-01-29|Oklahoma City Thunder|Golden State Warriors,0.214121551265822,-9.441702461184185,,elo,"{'home_advantage': 1.4903084452256743, 'scale': 0.061447151445653485, 'error_term': 13.464374378978563, 'win_prob_k': 7.261405346850587}",1.0,7
2025-01-30,Cleveland Cavaliers,Atlanta Hawks,137,115,False,False,2025-01-30|Atlanta Hawks|Cleveland Cavaliers,,,,2025-01-30|Atlanta Hawks|Cleveland Cavaliers,0.8419082209237978,12.116089217727204,,elo,"{'home_advantage': 1.4923549421822169, 'scale': 0.06134198318640728, 'error_term': 13.452203873378801, 'win_prob_k': 7.244319006470233}",1.0,22
2025-01-30,Washington Wizards,Los Angeles Lakers,96,134,False,False,2025-01-30|Los Angeles Lakers|Washington Wizards,,,,2025-01-30|Los Angeles Lakers|Washington Wizards,0.14138181952465764,-13.067738440061943,,elo,"{'home_advantage': 1.4923549421822169, 'scale': 0.06134198318640728, 'error_term': 13.452203873378801, 'win_prob_k': 7.244319006470233}",0.0,-38
2025-01-30,Utah Jazz,Minnesota Timberwolves,113,138,False,False,2025-01-30|Minnesota Timberwolves|Utah Jazz,,,,2025-01-30|Minnesota Timberwolves|Utah Jazz,0.18030345477238582,-10.970020936086478,,elo,"{'home_advantage': 1.4923549421822169, 'scale': 0.06134198318640728, 'error_term': 13.452203873378801, 'win_prob_k': 7.244319006470233}",0.0,-25
2025-01-30,Memphis Grizzlies,Houston Rockets,120,119,False,False,2025-01-30|Houston Rockets|Memphis Grizzlies,,,,2025-01-30|Houston Rockets|Memphis Grizzlies,0.4735500353606746,-0.7671640723214632,,elo,"{'home_advantage': 1.4923549421822169, 'scale': 0.06134198318640728, 'error_term': 13.452203873378801, 'win_prob_k': 7.244319006470233}",1.0,1
2025-01-30,Portland Trail Blazers,Orlando Magic,119,90,False,False,2025-01-30|Orlando Magic|Portland Trail Blazers,,,,2025-01-30|Orlando Magic|Portland Trail Blazers,0.520865125017422,0.6049658154330589,,elo,"{'home_advantage': 1.4923549421822169, 'scale': 0.06134198318640728, 'error_term': 13.452203873378801, 'win_prob_k': 7.244319006470233}",1.0,29
2025-01-31,Charlotte Hornets,Los Angeles Clippers,104,112,False,False,2025-01-31|Los Angeles Clippers|Charlotte Hornets,,,,2025-01-31|Los Angeles Clippers|Charlotte Hornets,0.2312540801066539,-8.76517603711989,,elo,"{'home_advantage': 1.485408454998191, 'scale': 0.061300168894790334, 'error_term': 13.505794564299775, 'win_prob_k': 7.29675215525714}",0.0,-8
2025-01-31,Detroit Pistons,Dallas Mavericks,117,102,False,False,2025-01-31|Dallas Mavericks|Detroit Pistons,,,,2025-01-31|Dallas Mavericks|Detroit Pistons,0.5376241863210123,1.1002171884439038,,elo,"{'home_advantage': 1.485408454998191, 'scale': 0.061300168894790334, 'error_term': 13.505794564299775, 'win_prob_k': 7.29675215525714}",1.0,15
2025-01-31,Philadelphia 76ers,Denver Nuggets,134,137,False,False,2025-01-31|Denver Nuggets|Philadelphia 76ers,,,,2025-01-31|Denver Nuggets|Philadelphia 76ers,0.39363645169496453,-3.152575989929251,,elo,"{'home_advantage': 1.485408454998191, 'scale': 0.061300168894790334, 'error_term': 13.505794564299775, 'win_prob_k': 7.29675215525714}",0.0,-3
2025-01-31,Toronto Raptors,Chicago Bulls,106,122,False,False,2025-01-31|Chicago Bulls|Toronto Raptors,,,,2025-01-31|Chicago Bulls|Toronto Raptors,0.5438154488137338,1.2821305312806421,,elo,"{'home_advantage': 1.485408454998191, 'scale': 0.061300168894790334, 'error_term': 13.505794564299775, 'win_prob_k': 7.29675215525714}",0.0,-16
2025-01-31,New Orleans Pelicans,Boston Celtics,116,118,False,False,2025-01-31|Boston Celtics|New Orleans Pelicans,,,,2025-01-31|Boston Celtics|New Orleans Pelicans,0.17844066637055156,-11.141761227855302,,elo,"{'home_advantage': 1.485408454998191, 'scale': 0.061300168894790334, 'error_term': 13.505794564299775, 'win_prob_k': 7.29675215525714}",0.0,-2
2025-01-31,San Antonio Spurs,Milwaukee Bucks,144,118,False,False,2025-01-31|Milwaukee Bucks|San Antonio Spurs,,,,2025-01-31|Milwaukee Bucks|San Antonio Spurs,0.3774226773317623,-3.6520398812150114,,elo,"{'home_advantage': 1.485408454998191, 'scale': 0.061300168894790334, 'error_term': 13.505794564299775, 'win_prob_k': 7.29675215525714}",1.0,26
2025-01-31,Golden State Warriors,Phoenix Suns,105,130,False,False,2025-01-31|Phoenix Suns|Golden State Warriors,,,,2025-01-31|Phoenix Suns|Golden State Warriors,0.5543925113859264,1.5938620148122664,,elo,"{'home_advantage': 1.485408454998191, 'scale': 0.061300168894790334, 'error_term': 13.505794564299775, 'win_prob_k': 7.29675215525714}",0.0,-25
2025-02-01,Indiana Pacers,Atlanta Hawks,132,127,False,False,2025-02-01|Atlanta Hawks|Indiana Pacers,,,,2025-02-01|Atlanta Hawks|Indiana Pacers,0.7356764203740712,7.374794614852419,,elo,"{'home_advantage': 1.5069974465217428, 'scale': 0.06020257376484556, 'error_term': 13.558894718933391, 'win_prob_k': 7.204647196822094}",1.0,5
2025-02-01,Utah Jazz,Orlando Magic,113,99,False,False,2025-02-01|Orlando Magic|Utah Jazz,,,,2025-02-01|Orlando Magic|Utah Jazz,0.31867017530062147,-5.474738481612812,,elo,"{'home_advantage': 1.5069974465217428, 'scale': 0.06020257376484556, 'error_term': 13.558894718933391, 'win_prob_k': 7.204647196822094}",1.0,14
2025-02-01,Charlotte Hornets,Denver Nuggets,104,107,False,False,2025-02-01|Denver Nuggets|Charlotte Hornets,,,,2025-02-01|Denver Nuggets|Charlotte Hornets,0.19792244403818324,-10.08167931640408,,elo,"{'home_advantage': 1.5069974465217428, 'scale': 0.06020257376484556, 'error_term': 13.558894718933391, 'win_prob_k': 7.204647196822094}",0.0,-3
2025-02-01,Houston Rockets,Brooklyn Nets,98,110,False,False,2025-02-01|Brooklyn Nets|Houston Rockets,,,,2025-02-01|Brooklyn Nets|Houston Rockets,0.8916956638924627,15.188690960624752,,elo,"{'home_advantage': 1.5069974465217428, 'scale': 0.06020257376484556, 'error_term': 13.558894718933391, 'win_prob_k': 7.204647196822094}",0.0,-12
2025-02-01,Minnesota Timberwolves,Washington Wizards,103,105,False,False,2025-02-01|Washington Wizards|Minnesota Timberwolves,,,,2025-02-01|Washington Wizards|Minnesota Timberwolves,0.9178846426196945,17.39163407411546,,elo,"{'home_advantage': 1.5069974465217428, 'scale': 0.06020257376484556, 'error_term': 13.558894718933391, 'win_prob_k': 7.204647196822094}",0.0,-2
2025-02-01,Oklahoma City Thunder,Sacramento Kings,144,110,False,False,2025-02-01|Sacramento Kings|Oklahoma City Thunder,,,,2025-02-01|Sacramento Kings|Oklahoma City Thunder,0.7884243743469475,9.477381889684679,,elo,"{'home_advantage': 1.5069974465217428, 'scale': 0.06020257376484556, 'error_term': 13.558894718933391, 'win_prob_k': 7.204647196822094}",1.0,34
2025-02-01,New York Knicks,Los Angeles Lakers,112,128,False,False,2025-02-01|Los Angeles Lakers|New York Knicks,,,,2025-02-01|Los Angeles Lakers|New York Knicks,0.6628761052323493,4.871332862618722,,elo,"{'home_advantage': 1.5069974465217428, 'scale': 0.06020257376484556, 'error_term': 13.558894718933391, 'win_prob_k': 7.204647196822094}",0.0,-16
2025-02-01,San Antonio Spurs,Miami Heat,103,105,False,False,2025-02-01|Miami Heat|San Antonio Spurs,,,,2025-02-01|Miami Heat|San Antonio Spurs,0.5295559152615351,0.8527539286799369,,elo,"{'home_advantage': 1.5069974465217428, 'scale': 0.06020257376484556, 'error_term': 13.558894718933391, 'win_prob_k': 7.204647196822094}",0.0,-2
2025-02-01,Portland Trail Blazers,Phoenix Suns,127,108,False,False,2025-02-01|Phoenix Suns|Portland Trail Blazers,,,,2025-02-01|Phoenix Suns|Portland Trail Blazers,0.4655941706018572,-0.9930968860351803,,elo,"{'home_advantage': 1.5069974465217428, 'scale': 0.06020257376484556, 'error_term': 13.558894718933391, 'win_prob_k': 7.204647196822094}",1.0,19
2025-02-02,Detroit Pistons,Chicago Bulls,127,119,False,False,2025-02-02|Chicago Bulls|Detroit Pistons,,,,2025-02-02|Chicago Bulls|Detroit Pistons,0.6732413867975227,5.289835505895297,,elo,"{'home_advantage': 1.523178558202538, 'scale': 0.06054925168831013, 'error_term': 13.651400127347413, 'win_prob_k': 7.317700335365656}",1.0,8
2025-02-02,Cleveland Cavaliers,Dallas Mavericks,144,101,False,False,2025-02-02|Dallas Mavericks|Cleveland Cavaliers,,,,2025-02-02|Dallas Mavericks|Cleveland Cavaliers,0.8100550031721616,10.613355550795452,,elo,"{'home_advantage': 1.523178558202538, 'scale': 0.06054925168831013, 'error_term': 13.651400127347413, 'win_prob_k': 7.317700335365656}",1.0,43
2025-02-02,Toronto Raptors,Los Angeles Clippers,115,108,False,False,2025-02-02|Los Angeles Clippers|Toronto Raptors,,,,2025-02-02|Los Angeles Clippers|Toronto Raptors,0.31606888175536074,-5.648511215008786,,elo,"{'home_advantage': 1.523178558202538, 'scale': 0.06054925168831013, 'error_term': 13.651400127347413, 'win_prob_k': 7.317700335365656}",1.0,7
2025-02-02,Philadelphia 76ers,Boston Celtics,110,118,False,False,2025-02-02|Boston Celtics|Philadelphia 76ers,,,,2025-02-02|Boston Celtics|Philadelphia 76ers,0.32339788624079513,-5.401926163366588,,elo,"{'home_advantage': 1.523178558202538, 'scale': 0.06054925168831013, 'error_term': 13.651400127347413, 'win_prob_k': 7.317700335365656}",0.0,-8
2025-02-02,Milwaukee Bucks,Memphis Grizzlies,119,132,False,False,2025-02-02|Memphis Grizzlies|Milwaukee Bucks,,,,2025-02-02|Memphis Grizzlies|Milwaukee Bucks,0.43935328339784396,-1.7839611867783758,,elo,"{'home_advantage': 1.523178558202538, 'scale': 0.06054925168831013, 'error_term': 13.651400127347413, 'win_prob_k': 7.317700335365656}",0.0,-13
2025-02-03,Charlotte Hornets,Washington Wizards,114,124,False,False,2025-02-03|Washington Wizards|Charlotte Hornets,,,,2025-02-03|Washington Wizards|Charlotte Hornets,0.6580586131375799,4.8137542936037185,,elo,"{'home_advantage': 1.566990661576391, 'scale': 0.060584472929829894, 'error_term': 13.671015768371266, 'win_prob_k': 7.3531199616476535}",0.0,-10
2025-02-03,Detroit Pistons,Atlanta Hawks,130,132,False,False,2025-02-03|Atlanta Hawks|Detroit Pistons,,,,2025-02-03|Atlanta Hawks|Detroit Pistons,0.676031166005008,5.4088951801690275,,elo,"{'home_advantage': 1.566990661576391, 'scale': 0.060584472929829894, 'error_term': 13.671015768371266, 'win_prob_k': 7.3531199616476535}",0.0,-2
2025-02-03,New York Knicks,Houston Rockets,124,118,False,False,2025-02-03|Houston Rockets|New York Knicks,,,,2025-02-03|Houston Rockets|New York Knicks,0.5359536457082302,1.059314188105386,,elo,"{'home_advantage': 1.566990661576391, 'scale': 0.060584472929829894, 'error_term': 13.671015768371266, 'win_prob_k': 7.3531199616476535}",1.0,6
2025-02-03,Memphis Grizzlies,San Antonio Spurs,128,109,False,False,2025-02-03|San Antonio Spurs|Memphis Grizzlies,,,,2025-02-03|San Antonio Spurs|Memphis Grizzlies,0.7857048017232003,9.55336945803847,,elo,"{'home_advantage': 1.566990661576391, 'scale': 0.060584472929829894, 'error_term': 13.671015768371266, 'win_prob_k': 7.3531199616476535}",1.0,19
2025-02-03,Minnesota Timberwolves,Sacramento Kings,114,116,False,False,2025-02-03|Sacramento Kings|Minnesota Timberwolves,,,,2025-02-03|Sacramento Kings|Minnesota Timberwolves,0.6148937805234772,3.440747977492494,,elo,"{'home_advantage': 1.566990661576391, 'scale': 0.060584472929829894, 'error_term': 13.671015768371266, 'win_prob_k': 7.3531199616476535}",0.0,-2
2025-02-03,Oklahoma City Thunder,Milwaukee Bucks,125,96,False,False,2025-02-03|Milwaukee Bucks|Oklahoma City Thunder,,,,2025-02-03|Milwaukee Bucks|Oklahoma City Thunder,0.776831537460171,9.171521466493582,,elo,"{'home_advantage': 1.566990661576391, 'scale': 0.060584472929829894, 'error_term': 13.671015768371266, 'win_prob_k': 7.3531199616476535}",1.0,29
2025-02-03,Denver Nuggets,New Orleans Pelicans,125,113,False,False,2025-02-03|New Orleans Pelicans|Denver Nuggets,,,,2025-02-03|New Orleans Pelicans|Denver Nuggets,0.8628118892433958,13.521237868376469,,elo,"{'home_advantage': 1.566990661576391, 'scale': 0.060584472929829894, 'error_term': 13.671015768371266, 'win_prob_k': 7.3531199616476535}",1.0,12
2025-02-03,Utah Jazz,Indiana Pacers,111,112,False,False,2025-02-03|Indiana Pacers|Utah Jazz,,,,2025-02-03|Indiana Pacers|Utah Jazz,0.17685434395966537,-11.307677058583348,,elo,"{'home_advantage': 1.566990661576391, 'scale': 0.060584472929829894, 'error_term': 13.671015768371266, 'win_prob_k': 7.3531199616476535}",0.0,-1
2025-02-03,Golden State Warriors,Orlando Magic,104,99,False,False,2025-02-03|Orlando Magic|Golden State Warriors,,,,2025-02-03|Orlando Magic|Golden State Warriors,0.6377444019457319,4.158833063645298,,elo,"{'home_advantage': 1.566990661576391, 'scale': 0.060584472929829894, 'error_term': 13.671015768371266, 'win_prob_k': 7.3531199616476535}",1.0,5
2025-02-03,Portland Trail Blazers,Phoenix Suns,121,119,False,False,2025-02-03|Phoenix Suns|Portland Trail Blazers,,,,2025-02-03|Phoenix Suns|Portland Trail Blazers,0.5138297293366944,0.40687041472326,,elo,"{'home_advantage': 1.566990661576391, 'scale': 0.060584472929829894, 'error_term': 13.671015768371266, 'win_prob_k': 7.3531199616476535}",1.0,2
2025-02-04,Philadelphia 76ers,Dallas Mavericks,118,116,False,False,2025-02-04|Dallas Mavericks|Philadelphia 76ers,,,,2025-02-04|Dallas Mavericks|Philadelphia 76ers,0.49171632760654627,-0.24275238818911649,,elo,"{'home_advantage': 1.5864382232773133, 'scale': 0.059281552731384204, 'error_term': 13.660490229108426, 'win_prob_k': 7.325560604607755}",1.0,2
2025-02-04,Brooklyn Nets,Houston Rockets,99,97,False,False,2025-02-04|Houston Rockets|Brooklyn Nets,,,,2025-02-04|Houston Rockets|Brooklyn Nets,0.21672825848694968,-9.412139470669445,,elo,"{'home_advantage': 1.5864382232773133, 'scale': 0.059281552731384204, 'error_term': 13.660490229108426, 'win_prob_k': 7.325560604607755}",1.0,2
2025-02-04,Cleveland Cavaliers,Boston Celtics,105,112,False,False,2025-02-04|Boston Celtics|Cleveland Cavaliers,,,,2025-02-04|Boston Celtics|Cleveland Cavaliers,0.6772523295290481,5.429508526271503,,elo,"{'home_advantage': 1.5864382232773133, 'scale': 0.059281552731384204, 'error_term': 13.660490229108426, 'win_prob_k': 7.325560604607755}",0.0,-7
2025-02-04,Toronto Raptors,New York Knicks,115,121,False,False,2025-02-04|New York Knicks|Toronto Raptors,,,,2025-02-04|New York Knicks|Toronto Raptors,0.26638941931145876,-7.420932980826181,,elo,"{'home_advantage': 1.5864382232773133, 'scale': 0.059281552731384204, 'error_term': 13.660490229108426, 'win_prob_k': 7.325560604607755}",0.0,-6
2025-02-04,Chicago Bulls,Miami Heat,133,124,False,False,2025-02-04|Miami Heat|Chicago Bulls,,,,2025-02-04|Miami Heat|Chicago Bulls,0.4404241730253651,-1.7540377454779725,,elo,"{'home_advantage': 1.5864382232773133, 'scale': 0.059281552731384204, 'error_term': 13.660490229108426, 'win_prob_k': 7.325560604607755}",1.0,9
2025-02-04,Los Angeles Clippers,Los Angeles Lakers,97,122,False,False,2025-02-04|Los Angeles Lakers|Los Angeles Clippers,,,,2025-02-04|Los Angeles Lakers|Los Angeles Clippers,0.5194771879544915,0.571014227296555,,elo,"{'home_advantage': 1.5864382232773133, 'scale': 0.059281552731384204, 'error_term': 13.660490229108426, 'win_prob_k': 7.325560604607755}",0.0,-25
2025-02-04,Portland Trail Blazers,Indiana Pacers,112,89,False,False,2025-02-04|Indiana Pacers|Portland Trail Blazers,,,,2025-02-04|Indiana Pacers|Portland Trail Blazers,0.38202024949665225,-3.5234633356729903,,elo,"{'home_advantage': 1.5864382232773133, 'scale': 0.059281552731384204, 'error_term': 13.660490229108426, 'win_prob_k': 7.325560604607755}",1.0,23
2025-02-05,Atlanta Hawks,San Antonio Spurs,125,126,False,False,2025-02-05|San Antonio Spurs|Atlanta Hawks,,,,2025-02-05|San Antonio Spurs|Atlanta Hawks,0.5688963665320225,2.0379819391791303,,elo,"{'home_advantage': 1.6037317666747049, 'scale': 0.05926870897018609, 'error_term': 13.71196070517148, 'win_prob_k': 7.348056945339675}",0.0,-1
2025-02-05,Charlotte Hornets,Milwaukee Bucks,102,112,False,False,2025-02-05|Milwaukee Bucks|Charlotte Hornets,,,,2025-02-05|Milwaukee Bucks|Charlotte Hornets,0.23831551504787848,-8.53797864772353,,elo,"{'home_advantage': 1.6037317666747049, 'scale': 0.05926870897018609, 'error_term': 13.71196070517148, 'win_prob_k': 7.348056945339675}",0.0,-10
2025-02-05,Detroit Pistons,Cleveland Cavaliers,115,118,False,False,2025-02-05|Cleveland Cavaliers|Detroit Pistons,,,,2025-02-05|Cleveland Cavaliers|Detroit Pistons,0.2972857447305726,-6.321214224779998,,elo,"{'home_advantage': 1.6037317666747049, 'scale': 0.05926870897018609, 'error_term': 13.71196070517148, 'win_prob_k': 7.348056945339675}",0.0,-3
2025-02-05,Brooklyn Nets,Washington Wizards,102,119,False,False,2025-02-05|Washington Wizards|Brooklyn Nets,,,,2025-02-05|Washington Wizards|Brooklyn Nets,0.7188538758519636,6.898235026330641,,elo,"{'home_advantage': 1.6037317666747049, 'scale': 0.05926870897018609, 'error_term': 13.71196070517148, 'win_prob_k': 7.348056945339675}",0.0,-17
2025-02-05,Philadelphia 76ers,Miami Heat,101,108,False,False,2025-02-05|Miami Heat|Philadelphia 76ers,,,,2025-02-05|Miami Heat|Philadelphia 76ers,0.5257402417093375,0.7572324701968095,,elo,"{'home_advantage': 1.6037317666747049, 'scale': 0.05926870897018609, 'error_term': 13.71196070517148, 'win_prob_k': 7.348056945339675}",0.0,-7
2025-02-05,Toronto Raptors,Memphis Grizzlies,107,138,False,False,2025-02-05|Memphis Grizzlies|Toronto Raptors,,,,2025-02-05|Memphis Grizzlies|Toronto Raptors,0.2373021119419681,-8.579061765239334,,elo,"{'home_advantage': 1.6037317666747049, 'scale': 0.05926870897018609, 'error_term': 13.71196070517148, 'win_prob_k': 7.348056945339675}",0.0,-31
2025-02-05,Minnesota Timberwolves,Chicago Bulls,127,108,False,False,2025-02-05|Chicago Bulls|Minnesota Timberwolves,,,,2025-02-05|Chicago Bulls|Minnesota Timberwolves,0.6953596434019621,6.064331278633633,,elo,"{'home_advantage': 1.6037317666747049, 'scale': 0.05926870897018609, 'error_term': 13.71196070517148, 'win_prob_k': 7.348056945339675}",1.0,19
2025-02-05,Denver Nuggets,New Orleans Pelicans,144,119,False,False,2025-02-05|New Orleans Pelicans|Denver Nuggets,,,,2025-02-05|New Orleans Pelicans|Denver Nuggets,0.8685509568492954,13.874652444850177,,elo,"{'home_advantage': 1.6037317666747049, 'scale': 0.05926870897018609, 'error_term': 13.71196070517148, 'win_prob_k': 7.348056945339675}",1.0,25
2025-02-05,Utah Jazz,Golden State Warriors,131,128,False,False,2025-02-05|Golden State Warriors|Utah Jazz,,,,2025-02-05|Golden State Warriors|Utah Jazz,0.27759463940963025,-7.027861724030568,,elo,"{'home_advantage': 1.6037317666747049, 'scale': 0.05926870897018609, 'error_term': 13.71196070517148, 'win_prob_k': 7.348056945339675}",1.0,3
2025-02-05,Oklahoma City Thunder,Phoenix Suns,140,109,False,False,2025-02-05|Phoenix Suns|Oklahoma City Thunder,,,,2025-02-05|Phoenix Suns|Oklahoma City Thunder,0.8359600457263591,11.966096157355704,,elo,"{'home_advantage': 1.6037317666747049, 'scale': 0.05926870897018609, 'error_term': 13.71196070517148, 'win_prob_k': 7.348056945339675}",1.0,31
2025-02-05,Sacramento Kings,Orlando Magic,111,130,False,False,2025-02-05|Orlando Magic|Sacramento Kings,,,,2025-02-05|Orlando Magic|Sacramento Kings,0.7071117821667734,6.47656074099057,,elo,"{'home_advantage': 1.6037317666747049, 'scale': 0.05926870897018609, 'error_term': 13.71196070517148, 'win_prob_k': 7.348056945339675}",0.0,-19
2025-02-06,Boston Celtics,Dallas Mavericks,120,127,False,False,2025-02-06|Dallas Mavericks|Boston Celtics,,,,2025-02-06|Dallas Mavericks|Boston Celtics,0.7626945982898075,8.699504468600944,,elo,"{'home_advantage': 1.5776127381703684, 'scale': 0.05940357747342882, 'error_term': 13.71075201147089, 'win_prob_k': 7.451333396677095}",0.0,-7
2025-02-06,Minnesota Timberwolves,Houston Rockets,127,114,False,False,2025-02-06|Houston Rockets|Minnesota Timberwolves,,,,2025-02-06|Houston Rockets|Minnesota Timberwolves,0.4959177422915077,-0.12167575644398831,,elo,"{'home_advantage': 1.5776127381703684, 'scale': 0.05940357747342882, 'error_term': 13.71075201147089, 'win_prob_k': 7.451333396677095}",1.0,13
2025-02-06,Denver Nuggets,Orlando Magic,112,90,False,False,2025-02-06|Orlando Magic|Denver Nuggets,,,,2025-02-06|Orlando Magic|Denver Nuggets,0.769182348875324,8.96917042947659,,elo,"{'home_advantage': 1.5776127381703684, 'scale': 0.05940357747342882, 'error_term': 13.71075201147089, 'win_prob_k': 7.451333396677095}",1.0,22
2025-02-06,Los Angeles Lakers,Golden State Warriors,120,112,False,False,2025-02-06|Golden State Warriors|Los Angeles Lakers,,,,2025-02-06|Golden State Warriors|Los Angeles Lakers,0.6920870073708901,6.034793408881159,,elo,"{'home_advantage': 1.5776127381703684, 'scale': 0.05940357747342882, 'error_term': 13.71075201147089, 'win_prob_k': 7.451333396677095}",1.0,8
2025-02-06,Portland Trail Blazers,Sacramento Kings,108,102,False,False,2025-02-06|Sacramento Kings|Portland Trail Blazers,,,,2025-02-06|Sacramento Kings|Portland Trail Blazers,0.5381848983932306,1.14033403397722,,elo,"{'home_advantage': 1.5776127381703684, 'scale': 0.05940357747342882, 'error_term': 13.71075201147089, 'win_prob_k': 7.451333396677095}",1.0,6
2025-02-06,Los Angeles Clippers,Indiana Pacers,112,119,False,False,2025-02-06|Indiana Pacers|Los Angeles Clippers,,,,2025-02-06|Indiana Pacers|Los Angeles Clippers,0.4759981440680658,-0.7159335831177278,,elo,"{'home_advantage': 1.5776127381703684, 'scale': 0.05940357747342882, 'error_term': 13.71075201147089, 'win_prob_k': 7.451333396677095}",0.0,-7
2025-02-07,Charlotte Hornets,San Antonio Spurs,117,116,False,False,2025-02-07|San Antonio Spurs|Charlotte Hornets,,,,2025-02-07|San Antonio Spurs|Charlotte Hornets,0.3141720043843535,-5.823185340527353,,elo,"{'home_advantage': 1.5995423963162716, 'scale': 0.058631408420563094, 'error_term': 13.729790429075077, 'win_prob_k': 7.45905978469222}",1.0,1
2025-02-07,Washington Wizards,Cleveland Cavaliers,124,134,False,False,2025-02-07|Cleveland Cavaliers|Washington Wizards,,,,2025-02-07|Cleveland Cavaliers|Washington Wizards,0.09359229344966064,-16.936102307480095,,elo,"{'home_advantage': 1.5995423963162716, 'scale': 0.058631408420563094, 'error_term': 13.729790429075077, 'win_prob_k': 7.45905978469222}",0.0,-10
2025-02-07,Atlanta Hawks,Milwaukee Bucks,115,110,False,False,2025-02-07|Milwaukee Bucks|Atlanta Hawks,,,,2025-02-07|Milwaukee Bucks|Atlanta Hawks,0.41973068721835133,-2.4158331481399333,,elo,"{'home_advantage': 1.5995423963162716, 'scale': 0.058631408420563094, 'error_term': 13.729790429075077, 'win_prob_k': 7.45905978469222}",1.0,5
2025-02-07,Brooklyn Nets,Miami Heat,102,86,False,False,2025-02-07|Miami Heat|Brooklyn Nets,,,,2025-02-07|Miami Heat|Brooklyn Nets,0.362196154069434,-4.220670620286326,,elo,"{'home_advantage': 1.5995423963162716, 'scale': 0.058631408420563094, 'error_term': 13.729790429075077, 'win_prob_k': 7.45905978469222}",1.0,16
2025-02-07,Detroit Pistons,Philadelphia 76ers,125,112,False,False,2025-02-07|Philadelphia 76ers|Detroit Pistons,,,,2025-02-07|Philadelphia 76ers|Detroit Pistons,0.6285914688903441,3.92480012521533,,elo,"{'home_advantage': 1.5995423963162716, 'scale': 0.058631408420563094, 'error_term': 13.729790429075077, 'win_prob_k': 7.45905978469222}",1.0,13
2025-02-07,Oklahoma City Thunder,Toronto Raptors,121,109,False,False,2025-02-07|Toronto Raptors|Oklahoma City Thunder,,,,2025-02-07|Toronto Raptors|Oklahoma City Thunder,0.8884972424804151,15.481145978282335,,elo,"{'home_advantage': 1.5995423963162716, 'scale': 0.058631408420563094, 'error_term': 13.729790429075077, 'win_prob_k': 7.45905978469222}",1.0,12
2025-02-07,Phoenix Suns,Utah Jazz,135,127,False,False,2025-02-07|Utah Jazz|Phoenix Suns,,,,2025-02-07|Utah Jazz|Phoenix Suns,0.7524283481643815,8.291533606222083,,elo,"{'home_advantage': 1.5995423963162716, 'scale': 0.058631408420563094, 'error_term': 13.729790429075077, 'win_prob_k': 7.45905978469222}",1.0,8
2025-02-08,Dallas Mavericks,Houston Rockets,116,105,False,False,2025-02-08|Houston Rockets|Dallas Mavericks,,,,2025-02-08|Houston Rockets|Dallas Mavericks,0.4387437700459881,-1.8211510036378324,,elo,"{'home_advantage': 1.6532633886416022, 'scale': 0.058240536378998294, 'error_term': 13.691825233300033, 'win_prob_k': 7.395177784141234}",1.0,11
2025-02-08,Los Angeles Lakers,Indiana Pacers,124,117,False,False,2025-02-08|Indiana Pacers|Los Angeles Lakers,,,,2025-02-08|Indiana Pacers|Los Angeles Lakers,0.5488701789941316,1.4502446201837662,,elo,"{'home_advantage': 1.6532633886416022, 'scale': 0.058240536378998294, 'error_term': 13.691825233300033, 'win_prob_k': 7.395177784141234}",1.0,7
2025-02-08,Orlando Magic,San Antonio Spurs,112,111,False,False,2025-02-08|San Antonio Spurs|Orlando Magic,,,,2025-02-08|San Antonio Spurs|Orlando Magic,0.5259586152451418,0.7685653261329495,,elo,"{'home_advantage': 1.6532633886416022, 'scale': 0.058240536378998294, 'error_term': 13.691825233300033, 'win_prob_k': 7.395177784141234}",1.0,1
2025-02-08,Washington Wizards,Atlanta Hawks,111,125,False,False,2025-02-08|Atlanta Hawks|Washington Wizards,,,,2025-02-08|Atlanta Hawks|Washington Wizards,0.29205295059579495,-6.547943165677014,,elo,"{'home_advantage': 1.6532633886416022, 'scale': 0.058240536378998294, 'error_term': 13.691825233300033, 'win_prob_k': 7.395177784141234}",0.0,-14
2025-02-08,Chicago Bulls,Golden State Warriors,111,132,False,False,2025-02-08|Golden State Warriors|Chicago Bulls,,,,2025-02-08|Golden State Warriors|Chicago Bulls,0.4963235119686054,-0.10875509047553544,,elo,"{'home_advantage': 1.6532633886416022, 'scale': 0.058240536378998294, 'error_term': 13.691825233300033, 'win_prob_k': 7.395177784141234}",0.0,-21
2025-02-08,Memphis Grizzlies,Oklahoma City Thunder,112,125,False,False,2025-02-08|Oklahoma City Thunder|Memphis Grizzlies,,,,2025-02-08|Oklahoma City Thunder|Memphis Grizzlies,0.4416004287505477,-1.7354213253419728,,elo,"{'home_advantage': 1.6532633886416022, 'scale': 0.058240536378998294, 'error_term': 13.691825233300033, 'win_prob_k': 7.395177784141234}",0.0,-13
2025-02-08,Minnesota Timberwolves,Portland Trail Blazers,114,98,False,False,2025-02-08|Portland Trail Blazers|Minnesota Timberwolves,,,,2025-02-08|Portland Trail Blazers|Minnesota Timberwolves,0.6265443384057343,3.8264147858894546,,elo,"{'home_advantage': 1.6532633886416022, 'scale': 0.058240536378998294, 'error_term': 13.691825233300033, 'win_prob_k': 7.395177784141234}",1.0,16
2025-02-08,New York Knicks,Boston Celtics,104,131,False,False,2025-02-08|Boston Celtics|New York Knicks,,,,2025-02-08|Boston Celtics|New York Knicks,0.5752015962155966,2.2415217895137483,,elo,"{'home_advantage': 1.6532633886416022, 'scale': 0.058240536378998294, 'error_term': 13.691825233300033, 'win_prob_k': 7.395177784141234}",0.0,-27
2025-02-08,Phoenix Suns,Denver Nuggets,105,122,False,False,2025-02-08|Denver Nuggets|Phoenix Suns,,,,2025-02-08|Denver Nuggets|Phoenix Suns,0.3741794586087315,-3.803548010465798,,elo,"{'home_advantage': 1.6532633886416022, 'scale': 0.058240536378998294, 'error_term': 13.691825233300033, 'win_prob_k': 7.395177784141234}",0.0,-17
2025-02-08,Sacramento Kings,New Orleans Pelicans,123,118,False,False,2025-02-08|New Orleans Pelicans|Sacramento Kings,,,,2025-02-08|New Orleans Pelicans|Sacramento Kings,0.7892632809037926,9.765261100038341,,elo,"{'home_advantage': 1.6532633886416022, 'scale': 0.058240536378998294, 'error_term': 13.691825233300033, 'win_prob_k': 7.395177784141234}",1.0,5
2025-02-08,Los Angeles Clippers,Utah Jazz,130,110,False,False,2025-02-08|Utah Jazz|Los Angeles Clippers,,,,2025-02-08|Utah Jazz|Los Angeles Clippers,0.8085454251028602,10.653391714477818,,elo,"{'home_advantage': 1.6532633886416022, 'scale': 0.058240536378998294, 'error_term': 13.691825233300033, 'win_prob_k': 7.395177784141234}",1.0,20
2025-02-09,Detroit Pistons,Charlotte Hornets,112,102,False,False,2025-02-09|Charlotte Hornets|Detroit Pistons,,,,2025-02-09|Charlotte Hornets|Detroit Pistons,0.8062961234442712,10.46630295416067,,elo,"{'home_advantage': 1.5934596430000325, 'scale': 0.058159186248521705, 'error_term': 13.650606274146089, 'win_prob_k': 7.339003278001604}",1.0,10
2025-02-09,Houston Rockets,Toronto Raptors,94,87,False,False,2025-02-09|Toronto Raptors|Houston Rockets,,,,2025-02-09|Toronto Raptors|Houston Rockets,0.7596535041300719,8.445584054271041,,elo,"{'home_advantage': 1.5934596430000325, 'scale': 0.058159186248521705, 'error_term': 13.650606274146089, 'win_prob_k': 7.339003278001604}",1.0,7
2025-02-09,Milwaukee Bucks,Philadelphia 76ers,135,127,False,False,2025-02-09|Philadelphia 76ers|Milwaukee Bucks,,,,2025-02-09|Philadelphia 76ers|Milwaukee Bucks,0.6689679242988582,5.163141729719343,,elo,"{'home_advantage': 1.5934596430000325, 'scale': 0.058159186248521705, 'error_term': 13.650606274146089, 'win_prob_k': 7.339003278001604}",1.0,8
2025-02-10,Cleveland Cavaliers,Minnesota Timberwolves,128,107,False,False,2025-02-10|Minnesota Timberwolves|Cleveland Cavaliers,,,,2025-02-10|Minnesota Timberwolves|Cleveland Cavaliers,0.7255296056044599,7.07976295848935,,elo,"{'home_advantage': 1.6019767213695157, 'scale': 0.05753694970848565, 'error_term': 13.625751461091252, 'win_prob_k': 7.283268579596799}",1.0,21
2025-02-10,Orlando Magic,Atlanta Hawks,106,112,False,False,2025-02-10|Atlanta Hawks|Orlando Magic,,,,2025-02-10|Atlanta Hawks|Orlando Magic,0.5090681395883643,0.2642117556826802,,elo,"{'home_advantage': 1.6019767213695157, 'scale': 0.05753694970848565, 'error_term': 13.625751461091252, 'win_prob_k': 7.283268579596799}",0.0,-6
2025-02-10,Washington Wizards,San Antonio Spurs,121,131,False,False,2025-02-10|San Antonio Spurs|Washington Wizards,,,,2025-02-10|San Antonio Spurs|Washington Wizards,0.31839582117331067,-5.543687388087778,,elo,"{'home_advantage': 1.6019767213695157, 'scale': 0.05753694970848565, 'error_term': 13.625751461091252, 'win_prob_k': 7.283268579596799}",0.0,-10
2025-02-10,Brooklyn Nets,Charlotte Hornets,97,89,False,False,2025-02-10|Charlotte Hornets|Brooklyn Nets,,,,2025-02-10|Charlotte Hornets|Brooklyn Nets,0.6613542503357972,4.874946956718183,,elo,"{'home_advantage': 1.6019767213695157, 'scale': 0.05753694970848565, 'error_term': 13.625751461091252, 'win_prob_k': 7.283268579596799}",1.0,8
2025-02-10,Miami Heat,Boston Celtics,85,103,False,False,2025-02-10|Boston Celtics|Miami Heat,,,,2025-02-10|Boston Celtics|Miami Heat,0.3346138068648689,-5.006450083245643,,elo,"{'home_advantage': 1.6019767213695157, 'scale': 0.05753694970848565, 'error_term': 13.625751461091252, 'win_prob_k': 7.283268579596799}",0.0,-18
2025-02-10,Milwaukee Bucks,Golden State Warriors,111,125,False,False,2025-02-10|Golden State Warriors|Milwaukee Bucks,,,,2025-02-10|Golden State Warriors|Milwaukee Bucks,0.6281233200879704,3.8177016490245976,,elo,"{'home_advantage': 1.6019767213695157, 'scale': 0.05753694970848565, 'error_term': 13.625751461091252, 'win_prob_k': 7.283268579596799}",0.0,-14
2025-02-10,Oklahoma City Thunder,New Orleans Pelicans,137,101,False,False,2025-02-10|New Orleans Pelicans|Oklahoma City Thunder,,,,2025-02-10|New Orleans Pelicans|Oklahoma City Thunder,0.9426578315567258,20.39072734127592,,elo,"{'home_advantage': 1.6019767213695157, 'scale': 0.05753694970848565, 'error_term': 13.625751461091252, 'win_prob_k': 7.283268579596799}",1.0,36
2025-02-10,Dallas Mavericks,Sacramento Kings,128,129,False,False,2025-02-10|Sacramento Kings|Dallas Mavericks,,,,2025-02-10|Sacramento Kings|Dallas Mavericks,0.5609832182003206,1.7855177008167744,,elo,"{'home_advantage': 1.6019767213695157, 'scale': 0.05753694970848565, 'error_term': 13.625751461091252, 'win_prob_k': 7.283268579596799}",0.0,-1
2025-02-10,Denver Nuggets,Portland Trail Blazers,146,117,False,False,2025-02-10|Portland Trail Blazers|Denver Nuggets,,,,2025-02-10|Portland Trail Blazers|Denver Nuggets,0.7122258916517369,6.6002385414426845,,elo,"{'home_advantage': 1.6019767213695157, 'scale': 0.05753694970848565, 'error_term': 13.625751461091252, 'win_prob_k': 7.283268579596799}",1.0,29
2025-02-10,Los Angeles Lakers,Utah Jazz,132,113,False,False,2025-02-10|Utah Jazz|Los Angeles Lakers,,,,2025-02-10|Utah Jazz|Los Angeles Lakers,0.8791638639569279,14.453908118485918,,elo,"{'home_advantage': 1.6019767213695157, 'scale': 0.05753694970848565, 'error_term': 13.625751461091252, 'win_prob_k': 7.283268579596799}",1.0,19
2025-02-11,Philadelphia 76ers,Toronto Raptors,103,106,False,False,2025-02-11|Toronto Raptors|Philadelphia 76ers,,,,2025-02-11|Toronto Raptors|Philadelphia 76ers,0.6078217962312725,3.188607489609282,,elo,"{'home_advantage': 1.6225075005531515, 'scale': 0.05697920780416735, 'error_term': 13.612574740370416, 'win_prob_k': 7.277177681144082}",0.0,-3
2025-02-11,Indiana Pacers,New York Knicks,115,128,False,False,2025-02-11|New York Knicks|Indiana Pacers,,,,2025-02-11|New York Knicks|Indiana Pacers,0.5013924173724382,0.040531579280644436,,elo,"{'home_advantage': 1.6225075005531515, 'scale': 0.05697920780416735, 'error_term': 13.612574740370416, 'win_prob_k': 7.277177681144082}",0.0,-13
2025-02-11,Chicago Bulls,Detroit Pistons,92,132,False,False,2025-02-11|Detroit Pistons|Chicago Bulls,,,,2025-02-11|Detroit Pistons|Chicago Bulls,0.39925972927686715,-2.973094751859626,,elo,"{'home_advantage': 1.6225075005531515, 'scale': 0.05697920780416735, 'error_term': 13.612574740370416, 'win_prob_k': 7.277177681144082}",0.0,-40
2025-02-11,Phoenix Suns,Memphis Grizzlies,112,119,False,False,2025-02-11|Memphis Grizzlies|Phoenix Suns,,,,2025-02-11|Memphis Grizzlies|Phoenix Suns,0.3218966381878177,-5.4220011916572215,,elo,"{'home_advantage': 1.6225075005531515, 'scale': 0.05697920780416735, 'error_term': 13.612574740370416, 'win_prob_k': 7.277177681144082}",0.0,-7
2025-02-12,Boston Celtics,San Antonio Spurs,116,103,False,False,2025-02-12|San Antonio Spurs|Boston Celtics,,,,2025-02-12|San Antonio Spurs|Boston Celtics,0.7998122647200703,10.13551294681148,,elo,"{'home_advantage': 1.5441028358906694, 'scale': 0.05703616802804736, 'error_term': 13.640187075615684, 'win_prob_k': 7.317418342732836}",1.0,13
2025-02-12,Orlando Magic,Charlotte Hornets,102,86,False,False,2025-02-12|Charlotte Hornets|Orlando Magic,,,,2025-02-12|Charlotte Hornets|Orlando Magic,0.7288450485842597,7.235249018753783,,elo,"{'home_advantage': 1.5441028358906694, 'scale': 0.05703616802804736, 'error_term': 13.640187075615684, 'win_prob_k': 7.317418342732836}",1.0,16
2025-02-12,Washington Wizards,Indiana Pacers,130,134,False,False,2025-02-12|Indiana Pacers|Washington Wizards,,,,2025-02-12|Indiana Pacers|Washington Wizards,0.1665011487002503,-11.785654350721977,,elo,"{'home_advantage': 1.5441028358906694, 'scale': 0.05703616802804736, 'error_term': 13.640187075615684, 'win_prob_k': 7.317418342732836}",0.0,-4
2025-02-12,Brooklyn Nets,Philadelphia 76ers,100,96,False,False,2025-02-12|Philadelphia 76ers|Brooklyn Nets,,,,2025-02-12|Philadelphia 76ers|Brooklyn Nets,0.5201161772065891,0.5891119274594465,,elo,"{'home_advantage': 1.5441028358906694, 'scale': 0.05703616802804736, 'error_term': 13.640187075615684, 'win_prob_k': 7.317418342732836}",1.0,4
2025-02-12,New York Knicks,Atlanta Hawks,149,148,False,False,2025-02-12|Atlanta Hawks|New York Knicks,,,,2025-02-12|Atlanta Hawks|New York Knicks,0.7455518940813924,7.866428379515078,,elo,"{'home_advantage': 1.5441028358906694, 'scale': 0.05703616802804736, 'error_term': 13.640187075615684, 'win_prob_k': 7.317418342732836}",1.0,1
2025-02-12,Toronto Raptors,Cleveland Cavaliers,108,131,False,False,2025-02-12|Cleveland Cavaliers|Toronto Raptors,,,,2025-02-12|Cleveland Cavaliers|Toronto Raptors,0.17059491321259085,-11.571888763133913,,elo,"{'home_advantage': 1.5441028358906694, 'scale': 0.05703616802804736, 'error_term': 13.640187075615684, 'win_prob_k': 7.317418342732836}",0.0,-23
2025-02-12,Chicago Bulls,Detroit Pistons,110,128,False,False,2025-02-12|Detroit Pistons|Chicago Bulls,,,,2025-02-12|Detroit Pistons|Chicago Bulls,0.36865633885607274,-3.9366647068142244,,elo,"{'home_advantage': 1.5441028358906694, 'scale': 0.05703616802804736, 'error_term': 13.640187075615684, 'win_prob_k': 7.317418342732836}",0.0,-18
2025-02-12,Minnesota Timberwolves,Milwaukee Bucks,101,103,False,False,2025-02-12|Milwaukee Bucks|Minnesota Timberwolves,,,,2025-02-12|Milwaukee Bucks|Minnesota Timberwolves,0.6216418634014658,3.6332661141875437,,elo,"{'home_advantage': 1.5441028358906694, 'scale': 0.05703616802804736, 'error_term': 13.640187075615684, 'win_prob_k': 7.317418342732836}",0.0,-2
2025-02-12,New Orleans Pelicans,Sacramento Kings,111,119,False,False,2025-02-12|Sacramento Kings|New Orleans Pelicans,,,,2025-02-12|Sacramento Kings|New Orleans Pelicans,0.25530980645217427,-7.833227181237406,,elo,"{'home_advantage': 1.5441028358906694, 'scale': 0.05703616802804736, 'error_term': 13.640187075615684, 'win_prob_k': 7.317418342732836}",0.0,-8
2025-02-12,Oklahoma City Thunder,Miami Heat,115,101,False,False,2025-02-12|Miami Heat|Oklahoma City Thunder,,,,2025-02-12|Miami Heat|Oklahoma City Thunder,0.8584393935962383,13.188828058022441,,elo,"{'home_advantage': 1.5441028358906694, 'scale': 0.05703616802804736, 'error_term': 13.640187075615684, 'win_prob_k': 7.317418342732836}",1.0,14
2025-02-12,Houston Rockets,Phoenix Suns,119,111,False,False,2025-02-12|Phoenix Suns|Houston Rockets,,,,2025-02-12|Phoenix Suns|Houston Rockets,0.6913368864056276,5.900596421708925,,elo,"{'home_advantage': 1.5441028358906694, 'scale': 0.05703616802804736, 'error_term': 13.640187075615684, 'win_prob_k': 7.317418342732836}",1.0,8
2025-02-12,Denver Nuggets,Portland Trail Blazers,132,121,False,False,2025-02-12|Portland Trail Blazers|Denver Nuggets,,,,2025-02-12|Portland Trail Blazers|Denver Nuggets,0.7322055808619546,7.360164720061682,,elo,"{'home_advantage': 1.5441028358906694, 'scale': 0.05703616802804736, 'error_term': 13.640187075615684, 'win_prob_k': 7.317418342732836}",1.0,11
2025-02-12,Utah Jazz,Los Angeles Lakers,131,119,False,False,2025-02-12|Los Angeles Lakers|Utah Jazz,,,,2025-02-12|Los Angeles Lakers|Utah Jazz,0.16832232097488328,-11.690045889762466,,elo,"{'home_advantage': 1.5441028358906694, 'scale': 0.05703616802804736, 'error_term': 13.640187075615684, 'win_prob_k': 7.317418342732836}",1.0,12
2025-02-12,Dallas Mavericks,Golden State Warriors,111,107,False,False,2025-02-12|Golden State Warriors|Dallas Mavericks,,,,2025-02-12|Golden State Warriors|Dallas Mavericks,0.553025668022924,1.557902119740052,,elo,"{'home_advantage': 1.5441028358906694, 'scale': 0.05703616802804736, 'error_term': 13.640187075615684, 'win_prob_k': 7.317418342732836}",1.0,4
2025-02-12,Los Angeles Clippers,Memphis Grizzlies,128,114,False,False,2025-02-12|Memphis Grizzlies|Los Angeles Clippers,,,,2025-02-12|Memphis Grizzlies|Los Angeles Clippers,0.3792522679401399,-3.6054615807522508,,elo,"{'home_advantage': 1.5441028358906694, 'scale': 0.05703616802804736, 'error_term': 13.640187075615684, 'win_prob_k': 7.317418342732836}",1.0,14
2025-02-13,Houston Rockets,Golden State Warriors,98,105,False,False,2025-02-13|Golden State Warriors|Houston Rockets,,,,2025-02-13|Golden State Warriors|Houston Rockets,0.6836509437142547,5.596851633543567,,elo,"{'home_advantage': 1.594233655580914, 'scale': 0.05625455740790891, 'error_term': 13.547601449597755, 'win_prob_k': 7.262967157556433}",0.0,-7
2025-02-13,New Orleans Pelicans,Sacramento Kings,140,133,False,False,2025-02-13|Sacramento Kings|New Orleans Pelicans,,,,2025-02-13|Sacramento Kings|New Orleans Pelicans,0.24221998176261264,-8.28375395960635,,elo,"{'home_advantage': 1.594233655580914, 'scale': 0.05625455740790891, 'error_term': 13.547601449597755, 'win_prob_k': 7.262967157556433}",1.0,7
2025-02-13,Dallas Mavericks,Miami Heat,118,113,False,False,2025-02-13|Miami Heat|Dallas Mavericks,,,,2025-02-13|Miami Heat|Dallas Mavericks,0.6192306624583598,3.531865171621882,,elo,"{'home_advantage': 1.594233655580914, 'scale': 0.05625455740790891, 'error_term': 13.547601449597755, 'win_prob_k': 7.262967157556433}",1.0,5
2025-02-13,Minnesota Timberwolves,Oklahoma City Thunder,116,101,False,False,2025-02-13|Oklahoma City Thunder|Minnesota Timberwolves,,,,2025-02-13|Oklahoma City Thunder|Minnesota Timberwolves,0.28434126338871374,-6.703924083602234,,elo,"{'home_advantage': 1.594233655580914, 'scale': 0.05625455740790891, 'error_term': 13.547601449597755, 'win_prob_k': 7.262967157556433}",1.0,15
2025-02-13,Utah Jazz,Los Angeles Clippers,116,120,False,False,2025-02-13|Los Angeles Clippers|Utah Jazz,,,,2025-02-13|Los Angeles Clippers|Utah Jazz,0.2543251057173792,-7.812601742989082,,elo,"{'home_advantage': 1.594233655580914, 'scale': 0.05625455740790891, 'error_term': 13.547601449597755, 'win_prob_k': 7.262967157556433}",0.0,-4
2025-02-19,Los Angeles Lakers,Charlotte Hornets,97,100,False,False,2025-02-19|Charlotte Hornets|Los Angeles Lakers,,,,2025-02-19|Charlotte Hornets|Los Angeles Lakers,0.8796200731677543,14.542510193694739,,elo,"{'home_advantage': 1.620717741171618, 'scale': 0.056676655775420214, 'error_term': 13.544215402202369, 'win_prob_k': 7.312066368308468}",0.0,-3
2025-02-20,Indiana Pacers,Memphis Grizzlies,127,113,False,False,2025-02-20|Memphis Grizzlies|Indiana Pacers,,,,2025-02-20|Memphis Grizzlies|Indiana Pacers,0.4715717557283088,-0.8432172583595439,,elo,"{'home_advantage': 1.5921729796852466, 'scale': 0.05751669296142222, 'error_term': 13.52222987621662, 'win_prob_k': 7.4073151868748575}",1.0,14
2025-02-20,Philadelphia 76ers,Boston Celtics,104,124,False,False,2025-02-20|Boston Celtics|Philadelphia 76ers,,,,2025-02-20|Boston Celtics|Philadelphia 76ers,0.2254228252887331,-9.143141259476089,,elo,"{'home_advantage': 1.5921729796852466, 'scale': 0.05751669296142222, 'error_term': 13.52222987621662, 'win_prob_k': 7.4073151868748575}",0.0,-20
2025-02-20,Atlanta Hawks,Orlando Magic,108,114,False,False,2025-02-20|Orlando Magic|Atlanta Hawks,,,,2025-02-20|Orlando Magic|Atlanta Hawks,0.6060594890871929,3.190910182250362,,elo,"{'home_advantage': 1.5921729796852466, 'scale': 0.05751669296142222, 'error_term': 13.52222987621662, 'win_prob_k': 7.4073151868748575}",0.0,-6
2025-02-20,Brooklyn Nets,Cleveland Cavaliers,97,110,False,False,2025-02-20|Cleveland Cavaliers|Brooklyn Nets,,,,2025-02-20|Cleveland Cavaliers|Brooklyn Nets,0.16713695322889846,-11.89656050692161,,elo,"{'home_advantage': 1.5921729796852466, 'scale': 0.05751669296142222, 'error_term': 13.52222987621662, 'win_prob_k': 7.4073151868748575}",0.0,-13
2025-02-20,New York Knicks,Chicago Bulls,113,111,False,False,2025-02-20|Chicago Bulls|New York Knicks,,,,2025-02-20|Chicago Bulls|New York Knicks,0.8363970520700577,12.086227304129077,,elo,"{'home_advantage': 1.5921729796852466, 'scale': 0.05751669296142222, 'error_term': 13.52222987621662, 'win_prob_k': 7.4073151868748575}",1.0,2
2025-02-20,Milwaukee Bucks,Los Angeles Clippers,116,110,False,False,2025-02-20|Los Angeles Clippers|Milwaukee Bucks,,,,2025-02-20|Los Angeles Clippers|Milwaukee Bucks,0.5261977279315522,0.7769307982829264,,elo,"{'home_advantage': 1.5921729796852466, 'scale': 0.05751669296142222, 'error_term': 13.52222987621662, 'win_prob_k': 7.4073151868748575}",1.0,6
2025-02-20,Denver Nuggets,Charlotte Hornets,129,115,False,False,2025-02-20|Charlotte Hornets|Denver Nuggets,,,,2025-02-20|Charlotte Hornets|Denver Nuggets,0.8960580115838561,15.956632571685356,,elo,"{'home_advantage': 1.5921729796852466, 'scale': 0.05751669296142222, 'error_term': 13.52222987621662, 'win_prob_k': 7.4073151868748575}",1.0,14
2025-02-20,San Antonio Spurs,Phoenix Suns,120,109,False,False,2025-02-20|Phoenix Suns|San Antonio Spurs,,,,2025-02-20|Phoenix Suns|San Antonio Spurs,0.5213645624663117,0.633401863686476,,elo,"{'home_advantage': 1.5921729796852466, 'scale': 0.05751669296142222, 'error_term': 13.52222987621662, 'win_prob_k': 7.4073151868748575}",1.0,11
2025-02-20,Portland Trail Blazers,Los Angeles Lakers,102,110,False,False,2025-02-20|Los Angeles Lakers|Portland Trail Blazers,,,,2025-02-20|Los Angeles Lakers|Portland Trail Blazers,0.4318761738815853,-2.0310894247013076,,elo,"{'home_advantage': 1.5921729796852466, 'scale': 0.05751669296142222, 'error_term': 13.52222987621662, 'win_prob_k': 7.4073151868748575}",0.0,-8
2025-02-21,Cleveland Cavaliers,New York Knicks,142,105,False,False,2025-02-21|New York Knicks|Cleveland Cavaliers,,,,2025-02-21|New York Knicks|Cleveland Cavaliers,0.6599552299048319,4.865665037795859,,elo,"{'home_advantage': 1.5858332932669916, 'scale': 0.05643547355519787, 'error_term': 13.48543005645958, 'win_prob_k': 7.337813042945417}",1.0,37
2025-02-21,Orlando Magic,Memphis Grizzlies,104,105,False,False,2025-02-21|Memphis Grizzlies|Orlando Magic,,,,2025-02-21|Memphis Grizzlies|Orlando Magic,0.3237844645392425,-5.403813565948733,,elo,"{'home_advantage': 1.5858332932669916, 'scale': 0.05643547355519787, 'error_term': 13.48543005645958, 'win_prob_k': 7.337813042945417}",0.0,-1
2025-02-21,Washington Wizards,Milwaukee Bucks,101,104,False,False,2025-02-21|Milwaukee Bucks|Washington Wizards,,,,2025-02-21|Milwaukee Bucks|Washington Wizards,0.18503076402720675,-10.879248998475106,,elo,"{'home_advantage': 1.5858332932669916, 'scale': 0.05643547355519787, 'error_term': 13.48543005645958, 'win_prob_k': 7.337813042945417}",0.0,-3
2025-02-21,Toronto Raptors,Miami Heat,111,120,False,False,2025-02-21|Miami Heat|Toronto Raptors,,,,2025-02-21|Miami Heat|Toronto Raptors,0.4806776445460672,-0.5674179032783426,,elo,"{'home_advantage': 1.5858332932669916, 'scale': 0.05643547355519787, 'error_term': 13.48543005645958, 'win_prob_k': 7.337813042945417}",0.0,-9
2025-02-21,Dallas Mavericks,New Orleans Pelicans,111,103,False,False,2025-02-21|New Orleans Pelicans|Dallas Mavericks,,,,2025-02-21|New Orleans Pelicans|Dallas Mavericks,0.8063248849173645,10.465956890339783,,elo,"{'home_advantage': 1.5858332932669916, 'scale': 0.05643547355519787, 'error_term': 13.48543005645958, 'win_prob_k': 7.337813042945417}",1.0,8
2025-02-21,San Antonio Spurs,Detroit Pistons,110,125,False,False,2025-02-21|Detroit Pistons|San Antonio Spurs,,,,2025-02-21|Detroit Pistons|San Antonio Spurs,0.41425387373360983,-2.54187315333922,,elo,"{'home_advantage': 1.5858332932669916, 'scale': 0.05643547355519787, 'error_term': 13.48543005645958, 'win_prob_k': 7.337813042945417}",0.0,-15
2025-02-21,Houston Rockets,Minnesota Timberwolves,121,115,False,False,2025-02-21|Minnesota Timberwolves|Houston Rockets,,,,2025-02-21|Minnesota Timberwolves|Houston Rockets,0.5409610359839957,1.2049581196298826,,elo,"{'home_advantage': 1.5858332932669916, 'scale': 0.05643547355519787, 'error_term': 13.48543005645958, 'win_prob_k': 7.337813042945417}",1.0,6
2025-02-21,Utah Jazz,Oklahoma City Thunder,107,130,False,False,2025-02-21|Oklahoma City Thunder|Utah Jazz,,,,2025-02-21|Oklahoma City Thunder|Utah Jazz,0.10115165727882969,-16.029403992997192,,elo,"{'home_advantage': 1.5858332932669916, 'scale': 0.05643547355519787, 'error_term': 13.48543005645958, 'win_prob_k': 7.337813042945417}",0.0,-23
2025-02-21,Sacramento Kings,Golden State Warriors,108,132,False,False,2025-02-21|Golden State Warriors|Sacramento Kings,,,,2025-02-21|Golden State Warriors|Sacramento Kings,0.5654525523761679,1.9322020949075083,,elo,"{'home_advantage': 1.5858332932669916, 'scale': 0.05643547355519787, 'error_term': 13.48543005645958, 'win_prob_k': 7.337813042945417}",0.0,-24
2025-02-22,Chicago Bulls,Phoenix Suns,117,121,False,False,2025-02-22|Phoenix Suns|Chicago Bulls,,,,2025-02-22|Phoenix Suns|Chicago Bulls,0.4811164249241391,-0.5482771287801975,,elo,"{'home_advantage': 1.5881502718274267, 'scale': 0.055561029018855526, 'error_term': 13.492791566608373, 'win_prob_k': 7.2551985997935535}",0.0,-4
2025-02-22,Philadelphia 76ers,Brooklyn Nets,103,105,False,False,2025-02-22|Brooklyn Nets|Philadelphia 76ers,,,,2025-02-22|Brooklyn Nets|Philadelphia 76ers,0.5446624616575123,1.2996039907087185,,elo,"{'home_advantage': 1.5881502718274267, 'scale': 0.055561029018855526, 'error_term': 13.492791566608373, 'win_prob_k': 7.2551985997935535}",0.0,-2
2025-02-22,Denver Nuggets,Los Angeles Lakers,100,123,False,False,2025-02-22|Los Angeles Lakers|Denver Nuggets,,,,2025-02-22|Los Angeles Lakers|Denver Nuggets,0.6441422884034279,4.305152734749879,,elo,"{'home_advantage': 1.5881502718274267, 'scale': 0.055561029018855526, 'error_term': 13.492791566608373, 'win_prob_k': 7.2551985997935535}",0.0,-23
2025-02-22,Utah Jazz,Houston Rockets,124,115,False,False,2025-02-22|Houston Rockets|Utah Jazz,,,,2025-02-22|Houston Rockets|Utah Jazz,0.2134098806190323,-9.464353320395588,,elo,"{'home_advantage': 1.5881502718274267, 'scale': 0.055561029018855526, 'error_term': 13.492791566608373, 'win_prob_k': 7.2551985997935535}",1.0,9
2025-02-22,Portland Trail Blazers,Charlotte Hornets,141,88,False,False,2025-02-22|Charlotte Hornets|Portland Trail Blazers,,,,2025-02-22|Charlotte Hornets|Portland Trail Blazers,0.7698822902967523,8.761716458911899,,elo,"{'home_advantage': 1.5881502718274267, 'scale': 0.055561029018855526, 'error_term': 13.492791566608373, 'win_prob_k': 7.2551985997935535}",1.0,53
2025-02-23,Boston Celtics,New York Knicks,118,105,False,False,2025-02-23|New York Knicks|Boston Celtics,,,,2025-02-23|New York Knicks|Boston Celtics,0.5842472233890127,2.484062994398971,,elo,"{'home_advantage': 1.629941203133767, 'scale': 0.05567257400879204, 'error_term': 13.6121266339345, 'win_prob_k': 7.301055147836005}",1.0,13
2025-02-23,Golden State Warriors,Dallas Mavericks,126,102,False,False,2025-02-23|Dallas Mavericks|Golden State Warriors,,,,2025-02-23|Dallas Mavericks|Golden State Warriors,0.531368239598246,0.9172896975472632,,elo,"{'home_advantage': 1.629941203133767, 'scale': 0.05567257400879204, 'error_term': 13.6121266339345, 'win_prob_k': 7.301055147836005}",1.0,24
2025-02-23,Indiana Pacers,Los Angeles Clippers,129,111,False,False,2025-02-23|Los Angeles Clippers|Indiana Pacers,,,,2025-02-23|Los Angeles Clippers|Indiana Pacers,0.6272129337817213,3.798583493339282,,elo,"{'home_advantage': 1.629941203133767, 'scale': 0.05567257400879204, 'error_term': 13.6121266339345, 'win_prob_k': 7.301055147836005}",1.0,18
2025-02-23,Atlanta Hawks,Detroit Pistons,143,148,False,False,2025-02-23|Detroit Pistons|Atlanta Hawks,,,,2025-02-23|Detroit Pistons|Atlanta Hawks,0.41992998769330675,-2.3586847586319086,,elo,"{'home_advantage': 1.629941203133767, 'scale': 0.05567257400879204, 'error_term': 13.6121266339345, 'win_prob_k': 7.301055147836005}",0.0,-5
2025-02-23,Milwaukee Bucks,Miami Heat,120,113,False,False,2025-02-23|Miami Heat|Milwaukee Bucks,,,,2025-02-23|Miami Heat|Milwaukee Bucks,0.6748016619105749,5.3296501282116715,,elo,"{'home_advantage': 1.629941203133767, 'scale': 0.05567257400879204, 'error_term': 13.6121266339345, 'win_prob_k': 7.301055147836005}",1.0,7
2025-02-23,Orlando Magic,Washington Wizards,110,90,False,False,2025-02-23|Washington Wizards|Orlando Magic,,,,2025-02-23|Washington Wizards|Orlando Magic,0.793237976867138,9.816668658908583,,elo,"{'home_advantage': 1.629941203133767, 'scale': 0.05567257400879204, 'error_term': 13.6121266339345, 'win_prob_k': 7.301055147836005}",1.0,20
2025-02-23,Toronto Raptors,Phoenix Suns,127,109,False,False,2025-02-23|Phoenix Suns|Toronto Raptors,,,,2025-02-23|Phoenix Suns|Toronto Raptors,0.4647395642055888,-1.0314657114458565,,elo,"{'home_advantage': 1.629941203133767, 'scale': 0.05567257400879204, 'error_term': 13.6121266339345, 'win_prob_k': 7.301055147836005}",1.0,18
2025-02-23,Cleveland Cavaliers,Memphis Grizzlies,129,123,False,False,2025-02-23|Memphis Grizzlies|Cleveland Cavaliers,,,,2025-02-23|Memphis Grizzlies|Cleveland Cavaliers,0.7016698429940845,6.24431649994588,,elo,"{'home_advantage': 1.629941203133767, 'scale': 0.05567257400879204, 'error_term': 13.6121266339345, 'win_prob_k': 7.301055147836005}",1.0,6
2025-02-23,New Orleans Pelicans,San Antonio Spurs,114,96,False,False,2025-02-23|San Antonio Spurs|New Orleans Pelicans,,,,2025-02-23|San Antonio Spurs|New Orleans Pelicans,0.37039758672243495,-3.873294029861733,,elo,"{'home_advantage': 1.629941203133767, 'scale': 0.05567257400879204, 'error_term': 13.6121266339345, 'win_prob_k': 7.301055147836005}",1.0,18
2025-02-23,Minnesota Timberwolves,Oklahoma City Thunder,123,130,False,False,2025-02-23|Oklahoma City Thunder|Minnesota Timberwolves,,,,2025-02-23|Oklahoma City Thunder|Minnesota Timberwolves,0.312734725751951,-5.748595595579853,,elo,"{'home_advantage': 1.629941203133767, 'scale': 0.05567257400879204, 'error_term': 13.6121266339345, 'win_prob_k': 7.301055147836005}",0.0,-7
2025-02-24,Detroit Pistons,Los Angeles Clippers,106,97,False,False,2025-02-24|Los Angeles Clippers|Detroit Pistons,,,,2025-02-24|Los Angeles Clippers|Detroit Pistons,0.613931137885215,3.366971295502718,,elo,"{'home_advantage': 1.7342322229358782, 'scale': 0.054951619896894816, 'error_term': 13.619987763260974, 'win_prob_k': 7.258483964366487}",1.0,9
2025-02-24,Indiana Pacers,Denver Nuggets,116,125,False,False,2025-02-24|Denver Nuggets|Indiana Pacers,,,,2025-02-24|Denver Nuggets|Indiana Pacers,0.5216084967359687,0.6277707339717167,,elo,"{'home_advantage': 1.7342322229358782, 'scale': 0.054951619896894816, 'error_term': 13.619987763260974, 'win_prob_k': 7.258483964366487}",0.0,-9
2025-02-24,Philadelphia 76ers,Chicago Bulls,110,142,False,False,2025-02-24|Chicago Bulls|Philadelphia 76ers,,,,2025-02-24|Chicago Bulls|Philadelphia 76ers,0.5632444191270789,1.8461224035961339,,elo,"{'home_advantage': 1.7342322229358782, 'scale': 0.054951619896894816, 'error_term': 13.619987763260974, 'win_prob_k': 7.258483964366487}",0.0,-32
2025-02-24,Washington Wizards,Brooklyn Nets,107,99,False,False,2025-02-24|Brooklyn Nets|Washington Wizards,,,,2025-02-24|Brooklyn Nets|Washington Wizards,0.3190464497993208,-5.503073277815831,,elo,"{'home_advantage': 1.7342322229358782, 'scale': 0.054951619896894816, 'error_term': 13.619987763260974, 'win_prob_k': 7.258483964366487}",1.0,8
2025-02-24,Atlanta Hawks,Miami Heat,98,86,False,False,2025-02-24|Miami Heat|Atlanta Hawks,,,,2025-02-24|Miami Heat|Atlanta Hawks,0.5534592312933698,1.5580872216531363,,elo,"{'home_advantage': 1.7342322229358782, 'scale': 0.054951619896894816, 'error_term': 13.619987763260974, 'win_prob_k': 7.258483964366487}",1.0,12
2025-02-24,Oklahoma City Thunder,Minnesota Timberwolves,128,131,False,False,2025-02-24|Minnesota Timberwolves|Oklahoma City Thunder,,,,2025-02-24|Minnesota Timberwolves|Oklahoma City Thunder,0.7922600428965779,9.716225387765725,,elo,"{'home_advantage': 1.7342322229358782, 'scale': 0.054951619896894816, 'error_term': 13.619987763260974, 'win_prob_k': 7.258483964366487}",0.0,-3
2025-02-24,Utah Jazz,Portland Trail Blazers,112,114,False,False,2025-02-24|Portland Trail Blazers|Utah Jazz,,,,2025-02-24|Portland Trail Blazers|Utah Jazz,0.35048525178140305,-4.47780894970042,,elo,"{'home_advantage': 1.7342322229358782, 'scale': 0.054951619896894816, 'error_term': 13.619987763260974, 'win_prob_k': 7.258483964366487}",0.0,-2
2025-02-24,Sacramento Kings,Charlotte Hornets,130,88,False,False,2025-02-24|Charlotte Hornets|Sacramento Kings,,,,2025-02-24|Charlotte Hornets|Sacramento Kings,0.7997705849440604,10.051992328804754,,elo,"{'home_advantage': 1.7342322229358782, 'scale': 0.054951619896894816, 'error_term': 13.619987763260974, 'win_prob_k': 7.258483964366487}",1.0,42
2025-02-25,Toronto Raptors,Boston Celtics,101,111,False,False,2025-02-25|Boston Celtics|Toronto Raptors,,,,2025-02-25|Boston Celtics|Toronto Raptors,0.222555868602189,-9.180068770940366,,elo,"{'home_advantage': 1.7342251089692213, 'scale': 0.054993622202379445, 'error_term': 13.694196554798864, 'win_prob_k': 7.339160560988015}",0.0,-10
2025-02-25,Orlando Magic,Cleveland Cavaliers,82,122,False,False,2025-02-25|Cleveland Cavaliers|Orlando Magic,,,,2025-02-25|Cleveland Cavaliers|Orlando Magic,0.19406484969923968,-10.449576807843352,,elo,"{'home_advantage': 1.7342251089692213, 'scale': 0.054993622202379445, 'error_term': 13.694196554798864, 'win_prob_k': 7.339160560988015}",0.0,-40
2025-02-25,Houston Rockets,Milwaukee Bucks,100,97,False,False,2025-02-25|Milwaukee Bucks|Houston Rockets,,,,2025-02-25|Milwaukee Bucks|Houston Rockets,0.5475232279833336,1.3993464203414774,,elo,"{'home_advantage': 1.7342251089692213, 'scale': 0.054993622202379445, 'error_term': 13.694196554798864, 'win_prob_k': 7.339160560988015}",1.0,3
2025-02-25,Memphis Grizzlies,Phoenix Suns,151,148,False,False,2025-02-25|Phoenix Suns|Memphis Grizzlies,,,,2025-02-25|Phoenix Suns|Memphis Grizzlies,0.7740006352564127,9.034803930135833,,elo,"{'home_advantage': 1.7342251089692213, 'scale': 0.054993622202379445, 'error_term': 13.694196554798864, 'win_prob_k': 7.339160560988015}",1.0,3
2025-02-25,New Orleans Pelicans,San Antonio Spurs,109,103,False,False,2025-02-25|San Antonio Spurs|New Orleans Pelicans,,,,2025-02-25|San Antonio Spurs|New Orleans Pelicans,0.4223787646631452,-2.2972739013128454,,elo,"{'home_advantage': 1.7342251089692213, 'scale': 0.054993622202379445, 'error_term': 13.694196554798864, 'win_prob_k': 7.339160560988015}",1.0,6
2025-02-25,Golden State Warriors,Charlotte Hornets,128,92,False,False,2025-02-25|Charlotte Hornets|Golden State Warriors,,,,2025-02-25|Charlotte Hornets|Golden State Warriors,0.8318677538887063,11.73474990294023,,elo,"{'home_advantage': 1.7342251089692213, 'scale': 0.054993622202379445, 'error_term': 13.694196554798864, 'win_prob_k': 7.339160560988015}",1.0,36
2025-02-25,Los Angeles Lakers,Dallas Mavericks,107,99,False,False,2025-02-25|Dallas Mavericks|Los Angeles Lakers,,,,2025-02-25|Dallas Mavericks|Los Angeles Lakers,0.6622921280795843,4.9431118023693275,,elo,"{'home_advantage': 1.7342251089692213, 'scale': 0.054993622202379445, 'error_term': 13.694196554798864, 'win_prob_k': 7.339160560988015}",1.0,8
