date,home_team,away_team,home_score,away_score,neutral,overtime,game_id,sport,season,notes,game_id_pred,p_home_win,win_prob_dist,pred_margin,pred_total,model_id,extra,home_win,actual_margin
2025-10-25,Orlando Magic,Chicago Bulls,98.0,110.0,False,False,2025-10-25|Chicago Bulls|Orlando Magic,,,,2025-10-25|Chicago Bulls|Orlando Magic,0.3414957119242208,"[{""p_home_win"": 0.0, ""weight"": 0.25}, {""p_home_win"": 0.3414957119242208, ""weight"": 0.5}, {""p_home_win"": 0.6829914238484416, ""weight"": 0.25}]",-1.2512865665144686,,elo,"{'home_advantage': 2.900331791170001, 'scale': 0.6355647962162932, 'error_term': 12.275823768602, 'win_prob_k': 1.9056017895374768}",0.0,-12.0
2025-10-25,Atlanta Hawks,Oklahoma City Thunder,100.0,117.0,False,False,2025-10-25|Oklahoma City Thunder|Atlanta Hawks,,,,2025-10-25|Oklahoma City Thunder|Atlanta Hawks,0.14761767109891358,"[{""p_home_win"": 0.0, ""weight"": 0.25}, {""p_home_win"": 0.14761767109891358, ""weight"": 0.5}, {""p_home_win"": 0.29523534219782716, ""weight"": 0.25}]",-3.3413003593569925,,elo,"{'home_advantage': 2.900331791170001, 'scale': 0.6355647962162932, 'error_term': 12.275823768602, 'win_prob_k': 1.9056017895374768}",0.0,-17.0
2025-10-25,Philadelphia 76ers,Charlotte Hornets,125.0,121.0,False,False,2025-10-25|Charlotte Hornets|Philadelphia 76ers,,,,2025-10-25|Charlotte Hornets|Philadelphia 76ers,0.9210213118802595,"[{""p_home_win"": 0.842042623760519, ""weight"": 0.25}, {""p_home_win"": 0.9210213118802595, ""weight"": 0.5}, {""p_home_win"": 1.0, ""weight"": 0.25}]",4.68073945230523,,elo,"{'home_advantage': 2.900331791170001, 'scale': 0.6355647962162932, 'error_term': 12.275823768602, 'win_prob_k': 1.9056017895374768}",1.0,4.0
2025-10-25,Memphis Grizzlies,Indiana Pacers,128.0,103.0,False,False,2025-10-25|Indiana Pacers|Memphis Grizzlies,,,,2025-10-25|Indiana Pacers|Memphis Grizzlies,0.9355265144126292,"[{""p_home_win"": 0.8710530288252585, ""weight"": 0.25}, {""p_home_win"": 0.9355265144126292, ""weight"": 0.5}, {""p_home_win"": 1.0, ""weight"": 0.25}]",5.097209284052223,,elo,"{'home_advantage': 2.900331791170001, 'scale': 0.6355647962162932, 'error_term': 12.275823768602, 'win_prob_k': 1.9056017895374768}",1.0,25.0
2025-10-25,Denver Nuggets,Phoenix Suns,133.0,111.0,False,False,2025-10-25|Phoenix Suns|Denver Nuggets,,,,2025-10-25|Phoenix Suns|Denver Nuggets,0.5942870441347857,"[{""p_home_win"": 0.18857408826957145, ""weight"": 0.25}, {""p_home_win"": 0.5942870441347857, ""weight"": 0.5}, {""p_home_win"": 1.0, ""weight"": 0.25}]",0.727399717197557,,elo,"{'home_advantage': 2.900331791170001, 'scale': 0.6355647962162932, 'error_term': 12.275823768602, 'win_prob_k': 1.9056017895374768}",1.0,22.0
2025-10-26,San Antonio Spurs,Brooklyn Nets,118.0,107.0,False,False,2025-10-26|Brooklyn Nets|San Antonio Spurs,,,,2025-10-26|Brooklyn Nets|San Antonio Spurs,0.999629566576492,"[{""p_home_win"": 0.9992591331529841, ""weight"": 0.25}, {""p_home_win"": 0.999629566576492, ""weight"": 0.5}, {""p_home_win"": 1.0, ""weight"": 0.25}]",18.045245822411747,,elo,"{'home_advantage': 3.707082779325433, 'scale': 0.6325388319101249, 'error_term': 12.299984640504325, 'win_prob_k': 2.2840735077291914}",1.0,11.0
2025-10-26,Detroit Pistons,Boston Celtics,119.0,113.0,False,False,2025-10-26|Boston Celtics|Detroit Pistons,,,,2025-10-26|Boston Celtics|Detroit Pistons,0.994128246649589,"[{""p_home_win"": 0.988256493299178, ""weight"": 0.25}, {""p_home_win"": 0.994128246649589, ""weight"": 0.5}, {""p_home_win"": 1.0, ""weight"": 0.25}]",11.721209559619075,,elo,"{'home_advantage': 3.707082779325433, 'scale': 0.6325388319101249, 'error_term': 12.299984640504325, 'win_prob_k': 2.2840735077291914}",1.0,6.0
2025-10-26,Washington Wizards,Charlotte Hornets,113.0,139.0,False,False,2025-10-26|Charlotte Hornets|Washington Wizards,,,,2025-10-26|Charlotte Hornets|Washington Wizards,0.9151508835634777,"[{""p_home_win"": 0.8303017671269555, ""weight"": 0.25}, {""p_home_win"": 0.9151508835634777, ""weight"": 0.5}, {""p_home_win"": 1.0, ""weight"": 0.25}]",5.432016445904026,,elo,"{'home_advantage': 3.707082779325433, 'scale': 0.6325388319101249, 'error_term': 12.299984640504325, 'win_prob_k': 2.2840735077291914}",0.0,-26.0
2025-10-26,Miami Heat,New York Knicks,115.0,107.0,False,False,2025-10-26|New York Knicks|Miami Heat,,,,2025-10-26|New York Knicks|Miami Heat,0.6148929499252153,"[{""p_home_win"": 0.22978589985043052, ""weight"": 0.25}, {""p_home_win"": 0.6148929499252153, ""weight"": 0.5}, {""p_home_win"": 1.0, ""weight"": 0.25}]",1.0687792981425783,,elo,"{'home_advantage': 3.707082779325433, 'scale': 0.6325388319101249, 'error_term': 12.299984640504325, 'win_prob_k': 2.2840735077291914}",1.0,8.0
2025-10-26,Cleveland Cavaliers,Milwaukee Bucks,118.0,113.0,False,False,2025-10-26|Milwaukee Bucks|Cleveland Cavaliers,,,,2025-10-26|Milwaukee Bucks|Cleveland Cavaliers,0.4059292178824942,"[{""p_home_win"": 0.0, ""weight"": 0.25}, {""p_home_win"": 0.4059292178824942, ""weight"": 0.5}, {""p_home_win"": 0.8118584357649884, ""weight"": 0.25}]",-0.8698201191622137,,elo,"{'home_advantage': 3.707082779325433, 'scale': 0.6325388319101249, 'error_term': 12.299984640504325, 'win_prob_k': 2.2840735077291914}",1.0,5.0
2025-10-26,Minnesota Timberwolves,Indiana Pacers,114.0,110.0,False,False,2025-10-26|Indiana Pacers|Minnesota Timberwolves,,,,2025-10-26|Indiana Pacers|Minnesota Timberwolves,0.9939084106533993,"[{""p_home_win"": 0.9878168213067986, ""weight"": 0.25}, {""p_home_win"": 0.9939084106533993, ""weight"": 0.5}, {""p_home_win"": 1.0, ""weight"": 0.25}]",11.636751608894368,,elo,"{'home_advantage': 3.707082779325433, 'scale': 0.6325388319101249, 'error_term': 12.299984640504325, 'win_prob_k': 2.2840735077291914}",1.0,4.0
2025-10-26,Dallas Mavericks,Toronto Raptors,139.0,129.0,False,False,2025-10-26|Toronto Raptors|Dallas Mavericks,,,,2025-10-26|Toronto Raptors|Dallas Mavericks,0.12993516356003879,"[{""p_home_win"": 0.0, ""weight"": 0.25}, {""p_home_win"": 0.12993516356003879, ""weight"": 0.5}, {""p_home_win"": 0.25987032712007757, ""weight"": 0.25}]",-4.34323920635441,,elo,"{'home_advantage': 3.707082779325433, 'scale': 0.6325388319101249, 'error_term': 12.299984640504325, 'win_prob_k': 2.2840735077291914}",1.0,10.0
2025-10-26,Sacramento Kings,Los Angeles Lakers,120.0,127.0,False,False,2025-10-26|Los Angeles Lakers|Sacramento Kings,,,,2025-10-26|Los Angeles Lakers|Sacramento Kings,0.9151261542303714,"[{""p_home_win"": 0.8302523084607427, ""weight"": 0.25}, {""p_home_win"": 0.9151261542303714, ""weight"": 0.5}, {""p_home_win"": 1.0, ""weight"": 0.25}]",5.431289126722826,,elo,"{'home_advantage': 3.707082779325433, 'scale': 0.6325388319101249, 'error_term': 12.299984640504325, 'win_prob_k': 2.2840735077291914}",0.0,-7.0
2025-10-26,Los Angeles Clippers,Portland Trail Blazers,114.0,107.0,False,False,2025-10-26|Portland Trail Blazers|Los Angeles Clippers,,,,2025-10-26|Portland Trail Blazers|Los Angeles Clippers,0.9140957353697411,"[{""p_home_win"": 0.8281914707394822, ""weight"": 0.25}, {""p_home_win"": 0.9140957353697411, ""weight"": 0.5}, {""p_home_win"": 1.0, ""weight"": 0.25}]",5.401152815120075,,elo,"{'home_advantage': 3.707082779325433, 'scale': 0.6325388319101249, 'error_term': 12.299984640504325, 'win_prob_k': 2.2840735077291914}",1.0,7.0
2025-10-27,Detroit Pistons,Cleveland Cavaliers,95.0,116.0,False,False,2025-10-27|Cleveland Cavaliers|Detroit Pistons,,,,2025-10-27|Cleveland Cavaliers|Detroit Pistons,0.7392912752210804,"[{""p_home_win"": 0.4785825504421608, ""weight"": 0.25}, {""p_home_win"": 0.7392912752210804, ""weight"": 0.5}, {""p_home_win"": 1.0, ""weight"": 0.25}]",2.352613934429908,,elo,"{'home_advantage': 2.4855324619316734, 'scale': 0.5058528527552377, 'error_term': 11.937081789914298, 'win_prob_k': 2.2571625827388457}",0.0,-21.0
2025-10-27,Philadelphia 76ers,Orlando Magic,136.0,124.0,False,False,2025-10-27|Orlando Magic|Philadelphia 76ers,,,,2025-10-27|Orlando Magic|Philadelphia 76ers,0.9955313024163298,"[{""p_home_win"": 0.9910626048326596, ""weight"": 0.25}, {""p_home_win"": 0.9955313024163298, ""weight"": 0.5}, {""p_home_win"": 1.0, ""weight"": 0.25}]",12.202626238851309,,elo,"{'home_advantage': 2.4855324619316734, 'scale': 0.5058528527552377, 'error_term': 11.937081789914298, 'win_prob_k': 2.2571625827388457}",1.0,12.0
2025-10-27,Chicago Bulls,Atlanta Hawks,128.0,123.0,False,False,2025-10-27|Atlanta Hawks|Chicago Bulls,,,,2025-10-27|Atlanta Hawks|Chicago Bulls,0.9909717118102375,"[{""p_home_win"": 0.9819434236204749, ""weight"": 0.25}, {""p_home_win"": 0.9909717118102375, ""weight"": 0.5}, {""p_home_win"": 1.0, ""weight"": 0.25}]",10.604879348084847,,elo,"{'home_advantage': 2.4855324619316734, 'scale': 0.5058528527552377, 'error_term': 11.937081789914298, 'win_prob_k': 2.2571625827388457}",1.0,5.0
2025-10-27,Houston Rockets,Brooklyn Nets,137.0,109.0,False,False,2025-10-27|Brooklyn Nets|Houston Rockets,,,,2025-10-27|Brooklyn Nets|Houston Rockets,0.8631563327805952,"[{""p_home_win"": 0.7263126655611905, ""weight"": 0.25}, {""p_home_win"": 0.8631563327805952, ""weight"": 0.5}, {""p_home_win"": 1.0, ""weight"": 0.25}]",4.15714423297596,,elo,"{'home_advantage': 2.4855324619316734, 'scale': 0.5058528527552377, 'error_term': 11.937081789914298, 'win_prob_k': 2.2571625827388457}",1.0,28.0
2025-10-27,New Orleans Pelicans,Boston Celtics,90.0,122.0,False,False,2025-10-27|Boston Celtics|New Orleans Pelicans,,,,2025-10-27|Boston Celtics|New Orleans Pelicans,0.8665793044490676,"[{""p_home_win"": 0.7331586088981352, ""weight"": 0.25}, {""p_home_win"": 0.8665793044490676, ""weight"": 0.5}, {""p_home_win"": 1.0, ""weight"": 0.25}]",4.223255850592095,,elo,"{'home_advantage': 2.4855324619316734, 'scale': 0.5058528527552377, 'error_term': 11.937081789914298, 'win_prob_k': 2.2571625827388457}",0.0,-32.0
2025-10-27,San Antonio Spurs,Toronto Raptors,121.0,103.0,False,False,2025-10-27|Toronto Raptors|San Antonio Spurs,,,,2025-10-27|Toronto Raptors|San Antonio Spurs,0.9960648401732468,"[{""p_home_win"": 0.9921296803464936, ""weight"": 0.25}, {""p_home_win"": 0.9960648401732468, ""weight"": 0.5}, {""p_home_win"": 1.0, ""weight"": 0.25}]",12.490823667408048,,elo,"{'home_advantage': 2.4855324619316734, 'scale': 0.5058528527552377, 'error_term': 11.937081789914298, 'win_prob_k': 2.2571625827388457}",1.0,18.0
2025-10-27,Dallas Mavericks,Oklahoma City Thunder,94.0,101.0,False,False,2025-10-27|Oklahoma City Thunder|Dallas Mavericks,,,,2025-10-27|Oklahoma City Thunder|Dallas Mavericks,0.010457349535773755,"[{""p_home_win"": 0.0, ""weight"": 0.25}, {""p_home_win"": 0.010457349535773755, ""weight"": 0.5}, {""p_home_win"": 0.02091469907154751, ""weight"": 0.25}]",-10.26994942613181,,elo,"{'home_advantage': 2.4855324619316734, 'scale': 0.5058528527552377, 'error_term': 11.937081789914298, 'win_prob_k': 2.2571625827388457}",0.0,-7.0
2025-10-27,Utah Jazz,Phoenix Suns,138.0,134.0,False,False,2025-10-27|Phoenix Suns|Utah Jazz,,,,2025-10-27|Phoenix Suns|Utah Jazz,0.8719169523619572,"[{""p_home_win"": 0.7438339047239144, ""weight"": 0.25}, {""p_home_win"": 0.8719169523619572, ""weight"": 0.5}, {""p_home_win"": 1.0, ""weight"": 0.25}]",4.329272409023975,,elo,"{'home_advantage': 2.4855324619316734, 'scale': 0.5058528527552377, 'error_term': 11.937081789914298, 'win_prob_k': 2.2571625827388457}",1.0,4.0
2025-10-27,Minnesota Timberwolves,Denver Nuggets,114.0,127.0,False,False,2025-10-27|Denver Nuggets|Minnesota Timberwolves,,,,2025-10-27|Denver Nuggets|Minnesota Timberwolves,0.9191769428773713,"[{""p_home_win"": 0.8383538857547426, ""weight"": 0.25}, {""p_home_win"": 0.9191769428773713, ""weight"": 0.5}, {""p_home_win"": 1.0, ""weight"": 0.25}]",5.48765059172095,,elo,"{'home_advantage': 2.4855324619316734, 'scale': 0.5058528527552377, 'error_term': 11.937081789914298, 'win_prob_k': 2.2571625827388457}",0.0,-13.0
2025-10-27,Golden State Warriors,Memphis Grizzlies,131.0,118.0,False,False,2025-10-27|Memphis Grizzlies|Golden State Warriors,,,,2025-10-27|Memphis Grizzlies|Golden State Warriors,0.9105411899138655,"[{""p_home_win"": 0.8210823798277309, ""weight"": 0.25}, {""p_home_win"": 0.9105411899138655, ""weight"": 0.5}, {""p_home_win"": 1.0, ""weight"": 0.25}]",5.237205950433866,,elo,"{'home_advantage': 2.4855324619316734, 'scale': 0.5058528527552377, 'error_term': 11.937081789914298, 'win_prob_k': 2.2571625827388457}",1.0,13.0
2025-10-27,Los Angeles Lakers,Portland Trail Blazers,108.0,122.0,False,False,2025-10-27|Portland Trail Blazers|Los Angeles Lakers,,,,2025-10-27|Portland Trail Blazers|Los Angeles Lakers,0.9655017694964437,"[{""p_home_win"": 0.9310035389928875, ""weight"": 0.25}, {""p_home_win"": 0.9655017694964437, ""weight"": 0.5}, {""p_home_win"": 1.0, ""weight"": 0.25}]",7.520278641360095,,elo,"{'home_advantage': 2.4855324619316734, 'scale': 0.5058528527552377, 'error_term': 11.937081789914298, 'win_prob_k': 2.2571625827388457}",0.0,-14.0
2025-10-28,Washington Wizards,Philadelphia 76ers,134.0,139.0,False,False,2025-10-28|Philadelphia 76ers|Washington Wizards,,,,2025-10-28|Philadelphia 76ers|Washington Wizards,0.07870712633748783,"[{""p_home_win"": 0.0, ""weight"": 0.25}, {""p_home_win"": 0.07870712633748783, ""weight"": 0.5}, {""p_home_win"": 0.15741425267497566, ""weight"": 0.25}]",-6.507014923277996,,elo,"{'home_advantage': 1.8709640662997078, 'scale': 0.4932767307745654, 'error_term': 12.059253835256218, 'win_prob_k': 2.64508040721505}",0.0,-5.0
2025-10-28,Miami Heat,Charlotte Hornets,144.0,117.0,False,False,2025-10-28|Charlotte Hornets|Miami Heat,,,,2025-10-28|Charlotte Hornets|Miami Heat,0.6729909040608155,"[{""p_home_win"": 0.34598180812163104, ""weight"": 0.25}, {""p_home_win"": 0.6729909040608155, ""weight"": 0.5}, {""p_home_win"": 1.0, ""weight"": 0.25}]",1.9090704563651937,,elo,"{'home_advantage': 1.8709640662997078, 'scale': 0.4932767307745654, 'error_term': 12.059253835256218, 'win_prob_k': 2.64508040721505}",1.0,27.0
2025-10-28,Milwaukee Bucks,New York Knicks,121.0,111.0,False,False,2025-10-28|New York Knicks|Milwaukee Bucks,,,,2025-10-28|New York Knicks|Milwaukee Bucks,0.7779118657216405,"[{""p_home_win"": 0.555823731443281, ""weight"": 0.25}, {""p_home_win"": 0.7779118657216405, ""weight"": 0.5}, {""p_home_win"": 1.0, ""weight"": 0.25}]",3.315711264178776,,elo,"{'home_advantage': 1.8709640662997078, 'scale': 0.4932767307745654, 'error_term': 12.059253835256218, 'win_prob_k': 2.64508040721505}",1.0,10.0
2025-10-28,Oklahoma City Thunder,Sacramento Kings,107.0,101.0,False,False,2025-10-28|Sacramento Kings|Oklahoma City Thunder,,,,2025-10-28|Sacramento Kings|Oklahoma City Thunder,0.9976360073765991,"[{""p_home_win"": 0.9952720147531982, ""weight"": 0.25}, {""p_home_win"": 0.9976360073765991, ""weight"": 0.5}, {""p_home_win"": 1.0, ""weight"": 0.25}]",15.989607629708853,,elo,"{'home_advantage': 1.8709640662997078, 'scale': 0.4932767307745654, 'error_term': 12.059253835256218, 'win_prob_k': 2.64508040721505}",1.0,6.0
2025-10-28,Golden State Warriors,Los Angeles Clippers,98.0,79.0,False,False,2025-10-28|Los Angeles Clippers|Golden State Warriors,,,,2025-10-28|Los Angeles Clippers|Golden State Warriors,0.8605286328679956,"[{""p_home_win"": 0.7210572657359913, ""weight"": 0.25}, {""p_home_win"": 0.8605286328679956, ""weight"": 0.5}, {""p_home_win"": 1.0, ""weight"": 0.25}]",4.8132199204743,,elo,"{'home_advantage': 1.8709640662997078, 'scale': 0.4932767307745654, 'error_term': 12.059253835256218, 'win_prob_k': 2.64508040721505}",1.0,19.0
2025-10-29,Toronto Raptors,Houston Rockets,121.0,139.0,False,False,2025-10-29|Houston Rockets|Toronto Raptors,,,,2025-10-29|Houston Rockets|Toronto Raptors,0.6811567238274737,"[{""p_home_win"": 0.36231344765494744, ""weight"": 0.25}, {""p_home_win"": 0.6811567238274737, ""weight"": 0.5}, {""p_home_win"": 1.0, ""weight"": 0.25}]",2.083799206883709,,elo,"{'home_advantage': 2.390561143870179, 'scale': 0.43577192563838424, 'error_term': 12.229848616339059, 'win_prob_k': 2.745118109075227}",0.0,-18.0
2025-10-29,Boston Celtics,Cleveland Cavaliers,125.0,105.0,False,False,2025-10-29|Cleveland Cavaliers|Boston Celtics,,,,2025-10-29|Cleveland Cavaliers|Boston Celtics,0.09412047004084088,"[{""p_home_win"": 0.0, ""weight"": 0.25}, {""p_home_win"": 0.09412047004084088, ""weight"": 0.5}, {""p_home_win"": 0.18824094008168177, ""weight"": 0.25}]",-6.215855402091557,,elo,"{'home_advantage': 2.390561143870179, 'scale': 0.43577192563838424, 'error_term': 12.229848616339059, 'win_prob_k': 2.745118109075227}",1.0,20.0
2025-10-29,Detroit Pistons,Orlando Magic,135.0,116.0,False,False,2025-10-29|Orlando Magic|Detroit Pistons,,,,2025-10-29|Orlando Magic|Detroit Pistons,0.9450289067812068,"[{""p_home_win"": 0.8900578135624135, ""weight"": 0.25}, {""p_home_win"": 0.9450289067812068, ""weight"": 0.5}, {""p_home_win"": 1.0, ""weight"": 0.25}]",7.808236039376345,,elo,"{'home_advantage': 2.390561143870179, 'scale': 0.43577192563838424, 'error_term': 12.229848616339059, 'win_prob_k': 2.745118109075227}",1.0,19.0
2025-10-29,Brooklyn Nets,Atlanta Hawks,112.0,117.0,False,False,2025-10-29|Atlanta Hawks|Brooklyn Nets,,,,2025-10-29|Atlanta Hawks|Brooklyn Nets,0.42721506737444526,"[{""p_home_win"": 0.0, ""weight"": 0.25}, {""p_home_win"": 0.42721506737444526, ""weight"": 0.5}, {""p_home_win"": 0.8544301347488905, ""weight"": 0.25}]",-0.8049310904373259,,elo,"{'home_advantage': 2.390561143870179, 'scale': 0.43577192563838424, 'error_term': 12.229848616339059, 'win_prob_k': 2.745118109075227}",0.0,-5.0
2025-10-29,Chicago Bulls,Sacramento Kings,126.0,113.0,False,False,2025-10-29|Sacramento Kings|Chicago Bulls,,,,2025-10-29|Sacramento Kings|Chicago Bulls,0.9890311049956543,"[{""p_home_win"": 0.9780622099913086, ""weight"": 0.25}, {""p_home_win"": 0.9890311049956543, ""weight"": 0.5}, {""p_home_win"": 1.0, ""weight"": 0.25}]",12.357594540730098,,elo,"{'home_advantage': 2.390561143870179, 'scale': 0.43577192563838424, 'error_term': 12.229848616339059, 'win_prob_k': 2.745118109075227}",1.0,13.0
2025-10-29,Dallas Mavericks,Indiana Pacers,107.0,105.0,False,False,2025-10-29|Indiana Pacers|Dallas Mavericks,,,,2025-10-29|Indiana Pacers|Dallas Mavericks,0.6454100463514331,"[{""p_home_win"": 0.29082009270286613, ""weight"": 0.25}, {""p_home_win"": 0.6454100463514331, ""weight"": 0.5}, {""p_home_win"": 1.0, ""weight"": 0.25}]",1.6441165249957428,,elo,"{'home_advantage': 2.390561143870179, 'scale': 0.43577192563838424, 'error_term': 12.229848616339059, 'win_prob_k': 2.745118109075227}",1.0,2.0
2025-10-29,Utah Jazz,Portland Trail Blazers,134.0,136.0,False,False,2025-10-29|Portland Trail Blazers|Utah Jazz,,,,2025-10-29|Portland Trail Blazers|Utah Jazz,0.7954567393915658,"[{""p_home_win"": 0.5909134787831316, ""weight"": 0.25}, {""p_home_win"": 0.7954567393915658, ""weight"": 0.5}, {""p_home_win"": 1.0, ""weight"": 0.25}]",3.728246386047378,,elo,"{'home_advantage': 2.390561143870179, 'scale': 0.43577192563838424, 'error_term': 12.229848616339059, 'win_prob_k': 2.745118109075227}",0.0,-2.0
2025-10-29,Denver Nuggets,New Orleans Pelicans,122.0,88.0,False,False,2025-10-29|New Orleans Pelicans|Denver Nuggets,,,,2025-10-29|New Orleans Pelicans|Denver Nuggets,0.9891154530582466,"[{""p_home_win"": 0.9782309061164931, ""weight"": 0.25}, {""p_home_win"": 0.9891154530582466, ""weight"": 0.5}, {""p_home_win"": 1.0, ""weight"": 0.25}]",12.37901949765514,,elo,"{'home_advantage': 2.390561143870179, 'scale': 0.43577192563838424, 'error_term': 12.229848616339059, 'win_prob_k': 2.745118109075227}",1.0,34.0
2025-10-29,Minnesota Timberwolves,Los Angeles Lakers,115.0,116.0,False,False,2025-10-29|Los Angeles Lakers|Minnesota Timberwolves,,,,2025-10-29|Los Angeles Lakers|Minnesota Timberwolves,0.7751459210054039,"[{""p_home_win"": 0.5502918420108078, ""weight"": 0.25}, {""p_home_win"": 0.7751459210054039, ""weight"": 0.5}, {""p_home_win"": 1.0, ""weight"": 0.25}]",3.3973571912000846,,elo,"{'home_advantage': 2.390561143870179, 'scale': 0.43577192563838424, 'error_term': 12.229848616339059, 'win_prob_k': 2.745118109075227}",0.0,-1.0
2025-10-29,Phoenix Suns,Memphis Grizzlies,113.0,114.0,False,False,2025-10-29|Memphis Grizzlies|Phoenix Suns,,,,2025-10-29|Memphis Grizzlies|Phoenix Suns,0.5421227901520185,"[{""p_home_win"": 0.08424558030403695, ""weight"": 0.25}, {""p_home_win"": 0.5421227901520185, ""weight"": 0.5}, {""p_home_win"": 1.0, ""weight"": 0.25}]",0.46362705603535503,,elo,"{'home_advantage': 2.390561143870179, 'scale': 0.43577192563838424, 'error_term': 12.229848616339059, 'win_prob_k': 2.745118109075227}",0.0,-1.0
2025-10-30,Charlotte Hornets,Orlando Magic,107.0,123.0,False,False,2025-10-30|Orlando Magic|Charlotte Hornets,,,,2025-10-30|Orlando Magic|Charlotte Hornets,0.9654444218489915,"[{""p_home_win"": 0.930888843697983, ""weight"": 0.25}, {""p_home_win"": 0.9654444218489915, ""weight"": 0.5}, {""p_home_win"": 1.0, ""weight"": 0.25}]",10.692491384175256,,elo,"{'home_advantage': 2.472058618307565, 'scale': 0.43478744769973715, 'error_term': 11.916014429173616, 'win_prob_k': 3.210939525152498}",0.0,-16.0
2025-10-30,Milwaukee Bucks,Golden State Warriors,120.0,110.0,False,False,2025-10-30|Golden State Warriors|Milwaukee Bucks,,,,2025-10-30|Golden State Warriors|Milwaukee Bucks,0.5819284635807906,"[{""p_home_win"": 0.1638569271615813, ""weight"": 0.25}, {""p_home_win"": 0.5819284635807906, ""weight"": 0.5}, {""p_home_win"": 1.0, ""weight"": 0.25}]",1.0618415426412875,,elo,"{'home_advantage': 2.472058618307565, 'scale': 0.43478744769973715, 'error_term': 11.916014429173616, 'win_prob_k': 3.210939525152498}",1.0,10.0
2025-10-30,Oklahoma City Thunder,Washington Wizards,127.0,108.0,False,False,2025-10-30|Washington Wizards|Oklahoma City Thunder,,,,2025-10-30|Washington Wizards|Oklahoma City Thunder,0.9961558101260274,"[{""p_home_win"": 0.9923116202520548, ""weight"": 0.25}, {""p_home_win"": 0.9961558101260274, ""weight"": 0.5}, {""p_home_win"": 1.0, ""weight"": 0.25}]",17.84428521802235,,elo,"{'home_advantage': 2.472058618307565, 'scale': 0.43478744769973715, 'error_term': 11.916014429173616, 'win_prob_k': 3.210939525152498}",1.0,19.0
2025-10-30,San Antonio Spurs,Miami Heat,107.0,101.0,False,False,2025-10-30|Miami Heat|San Antonio Spurs,,,,2025-10-30|Miami Heat|San Antonio Spurs,0.8819262776106691,"[{""p_home_win"": 0.7638525552213382, ""weight"": 0.25}, {""p_home_win"": 0.8819262776106691, ""weight"": 0.5}, {""p_home_win"": 1.0, ""weight"": 0.25}]",6.45655485847596,,elo,"{'home_advantage': 2.472058618307565, 'scale': 0.43478744769973715, 'error_term': 11.916014429173616, 'win_prob_k': 3.210939525152498}",1.0,6.0
2025-10-31,Indiana Pacers,Atlanta Hawks,108.0,128.0,False,False,2025-10-31|Atlanta Hawks|Indiana Pacers,,,,2025-10-31|Atlanta Hawks|Indiana Pacers,0.2442511808439336,"[{""p_home_win"": 0.0, ""weight"": 0.25}, {""p_home_win"": 0.2442511808439336, ""weight"": 0.5}, {""p_home_win"": 0.4885023616878672, ""weight"": 0.25}]",-3.4628387616403518,,elo,"{'home_advantage': 2.1451287445631935, 'scale': 0.40818036752398185, 'error_term': 12.058097487400797, 'win_prob_k': 3.0657832126816453}",0.0,-20.0
2025-10-31,Philadelphia 76ers,Boston Celtics,108.0,109.0,False,False,2025-10-31|Boston Celtics|Philadelphia 76ers,,,,2025-10-31|Boston Celtics|Philadelphia 76ers,0.9756829025132845,"[{""p_home_win"": 0.951365805026569, ""weight"": 0.25}, {""p_home_win"": 0.9756829025132845, ""weight"": 0.5}, {""p_home_win"": 1.0, ""weight"": 0.25}]",11.318742660414568,,elo,"{'home_advantage': 2.1451287445631935, 'scale': 0.40818036752398185, 'error_term': 12.058097487400797, 'win_prob_k': 3.0657832126816453}",0.0,-1.0
2025-10-31,Cleveland Cavaliers,Toronto Raptors,101.0,112.0,False,False,2025-10-31|Toronto Raptors|Cleveland Cavaliers,,,,2025-10-31|Toronto Raptors|Cleveland Cavaliers,0.9759790447443014,"[{""p_home_win"": 0.9519580894886028, ""weight"": 0.25}, {""p_home_win"": 0.9759790447443014, ""weight"": 0.5}, {""p_home_win"": 1.0, ""weight"": 0.25}]",11.357238459026842,,elo,"{'home_advantage': 2.1451287445631935, 'scale': 0.40818036752398185, 'error_term': 12.058097487400797, 'win_prob_k': 3.0657832126816453}",0.0,-11.0
2025-10-31,Chicago Bulls,New York Knicks,135.0,125.0,False,False,2025-10-31|New York Knicks|Chicago Bulls,,,,2025-10-31|New York Knicks|Chicago Bulls,0.9493162572684578,"[{""p_home_win"": 0.8986325145369156, ""weight"": 0.25}, {""p_home_win"": 0.9493162572684578, ""weight"": 0.5}, {""p_home_win"": 1.0, ""weight"": 0.25}]",8.983164191700922,,elo,"{'home_advantage': 2.1451287445631935, 'scale': 0.40818036752398185, 'error_term': 12.058097487400797, 'win_prob_k': 3.0657832126816453}",1.0,10.0
2025-10-31,Memphis Grizzlies,Los Angeles Lakers,112.0,117.0,False,False,2025-10-31|Los Angeles Lakers|Memphis Grizzlies,,,,2025-10-31|Los Angeles Lakers|Memphis Grizzlies,0.6611519796088138,"[{""p_home_win"": 0.32230395921762756, ""weight"": 0.25}, {""p_home_win"": 0.6611519796088138, ""weight"": 0.5}, {""p_home_win"": 1.0, ""weight"": 0.25}]",2.0492677508486183,,elo,"{'home_advantage': 2.1451287445631935, 'scale': 0.40818036752398185, 'error_term': 12.058097487400797, 'win_prob_k': 3.0657832126816453}",0.0,-5.0
2025-10-31,Phoenix Suns,Utah Jazz,118.0,96.0,False,False,2025-10-31|Utah Jazz|Phoenix Suns,,,,2025-10-31|Utah Jazz|Phoenix Suns,0.32784728101783417,"[{""p_home_win"": 0.0, ""weight"": 0.25}, {""p_home_win"": 0.32784728101783417, ""weight"": 0.5}, {""p_home_win"": 0.6556945620356683, ""weight"": 0.25}]",-2.2010412925857596,,elo,"{'home_advantage': 2.1451287445631935, 'scale': 0.40818036752398185, 'error_term': 12.058097487400797, 'win_prob_k': 3.0657832126816453}",1.0,22.0
2025-10-31,Portland Trail Blazers,Denver Nuggets,109.0,107.0,False,False,2025-10-31|Denver Nuggets|Portland Trail Blazers,,,,2025-10-31|Denver Nuggets|Portland Trail Blazers,0.571791435709721,"[{""p_home_win"": 0.14358287141944204, ""weight"": 0.25}, {""p_home_win"": 0.571791435709721, ""weight"": 0.5}, {""p_home_win"": 1.0, ""weight"": 0.25}]",0.8865139081128739,,elo,"{'home_advantage': 2.1451287445631935, 'scale': 0.40818036752398185, 'error_term': 12.058097487400797, 'win_prob_k': 3.0657832126816453}",1.0,2.0
2025-10-31,Los Angeles Clippers,New Orleans Pelicans,126.0,124.0,False,False,2025-10-31|New Orleans Pelicans|Los Angeles Clippers,,,,2025-10-31|New Orleans Pelicans|Los Angeles Clippers,0.9654314246758989,"[{""p_home_win"": 0.9308628493517979, ""weight"": 0.25}, {""p_home_win"": 0.9654314246758989, ""weight"": 0.5}, {""p_home_win"": 1.0, ""weight"": 0.25}]",10.207923856199988,,elo,"{'home_advantage': 2.1451287445631935, 'scale': 0.40818036752398185, 'error_term': 12.058097487400797, 'win_prob_k': 3.0657832126816453}",1.0,2.0
2025-11-01,Milwaukee Bucks,Sacramento Kings,133.0,135.0,False,False,2025-11-01|Sacramento Kings|Milwaukee Bucks,,,,2025-11-01|Sacramento Kings|Milwaukee Bucks,0.9704669605095937,"[{""p_home_win"": 0.9409339210191874, ""weight"": 0.25}, {""p_home_win"": 0.9704669605095937, ""weight"": 0.5}, {""p_home_win"": 1.0, ""weight"": 0.25}]",12.388610098675159,,elo,"{'home_advantage': 1.7486619989362802, 'scale': 0.4027830535685363, 'error_term': 11.994657680168265, 'win_prob_k': 3.547439951616249}",0.0,-2.0
2025-11-01,Charlotte Hornets,Minnesota Timberwolves,105.0,122.0,False,False,2025-11-01|Minnesota Timberwolves|Charlotte Hornets,,,,2025-11-01|Minnesota Timberwolves|Charlotte Hornets,0.6988698207488077,"[{""p_home_win"": 0.3977396414976153, ""weight"": 0.25}, {""p_home_win"": 0.6988698207488077, ""weight"": 0.5}, {""p_home_win"": 1.0, ""weight"": 0.25}]",2.986667128855223,,elo,"{'home_advantage': 1.7486619989362802, 'scale': 0.4027830535685363, 'error_term': 11.994657680168265, 'win_prob_k': 3.547439951616249}",0.0,-17.0
2025-11-01,Indiana Pacers,Golden State Warriors,114.0,109.0,False,False,2025-11-01|Golden State Warriors|Indiana Pacers,,,,2025-11-01|Golden State Warriors|Indiana Pacers,0.03849716828739284,"[{""p_home_win"": 0.0, ""weight"": 0.25}, {""p_home_win"": 0.03849716828739284, ""weight"": 0.5}, {""p_home_win"": 0.07699433657478567, ""weight"": 0.25}]",-11.415352507395466,,elo,"{'home_advantage': 1.7486619989362802, 'scale': 0.4027830535685363, 'error_term': 11.994657680168265, 'win_prob_k': 3.547439951616249}",1.0,5.0
2025-11-01,Washington Wizards,Orlando Magic,94.0,125.0,False,False,2025-11-01|Orlando Magic|Washington Wizards,,,,2025-11-01|Orlando Magic|Washington Wizards,0.5208584459797679,"[{""p_home_win"": 0.04171689195953587, ""weight"": 0.25}, {""p_home_win"": 0.5208584459797679, ""weight"": 0.5}, {""p_home_win"": 1.0, ""weight"": 0.25}]",0.2961482136760172,,elo,"{'home_advantage': 1.7486619989362802, 'scale': 0.4027830535685363, 'error_term': 11.994657680168265, 'win_prob_k': 3.547439951616249}",0.0,-31.0
2025-11-01,Boston Celtics,Houston Rockets,101.0,128.0,False,False,2025-11-01|Houston Rockets|Boston Celtics,,,,2025-11-01|Houston Rockets|Boston Celtics,0.7149143374785385,"[{""p_home_win"": 0.429828674957077, ""weight"": 0.25}, {""p_home_win"": 0.7149143374785385, ""weight"": 0.5}, {""p_home_win"": 1.0, ""weight"": 0.25}]",3.261420590231058,,elo,"{'home_advantage': 1.7486619989362802, 'scale': 0.4027830535685363, 'error_term': 11.994657680168265, 'win_prob_k': 3.547439951616249}",0.0,-27.0
2025-11-01,Detroit Pistons,Dallas Mavericks,122.0,110.0,False,False,2025-11-01|Dallas Mavericks|Detroit Pistons,,,,2025-11-01|Dallas Mavericks|Detroit Pistons,0.8968426709514259,"[{""p_home_win"": 0.7936853419028518, ""weight"": 0.25}, {""p_home_win"": 0.8968426709514259, ""weight"": 0.5}, {""p_home_win"": 1.0, ""weight"": 0.25}]",7.671782902327102,,elo,"{'home_advantage': 1.7486619989362802, 'scale': 0.4027830535685363, 'error_term': 11.994657680168265, 'win_prob_k': 3.547439951616249}",1.0,12.0
2025-11-02,Oklahoma City Thunder,New Orleans Pelicans,137.0,106.0,False,False,2025-11-02|New Orleans Pelicans|Oklahoma City Thunder,,,,2025-11-02|New Orleans Pelicans|Oklahoma City Thunder,0.997190021260794,"[{""p_home_win"": 0.9943800425215881, ""weight"": 0.25}, {""p_home_win"": 0.997190021260794, ""weight"": 0.5}, {""p_home_win"": 1.0, ""weight"": 0.25}]",23.20544806648343,,elo,"{'home_advantage': 1.0117616476072882, 'scale': 0.4300178283880739, 'error_term': 12.428041134641935, 'win_prob_k': 3.952040030290874}",1.0,31.0
2025-11-02,Brooklyn Nets,Philadelphia 76ers,105.0,129.0,False,False,2025-11-02|Philadelphia 76ers|Brooklyn Nets,,,,2025-11-02|Philadelphia 76ers|Brooklyn Nets,0.02518181427181901,"[{""p_home_win"": 0.0, ""weight"": 0.25}, {""p_home_win"": 0.02518181427181901, ""weight"": 0.5}, {""p_home_win"": 0.05036362854363802, ""weight"": 0.25}]",-14.449167765994407,,elo,"{'home_advantage': 1.0117616476072882, 'scale': 0.4300178283880739, 'error_term': 12.428041134641935, 'win_prob_k': 3.952040030290874}",0.0,-24.0
2025-11-02,Charlotte Hornets,Utah Jazz,126.0,103.0,False,False,2025-11-02|Utah Jazz|Charlotte Hornets,,,,2025-11-02|Utah Jazz|Charlotte Hornets,0.46923144407495043,"[{""p_home_win"": 0.0, ""weight"": 0.25}, {""p_home_win"": 0.46923144407495043, ""weight"": 0.5}, {""p_home_win"": 0.9384628881499009, ""weight"": 0.25}]",-0.4870096193966329,,elo,"{'home_advantage': 1.0117616476072882, 'scale': 0.4300178283880739, 'error_term': 12.428041134641935, 'win_prob_k': 3.952040030290874}",1.0,23.0
2025-11-02,Cleveland Cavaliers,Atlanta Hawks,117.0,109.0,False,False,2025-11-02|Atlanta Hawks|Cleveland Cavaliers,,,,2025-11-02|Atlanta Hawks|Cleveland Cavaliers,0.5459949426518851,"[{""p_home_win"": 0.09198988530377017, ""weight"": 0.25}, {""p_home_win"": 0.5459949426518851, ""weight"": 0.5}, {""p_home_win"": 1.0, ""weight"": 0.25}]",0.7291568222009773,,elo,"{'home_advantage': 1.0117616476072882, 'scale': 0.4300178283880739, 'error_term': 12.428041134641935, 'win_prob_k': 3.952040030290874}",1.0,8.0
2025-11-02,Toronto Raptors,Memphis Grizzlies,117.0,104.0,False,False,2025-11-02|Memphis Grizzlies|Toronto Raptors,,,,2025-11-02|Memphis Grizzlies|Toronto Raptors,0.4574837270427686,"[{""p_home_win"": 0.0, ""weight"": 0.25}, {""p_home_win"": 0.4574837270427686, ""weight"": 0.5}, {""p_home_win"": 0.9149674540855371, ""weight"": 0.25}]",-0.6737310051331649,,elo,"{'home_advantage': 1.0117616476072882, 'scale': 0.4300178283880739, 'error_term': 12.428041134641935, 'win_prob_k': 3.952040030290874}",1.0,13.0
2025-11-02,New York Knicks,Chicago Bulls,128.0,116.0,False,False,2025-11-02|Chicago Bulls|New York Knicks,,,,2025-11-02|Chicago Bulls|New York Knicks,0.09092197759342192,"[{""p_home_win"": 0.0, ""weight"": 0.25}, {""p_home_win"": 0.09092197759342192, ""weight"": 0.5}, {""p_home_win"": 0.18184395518684385, ""weight"": 0.25}]",-9.099292262791714,,elo,"{'home_advantage': 1.0117616476072882, 'scale': 0.4300178283880739, 'error_term': 12.428041134641935, 'win_prob_k': 3.952040030290874}",1.0,12.0
2025-11-02,Phoenix Suns,San Antonio Spurs,130.0,118.0,False,False,2025-11-02|San Antonio Spurs|Phoenix Suns,,,,2025-11-02|San Antonio Spurs|Phoenix Suns,0.03555920357857439,"[{""p_home_win"": 0.0, ""weight"": 0.25}, {""p_home_win"": 0.03555920357857439, ""weight"": 0.5}, {""p_home_win"": 0.07111840715714877, ""weight"": 0.25}]",-13.04311307694512,,elo,"{'home_advantage': 1.0117616476072882, 'scale': 0.4300178283880739, 'error_term': 12.428041134641935, 'win_prob_k': 3.952040030290874}",1.0,12.0
2025-11-02,Los Angeles Lakers,Miami Heat,130.0,120.0,False,False,2025-11-02|Miami Heat|Los Angeles Lakers,,,,2025-11-02|Miami Heat|Los Angeles Lakers,0.6523987704803018,"[{""p_home_win"": 0.30479754096060363, ""weight"": 0.25}, {""p_home_win"": 0.6523987704803018, ""weight"": 0.5}, {""p_home_win"": 1.0, ""weight"": 0.25}]",2.4882046227318613,,elo,"{'home_advantage': 1.0117616476072882, 'scale': 0.4300178283880739, 'error_term': 12.428041134641935, 'win_prob_k': 3.952040030290874}",1.0,10.0
2025-11-03,Brooklyn Nets,Minnesota Timberwolves,109.0,125.0,False,False,2025-11-03|Minnesota Timberwolves|Brooklyn Nets,,,,2025-11-03|Minnesota Timberwolves|Brooklyn Nets,0.10497423428395404,"[{""p_home_win"": 0.0, ""weight"": 0.25}, {""p_home_win"": 0.10497423428395404, ""weight"": 0.5}, {""p_home_win"": 0.20994846856790808, ""weight"": 0.25}]",-9.405845988416107,,elo,"{'home_advantage': 1.9744517212749215, 'scale': 0.3969383382633563, 'error_term': 12.639518507702444, 'win_prob_k': 4.388820438827768}",0.0,-16.0
2025-11-03,Indiana Pacers,Milwaukee Bucks,115.0,117.0,False,False,2025-11-03|Milwaukee Bucks|Indiana Pacers,,,,2025-11-03|Milwaukee Bucks|Indiana Pacers,0.13055910799676462,"[{""p_home_win"": 0.0, ""weight"": 0.25}, {""p_home_win"": 0.13055910799676462, ""weight"": 0.5}, {""p_home_win"": 0.26111821599352925, ""weight"": 0.25}]",-8.32131017019888,,elo,"{'home_advantage': 1.9744517212749215, 'scale': 0.3969383382633563, 'error_term': 12.639518507702444, 'win_prob_k': 4.388820438827768}",0.0,-2.0
2025-11-03,Boston Celtics,Utah Jazz,103.0,105.0,False,False,2025-11-03|Utah Jazz|Boston Celtics,,,,2025-11-03|Utah Jazz|Boston Celtics,0.7576057092701753,"[{""p_home_win"": 0.5152114185403507, ""weight"": 0.25}, {""p_home_win"": 0.7576057092701753, ""weight"": 0.5}, {""p_home_win"": 1.0, ""weight"": 0.25}]",5.001488260282136,,elo,"{'home_advantage': 1.9744517212749215, 'scale': 0.3969383382633563, 'error_term': 12.639518507702444, 'win_prob_k': 4.388820438827768}",0.0,-2.0
2025-11-03,New York Knicks,Washington Wizards,119.0,102.0,False,False,2025-11-03|Washington Wizards|New York Knicks,,,,2025-11-03|Washington Wizards|New York Knicks,0.903297113762372,"[{""p_home_win"": 0.806594227524744, ""weight"": 0.25}, {""p_home_win"": 0.903297113762372, ""weight"": 0.5}, {""p_home_win"": 1.0, ""weight"": 0.25}]",9.806416726122091,,elo,"{'home_advantage': 1.9744517212749215, 'scale': 0.3969383382633563, 'error_term': 12.639518507702444, 'win_prob_k': 4.388820438827768}",1.0,17.0
2025-11-03,Houston Rockets,Dallas Mavericks,110.0,102.0,False,False,2025-11-03|Dallas Mavericks|Houston Rockets,,,,2025-11-03|Dallas Mavericks|Houston Rockets,0.9145527809840517,"[{""p_home_win"": 0.8291055619681034, ""weight"": 0.25}, {""p_home_win"": 0.9145527809840517, ""weight"": 0.5}, {""p_home_win"": 1.0, ""weight"": 0.25}]",10.403858243286534,,elo,"{'home_advantage': 1.9744517212749215, 'scale': 0.3969383382633563, 'error_term': 12.639518507702444, 'win_prob_k': 4.388820438827768}",1.0,8.0
2025-11-03,Memphis Grizzlies,Detroit Pistons,106.0,114.0,False,False,2025-11-03|Detroit Pistons|Memphis Grizzlies,,,,2025-11-03|Detroit Pistons|Memphis Grizzlies,0.3210036291720384,"[{""p_home_win"": 0.0, ""weight"": 0.25}, {""p_home_win"": 0.3210036291720384, ""weight"": 0.5}, {""p_home_win"": 0.6420072583440768, ""weight"": 0.25}]",-3.2879434390403617,,elo,"{'home_advantage': 1.9744517212749215, 'scale': 0.3969383382633563, 'error_term': 12.639518507702444, 'win_prob_k': 4.388820438827768}",0.0,-8.0
2025-11-03,Denver Nuggets,Sacramento Kings,130.0,124.0,False,False,2025-11-03|Sacramento Kings|Denver Nuggets,,,,2025-11-03|Sacramento Kings|Denver Nuggets,0.8279618390802185,"[{""p_home_win"": 0.655923678160437, ""weight"": 0.25}, {""p_home_win"": 0.8279618390802185, ""weight"": 0.5}, {""p_home_win"": 1.0, ""weight"": 0.25}]",6.89593739400262,,elo,"{'home_advantage': 1.9744517212749215, 'scale': 0.3969383382633563, 'error_term': 12.639518507702444, 'win_prob_k': 4.388820438827768}",1.0,6.0
2025-11-03,Portland Trail Blazers,Los Angeles Lakers,115.0,123.0,False,False,2025-11-03|Los Angeles Lakers|Portland Trail Blazers,,,,2025-11-03|Los Angeles Lakers|Portland Trail Blazers,0.5402329121706498,"[{""p_home_win"": 0.08046582434129967, ""weight"": 0.25}, {""p_home_win"": 0.5402329121706498, ""weight"": 0.5}, {""p_home_win"": 1.0, ""weight"": 0.25}]",0.7078304304226049,,elo,"{'home_advantage': 1.9744517212749215, 'scale': 0.3969383382633563, 'error_term': 12.639518507702444, 'win_prob_k': 4.388820438827768}",0.0,-8.0
2025-11-03,Los Angeles Clippers,Miami Heat,119.0,120.0,False,False,2025-11-03|Miami Heat|Los Angeles Clippers,,,,2025-11-03|Miami Heat|Los Angeles Clippers,0.6184172265235665,"[{""p_home_win"": 0.2368344530471329, ""weight"": 0.25}, {""p_home_win"": 0.6184172265235665, ""weight"": 0.5}, {""p_home_win"": 1.0, ""weight"": 0.25}]",2.1190785647311268,,elo,"{'home_advantage': 1.9744517212749215, 'scale': 0.3969383382633563, 'error_term': 12.639518507702444, 'win_prob_k': 4.388820438827768}",0.0,-1.0
2025-11-04,Toronto Raptors,Milwaukee Bucks,128.0,100.0,False,False,2025-11-04|Milwaukee Bucks|Toronto Raptors,,,,2025-11-04|Milwaukee Bucks|Toronto Raptors,0.3067423733487172,"[{""p_home_win"": 0.0, ""weight"": 0.25}, {""p_home_win"": 0.3067423733487172, ""weight"": 0.5}, {""p_home_win"": 0.6134847466974344, ""weight"": 0.25}]",-3.668734196387517,,elo,"{'home_advantage': 2.0007855332967, 'scale': 0.3533475281289651, 'error_term': 12.083154901258512, 'win_prob_k': 4.499342161678854}",1.0,28.0
2025-11-04,Atlanta Hawks,Orlando Magic,127.0,112.0,False,False,2025-11-04|Orlando Magic|Atlanta Hawks,,,,2025-11-04|Orlando Magic|Atlanta Hawks,0.6534780447798508,"[{""p_home_win"": 0.30695608955970166, ""weight"": 0.25}, {""p_home_win"": 0.6534780447798508, ""weight"": 0.5}, {""p_home_win"": 1.0, ""weight"": 0.25}]",2.8542150969753752,,elo,"{'home_advantage': 2.0007855332967, 'scale': 0.3533475281289651, 'error_term': 12.083154901258512, 'win_prob_k': 4.499342161678854}",1.0,15.0
2025-11-04,Chicago Bulls,Philadelphia 76ers,113.0,111.0,False,False,2025-11-04|Philadelphia 76ers|Chicago Bulls,,,,2025-11-04|Philadelphia 76ers|Chicago Bulls,0.5591643993180813,"[{""p_home_win"": 0.11832879863616252, ""weight"": 0.25}, {""p_home_win"": 0.5591643993180813, ""weight"": 0.5}, {""p_home_win"": 1.0, ""weight"": 0.25}]",1.0698153659480396,,elo,"{'home_advantage': 2.0007855332967, 'scale': 0.3533475281289651, 'error_term': 12.083154901258512, 'win_prob_k': 4.499342161678854}",1.0,2.0
2025-11-04,New Orleans Pelicans,Charlotte Hornets,116.0,112.0,False,False,2025-11-04|Charlotte Hornets|New Orleans Pelicans,,,,2025-11-04|Charlotte Hornets|New Orleans Pelicans,0.2546924083590228,"[{""p_home_win"": 0.0, ""weight"": 0.25}, {""p_home_win"": 0.2546924083590228, ""weight"": 0.5}, {""p_home_win"": 0.5093848167180456, ""weight"": 0.25}]",-4.831125598746201,,elo,"{'home_advantage': 2.0007855332967, 'scale': 0.3533475281289651, 'error_term': 12.083154901258512, 'win_prob_k': 4.499342161678854}",1.0,4.0
2025-11-04,Golden State Warriors,Phoenix Suns,118.0,107.0,False,False,2025-11-04|Phoenix Suns|Golden State Warriors,,,,2025-11-04|Phoenix Suns|Golden State Warriors,0.7912992254222981,"[{""p_home_win"": 0.5825984508445963, ""weight"": 0.25}, {""p_home_win"": 0.7912992254222981, ""weight"": 0.5}, {""p_home_win"": 1.0, ""weight"": 0.25}]",5.996609211792526,,elo,"{'home_advantage': 2.0007855332967, 'scale': 0.3533475281289651, 'error_term': 12.083154901258512, 'win_prob_k': 4.499342161678854}",1.0,11.0
2025-11-04,Los Angeles Clippers,Oklahoma City Thunder,107.0,126.0,False,False,2025-11-04|Oklahoma City Thunder|Los Angeles Clippers,,,,2025-11-04|Oklahoma City Thunder|Los Angeles Clippers,0.09390861641603136,"[{""p_home_win"": 0.0, ""weight"": 0.25}, {""p_home_win"": 0.09390861641603136, ""weight"": 0.5}, {""p_home_win"": 0.18781723283206272, ""weight"": 0.25}]",-10.199189900209795,,elo,"{'home_advantage': 2.0007855332967, 'scale': 0.3533475281289651, 'error_term': 12.083154901258512, 'win_prob_k': 4.499342161678854}",0.0,-19.0
2025-11-05,Cleveland Cavaliers,Philadelphia 76ers,132.0,121.0,False,False,2025-11-05|Philadelphia 76ers|Cleveland Cavaliers,,,,2025-11-05|Philadelphia 76ers|Cleveland Cavaliers,0.46396461957893026,"[{""p_home_win"": 0.0, ""weight"": 0.25}, {""p_home_win"": 0.46396461957893026, ""weight"": 0.5}, {""p_home_win"": 0.9279292391578605, ""weight"": 0.25}]",-0.6336387524870055,,elo,"{'home_advantage': 2.4737533952006903, 'scale': 0.340529168059153, 'error_term': 12.237231779670115, 'win_prob_k': 4.388327113321413}",1.0,11.0
2025-11-05,Detroit Pistons,Utah Jazz,114.0,103.0,False,False,2025-11-05|Utah Jazz|Detroit Pistons,,,,2025-11-05|Utah Jazz|Detroit Pistons,0.8659339784726899,"[{""p_home_win"": 0.7318679569453799, ""weight"": 0.25}, {""p_home_win"": 0.8659339784726899, ""weight"": 0.5}, {""p_home_win"": 1.0, ""weight"": 0.25}]",8.186320190330079,,elo,"{'home_advantage': 2.4737533952006903, 'scale': 0.340529168059153, 'error_term': 12.237231779670115, 'win_prob_k': 4.388327113321413}",1.0,11.0
2025-11-05,Indiana Pacers,Brooklyn Nets,103.0,112.0,False,False,2025-11-05|Brooklyn Nets|Indiana Pacers,,,,2025-11-05|Brooklyn Nets|Indiana Pacers,0.7911626488816331,"[{""p_home_win"": 0.5823252977632662, ""weight"": 0.25}, {""p_home_win"": 0.7911626488816331, ""weight"": 0.5}, {""p_home_win"": 1.0, ""weight"": 0.25}]",5.845022847576036,,elo,"{'home_advantage': 2.4737533952006903, 'scale': 0.340529168059153, 'error_term': 12.237231779670115, 'win_prob_k': 4.388327113321413}",0.0,-9.0
2025-11-05,Boston Celtics,Washington Wizards,136.0,107.0,False,False,2025-11-05|Washington Wizards|Boston Celtics,,,,2025-11-05|Washington Wizards|Boston Celtics,0.8329025815545297,"[{""p_home_win"": 0.6658051631090594, ""weight"": 0.25}, {""p_home_win"": 0.8329025815545297, ""weight"": 0.5}, {""p_home_win"": 1.0, ""weight"": 0.25}]",7.04914405911397,,elo,"{'home_advantage': 2.4737533952006903, 'scale': 0.340529168059153, 'error_term': 12.237231779670115, 'win_prob_k': 4.388327113321413}",1.0,29.0
2025-11-05,New York Knicks,Minnesota Timberwolves,137.0,114.0,False,False,2025-11-05|Minnesota Timberwolves|New York Knicks,,,,2025-11-05|Minnesota Timberwolves|New York Knicks,0.6030014731830828,"[{""p_home_win"": 0.20600294636616567, ""weight"": 0.25}, {""p_home_win"": 0.6030014731830828, ""weight"": 0.5}, {""p_home_win"": 1.0, ""weight"": 0.25}]",1.834263991957394,,elo,"{'home_advantage': 2.4737533952006903, 'scale': 0.340529168059153, 'error_term': 12.237231779670115, 'win_prob_k': 4.388327113321413}",1.0,23.0
2025-11-05,Memphis Grizzlies,Houston Rockets,109.0,124.0,False,False,2025-11-05|Houston Rockets|Memphis Grizzlies,,,,2025-11-05|Houston Rockets|Memphis Grizzlies,0.2343615186774007,"[{""p_home_win"": 0.0, ""weight"": 0.25}, {""p_home_win"": 0.2343615186774007, ""weight"": 0.5}, {""p_home_win"": 0.4687230373548014, ""weight"": 0.25}]",-5.195100107951979,,elo,"{'home_advantage': 2.4737533952006903, 'scale': 0.340529168059153, 'error_term': 12.237231779670115, 'win_prob_k': 4.388327113321413}",0.0,-15.0
2025-11-05,Dallas Mavericks,New Orleans Pelicans,99.0,101.0,False,False,2025-11-05|New Orleans Pelicans|Dallas Mavericks,,,,2025-11-05|New Orleans Pelicans|Dallas Mavericks,0.7036807941072398,"[{""p_home_win"": 0.40736158821447965, ""weight"": 0.25}, {""p_home_win"": 0.7036807941072398, ""weight"": 0.5}, {""p_home_win"": 1.0, ""weight"": 0.25}]",3.795409548459236,,elo,"{'home_advantage': 2.4737533952006903, 'scale': 0.340529168059153, 'error_term': 12.237231779670115, 'win_prob_k': 4.388327113321413}",0.0,-2.0
2025-11-05,Denver Nuggets,Miami Heat,122.0,112.0,False,False,2025-11-05|Miami Heat|Denver Nuggets,,,,2025-11-05|Miami Heat|Denver Nuggets,0.6406099003585264,"[{""p_home_win"": 0.28121980071705277, ""weight"": 0.25}, {""p_home_win"": 0.6406099003585264, ""weight"": 0.5}, {""p_home_win"": 1.0, ""weight"": 0.25}]",2.5365068935169917,,elo,"{'home_advantage': 2.4737533952006903, 'scale': 0.340529168059153, 'error_term': 12.237231779670115, 'win_prob_k': 4.388327113321413}",1.0,10.0
2025-11-05,Los Angeles Lakers,San Antonio Spurs,118.0,116.0,False,False,2025-11-05|San Antonio Spurs|Los Angeles Lakers,,,,2025-11-05|San Antonio Spurs|Los Angeles Lakers,0.6597179430594062,"[{""p_home_win"": 0.31943588611881246, ""weight"": 0.25}, {""p_home_win"": 0.6597179430594062, ""weight"": 0.5}, {""p_home_win"": 1.0, ""weight"": 0.25}]",2.9052372505671142,,elo,"{'home_advantage': 2.4737533952006903, 'scale': 0.340529168059153, 'error_term': 12.237231779670115, 'win_prob_k': 4.388327113321413}",1.0,2.0
2025-11-05,Portland Trail Blazers,Oklahoma City Thunder,121.0,119.0,False,False,2025-11-05|Oklahoma City Thunder|Portland Trail Blazers,,,,2025-11-05|Oklahoma City Thunder|Portland Trail Blazers,0.11608726597564442,"[{""p_home_win"": 0.0, ""weight"": 0.25}, {""p_home_win"": 0.11608726597564442, ""weight"": 0.5}, {""p_home_win"": 0.23217453195128884, ""weight"": 0.25}]",-8.908374865133593,,elo,"{'home_advantage': 2.4737533952006903, 'scale': 0.340529168059153, 'error_term': 12.237231779670115, 'win_prob_k': 4.388327113321413}",1.0,2.0
2025-11-05,Sacramento Kings,Golden State Warriors,121.0,116.0,False,False,2025-11-05|Golden State Warriors|Sacramento Kings,,,,2025-11-05|Golden State Warriors|Sacramento Kings,0.29525666055389976,"[{""p_home_win"": 0.0, ""weight"": 0.25}, {""p_home_win"": 0.29525666055389976, ""weight"": 0.5}, {""p_home_win"": 0.5905133211077995, ""weight"": 0.25}]",-3.8177948475599077,,elo,"{'home_advantage': 2.4737533952006903, 'scale': 0.340529168059153, 'error_term': 12.237231779670115, 'win_prob_k': 4.388327113321413}",1.0,5.0
2025-11-06,Phoenix Suns,Los Angeles Clippers,115.0,102.0,False,False,2025-11-06|Los Angeles Clippers|Phoenix Suns,,,,2025-11-06|Los Angeles Clippers|Phoenix Suns,0.6438018471079068,"[{""p_home_win"": 0.28760369421581355, ""weight"": 0.25}, {""p_home_win"": 0.6438018471079068, ""weight"": 0.5}, {""p_home_win"": 1.0, ""weight"": 0.25}]",2.764376287028796,,elo,"{'home_advantage': 2.9225032089928686, 'scale': 0.35615849346640976, 'error_term': 11.993416396891517, 'win_prob_k': 4.670313443679547}",1.0,13.0
2025-11-07,Orlando Magic,Boston Celtics,123.0,110.0,False,False,2025-11-07|Boston Celtics|Orlando Magic,,,,2025-11-07|Boston Celtics|Orlando Magic,0.6424033437014819,"[{""p_home_win"": 0.2848066874029638, ""weight"": 0.25}, {""p_home_win"": 0.6424033437014819, ""weight"": 0.5}, {""p_home_win"": 1.0, ""weight"": 0.25}]",2.742347155275231,,elo,"{'home_advantage': 3.0170342164293604, 'scale': 0.3553334424153438, 'error_term': 11.97535749851778, 'win_prob_k': 4.681285735078658}",1.0,13.0
2025-11-07,Washington Wizards,Cleveland Cavaliers,115.0,148.0,False,False,2025-11-07|Cleveland Cavaliers|Washington Wizards,,,,2025-11-07|Cleveland Cavaliers|Washington Wizards,0.11196684535495481,"[{""p_home_win"": 0.0, ""weight"": 0.25}, {""p_home_win"": 0.11196684535495481, ""weight"": 0.5}, {""p_home_win"": 0.22393369070990962, ""weight"": 0.25}]",-9.694035874108827,,elo,"{'home_advantage': 3.0170342164293604, 'scale': 0.3553334424153438, 'error_term': 11.97535749851778, 'win_prob_k': 4.681285735078658}",0.0,-33.0
2025-11-07,Atlanta Hawks,Toronto Raptors,97.0,109.0,False,False,2025-11-07|Toronto Raptors|Atlanta Hawks,,,,2025-11-07|Toronto Raptors|Atlanta Hawks,0.6945313525752269,"[{""p_home_win"": 0.3890627051504538, ""weight"": 0.25}, {""p_home_win"": 0.6945313525752269, ""weight"": 0.5}, {""p_home_win"": 1.0, ""weight"": 0.25}]",3.8451620343289865,,elo,"{'home_advantage': 3.0170342164293604, 'scale': 0.3553334424153438, 'error_term': 11.97535749851778, 'win_prob_k': 4.681285735078658}",0.0,-12.0
2025-11-07,Brooklyn Nets,Detroit Pistons,107.0,125.0,False,False,2025-11-07|Detroit Pistons|Brooklyn Nets,,,,2025-11-07|Detroit Pistons|Brooklyn Nets,0.059579011232906154,"[{""p_home_win"": 0.0, ""weight"": 0.25}, {""p_home_win"": 0.059579011232906154, ""weight"": 0.5}, {""p_home_win"": 0.11915802246581231, ""weight"": 0.25}]",-12.915781022809346,,elo,"{'home_advantage': 3.0170342164293604, 'scale': 0.3553334424153438, 'error_term': 11.97535749851778, 'win_prob_k': 4.681285735078658}",0.0,-18.0
2025-11-07,San Antonio Spurs,Houston Rockets,121.0,110.0,False,False,2025-11-07|Houston Rockets|San Antonio Spurs,,,,2025-11-07|Houston Rockets|San Antonio Spurs,0.6445396521317034,"[{""p_home_win"": 0.2890793042634068, ""weight"": 0.25}, {""p_home_win"": 0.6445396521317034, ""weight"": 0.5}, {""p_home_win"": 1.0, ""weight"": 0.25}]",2.785939127027944,,elo,"{'home_advantage': 3.0170342164293604, 'scale': 0.3553334424153438, 'error_term': 11.97535749851778, 'win_prob_k': 4.681285735078658}",1.0,11.0
2025-11-07,Memphis Grizzlies,Dallas Mavericks,118.0,104.0,False,False,2025-11-07|Dallas Mavericks|Memphis Grizzlies,,,,2025-11-07|Dallas Mavericks|Memphis Grizzlies,0.7461884713045717,"[{""p_home_win"": 0.49237694260914333, ""weight"": 0.25}, {""p_home_win"": 0.7461884713045717, ""weight"": 0.5}, {""p_home_win"": 1.0, ""weight"": 0.25}]",5.048234085768349,,elo,"{'home_advantage': 3.0170342164293604, 'scale': 0.3553334424153438, 'error_term': 11.97535749851778, 'win_prob_k': 4.681285735078658}",1.0,14.0
2025-11-07,Miami Heat,Charlotte Hornets,126.0,108.0,False,False,2025-11-07|Charlotte Hornets|Miami Heat,,,,2025-11-07|Charlotte Hornets|Miami Heat,0.8682661509161609,"[{""p_home_win"": 0.7365323018323218, ""weight"": 0.25}, {""p_home_win"": 0.8682661509161609, ""weight"": 0.5}, {""p_home_win"": 1.0, ""weight"": 0.25}]",8.827569329431837,,elo,"{'home_advantage': 3.0170342164293604, 'scale': 0.3553334424153438, 'error_term': 11.97535749851778, 'win_prob_k': 4.681285735078658}",1.0,18.0
2025-11-07,Milwaukee Bucks,Chicago Bulls,126.0,110.0,False,False,2025-11-07|Chicago Bulls|Milwaukee Bucks,,,,2025-11-07|Chicago Bulls|Milwaukee Bucks,0.45882014764027645,"[{""p_home_win"": 0.0, ""weight"": 0.25}, {""p_home_win"": 0.45882014764027645, ""weight"": 0.5}, {""p_home_win"": 0.9176402952805529, ""weight"": 0.25}]",-0.7728492370956732,,elo,"{'home_advantage': 3.0170342164293604, 'scale': 0.3553334424153438, 'error_term': 11.97535749851778, 'win_prob_k': 4.681285735078658}",1.0,16.0
2025-11-07,Minnesota Timberwolves,Utah Jazz,137.0,97.0,False,False,2025-11-07|Utah Jazz|Minnesota Timberwolves,,,,2025-11-07|Utah Jazz|Minnesota Timberwolves,0.7934036449350009,"[{""p_home_win"": 0.5868072898700019, ""weight"": 0.25}, {""p_home_win"": 0.7934036449350009, ""weight"": 0.5}, {""p_home_win"": 1.0, ""weight"": 0.25}]",6.298975120591281,,elo,"{'home_advantage': 3.0170342164293604, 'scale': 0.3553334424153438, 'error_term': 11.97535749851778, 'win_prob_k': 4.681285735078658}",1.0,40.0
2025-11-07,Denver Nuggets,Golden State Warriors,129.0,104.0,False,False,2025-11-07|Golden State Warriors|Denver Nuggets,,,,2025-11-07|Golden State Warriors|Denver Nuggets,0.7807439423171671,"[{""p_home_win"": 0.5614878846343343, ""weight"": 0.25}, {""p_home_win"": 0.7807439423171671, ""weight"": 0.5}, {""p_home_win"": 1.0, ""weight"": 0.25}]",5.945265546522162,,elo,"{'home_advantage': 3.0170342164293604, 'scale': 0.3553334424153438, 'error_term': 11.97535749851778, 'win_prob_k': 4.681285735078658}",1.0,25.0
2025-11-07,Sacramento Kings,Oklahoma City Thunder,101.0,132.0,False,False,2025-11-07|Oklahoma City Thunder|Sacramento Kings,,,,2025-11-07|Oklahoma City Thunder|Sacramento Kings,0.08860243024556952,"[{""p_home_win"": 0.0, ""weight"": 0.25}, {""p_home_win"": 0.08860243024556952, ""weight"": 0.5}, {""p_home_win"": 0.17720486049113904, ""weight"": 0.25}]",-10.911234069150566,,elo,"{'home_advantage': 3.0170342164293604, 'scale': 0.3553334424153438, 'error_term': 11.97535749851778, 'win_prob_k': 4.681285735078658}",0.0,-31.0
2025-11-08,Washington Wizards,Dallas Mavericks,105.0,111.0,False,False,2025-11-08|Dallas Mavericks|Washington Wizards,,,,2025-11-08|Dallas Mavericks|Washington Wizards,0.5991218888613463,"[{""p_home_win"": 0.19824377772269264, ""weight"": 0.25}, {""p_home_win"": 0.5991218888613463, ""weight"": 0.5}, {""p_home_win"": 1.0, ""weight"": 0.25}]",1.9523458942349392,,elo,"{'home_advantage': 3.2862896396102963, 'scale': 0.3434029667267545, 'error_term': 12.385673173605797, 'win_prob_k': 4.8589067793916705}",0.0,-6.0
2025-11-08,Philadelphia 76ers,Toronto Raptors,130.0,120.0,False,False,2025-11-08|Toronto Raptors|Philadelphia 76ers,,,,2025-11-08|Toronto Raptors|Philadelphia 76ers,0.7270809913363222,"[{""p_home_win"": 0.4541619826726444, ""weight"": 0.25}, {""p_home_win"": 0.7270809913363222, ""weight"": 0.5}, {""p_home_win"": 1.0, ""weight"": 0.25}]",4.76106198520102,,elo,"{'home_advantage': 3.2862896396102963, 'scale': 0.3434029667267545, 'error_term': 12.385673173605797, 'win_prob_k': 4.8589067793916705}",1.0,10.0
2025-11-08,Atlanta Hawks,Los Angeles Lakers,122.0,102.0,False,False,2025-11-08|Los Angeles Lakers|Atlanta Hawks,,,,2025-11-08|Los Angeles Lakers|Atlanta Hawks,0.22487899035333075,"[{""p_home_win"": 0.0, ""weight"": 0.25}, {""p_home_win"": 0.22487899035333075, ""weight"": 0.5}, {""p_home_win"": 0.4497579807066615, ""weight"": 0.25}]",-6.012686854606964,,elo,"{'home_advantage': 3.2862896396102963, 'scale': 0.3434029667267545, 'error_term': 12.385673173605797, 'win_prob_k': 4.8589067793916705}",1.0,20.0
2025-11-08,Cleveland Cavaliers,Chicago Bulls,128.0,122.0,False,False,2025-11-08|Chicago Bulls|Cleveland Cavaliers,,,,2025-11-08|Chicago Bulls|Cleveland Cavaliers,0.6568619919307386,"[{""p_home_win"": 0.31372398386147715, ""weight"": 0.25}, {""p_home_win"": 0.6568619919307386, ""weight"": 0.5}, {""p_home_win"": 1.0, ""weight"": 0.25}]",3.1550884382405235,,elo,"{'home_advantage': 3.2862896396102963, 'scale': 0.3434029667267545, 'error_term': 12.385673173605797, 'win_prob_k': 4.8589067793916705}",1.0,6.0
2025-11-08,Miami Heat,Portland Trail Blazers,136.0,131.0,False,False,2025-11-08|Portland Trail Blazers|Miami Heat,,,,2025-11-08|Portland Trail Blazers|Miami Heat,0.6808128286343047,"[{""p_home_win"": 0.3616256572686094, ""weight"": 0.25}, {""p_home_win"": 0.6808128286343047, ""weight"": 0.5}, {""p_home_win"": 1.0, ""weight"": 0.25}]",3.6806692390342746,,elo,"{'home_advantage': 3.2862896396102963, 'scale': 0.3434029667267545, 'error_term': 12.385673173605797, 'win_prob_k': 4.8589067793916705}",1.0,5.0
2025-11-08,San Antonio Spurs,New Orleans Pelicans,126.0,119.0,False,False,2025-11-08|New Orleans Pelicans|San Antonio Spurs,,,,2025-11-08|New Orleans Pelicans|San Antonio Spurs,0.9571032926868492,"[{""p_home_win"": 0.9142065853736985, ""weight"": 0.25}, {""p_home_win"": 0.9571032926868492, ""weight"": 0.5}, {""p_home_win"": 1.0, ""weight"": 0.25}]",15.087470393499938,,elo,"{'home_advantage': 3.2862896396102963, 'scale': 0.3434029667267545, 'error_term': 12.385673173605797, 'win_prob_k': 4.8589067793916705}",1.0,7.0
2025-11-08,Denver Nuggets,Indiana Pacers,117.0,100.0,False,False,2025-11-08|Indiana Pacers|Denver Nuggets,,,,2025-11-08|Indiana Pacers|Denver Nuggets,0.9837759800625435,"[{""p_home_win"": 0.967551960125087, ""weight"": 0.25}, {""p_home_win"": 0.9837759800625435, ""weight"": 0.5}, {""p_home_win"": 1.0, ""weight"": 0.25}]",19.945352445054077,,elo,"{'home_advantage': 3.2862896396102963, 'scale': 0.3434029667267545, 'error_term': 12.385673173605797, 'win_prob_k': 4.8589067793916705}",1.0,17.0
2025-11-08,Los Angeles Clippers,Phoenix Suns,103.0,114.0,False,False,2025-11-08|Phoenix Suns|Los Angeles Clippers,,,,2025-11-08|Phoenix Suns|Los Angeles Clippers,0.5493689528261675,"[{""p_home_win"": 0.09873790565233498, ""weight"": 0.25}, {""p_home_win"": 0.5493689528261675, ""weight"": 0.5}, {""p_home_win"": 1.0, ""weight"": 0.25}]",0.9626530906502628,,elo,"{'home_advantage': 3.2862896396102963, 'scale': 0.3434029667267545, 'error_term': 12.385673173605797, 'win_prob_k': 4.8589067793916705}",0.0,-11.0
2025-11-09,Milwaukee Bucks,Houston Rockets,115.0,122.0,False,False,2025-11-09|Houston Rockets|Milwaukee Bucks,,,,2025-11-09|Houston Rockets|Milwaukee Bucks,0.6688024861225021,"[{""p_home_win"": 0.3376049722450043, ""weight"": 0.25}, {""p_home_win"": 0.6688024861225021, ""weight"": 0.5}, {""p_home_win"": 1.0, ""weight"": 0.25}]",3.478492652396117,,elo,"{'home_advantage': 3.2951734010274327, 'scale': 0.32191137925511243, 'error_term': 12.194764514116597, 'win_prob_k': 4.949661385609861}",0.0,-7.0
2025-11-09,Memphis Grizzlies,Oklahoma City Thunder,100.0,114.0,False,False,2025-11-09|Oklahoma City Thunder|Memphis Grizzlies,,,,2025-11-09|Oklahoma City Thunder|Memphis Grizzlies,0.0524970680126116,"[{""p_home_win"": 0.0, ""weight"": 0.25}, {""p_home_win"": 0.0524970680126116, ""weight"": 0.5}, {""p_home_win"": 0.1049941360252232, ""weight"": 0.25}]",-14.319730282103297,,elo,"{'home_advantage': 3.2951734010274327, 'scale': 0.32191137925511243, 'error_term': 12.194764514116597, 'win_prob_k': 4.949661385609861}",0.0,-14.0
2025-11-09,New York Knicks,Brooklyn Nets,134.0,98.0,False,False,2025-11-09|Brooklyn Nets|New York Knicks,,,,2025-11-09|Brooklyn Nets|New York Knicks,0.9669978930277981,"[{""p_home_win"": 0.9339957860555963, ""weight"": 0.25}, {""p_home_win"": 0.9669978930277981, ""weight"": 0.5}, {""p_home_win"": 1.0, ""weight"": 0.25}]",16.71809958965118,,elo,"{'home_advantage': 3.2951734010274327, 'scale': 0.32191137925511243, 'error_term': 12.194764514116597, 'win_prob_k': 4.949661385609861}",1.0,36.0
2025-11-09,Orlando Magic,Boston Celtics,107.0,111.0,False,False,2025-11-09|Boston Celtics|Orlando Magic,,,,2025-11-09|Boston Celtics|Orlando Magic,0.7474347609024922,"[{""p_home_win"": 0.49486952180498434, ""weight"": 0.25}, {""p_home_win"": 0.7474347609024922, ""weight"": 0.5}, {""p_home_win"": 1.0, ""weight"": 0.25}]",5.370270924498913,,elo,"{'home_advantage': 3.2951734010274327, 'scale': 0.32191137925511243, 'error_term': 12.194764514116597, 'win_prob_k': 4.949661385609861}",0.0,-4.0
2025-11-09,Philadelphia 76ers,Detroit Pistons,108.0,111.0,False,False,2025-11-09|Detroit Pistons|Philadelphia 76ers,,,,2025-11-09|Detroit Pistons|Philadelphia 76ers,0.5495157680267823,"[{""p_home_win"": 0.09903153605356452, ""weight"": 0.25}, {""p_home_win"": 0.5495157680267823, ""weight"": 0.5}, {""p_home_win"": 1.0, ""weight"": 0.25}]",0.9835689597354871,,elo,"{'home_advantage': 3.2951734010274327, 'scale': 0.32191137925511243, 'error_term': 12.194764514116597, 'win_prob_k': 4.949661385609861}",0.0,-3.0
2025-11-09,Golden State Warriors,Indiana Pacers,114.0,83.0,False,False,2025-11-09|Indiana Pacers|Golden State Warriors,,,,2025-11-09|Indiana Pacers|Golden State Warriors,0.9536841833995588,"[{""p_home_win"": 0.9073683667991177, ""weight"": 0.25}, {""p_home_win"": 0.9536841833995588, ""weight"": 0.5}, {""p_home_win"": 1.0, ""weight"": 0.25}]",14.971978579628363,,elo,"{'home_advantage': 3.2951734010274327, 'scale': 0.32191137925511243, 'error_term': 12.194764514116597, 'win_prob_k': 4.949661385609861}",1.0,31.0
2025-11-09,Sacramento Kings,Minnesota Timberwolves,117.0,144.0,False,False,2025-11-09|Minnesota Timberwolves|Sacramento Kings,,,,2025-11-09|Minnesota Timberwolves|Sacramento Kings,0.39106398876915505,"[{""p_home_win"": 0.0, ""weight"": 0.25}, {""p_home_win"": 0.39106398876915505, ""weight"": 0.5}, {""p_home_win"": 0.7821279775383101, ""weight"": 0.25}]",-2.1919178957625425,,elo,"{'home_advantage': 3.2951734010274327, 'scale': 0.32191137925511243, 'error_term': 12.194764514116597, 'win_prob_k': 4.949661385609861}",0.0,-27.0
2025-11-10,Charlotte Hornets,Los Angeles Lakers,111.0,121.0,False,False,2025-11-10|Los Angeles Lakers|Charlotte Hornets,,,,2025-11-10|Los Angeles Lakers|Charlotte Hornets,0.2000907050999565,"[{""p_home_win"": 0.0, ""weight"": 0.25}, {""p_home_win"": 0.2000907050999565, ""weight"": 0.5}, {""p_home_win"": 0.400181410199913, ""weight"": 0.25}]",-7.080734526844321,,elo,"{'home_advantage': 3.391188281569567, 'scale': 0.3131028473747578, 'error_term': 12.199366181917059, 'win_prob_k': 5.109759507655205}",0.0,-10.0
2025-11-10,Detroit Pistons,Washington Wizards,137.0,135.0,False,False,2025-11-10|Washington Wizards|Detroit Pistons,,,,2025-11-10|Washington Wizards|Detroit Pistons,0.991452839097772,"[{""p_home_win"": 0.9829056781955441, ""weight"": 0.25}, {""p_home_win"": 0.991452839097772, ""weight"": 0.5}, {""p_home_win"": 1.0, ""weight"": 0.25}]",24.289610805776153,,elo,"{'home_advantage': 3.391188281569567, 'scale': 0.3131028473747578, 'error_term': 12.199366181917059, 'win_prob_k': 5.109759507655205}",1.0,2.0
2025-11-10,Orlando Magic,Portland Trail Blazers,115.0,112.0,False,False,2025-11-10|Portland Trail Blazers|Orlando Magic,,,,2025-11-10|Portland Trail Blazers|Orlando Magic,0.4508030725463805,"[{""p_home_win"": 0.0, ""weight"": 0.25}, {""p_home_win"": 0.4508030725463805, ""weight"": 0.5}, {""p_home_win"": 0.901606145092761, ""weight"": 0.25}]",-1.008801840326543,,elo,"{'home_advantage': 3.391188281569567, 'scale': 0.3131028473747578, 'error_term': 12.199366181917059, 'win_prob_k': 5.109759507655205}",1.0,3.0
2025-11-10,Miami Heat,Cleveland Cavaliers,140.0,138.0,False,False,2025-11-10|Cleveland Cavaliers|Miami Heat,,,,2025-11-10|Cleveland Cavaliers|Miami Heat,0.5691510185140445,"[{""p_home_win"": 0.13830203702808896, ""weight"": 0.25}, {""p_home_win"": 0.5691510185140445, ""weight"": 0.5}, {""p_home_win"": 1.0, ""weight"": 0.25}]",1.422496606582115,,elo,"{'home_advantage': 3.391188281569567, 'scale': 0.3131028473747578, 'error_term': 12.199366181917059, 'win_prob_k': 5.109759507655205}",1.0,2.0
2025-11-10,Chicago Bulls,San Antonio Spurs,117.0,121.0,False,False,2025-11-10|San Antonio Spurs|Chicago Bulls,,,,2025-11-10|San Antonio Spurs|Chicago Bulls,0.5192130329315991,"[{""p_home_win"": 0.0384260658631983, ""weight"": 0.25}, {""p_home_win"": 0.5192130329315991, ""weight"": 0.5}, {""p_home_win"": 1.0, ""weight"": 0.25}]",0.39288936221087756,,elo,"{'home_advantage': 3.391188281569567, 'scale': 0.3131028473747578, 'error_term': 12.199366181917059, 'win_prob_k': 5.109759507655205}",0.0,-4.0
2025-11-10,Dallas Mavericks,Milwaukee Bucks,114.0,116.0,False,False,2025-11-10|Milwaukee Bucks|Dallas Mavericks,,,,2025-11-10|Milwaukee Bucks|Dallas Mavericks,0.2569713033408521,"[{""p_home_win"": 0.0, ""weight"": 0.25}, {""p_home_win"": 0.2569713033408521, ""weight"": 0.5}, {""p_home_win"": 0.5139426066817042, ""weight"": 0.25}]",-5.425390620450997,,elo,"{'home_advantage': 3.391188281569567, 'scale': 0.3131028473747578, 'error_term': 12.199366181917059, 'win_prob_k': 5.109759507655205}",0.0,-2.0
2025-11-10,Phoenix Suns,New Orleans Pelicans,121.0,98.0,False,False,2025-11-10|New Orleans Pelicans|Phoenix Suns,,,,2025-11-10|New Orleans Pelicans|Phoenix Suns,0.864152458691209,"[{""p_home_win"": 0.7283049173824181, ""weight"": 0.25}, {""p_home_win"": 0.864152458691209, ""weight"": 0.5}, {""p_home_win"": 1.0, ""weight"": 0.25}]",9.454158658847735,,elo,"{'home_advantage': 3.391188281569567, 'scale': 0.3131028473747578, 'error_term': 12.199366181917059, 'win_prob_k': 5.109759507655205}",1.0,23.0
2025-11-10,Utah Jazz,Minnesota Timberwolves,113.0,120.0,False,False,2025-11-10|Minnesota Timberwolves|Utah Jazz,,,,2025-11-10|Minnesota Timberwolves|Utah Jazz,0.3303368763779556,"[{""p_home_win"": 0.0, ""weight"": 0.25}, {""p_home_win"": 0.3303368763779556, ""weight"": 0.5}, {""p_home_win"": 0.6606737527559112, ""weight"": 0.25}]",-3.6108719233204067,,elo,"{'home_advantage': 3.391188281569567, 'scale': 0.3131028473747578, 'error_term': 12.199366181917059, 'win_prob_k': 5.109759507655205}",0.0,-7.0
2025-11-10,Los Angeles Clippers,Atlanta Hawks,102.0,105.0,False,False,2025-11-10|Atlanta Hawks|Los Angeles Clippers,,,,2025-11-10|Atlanta Hawks|Los Angeles Clippers,0.37371526688225504,"[{""p_home_win"": 0.0, ""weight"": 0.25}, {""p_home_win"": 0.37371526688225504, ""weight"": 0.5}, {""p_home_win"": 0.7474305337645101, ""weight"": 0.25}]",-2.638224652598519,,elo,"{'home_advantage': 3.391188281569567, 'scale': 0.3131028473747578, 'error_term': 12.199366181917059, 'win_prob_k': 5.109759507655205}",0.0,-3.0
2025-11-11,Brooklyn Nets,Toronto Raptors,109.0,119.0,False,False,2025-11-11|Toronto Raptors|Brooklyn Nets,,,,2025-11-11|Toronto Raptors|Brooklyn Nets,0.16450542498691656,"[{""p_home_win"": 0.0, ""weight"": 0.25}, {""p_home_win"": 0.16450542498691656, ""weight"": 0.5}, {""p_home_win"": 0.3290108499738331, ""weight"": 0.25}]",-8.037302388580772,,elo,"{'home_advantage': 3.3311408158299733, 'scale': 0.27782334892959654, 'error_term': 12.089350199738469, 'win_prob_k': 4.945787821011567}",0.0,-10.0
2025-11-11,New York Knicks,Memphis Grizzlies,133.0,120.0,False,False,2025-11-11|Memphis Grizzlies|New York Knicks,,,,2025-11-11|Memphis Grizzlies|New York Knicks,0.9198108280914236,"[{""p_home_win"": 0.8396216561828471, ""weight"": 0.25}, {""p_home_win"": 0.9198108280914236, ""weight"": 0.5}, {""p_home_win"": 1.0, ""weight"": 0.25}]",12.066631910709022,,elo,"{'home_advantage': 3.3311408158299733, 'scale': 0.27782334892959654, 'error_term': 12.089350199738469, 'win_prob_k': 4.945787821011567}",1.0,13.0
2025-11-11,Oklahoma City Thunder,Golden State Warriors,126.0,102.0,False,False,2025-11-11|Golden State Warriors|Oklahoma City Thunder,,,,2025-11-11|Golden State Warriors|Oklahoma City Thunder,0.9496317393025885,"[{""p_home_win"": 0.899263478605177, ""weight"": 0.25}, {""p_home_win"": 0.9496317393025885, ""weight"": 0.5}, {""p_home_win"": 1.0, ""weight"": 0.25}]",14.524359576982123,,elo,"{'home_advantage': 3.3311408158299733, 'scale': 0.27782334892959654, 'error_term': 12.089350199738469, 'win_prob_k': 4.945787821011567}",1.0,24.0
2025-11-11,Philadelphia 76ers,Boston Celtics,102.0,100.0,False,False,2025-11-11|Boston Celtics|Philadelphia 76ers,,,,2025-11-11|Boston Celtics|Philadelphia 76ers,0.7894223565017993,"[{""p_home_win"": 0.5788447130035985, ""weight"": 0.25}, {""p_home_win"": 0.7894223565017993, ""weight"": 0.5}, {""p_home_win"": 1.0, ""weight"": 0.25}]",6.535596705578403,,elo,"{'home_advantage': 3.3311408158299733, 'scale': 0.27782334892959654, 'error_term': 12.089350199738469, 'win_prob_k': 4.945787821011567}",1.0,2.0
2025-11-11,Utah Jazz,Indiana Pacers,152.0,128.0,False,False,2025-11-11|Indiana Pacers|Utah Jazz,,,,2025-11-11|Indiana Pacers|Utah Jazz,0.8645390432009136,"[{""p_home_win"": 0.7290780864018271, ""weight"": 0.25}, {""p_home_win"": 0.8645390432009136, ""weight"": 0.5}, {""p_home_win"": 1.0, ""weight"": 0.25}]",9.167082069771507,,elo,"{'home_advantage': 3.3311408158299733, 'scale': 0.27782334892959654, 'error_term': 12.089350199738469, 'win_prob_k': 4.945787821011567}",1.0,24.0
2025-11-11,Sacramento Kings,Denver Nuggets,108.0,122.0,False,False,2025-11-11|Denver Nuggets|Sacramento Kings,,,,2025-11-11|Denver Nuggets|Sacramento Kings,0.19234080850600782,"[{""p_home_win"": 0.0, ""weight"": 0.25}, {""p_home_win"": 0.19234080850600782, ""weight"": 0.5}, {""p_home_win"": 0.38468161701201564, ""weight"": 0.25}]",-7.096569168591525,,elo,"{'home_advantage': 3.3311408158299733, 'scale': 0.27782334892959654, 'error_term': 12.089350199738469, 'win_prob_k': 4.945787821011567}",0.0,-14.0
2025-11-12,Charlotte Hornets,Milwaukee Bucks,111.0,100.0,False,False,2025-11-12|Milwaukee Bucks|Charlotte Hornets,,,,2025-11-12|Milwaukee Bucks|Charlotte Hornets,0.2599086504795958,"[{""p_home_win"": 0.0, ""weight"": 0.25}, {""p_home_win"": 0.2599086504795958, ""weight"": 0.5}, {""p_home_win"": 0.5198173009591917, ""weight"": 0.25}]",-5.162712578320659,,elo,"{'home_advantage': 3.3965307317437405, 'scale': 0.26624144053405396, 'error_term': 11.920708659641575, 'win_prob_k': 4.933580338615087}",1.0,11.0
2025-11-12,Detroit Pistons,Chicago Bulls,124.0,113.0,False,False,2025-11-12|Chicago Bulls|Detroit Pistons,,,,2025-11-12|Chicago Bulls|Detroit Pistons,0.8850233571284516,"[{""p_home_win"": 0.7700467142569032, ""weight"": 0.25}, {""p_home_win"": 0.8850233571284516, ""weight"": 0.5}, {""p_home_win"": 1.0, ""weight"": 0.25}]",10.068870280201912,,elo,"{'home_advantage': 3.3965307317437405, 'scale': 0.26624144053405396, 'error_term': 11.920708659641575, 'win_prob_k': 4.933580338615087}",1.0,11.0
2025-11-12,New York Knicks,Orlando Magic,107.0,124.0,False,False,2025-11-12|Orlando Magic|New York Knicks,,,,2025-11-12|Orlando Magic|New York Knicks,0.8494235123198679,"[{""p_home_win"": 0.6988470246397358, ""weight"": 0.25}, {""p_home_win"": 0.8494235123198679, ""weight"": 0.5}, {""p_home_win"": 1.0, ""weight"": 0.25}]",8.535521824476223,,elo,"{'home_advantage': 3.3965307317437405, 'scale': 0.26624144053405396, 'error_term': 11.920708659641575, 'win_prob_k': 4.933580338615087}",0.0,-17.0
2025-11-12,Boston Celtics,Memphis Grizzlies,131.0,95.0,False,False,2025-11-12|Memphis Grizzlies|Boston Celtics,,,,2025-11-12|Memphis Grizzlies|Boston Celtics,0.8388893390827492,"[{""p_home_win"": 0.6777786781654984, ""weight"": 0.25}, {""p_home_win"": 0.8388893390827492, ""weight"": 0.5}, {""p_home_win"": 1.0, ""weight"": 0.25}]",8.14034508870365,,elo,"{'home_advantage': 3.3965307317437405, 'scale': 0.26624144053405396, 'error_term': 11.920708659641575, 'win_prob_k': 4.933580338615087}",1.0,36.0
2025-11-12,Miami Heat,Cleveland Cavaliers,116.0,130.0,False,False,2025-11-12|Cleveland Cavaliers|Miami Heat,,,,2025-11-12|Cleveland Cavaliers|Miami Heat,0.6784503637490378,"[{""p_home_win"": 0.35690072749807555, ""weight"": 0.25}, {""p_home_win"": 0.6784503637490378, ""weight"": 0.5}, {""p_home_win"": 1.0, ""weight"": 0.25}]",3.68370413249761,,elo,"{'home_advantage': 3.3965307317437405, 'scale': 0.26624144053405396, 'error_term': 11.920708659641575, 'win_prob_k': 4.933580338615087}",0.0,-14.0
2025-11-12,Houston Rockets,Washington Wizards,135.0,112.0,False,False,2025-11-12|Washington Wizards|Houston Rockets,,,,2025-11-12|Washington Wizards|Houston Rockets,0.9804158234910741,"[{""p_home_win"": 0.9608316469821483, ""weight"": 0.25}, {""p_home_win"": 0.9804158234910741, ""weight"": 0.5}, {""p_home_win"": 1.0, ""weight"": 0.25}]",19.30635729723517,,elo,"{'home_advantage': 3.3965307317437405, 'scale': 0.26624144053405396, 'error_term': 11.920708659641575, 'win_prob_k': 4.933580338615087}",1.0,23.0
2025-11-12,New Orleans Pelicans,Portland Trail Blazers,117.0,125.0,False,False,2025-11-12|Portland Trail Blazers|New Orleans Pelicans,,,,2025-11-12|Portland Trail Blazers|New Orleans Pelicans,0.36666374967775506,"[{""p_home_win"": 0.0, ""weight"": 0.25}, {""p_home_win"": 0.36666374967775506, ""weight"": 0.5}, {""p_home_win"": 0.7333274993555101, ""weight"": 0.25}]",-2.696479255706067,,elo,"{'home_advantage': 3.3965307317437405, 'scale': 0.26624144053405396, 'error_term': 11.920708659641575, 'win_prob_k': 4.933580338615087}",0.0,-8.0
2025-11-12,San Antonio Spurs,Golden State Warriors,120.0,125.0,False,False,2025-11-12|Golden State Warriors|San Antonio Spurs,,,,2025-11-12|Golden State Warriors|San Antonio Spurs,0.8931207499787704,"[{""p_home_win"": 0.7862414999575409, ""weight"": 0.25}, {""p_home_win"": 0.8931207499787704, ""weight"": 0.5}, {""p_home_win"": 1.0, ""weight"": 0.25}]",10.474100077831832,,elo,"{'home_advantage': 3.3965307317437405, 'scale': 0.26624144053405396, 'error_term': 11.920708659641575, 'win_prob_k': 4.933580338615087}",0.0,-5.0
2025-11-12,Dallas Mavericks,Phoenix Suns,114.0,123.0,False,False,2025-11-12|Phoenix Suns|Dallas Mavericks,,,,2025-11-12|Phoenix Suns|Dallas Mavericks,0.26384924798701787,"[{""p_home_win"": 0.0, ""weight"": 0.25}, {""p_home_win"": 0.26384924798701787, ""weight"": 0.5}, {""p_home_win"": 0.5276984959740357, ""weight"": 0.25}]",-5.06213471138394,,elo,"{'home_advantage': 3.3965307317437405, 'scale': 0.26624144053405396, 'error_term': 11.920708659641575, 'win_prob_k': 4.933580338615087}",0.0,-9.0
2025-11-12,Oklahoma City Thunder,Los Angeles Lakers,121.0,92.0,False,False,2025-11-12|Los Angeles Lakers|Oklahoma City Thunder,,,,2025-11-12|Los Angeles Lakers|Oklahoma City Thunder,0.8701876588968025,"[{""p_home_win"": 0.740375317793605, ""weight"": 0.25}, {""p_home_win"": 0.8701876588968025, ""weight"": 0.5}, {""p_home_win"": 1.0, ""weight"": 0.25}]",9.38672374298146,,elo,"{'home_advantage': 3.3965307317437405, 'scale': 0.26624144053405396, 'error_term': 11.920708659641575, 'win_prob_k': 4.933580338615087}",1.0,29.0
2025-11-12,Sacramento Kings,Atlanta Hawks,100.0,133.0,False,False,2025-11-12|Atlanta Hawks|Sacramento Kings,,,,2025-11-12|Atlanta Hawks|Sacramento Kings,0.2798557350637263,"[{""p_home_win"": 0.0, ""weight"": 0.25}, {""p_home_win"": 0.2798557350637263, ""weight"": 0.5}, {""p_home_win"": 0.5597114701274526, ""weight"": 0.25}]",-4.6631082495107075,,elo,"{'home_advantage': 3.3965307317437405, 'scale': 0.26624144053405396, 'error_term': 11.920708659641575, 'win_prob_k': 4.933580338615087}",0.0,-33.0
2025-11-12,Los Angeles Clippers,Denver Nuggets,116.0,130.0,False,False,2025-11-12|Denver Nuggets|Los Angeles Clippers,,,,2025-11-12|Denver Nuggets|Los Angeles Clippers,0.11495154621833918,"[{""p_home_win"": 0.0, ""weight"": 0.25}, {""p_home_win"": 0.11495154621833918, ""weight"": 0.5}, {""p_home_win"": 0.22990309243667836, ""weight"": 0.25}]",-10.070087180233568,,elo,"{'home_advantage': 3.3965307317437405, 'scale': 0.26624144053405396, 'error_term': 11.920708659641575, 'win_prob_k': 4.933580338615087}",0.0,-14.0
2025-11-13,Cleveland Cavaliers,Toronto Raptors,113.0,126.0,False,False,2025-11-13|Toronto Raptors|Cleveland Cavaliers,,,,2025-11-13|Toronto Raptors|Cleveland Cavaliers,0.7770761278938126,"[{""p_home_win"": 0.5541522557876253, ""weight"": 0.25}, {""p_home_win"": 0.7770761278938126, ""weight"": 0.5}, {""p_home_win"": 1.0, ""weight"": 0.25}]",6.637589798717993,,elo,"{'home_advantage': 3.398814486241206, 'scale': 0.2578137235765327, 'error_term': 12.175318324599033, 'win_prob_k': 5.315566051510261}",0.0,-13.0
2025-11-13,Phoenix Suns,Indiana Pacers,133.0,98.0,False,False,2025-11-13|Indiana Pacers|Phoenix Suns,,,,2025-11-13|Indiana Pacers|Phoenix Suns,0.957609335723635,"[{""p_home_win"": 0.9152186714472701, ""weight"": 0.25}, {""p_home_win"": 0.957609335723635, ""weight"": 0.5}, {""p_home_win"": 1.0, ""weight"": 0.25}]",16.57133960991911,,elo,"{'home_advantage': 3.398814486241206, 'scale': 0.2578137235765327, 'error_term': 12.175318324599033, 'win_prob_k': 5.315566051510261}",1.0,35.0
2025-11-13,Utah Jazz,Atlanta Hawks,122.0,132.0,False,False,2025-11-13|Atlanta Hawks|Utah Jazz,,,,2025-11-13|Atlanta Hawks|Utah Jazz,0.34807819571984844,"[{""p_home_win"": 0.0, ""weight"": 0.25}, {""p_home_win"": 0.34807819571984844, ""weight"": 0.5}, {""p_home_win"": 0.6961563914396969, ""weight"": 0.25}]",-3.3355042370924117,,elo,"{'home_advantage': 3.398814486241206, 'scale': 0.2578137235765327, 'error_term': 12.175318324599033, 'win_prob_k': 5.315566051510261}",0.0,-10.0
2025-11-14,New York Knicks,Miami Heat,140.0,132.0,False,False,2025-11-14|Miami Heat|New York Knicks,,,,2025-11-14|Miami Heat|New York Knicks,0.6156659081990074,"[{""p_home_win"": 0.2313318163980147, ""weight"": 0.25}, {""p_home_win"": 0.6156659081990074, ""weight"": 0.5}, {""p_home_win"": 1.0, ""weight"": 0.25}]",2.571930982419227,,elo,"{'home_advantage': 3.3952959761259924, 'scale': 0.25726219619748303, 'error_term': 12.225510839379258, 'win_prob_k': 5.45834732581325}",1.0,8.0
2025-11-14,Orlando Magic,Brooklyn Nets,105.0,98.0,False,False,2025-11-14|Brooklyn Nets|Orlando Magic,,,,2025-11-14|Brooklyn Nets|Orlando Magic,0.9373853152820911,"[{""p_home_win"": 0.8747706305641822, ""weight"": 0.25}, {""p_home_win"": 0.9373853152820911, ""weight"": 0.5}, {""p_home_win"": 1.0, ""weight"": 0.25}]",14.770804164581907,,elo,"{'home_advantage': 3.3952959761259924, 'scale': 0.25726219619748303, 'error_term': 12.225510839379258, 'win_prob_k': 5.45834732581325}",1.0,7.0
2025-11-14,Detroit Pistons,Philadelphia 76ers,114.0,105.0,False,False,2025-11-14|Philadelphia 76ers|Detroit Pistons,,,,2025-11-14|Philadelphia 76ers|Detroit Pistons,0.8425240369347843,"[{""p_home_win"": 0.6850480738695686, ""weight"": 0.25}, {""p_home_win"": 0.8425240369347843, ""weight"": 0.5}, {""p_home_win"": 1.0, ""weight"": 0.25}]",9.154354563454731,,elo,"{'home_advantage': 3.3952959761259924, 'scale': 0.25726219619748303, 'error_term': 12.225510839379258, 'win_prob_k': 5.45834732581325}",1.0,9.0
2025-11-14,Houston Rockets,Portland Trail Blazers,140.0,116.0,False,False,2025-11-14|Portland Trail Blazers|Houston Rockets,,,,2025-11-14|Portland Trail Blazers|Houston Rockets,0.7874235617885438,"[{""p_home_win"": 0.5748471235770876, ""weight"": 0.25}, {""p_home_win"": 0.7874235617885438, ""weight"": 0.5}, {""p_home_win"": 1.0, ""weight"": 0.25}]",7.147512972526785,,elo,"{'home_advantage': 3.3952959761259924, 'scale': 0.25726219619748303, 'error_term': 12.225510839379258, 'win_prob_k': 5.45834732581325}",1.0,24.0
2025-11-14,Milwaukee Bucks,Charlotte Hornets,147.0,134.0,False,False,2025-11-14|Charlotte Hornets|Milwaukee Bucks,,,,2025-11-14|Charlotte Hornets|Milwaukee Bucks,0.8528118046311098,"[{""p_home_win"": 0.7056236092622197, ""weight"": 0.25}, {""p_home_win"": 0.8528118046311098, ""weight"": 0.5}, {""p_home_win"": 1.0, ""weight"": 0.25}]",9.589371340273242,,elo,"{'home_advantage': 3.3952959761259924, 'scale': 0.25726219619748303, 'error_term': 12.225510839379258, 'win_prob_k': 5.45834732581325}",1.0,13.0
2025-11-14,Minnesota Timberwolves,Sacramento Kings,124.0,110.0,False,False,2025-11-14|Sacramento Kings|Minnesota Timberwolves,,,,2025-11-14|Sacramento Kings|Minnesota Timberwolves,0.9455532041508973,"[{""p_home_win"": 0.8911064083017946, ""weight"": 0.25}, {""p_home_win"": 0.9455532041508973, ""weight"": 0.5}, {""p_home_win"": 1.0, ""weight"": 0.25}]",15.581104374448689,,elo,"{'home_advantage': 3.3952959761259924, 'scale': 0.25726219619748303, 'error_term': 12.225510839379258, 'win_prob_k': 5.45834732581325}",1.0,14.0
2025-11-14,New Orleans Pelicans,Los Angeles Lakers,104.0,118.0,False,False,2025-11-14|Los Angeles Lakers|New Orleans Pelicans,,,,2025-11-14|Los Angeles Lakers|New Orleans Pelicans,0.14726560633713034,"[{""p_home_win"": 0.0, ""weight"": 0.25}, {""p_home_win"": 0.14726560633713034, ""weight"": 0.5}, {""p_home_win"": 0.2945312126742607, ""weight"": 0.25}]",-9.586005891277065,,elo,"{'home_advantage': 3.3952959761259924, 'scale': 0.25726219619748303, 'error_term': 12.225510839379258, 'win_prob_k': 5.45834732581325}",0.0,-14.0
2025-11-14,Dallas Mavericks,Los Angeles Clippers,127.0,133.0,False,False,2025-11-14|Los Angeles Clippers|Dallas Mavericks,,,,2025-11-14|Los Angeles Clippers|Dallas Mavericks,0.6161390760885819,"[{""p_home_win"": 0.23227815217716374, ""weight"": 0.25}, {""p_home_win"": 0.6161390760885819, ""weight"": 0.5}, {""p_home_win"": 1.0, ""weight"": 0.25}]",2.582848477958454,,elo,"{'home_advantage': 3.3952959761259924, 'scale': 0.25726219619748303, 'error_term': 12.225510839379258, 'win_prob_k': 5.45834732581325}",0.0,-6.0
2025-11-14,San Antonio Spurs,Golden State Warriors,108.0,109.0,False,False,2025-11-14|Golden State Warriors|San Antonio Spurs,,,,2025-11-14|Golden State Warriors|San Antonio Spurs,0.7754134300920801,"[{""p_home_win"": 0.5508268601841602, ""weight"": 0.25}, {""p_home_win"": 0.7754134300920801, ""weight"": 0.5}, {""p_home_win"": 1.0, ""weight"": 0.25}]",6.763629761498809,,elo,"{'home_advantage': 3.3952959761259924, 'scale': 0.25726219619748303, 'error_term': 12.225510839379258, 'win_prob_k': 5.45834732581325}",0.0,-1.0
2025-11-15,Cleveland Cavaliers,Memphis Grizzlies,108.0,100.0,False,False,2025-11-15|Memphis Grizzlies|Cleveland Cavaliers,,,,2025-11-15|Memphis Grizzlies|Cleveland Cavaliers,0.9330022611443206,"[{""p_home_win"": 0.8660045222886412, ""weight"": 0.25}, {""p_home_win"": 0.9330022611443206, ""weight"": 0.5}, {""p_home_win"": 1.0, ""weight"": 0.25}]",13.8956608460381,,elo,"{'home_advantage': 3.3719249733494383, 'scale': 0.24513420578082476, 'error_term': 12.083473417816892, 'win_prob_k': 5.276000918885879}",1.0,8.0
2025-11-15,Charlotte Hornets,Oklahoma City Thunder,96.0,109.0,False,False,2025-11-15|Oklahoma City Thunder|Charlotte Hornets,,,,2025-11-15|Oklahoma City Thunder|Charlotte Hornets,0.06713316066477859,"[{""p_home_win"": 0.0, ""weight"": 0.25}, {""p_home_win"": 0.06713316066477859, ""weight"": 0.5}, {""p_home_win"": 0.13426632132955718, ""weight"": 0.25}]",-13.884241437958247,,elo,"{'home_advantage': 3.3719249733494383, 'scale': 0.24513420578082476, 'error_term': 12.083473417816892, 'win_prob_k': 5.276000918885879}",0.0,-13.0
2025-11-15,Indiana Pacers,Toronto Raptors,111.0,129.0,False,False,2025-11-15|Toronto Raptors|Indiana Pacers,,,,2025-11-15|Toronto Raptors|Indiana Pacers,0.10432387615934129,"[{""p_home_win"": 0.0, ""weight"": 0.25}, {""p_home_win"": 0.10432387615934129, ""weight"": 0.5}, {""p_home_win"": 0.20864775231868257, ""weight"": 0.25}]",-11.343816800005568,,elo,"{'home_advantage': 3.3719249733494383, 'scale': 0.24513420578082476, 'error_term': 12.083473417816892, 'win_prob_k': 5.276000918885879}",0.0,-18.0
2025-11-15,Milwaukee Bucks,Los Angeles Lakers,95.0,119.0,False,False,2025-11-15|Los Angeles Lakers|Milwaukee Bucks,,,,2025-11-15|Los Angeles Lakers|Milwaukee Bucks,0.4700111537081439,"[{""p_home_win"": 0.0, ""weight"": 0.25}, {""p_home_win"": 0.4700111537081439, ""weight"": 0.5}, {""p_home_win"": 0.9400223074162878, ""weight"": 0.25}]",-0.6336452616391854,,elo,"{'home_advantage': 3.3719249733494383, 'scale': 0.24513420578082476, 'error_term': 12.083473417816892, 'win_prob_k': 5.276000918885879}",0.0,-24.0
2025-11-15,Minnesota Timberwolves,Denver Nuggets,112.0,123.0,False,False,2025-11-15|Denver Nuggets|Minnesota Timberwolves,,,,2025-11-15|Denver Nuggets|Minnesota Timberwolves,0.5360789897957593,"[{""p_home_win"": 0.0721579795915186, ""weight"": 0.25}, {""p_home_win"": 0.5360789897957593, ""weight"": 0.5}, {""p_home_win"": 1.0, ""weight"": 0.25}]",0.7627367756916441,,elo,"{'home_advantage': 3.3719249733494383, 'scale': 0.24513420578082476, 'error_term': 12.083473417816892, 'win_prob_k': 5.276000918885879}",0.0,-11.0
2025-11-16,Boston Celtics,Los Angeles Clippers,121.0,118.0,False,False,2025-11-16|Los Angeles Clippers|Boston Celtics,,,,2025-11-16|Los Angeles Clippers|Boston Celtics,0.829998628166805,"[{""p_home_win"": 0.6599972563336101, ""weight"": 0.25}, {""p_home_win"": 0.829998628166805, ""weight"": 0.5}, {""p_home_win"": 1.0, ""weight"": 0.25}]",8.196076455088612,,elo,"{'home_advantage': 3.1985073744906773, 'scale': 0.23540264109707187, 'error_term': 12.05596700620667, 'win_prob_k': 5.169012224784371}",1.0,3.0
2025-11-16,San Antonio Spurs,Sacramento Kings,123.0,110.0,False,False,2025-11-16|Sacramento Kings|San Antonio Spurs,,,,2025-11-16|Sacramento Kings|San Antonio Spurs,0.9417444099359963,"[{""p_home_win"": 0.8834888198719926, ""weight"": 0.25}, {""p_home_win"": 0.9417444099359963, ""weight"": 0.5}, {""p_home_win"": 1.0, ""weight"": 0.25}]",14.384812362579003,,elo,"{'home_advantage': 3.1985073744906773, 'scale': 0.23540264109707187, 'error_term': 12.05596700620667, 'win_prob_k': 5.169012224784371}",1.0,13.0
2025-11-16,Washington Wizards,Brooklyn Nets,106.0,129.0,False,False,2025-11-16|Brooklyn Nets|Washington Wizards,,,,2025-11-16|Brooklyn Nets|Washington Wizards,0.6733621928323845,"[{""p_home_win"": 0.34672438566476904, ""weight"": 0.25}, {""p_home_win"": 0.6733621928323845, ""weight"": 0.5}, {""p_home_win"": 1.0, ""weight"": 0.25}]",3.739425893896236,,elo,"{'home_advantage': 3.1985073744906773, 'scale': 0.23540264109707187, 'error_term': 12.05596700620667, 'win_prob_k': 5.169012224784371}",0.0,-23.0
2025-11-16,Houston Rockets,Orlando Magic,117.0,113.0,False,False,2025-11-16|Orlando Magic|Houston Rockets,,,,2025-11-16|Orlando Magic|Houston Rockets,0.8277009359446771,"[{""p_home_win"": 0.6554018718893542, ""weight"": 0.25}, {""p_home_win"": 0.8277009359446771, ""weight"": 0.5}, {""p_home_win"": 1.0, ""weight"": 0.25}]",8.112352143868186,,elo,"{'home_advantage': 3.1985073744906773, 'scale': 0.23540264109707187, 'error_term': 12.05596700620667, 'win_prob_k': 5.169012224784371}",1.0,4.0
2025-11-16,New Orleans Pelicans,Golden State Warriors,106.0,124.0,False,False,2025-11-16|Golden State Warriors|New Orleans Pelicans,,,,2025-11-16|Golden State Warriors|New Orleans Pelicans,0.16726187839140128,"[{""p_home_win"": 0.0, ""weight"": 0.25}, {""p_home_win"": 0.16726187839140128, ""weight"": 0.5}, {""p_home_win"": 0.33452375678280255, ""weight"": 0.25}]",-8.297083881608438,,elo,"{'home_advantage': 3.1985073744906773, 'scale': 0.23540264109707187, 'error_term': 12.05596700620667, 'win_prob_k': 5.169012224784371}",0.0,-18.0
2025-11-16,Dallas Mavericks,Portland Trail Blazers,138.0,133.0,False,False,2025-11-16|Portland Trail Blazers|Dallas Mavericks,,,,2025-11-16|Portland Trail Blazers|Dallas Mavericks,0.203062088470457,"[{""p_home_win"": 0.0, ""weight"": 0.25}, {""p_home_win"": 0.203062088470457, ""weight"": 0.5}, {""p_home_win"": 0.406124176940914, ""weight"": 0.25}]",-7.067409428292166,,elo,"{'home_advantage': 3.1985073744906773, 'scale': 0.23540264109707187, 'error_term': 12.05596700620667, 'win_prob_k': 5.169012224784371}",1.0,5.0
2025-11-16,Phoenix Suns,Atlanta Hawks,122.0,124.0,False,False,2025-11-16|Atlanta Hawks|Phoenix Suns,,,,2025-11-16|Atlanta Hawks|Phoenix Suns,0.5879697246054795,"[{""p_home_win"": 0.17593944921095894, ""weight"": 0.25}, {""p_home_win"": 0.5879697246054795, ""weight"": 0.5}, {""p_home_win"": 1.0, ""weight"": 0.25}]",1.837990270816372,,elo,"{'home_advantage': 3.1985073744906773, 'scale': 0.23540264109707187, 'error_term': 12.05596700620667, 'win_prob_k': 5.169012224784371}",0.0,-2.0
2025-11-16,Utah Jazz,Chicago Bulls,150.0,147.0,False,False,2025-11-16|Chicago Bulls|Utah Jazz,,,,2025-11-16|Chicago Bulls|Utah Jazz,0.4014296601428317,"[{""p_home_win"": 0.0, ""weight"": 0.25}, {""p_home_win"": 0.4014296601428317, ""weight"": 0.5}, {""p_home_win"": 0.8028593202856634, ""weight"": 0.25}]",-2.065080962745498,,elo,"{'home_advantage': 3.1985073744906773, 'scale': 0.23540264109707187, 'error_term': 12.05596700620667, 'win_prob_k': 5.169012224784371}",1.0,3.0
2025-11-17,Cleveland Cavaliers,Milwaukee Bucks,118.0,106.0,False,False,2025-11-17|Milwaukee Bucks|Cleveland Cavaliers,,,,2025-11-17|Milwaukee Bucks|Cleveland Cavaliers,0.7610212925245455,"[{""p_home_win"": 0.5220425850490911, ""weight"": 0.25}, {""p_home_win"": 0.7610212925245455, ""weight"": 0.5}, {""p_home_win"": 1.0, ""weight"": 0.25}]",6.018592582515996,,elo,"{'home_advantage': 3.038319215363697, 'scale': 0.23029142522103468, 'error_term': 11.965567900433081, 'win_prob_k': 5.196115651852207}",1.0,12.0
2025-11-17,Detroit Pistons,Indiana Pacers,127.0,112.0,False,False,2025-11-17|Indiana Pacers|Detroit Pistons,,,,2025-11-17|Indiana Pacers|Detroit Pistons,0.9885570880626321,"[{""p_home_win"": 0.9771141761252642, ""weight"": 0.25}, {""p_home_win"": 0.9885570880626321, ""weight"": 0.5}, {""p_home_win"": 1.0, ""weight"": 0.25}]",23.168834851654037,,elo,"{'home_advantage': 3.038319215363697, 'scale': 0.23029142522103468, 'error_term': 11.965567900433081, 'win_prob_k': 5.196115651852207}",1.0,15.0
2025-11-17,Philadelphia 76ers,Los Angeles Clippers,110.0,108.0,False,False,2025-11-17|Los Angeles Clippers|Philadelphia 76ers,,,,2025-11-17|Los Angeles Clippers|Philadelphia 76ers,0.8996995749162648,"[{""p_home_win"": 0.7993991498325297, ""weight"": 0.25}, {""p_home_win"": 0.8996995749162648, ""weight"": 0.5}, {""p_home_win"": 1.0, ""weight"": 0.25}]",11.399711201793867,,elo,"{'home_advantage': 3.038319215363697, 'scale': 0.23029142522103468, 'error_term': 11.965567900433081, 'win_prob_k': 5.196115651852207}",1.0,2.0
2025-11-17,Miami Heat,New York Knicks,115.0,113.0,False,False,2025-11-17|New York Knicks|Miami Heat,,,,2025-11-17|New York Knicks|Miami Heat,0.5995899104931879,"[{""p_home_win"": 0.19917982098637577, ""weight"": 0.25}, {""p_home_win"": 0.5995899104931879, ""weight"": 0.5}, {""p_home_win"": 1.0, ""weight"": 0.25}]",2.097966473762955,,elo,"{'home_advantage': 3.038319215363697, 'scale': 0.23029142522103468, 'error_term': 11.965567900433081, 'win_prob_k': 5.196115651852207}",1.0,2.0
2025-11-17,Toronto Raptors,Charlotte Hornets,110.0,108.0,False,False,2025-11-17|Charlotte Hornets|Toronto Raptors,,,,2025-11-17|Charlotte Hornets|Toronto Raptors,0.9321446124322897,"[{""p_home_win"": 0.8642892248645795, ""weight"": 0.25}, {""p_home_win"": 0.9321446124322897, ""weight"": 0.5}, {""p_home_win"": 1.0, ""weight"": 0.25}]",13.61439031446682,,elo,"{'home_advantage': 3.038319215363697, 'scale': 0.23029142522103468, 'error_term': 11.965567900433081, 'win_prob_k': 5.196115651852207}",1.0,2.0
2025-11-17,Minnesota Timberwolves,Dallas Mavericks,120.0,96.0,False,False,2025-11-17|Dallas Mavericks|Minnesota Timberwolves,,,,2025-11-17|Dallas Mavericks|Minnesota Timberwolves,0.9436938792704561,"[{""p_home_win"": 0.8873877585409122, ""weight"": 0.25}, {""p_home_win"": 0.9436938792704561, ""weight"": 0.5}, {""p_home_win"": 1.0, ""weight"": 0.25}]",14.647842683328257,,elo,"{'home_advantage': 3.038319215363697, 'scale': 0.23029142522103468, 'error_term': 11.965567900433081, 'win_prob_k': 5.196115651852207}",1.0,24.0
2025-11-17,New Orleans Pelicans,Oklahoma City Thunder,109.0,126.0,False,False,2025-11-17|Oklahoma City Thunder|New Orleans Pelicans,,,,2025-11-17|Oklahoma City Thunder|New Orleans Pelicans,0.0243799267245232,"[{""p_home_win"": 0.0, ""weight"": 0.25}, {""p_home_win"": 0.0243799267245232, ""weight"": 0.5}, {""p_home_win"": 0.0487598534490464, ""weight"": 0.25}]",-19.170097662751967,,elo,"{'home_advantage': 3.038319215363697, 'scale': 0.23029142522103468, 'error_term': 11.965567900433081, 'win_prob_k': 5.196115651852207}",0.0,-17.0
2025-11-17,Denver Nuggets,Chicago Bulls,127.0,130.0,False,False,2025-11-17|Chicago Bulls|Denver Nuggets,,,,2025-11-17|Chicago Bulls|Denver Nuggets,0.9089588692298004,"[{""p_home_win"": 0.8179177384596008, ""weight"": 0.25}, {""p_home_win"": 0.9089588692298004, ""weight"": 0.5}, {""p_home_win"": 1.0, ""weight"": 0.25}]",11.95620212001111,,elo,"{'home_advantage': 3.038319215363697, 'scale': 0.23029142522103468, 'error_term': 11.965567900433081, 'win_prob_k': 5.196115651852207}",0.0,-3.0
2025-11-18,Orlando Magic,Golden State Warriors,121.0,113.0,False,False,2025-11-18|Golden State Warriors|Orlando Magic,,,,2025-11-18|Golden State Warriors|Orlando Magic,0.4319731033794108,"[{""p_home_win"": 0.0, ""weight"": 0.25}, {""p_home_win"": 0.4319731033794108, ""weight"": 0.5}, {""p_home_win"": 0.8639462067588216, ""weight"": 0.25}]",-1.3846896322803386,,elo,"{'home_advantage': 2.9496235910684043, 'scale': 0.21676182714466113, 'error_term': 11.872006786024961, 'win_prob_k': 5.057202683799291}",1.0,8.0
2025-11-18,Atlanta Hawks,Detroit Pistons,112.0,120.0,False,False,2025-11-18|Detroit Pistons|Atlanta Hawks,,,,2025-11-18|Detroit Pistons|Atlanta Hawks,0.4821374122497976,"[{""p_home_win"": 0.0, ""weight"": 0.25}, {""p_home_win"": 0.4821374122497976, ""weight"": 0.5}, {""p_home_win"": 0.9642748244995952, ""weight"": 0.25}]",-0.36149274885499905,,elo,"{'home_advantage': 2.9496235910684043, 'scale': 0.21676182714466113, 'error_term': 11.872006786024961, 'win_prob_k': 5.057202683799291}",0.0,-8.0
2025-11-18,Brooklyn Nets,Boston Celtics,99.0,113.0,False,False,2025-11-18|Boston Celtics|Brooklyn Nets,,,,2025-11-18|Boston Celtics|Brooklyn Nets,0.2427571240659952,"[{""p_home_win"": 0.0, ""weight"": 0.25}, {""p_home_win"": 0.2427571240659952, ""weight"": 0.5}, {""p_home_win"": 0.4855142481319904, ""weight"": 0.25}]",-5.753188005048074,,elo,"{'home_advantage': 2.9496235910684043, 'scale': 0.21676182714466113, 'error_term': 11.872006786024961, 'win_prob_k': 5.057202683799291}",0.0,-14.0
2025-11-18,San Antonio Spurs,Memphis Grizzlies,111.0,101.0,False,False,2025-11-18|Memphis Grizzlies|San Antonio Spurs,,,,2025-11-18|Memphis Grizzlies|San Antonio Spurs,0.934793425273626,"[{""p_home_win"": 0.8695868505472519, ""weight"": 0.25}, {""p_home_win"": 0.934793425273626, ""weight"": 0.5}, {""p_home_win"": 1.0, ""weight"": 0.25}]",13.466143650212212,,elo,"{'home_advantage': 2.9496235910684043, 'scale': 0.21676182714466113, 'error_term': 11.872006786024961, 'win_prob_k': 5.057202683799291}",1.0,10.0
2025-11-18,Los Angeles Lakers,Utah Jazz,140.0,126.0,False,False,2025-11-18|Utah Jazz|Los Angeles Lakers,,,,2025-11-18|Utah Jazz|Los Angeles Lakers,0.9380977971049475,"[{""p_home_win"": 0.8761955942098949, ""weight"": 0.25}, {""p_home_win"": 0.9380977971049475, ""weight"": 0.5}, {""p_home_win"": 1.0, ""weight"": 0.25}]",13.746986155286143,,elo,"{'home_advantage': 2.9496235910684043, 'scale': 0.21676182714466113, 'error_term': 11.872006786024961, 'win_prob_k': 5.057202683799291}",1.0,14.0
2025-11-18,Portland Trail Blazers,Phoenix Suns,110.0,127.0,False,False,2025-11-18|Phoenix Suns|Portland Trail Blazers,,,,2025-11-18|Phoenix Suns|Portland Trail Blazers,0.5673584696072095,"[{""p_home_win"": 0.13471693921441896, ""weight"": 0.25}, {""p_home_win"": 0.5673584696072095, ""weight"": 0.5}, {""p_home_win"": 1.0, ""weight"": 0.25}]",1.370915681061085,,elo,"{'home_advantage': 2.9496235910684043, 'scale': 0.21676182714466113, 'error_term': 11.872006786024961, 'win_prob_k': 5.057202683799291}",0.0,-17.0
2025-11-19,Cleveland Cavaliers,Houston Rockets,104.0,114.0,False,False,2025-11-19|Houston Rockets|Cleveland Cavaliers,,,,2025-11-19|Houston Rockets|Cleveland Cavaliers,0.5679332014680929,"[{""p_home_win"": 0.1358664029361858, ""weight"": 0.25}, {""p_home_win"": 0.5679332014680929, ""weight"": 0.5}, {""p_home_win"": 1.0, ""weight"": 0.25}]",1.390401957077836,,elo,"{'home_advantage': 2.72794657817895, 'scale': 0.20987546786124114, 'error_term': 11.814192190162277, 'win_prob_k': 5.085156970267452}",0.0,-10.0
2025-11-19,Indiana Pacers,Charlotte Hornets,127.0,118.0,False,False,2025-11-19|Charlotte Hornets|Indiana Pacers,,,,2025-11-19|Charlotte Hornets|Indiana Pacers,0.380831471265258,"[{""p_home_win"": 0.0, ""weight"": 0.25}, {""p_home_win"": 0.380831471265258, ""weight"": 0.5}, {""p_home_win"": 0.761662942530516, ""weight"": 0.25}]",-2.471490790909479,,elo,"{'home_advantage': 2.72794657817895, 'scale': 0.20987546786124114, 'error_term': 11.814192190162277, 'win_prob_k': 5.085156970267452}",1.0,9.0
2025-11-19,Philadelphia 76ers,Toronto Raptors,112.0,121.0,False,False,2025-11-19|Toronto Raptors|Philadelphia 76ers,,,,2025-11-19|Toronto Raptors|Philadelphia 76ers,0.5036121717814231,"[{""p_home_win"": 0.0072243435628462915, ""weight"": 0.25}, {""p_home_win"": 0.5036121717814231, ""weight"": 0.5}, {""p_home_win"": 1.0, ""weight"": 0.25}]",0.07347512031631531,,elo,"{'home_advantage': 2.72794657817895, 'scale': 0.20987546786124114, 'error_term': 11.814192190162277, 'win_prob_k': 5.085156970267452}",0.0,-9.0
2025-11-19,Miami Heat,Golden State Warriors,110.0,96.0,False,False,2025-11-19|Golden State Warriors|Miami Heat,,,,2025-11-19|Golden State Warriors|Miami Heat,0.5653649560147214,"[{""p_home_win"": 0.13072991202944273, ""weight"": 0.25}, {""p_home_win"": 0.5653649560147214, ""weight"": 0.5}, {""p_home_win"": 1.0, ""weight"": 0.25}]",1.3372170968014108,,elo,"{'home_advantage': 2.72794657817895, 'scale': 0.20987546786124114, 'error_term': 11.814192190162277, 'win_prob_k': 5.085156970267452}",1.0,14.0
2025-11-19,Minnesota Timberwolves,Washington Wizards,120.0,109.0,False,False,2025-11-19|Washington Wizards|Minnesota Timberwolves,,,,2025-11-19|Washington Wizards|Minnesota Timberwolves,0.965674917893376,"[{""p_home_win"": 0.931349835786752, ""weight"": 0.25}, {""p_home_win"": 0.965674917893376, ""weight"": 0.5}, {""p_home_win"": 1.0, ""weight"": 0.25}]",16.968919179268696,,elo,"{'home_advantage': 2.72794657817895, 'scale': 0.20987546786124114, 'error_term': 11.814192190162277, 'win_prob_k': 5.085156970267452}",1.0,11.0
2025-11-19,New Orleans Pelicans,Denver Nuggets,118.0,125.0,False,False,2025-11-19|Denver Nuggets|New Orleans Pelicans,,,,2025-11-19|Denver Nuggets|New Orleans Pelicans,0.07069874066451112,"[{""p_home_win"": 0.0, ""weight"": 0.25}, {""p_home_win"": 0.07069874066451112, ""weight"": 0.5}, {""p_home_win"": 0.14139748132902225, ""weight"": 0.25}]",-13.099390845750193,,elo,"{'home_advantage': 2.72794657817895, 'scale': 0.20987546786124114, 'error_term': 11.814192190162277, 'win_prob_k': 5.085156970267452}",0.0,-7.0
2025-11-19,Oklahoma City Thunder,Sacramento Kings,113.0,99.0,False,False,2025-11-19|Sacramento Kings|Oklahoma City Thunder,,,,2025-11-19|Sacramento Kings|Oklahoma City Thunder,0.98964718118568,"[{""p_home_win"": 0.9792943623713599, ""weight"": 0.25}, {""p_home_win"": 0.98964718118568, ""weight"": 0.5}, {""p_home_win"": 1.0, ""weight"": 0.25}]",23.188771745669197,,elo,"{'home_advantage': 2.72794657817895, 'scale': 0.20987546786124114, 'error_term': 11.814192190162277, 'win_prob_k': 5.085156970267452}",1.0,14.0
2025-11-19,Dallas Mavericks,New York Knicks,111.0,113.0,False,False,2025-11-19|New York Knicks|Dallas Mavericks,,,,2025-11-19|New York Knicks|Dallas Mavericks,0.20489460077798324,"[{""p_home_win"": 0.0, ""weight"": 0.25}, {""p_home_win"": 0.20489460077798324, ""weight"": 0.5}, {""p_home_win"": 0.4097892015559665, ""weight"": 0.25}]",-6.89536595725431,,elo,"{'home_advantage': 2.72794657817895, 'scale': 0.20987546786124114, 'error_term': 11.814192190162277, 'win_prob_k': 5.085156970267452}",0.0,-2.0
2025-11-19,Portland Trail Blazers,Chicago Bulls,121.0,122.0,False,False,2025-11-19|Chicago Bulls|Portland Trail Blazers,,,,2025-11-19|Chicago Bulls|Portland Trail Blazers,0.5017354592435699,"[{""p_home_win"": 0.0034709184871397625, ""weight"": 0.25}, {""p_home_win"": 0.5017354592435699, ""weight"": 0.5}, {""p_home_win"": 1.0, ""weight"": 0.25}]",0.03530047243484136,,elo,"{'home_advantage': 2.72794657817895, 'scale': 0.20987546786124114, 'error_term': 11.814192190162277, 'win_prob_k': 5.085156970267452}",0.0,-1.0
2025-11-20,Orlando Magic,Los Angeles Clippers,129.0,101.0,False,False,2025-11-20|Los Angeles Clippers|Orlando Magic,,,,2025-11-20|Los Angeles Clippers|Orlando Magic,0.876707376085956,"[{""p_home_win"": 0.7534147521719119, ""weight"": 0.25}, {""p_home_win"": 0.876707376085956, ""weight"": 0.5}, {""p_home_win"": 1.0, ""weight"": 0.25}]",9.692023351775706,,elo,"{'home_advantage': 2.7447835058744228, 'scale': 0.19703224166050395, 'error_term': 11.647655451021395, 'win_prob_k': 4.940844551713358}",1.0,28.0
2025-11-20,Memphis Grizzlies,Sacramento Kings,137.0,96.0,False,False,2025-11-20|Sacramento Kings|Memphis Grizzlies,,,,2025-11-20|Sacramento Kings|Memphis Grizzlies,0.6753770042293648,"[{""p_home_win"": 0.3507540084587295, ""weight"": 0.25}, {""p_home_win"": 0.6753770042293648, ""weight"": 0.5}, {""p_home_win"": 1.0, ""weight"": 0.25}]",3.6196951491001608,,elo,"{'home_advantage': 2.7447835058744228, 'scale': 0.19703224166050395, 'error_term': 11.647655451021395, 'win_prob_k': 4.940844551713358}",1.0,41.0
2025-11-20,Milwaukee Bucks,Philadelphia 76ers,114.0,123.0,False,False,2025-11-20|Philadelphia 76ers|Milwaukee Bucks,,,,2025-11-20|Philadelphia 76ers|Milwaukee Bucks,0.6015921940872632,"[{""p_home_win"": 0.20318438817452633, ""weight"": 0.25}, {""p_home_win"": 0.6015921940872632, ""weight"": 0.5}, {""p_home_win"": 1.0, ""weight"": 0.25}]",2.0361402152734205,,elo,"{'home_advantage': 2.7447835058744228, 'scale': 0.19703224166050395, 'error_term': 11.647655451021395, 'win_prob_k': 4.940844551713358}",0.0,-9.0
2025-11-20,San Antonio Spurs,Atlanta Hawks,135.0,126.0,False,False,2025-11-20|Atlanta Hawks|San Antonio Spurs,,,,2025-11-20|Atlanta Hawks|San Antonio Spurs,0.654357091395552,"[{""p_home_win"": 0.30871418279110396, ""weight"": 0.25}, {""p_home_win"": 0.654357091395552, ""weight"": 0.5}, {""p_home_win"": 1.0, ""weight"": 0.25}]",3.153479349413304,,elo,"{'home_advantage': 2.7447835058744228, 'scale': 0.19703224166050395, 'error_term': 11.647655451021395, 'win_prob_k': 4.940844551713358}",1.0,9.0
2025-11-21,Cleveland Cavaliers,Indiana Pacers,120.0,109.0,False,False,2025-11-21|Indiana Pacers|Cleveland Cavaliers,,,,2025-11-21|Indiana Pacers|Cleveland Cavaliers,0.957519861859128,"[{""p_home_win"": 0.9150397237182559, ""weight"": 0.25}, {""p_home_win"": 0.957519861859128, ""weight"": 0.5}, {""p_home_win"": 1.0, ""weight"": 0.25}]",15.568983415406457,,elo,"{'home_advantage': 2.9321524711913867, 'scale': 0.19805595092270994, 'error_term': 11.858496825260996, 'win_prob_k': 4.997571425536899}",1.0,11.0
2025-11-21,Boston Celtics,Brooklyn Nets,105.0,113.0,False,False,2025-11-21|Brooklyn Nets|Boston Celtics,,,,2025-11-21|Brooklyn Nets|Boston Celtics,0.933500784944984,"[{""p_home_win"": 0.867001569889968, ""weight"": 0.25}, {""p_home_win"": 0.933500784944984, ""weight"": 0.5}, {""p_home_win"": 1.0, ""weight"": 0.25}]",13.202342609058716,,elo,"{'home_advantage': 2.9321524711913867, 'scale': 0.19805595092270994, 'error_term': 11.858496825260996, 'win_prob_k': 4.997571425536899}",0.0,-8.0
2025-11-21,Toronto Raptors,Washington Wizards,140.0,110.0,False,False,2025-11-21|Washington Wizards|Toronto Raptors,,,,2025-11-21|Washington Wizards|Toronto Raptors,0.9803970172753388,"[{""p_home_win"": 0.9607940345506776, ""weight"": 0.25}, {""p_home_win"": 0.9803970172753388, ""weight"": 0.5}, {""p_home_win"": 1.0, ""weight"": 0.25}]",19.55187812075066,,elo,"{'home_advantage': 2.9321524711913867, 'scale': 0.19805595092270994, 'error_term': 11.858496825260996, 'win_prob_k': 4.997571425536899}",1.0,30.0
2025-11-21,Chicago Bulls,Miami Heat,107.0,143.0,False,False,2025-11-21|Miami Heat|Chicago Bulls,,,,2025-11-21|Miami Heat|Chicago Bulls,0.6257976548082406,"[{""p_home_win"": 0.25159530961648113, ""weight"": 0.25}, {""p_home_win"": 0.6257976548082406, ""weight"": 0.5}, {""p_home_win"": 1.0, ""weight"": 0.25}]",2.569903166589181,,elo,"{'home_advantage': 2.9321524711913867, 'scale': 0.19805595092270994, 'error_term': 11.858496825260996, 'win_prob_k': 4.997571425536899}",0.0,-36.0
2025-11-21,Dallas Mavericks,New Orleans Pelicans,118.0,115.0,False,False,2025-11-21|New Orleans Pelicans|Dallas Mavericks,,,,2025-11-21|New Orleans Pelicans|Dallas Mavericks,0.6897541350356773,"[{""p_home_win"": 0.37950827007135457, ""weight"": 0.25}, {""p_home_win"": 0.6897541350356773, ""weight"": 0.5}, {""p_home_win"": 1.0, ""weight"": 0.25}]",3.9929102022752234,,elo,"{'home_advantage': 2.9321524711913867, 'scale': 0.19805595092270994, 'error_term': 11.858496825260996, 'win_prob_k': 4.997571425536899}",1.0,3.0
2025-11-21,Phoenix Suns,Minnesota Timberwolves,114.0,113.0,False,False,2025-11-21|Minnesota Timberwolves|Phoenix Suns,,,,2025-11-21|Minnesota Timberwolves|Phoenix Suns,0.573575587010512,"[{""p_home_win"": 0.14715117402102407, ""weight"": 0.25}, {""p_home_win"": 0.573575587010512, ""weight"": 0.5}, {""p_home_win"": 1.0, ""weight"": 0.25}]",1.4815530501203773,,elo,"{'home_advantage': 2.9321524711913867, 'scale': 0.19805595092270994, 'error_term': 11.858496825260996, 'win_prob_k': 4.997571425536899}",1.0,1.0
2025-11-21,Houston Rockets,Denver Nuggets,109.0,112.0,False,False,2025-11-21|Denver Nuggets|Houston Rockets,,,,2025-11-21|Denver Nuggets|Houston Rockets,0.6281978262443475,"[{""p_home_win"": 0.256395652488695, ""weight"": 0.25}, {""p_home_win"": 0.6281978262443475, ""weight"": 0.5}, {""p_home_win"": 1.0, ""weight"": 0.25}]",2.6211922540136943,,elo,"{'home_advantage': 2.9321524711913867, 'scale': 0.19805595092270994, 'error_term': 11.858496825260996, 'win_prob_k': 4.997571425536899}",0.0,-3.0
2025-11-21,Golden State Warriors,Portland Trail Blazers,123.0,127.0,False,False,2025-11-21|Portland Trail Blazers|Golden State Warriors,,,,2025-11-21|Portland Trail Blazers|Golden State Warriors,0.8363980906017595,"[{""p_home_win"": 0.672796181203519, ""weight"": 0.25}, {""p_home_win"": 0.8363980906017595, ""weight"": 0.5}, {""p_home_win"": 1.0, ""weight"": 0.25}]",8.154380318511663,,elo,"{'home_advantage': 2.9321524711913867, 'scale': 0.19805595092270994, 'error_term': 11.858496825260996, 'win_prob_k': 4.997571425536899}",0.0,-4.0
2025-11-21,Utah Jazz,Oklahoma City Thunder,112.0,144.0,False,False,2025-11-21|Oklahoma City Thunder|Utah Jazz,,,,2025-11-21|Oklahoma City Thunder|Utah Jazz,0.06303228479582186,"[{""p_home_win"": 0.0, ""weight"": 0.25}, {""p_home_win"": 0.06303228479582186, ""weight"": 0.5}, {""p_home_win"": 0.12606456959164372, ""weight"": 0.25}]",-13.48845414294707,,elo,"{'home_advantage': 2.9321524711913867, 'scale': 0.19805595092270994, 'error_term': 11.858496825260996, 'win_prob_k': 4.997571425536899}",0.0,-32.0
2025-11-22,Charlotte Hornets,Los Angeles Clippers,116.0,131.0,False,False,2025-11-22|Los Angeles Clippers|Charlotte Hornets,,,,2025-11-22|Los Angeles Clippers|Charlotte Hornets,0.6391893517059106,"[{""p_home_win"": 0.27837870341182125, ""weight"": 0.25}, {""p_home_win"": 0.6391893517059106, ""weight"": 0.5}, {""p_home_win"": 1.0, ""weight"": 0.25}]",2.9905233285994086,,elo,"{'home_advantage': 2.5049481000735994, 'scale': 0.1958859244513252, 'error_term': 12.046629459707512, 'win_prob_k': 5.229582484386382}",0.0,-15.0
2025-11-22,Orlando Magic,New York Knicks,133.0,121.0,False,False,2025-11-22|New York Knicks|Orlando Magic,,,,2025-11-22|New York Knicks|Orlando Magic,0.5720944463878487,"[{""p_home_win"": 0.14418889277569735, ""weight"": 0.25}, {""p_home_win"": 0.5720944463878487, ""weight"": 0.5}, {""p_home_win"": 1.0, ""weight"": 0.25}]",1.5186790774551024,,elo,"{'home_advantage': 2.5049481000735994, 'scale': 0.1958859244513252, 'error_term': 12.046629459707512, 'win_prob_k': 5.229582484386382}",1.0,12.0
2025-11-22,New Orleans Pelicans,Atlanta Hawks,98.0,115.0,False,False,2025-11-22|Atlanta Hawks|New Orleans Pelicans,,,,2025-11-22|Atlanta Hawks|New Orleans Pelicans,0.1093577851142324,"[{""p_home_win"": 0.0, ""weight"": 0.25}, {""p_home_win"": 0.1093577851142324, ""weight"": 0.5}, {""p_home_win"": 0.2187155702284648, ""weight"": 0.25}]",-10.96809670936872,,elo,"{'home_advantage': 2.5049481000735994, 'scale': 0.1958859244513252, 'error_term': 12.046629459707512, 'win_prob_k': 5.229582484386382}",0.0,-17.0
2025-11-22,Chicago Bulls,Washington Wizards,121.0,120.0,False,False,2025-11-22|Washington Wizards|Chicago Bulls,,,,2025-11-22|Washington Wizards|Chicago Bulls,0.9415448408832502,"[{""p_home_win"": 0.8830896817665004, ""weight"": 0.25}, {""p_home_win"": 0.9415448408832502, ""weight"": 0.5}, {""p_home_win"": 1.0, ""weight"": 0.25}]",14.534380003035427,,elo,"{'home_advantage': 2.5049481000735994, 'scale': 0.1958859244513252, 'error_term': 12.046629459707512, 'win_prob_k': 5.229582484386382}",1.0,1.0
2025-11-22,Milwaukee Bucks,Detroit Pistons,116.0,129.0,False,False,2025-11-22|Detroit Pistons|Milwaukee Bucks,,,,2025-11-22|Detroit Pistons|Milwaukee Bucks,0.19416302394192092,"[{""p_home_win"": 0.0, ""weight"": 0.25}, {""p_home_win"": 0.19416302394192092, ""weight"": 0.5}, {""p_home_win"": 0.38832604788384184, ""weight"": 0.25}]",-7.44265457966252,,elo,"{'home_advantage': 2.5049481000735994, 'scale': 0.1958859244513252, 'error_term': 12.046629459707512, 'win_prob_k': 5.229582484386382}",0.0,-13.0
2025-11-22,Dallas Mavericks,Memphis Grizzlies,96.0,102.0,False,False,2025-11-22|Memphis Grizzlies|Dallas Mavericks,,,,2025-11-22|Memphis Grizzlies|Dallas Mavericks,0.5160870224499229,"[{""p_home_win"": 0.032174044899845766, ""weight"": 0.25}, {""p_home_win"": 0.5160870224499229, ""weight"": 0.5}, {""p_home_win"": 1.0, ""weight"": 0.25}]",0.33662983167590577,,elo,"{'home_advantage': 2.5049481000735994, 'scale': 0.1958859244513252, 'error_term': 12.046629459707512, 'win_prob_k': 5.229582484386382}",0.0,-6.0
2025-11-22,Denver Nuggets,Sacramento Kings,123.0,128.0,False,False,2025-11-22|Sacramento Kings|Denver Nuggets,,,,2025-11-22|Sacramento Kings|Denver Nuggets,0.9741165846406622,"[{""p_home_win"": 0.9482331692813244, ""weight"": 0.25}, {""p_home_win"": 0.9741165846406622, ""weight"": 0.5}, {""p_home_win"": 1.0, ""weight"": 0.25}]",18.972551668965338,,elo,"{'home_advantage': 2.5049481000735994, 'scale': 0.1958859244513252, 'error_term': 12.046629459707512, 'win_prob_k': 5.229582484386382}",0.0,-5.0
2025-11-23,Philadelphia 76ers,Miami Heat,117.0,127.0,False,False,2025-11-23|Miami Heat|Philadelphia 76ers,,,,2025-11-23|Miami Heat|Philadelphia 76ers,0.5353768745126974,"[{""p_home_win"": 0.07075374902539489, ""weight"": 0.25}, {""p_home_win"": 0.5353768745126974, ""weight"": 0.5}, {""p_home_win"": 1.0, ""weight"": 0.25}]",0.7329512480801643,,elo,"{'home_advantage': 2.316191982995092, 'scale': 0.19168015945847006, 'error_term': 12.083893676023719, 'win_prob_k': 5.170938268809953}",0.0,-10.0
2025-11-23,Atlanta Hawks,Charlotte Hornets,113.0,110.0,False,False,2025-11-23|Charlotte Hornets|Atlanta Hawks,,,,2025-11-23|Charlotte Hornets|Atlanta Hawks,0.9318806882890129,"[{""p_home_win"": 0.8637613765780259, ""weight"": 0.25}, {""p_home_win"": 0.9318806882890129, ""weight"": 0.5}, {""p_home_win"": 1.0, ""weight"": 0.25}]",13.52688513493478,,elo,"{'home_advantage': 2.316191982995092, 'scale': 0.19168015945847006, 'error_term': 12.083893676023719, 'win_prob_k': 5.170938268809953}",1.0,3.0
2025-11-23,Boston Celtics,Orlando Magic,138.0,129.0,False,False,2025-11-23|Orlando Magic|Boston Celtics,,,,2025-11-23|Orlando Magic|Boston Celtics,0.4983068084053776,"[{""p_home_win"": 0.0, ""weight"": 0.25}, {""p_home_win"": 0.4983068084053776, ""weight"": 0.5}, {""p_home_win"": 0.9966136168107552, ""weight"": 0.25}]",-0.03502169072412764,,elo,"{'home_advantage': 2.316191982995092, 'scale': 0.19168015945847006, 'error_term': 12.083893676023719, 'win_prob_k': 5.170938268809953}",1.0,9.0
2025-11-23,Cleveland Cavaliers,Los Angeles Clippers,120.0,105.0,False,False,2025-11-23|Los Angeles Clippers|Cleveland Cavaliers,,,,2025-11-23|Los Angeles Clippers|Cleveland Cavaliers,0.8950792322210798,"[{""p_home_win"": 0.7901584644421595, ""weight"": 0.25}, {""p_home_win"": 0.8950792322210798, ""weight"": 0.5}, {""p_home_win"": 1.0, ""weight"": 0.25}]",11.084975370223376,,elo,"{'home_advantage': 2.316191982995092, 'scale': 0.19168015945847006, 'error_term': 12.083893676023719, 'win_prob_k': 5.170938268809953}",1.0,15.0
2025-11-23,Toronto Raptors,Brooklyn Nets,119.0,109.0,False,False,2025-11-23|Brooklyn Nets|Toronto Raptors,,,,2025-11-23|Brooklyn Nets|Toronto Raptors,0.9575324107937151,"[{""p_home_win"": 0.9150648215874302, ""weight"": 0.25}, {""p_home_win"": 0.9575324107937151, ""weight"": 0.5}, {""p_home_win"": 1.0, ""weight"": 0.25}]",16.110670373104607,,elo,"{'home_advantage': 2.316191982995092, 'scale': 0.19168015945847006, 'error_term': 12.083893676023719, 'win_prob_k': 5.170938268809953}",1.0,10.0
2025-11-23,Oklahoma City Thunder,Portland Trail Blazers,122.0,95.0,False,False,2025-11-23|Portland Trail Blazers|Oklahoma City Thunder,,,,2025-11-23|Portland Trail Blazers|Oklahoma City Thunder,0.9632761623216956,"[{""p_home_win"": 0.9265523246433911, ""weight"": 0.25}, {""p_home_win"": 0.9632761623216956, ""weight"": 0.5}, {""p_home_win"": 1.0, ""weight"": 0.25}]",16.89301099260568,,elo,"{'home_advantage': 2.316191982995092, 'scale': 0.19168015945847006, 'error_term': 12.083893676023719, 'win_prob_k': 5.170938268809953}",1.0,27.0
2025-11-23,Phoenix Suns,San Antonio Spurs,111.0,102.0,False,False,2025-11-23|San Antonio Spurs|Phoenix Suns,,,,2025-11-23|San Antonio Spurs|Phoenix Suns,0.5389070940181269,"[{""p_home_win"": 0.07781418803625373, ""weight"": 0.25}, {""p_home_win"": 0.5389070940181269, ""weight"": 0.5}, {""p_home_win"": 1.0, ""weight"": 0.25}]",0.8063749080999261,,elo,"{'home_advantage': 2.316191982995092, 'scale': 0.19168015945847006, 'error_term': 12.083893676023719, 'win_prob_k': 5.170938268809953}",1.0,9.0
2025-11-23,Utah Jazz,Los Angeles Lakers,106.0,108.0,False,False,2025-11-23|Los Angeles Lakers|Utah Jazz,,,,2025-11-23|Los Angeles Lakers|Utah Jazz,0.14026738310599127,"[{""p_home_win"": 0.0, ""weight"": 0.25}, {""p_home_win"": 0.14026738310599127, ""weight"": 0.5}, {""p_home_win"": 0.28053476621198253, ""weight"": 0.25}]",-9.375277958798605,,elo,"{'home_advantage': 2.316191982995092, 'scale': 0.19168015945847006, 'error_term': 12.083893676023719, 'win_prob_k': 5.170938268809953}",0.0,-2.0
2025-11-24,Indiana Pacers,Detroit Pistons,117.0,122.0,False,False,2025-11-24|Detroit Pistons|Indiana Pacers,,,,2025-11-24|Detroit Pistons|Indiana Pacers,0.03891683588135273,"[{""p_home_win"": 0.0, ""weight"": 0.25}, {""p_home_win"": 0.03891683588135273, ""weight"": 0.5}, {""p_home_win"": 0.07783367176270546, ""weight"": 0.25}]",-16.523175802453355,,elo,"{'home_advantage': 2.3979010189304932, 'scale': 0.1832441840314275, 'error_term': 12.011479208401102, 'win_prob_k': 5.152810037683114}",0.0,-5.0
2025-11-24,Toronto Raptors,Cleveland Cavaliers,110.0,99.0,False,False,2025-11-24|Cleveland Cavaliers|Toronto Raptors,,,,2025-11-24|Cleveland Cavaliers|Toronto Raptors,0.7286213978682684,"[{""p_home_win"": 0.4572427957365368, ""weight"": 0.25}, {""p_home_win"": 0.7286213978682684, ""weight"": 0.5}, {""p_home_win"": 1.0, ""weight"": 0.25}]",5.089117960788339,,elo,"{'home_advantage': 2.3979010189304932, 'scale': 0.1832441840314275, 'error_term': 12.011479208401102, 'win_prob_k': 5.152810037683114}",1.0,11.0
2025-11-24,Brooklyn Nets,New York Knicks,100.0,113.0,False,False,2025-11-24|New York Knicks|Brooklyn Nets,,,,2025-11-24|New York Knicks|Brooklyn Nets,0.20954027149190144,"[{""p_home_win"": 0.0, ""weight"": 0.25}, {""p_home_win"": 0.20954027149190144, ""weight"": 0.5}, {""p_home_win"": 0.4190805429838029, ""weight"": 0.25}]",-6.841379515285334,,elo,"{'home_advantage': 2.3979010189304932, 'scale': 0.1832441840314275, 'error_term': 12.011479208401102, 'win_prob_k': 5.152810037683114}",0.0,-13.0
2025-11-24,Miami Heat,Dallas Mavericks,106.0,102.0,False,False,2025-11-24|Dallas Mavericks|Miami Heat,,,,2025-11-24|Dallas Mavericks|Miami Heat,0.9566604078644085,"[{""p_home_win"": 0.9133208157288171, ""weight"": 0.25}, {""p_home_win"": 0.9566604078644085, ""weight"": 0.5}, {""p_home_win"": 1.0, ""weight"": 0.25}]",15.944762076129672,,elo,"{'home_advantage': 2.3979010189304932, 'scale': 0.1832441840314275, 'error_term': 12.011479208401102, 'win_prob_k': 5.152810037683114}",1.0,4.0
2025-11-24,Memphis Grizzlies,Denver Nuggets,115.0,125.0,False,False,2025-11-24|Denver Nuggets|Memphis Grizzlies,,,,2025-11-24|Denver Nuggets|Memphis Grizzlies,0.16409573267245836,"[{""p_home_win"": 0.0, ""weight"": 0.25}, {""p_home_win"": 0.16409573267245836, ""weight"": 0.5}, {""p_home_win"": 0.3281914653449167, ""weight"": 0.25}]",-8.38910503872391,,elo,"{'home_advantage': 2.3979010189304932, 'scale': 0.1832441840314275, 'error_term': 12.011479208401102, 'win_prob_k': 5.152810037683114}",0.0,-10.0
2025-11-24,Milwaukee Bucks,Portland Trail Blazers,103.0,115.0,False,False,2025-11-24|Portland Trail Blazers|Milwaukee Bucks,,,,2025-11-24|Portland Trail Blazers|Milwaukee Bucks,0.6070796177176443,"[{""p_home_win"": 0.2141592354352886, ""weight"": 0.25}, {""p_home_win"": 0.6070796177176443, ""weight"": 0.5}, {""p_home_win"": 1.0, ""weight"": 0.25}]",2.241745190432245,,elo,"{'home_advantage': 2.3979010189304932, 'scale': 0.1832441840314275, 'error_term': 12.011479208401102, 'win_prob_k': 5.152810037683114}",0.0,-12.0
2025-11-24,New Orleans Pelicans,Chicago Bulls,143.0,130.0,False,False,2025-11-24|Chicago Bulls|New Orleans Pelicans,,,,2025-11-24|Chicago Bulls|New Orleans Pelicans,0.12620792566283914,"[{""p_home_win"": 0.0, ""weight"": 0.25}, {""p_home_win"": 0.12620792566283914, ""weight"": 0.5}, {""p_home_win"": 0.2524158513256783, ""weight"": 0.25}]",-9.970232407126833,,elo,"{'home_advantage': 2.3979010189304932, 'scale': 0.1832441840314275, 'error_term': 12.011479208401102, 'win_prob_k': 5.152810037683114}",1.0,13.0
2025-11-24,Phoenix Suns,Houston Rockets,92.0,114.0,False,False,2025-11-24|Houston Rockets|Phoenix Suns,,,,2025-11-24|Houston Rockets|Phoenix Suns,0.5462171193612332,"[{""p_home_win"": 0.09243423872246637, ""weight"": 0.25}, {""p_home_win"": 0.5462171193612332, ""weight"": 0.5}, {""p_home_win"": 1.0, ""weight"": 0.25}]",0.9553191503290421,,elo,"{'home_advantage': 2.3979010189304932, 'scale': 0.1832441840314275, 'error_term': 12.011479208401102, 'win_prob_k': 5.152810037683114}",0.0,-22.0
2025-11-24,Golden State Warriors,Utah Jazz,134.0,117.0,False,False,2025-11-24|Utah Jazz|Golden State Warriors,,,,2025-11-24|Utah Jazz|Golden State Warriors,0.8504684006007464,"[{""p_home_win"": 0.7009368012014927, ""weight"": 0.25}, {""p_home_win"": 0.8504684006007464, ""weight"": 0.5}, {""p_home_win"": 1.0, ""weight"": 0.25}]",8.957024156492873,,elo,"{'home_advantage': 2.3979010189304932, 'scale': 0.1832441840314275, 'error_term': 12.011479208401102, 'win_prob_k': 5.152810037683114}",1.0,17.0
2025-11-24,Sacramento Kings,Minnesota Timberwolves,117.0,112.0,False,False,2025-11-24|Minnesota Timberwolves|Sacramento Kings,,,,2025-11-24|Minnesota Timberwolves|Sacramento Kings,0.20810583863800974,"[{""p_home_win"": 0.0, ""weight"": 0.25}, {""p_home_win"": 0.20810583863800974, ""weight"": 0.5}, {""p_home_win"": 0.4162116772760195, ""weight"": 0.25}]",-6.8861172163462605,,elo,"{'home_advantage': 2.3979010189304932, 'scale': 0.1832441840314275, 'error_term': 12.011479208401102, 'win_prob_k': 5.152810037683114}",1.0,5.0
2025-11-25,Washington Wizards,Atlanta Hawks,132.0,113.0,False,False,2025-11-25|Atlanta Hawks|Washington Wizards,,,,2025-11-25|Atlanta Hawks|Washington Wizards,0.08915993733280893,"[{""p_home_win"": 0.0, ""weight"": 0.25}, {""p_home_win"": 0.08915993733280893, ""weight"": 0.5}, {""p_home_win"": 0.17831987466561786, ""weight"": 0.25}]",-11.913739058029943,,elo,"{'home_advantage': 2.480071435113315, 'scale': 0.17528110555670695, 'error_term': 12.005292007782343, 'win_prob_k': 5.126535993468476}",1.0,19.0
2025-11-25,Philadelphia 76ers,Orlando Magic,103.0,144.0,False,False,2025-11-25|Orlando Magic|Philadelphia 76ers,,,,2025-11-25|Orlando Magic|Philadelphia 76ers,0.6031735451167008,"[{""p_home_win"": 0.2063470902334017, ""weight"": 0.25}, {""p_home_win"": 0.6031735451167008, ""weight"": 0.5}, {""p_home_win"": 1.0, ""weight"": 0.25}]",2.146510940878746,,elo,"{'home_advantage': 2.480071435113315, 'scale': 0.17528110555670695, 'error_term': 12.005292007782343, 'win_prob_k': 5.126535993468476}",0.0,-41.0
2025-11-25,Los Angeles Lakers,Los Angeles Clippers,135.0,118.0,False,False,2025-11-25|Los Angeles Clippers|Los Angeles Lakers,,,,2025-11-25|Los Angeles Clippers|Los Angeles Lakers,0.9518630489533577,"[{""p_home_win"": 0.9037260979067154, ""weight"": 0.25}, {""p_home_win"": 0.9518630489533577, ""weight"": 0.5}, {""p_home_win"": 1.0, ""weight"": 0.25}]",15.299485724044695,,elo,"{'home_advantage': 2.480071435113315, 'scale': 0.17528110555670695, 'error_term': 12.005292007782343, 'win_prob_k': 5.126535993468476}",1.0,17.0
2025-11-26,Boston Celtics,Detroit Pistons,117.0,114.0,False,False,2025-11-26|Detroit Pistons|Boston Celtics,,,,2025-11-26|Detroit Pistons|Boston Celtics,0.2108191620783826,"[{""p_home_win"": 0.0, ""weight"": 0.25}, {""p_home_win"": 0.2108191620783826, ""weight"": 0.5}, {""p_home_win"": 0.4216383241567652, ""weight"": 0.25}]",-6.937132428559693,,elo,"{'home_advantage': 2.439539468840772, 'scale': 0.1727981682963172, 'error_term': 12.366889238322475, 'win_prob_k': 5.255424140830737}",1.0,3.0
2025-11-26,Charlotte Hornets,New York Knicks,101.0,129.0,False,False,2025-11-26|New York Knicks|Charlotte Hornets,,,,2025-11-26|New York Knicks|Charlotte Hornets,0.20440915434301776,"[{""p_home_win"": 0.0, ""weight"": 0.25}, {""p_home_win"": 0.20440915434301776, ""weight"": 0.5}, {""p_home_win"": 0.4088183086860355, ""weight"": 0.25}]",-7.141918532040792,,elo,"{'home_advantage': 2.439539468840772, 'scale': 0.1727981682963172, 'error_term': 12.366889238322475, 'win_prob_k': 5.255424140830737}",0.0,-28.0
2025-11-26,Miami Heat,Milwaukee Bucks,106.0,103.0,False,False,2025-11-26|Milwaukee Bucks|Miami Heat,,,,2025-11-26|Milwaukee Bucks|Miami Heat,0.8770284112381103,"[{""p_home_win"": 0.7540568224762205, ""weight"": 0.25}, {""p_home_win"": 0.8770284112381103, ""weight"": 0.5}, {""p_home_win"": 1.0, ""weight"": 0.25}]",10.324732926426444,,elo,"{'home_advantage': 2.439539468840772, 'scale': 0.1727981682963172, 'error_term': 12.366889238322475, 'win_prob_k': 5.255424140830737}",1.0,3.0
2025-11-26,Oklahoma City Thunder,Minnesota Timberwolves,113.0,105.0,False,False,2025-11-26|Minnesota Timberwolves|Oklahoma City Thunder,,,,2025-11-26|Minnesota Timberwolves|Oklahoma City Thunder,0.9196093679671373,"[{""p_home_win"": 0.8392187359342747, ""weight"": 0.25}, {""p_home_win"": 0.9196093679671373, ""weight"": 0.5}, {""p_home_win"": 1.0, ""weight"": 0.25}]",12.807738378709367,,elo,"{'home_advantage': 2.439539468840772, 'scale': 0.1727981682963172, 'error_term': 12.366889238322475, 'win_prob_k': 5.255424140830737}",1.0,8.0
2025-11-26,Toronto Raptors,Indiana Pacers,97.0,95.0,False,False,2025-11-26|Indiana Pacers|Toronto Raptors,,,,2025-11-26|Indiana Pacers|Toronto Raptors,0.9734908048087255,"[{""p_home_win"": 0.946981609617451, ""weight"": 0.25}, {""p_home_win"": 0.9734908048087255, ""weight"": 0.5}, {""p_home_win"": 1.0, ""weight"": 0.25}]",18.93737810137222,,elo,"{'home_advantage': 2.439539468840772, 'scale': 0.1727981682963172, 'error_term': 12.366889238322475, 'win_prob_k': 5.255424140830737}",1.0,2.0
2025-11-26,New Orleans Pelicans,Memphis Grizzlies,128.0,133.0,False,False,2025-11-26|Memphis Grizzlies|New Orleans Pelicans,,,,2025-11-26|Memphis Grizzlies|New Orleans Pelicans,0.41101118781895757,"[{""p_home_win"": 0.0, ""weight"": 0.25}, {""p_home_win"": 0.41101118781895757, ""weight"": 0.5}, {""p_home_win"": 0.8220223756379151, ""weight"": 0.25}]",-1.8908319913428229,,elo,"{'home_advantage': 2.439539468840772, 'scale': 0.1727981682963172, 'error_term': 12.366889238322475, 'win_prob_k': 5.255424140830737}",0.0,-5.0
2025-11-26,Golden State Warriors,Houston Rockets,100.0,104.0,False,False,2025-11-26|Houston Rockets|Golden State Warriors,,,,2025-11-26|Houston Rockets|Golden State Warriors,0.41209682120068614,"[{""p_home_win"": 0.0, ""weight"": 0.25}, {""p_home_win"": 0.41209682120068614, ""weight"": 0.5}, {""p_home_win"": 0.8241936424013723, ""weight"": 0.25}]",-1.867272944492766,,elo,"{'home_advantage': 2.439539468840772, 'scale': 0.1727981682963172, 'error_term': 12.366889238322475, 'win_prob_k': 5.255424140830737}",0.0,-4.0
2025-11-26,Portland Trail Blazers,San Antonio Spurs,102.0,115.0,False,False,2025-11-26|San Antonio Spurs|Portland Trail Blazers,,,,2025-11-26|San Antonio Spurs|Portland Trail Blazers,0.42332673053585346,"[{""p_home_win"": 0.0, ""weight"": 0.25}, {""p_home_win"": 0.42332673053585346, ""weight"": 0.5}, {""p_home_win"": 0.8466534610717069, ""weight"": 0.25}]",-1.6246174378512266,,elo,"{'home_advantage': 2.439539468840772, 'scale': 0.1727981682963172, 'error_term': 12.366889238322475, 'win_prob_k': 5.255424140830737}",0.0,-13.0
2025-11-26,Sacramento Kings,Phoenix Suns,100.0,112.0,False,False,2025-11-26|Phoenix Suns|Sacramento Kings,,,,2025-11-26|Phoenix Suns|Sacramento Kings,0.273377989894123,"[{""p_home_win"": 0.0, ""weight"": 0.25}, {""p_home_win"": 0.273377989894123, ""weight"": 0.5}, {""p_home_win"": 0.546755979788246, ""weight"": 0.25}]",-5.137445099787056,,elo,"{'home_advantage': 2.439539468840772, 'scale': 0.1727981682963172, 'error_term': 12.366889238322475, 'win_prob_k': 5.255424140830737}",0.0,-12.0
2025-11-28,Atlanta Hawks,Cleveland Cavaliers,130.0,123.0,False,False,2025-11-28|Cleveland Cavaliers|Atlanta Hawks,,,,2025-11-28|Cleveland Cavaliers|Atlanta Hawks,0.6078063087134827,"[{""p_home_win"": 0.21561261742696547, ""weight"": 0.25}, {""p_home_win"": 0.6078063087134827, ""weight"": 0.5}, {""p_home_win"": 1.0, ""weight"": 0.25}]",2.2921889857864133,,elo,"{'home_advantage': 2.148926033403476, 'scale': 0.1659474242867361, 'error_term': 12.251788815263053, 'win_prob_k': 5.232108482961246}",1.0,7.0
2025-11-28,Brooklyn Nets,Philadelphia 76ers,103.0,115.0,False,False,2025-11-28|Philadelphia 76ers|Brooklyn Nets,,,,2025-11-28|Philadelphia 76ers|Brooklyn Nets,0.25721655977398145,"[{""p_home_win"": 0.0, ""weight"": 0.25}, {""p_home_win"": 0.25721655977398145, ""weight"": 0.5}, {""p_home_win"": 0.5144331195479629, ""weight"": 0.25}]",-5.548578635931345,,elo,"{'home_advantage': 2.148926033403476, 'scale': 0.1659474242867361, 'error_term': 12.251788815263053, 'win_prob_k': 5.232108482961246}",0.0,-12.0
2025-11-28,Charlotte Hornets,Chicago Bulls,123.0,116.0,False,False,2025-11-28|Chicago Bulls|Charlotte Hornets,,,,2025-11-28|Chicago Bulls|Charlotte Hornets,0.23435945262198957,"[{""p_home_win"": 0.0, ""weight"": 0.25}, {""p_home_win"": 0.23435945262198957, ""weight"": 0.5}, {""p_home_win"": 0.46871890524397913, ""weight"": 0.25}]",-6.194066898565075,,elo,"{'home_advantage': 2.148926033403476, 'scale': 0.1659474242867361, 'error_term': 12.251788815263053, 'win_prob_k': 5.232108482961246}",1.0,7.0
2025-11-28,Detroit Pistons,Orlando Magic,109.0,112.0,False,False,2025-11-28|Orlando Magic|Detroit Pistons,,,,2025-11-28|Orlando Magic|Detroit Pistons,0.8377331267924677,"[{""p_home_win"": 0.6754662535849354, ""weight"": 0.25}, {""p_home_win"": 0.8377331267924677, ""weight"": 0.5}, {""p_home_win"": 1.0, ""weight"": 0.25}]",8.588282349929614,,elo,"{'home_advantage': 2.148926033403476, 'scale': 0.1659474242867361, 'error_term': 12.251788815263053, 'win_prob_k': 5.232108482961246}",0.0,-3.0
2025-11-28,Indiana Pacers,Washington Wizards,119.0,86.0,False,False,2025-11-28|Washington Wizards|Indiana Pacers,,,,2025-11-28|Washington Wizards|Indiana Pacers,0.5653905683558513,"[{""p_home_win"": 0.13078113671170266, ""weight"": 0.25}, {""p_home_win"": 0.5653905683558513, ""weight"": 0.5}, {""p_home_win"": 1.0, ""weight"": 0.25}]",1.3764055165320075,,elo,"{'home_advantage': 2.148926033403476, 'scale': 0.1659474242867361, 'error_term': 12.251788815263053, 'win_prob_k': 5.232108482961246}",1.0,33.0
2025-11-28,New York Knicks,Milwaukee Bucks,118.0,109.0,False,False,2025-11-28|Milwaukee Bucks|New York Knicks,,,,2025-11-28|Milwaukee Bucks|New York Knicks,0.8421466645809638,"[{""p_home_win"": 0.6842933291619275, ""weight"": 0.25}, {""p_home_win"": 0.8421466645809638, ""weight"": 0.5}, {""p_home_win"": 1.0, ""weight"": 0.25}]",8.760055610313993,,elo,"{'home_advantage': 2.148926033403476, 'scale': 0.1659474242867361, 'error_term': 12.251788815263053, 'win_prob_k': 5.232108482961246}",1.0,9.0
2025-11-28,Denver Nuggets,San Antonio Spurs,136.0,139.0,False,False,2025-11-28|San Antonio Spurs|Denver Nuggets,,,,2025-11-28|San Antonio Spurs|Denver Nuggets,0.7003291020338737,"[{""p_home_win"": 0.4006582040677473, ""weight"": 0.25}, {""p_home_win"": 0.7003291020338737, ""weight"": 0.5}, {""p_home_win"": 1.0, ""weight"": 0.25}]",4.441356407499967,,elo,"{'home_advantage': 2.148926033403476, 'scale': 0.1659474242867361, 'error_term': 12.251788815263053, 'win_prob_k': 5.232108482961246}",0.0,-3.0
2025-11-28,Oklahoma City Thunder,Phoenix Suns,123.0,119.0,False,False,2025-11-28|Phoenix Suns|Oklahoma City Thunder,,,,2025-11-28|Phoenix Suns|Oklahoma City Thunder,0.8969578469155676,"[{""p_home_win"": 0.7939156938311351, ""weight"": 0.25}, {""p_home_win"": 0.8969578469155676, ""weight"": 0.5}, {""p_home_win"": 1.0, ""weight"": 0.25}]",11.321606296745205,,elo,"{'home_advantage': 2.148926033403476, 'scale': 0.1659474242867361, 'error_term': 12.251788815263053, 'win_prob_k': 5.232108482961246}",1.0,4.0
2025-11-28,Utah Jazz,Sacramento Kings,128.0,119.0,False,False,2025-11-28|Sacramento Kings|Utah Jazz,,,,2025-11-28|Sacramento Kings|Utah Jazz,0.6247012054888615,"[{""p_home_win"": 0.2494024109777231, ""weight"": 0.25}, {""p_home_win"": 0.6247012054888615, ""weight"": 0.5}, {""p_home_win"": 1.0, ""weight"": 0.25}]",2.6660259533580417,,elo,"{'home_advantage': 2.148926033403476, 'scale': 0.1659474242867361, 'error_term': 12.251788815263053, 'win_prob_k': 5.232108482961246}",1.0,9.0
2025-11-28,Los Angeles Clippers,Memphis Grizzlies,107.0,112.0,False,False,2025-11-28|Memphis Grizzlies|Los Angeles Clippers,,,,2025-11-28|Memphis Grizzlies|Los Angeles Clippers,0.5250186539305624,"[{""p_home_win"": 0.0500373078611247, ""weight"": 0.25}, {""p_home_win"": 0.5250186539305624, ""weight"": 0.5}, {""p_home_win"": 1.0, ""weight"": 0.25}]",0.5240388892454984,,elo,"{'home_advantage': 2.148926033403476, 'scale': 0.1659474242867361, 'error_term': 12.251788815263053, 'win_prob_k': 5.232108482961246}",0.0,-5.0
2025-11-28,Los Angeles Lakers,Dallas Mavericks,129.0,119.0,False,False,2025-11-28|Dallas Mavericks|Los Angeles Lakers,,,,2025-11-28|Dallas Mavericks|Los Angeles Lakers,0.9688949669884702,"[{""p_home_win"": 0.9377899339769404, ""weight"": 0.25}, {""p_home_win"": 0.9688949669884702, ""weight"": 0.5}, {""p_home_win"": 1.0, ""weight"": 0.25}]",17.992104402591778,,elo,"{'home_advantage': 2.148926033403476, 'scale': 0.1659474242867361, 'error_term': 12.251788815263053, 'win_prob_k': 5.232108482961246}",1.0,10.0
2025-11-29,Minnesota Timberwolves,Boston Celtics,119.0,115.0,False,False,2025-11-29|Boston Celtics|Minnesota Timberwolves,,,,2025-11-29|Boston Celtics|Minnesota Timberwolves,0.6176564363363298,"[{""p_home_win"": 0.23531287267265966, ""weight"": 0.25}, {""p_home_win"": 0.6176564363363298, ""weight"": 0.5}, {""p_home_win"": 1.0, ""weight"": 0.25}]",2.522844222790487,,elo,"{'home_advantage': 2.171825841227156, 'scale': 0.1631136689801642, 'error_term': 12.181718340475179, 'win_prob_k': 5.260168788722115}",1.0,4.0
2025-11-29,Charlotte Hornets,Toronto Raptors,118.0,111.0,False,False,2025-11-29|Toronto Raptors|Charlotte Hornets,,,,2025-11-29|Toronto Raptors|Charlotte Hornets,0.10073341305283776,"[{""p_home_win"": 0.0, ""weight"": 0.25}, {""p_home_win"": 0.10073341305283776, ""weight"": 0.5}, {""p_home_win"": 0.2014668261056755, ""weight"": 0.25}]",-11.515045885047014,,elo,"{'home_advantage': 2.171825841227156, 'scale': 0.1631136689801642, 'error_term': 12.181718340475179, 'win_prob_k': 5.260168788722115}",1.0,7.0
2025-11-29,Indiana Pacers,Chicago Bulls,103.0,101.0,False,False,2025-11-29|Chicago Bulls|Indiana Pacers,,,,2025-11-29|Chicago Bulls|Indiana Pacers,0.21803810385496683,"[{""p_home_win"": 0.0, ""weight"": 0.25}, {""p_home_win"": 0.21803810385496683, ""weight"": 0.5}, {""p_home_win"": 0.43607620770993366, ""weight"": 0.25}]",-6.717951859096846,,elo,"{'home_advantage': 2.171825841227156, 'scale': 0.1631136689801642, 'error_term': 12.181718340475179, 'win_prob_k': 5.260168788722115}",1.0,2.0
2025-11-29,Miami Heat,Detroit Pistons,135.0,138.0,False,False,2025-11-29|Detroit Pistons|Miami Heat,,,,2025-11-29|Detroit Pistons|Miami Heat,0.4974958609892291,"[{""p_home_win"": 0.0, ""weight"": 0.25}, {""p_home_win"": 0.4974958609892291, ""weight"": 0.5}, {""p_home_win"": 0.9949917219784582, ""weight"": 0.25}]",-0.05268921600313892,,elo,"{'home_advantage': 2.171825841227156, 'scale': 0.1631136689801642, 'error_term': 12.181718340475179, 'win_prob_k': 5.260168788722115}",0.0,-3.0
2025-11-29,Milwaukee Bucks,Brooklyn Nets,116.0,99.0,False,False,2025-11-29|Brooklyn Nets|Milwaukee Bucks,,,,2025-11-29|Brooklyn Nets|Milwaukee Bucks,0.7945965716207369,"[{""p_home_win"": 0.5891931432414739, ""weight"": 0.25}, {""p_home_win"": 0.7945965716207369, ""weight"": 0.5}, {""p_home_win"": 1.0, ""weight"": 0.25}]",7.116264268639371,,elo,"{'home_advantage': 2.171825841227156, 'scale': 0.1631136689801642, 'error_term': 12.181718340475179, 'win_prob_k': 5.260168788722115}",1.0,17.0
2025-11-29,Golden State Warriors,New Orleans Pelicans,104.0,96.0,False,False,2025-11-29|New Orleans Pelicans|Golden State Warriors,,,,2025-11-29|New Orleans Pelicans|Golden State Warriors,0.9165928394724719,"[{""p_home_win"": 0.8331856789449439, ""weight"": 0.25}, {""p_home_win"": 0.9165928394724719, ""weight"": 0.5}, {""p_home_win"": 1.0, ""weight"": 0.25}]",12.608252149091987,,elo,"{'home_advantage': 2.171825841227156, 'scale': 0.1631136689801642, 'error_term': 12.181718340475179, 'win_prob_k': 5.260168788722115}",1.0,8.0
2025-11-29,Phoenix Suns,Denver Nuggets,112.0,130.0,False,False,2025-11-29|Denver Nuggets|Phoenix Suns,,,,2025-11-29|Denver Nuggets|Phoenix Suns,0.47006261685997175,"[{""p_home_win"": 0.0, ""weight"": 0.25}, {""p_home_win"": 0.47006261685997175, ""weight"": 0.5}, {""p_home_win"": 0.9401252337199435, ""weight"": 0.25}]",-0.630657108108454,,elo,"{'home_advantage': 2.171825841227156, 'scale': 0.1631136689801642, 'error_term': 12.181718340475179, 'win_prob_k': 5.260168788722115}",0.0,-18.0
2025-11-29,Los Angeles Clippers,Dallas Mavericks,110.0,114.0,False,False,2025-11-29|Dallas Mavericks|Los Angeles Clippers,,,,2025-11-29|Dallas Mavericks|Los Angeles Clippers,0.6941997317499783,"[{""p_home_win"": 0.3883994634999566, ""weight"": 0.25}, {""p_home_win"": 0.6941997317499783, ""weight"": 0.5}, {""p_home_win"": 1.0, ""weight"": 0.25}]",4.31243127123233,,elo,"{'home_advantage': 2.171825841227156, 'scale': 0.1631136689801642, 'error_term': 12.181718340475179, 'win_prob_k': 5.260168788722115}",0.0,-4.0
2025-11-30,Utah Jazz,Houston Rockets,101.0,129.0,False,False,2025-11-30|Houston Rockets|Utah Jazz,,,,2025-11-30|Houston Rockets|Utah Jazz,0.15814824439330874,"[{""p_home_win"": 0.0, ""weight"": 0.25}, {""p_home_win"": 0.15814824439330874, ""weight"": 0.5}, {""p_home_win"": 0.3162964887866175, ""weight"": 0.25}]",-9.055683782157905,,elo,"{'home_advantage': 2.1776654508557622, 'scale': 0.16162331448215805, 'error_term': 12.121926145051797, 'win_prob_k': 5.4158485537190355}",0.0,-28.0
2025-11-30,Cleveland Cavaliers,Boston Celtics,115.0,117.0,False,False,2025-11-30|Boston Celtics|Cleveland Cavaliers,,,,2025-11-30|Boston Celtics|Cleveland Cavaliers,0.6730015971862744,"[{""p_home_win"": 0.3460031943725488, ""weight"": 0.25}, {""p_home_win"": 0.6730015971862744, ""weight"": 0.5}, {""p_home_win"": 1.0, ""weight"": 0.25}]",3.9091184141852047,,elo,"{'home_advantage': 2.1776654508557622, 'scale': 0.16162331448215805, 'error_term': 12.121926145051797, 'win_prob_k': 5.4158485537190355}",0.0,-2.0
2025-11-30,New York Knicks,Toronto Raptors,116.0,94.0,False,False,2025-11-30|Toronto Raptors|New York Knicks,,,,2025-11-30|Toronto Raptors|New York Knicks,0.4989317597292503,"[{""p_home_win"": 0.0, ""weight"": 0.25}, {""p_home_win"": 0.4989317597292503, ""weight"": 0.5}, {""p_home_win"": 0.9978635194585006, ""weight"": 0.25}]",-0.023141745312043493,,elo,"{'home_advantage': 2.1776654508557622, 'scale': 0.16162331448215805, 'error_term': 12.121926145051797, 'win_prob_k': 5.4158485537190355}",1.0,22.0
2025-11-30,Philadelphia 76ers,Atlanta Hawks,134.0,142.0,False,False,2025-11-30|Atlanta Hawks|Philadelphia 76ers,,,,2025-11-30|Atlanta Hawks|Philadelphia 76ers,0.471481199437379,"[{""p_home_win"": 0.0, ""weight"": 0.25}, {""p_home_win"": 0.471481199437379, ""weight"": 0.5}, {""p_home_win"": 0.942962398874758, ""weight"": 0.25}]",-0.6184853055773276,,elo,"{'home_advantage': 2.1776654508557622, 'scale': 0.16162331448215805, 'error_term': 12.121926145051797, 'win_prob_k': 5.4158485537190355}",0.0,-8.0
2025-11-30,Portland Trail Blazers,Oklahoma City Thunder,115.0,123.0,False,False,2025-11-30|Oklahoma City Thunder|Portland Trail Blazers,,,,2025-11-30|Oklahoma City Thunder|Portland Trail Blazers,0.10076078686014073,"[{""p_home_win"": 0.0, ""weight"": 0.25}, {""p_home_win"": 0.10076078686014073, ""weight"": 0.5}, {""p_home_win"": 0.20152157372028145, ""weight"": 0.25}]",-11.854208374202194,,elo,"{'home_advantage': 2.1776654508557622, 'scale': 0.16162331448215805, 'error_term': 12.121926145051797, 'win_prob_k': 5.4158485537190355}",0.0,-8.0
2025-11-30,Minnesota Timberwolves,San Antonio Spurs,125.0,112.0,False,False,2025-11-30|San Antonio Spurs|Minnesota Timberwolves,,,,2025-11-30|San Antonio Spurs|Minnesota Timberwolves,0.4479293421364162,"[{""p_home_win"": 0.0, ""weight"": 0.25}, {""p_home_win"": 0.4479293421364162, ""weight"": 0.5}, {""p_home_win"": 0.8958586842728324, ""weight"": 0.25}]",-1.132131905852849,,elo,"{'home_advantage': 2.1776654508557622, 'scale': 0.16162331448215805, 'error_term': 12.121926145051797, 'win_prob_k': 5.4158485537190355}",1.0,13.0
2025-11-30,Sacramento Kings,Memphis Grizzlies,107.0,115.0,False,False,2025-11-30|Memphis Grizzlies|Sacramento Kings,,,,2025-11-30|Memphis Grizzlies|Sacramento Kings,0.43558848044738363,"[{""p_home_win"": 0.0, ""weight"": 0.25}, {""p_home_win"": 0.43558848044738363, ""weight"": 0.5}, {""p_home_win"": 0.8711769608947673, ""weight"": 0.25}]",-1.4031688301138114,,elo,"{'home_advantage': 2.1776654508557622, 'scale': 0.16162331448215805, 'error_term': 12.121926145051797, 'win_prob_k': 5.4158485537190355}",0.0,-8.0
2025-11-30,Los Angeles Lakers,New Orleans Pelicans,133.0,121.0,False,False,2025-11-30|New Orleans Pelicans|Los Angeles Lakers,,,,2025-11-30|New Orleans Pelicans|Los Angeles Lakers,0.9763342561629417,"[{""p_home_win"": 0.9526685123258833, ""weight"": 0.25}, {""p_home_win"": 0.9763342561629417, ""weight"": 0.5}, {""p_home_win"": 1.0, ""weight"": 0.25}]",20.14574568238143,,elo,"{'home_advantage': 2.1776654508557622, 'scale': 0.16162331448215805, 'error_term': 12.121926145051797, 'win_prob_k': 5.4158485537190355}",1.0,12.0
2025-12-01,Detroit Pistons,Atlanta Hawks,99.0,98.0,False,False,2025-12-01|Atlanta Hawks|Detroit Pistons,,,,2025-12-01|Atlanta Hawks|Detroit Pistons,0.7469846519073967,"[{""p_home_win"": 0.4939693038147934, ""weight"": 0.25}, {""p_home_win"": 0.7469846519073967, ""weight"": 0.5}, {""p_home_win"": 1.0, ""weight"": 0.25}]",5.873269810068114,,elo,"{'home_advantage': 2.1900462763070605, 'scale': 0.15644346500609865, 'error_term': 12.09704229791243, 'win_prob_k': 5.4251798608035}",1.0,1.0
2025-12-01,Indiana Pacers,Cleveland Cavaliers,119.0,135.0,False,False,2025-12-01|Cleveland Cavaliers|Indiana Pacers,,,,2025-12-01|Cleveland Cavaliers|Indiana Pacers,0.21805193051523145,"[{""p_home_win"": 0.0, ""weight"": 0.25}, {""p_home_win"": 0.21805193051523145, ""weight"": 0.5}, {""p_home_win"": 0.4361038610304629, ""weight"": 0.25}]",-6.928253518721477,,elo,"{'home_advantage': 2.1900462763070605, 'scale': 0.15644346500609865, 'error_term': 12.09704229791243, 'win_prob_k': 5.4251798608035}",0.0,-16.0
2025-12-01,Washington Wizards,Milwaukee Bucks,129.0,126.0,False,False,2025-12-01|Milwaukee Bucks|Washington Wizards,,,,2025-12-01|Milwaukee Bucks|Washington Wizards,0.33237335701352766,"[{""p_home_win"": 0.0, ""weight"": 0.25}, {""p_home_win"": 0.33237335701352766, ""weight"": 0.5}, {""p_home_win"": 0.6647467140270553, ""weight"": 0.25}]",-3.783901245762867,,elo,"{'home_advantage': 2.1900462763070605, 'scale': 0.15644346500609865, 'error_term': 12.09704229791243, 'win_prob_k': 5.4251798608035}",1.0,3.0
2025-12-01,Brooklyn Nets,Charlotte Hornets,116.0,103.0,False,False,2025-12-01|Charlotte Hornets|Brooklyn Nets,,,,2025-12-01|Charlotte Hornets|Brooklyn Nets,0.46556740388612733,"[{""p_home_win"": 0.0, ""weight"": 0.25}, {""p_home_win"": 0.46556740388612733, ""weight"": 0.5}, {""p_home_win"": 0.9311348077722547, ""weight"": 0.25}]",-0.748396676992229,,elo,"{'home_advantage': 2.1900462763070605, 'scale': 0.15644346500609865, 'error_term': 12.09704229791243, 'win_prob_k': 5.4251798608035}",1.0,13.0
2025-12-01,Miami Heat,Los Angeles Clippers,140.0,123.0,False,False,2025-12-01|Los Angeles Clippers|Miami Heat,,,,2025-12-01|Los Angeles Clippers|Miami Heat,0.9227274183203892,"[{""p_home_win"": 0.8454548366407784, ""weight"": 0.25}, {""p_home_win"": 0.9227274183203892, ""weight"": 0.5}, {""p_home_win"": 1.0, ""weight"": 0.25}]",13.45441717612188,,elo,"{'home_advantage': 2.1900462763070605, 'scale': 0.15644346500609865, 'error_term': 12.09704229791243, 'win_prob_k': 5.4251798608035}",1.0,17.0
2025-12-01,Orlando Magic,Chicago Bulls,125.0,120.0,False,False,2025-12-01|Chicago Bulls|Orlando Magic,,,,2025-12-01|Chicago Bulls|Orlando Magic,0.7577545330406003,"[{""p_home_win"": 0.5155090660812005, ""weight"": 0.25}, {""p_home_win"": 0.7577545330406003, ""weight"": 0.5}, {""p_home_win"": 1.0, ""weight"": 0.25}]",6.1869182966275655,,elo,"{'home_advantage': 2.1900462763070605, 'scale': 0.15644346500609865, 'error_term': 12.09704229791243, 'win_prob_k': 5.4251798608035}",1.0,5.0
2025-12-01,Denver Nuggets,Dallas Mavericks,121.0,131.0,False,False,2025-12-01|Dallas Mavericks|Denver Nuggets,,,,2025-12-01|Dallas Mavericks|Denver Nuggets,0.9472954225423289,"[{""p_home_win"": 0.8945908450846578, ""weight"": 0.25}, {""p_home_win"": 0.9472954225423289, ""weight"": 0.5}, {""p_home_win"": 1.0, ""weight"": 0.25}]",15.67284924580202,,elo,"{'home_advantage': 2.1900462763070605, 'scale': 0.15644346500609865, 'error_term': 12.09704229791243, 'win_prob_k': 5.4251798608035}",0.0,-10.0
2025-12-01,Utah Jazz,Houston Rockets,133.0,125.0,False,False,2025-12-01|Houston Rockets|Utah Jazz,,,,2025-12-01|Houston Rockets|Utah Jazz,0.12851363942675376,"[{""p_home_win"": 0.0, ""weight"": 0.25}, {""p_home_win"": 0.12851363942675376, ""weight"": 0.5}, {""p_home_win"": 0.2570272788535075, ""weight"": 0.25}]",-10.384690342568106,,elo,"{'home_advantage': 2.1900462763070605, 'scale': 0.15644346500609865, 'error_term': 12.09704229791243, 'win_prob_k': 5.4251798608035}",1.0,8.0
2025-12-01,Los Angeles Lakers,Phoenix Suns,108.0,125.0,False,False,2025-12-01|Phoenix Suns|Los Angeles Lakers,,,,2025-12-01|Phoenix Suns|Los Angeles Lakers,0.8235413871734539,"[{""p_home_win"": 0.6470827743469079, ""weight"": 0.25}, {""p_home_win"": 0.8235413871734539, ""weight"": 0.5}, {""p_home_win"": 1.0, ""weight"": 0.25}]",8.357638471589716,,elo,"{'home_advantage': 2.1900462763070605, 'scale': 0.15644346500609865, 'error_term': 12.09704229791243, 'win_prob_k': 5.4251798608035}",0.0,-17.0
2025-12-02,Philadelphia 76ers,Washington Wizards,121.0,102.0,False,False,2025-12-02|Washington Wizards|Philadelphia 76ers,,,,2025-12-02|Washington Wizards|Philadelphia 76ers,0.8583313419899435,"[{""p_home_win"": 0.7166626839798871, ""weight"": 0.25}, {""p_home_win"": 0.8583313419899435, ""weight"": 0.5}, {""p_home_win"": 1.0, ""weight"": 0.25}]",10.124082070134463,,elo,"{'home_advantage': 2.0535095167158666, 'scale': 0.15433191795705323, 'error_term': 12.178156251801232, 'win_prob_k': 5.619809150946152}",1.0,19.0
2025-12-02,Toronto Raptors,Portland Trail Blazers,121.0,118.0,False,False,2025-12-02|Portland Trail Blazers|Toronto Raptors,,,,2025-12-02|Portland Trail Blazers|Toronto Raptors,0.841140463063314,"[{""p_home_win"": 0.682280926126628, ""weight"": 0.25}, {""p_home_win"": 0.841140463063314, ""weight"": 0.5}, {""p_home_win"": 1.0, ""weight"": 0.25}]",9.36675097546371,,elo,"{'home_advantage': 2.0535095167158666, 'scale': 0.15433191795705323, 'error_term': 12.178156251801232, 'win_prob_k': 5.619809150946152}",1.0,3.0
2025-12-02,Boston Celtics,New York Knicks,123.0,117.0,False,False,2025-12-02|New York Knicks|Boston Celtics,,,,2025-12-02|New York Knicks|Boston Celtics,0.4739296041133896,"[{""p_home_win"": 0.0, ""weight"": 0.25}, {""p_home_win"": 0.4739296041133896, ""weight"": 0.5}, {""p_home_win"": 0.9478592082267792, ""weight"": 0.25}]",-0.58657454942395,,elo,"{'home_advantage': 2.0535095167158666, 'scale': 0.15433191795705323, 'error_term': 12.178156251801232, 'win_prob_k': 5.619809150946152}",1.0,6.0
2025-12-02,New Orleans Pelicans,Minnesota Timberwolves,142.0,149.0,False,False,2025-12-02|Minnesota Timberwolves|New Orleans Pelicans,,,,2025-12-02|Minnesota Timberwolves|New Orleans Pelicans,0.13033256616092992,"[{""p_home_win"": 0.0, ""weight"": 0.25}, {""p_home_win"": 0.13033256616092992, ""weight"": 0.5}, {""p_home_win"": 0.26066513232185984, ""weight"": 0.25}]",-10.666518558127457,,elo,"{'home_advantage': 2.0535095167158666, 'scale': 0.15433191795705323, 'error_term': 12.178156251801232, 'win_prob_k': 5.619809150946152}",0.0,-7.0
2025-12-02,San Antonio Spurs,Memphis Grizzlies,126.0,119.0,False,False,2025-12-02|Memphis Grizzlies|San Antonio Spurs,,,,2025-12-02|Memphis Grizzlies|San Antonio Spurs,0.814229204874711,"[{""p_home_win"": 0.6284584097494219, ""weight"": 0.25}, {""p_home_win"": 0.814229204874711, ""weight"": 0.5}, {""p_home_win"": 1.0, ""weight"": 0.25}]",8.304550884047025,,elo,"{'home_advantage': 2.0535095167158666, 'scale': 0.15433191795705323, 'error_term': 12.178156251801232, 'win_prob_k': 5.619809150946152}",1.0,7.0
2025-12-02,Golden State Warriors,Oklahoma City Thunder,112.0,124.0,False,False,2025-12-02|Oklahoma City Thunder|Golden State Warriors,,,,2025-12-02|Oklahoma City Thunder|Golden State Warriors,0.14852645375439294,"[{""p_home_win"": 0.0, ""weight"": 0.25}, {""p_home_win"": 0.14852645375439294, ""weight"": 0.5}, {""p_home_win"": 0.2970529075087859, ""weight"": 0.25}]",-9.813340806725178,,elo,"{'home_advantage': 2.0535095167158666, 'scale': 0.15433191795705323, 'error_term': 12.178156251801232, 'win_prob_k': 5.619809150946152}",0.0,-12.0
2025-12-03,Cleveland Cavaliers,Portland Trail Blazers,110.0,122.0,False,False,2025-12-03|Portland Trail Blazers|Cleveland Cavaliers,,,,2025-12-03|Portland Trail Blazers|Cleveland Cavaliers,0.7692889026450852,"[{""p_home_win"": 0.5385778052901704, ""weight"": 0.25}, {""p_home_win"": 0.7692889026450852, ""weight"": 0.5}, {""p_home_win"": 1.0, ""weight"": 0.25}]",6.611058634975083,,elo,"{'home_advantage': 2.06773752251556, 'scale': 0.14919724878934046, 'error_term': 12.087356658412771, 'win_prob_k': 5.489543210759804}",0.0,-12.0
2025-12-03,Indiana Pacers,Denver Nuggets,120.0,135.0,False,False,2025-12-03|Denver Nuggets|Indiana Pacers,,,,2025-12-03|Denver Nuggets|Indiana Pacers,0.11524457378256346,"[{""p_home_win"": 0.0, ""weight"": 0.25}, {""p_home_win"": 0.11524457378256346, ""weight"": 0.5}, {""p_home_win"": 0.23048914756512692, ""weight"": 0.25}]",-11.189086995672564,,elo,"{'home_advantage': 2.06773752251556, 'scale': 0.14919724878934046, 'error_term': 12.087356658412771, 'win_prob_k': 5.489543210759804}",0.0,-15.0
2025-12-03,Orlando Magic,San Antonio Spurs,112.0,114.0,False,False,2025-12-03|San Antonio Spurs|Orlando Magic,,,,2025-12-03|San Antonio Spurs|Orlando Magic,0.5365309925644517,"[{""p_home_win"": 0.07306198512890338, ""weight"": 0.25}, {""p_home_win"": 0.5365309925644517, ""weight"": 0.5}, {""p_home_win"": 1.0, ""weight"": 0.25}]",0.8035857512390918,,elo,"{'home_advantage': 2.06773752251556, 'scale': 0.14919724878934046, 'error_term': 12.087356658412771, 'win_prob_k': 5.489543210759804}",0.0,-2.0
2025-12-03,Atlanta Hawks,Los Angeles Clippers,92.0,115.0,False,False,2025-12-03|Los Angeles Clippers|Atlanta Hawks,,,,2025-12-03|Los Angeles Clippers|Atlanta Hawks,0.9157897646723135,"[{""p_home_win"": 0.8315795293446271, ""weight"": 0.25}, {""p_home_win"": 0.9157897646723135, ""weight"": 0.5}, {""p_home_win"": 1.0, ""weight"": 0.25}]",13.10063210867499,,elo,"{'home_advantage': 2.06773752251556, 'scale': 0.14919724878934046, 'error_term': 12.087356658412771, 'win_prob_k': 5.489543210759804}",0.0,-23.0
2025-12-03,New York Knicks,Charlotte Hornets,119.0,104.0,False,False,2025-12-03|Charlotte Hornets|New York Knicks,,,,2025-12-03|Charlotte Hornets|New York Knicks,0.8939106866697992,"[{""p_home_win"": 0.7878213733395985, ""weight"": 0.25}, {""p_home_win"": 0.8939106866697992, ""weight"": 0.5}, {""p_home_win"": 1.0, ""weight"": 0.25}]",11.69999820898743,,elo,"{'home_advantage': 2.06773752251556, 'scale': 0.14919724878934046, 'error_term': 12.087356658412771, 'win_prob_k': 5.489543210759804}",1.0,15.0
2025-12-03,Chicago Bulls,Brooklyn Nets,103.0,113.0,False,False,2025-12-03|Brooklyn Nets|Chicago Bulls,,,,2025-12-03|Brooklyn Nets|Chicago Bulls,0.8290754098012887,"[{""p_home_win"": 0.6581508196025774, ""weight"": 0.25}, {""p_home_win"": 0.8290754098012887, ""weight"": 0.5}, {""p_home_win"": 1.0, ""weight"": 0.25}]",8.66847537521518,,elo,"{'home_advantage': 2.06773752251556, 'scale': 0.14919724878934046, 'error_term': 12.087356658412771, 'win_prob_k': 5.489543210759804}",0.0,-10.0
2025-12-03,Houston Rockets,Sacramento Kings,121.0,95.0,False,False,2025-12-03|Sacramento Kings|Houston Rockets,,,,2025-12-03|Sacramento Kings|Houston Rockets,0.9387256205028555,"[{""p_home_win"": 0.8774512410057109, ""weight"": 0.25}, {""p_home_win"": 0.9387256205028555, ""weight"": 0.5}, {""p_home_win"": 1.0, ""weight"": 0.25}]",14.981849597662372,,elo,"{'home_advantage': 2.06773752251556, 'scale': 0.14919724878934046, 'error_term': 12.087356658412771, 'win_prob_k': 5.489543210759804}",1.0,26.0
2025-12-03,Milwaukee Bucks,Detroit Pistons,113.0,109.0,False,False,2025-12-03|Detroit Pistons|Milwaukee Bucks,,,,2025-12-03|Detroit Pistons|Milwaukee Bucks,0.14609613280955414,"[{""p_home_win"": 0.0, ""weight"": 0.25}, {""p_home_win"": 0.14609613280955414, ""weight"": 0.5}, {""p_home_win"": 0.29219226561910827, ""weight"": 0.25}]",-9.692083715887627,,elo,"{'home_advantage': 2.06773752251556, 'scale': 0.14919724878934046, 'error_term': 12.087356658412771, 'win_prob_k': 5.489543210759804}",1.0,4.0
2025-12-03,Dallas Mavericks,Miami Heat,118.0,108.0,False,False,2025-12-03|Miami Heat|Dallas Mavericks,,,,2025-12-03|Miami Heat|Dallas Mavericks,0.18987604892069454,"[{""p_home_win"": 0.0, ""weight"": 0.25}, {""p_home_win"": 0.18987604892069454, ""weight"": 0.5}, {""p_home_win"": 0.3797520978413891, ""weight"": 0.25}]",-7.964315897665533,,elo,"{'home_advantage': 2.06773752251556, 'scale': 0.14919724878934046, 'error_term': 12.087356658412771, 'win_prob_k': 5.489543210759804}",1.0,10.0
2025-12-04,Philadelphia 76ers,Golden State Warriors,99.0,98.0,False,False,2025-12-04|Golden State Warriors|Philadelphia 76ers,,,,2025-12-04|Golden State Warriors|Philadelphia 76ers,0.5902473748656958,"[{""p_home_win"": 0.18049474973139157, ""weight"": 0.25}, {""p_home_win"": 0.5902473748656958, ""weight"": 0.5}, {""p_home_win"": 1.0, ""weight"": 0.25}]",2.099875349081651,,elo,"{'home_advantage': 1.9614886559033837, 'scale': 0.1482325959410286, 'error_term': 12.191897823674532, 'win_prob_k': 5.753270654611631}",1.0,1.0
2025-12-04,Washington Wizards,Boston Celtics,101.0,146.0,False,False,2025-12-04|Boston Celtics|Washington Wizards,,,,2025-12-04|Boston Celtics|Washington Wizards,0.18681458272476714,"[{""p_home_win"": 0.0, ""weight"": 0.25}, {""p_home_win"": 0.18681458272476714, ""weight"": 0.5}, {""p_home_win"": 0.3736291654495343, ""weight"": 0.25}]",-8.462155340003122,,elo,"{'home_advantage': 1.9614886559033837, 'scale': 0.1482325959410286, 'error_term': 12.191897823674532, 'win_prob_k': 5.753270654611631}",0.0,-45.0
2025-12-04,Brooklyn Nets,Utah Jazz,110.0,123.0,False,False,2025-12-04|Utah Jazz|Brooklyn Nets,,,,2025-12-04|Utah Jazz|Brooklyn Nets,0.48536938116246525,"[{""p_home_win"": 0.0, ""weight"": 0.25}, {""p_home_win"": 0.48536938116246525, ""weight"": 0.5}, {""p_home_win"": 0.9707387623249305, ""weight"": 0.25}]",-0.33679178464828485,,elo,"{'home_advantage': 1.9614886559033837, 'scale': 0.1482325959410286, 'error_term': 12.191897823674532, 'win_prob_k': 5.753270654611631}",0.0,-13.0
2025-12-04,Toronto Raptors,Los Angeles Lakers,120.0,123.0,False,False,2025-12-04|Los Angeles Lakers|Toronto Raptors,,,,2025-12-04|Los Angeles Lakers|Toronto Raptors,0.5407525949314569,"[{""p_home_win"": 0.08150518986291377, ""weight"": 0.25}, {""p_home_win"": 0.5407525949314569, ""weight"": 0.5}, {""p_home_win"": 1.0, ""weight"": 0.25}]",0.9399278777438551,,elo,"{'home_advantage': 1.9614886559033837, 'scale': 0.1482325959410286, 'error_term': 12.191897823674532, 'win_prob_k': 5.753270654611631}",0.0,-3.0
2025-12-04,New Orleans Pelicans,Minnesota Timberwolves,116.0,125.0,False,False,2025-12-04|Minnesota Timberwolves|New Orleans Pelicans,,,,2025-12-04|Minnesota Timberwolves|New Orleans Pelicans,0.11372093712577588,"[{""p_home_win"": 0.0, ""weight"": 0.25}, {""p_home_win"": 0.11372093712577588, ""weight"": 0.5}, {""p_home_win"": 0.22744187425155177, ""weight"": 0.25}]",-11.813100556190385,,elo,"{'home_advantage': 1.9614886559033837, 'scale': 0.1482325959410286, 'error_term': 12.191897823674532, 'win_prob_k': 5.753270654611631}",0.0,-9.0
2025-12-05,Boston Celtics,Los Angeles Lakers,126.0,105.0,False,False,2025-12-05|Los Angeles Lakers|Boston Celtics,,,,2025-12-05|Los Angeles Lakers|Boston Celtics,0.3871232625512919,"[{""p_home_win"": 0.0, ""weight"": 0.25}, {""p_home_win"": 0.3871232625512919, ""weight"": 0.5}, {""p_home_win"": 0.7742465251025838, ""weight"": 0.25}]",-2.642539772288572,,elo,"{'home_advantage': 1.7859800689637908, 'scale': 0.14711501559228107, 'error_term': 12.273036668917381, 'win_prob_k': 5.7518955075386256}",1.0,21.0
2025-12-05,Orlando Magic,Miami Heat,106.0,105.0,False,False,2025-12-05|Miami Heat|Orlando Magic,,,,2025-12-05|Miami Heat|Orlando Magic,0.5369479446272514,"[{""p_home_win"": 0.07389588925450274, ""weight"": 0.25}, {""p_home_win"": 0.5369479446272514, ""weight"": 0.5}, {""p_home_win"": 1.0, ""weight"": 0.25}]",0.8516352778277688,,elo,"{'home_advantage': 1.7859800689637908, 'scale': 0.14711501559228107, 'error_term': 12.273036668917381, 'win_prob_k': 5.7518955075386256}",1.0,1.0
2025-12-05,Atlanta Hawks,Denver Nuggets,133.0,134.0,False,False,2025-12-05|Denver Nuggets|Atlanta Hawks,,,,2025-12-05|Denver Nuggets|Atlanta Hawks,0.4499728577894848,"[{""p_home_win"": 0.0, ""weight"": 0.25}, {""p_home_win"": 0.4499728577894848, ""weight"": 0.5}, {""p_home_win"": 0.8999457155789696, ""weight"": 0.25}]",-1.1548676596625194,,elo,"{'home_advantage': 1.7859800689637908, 'scale': 0.14711501559228107, 'error_term': 12.273036668917381, 'win_prob_k': 5.7518955075386256}",0.0,-1.0
2025-12-05,Cleveland Cavaliers,San Antonio Spurs,130.0,117.0,False,False,2025-12-05|San Antonio Spurs|Cleveland Cavaliers,,,,2025-12-05|San Antonio Spurs|Cleveland Cavaliers,0.3739295324751317,"[{""p_home_win"": 0.0, ""weight"": 0.25}, {""p_home_win"": 0.3739295324751317, ""weight"": 0.5}, {""p_home_win"": 0.7478590649502634, ""weight"": 0.25}]",-2.964501457221801,,elo,"{'home_advantage': 1.7859800689637908, 'scale': 0.14711501559228107, 'error_term': 12.273036668917381, 'win_prob_k': 5.7518955075386256}",1.0,13.0
2025-12-05,Detroit Pistons,Portland Trail Blazers,122.0,116.0,False,False,2025-12-05|Portland Trail Blazers|Detroit Pistons,,,,2025-12-05|Portland Trail Blazers|Detroit Pistons,0.866391319901787,"[{""p_home_win"": 0.7327826398035739, ""weight"": 0.25}, {""p_home_win"": 0.866391319901787, ""weight"": 0.5}, {""p_home_win"": 1.0, ""weight"": 0.25}]",10.752716824242764,,elo,"{'home_advantage': 1.7859800689637908, 'scale': 0.14711501559228107, 'error_term': 12.273036668917381, 'win_prob_k': 5.7518955075386256}",1.0,6.0
2025-12-05,New York Knicks,Utah Jazz,146.0,112.0,False,False,2025-12-05|Utah Jazz|New York Knicks,,,,2025-12-05|Utah Jazz|New York Knicks,0.8297021068583159,"[{""p_home_win"": 0.6594042137166318, ""weight"": 0.25}, {""p_home_win"": 0.8297021068583159, ""weight"": 0.5}, {""p_home_win"": 1.0, ""weight"": 0.25}]",9.108227268146814,,elo,"{'home_advantage': 1.7859800689637908, 'scale': 0.14711501559228107, 'error_term': 12.273036668917381, 'win_prob_k': 5.7518955075386256}",1.0,34.0
2025-12-05,Toronto Raptors,Charlotte Hornets,86.0,111.0,False,False,2025-12-05|Charlotte Hornets|Toronto Raptors,,,,2025-12-05|Charlotte Hornets|Toronto Raptors,0.9003658998780816,"[{""p_home_win"": 0.8007317997561632, ""weight"": 0.25}, {""p_home_win"": 0.9003658998780816, ""weight"": 0.5}, {""p_home_win"": 1.0, ""weight"": 0.25}]",12.661628941302148,,elo,"{'home_advantage': 1.7859800689637908, 'scale': 0.14711501559228107, 'error_term': 12.273036668917381, 'win_prob_k': 5.7518955075386256}",0.0,-25.0
2025-12-05,Chicago Bulls,Indiana Pacers,105.0,120.0,False,False,2025-12-05|Indiana Pacers|Chicago Bulls,,,,2025-12-05|Indiana Pacers|Chicago Bulls,0.8168920754789378,"[{""p_home_win"": 0.6337841509578757, ""weight"": 0.25}, {""p_home_win"": 0.8168920754789378, ""weight"": 0.5}, {""p_home_win"": 1.0, ""weight"": 0.25}]",8.60156432948683,,elo,"{'home_advantage': 1.7859800689637908, 'scale': 0.14711501559228107, 'error_term': 12.273036668917381, 'win_prob_k': 5.7518955075386256}",0.0,-15.0
2025-12-05,Houston Rockets,Phoenix Suns,117.0,98.0,False,False,2025-12-05|Phoenix Suns|Houston Rockets,,,,2025-12-05|Phoenix Suns|Houston Rockets,0.7270302037765932,"[{""p_home_win"": 0.45406040755318644, ""weight"": 0.25}, {""p_home_win"": 0.7270302037765932, ""weight"": 0.5}, {""p_home_win"": 1.0, ""weight"": 0.25}]",5.634596354264132,,elo,"{'home_advantage': 1.7859800689637908, 'scale': 0.14711501559228107, 'error_term': 12.273036668917381, 'win_prob_k': 5.7518955075386256}",1.0,19.0
2025-12-05,Memphis Grizzlies,Los Angeles Clippers,107.0,98.0,False,False,2025-12-05|Los Angeles Clippers|Memphis Grizzlies,,,,2025-12-05|Los Angeles Clippers|Memphis Grizzlies,0.7328758402654305,"[{""p_home_win"": 0.465751680530861, ""weight"": 0.25}, {""p_home_win"": 0.7328758402654305, ""weight"": 0.5}, {""p_home_win"": 1.0, ""weight"": 0.25}]",5.805173784305409,,elo,"{'home_advantage': 1.7859800689637908, 'scale': 0.14711501559228107, 'error_term': 12.273036668917381, 'win_prob_k': 5.7518955075386256}",1.0,9.0
2025-12-05,Milwaukee Bucks,Philadelphia 76ers,101.0,116.0,False,False,2025-12-05|Philadelphia 76ers|Milwaukee Bucks,,,,2025-12-05|Philadelphia 76ers|Milwaukee Bucks,0.4236348964988333,"[{""p_home_win"": 0.0, ""weight"": 0.25}, {""p_home_win"": 0.4236348964988333, ""weight"": 0.5}, {""p_home_win"": 0.8472697929976666, ""weight"": 0.25}]",-1.7708322105063858,,elo,"{'home_advantage': 1.7859800689637908, 'scale': 0.14711501559228107, 'error_term': 12.273036668917381, 'win_prob_k': 5.7518955075386256}",0.0,-15.0
2025-12-05,Oklahoma City Thunder,Dallas Mavericks,132.0,111.0,False,False,2025-12-05|Dallas Mavericks|Oklahoma City Thunder,,,,2025-12-05|Dallas Mavericks|Oklahoma City Thunder,0.9690074858870037,"[{""p_home_win"": 0.9380149717740074, ""weight"": 0.25}, {""p_home_win"": 0.9690074858870037, ""weight"": 0.5}, {""p_home_win"": 1.0, ""weight"": 0.25}]",19.801053527486,,elo,"{'home_advantage': 1.7859800689637908, 'scale': 0.14711501559228107, 'error_term': 12.273036668917381, 'win_prob_k': 5.7518955075386256}",1.0,21.0
2025-12-06,Brooklyn Nets,New Orleans Pelicans,119.0,101.0,False,False,2025-12-06|New Orleans Pelicans|Brooklyn Nets,,,,2025-12-06|New Orleans Pelicans|Brooklyn Nets,0.7136966482048815,"[{""p_home_win"": 0.4273932964097631, ""weight"": 0.25}, {""p_home_win"": 0.7136966482048815, ""weight"": 0.5}, {""p_home_win"": 1.0, ""weight"": 0.25}]",5.350946228739965,,elo,"{'home_advantage': 1.7650688569183162, 'scale': 0.14602381493070518, 'error_term': 12.420539014783385, 'win_prob_k': 5.858233578320474}",1.0,18.0
2025-12-06,Washington Wizards,Atlanta Hawks,116.0,131.0,False,False,2025-12-06|Atlanta Hawks|Washington Wizards,,,,2025-12-06|Atlanta Hawks|Washington Wizards,0.17767141368090925,"[{""p_home_win"": 0.0, ""weight"": 0.25}, {""p_home_win"": 0.17767141368090925, ""weight"": 0.5}, {""p_home_win"": 0.3553428273618185, ""weight"": 0.25}]",-8.976010101683762,,elo,"{'home_advantage': 1.7650688569183162, 'scale': 0.14602381493070518, 'error_term': 12.420539014783385, 'win_prob_k': 5.858233578320474}",0.0,-15.0
2025-12-06,Cleveland Cavaliers,Golden State Warriors,94.0,99.0,False,False,2025-12-06|Golden State Warriors|Cleveland Cavaliers,,,,2025-12-06|Golden State Warriors|Cleveland Cavaliers,0.6531912347488884,"[{""p_home_win"": 0.3063824694977768, ""weight"": 0.25}, {""p_home_win"": 0.6531912347488884, ""weight"": 0.5}, {""p_home_win"": 1.0, ""weight"": 0.25}]",3.7088267224954707,,elo,"{'home_advantage': 1.7650688569183162, 'scale': 0.14602381493070518, 'error_term': 12.420539014783385, 'win_prob_k': 5.858233578320474}",0.0,-5.0
2025-12-06,Detroit Pistons,Milwaukee Bucks,124.0,112.0,False,False,2025-12-06|Milwaukee Bucks|Detroit Pistons,,,,2025-12-06|Milwaukee Bucks|Detroit Pistons,0.9049966898336832,"[{""p_home_win"": 0.8099933796673664, ""weight"": 0.25}, {""p_home_win"": 0.9049966898336832, ""weight"": 0.5}, {""p_home_win"": 1.0, ""weight"": 0.25}]",13.204573021039028,,elo,"{'home_advantage': 1.7650688569183162, 'scale': 0.14602381493070518, 'error_term': 12.420539014783385, 'win_prob_k': 5.858233578320474}",1.0,12.0
2025-12-06,Miami Heat,Sacramento Kings,111.0,127.0,False,False,2025-12-06|Sacramento Kings|Miami Heat,,,,2025-12-06|Sacramento Kings|Miami Heat,0.8814460800238668,"[{""p_home_win"": 0.7628921600477336, ""weight"": 0.25}, {""p_home_win"": 0.8814460800238668, ""weight"": 0.5}, {""p_home_win"": 1.0, ""weight"": 0.25}]",11.752764499783595,,elo,"{'home_advantage': 1.7650688569183162, 'scale': 0.14602381493070518, 'error_term': 12.420539014783385, 'win_prob_k': 5.858233578320474}",0.0,-16.0
2025-12-06,Minnesota Timberwolves,Los Angeles Clippers,109.0,106.0,False,False,2025-12-06|Los Angeles Clippers|Minnesota Timberwolves,,,,2025-12-06|Los Angeles Clippers|Minnesota Timberwolves,0.889970430883827,"[{""p_home_win"": 0.779940861767654, ""weight"": 0.25}, {""p_home_win"": 0.889970430883827, ""weight"": 0.5}, {""p_home_win"": 1.0, ""weight"": 0.25}]",12.24628052103855,,elo,"{'home_advantage': 1.7650688569183162, 'scale': 0.14602381493070518, 'error_term': 12.420539014783385, 'win_prob_k': 5.858233578320474}",1.0,3.0
2025-12-06,Dallas Mavericks,Houston Rockets,122.0,109.0,False,False,2025-12-06|Houston Rockets|Dallas Mavericks,,,,2025-12-06|Houston Rockets|Dallas Mavericks,0.1452732735470662,"[{""p_home_win"": 0.0, ""weight"": 0.25}, {""p_home_win"": 0.1452732735470662, ""weight"": 0.5}, {""p_home_win"": 0.2905465470941324, ""weight"": 0.25}]",-10.381757597825104,,elo,"{'home_advantage': 1.7650688569183162, 'scale': 0.14602381493070518, 'error_term': 12.420539014783385, 'win_prob_k': 5.858233578320474}",1.0,13.0
2025-12-07,New York Knicks,Orlando Magic,106.0,100.0,False,False,2025-12-07|Orlando Magic|New York Knicks,,,,2025-12-07|Orlando Magic|New York Knicks,0.6187725545770332,"[{""p_home_win"": 0.23754510915406635, ""weight"": 0.25}, {""p_home_win"": 0.6187725545770332, ""weight"": 0.5}, {""p_home_win"": 1.0, ""weight"": 0.25}]",2.83713957421808,,elo,"{'home_advantage': 1.745730475699214, 'scale': 0.14210894969204135, 'error_term': 12.516676582073517, 'win_prob_k': 5.857724348653841}",1.0,6.0
2025-12-07,Toronto Raptors,Boston Celtics,113.0,121.0,False,False,2025-12-07|Boston Celtics|Toronto Raptors,,,,2025-12-07|Boston Celtics|Toronto Raptors,0.5696401143035428,"[{""p_home_win"": 0.13928022860708555, ""weight"": 0.25}, {""p_home_win"": 0.5696401143035428, ""weight"": 0.5}, {""p_home_win"": 1.0, ""weight"": 0.25}]",1.6424062140760245,,elo,"{'home_advantage': 1.745730475699214, 'scale': 0.14210894969204135, 'error_term': 12.516676582073517, 'win_prob_k': 5.857724348653841}",0.0,-8.0
2025-12-07,Charlotte Hornets,Denver Nuggets,106.0,115.0,False,False,2025-12-07|Denver Nuggets|Charlotte Hornets,,,,2025-12-07|Denver Nuggets|Charlotte Hornets,0.15992885094952655,"[{""p_home_win"": 0.0, ""weight"": 0.25}, {""p_home_win"": 0.15992885094952655, ""weight"": 0.5}, {""p_home_win"": 0.3198577018990531, ""weight"": 0.25}]",-9.716544516871679,,elo,"{'home_advantage': 1.745730475699214, 'scale': 0.14210894969204135, 'error_term': 12.516676582073517, 'win_prob_k': 5.857724348653841}",0.0,-9.0
2025-12-07,Memphis Grizzlies,Portland Trail Blazers,119.0,96.0,False,False,2025-12-07|Portland Trail Blazers|Memphis Grizzlies,,,,2025-12-07|Portland Trail Blazers|Memphis Grizzlies,0.5874414941985048,"[{""p_home_win"": 0.17488298839700955, ""weight"": 0.25}, {""p_home_win"": 0.5874414941985048, ""weight"": 0.5}, {""p_home_win"": 1.0, ""weight"": 0.25}]",2.0701117524270414,,elo,"{'home_advantage': 1.745730475699214, 'scale': 0.14210894969204135, 'error_term': 12.516676582073517, 'win_prob_k': 5.857724348653841}",1.0,23.0
2025-12-07,Chicago Bulls,Golden State Warriors,91.0,123.0,False,False,2025-12-07|Golden State Warriors|Chicago Bulls,,,,2025-12-07|Golden State Warriors|Chicago Bulls,0.41869899996158544,"[{""p_home_win"": 0.0, ""weight"": 0.25}, {""p_home_win"": 0.41869899996158544, ""weight"": 0.5}, {""p_home_win"": 0.8373979999231709, ""weight"": 0.25}]",-1.9220154867937274,,elo,"{'home_advantage': 1.745730475699214, 'scale': 0.14210894969204135, 'error_term': 12.516676582073517, 'win_prob_k': 5.857724348653841}",0.0,-32.0
2025-12-07,Philadelphia 76ers,Los Angeles Lakers,108.0,112.0,False,False,2025-12-07|Los Angeles Lakers|Philadelphia 76ers,,,,2025-12-07|Los Angeles Lakers|Philadelphia 76ers,0.37121057248165507,"[{""p_home_win"": 0.0, ""weight"": 0.25}, {""p_home_win"": 0.37121057248165507, ""weight"": 0.5}, {""p_home_win"": 0.7424211449633101, ""weight"": 0.25}]",-3.087178567086916,,elo,"{'home_advantage': 1.745730475699214, 'scale': 0.14210894969204135, 'error_term': 12.516676582073517, 'win_prob_k': 5.857724348653841}",0.0,-4.0
2025-12-07,Utah Jazz,Oklahoma City Thunder,101.0,131.0,False,False,2025-12-07|Oklahoma City Thunder|Utah Jazz,,,,2025-12-07|Oklahoma City Thunder|Utah Jazz,0.07283226338351506,"[{""p_home_win"": 0.0, ""weight"": 0.25}, {""p_home_win"": 0.07283226338351506, ""weight"": 0.5}, {""p_home_win"": 0.14566452676703012, ""weight"": 0.25}]",-14.901906991332291,,elo,"{'home_advantage': 1.745730475699214, 'scale': 0.14210894969204135, 'error_term': 12.516676582073517, 'win_prob_k': 5.857724348653841}",0.0,-30.0
2025-12-08,Indiana Pacers,Sacramento Kings,116.0,105.0,False,False,2025-12-08|Sacramento Kings|Indiana Pacers,,,,2025-12-08|Sacramento Kings|Indiana Pacers,0.4908153393607263,"[{""p_home_win"": 0.0, ""weight"": 0.25}, {""p_home_win"": 0.4908153393607263, ""weight"": 0.5}, {""p_home_win"": 0.9816306787214526, ""weight"": 0.25}]",-0.2155504696508881,,elo,"{'home_advantage': 1.690452900259437, 'scale': 0.13995166982380713, 'error_term': 12.561991905211144, 'win_prob_k': 5.8664721374648945}",1.0,11.0
2025-12-08,Minnesota Timberwolves,Phoenix Suns,105.0,108.0,False,False,2025-12-08|Phoenix Suns|Minnesota Timberwolves,,,,2025-12-08|Phoenix Suns|Minnesota Timberwolves,0.658890153045121,"[{""p_home_win"": 0.317780306090242, ""weight"": 0.25}, {""p_home_win"": 0.658890153045121, ""weight"": 0.5}, {""p_home_win"": 1.0, ""weight"": 0.25}]",3.862205283962199,,elo,"{'home_advantage': 1.690452900259437, 'scale': 0.13995166982380713, 'error_term': 12.561991905211144, 'win_prob_k': 5.8664721374648945}",0.0,-3.0
2025-12-08,New Orleans Pelicans,San Antonio Spurs,132.0,135.0,False,False,2025-12-08|San Antonio Spurs|New Orleans Pelicans,,,,2025-12-08|San Antonio Spurs|New Orleans Pelicans,0.08060313689092505,"[{""p_home_win"": 0.0, ""weight"": 0.25}, {""p_home_win"": 0.08060313689092505, ""weight"": 0.5}, {""p_home_win"": 0.1612062737818501, ""weight"": 0.25}]",-14.280050927929022,,elo,"{'home_advantage': 1.690452900259437, 'scale': 0.13995166982380713, 'error_term': 12.561991905211144, 'win_prob_k': 5.8664721374648945}",0.0,-3.0
2025-12-09,Orlando Magic,Miami Heat,117.0,108.0,False,False,2025-12-09|Miami Heat|Orlando Magic,,,,2025-12-09|Miami Heat|Orlando Magic,0.6009618852308046,"[{""p_home_win"": 0.20192377046160925, ""weight"": 0.25}, {""p_home_win"": 0.6009618852308046, ""weight"": 0.5}, {""p_home_win"": 1.0, ""weight"": 0.25}]",2.383194407160368,,elo,"{'home_advantage': 1.7290115293567518, 'scale': 0.13718282626443273, 'error_term': 12.552830857404171, 'win_prob_k': 5.820127913937558}",1.0,9.0
2025-12-09,Toronto Raptors,New York Knicks,101.0,117.0,False,False,2025-12-09|New York Knicks|Toronto Raptors,,,,2025-12-09|New York Knicks|Toronto Raptors,0.47768011179731024,"[{""p_home_win"": 0.0, ""weight"": 0.25}, {""p_home_win"": 0.47768011179731024, ""weight"": 0.5}, {""p_home_win"": 0.9553602235946205, ""weight"": 0.25}]",-0.5199639802585125,,elo,"{'home_advantage': 1.7290115293567518, 'scale': 0.13718282626443273, 'error_term': 12.552830857404171, 'win_prob_k': 5.820127913937558}",0.0,-16.0
2025-12-10,Oklahoma City Thunder,Phoenix Suns,138.0,89.0,False,False,2025-12-10|Phoenix Suns|Oklahoma City Thunder,,,,2025-12-10|Phoenix Suns|Oklahoma City Thunder,0.8856928343262948,"[{""p_home_win"": 0.7713856686525895, ""weight"": 0.25}, {""p_home_win"": 0.8856928343262948, ""weight"": 0.5}, {""p_home_win"": 1.0, ""weight"": 0.25}]",11.930418509865728,,elo,"{'home_advantage': 1.697257347704534, 'scale': 0.137447136529235, 'error_term': 12.532074828581848, 'win_prob_k': 5.826876464001225}",1.0,49.0
2025-12-10,Los Angeles Lakers,San Antonio Spurs,119.0,132.0,False,False,2025-12-10|San Antonio Spurs|Los Angeles Lakers,,,,2025-12-10|San Antonio Spurs|Los Angeles Lakers,0.6387035168840652,"[{""p_home_win"": 0.2774070337681305, ""weight"": 0.25}, {""p_home_win"": 0.6387035168840652, ""weight"": 0.5}, {""p_home_win"": 1.0, ""weight"": 0.25}]",3.319813119771368,,elo,"{'home_advantage': 1.697257347704534, 'scale': 0.137447136529235, 'error_term': 12.532074828581848, 'win_prob_k': 5.826876464001225}",0.0,-13.0
2025-12-11,Houston Rockets,Los Angeles Clippers,115.0,113.0,False,False,2025-12-11|Los Angeles Clippers|Houston Rockets,,,,2025-12-11|Los Angeles Clippers|Houston Rockets,0.9175360287549534,"[{""p_home_win"": 0.8350720575099069, ""weight"": 0.25}, {""p_home_win"": 0.9175360287549534, ""weight"": 0.5}, {""p_home_win"": 1.0, ""weight"": 0.25}]",14.238708417928523,,elo,"{'home_advantage': 1.7568056096239448, 'scale': 0.13929882806085553, 'error_term': 12.651670128794033, 'win_prob_k': 5.909819858574018}",1.0,2.0
2025-12-11,Milwaukee Bucks,Boston Celtics,116.0,101.0,False,False,2025-12-11|Boston Celtics|Milwaukee Bucks,,,,2025-12-11|Boston Celtics|Milwaukee Bucks,0.2586991371869252,"[{""p_home_win"": 0.0, ""weight"": 0.25}, {""p_home_win"": 0.2586991371869252, ""weight"": 0.5}, {""p_home_win"": 0.5173982743738504, ""weight"": 0.25}]",-6.221508554220004,,elo,"{'home_advantage': 1.7568056096239448, 'scale': 0.13929882806085553, 'error_term': 12.651670128794033, 'win_prob_k': 5.909819858574018}",1.0,15.0
2025-12-11,New Orleans Pelicans,Portland Trail Blazers,143.0,120.0,False,False,2025-12-11|Portland Trail Blazers|New Orleans Pelicans,,,,2025-12-11|Portland Trail Blazers|New Orleans Pelicans,0.21566141804735764,"[{""p_home_win"": 0.0, ""weight"": 0.25}, {""p_home_win"": 0.21566141804735764, ""weight"": 0.5}, {""p_home_win"": 0.4313228360947153, ""weight"": 0.25}]",-7.6303523509805595,,elo,"{'home_advantage': 1.7568056096239448, 'scale': 0.13929882806085553, 'error_term': 12.651670128794033, 'win_prob_k': 5.909819858574018}",1.0,23.0
2025-12-11,Sacramento Kings,Denver Nuggets,105.0,136.0,False,False,2025-12-11|Denver Nuggets|Sacramento Kings,,,,2025-12-11|Denver Nuggets|Sacramento Kings,0.12868071635639752,"[{""p_home_win"": 0.0, ""weight"": 0.25}, {""p_home_win"": 0.12868071635639752, ""weight"": 0.5}, {""p_home_win"": 0.25736143271279505, ""weight"": 0.25}]",-11.303560039368913,,elo,"{'home_advantage': 1.7568056096239448, 'scale': 0.13929882806085553, 'error_term': 12.651670128794033, 'win_prob_k': 5.909819858574018}",0.0,-31.0
2025-12-12,Charlotte Hornets,Chicago Bulls,126.0,129.0,False,False,2025-12-12|Chicago Bulls|Charlotte Hornets,,,,2025-12-12|Chicago Bulls|Charlotte Hornets,0.4947226952366307,"[{""p_home_win"": 0.0, ""weight"": 0.25}, {""p_home_win"": 0.4947226952366307, ""weight"": 0.5}, {""p_home_win"": 0.9894453904732614, ""weight"": 0.25}]",-0.12611098528808262,,elo,"{'home_advantage': 1.7801182893522718, 'scale': 0.13697287269763384, 'error_term': 12.775196792374802, 'win_prob_k': 5.973991833491745}",0.0,-3.0
2025-12-12,Detroit Pistons,Atlanta Hawks,142.0,115.0,False,False,2025-12-12|Atlanta Hawks|Detroit Pistons,,,,2025-12-12|Atlanta Hawks|Detroit Pistons,0.7670211232728061,"[{""p_home_win"": 0.5340422465456123, ""weight"": 0.25}, {""p_home_win"": 0.7670211232728061, ""weight"": 0.5}, {""p_home_win"": 1.0, ""weight"": 0.25}]",7.118408835632775,,elo,"{'home_advantage': 1.7801182893522718, 'scale': 0.13697287269763384, 'error_term': 12.775196792374802, 'win_prob_k': 5.973991833491745}",1.0,27.0
2025-12-12,Philadelphia 76ers,Indiana Pacers,115.0,105.0,False,False,2025-12-12|Indiana Pacers|Philadelphia 76ers,,,,2025-12-12|Indiana Pacers|Philadelphia 76ers,0.8296264982219512,"[{""p_home_win"": 0.6592529964439025, ""weight"": 0.25}, {""p_home_win"": 0.8296264982219512, ""weight"": 0.5}, {""p_home_win"": 1.0, ""weight"": 0.25}]",9.456724533901909,,elo,"{'home_advantage': 1.7801182893522718, 'scale': 0.13697287269763384, 'error_term': 12.775196792374802, 'win_prob_k': 5.973991833491745}",1.0,10.0
2025-12-12,Washington Wizards,Cleveland Cavaliers,126.0,130.0,False,False,2025-12-12|Cleveland Cavaliers|Washington Wizards,,,,2025-12-12|Cleveland Cavaliers|Washington Wizards,0.20844337870348592,"[{""p_home_win"": 0.0, ""weight"": 0.25}, {""p_home_win"": 0.20844337870348592, ""weight"": 0.5}, {""p_home_win"": 0.41688675740697184, ""weight"": 0.25}]",-7.97130026426494,,elo,"{'home_advantage': 1.7801182893522718, 'scale': 0.13697287269763384, 'error_term': 12.775196792374802, 'win_prob_k': 5.973991833491745}",0.0,-4.0
2025-12-12,Memphis Grizzlies,Utah Jazz,126.0,130.0,False,False,2025-12-12|Utah Jazz|Memphis Grizzlies,,,,2025-12-12|Utah Jazz|Memphis Grizzlies,0.7002386791352606,"[{""p_home_win"": 0.4004773582705212, ""weight"": 0.25}, {""p_home_win"": 0.7002386791352606, ""weight"": 0.5}, {""p_home_win"": 1.0, ""weight"": 0.25}]",5.068541886826154,,elo,"{'home_advantage': 1.7801182893522718, 'scale': 0.13697287269763384, 'error_term': 12.775196792374802, 'win_prob_k': 5.973991833491745}",0.0,-4.0
2025-12-12,Dallas Mavericks,Brooklyn Nets,119.0,111.0,False,False,2025-12-12|Brooklyn Nets|Dallas Mavericks,,,,2025-12-12|Brooklyn Nets|Dallas Mavericks,0.6641427900941931,"[{""p_home_win"": 0.32828558018838616, ""weight"": 0.25}, {""p_home_win"": 0.6641427900941931, ""weight"": 0.5}, {""p_home_win"": 1.0, ""weight"": 0.25}]",4.073133779462898,,elo,"{'home_advantage': 1.7801182893522718, 'scale': 0.13697287269763384, 'error_term': 12.775196792374802, 'win_prob_k': 5.973991833491745}",1.0,8.0
2025-12-12,Golden State Warriors,Minnesota Timberwolves,120.0,127.0,False,False,2025-12-12|Minnesota Timberwolves|Golden State Warriors,,,,2025-12-12|Minnesota Timberwolves|Golden State Warriors,0.4982434175221897,"[{""p_home_win"": 0.0, ""weight"": 0.25}, {""p_home_win"": 0.4982434175221897, ""weight"": 0.5}, {""p_home_win"": 0.9964868350443794, ""weight"": 0.25}]",-0.041975410201170904,,elo,"{'home_advantage': 1.7801182893522718, 'scale': 0.13697287269763384, 'error_term': 12.775196792374802, 'win_prob_k': 5.973991833491745}",0.0,-7.0
2025-12-13,Orlando Magic,New York Knicks,120.0,132.0,False,False,2025-12-13|New York Knicks|Orlando Magic,,,,2025-12-13|New York Knicks|Orlando Magic,0.47603929563256603,"[{""p_home_win"": 0.0, ""weight"": 0.25}, {""p_home_win"": 0.47603929563256603, ""weight"": 0.5}, {""p_home_win"": 0.9520785912651321, ""weight"": 0.25}]",-0.5678590414338334,,elo,"{'home_advantage': 1.7680940247140395, 'scale': 0.13486635048203394, 'error_term': 12.723213574927986, 'win_prob_k': 5.920361077664941}",0.0,-12.0
2025-12-13,Oklahoma City Thunder,San Antonio Spurs,109.0,111.0,False,False,2025-12-13|San Antonio Spurs|Oklahoma City Thunder,,,,2025-12-13|San Antonio Spurs|Oklahoma City Thunder,0.814619218109879,"[{""p_home_win"": 0.6292384362197581, ""weight"": 0.25}, {""p_home_win"": 0.814619218109879, ""weight"": 0.5}, {""p_home_win"": 1.0, ""weight"": 0.25}]",8.763962583556143,,elo,"{'home_advantage': 1.7680940247140395, 'scale': 0.13486635048203394, 'error_term': 12.723213574927986, 'win_prob_k': 5.920361077664941}",0.0,-2.0
2025-12-14,Indiana Pacers,Washington Wizards,89.0,108.0,False,False,2025-12-14|Washington Wizards|Indiana Pacers,,,,2025-12-14|Washington Wizards|Indiana Pacers,0.6713248123218357,"[{""p_home_win"": 0.34264962464367144, ""weight"": 0.25}, {""p_home_win"": 0.6713248123218357, ""weight"": 0.5}, {""p_home_win"": 1.0, ""weight"": 0.25}]",4.299774955184038,,elo,"{'home_advantage': 1.7184000738105152, 'scale': 0.13462586441024002, 'error_term': 12.735788009236337, 'win_prob_k': 6.020549847220522}",0.0,-19.0
2025-12-14,Cleveland Cavaliers,Charlotte Hornets,111.0,119.0,False,False,2025-12-14|Charlotte Hornets|Cleveland Cavaliers,,,,2025-12-14|Charlotte Hornets|Cleveland Cavaliers,0.8281639434391541,"[{""p_home_win"": 0.6563278868783082, ""weight"": 0.25}, {""p_home_win"": 0.8281639434391541, ""weight"": 0.5}, {""p_home_win"": 1.0, ""weight"": 0.25}]",9.46833976202821,,elo,"{'home_advantage': 1.7184000738105152, 'scale': 0.13462586441024002, 'error_term': 12.735788009236337, 'win_prob_k': 6.020549847220522}",0.0,-8.0
2025-12-14,Atlanta Hawks,Philadelphia 76ers,120.0,117.0,False,False,2025-12-14|Philadelphia 76ers|Atlanta Hawks,,,,2025-12-14|Philadelphia 76ers|Atlanta Hawks,0.6013642048954123,"[{""p_home_win"": 0.20272840979082463, ""weight"": 0.25}, {""p_home_win"": 0.6013642048954123, ""weight"": 0.5}, {""p_home_win"": 1.0, ""weight"": 0.25}]",2.475364381984624,,elo,"{'home_advantage': 1.7184000738105152, 'scale': 0.13462586441024002, 'error_term': 12.735788009236337, 'win_prob_k': 6.020549847220522}",1.0,3.0
2025-12-14,Brooklyn Nets,Milwaukee Bucks,127.0,82.0,False,False,2025-12-14|Milwaukee Bucks|Brooklyn Nets,,,,2025-12-14|Milwaukee Bucks|Brooklyn Nets,0.413160516228456,"[{""p_home_win"": 0.0, ""weight"": 0.25}, {""p_home_win"": 0.413160516228456, ""weight"": 0.5}, {""p_home_win"": 0.826321032456912, ""weight"": 0.25}]",-2.112702176769905,,elo,"{'home_advantage': 1.7184000738105152, 'scale': 0.13462586441024002, 'error_term': 12.735788009236337, 'win_prob_k': 6.020549847220522}",1.0,45.0
2025-12-14,Chicago Bulls,New Orleans Pelicans,104.0,114.0,False,False,2025-12-14|New Orleans Pelicans|Chicago Bulls,,,,2025-12-14|New Orleans Pelicans|Chicago Bulls,0.828844898104721,"[{""p_home_win"": 0.6576897962094419, ""weight"": 0.25}, {""p_home_win"": 0.828844898104721, ""weight"": 0.5}, {""p_home_win"": 1.0, ""weight"": 0.25}]",9.497193831543173,,elo,"{'home_advantage': 1.7184000738105152, 'scale': 0.13462586441024002, 'error_term': 12.735788009236337, 'win_prob_k': 6.020549847220522}",0.0,-10.0
2025-12-14,Minnesota Timberwolves,Sacramento Kings,117.0,103.0,False,False,2025-12-14|Sacramento Kings|Minnesota Timberwolves,,,,2025-12-14|Sacramento Kings|Minnesota Timberwolves,0.8861169610423894,"[{""p_home_win"": 0.7722339220847787, ""weight"": 0.25}, {""p_home_win"": 0.8861169610423894, ""weight"": 0.5}, {""p_home_win"": 1.0, ""weight"": 0.25}]",12.352223675576262,,elo,"{'home_advantage': 1.7184000738105152, 'scale': 0.13462586441024002, 'error_term': 12.735788009236337, 'win_prob_k': 6.020549847220522}",1.0,14.0
2025-12-14,Phoenix Suns,Los Angeles Lakers,114.0,116.0,False,False,2025-12-14|Los Angeles Lakers|Phoenix Suns,,,,2025-12-14|Los Angeles Lakers|Phoenix Suns,0.42307544826510946,"[{""p_home_win"": 0.0, ""weight"": 0.25}, {""p_home_win"": 0.42307544826510946, ""weight"": 0.5}, {""p_home_win"": 0.8461508965302189, ""weight"": 0.25}]",-1.8673395839546416,,elo,"{'home_advantage': 1.7184000738105152, 'scale': 0.13462586441024002, 'error_term': 12.735788009236337, 'win_prob_k': 6.020549847220522}",0.0,-2.0
2025-12-14,Portland Trail Blazers,Golden State Warriors,136.0,131.0,False,False,2025-12-14|Golden State Warriors|Portland Trail Blazers,,,,2025-12-14|Golden State Warriors|Portland Trail Blazers,0.43239182930647263,"[{""p_home_win"": 0.0, ""weight"": 0.25}, {""p_home_win"": 0.43239182930647263, ""weight"": 0.5}, {""p_home_win"": 0.8647836586129453, ""weight"": 0.25}]",-1.6381865013979249,,elo,"{'home_advantage': 1.7184000738105152, 'scale': 0.13462586441024002, 'error_term': 12.735788009236337, 'win_prob_k': 6.020549847220522}",1.0,5.0
2025-12-15,Boston Celtics,Detroit Pistons,105.0,112.0,False,False,2025-12-15|Detroit Pistons|Boston Celtics,,,,2025-12-15|Detroit Pistons|Boston Celtics,0.38801799538199244,"[{""p_home_win"": 0.0, ""weight"": 0.25}, {""p_home_win"": 0.38801799538199244, ""weight"": 0.5}, {""p_home_win"": 0.7760359907639849, ""weight"": 0.25}]",-2.7842225982630717,,elo,"{'home_advantage': 1.7371910145727674, 'scale': 0.13365690790906, 'error_term': 12.952450958078833, 'win_prob_k': 6.110425794911848}",0.0,-7.0
2025-12-15,Miami Heat,Toronto Raptors,96.0,106.0,False,False,2025-12-15|Toronto Raptors|Miami Heat,,,,2025-12-15|Toronto Raptors|Miami Heat,0.5684177585089843,"[{""p_home_win"": 0.1368355170179687, ""weight"": 0.25}, {""p_home_win"": 0.5684177585089843, ""weight"": 0.5}, {""p_home_win"": 1.0, ""weight"": 0.25}]",1.682802415616088,,elo,"{'home_advantage': 1.7371910145727674, 'scale': 0.13365690790906, 'error_term': 12.952450958078833, 'win_prob_k': 6.110425794911848}",0.0,-10.0
2025-12-15,Utah Jazz,Dallas Mavericks,140.0,133.0,False,False,2025-12-15|Dallas Mavericks|Utah Jazz,,,,2025-12-15|Dallas Mavericks|Utah Jazz,0.5891326493838928,"[{""p_home_win"": 0.17826529876778552, ""weight"": 0.25}, {""p_home_win"": 0.5891326493838928, ""weight"": 0.5}, {""p_home_win"": 1.0, ""weight"": 0.25}]",2.2020810832082196,,elo,"{'home_advantage': 1.7371910145727674, 'scale': 0.13365690790906, 'error_term': 12.952450958078833, 'win_prob_k': 6.110425794911848}",1.0,7.0
2025-12-15,Denver Nuggets,Houston Rockets,128.0,125.0,False,False,2025-12-15|Houston Rockets|Denver Nuggets,,,,2025-12-15|Houston Rockets|Denver Nuggets,0.6213719876368717,"[{""p_home_win"": 0.24274397527374347, ""weight"": 0.25}, {""p_home_win"": 0.6213719876368717, ""weight"": 0.5}, {""p_home_win"": 1.0, ""weight"": 0.25}]",3.0269564012454047,,elo,"{'home_advantage': 1.7371910145727674, 'scale': 0.13365690790906, 'error_term': 12.952450958078833, 'win_prob_k': 6.110425794911848}",1.0,3.0
2025-12-15,Los Angeles Clippers,Memphis Grizzlies,103.0,121.0,False,False,2025-12-15|Memphis Grizzlies|Los Angeles Clippers,,,,2025-12-15|Memphis Grizzlies|Los Angeles Clippers,0.3773521216681684,"[{""p_home_win"": 0.0, ""weight"": 0.25}, {""p_home_win"": 0.3773521216681684, ""weight"": 0.5}, {""p_home_win"": 0.7547042433363368, ""weight"": 0.25}]",-3.060115869004929,,elo,"{'home_advantage': 1.7371910145727674, 'scale': 0.13365690790906, 'error_term': 12.952450958078833, 'win_prob_k': 6.110425794911848}",0.0,-18.0
2025-12-16,New York Knicks,San Antonio Spurs,124.0,113.0,False,False,2025-12-16|San Antonio Spurs|New York Knicks,,,,2025-12-16|San Antonio Spurs|New York Knicks,0.5243587031252667,"[{""p_home_win"": 0.048717406250533335, ""weight"": 0.25}, {""p_home_win"": 0.5243587031252667, ""weight"": 0.5}, {""p_home_win"": 1.0, ""weight"": 0.25}]",0.5870172857934066,,elo,"{'home_advantage': 1.659925479917966, 'scale': 0.13070397828336647, 'error_term': 12.97099816026426, 'win_prob_k': 6.019948828440052}",1.0,11.0
2025-12-17,Chicago Bulls,Cleveland Cavaliers,127.0,111.0,False,False,2025-12-17|Cleveland Cavaliers|Chicago Bulls,,,,2025-12-17|Cleveland Cavaliers|Chicago Bulls,0.4015057985143751,"[{""p_home_win"": 0.0, ""weight"": 0.25}, {""p_home_win"": 0.4015057985143751, ""weight"": 0.5}, {""p_home_win"": 0.8030115970287502, ""weight"": 0.25}]",-2.4089564852464385,,elo,"{'home_advantage': 1.676877145067036, 'scale': 0.13085554303913316, 'error_term': 12.955444740361177, 'win_prob_k': 6.034537815526308}",1.0,16.0
2025-12-17,Minnesota Timberwolves,Memphis Grizzlies,110.0,116.0,False,False,2025-12-17|Memphis Grizzlies|Minnesota Timberwolves,,,,2025-12-17|Memphis Grizzlies|Minnesota Timberwolves,0.7592687858464077,"[{""p_home_win"": 0.5185375716928153, ""weight"": 0.25}, {""p_home_win"": 0.7592687858464077, ""weight"": 0.5}, {""p_home_win"": 1.0, ""weight"": 0.25}]",6.931721694169083,,elo,"{'home_advantage': 1.676877145067036, 'scale': 0.13085554303913316, 'error_term': 12.955444740361177, 'win_prob_k': 6.034537815526308}",0.0,-6.0
2025-12-18,Charlotte Hornets,Atlanta Hawks,133.0,126.0,False,False,2025-12-18|Atlanta Hawks|Charlotte Hornets,,,,2025-12-18|Atlanta Hawks|Charlotte Hornets,0.2718963291024112,"[{""p_home_win"": 0.0, ""weight"": 0.25}, {""p_home_win"": 0.2718963291024112, ""weight"": 0.5}, {""p_home_win"": 0.5437926582048224, ""weight"": 0.25}]",-5.964120585871567,,elo,"{'home_advantage': 1.7009578694846699, 'scale': 0.13085219199777612, 'error_term': 12.980214304552591, 'win_prob_k': 6.054805880880172}",1.0,7.0
2025-12-18,Indiana Pacers,New York Knicks,113.0,114.0,False,False,2025-12-18|New York Knicks|Indiana Pacers,,,,2025-12-18|New York Knicks|Indiana Pacers,0.11204730826843605,"[{""p_home_win"": 0.0, ""weight"": 0.25}, {""p_home_win"": 0.11204730826843605, ""weight"": 0.5}, {""p_home_win"": 0.2240946165368721, ""weight"": 0.25}]",-12.533431759634635,,elo,"{'home_advantage': 1.7009578694846699, 'scale': 0.13085219199777612, 'error_term': 12.980214304552591, 'win_prob_k': 6.054805880880172}",0.0,-1.0
2025-12-18,Brooklyn Nets,Miami Heat,95.0,106.0,False,False,2025-12-18|Miami Heat|Brooklyn Nets,,,,2025-12-18|Miami Heat|Brooklyn Nets,0.306106366278269,"[{""p_home_win"": 0.0, ""weight"": 0.25}, {""p_home_win"": 0.306106366278269, ""weight"": 0.5}, {""p_home_win"": 0.612212732556538, ""weight"": 0.25}]",-4.955168604555691,,elo,"{'home_advantage': 1.7009578694846699, 'scale': 0.13085219199777612, 'error_term': 12.980214304552591, 'win_prob_k': 6.054805880880172}",0.0,-11.0
2025-12-18,Milwaukee Bucks,Toronto Raptors,105.0,111.0,False,False,2025-12-18|Toronto Raptors|Milwaukee Bucks,,,,2025-12-18|Toronto Raptors|Milwaukee Bucks,0.34055350401834145,"[{""p_home_win"": 0.0, ""weight"": 0.25}, {""p_home_win"": 0.34055350401834145, ""weight"": 0.5}, {""p_home_win"": 0.6811070080366829, ""weight"": 0.25}]",-4.001188855902426,,elo,"{'home_advantage': 1.7009578694846699, 'scale': 0.13085219199777612, 'error_term': 12.980214304552591, 'win_prob_k': 6.054805880880172}",0.0,-6.0
2025-12-18,New Orleans Pelicans,Houston Rockets,133.0,128.0,False,False,2025-12-18|Houston Rockets|New Orleans Pelicans,,,,2025-12-18|Houston Rockets|New Orleans Pelicans,0.1018901539719066,"[{""p_home_win"": 0.0, ""weight"": 0.25}, {""p_home_win"": 0.1018901539719066, ""weight"": 0.5}, {""p_home_win"": 0.2037803079438132, ""weight"": 0.25}]",-13.177661794607237,,elo,"{'home_advantage': 1.7009578694846699, 'scale': 0.13085219199777612, 'error_term': 12.980214304552591, 'win_prob_k': 6.054805880880172}",1.0,5.0
2025-12-18,Oklahoma City Thunder,Los Angeles Clippers,122.0,101.0,False,False,2025-12-18|Los Angeles Clippers|Oklahoma City Thunder,,,,2025-12-18|Los Angeles Clippers|Oklahoma City Thunder,0.9693267896203676,"[{""p_home_win"": 0.9386535792407351, ""weight"": 0.25}, {""p_home_win"": 0.9693267896203676, ""weight"": 0.5}, {""p_home_win"": 1.0, ""weight"": 0.25}]",20.90852924382336,,elo,"{'home_advantage': 1.7009578694846699, 'scale': 0.13085219199777612, 'error_term': 12.980214304552591, 'win_prob_k': 6.054805880880172}",1.0,21.0
2025-12-18,San Antonio Spurs,Washington Wizards,119.0,94.0,False,False,2025-12-18|Washington Wizards|San Antonio Spurs,,,,2025-12-18|Washington Wizards|San Antonio Spurs,0.9413573905789052,"[{""p_home_win"": 0.8827147811578104, ""weight"": 0.25}, {""p_home_win"": 0.9413573905789052, ""weight"": 0.5}, {""p_home_win"": 1.0, ""weight"": 0.25}]",16.807301387920326,,elo,"{'home_advantage': 1.7009578694846699, 'scale': 0.13085219199777612, 'error_term': 12.980214304552591, 'win_prob_k': 6.054805880880172}",1.0,25.0
2025-12-18,Dallas Mavericks,Detroit Pistons,116.0,114.0,False,False,2025-12-18|Detroit Pistons|Dallas Mavericks,,,,2025-12-18|Detroit Pistons|Dallas Mavericks,0.1405717541401681,"[{""p_home_win"": 0.0, ""weight"": 0.25}, {""p_home_win"": 0.1405717541401681, ""weight"": 0.5}, {""p_home_win"": 0.2811435082803362, ""weight"": 0.25}]",-10.962524390156755,,elo,"{'home_advantage': 1.7009578694846699, 'scale': 0.13085219199777612, 'error_term': 12.980214304552591, 'win_prob_k': 6.054805880880172}",1.0,2.0
2025-12-18,Denver Nuggets,Orlando Magic,126.0,115.0,False,False,2025-12-18|Orlando Magic|Denver Nuggets,,,,2025-12-18|Orlando Magic|Denver Nuggets,0.7684318252793352,"[{""p_home_win"": 0.5368636505586704, ""weight"": 0.25}, {""p_home_win"": 0.7684318252793352, ""weight"": 0.5}, {""p_home_win"": 1.0, ""weight"": 0.25}]",7.262603579768456,,elo,"{'home_advantage': 1.7009578694846699, 'scale': 0.13085219199777612, 'error_term': 12.980214304552591, 'win_prob_k': 6.054805880880172}",1.0,11.0
2025-12-18,Phoenix Suns,Golden State Warriors,99.0,98.0,False,False,2025-12-18|Golden State Warriors|Phoenix Suns,,,,2025-12-18|Golden State Warriors|Phoenix Suns,0.6340291459729205,"[{""p_home_win"": 0.26805829194584097, ""weight"": 0.25}, {""p_home_win"": 0.6340291459729205, ""weight"": 0.5}, {""p_home_win"": 1.0, ""weight"": 0.25}]",3.3273654622414437,,elo,"{'home_advantage': 1.7009578694846699, 'scale': 0.13085219199777612, 'error_term': 12.980214304552591, 'win_prob_k': 6.054805880880172}",1.0,1.0
2025-12-18,Utah Jazz,Los Angeles Lakers,135.0,143.0,False,False,2025-12-18|Los Angeles Lakers|Utah Jazz,,,,2025-12-18|Los Angeles Lakers|Utah Jazz,0.21864420607927748,"[{""p_home_win"": 0.0, ""weight"": 0.25}, {""p_home_win"": 0.21864420607927748, ""weight"": 0.5}, {""p_home_win"": 0.43728841215855496, ""weight"": 0.25}]",-7.711308913650425,,elo,"{'home_advantage': 1.7009578694846699, 'scale': 0.13085219199777612, 'error_term': 12.980214304552591, 'win_prob_k': 6.054805880880172}",0.0,-8.0
2025-12-18,Portland Trail Blazers,Sacramento Kings,134.0,133.0,False,False,2025-12-18|Sacramento Kings|Portland Trail Blazers,,,,2025-12-18|Sacramento Kings|Portland Trail Blazers,0.7378075974485904,"[{""p_home_win"": 0.47561519489718074, ""weight"": 0.25}, {""p_home_win"": 0.7378075974485904, ""weight"": 0.5}, {""p_home_win"": 1.0, ""weight"": 0.25}]",6.264329334771146,,elo,"{'home_advantage': 1.7009578694846699, 'scale': 0.13085219199777612, 'error_term': 12.980214304552591, 'win_prob_k': 6.054805880880172}",1.0,1.0
2025-12-19,Boston Celtics,Miami Heat,129.0,116.0,False,False,2025-12-19|Miami Heat|Boston Celtics,,,,2025-12-19|Miami Heat|Boston Celtics,0.6249975063334868,"[{""p_home_win"": 0.24999501266697366, ""weight"": 0.25}, {""p_home_win"": 0.6249975063334868, ""weight"": 0.5}, {""p_home_win"": 1.0, ""weight"": 0.25}]",3.126369860592453,,elo,"{'home_advantage': 1.8093417917452355, 'scale': 0.12590848463184187, 'error_term': 12.865231232375868, 'win_prob_k': 6.120356602064618}",1.0,13.0
2025-12-19,New York Knicks,Philadelphia 76ers,107.0,116.0,False,False,2025-12-19|Philadelphia 76ers|New York Knicks,,,,2025-12-19|Philadelphia 76ers|New York Knicks,0.7854024045703761,"[{""p_home_win"": 0.5708048091407523, ""weight"": 0.25}, {""p_home_win"": 0.7854024045703761, ""weight"": 0.5}, {""p_home_win"": 1.0, ""weight"": 0.25}]",7.940743927119467,,elo,"{'home_advantage': 1.8093417917452355, 'scale': 0.12590848463184187, 'error_term': 12.865231232375868, 'win_prob_k': 6.120356602064618}",0.0,-9.0
2025-12-19,Atlanta Hawks,San Antonio Spurs,98.0,126.0,False,False,2025-12-19|San Antonio Spurs|Atlanta Hawks,,,,2025-12-19|San Antonio Spurs|Atlanta Hawks,0.3779412724734722,"[{""p_home_win"": 0.0, ""weight"": 0.25}, {""p_home_win"": 0.3779412724734722, ""weight"": 0.5}, {""p_home_win"": 0.7558825449469444, ""weight"": 0.25}]",-3.0497472903956524,,elo,"{'home_advantage': 1.8093417917452355, 'scale': 0.12590848463184187, 'error_term': 12.865231232375868, 'win_prob_k': 6.120356602064618}",0.0,-28.0
2025-12-19,Cleveland Cavaliers,Chicago Bulls,125.0,136.0,False,False,2025-12-19|Chicago Bulls|Cleveland Cavaliers,,,,2025-12-19|Chicago Bulls|Cleveland Cavaliers,0.6840502434211378,"[{""p_home_win"": 0.3681004868422757, ""weight"": 0.25}, {""p_home_win"": 0.6840502434211378, ""weight"": 0.5}, {""p_home_win"": 1.0, ""weight"": 0.25}]",4.727658241354511,,elo,"{'home_advantage': 1.8093417917452355, 'scale': 0.12590848463184187, 'error_term': 12.865231232375868, 'win_prob_k': 6.120356602064618}",0.0,-11.0
2025-12-19,Minnesota Timberwolves,Oklahoma City Thunder,112.0,107.0,False,False,2025-12-19|Oklahoma City Thunder|Minnesota Timberwolves,,,,2025-12-19|Oklahoma City Thunder|Minnesota Timberwolves,0.2499996856603579,"[{""p_home_win"": 0.0, ""weight"": 0.25}, {""p_home_win"": 0.2499996856603579, ""weight"": 0.5}, {""p_home_win"": 0.4999993713207158, ""weight"": 0.25}]",-6.7239092347072384,,elo,"{'home_advantage': 1.8093417917452355, 'scale': 0.12590848463184187, 'error_term': 12.865231232375868, 'win_prob_k': 6.120356602064618}",1.0,5.0
2025-12-20,Denver Nuggets,Houston Rockets,101.0,115.0,False,False,2025-12-20|Houston Rockets|Denver Nuggets,,,,2025-12-20|Houston Rockets|Denver Nuggets,0.6867029060740657,"[{""p_home_win"": 0.3734058121481314, ""weight"": 0.25}, {""p_home_win"": 0.6867029060740657, ""weight"": 0.5}, {""p_home_win"": 1.0, ""weight"": 0.25}]",4.856085350498016,,elo,"{'home_advantage': 1.7275743752983934, 'scale': 0.1259023040827738, 'error_term': 12.936230256033653, 'win_prob_k': 6.1880680870807225}",0.0,-14.0
2025-12-20,New Orleans Pelicans,Indiana Pacers,128.0,109.0,False,False,2025-12-20|Indiana Pacers|New Orleans Pelicans,,,,2025-12-20|Indiana Pacers|New Orleans Pelicans,0.5577898744484323,"[{""p_home_win"": 0.11557974889686462, ""weight"": 0.25}, {""p_home_win"": 0.5577898744484323, ""weight"": 0.5}, {""p_home_win"": 1.0, ""weight"": 0.25}]",1.4368518114791395,,elo,"{'home_advantage': 1.7275743752983934, 'scale': 0.1259023040827738, 'error_term': 12.936230256033653, 'win_prob_k': 6.1880680870807225}",1.0,19.0
2025-12-20,Philadelphia 76ers,Dallas Mavericks,121.0,114.0,False,False,2025-12-20|Dallas Mavericks|Philadelphia 76ers,,,,2025-12-20|Dallas Mavericks|Philadelphia 76ers,0.7434740061258895,"[{""p_home_win"": 0.4869480122517791, ""weight"": 0.25}, {""p_home_win"": 0.7434740061258895, ""weight"": 0.5}, {""p_home_win"": 1.0, ""weight"": 0.25}]",6.5847467888597535,,elo,"{'home_advantage': 1.7275743752983934, 'scale': 0.1259023040827738, 'error_term': 12.936230256033653, 'win_prob_k': 6.1880680870807225}",1.0,7.0
2025-12-20,Toronto Raptors,Boston Celtics,96.0,112.0,False,False,2025-12-20|Boston Celtics|Toronto Raptors,,,,2025-12-20|Boston Celtics|Toronto Raptors,0.5662387870875072,"[{""p_home_win"": 0.13247757417501438, ""weight"": 0.25}, {""p_home_win"": 0.5662387870875072, ""weight"": 0.5}, {""p_home_win"": 1.0, ""weight"": 0.25}]",1.6492543800360808,,elo,"{'home_advantage': 1.7275743752983934, 'scale': 0.1259023040827738, 'error_term': 12.936230256033653, 'win_prob_k': 6.1880680870807225}",0.0,-16.0
2025-12-20,Detroit Pistons,Charlotte Hornets,112.0,86.0,False,False,2025-12-20|Charlotte Hornets|Detroit Pistons,,,,2025-12-20|Charlotte Hornets|Detroit Pistons,0.904548861397125,"[{""p_home_win"": 0.80909772279425, ""weight"": 0.25}, {""p_home_win"": 0.904548861397125, ""weight"": 0.5}, {""p_home_win"": 1.0, ""weight"": 0.25}]",13.915862691501564,,elo,"{'home_advantage': 1.7275743752983934, 'scale': 0.1259023040827738, 'error_term': 12.936230256033653, 'win_prob_k': 6.1880680870807225}",1.0,26.0
2025-12-20,Memphis Grizzlies,Washington Wizards,122.0,130.0,False,False,2025-12-20|Washington Wizards|Memphis Grizzlies,,,,2025-12-20|Washington Wizards|Memphis Grizzlies,0.8378611453621977,"[{""p_home_win"": 0.6757222907243954, ""weight"": 0.25}, {""p_home_win"": 0.8378611453621977, ""weight"": 0.5}, {""p_home_win"": 1.0, ""weight"": 0.25}]",10.163278654920124,,elo,"{'home_advantage': 1.7275743752983934, 'scale': 0.1259023040827738, 'error_term': 12.936230256033653, 'win_prob_k': 6.1880680870807225}",0.0,-8.0
2025-12-20,Golden State Warriors,Phoenix Suns,119.0,116.0,False,False,2025-12-20|Phoenix Suns|Golden State Warriors,,,,2025-12-20|Phoenix Suns|Golden State Warriors,0.47164659392640723,"[{""p_home_win"": 0.0, ""weight"": 0.25}, {""p_home_win"": 0.47164659392640723, ""weight"": 0.5}, {""p_home_win"": 0.9432931878528145, ""weight"": 0.25}]",-0.7025649465861954,,elo,"{'home_advantage': 1.7275743752983934, 'scale': 0.1259023040827738, 'error_term': 12.936230256033653, 'win_prob_k': 6.1880680870807225}",1.0,3.0
2025-12-20,Utah Jazz,Orlando Magic,127.0,128.0,False,False,2025-12-20|Orlando Magic|Utah Jazz,,,,2025-12-20|Orlando Magic|Utah Jazz,0.3754509779500016,"[{""p_home_win"": 0.0, ""weight"": 0.25}, {""p_home_win"": 0.3754509779500016, ""weight"": 0.5}, {""p_home_win"": 0.7509019559000032, ""weight"": 0.25}]",-3.149119689021036,,elo,"{'home_advantage': 1.7275743752983934, 'scale': 0.1259023040827738, 'error_term': 12.936230256033653, 'win_prob_k': 6.1880680870807225}",0.0,-1.0
2025-12-20,Sacramento Kings,Portland Trail Blazers,93.0,98.0,False,False,2025-12-20|Portland Trail Blazers|Sacramento Kings,,,,2025-12-20|Portland Trail Blazers|Sacramento Kings,0.3638734595475449,"[{""p_home_win"": 0.0, ""weight"": 0.25}, {""p_home_win"": 0.3638734595475449, ""weight"": 0.5}, {""p_home_win"": 0.7277469190950898, ""weight"": 0.25}]",-3.456601231991496,,elo,"{'home_advantage': 1.7275743752983934, 'scale': 0.1259023040827738, 'error_term': 12.936230256033653, 'win_prob_k': 6.1880680870807225}",0.0,-5.0
2025-12-20,Los Angeles Clippers,Los Angeles Lakers,103.0,88.0,False,False,2025-12-20|Los Angeles Lakers|Los Angeles Clippers,,,,2025-12-20|Los Angeles Lakers|Los Angeles Clippers,0.11492667789053221,"[{""p_home_win"": 0.0, ""weight"": 0.25}, {""p_home_win"": 0.11492667789053221, ""weight"": 0.5}, {""p_home_win"": 0.22985335578106442, ""weight"": 0.25}]",-12.632174607279419,,elo,"{'home_advantage': 1.7275743752983934, 'scale': 0.1259023040827738, 'error_term': 12.936230256033653, 'win_prob_k': 6.1880680870807225}",1.0,15.0
2025-12-21,Atlanta Hawks,Chicago Bulls,150.0,152.0,False,False,2025-12-21|Chicago Bulls|Atlanta Hawks,,,,2025-12-21|Chicago Bulls|Atlanta Hawks,0.687774781923939,"[{""p_home_win"": 0.3755495638478781, ""weight"": 0.25}, {""p_home_win"": 0.687774781923939, ""weight"": 0.5}, {""p_home_win"": 1.0, ""weight"": 0.25}]",4.9989040652103975,,elo,"{'home_advantage': 1.7732594558154942, 'scale': 0.1266090236463111, 'error_term': 12.90824335873868, 'win_prob_k': 6.329836725668205}",0.0,-2.0
2025-12-21,Brooklyn Nets,Toronto Raptors,96.0,81.0,False,False,2025-12-21|Toronto Raptors|Brooklyn Nets,,,,2025-12-21|Toronto Raptors|Brooklyn Nets,0.2490680465151432,"[{""p_home_win"": 0.0, ""weight"": 0.25}, {""p_home_win"": 0.2490680465151432, ""weight"": 0.5}, {""p_home_win"": 0.4981360930302864, ""weight"": 0.25}]",-6.985537558593758,,elo,"{'home_advantage': 1.7732594558154942, 'scale': 0.1266090236463111, 'error_term': 12.90824335873868, 'win_prob_k': 6.329836725668205}",1.0,15.0
2025-12-21,New York Knicks,Miami Heat,132.0,125.0,False,False,2025-12-21|Miami Heat|New York Knicks,,,,2025-12-21|Miami Heat|New York Knicks,0.7504848546452235,"[{""p_home_win"": 0.500969709290447, ""weight"": 0.25}, {""p_home_win"": 0.7504848546452235, ""weight"": 0.5}, {""p_home_win"": 1.0, ""weight"": 0.25}]",6.970415280321453,,elo,"{'home_advantage': 1.7732594558154942, 'scale': 0.1266090236463111, 'error_term': 12.90824335873868, 'win_prob_k': 6.329836725668205}",1.0,7.0
2025-12-21,Minnesota Timberwolves,Milwaukee Bucks,103.0,100.0,False,False,2025-12-21|Milwaukee Bucks|Minnesota Timberwolves,,,,2025-12-21|Milwaukee Bucks|Minnesota Timberwolves,0.8223023380740085,"[{""p_home_win"": 0.6446046761480171, ""weight"": 0.25}, {""p_home_win"": 0.8223023380740085, ""weight"": 0.5}, {""p_home_win"": 1.0, ""weight"": 0.25}]",9.697465309676485,,elo,"{'home_advantage': 1.7732594558154942, 'scale': 0.1266090236463111, 'error_term': 12.90824335873868, 'win_prob_k': 6.329836725668205}",1.0,3.0
2025-12-21,Washington Wizards,San Antonio Spurs,113.0,124.0,False,False,2025-12-21|San Antonio Spurs|Washington Wizards,,,,2025-12-21|San Antonio Spurs|Washington Wizards,0.10991797865017507,"[{""p_home_win"": 0.0, ""weight"": 0.25}, {""p_home_win"": 0.10991797865017507, ""weight"": 0.5}, {""p_home_win"": 0.21983595730035013, ""weight"": 0.25}]",-13.239354697297,,elo,"{'home_advantage': 1.7732594558154942, 'scale': 0.1266090236463111, 'error_term': 12.90824335873868, 'win_prob_k': 6.329836725668205}",0.0,-11.0
2025-12-21,Sacramento Kings,Houston Rockets,125.0,124.0,False,False,2025-12-21|Houston Rockets|Sacramento Kings,,,,2025-12-21|Houston Rockets|Sacramento Kings,0.14193871573463454,"[{""p_home_win"": 0.0, ""weight"": 0.25}, {""p_home_win"": 0.14193871573463454, ""weight"": 0.5}, {""p_home_win"": 0.2838774314692691, ""weight"": 0.25}]",-11.389149501767875,,elo,"{'home_advantage': 1.7732594558154942, 'scale': 0.1266090236463111, 'error_term': 12.90824335873868, 'win_prob_k': 6.329836725668205}",1.0,1.0
2025-12-22,Cleveland Cavaliers,Charlotte Hornets,139.0,132.0,False,False,2025-12-22|Charlotte Hornets|Cleveland Cavaliers,,,,2025-12-22|Charlotte Hornets|Cleveland Cavaliers,0.7076329091144006,"[{""p_home_win"": 0.41526581822880115, ""weight"": 0.25}, {""p_home_win"": 0.7076329091144006, ""weight"": 0.5}, {""p_home_win"": 1.0, ""weight"": 0.25}]",5.618630479893091,,elo,"{'home_advantage': 1.8086126129933053, 'scale': 0.1244156822632633, 'error_term': 12.889262190606013, 'win_prob_k': 6.356525908376973}",1.0,7.0
2025-12-22,Boston Celtics,Indiana Pacers,103.0,95.0,False,False,2025-12-22|Indiana Pacers|Boston Celtics,,,,2025-12-22|Indiana Pacers|Boston Celtics,0.9002588441268266,"[{""p_home_win"": 0.8005176882536531, ""weight"": 0.25}, {""p_home_win"": 0.9002588441268266, ""weight"": 0.5}, {""p_home_win"": 1.0, ""weight"": 0.25}]",13.985017680767722,,elo,"{'home_advantage': 1.8086126129933053, 'scale': 0.1244156822632633, 'error_term': 12.889262190606013, 'win_prob_k': 6.356525908376973}",1.0,8.0
2025-12-22,New Orleans Pelicans,Dallas Mavericks,119.0,113.0,False,False,2025-12-22|Dallas Mavericks|New Orleans Pelicans,,,,2025-12-22|Dallas Mavericks|New Orleans Pelicans,0.40662747056517473,"[{""p_home_win"": 0.0, ""weight"": 0.25}, {""p_home_win"": 0.40662747056517473, ""weight"": 0.5}, {""p_home_win"": 0.8132549411303495, ""weight"": 0.25}]",-2.4022897534088674,,elo,"{'home_advantage': 1.8086126129933053, 'scale': 0.1244156822632633, 'error_term': 12.889262190606013, 'win_prob_k': 6.356525908376973}",1.0,6.0
2025-12-22,Denver Nuggets,Utah Jazz,135.0,112.0,False,False,2025-12-22|Utah Jazz|Denver Nuggets,,,,2025-12-22|Utah Jazz|Denver Nuggets,0.8784248110806139,"[{""p_home_win"": 0.7568496221612278, ""weight"": 0.25}, {""p_home_win"": 0.8784248110806139, ""weight"": 0.5}, {""p_home_win"": 1.0, ""weight"": 0.25}]",12.57064914694624,,elo,"{'home_advantage': 1.8086126129933053, 'scale': 0.1244156822632633, 'error_term': 12.889262190606013, 'win_prob_k': 6.356525908376973}",1.0,23.0
2025-12-22,Oklahoma City Thunder,Memphis Grizzlies,119.0,103.0,False,False,2025-12-22|Memphis Grizzlies|Oklahoma City Thunder,,,,2025-12-22|Memphis Grizzlies|Oklahoma City Thunder,0.8983626018660663,"[{""p_home_win"": 0.7967252037321326, ""weight"": 0.25}, {""p_home_win"": 0.8983626018660663, ""weight"": 0.5}, {""p_home_win"": 1.0, ""weight"": 0.25}]",13.851901083203703,,elo,"{'home_advantage': 1.8086126129933053, 'scale': 0.1244156822632633, 'error_term': 12.889262190606013, 'win_prob_k': 6.356525908376973}",1.0,16.0
2025-12-22,Golden State Warriors,Orlando Magic,120.0,97.0,False,False,2025-12-22|Orlando Magic|Golden State Warriors,,,,2025-12-22|Orlando Magic|Golden State Warriors,0.48308440392516117,"[{""p_home_win"": 0.0, ""weight"": 0.25}, {""p_home_win"": 0.48308440392516117, ""weight"": 0.5}, {""p_home_win"": 0.9661688078503223, ""weight"": 0.25}]",-0.43026190097631134,,elo,"{'home_advantage': 1.8086126129933053, 'scale': 0.1244156822632633, 'error_term': 12.889262190606013, 'win_prob_k': 6.356525908376973}",1.0,23.0
2025-12-22,Portland Trail Blazers,Detroit Pistons,102.0,110.0,False,False,2025-12-22|Detroit Pistons|Portland Trail Blazers,,,,2025-12-22|Detroit Pistons|Portland Trail Blazers,0.24892319593130377,"[{""p_home_win"": 0.0, ""weight"": 0.25}, {""p_home_win"": 0.24892319593130377, ""weight"": 0.5}, {""p_home_win"": 0.49784639186260754, ""weight"": 0.25}]",-7.019915306755105,,elo,"{'home_advantage': 1.8086126129933053, 'scale': 0.1244156822632633, 'error_term': 12.889262190606013, 'win_prob_k': 6.356525908376973}",0.0,-8.0
2025-12-23,Charlotte Hornets,Washington Wizards,126.0,109.0,False,False,2025-12-23|Washington Wizards|Charlotte Hornets,,,,2025-12-23|Washington Wizards|Charlotte Hornets,0.6799072328039563,"[{""p_home_win"": 0.3598144656079125, ""weight"": 0.25}, {""p_home_win"": 0.6799072328039563, ""weight"": 0.5}, {""p_home_win"": 1.0, ""weight"": 0.25}]",4.747173734599668,,elo,"{'home_advantage': 1.8853196251496651, 'scale': 0.12211524868804108, 'error_term': 12.841921694910734, 'win_prob_k': 6.301456155932209}",1.0,17.0
2025-12-23,Philadelphia 76ers,Brooklyn Nets,106.0,114.0,False,False,2025-12-23|Brooklyn Nets|Philadelphia 76ers,,,,2025-12-23|Brooklyn Nets|Philadelphia 76ers,0.8226656966481092,"[{""p_home_win"": 0.6453313932962184, ""weight"": 0.25}, {""p_home_win"": 0.8226656966481092, ""weight"": 0.5}, {""p_home_win"": 1.0, ""weight"": 0.25}]",9.669667943854071,,elo,"{'home_advantage': 1.8853196251496651, 'scale': 0.12211524868804108, 'error_term': 12.841921694910734, 'win_prob_k': 6.301456155932209}",0.0,-8.0
2025-12-23,Atlanta Hawks,Chicago Bulls,123.0,126.0,False,False,2025-12-23|Chicago Bulls|Atlanta Hawks,,,,2025-12-23|Chicago Bulls|Atlanta Hawks,0.6299550139186428,"[{""p_home_win"": 0.2599100278372857, ""weight"": 0.25}, {""p_home_win"": 0.6299550139186428, ""weight"": 0.5}, {""p_home_win"": 1.0, ""weight"": 0.25}]",3.352524826724118,,elo,"{'home_advantage': 1.8853196251496651, 'scale': 0.12211524868804108, 'error_term': 12.841921694910734, 'win_prob_k': 6.301456155932209}",0.0,-3.0
2025-12-23,Cleveland Cavaliers,New Orleans Pelicans,141.0,118.0,False,False,2025-12-23|New Orleans Pelicans|Cleveland Cavaliers,,,,2025-12-23|New Orleans Pelicans|Cleveland Cavaliers,0.7945095985325599,"[{""p_home_win"": 0.5890191970651197, ""weight"": 0.25}, {""p_home_win"": 0.7945095985325599, ""weight"": 0.5}, {""p_home_win"": 1.0, ""weight"": 0.25}]",8.521621374713932,,elo,"{'home_advantage': 1.8853196251496651, 'scale': 0.12211524868804108, 'error_term': 12.841921694910734, 'win_prob_k': 6.301456155932209}",1.0,23.0
2025-12-23,Indiana Pacers,Milwaukee Bucks,94.0,111.0,False,False,2025-12-23|Milwaukee Bucks|Indiana Pacers,,,,2025-12-23|Milwaukee Bucks|Indiana Pacers,0.40506469658646616,"[{""p_home_win"": 0.0, ""weight"": 0.25}, {""p_home_win"": 0.40506469658646616, ""weight"": 0.5}, {""p_home_win"": 0.8101293931729323, ""weight"": 0.25}]",-2.4223167161534436,,elo,"{'home_advantage': 1.8853196251496651, 'scale': 0.12211524868804108, 'error_term': 12.841921694910734, 'win_prob_k': 6.301456155932209}",0.0,-17.0
2025-12-23,Miami Heat,Toronto Raptors,91.0,112.0,False,False,2025-12-23|Toronto Raptors|Miami Heat,,,,2025-12-23|Toronto Raptors|Miami Heat,0.5317015732151733,"[{""p_home_win"": 0.06340314643034661, ""weight"": 0.25}, {""p_home_win"": 0.5317015732151733, ""weight"": 0.5}, {""p_home_win"": 1.0, ""weight"": 0.25}]",0.8001376200122501,,elo,"{'home_advantage': 1.8853196251496651, 'scale': 0.12211524868804108, 'error_term': 12.841921694910734, 'win_prob_k': 6.301456155932209}",0.0,-21.0
2025-12-23,Dallas Mavericks,Denver Nuggets,131.0,130.0,False,False,2025-12-23|Denver Nuggets|Dallas Mavericks,,,,2025-12-23|Denver Nuggets|Dallas Mavericks,0.18909256667314295,"[{""p_home_win"": 0.0, ""weight"": 0.25}, {""p_home_win"": 0.18909256667314295, ""weight"": 0.5}, {""p_home_win"": 0.3781851333462859, ""weight"": 0.25}]",-9.174398671864173,,elo,"{'home_advantage': 1.8853196251496651, 'scale': 0.12211524868804108, 'error_term': 12.841921694910734, 'win_prob_k': 6.301456155932209}",1.0,1.0
2025-12-23,Minnesota Timberwolves,New York Knicks,115.0,104.0,False,False,2025-12-23|New York Knicks|Minnesota Timberwolves,,,,2025-12-23|New York Knicks|Minnesota Timberwolves,0.49174238309514606,"[{""p_home_win"": 0.0, ""weight"": 0.25}, {""p_home_win"": 0.49174238309514606, ""weight"": 0.5}, {""p_home_win"": 0.9834847661902921, ""weight"": 0.25}]",-0.2081589702146449,,elo,"{'home_advantage': 1.8853196251496651, 'scale': 0.12211524868804108, 'error_term': 12.841921694910734, 'win_prob_k': 6.301456155932209}",1.0,11.0
2025-12-23,San Antonio Spurs,Oklahoma City Thunder,130.0,110.0,False,False,2025-12-23|Oklahoma City Thunder|San Antonio Spurs,,,,2025-12-23|Oklahoma City Thunder|San Antonio Spurs,0.4372403523497358,"[{""p_home_win"": 0.0, ""weight"": 0.25}, {""p_home_win"": 0.4372403523497358, ""weight"": 0.5}, {""p_home_win"": 0.8744807046994716, ""weight"": 0.25}]",-1.5902958064314554,,elo,"{'home_advantage': 1.8853196251496651, 'scale': 0.12211524868804108, 'error_term': 12.841921694910734, 'win_prob_k': 6.301456155932209}",1.0,20.0
2025-12-23,Phoenix Suns,Los Angeles Lakers,132.0,108.0,False,False,2025-12-23|Los Angeles Lakers|Phoenix Suns,,,,2025-12-23|Los Angeles Lakers|Phoenix Suns,0.38623481916011326,"[{""p_home_win"": 0.0, ""weight"": 0.25}, {""p_home_win"": 0.38623481916011326, ""weight"": 0.5}, {""p_home_win"": 0.7724696383202265, ""weight"": 0.25}]",-2.9186258443831994,,elo,"{'home_advantage': 1.8853196251496651, 'scale': 0.12211524868804108, 'error_term': 12.841921694910734, 'win_prob_k': 6.301456155932209}",1.0,24.0
2025-12-23,Utah Jazz,Memphis Grizzlies,128.0,137.0,False,False,2025-12-23|Memphis Grizzlies|Utah Jazz,,,,2025-12-23|Memphis Grizzlies|Utah Jazz,0.45857635290220616,"[{""p_home_win"": 0.0, ""weight"": 0.25}, {""p_home_win"": 0.45857635290220616, ""weight"": 0.5}, {""p_home_win"": 0.9171527058044123, ""weight"": 0.25}]",-1.0465158968989188,,elo,"{'home_advantage': 1.8853196251496651, 'scale': 0.12211524868804108, 'error_term': 12.841921694910734, 'win_prob_k': 6.301456155932209}",0.0,-9.0
2025-12-23,Portland Trail Blazers,Orlando Magic,106.0,110.0,False,False,2025-12-23|Orlando Magic|Portland Trail Blazers,,,,2025-12-23|Orlando Magic|Portland Trail Blazers,0.4391357972499437,"[{""p_home_win"": 0.0, ""weight"": 0.25}, {""p_home_win"": 0.4391357972499437, ""weight"": 0.5}, {""p_home_win"": 0.8782715944998875, ""weight"": 0.25}]",-1.5417780023502103,,elo,"{'home_advantage': 1.8853196251496651, 'scale': 0.12211524868804108, 'error_term': 12.841921694910734, 'win_prob_k': 6.301456155932209}",0.0,-4.0
2025-12-23,Sacramento Kings,Detroit Pistons,127.0,136.0,False,False,2025-12-23|Detroit Pistons|Sacramento Kings,,,,2025-12-23|Detroit Pistons|Sacramento Kings,0.10840379527513933,"[{""p_home_win"": 0.0, ""weight"": 0.25}, {""p_home_win"": 0.10840379527513933, ""weight"": 0.5}, {""p_home_win"": 0.21680759055027865, ""weight"": 0.25}]",-13.278114880593153,,elo,"{'home_advantage': 1.8853196251496651, 'scale': 0.12211524868804108, 'error_term': 12.841921694910734, 'win_prob_k': 6.301456155932209}",0.0,-9.0
2025-12-23,Los Angeles Clippers,Houston Rockets,128.0,108.0,False,False,2025-12-23|Houston Rockets|Los Angeles Clippers,,,,2025-12-23|Houston Rockets|Los Angeles Clippers,0.18993609556751356,"[{""p_home_win"": 0.0, ""weight"": 0.25}, {""p_home_win"": 0.18993609556751356, ""weight"": 0.5}, {""p_home_win"": 0.3798721911350271, ""weight"": 0.25}]",-9.139792459064608,,elo,"{'home_advantage': 1.8853196251496651, 'scale': 0.12211524868804108, 'error_term': 12.841921694910734, 'win_prob_k': 6.301456155932209}",1.0,20.0
2025-12-25,New York Knicks,Cleveland Cavaliers,126.0,124.0,False,False,2025-12-25|Cleveland Cavaliers|New York Knicks,,,,2025-12-25|Cleveland Cavaliers|New York Knicks,0.7701214908409421,"[{""p_home_win"": 0.5402429816818841, ""weight"": 0.25}, {""p_home_win"": 0.7701214908409421, ""weight"": 0.5}, {""p_home_win"": 1.0, ""weight"": 0.25}]",7.728705428515539,,elo,"{'home_advantage': 2.0033970064222575, 'scale': 0.11898640004227413, 'error_term': 12.964784058774486, 'win_prob_k': 6.392657128868647}",1.0,2.0
2025-12-25,Oklahoma City Thunder,San Antonio Spurs,102.0,117.0,False,False,2025-12-25|San Antonio Spurs|Oklahoma City Thunder,,,,2025-12-25|San Antonio Spurs|Oklahoma City Thunder,0.6670363040370718,"[{""p_home_win"": 0.33407260807414363, ""weight"": 0.25}, {""p_home_win"": 0.6670363040370718, ""weight"": 0.5}, {""p_home_win"": 1.0, ""weight"": 0.25}]",4.441688558663035,,elo,"{'home_advantage': 2.0033970064222575, 'scale': 0.11898640004227413, 'error_term': 12.964784058774486, 'win_prob_k': 6.392657128868647}",0.0,-15.0
2025-12-25,Golden State Warriors,Dallas Mavericks,126.0,116.0,False,False,2025-12-25|Dallas Mavericks|Golden State Warriors,,,,2025-12-25|Dallas Mavericks|Golden State Warriors,0.7165207403886815,"[{""p_home_win"": 0.43304148077736304, ""weight"": 0.25}, {""p_home_win"": 0.7165207403886815, ""weight"": 0.5}, {""p_home_win"": 1.0, ""weight"": 0.25}]",5.9277078704988595,,elo,"{'home_advantage': 2.0033970064222575, 'scale': 0.11898640004227413, 'error_term': 12.964784058774486, 'win_prob_k': 6.392657128868647}",1.0,10.0
2025-12-25,Los Angeles Lakers,Houston Rockets,96.0,119.0,False,False,2025-12-25|Houston Rockets|Los Angeles Lakers,,,,2025-12-25|Houston Rockets|Los Angeles Lakers,0.6400666683858766,"[{""p_home_win"": 0.2801333367717531, ""weight"": 0.25}, {""p_home_win"": 0.6400666683858766, ""weight"": 0.5}, {""p_home_win"": 1.0, ""weight"": 0.25}]",3.6799555524435856,,elo,"{'home_advantage': 2.0033970064222575, 'scale': 0.11898640004227413, 'error_term': 12.964784058774486, 'win_prob_k': 6.392657128868647}",0.0,-23.0
2025-12-25,Denver Nuggets,Minnesota Timberwolves,142.0,138.0,False,False,2025-12-25|Minnesota Timberwolves|Denver Nuggets,,,,2025-12-25|Minnesota Timberwolves|Denver Nuggets,0.646252016810199,"[{""p_home_win"": 0.2925040336203979, ""weight"": 0.25}, {""p_home_win"": 0.646252016810199, ""weight"": 0.5}, {""p_home_win"": 1.0, ""weight"": 0.25}]",3.852245863554854,,elo,"{'home_advantage': 2.0033970064222575, 'scale': 0.11898640004227413, 'error_term': 12.964784058774486, 'win_prob_k': 6.392657128868647}",1.0,4.0
2025-12-26,Atlanta Hawks,Miami Heat,111.0,126.0,False,False,2025-12-26|Miami Heat|Atlanta Hawks,,,,2025-12-26|Miami Heat|Atlanta Hawks,0.5647183370127238,"[{""p_home_win"": 0.12943667402544756, ""weight"": 0.25}, {""p_home_win"": 0.5647183370127238, ""weight"": 0.5}, {""p_home_win"": 1.0, ""weight"": 0.25}]",1.6641359641065068,,elo,"{'home_advantage': 1.9226137165530677, 'scale': 0.11903638302627273, 'error_term': 12.961855687190164, 'win_prob_k': 6.392317032674011}",0.0,-15.0
2025-12-26,Indiana Pacers,Boston Celtics,122.0,140.0,False,False,2025-12-26|Boston Celtics|Indiana Pacers,,,,2025-12-26|Boston Celtics|Indiana Pacers,0.15157596944021512,"[{""p_home_win"": 0.0, ""weight"": 0.25}, {""p_home_win"": 0.15157596944021512, ""weight"": 0.5}, {""p_home_win"": 0.30315193888043024, ""weight"": 0.25}]",-11.009446709026298,,elo,"{'home_advantage': 1.9226137165530677, 'scale': 0.11903638302627273, 'error_term': 12.961855687190164, 'win_prob_k': 6.392317032674011}",0.0,-18.0
2025-12-26,Orlando Magic,Charlotte Hornets,105.0,120.0,False,False,2025-12-26|Charlotte Hornets|Orlando Magic,,,,2025-12-26|Charlotte Hornets|Orlando Magic,0.8029753031724598,"[{""p_home_win"": 0.6059506063449196, ""weight"": 0.25}, {""p_home_win"": 0.8029753031724598, ""weight"": 0.5}, {""p_home_win"": 1.0, ""weight"": 0.25}]",8.981172652933068,,elo,"{'home_advantage': 1.9226137165530677, 'scale': 0.11903638302627273, 'error_term': 12.961855687190164, 'win_prob_k': 6.392317032674011}",0.0,-15.0
2025-12-26,Washington Wizards,Toronto Raptors,138.0,117.0,False,False,2025-12-26|Toronto Raptors|Washington Wizards,,,,2025-12-26|Toronto Raptors|Washington Wizards,0.212194118377772,"[{""p_home_win"": 0.0, ""weight"": 0.25}, {""p_home_win"": 0.212194118377772, ""weight"": 0.5}, {""p_home_win"": 0.424388236755544, ""weight"": 0.25}]",-8.38512319688165,,elo,"{'home_advantage': 1.9226137165530677, 'scale': 0.11903638302627273, 'error_term': 12.961855687190164, 'win_prob_k': 6.392317032674011}",1.0,21.0
2025-12-26,Chicago Bulls,Philadelphia 76ers,109.0,102.0,False,False,2025-12-26|Philadelphia 76ers|Chicago Bulls,,,,2025-12-26|Philadelphia 76ers|Chicago Bulls,0.5159552376049024,"[{""p_home_win"": 0.03191047520980472, ""weight"": 0.25}, {""p_home_win"": 0.5159552376049024, ""weight"": 0.5}, {""p_home_win"": 1.0, ""weight"": 0.25}]",0.40810230663456726,,elo,"{'home_advantage': 1.9226137165530677, 'scale': 0.11903638302627273, 'error_term': 12.961855687190164, 'win_prob_k': 6.392317032674011}",1.0,7.0
2025-12-26,Memphis Grizzlies,Milwaukee Bucks,125.0,104.0,False,False,2025-12-26|Milwaukee Bucks|Memphis Grizzlies,,,,2025-12-26|Milwaukee Bucks|Memphis Grizzlies,0.6828202523785015,"[{""p_home_win"": 0.36564050475700305, ""weight"": 0.25}, {""p_home_win"": 0.6828202523785015, ""weight"": 0.5}, {""p_home_win"": 1.0, ""weight"": 0.25}]",4.901392254486078,,elo,"{'home_advantage': 1.9226137165530677, 'scale': 0.11903638302627273, 'error_term': 12.961855687190164, 'win_prob_k': 6.392317032674011}",1.0,21.0
2025-12-26,New Orleans Pelicans,Phoenix Suns,108.0,115.0,False,False,2025-12-26|Phoenix Suns|New Orleans Pelicans,,,,2025-12-26|Phoenix Suns|New Orleans Pelicans,0.23893634187646828,"[{""p_home_win"": 0.0, ""weight"": 0.25}, {""p_home_win"": 0.23893634187646828, ""weight"": 0.5}, {""p_home_win"": 0.47787268375293657, ""weight"": 0.25}]",-7.405626109203304,,elo,"{'home_advantage': 1.9226137165530677, 'scale': 0.11903638302627273, 'error_term': 12.961855687190164, 'win_prob_k': 6.392317032674011}",0.0,-7.0
2025-12-26,Utah Jazz,Detroit Pistons,131.0,129.0,False,False,2025-12-26|Detroit Pistons|Utah Jazz,,,,2025-12-26|Detroit Pistons|Utah Jazz,0.1399770450672969,"[{""p_home_win"": 0.0, ""weight"": 0.25}, {""p_home_win"": 0.1399770450672969, ""weight"": 0.5}, {""p_home_win"": 0.2799540901345938, ""weight"": 0.25}]",-11.60512778759984,,elo,"{'home_advantage': 1.9226137165530677, 'scale': 0.11903638302627273, 'error_term': 12.961855687190164, 'win_prob_k': 6.392317032674011}",1.0,2.0
2025-12-26,Portland Trail Blazers,Los Angeles Clippers,103.0,119.0,False,False,2025-12-26|Los Angeles Clippers|Portland Trail Blazers,,,,2025-12-26|Los Angeles Clippers|Portland Trail Blazers,0.6944452956171969,"[{""p_home_win"": 0.38889059123439385, ""weight"": 0.25}, {""p_home_win"": 0.6944452956171969, ""weight"": 0.5}, {""p_home_win"": 1.0, ""weight"": 0.25}]",5.247993608299341,,elo,"{'home_advantage': 1.9226137165530677, 'scale': 0.11903638302627273, 'error_term': 12.961855687190164, 'win_prob_k': 6.392317032674011}",0.0,-16.0
2025-12-27,Sacramento Kings,Dallas Mavericks,113.0,107.0,False,False,2025-12-27|Dallas Mavericks|Sacramento Kings,,,,2025-12-27|Dallas Mavericks|Sacramento Kings,0.4450491389904343,"[{""p_home_win"": 0.0, ""weight"": 0.25}, {""p_home_win"": 0.4450491389904343, ""weight"": 0.5}, {""p_home_win"": 0.8900982779808686, ""weight"": 0.25}]",-1.4363250416127376,,elo,"{'home_advantage': 1.9293256655290107, 'scale': 0.11756410027845875, 'error_term': 13.04651150404555, 'win_prob_k': 6.508194048258483}",1.0,6.0
2025-12-27,New Orleans Pelicans,Phoenix Suns,114.0,123.0,False,False,2025-12-27|Phoenix Suns|New Orleans Pelicans,,,,2025-12-27|Phoenix Suns|New Orleans Pelicans,0.21231820618174946,"[{""p_home_win"": 0.0, ""weight"": 0.25}, {""p_home_win"": 0.21231820618174946, ""weight"": 0.5}, {""p_home_win"": 0.4246364123634989, ""weight"": 0.25}]",-8.532294927876295,,elo,"{'home_advantage': 1.9293256655290107, 'scale': 0.11756410027845875, 'error_term': 13.04651150404555, 'win_prob_k': 6.508194048258483}",0.0,-9.0
2025-12-27,Orlando Magic,Denver Nuggets,127.0,126.0,False,False,2025-12-27|Denver Nuggets|Orlando Magic,,,,2025-12-27|Denver Nuggets|Orlando Magic,0.38617490674291477,"[{""p_home_win"": 0.0, ""weight"": 0.25}, {""p_home_win"": 0.38617490674291477, ""weight"": 0.5}, {""p_home_win"": 0.7723498134858295, ""weight"": 0.25}]",-3.016024878152707,,elo,"{'home_advantage': 1.9293256655290107, 'scale': 0.11756410027845875, 'error_term': 13.04651150404555, 'win_prob_k': 6.508194048258483}",1.0,1.0
2025-12-27,Atlanta Hawks,New York Knicks,125.0,128.0,False,False,2025-12-27|New York Knicks|Atlanta Hawks,,,,2025-12-27|New York Knicks|Atlanta Hawks,0.30815492757762153,"[{""p_home_win"": 0.0, ""weight"": 0.25}, {""p_home_win"": 0.30815492757762153, ""weight"": 0.5}, {""p_home_win"": 0.6163098551552431, ""weight"": 0.25}]",-5.263562974589947,,elo,"{'home_advantage': 1.9293256655290107, 'scale': 0.11756410027845875, 'error_term': 13.04651150404555, 'win_prob_k': 6.508194048258483}",0.0,-3.0
2025-12-27,Chicago Bulls,Milwaukee Bucks,103.0,112.0,False,False,2025-12-27|Milwaukee Bucks|Chicago Bulls,,,,2025-12-27|Milwaukee Bucks|Chicago Bulls,0.70545303257869,"[{""p_home_win"": 0.41090606515737993, ""weight"": 0.25}, {""p_home_win"": 0.70545303257869, ""weight"": 0.5}, {""p_home_win"": 1.0, ""weight"": 0.25}]",5.6842678989751025,,elo,"{'home_advantage': 1.9293256655290107, 'scale': 0.11756410027845875, 'error_term': 13.04651150404555, 'win_prob_k': 6.508194048258483}",0.0,-9.0
2025-12-27,Houston Rockets,Cleveland Cavaliers,117.0,100.0,False,False,2025-12-27|Cleveland Cavaliers|Houston Rockets,,,,2025-12-27|Cleveland Cavaliers|Houston Rockets,0.7511373673166793,"[{""p_home_win"": 0.5022747346333587, ""weight"": 0.25}, {""p_home_win"": 0.7511373673166793, ""weight"": 0.5}, {""p_home_win"": 1.0, ""weight"": 0.25}]",7.189520478041423,,elo,"{'home_advantage': 1.9293256655290107, 'scale': 0.11756410027845875, 'error_term': 13.04651150404555, 'win_prob_k': 6.508194048258483}",1.0,17.0
2025-12-27,Miami Heat,Indiana Pacers,142.0,116.0,False,False,2025-12-27|Indiana Pacers|Miami Heat,,,,2025-12-27|Indiana Pacers|Miami Heat,0.860538153539465,"[{""p_home_win"": 0.7210763070789299, ""weight"": 0.25}, {""p_home_win"": 0.860538153539465, ""weight"": 0.5}, {""p_home_win"": 1.0, ""weight"": 0.25}]",11.843396053735326,,elo,"{'home_advantage': 1.9293256655290107, 'scale': 0.11756410027845875, 'error_term': 13.04651150404555, 'win_prob_k': 6.508194048258483}",1.0,26.0
2025-12-27,Minnesota Timberwolves,Brooklyn Nets,107.0,123.0,False,False,2025-12-27|Brooklyn Nets|Minnesota Timberwolves,,,,2025-12-27|Brooklyn Nets|Minnesota Timberwolves,0.8377636731571629,"[{""p_home_win"": 0.6755273463143259, ""weight"": 0.25}, {""p_home_win"": 0.8377636731571629, ""weight"": 0.5}, {""p_home_win"": 1.0, ""weight"": 0.25}]",10.684384812567961,,elo,"{'home_advantage': 1.9293256655290107, 'scale': 0.11756410027845875, 'error_term': 13.04651150404555, 'win_prob_k': 6.508194048258483}",0.0,-16.0
2025-12-27,San Antonio Spurs,Utah Jazz,114.0,127.0,False,False,2025-12-27|Utah Jazz|San Antonio Spurs,,,,2025-12-27|Utah Jazz|San Antonio Spurs,0.9055890160503922,"[{""p_home_win"": 0.8111780321007844, ""weight"": 0.25}, {""p_home_win"": 0.9055890160503922, ""weight"": 0.5}, {""p_home_win"": 1.0, ""weight"": 0.25}]",14.71455917281008,,elo,"{'home_advantage': 1.9293256655290107, 'scale': 0.11756410027845875, 'error_term': 13.04651150404555, 'win_prob_k': 6.508194048258483}",0.0,-13.0
2025-12-28,Oklahoma City Thunder,Philadelphia 76ers,129.0,104.0,False,False,2025-12-28|Philadelphia 76ers|Oklahoma City Thunder,,,,2025-12-28|Philadelphia 76ers|Oklahoma City Thunder,0.8365154983952741,"[{""p_home_win"": 0.6730309967905481, ""weight"": 0.25}, {""p_home_win"": 0.8365154983952741, ""weight"": 0.5}, {""p_home_win"": 1.0, ""weight"": 0.25}]",10.773408261786276,,elo,"{'home_advantage': 1.861207601189427, 'scale': 0.11708391637678539, 'error_term': 13.074909400574764, 'win_prob_k': 6.599222695029358}",1.0,25.0
2025-12-28,Toronto Raptors,Golden State Warriors,141.0,127.0,False,False,2025-12-28|Golden State Warriors|Toronto Raptors,,,,2025-12-28|Golden State Warriors|Toronto Raptors,0.5943023862900532,"[{""p_home_win"": 0.18860477258010633, ""weight"": 0.25}, {""p_home_win"": 0.5943023862900532, ""weight"": 0.5}, {""p_home_win"": 1.0, ""weight"": 0.25}]",2.5194523582370696,,elo,"{'home_advantage': 1.861207601189427, 'scale': 0.11708391637678539, 'error_term': 13.074909400574764, 'win_prob_k': 6.599222695029358}",1.0,14.0
2025-12-28,Portland Trail Blazers,Boston Celtics,114.0,108.0,False,False,2025-12-28|Boston Celtics|Portland Trail Blazers,,,,2025-12-28|Boston Celtics|Portland Trail Blazers,0.3019823786702163,"[{""p_home_win"": 0.0, ""weight"": 0.25}, {""p_home_win"": 0.3019823786702163, ""weight"": 0.5}, {""p_home_win"": 0.6039647573404326, ""weight"": 0.25}]",-5.529328209691203,,elo,"{'home_advantage': 1.861207601189427, 'scale': 0.11708391637678539, 'error_term': 13.074909400574764, 'win_prob_k': 6.599222695029358}",1.0,6.0
2025-12-28,Washington Wizards,Memphis Grizzlies,116.0,112.0,False,False,2025-12-28|Memphis Grizzlies|Washington Wizards,,,,2025-12-28|Memphis Grizzlies|Washington Wizards,0.30367622061166594,"[{""p_home_win"": 0.0, ""weight"": 0.25}, {""p_home_win"": 0.30367622061166594, ""weight"": 0.5}, {""p_home_win"": 0.6073524412233319, ""weight"": 0.25}]",-5.476382655143089,,elo,"{'home_advantage': 1.861207601189427, 'scale': 0.11708391637678539, 'error_term': 13.074909400574764, 'win_prob_k': 6.599222695029358}",1.0,4.0
2025-12-28,Los Angeles Clippers,Detroit Pistons,112.0,99.0,False,False,2025-12-28|Detroit Pistons|Los Angeles Clippers,,,,2025-12-28|Detroit Pistons|Los Angeles Clippers,0.16219343684959336,"[{""p_home_win"": 0.0, ""weight"": 0.25}, {""p_home_win"": 0.16219343684959336, ""weight"": 0.5}, {""p_home_win"": 0.32438687369918673, ""weight"": 0.25}]",-10.835907594351568,,elo,"{'home_advantage': 1.861207601189427, 'scale': 0.11708391637678539, 'error_term': 13.074909400574764, 'win_prob_k': 6.599222695029358}",1.0,13.0
2025-12-28,Los Angeles Lakers,Sacramento Kings,125.0,101.0,False,False,2025-12-28|Sacramento Kings|Los Angeles Lakers,,,,2025-12-28|Sacramento Kings|Los Angeles Lakers,0.8814056904003902,"[{""p_home_win"": 0.7628113808007804, ""weight"": 0.25}, {""p_home_win"": 0.8814056904003902, ""weight"": 0.5}, {""p_home_win"": 1.0, ""weight"": 0.25}]",13.236783593012381,,elo,"{'home_advantage': 1.861207601189427, 'scale': 0.11708391637678539, 'error_term': 13.074909400574764, 'win_prob_k': 6.599222695029358}",1.0,24.0
2025-12-29,Charlotte Hornets,Milwaukee Bucks,113.0,123.0,False,False,2025-12-29|Milwaukee Bucks|Charlotte Hornets,,,,2025-12-29|Milwaukee Bucks|Charlotte Hornets,0.5515135472835156,"[{""p_home_win"": 0.1030270945670313, ""weight"": 0.25}, {""p_home_win"": 0.5515135472835156, ""weight"": 0.5}, {""p_home_win"": 1.0, ""weight"": 0.25}]",1.3844529068726326,,elo,"{'home_advantage': 2.0363741400036477, 'scale': 0.11754124064166273, 'error_term': 13.089939670175644, 'win_prob_k': 6.695037390919756}",0.0,-10.0
2025-12-29,Washington Wizards,Phoenix Suns,101.0,115.0,False,False,2025-12-29|Phoenix Suns|Washington Wizards,,,,2025-12-29|Phoenix Suns|Washington Wizards,0.23026141950279444,"[{""p_home_win"": 0.0, ""weight"": 0.25}, {""p_home_win"": 0.23026141950279444, ""weight"": 0.5}, {""p_home_win"": 0.4605228390055889, ""weight"": 0.25}]",-8.07981001130675,,elo,"{'home_advantage': 2.0363741400036477, 'scale': 0.11754124064166273, 'error_term': 13.089939670175644, 'win_prob_k': 6.695037390919756}",0.0,-14.0
2025-12-29,Brooklyn Nets,Golden State Warriors,107.0,120.0,False,False,2025-12-29|Golden State Warriors|Brooklyn Nets,,,,2025-12-29|Golden State Warriors|Brooklyn Nets,0.41075996693110556,"[{""p_home_win"": 0.0, ""weight"": 0.25}, {""p_home_win"": 0.41075996693110556, ""weight"": 0.5}, {""p_home_win"": 0.8215199338622111, ""weight"": 0.25}]",-2.4157342236759143,,elo,"{'home_advantage': 2.0363741400036477, 'scale': 0.11754124064166273, 'error_term': 13.089939670175644, 'win_prob_k': 6.695037390919756}",0.0,-13.0
2025-12-29,Miami Heat,Denver Nuggets,147.0,123.0,False,False,2025-12-29|Denver Nuggets|Miami Heat,,,,2025-12-29|Denver Nuggets|Miami Heat,0.37679880001899263,"[{""p_home_win"": 0.0, ""weight"": 0.25}, {""p_home_win"": 0.37679880001899263, ""weight"": 0.5}, {""p_home_win"": 0.7535976000379853, ""weight"": 0.25}]",-3.368662038871157,,elo,"{'home_advantage': 2.0363741400036477, 'scale': 0.11754124064166273, 'error_term': 13.089939670175644, 'win_prob_k': 6.695037390919756}",1.0,24.0
2025-12-29,Toronto Raptors,Orlando Magic,107.0,106.0,False,False,2025-12-29|Orlando Magic|Toronto Raptors,,,,2025-12-29|Orlando Magic|Toronto Raptors,0.5709877756014132,"[{""p_home_win"": 0.14197555120282646, ""weight"": 0.25}, {""p_home_win"": 0.5709877756014132, ""weight"": 0.5}, {""p_home_win"": 1.0, ""weight"": 0.25}]",1.913993270699164,,elo,"{'home_advantage': 2.0363741400036477, 'scale': 0.11754124064166273, 'error_term': 13.089939670175644, 'win_prob_k': 6.695037390919756}",1.0,1.0
2025-12-29,Chicago Bulls,Minnesota Timberwolves,101.0,136.0,False,False,2025-12-29|Minnesota Timberwolves|Chicago Bulls,,,,2025-12-29|Minnesota Timberwolves|Chicago Bulls,0.42920388554682953,"[{""p_home_win"": 0.0, ""weight"": 0.25}, {""p_home_win"": 0.42920388554682953, ""weight"": 0.5}, {""p_home_win"": 0.8584077710936591, ""weight"": 0.25}]",-1.9087552583732874,,elo,"{'home_advantage': 2.0363741400036477, 'scale': 0.11754124064166273, 'error_term': 13.089939670175644, 'win_prob_k': 6.695037390919756}",0.0,-35.0
2025-12-29,Houston Rockets,Indiana Pacers,126.0,119.0,False,False,2025-12-29|Indiana Pacers|Houston Rockets,,,,2025-12-29|Indiana Pacers|Houston Rockets,0.9262951592846639,"[{""p_home_win"": 0.8525903185693278, ""weight"": 0.25}, {""p_home_win"": 0.9262951592846639, ""weight"": 0.5}, {""p_home_win"": 1.0, ""weight"": 0.25}]",16.94597284720326,,elo,"{'home_advantage': 2.0363741400036477, 'scale': 0.11754124064166273, 'error_term': 13.089939670175644, 'win_prob_k': 6.695037390919756}",1.0,7.0
2025-12-29,New Orleans Pelicans,New York Knicks,125.0,130.0,False,False,2025-12-29|New York Knicks|New Orleans Pelicans,,,,2025-12-29|New York Knicks|New Orleans Pelicans,0.12665503379139006,"[{""p_home_win"": 0.0, ""weight"": 0.25}, {""p_home_win"": 0.12665503379139006, ""weight"": 0.5}, {""p_home_win"": 0.25331006758278013, ""weight"": 0.25}]",-12.927203374377584,,elo,"{'home_advantage': 2.0363741400036477, 'scale': 0.11754124064166273, 'error_term': 13.089939670175644, 'win_prob_k': 6.695037390919756}",0.0,-5.0
2025-12-29,Oklahoma City Thunder,Atlanta Hawks,140.0,129.0,False,False,2025-12-29|Atlanta Hawks|Oklahoma City Thunder,,,,2025-12-29|Atlanta Hawks|Oklahoma City Thunder,0.8882726699686452,"[{""p_home_win"": 0.7765453399372904, ""weight"": 0.25}, {""p_home_win"": 0.8882726699686452, ""weight"": 0.5}, {""p_home_win"": 1.0, ""weight"": 0.25}]",13.880268059197371,,elo,"{'home_advantage': 2.0363741400036477, 'scale': 0.11754124064166273, 'error_term': 13.089939670175644, 'win_prob_k': 6.695037390919756}",1.0,11.0
2025-12-29,San Antonio Spurs,Cleveland Cavaliers,101.0,113.0,False,False,2025-12-29|Cleveland Cavaliers|San Antonio Spurs,,,,2025-12-29|Cleveland Cavaliers|San Antonio Spurs,0.8316064340170832,"[{""p_home_win"": 0.6632128680341665, ""weight"": 0.25}, {""p_home_win"": 0.8316064340170832, ""weight"": 0.5}, {""p_home_win"": 1.0, ""weight"": 0.25}]",10.692345608603274,,elo,"{'home_advantage': 2.0363741400036477, 'scale': 0.11754124064166273, 'error_term': 13.089939670175644, 'win_prob_k': 6.695037390919756}",0.0,-12.0
2025-12-29,Portland Trail Blazers,Dallas Mavericks,125.0,122.0,False,False,2025-12-29|Dallas Mavericks|Portland Trail Blazers,,,,2025-12-29|Dallas Mavericks|Portland Trail Blazers,0.634447193907437,"[{""p_home_win"": 0.26889438781487396, ""weight"": 0.25}, {""p_home_win"": 0.634447193907437, ""weight"": 0.5}, {""p_home_win"": 1.0, ""weight"": 0.25}]",3.691264101736012,,elo,"{'home_advantage': 2.0363741400036477, 'scale': 0.11754124064166273, 'error_term': 13.089939670175644, 'win_prob_k': 6.695037390919756}",1.0,3.0
2025-12-30,Memphis Grizzlies,Philadelphia 76ers,136.0,139.0,False,False,2025-12-30|Philadelphia 76ers|Memphis Grizzlies,,,,2025-12-30|Philadelphia 76ers|Memphis Grizzlies,0.5402178859885575,"[{""p_home_win"": 0.08043577197711493, ""weight"": 0.25}, {""p_home_win"": 0.5402178859885575, ""weight"": 0.5}, {""p_home_win"": 1.0, ""weight"": 0.25}]",1.0655806462785815,,elo,"{'home_advantage': 1.9006859934573006, 'scale': 0.11358397530104986, 'error_term': 13.123197830429561, 'win_prob_k': 6.609488354855431}",0.0,-3.0
2025-12-30,Utah Jazz,Boston Celtics,119.0,129.0,False,False,2025-12-30|Boston Celtics|Utah Jazz,,,,2025-12-30|Boston Celtics|Utah Jazz,0.321556324138252,"[{""p_home_win"": 0.0, ""weight"": 0.25}, {""p_home_win"": 0.321556324138252, ""weight"": 0.5}, {""p_home_win"": 0.643112648276504, ""weight"": 0.25}]",-4.934833982546611,,elo,"{'home_advantage': 1.9006859934573006, 'scale': 0.11358397530104986, 'error_term': 13.123197830429561, 'win_prob_k': 6.609488354855431}",0.0,-10.0
2025-12-30,Los Angeles Lakers,Detroit Pistons,106.0,128.0,False,False,2025-12-30|Detroit Pistons|Los Angeles Lakers,,,,2025-12-30|Detroit Pistons|Los Angeles Lakers,0.48775843438627287,"[{""p_home_win"": 0.0, ""weight"": 0.25}, {""p_home_win"": 0.48775843438627287, ""weight"": 0.5}, {""p_home_win"": 0.9755168687725457, ""weight"": 0.25}]",-0.32370663096221586,,elo,"{'home_advantage': 1.9006859934573006, 'scale': 0.11358397530104986, 'error_term': 13.123197830429561, 'win_prob_k': 6.609488354855431}",0.0,-22.0
2025-12-30,Los Angeles Clippers,Sacramento Kings,131.0,90.0,False,False,2025-12-30|Sacramento Kings|Los Angeles Clippers,,,,2025-12-30|Sacramento Kings|Los Angeles Clippers,0.6659174430916147,"[{""p_home_win"": 0.3318348861832294, ""weight"": 0.25}, {""p_home_win"": 0.6659174430916147, ""weight"": 0.5}, {""p_home_win"": 1.0, ""weight"": 0.25}]",4.559076781515759,,elo,"{'home_advantage': 1.9006859934573006, 'scale': 0.11358397530104986, 'error_term': 13.123197830429561, 'win_prob_k': 6.609488354855431}",1.0,41.0
2025-12-31,Charlotte Hornets,Golden State Warriors,125.0,132.0,False,False,2025-12-31|Golden State Warriors|Charlotte Hornets,,,,2025-12-31|Golden State Warriors|Charlotte Hornets,0.37191201420122133,"[{""p_home_win"": 0.0, ""weight"": 0.25}, {""p_home_win"": 0.37191201420122133, ""weight"": 0.5}, {""p_home_win"": 0.7438240284024427, ""weight"": 0.25}]",-3.4940850095678213,,elo,"{'home_advantage': 1.9156776419915786, 'scale': 0.113457960729016, 'error_term': 13.186278324076252, 'win_prob_k': 6.667809050955437}",0.0,-7.0
2025-12-31,Atlanta Hawks,Minnesota Timberwolves,126.0,102.0,False,False,2025-12-31|Minnesota Timberwolves|Atlanta Hawks,,,,2025-12-31|Minnesota Timberwolves|Atlanta Hawks,0.3553396141303875,"[{""p_home_win"": 0.0, ""weight"": 0.25}, {""p_home_win"": 0.3553396141303875, ""weight"": 0.5}, {""p_home_win"": 0.710679228260775, ""weight"": 0.25}]",-3.971678146820289,,elo,"{'home_advantage': 1.9156776419915786, 'scale': 0.113457960729016, 'error_term': 13.186278324076252, 'win_prob_k': 6.667809050955437}",1.0,24.0
2025-12-31,Indiana Pacers,Orlando Magic,110.0,112.0,False,False,2025-12-31|Orlando Magic|Indiana Pacers,,,,2025-12-31|Orlando Magic|Indiana Pacers,0.19487458349077613,"[{""p_home_win"": 0.0, ""weight"": 0.25}, {""p_home_win"": 0.19487458349077613, ""weight"": 0.5}, {""p_home_win"": 0.38974916698155226, ""weight"": 0.25}]",-9.459233115042837,,elo,"{'home_advantage': 1.9156776419915786, 'scale': 0.113457960729016, 'error_term': 13.186278324076252, 'win_prob_k': 6.667809050955437}",0.0,-2.0
2025-12-31,Cleveland Cavaliers,Phoenix Suns,129.0,113.0,False,False,2025-12-31|Phoenix Suns|Cleveland Cavaliers,,,,2025-12-31|Phoenix Suns|Cleveland Cavaliers,0.43366734256350503,"[{""p_home_win"": 0.0, ""weight"": 0.25}, {""p_home_win"": 0.43366734256350503, ""weight"": 0.5}, {""p_home_win"": 0.8673346851270101, ""weight"": 0.25}]",-1.7796641810500233,,elo,"{'home_advantage': 1.9156776419915786, 'scale': 0.113457960729016, 'error_term': 13.186278324076252, 'win_prob_k': 6.667809050955437}",1.0,16.0
2025-12-31,Chicago Bulls,New Orleans Pelicans,134.0,118.0,False,False,2025-12-31|New Orleans Pelicans|Chicago Bulls,,,,2025-12-31|New Orleans Pelicans|Chicago Bulls,0.7974656011903504,"[{""p_home_win"": 0.5949312023807007, ""weight"": 0.25}, {""p_home_win"": 0.7974656011903504, ""weight"": 0.5}, {""p_home_win"": 1.0, ""weight"": 0.25}]",9.138425388348201,,elo,"{'home_advantage': 1.9156776419915786, 'scale': 0.113457960729016, 'error_term': 13.186278324076252, 'win_prob_k': 6.667809050955437}",1.0,16.0
2025-12-31,San Antonio Spurs,New York Knicks,134.0,132.0,False,False,2025-12-31|New York Knicks|San Antonio Spurs,,,,2025-12-31|New York Knicks|San Antonio Spurs,0.5673448500031233,"[{""p_home_win"": 0.13468970000624658, ""weight"": 0.25}, {""p_home_win"": 0.5673448500031233, ""weight"": 0.5}, {""p_home_win"": 1.0, ""weight"": 0.25}]",1.8071518132297937,,elo,"{'home_advantage': 1.9156776419915786, 'scale': 0.113457960729016, 'error_term': 13.186278324076252, 'win_prob_k': 6.667809050955437}",1.0,2.0
2025-12-31,Toronto Raptors,Denver Nuggets,103.0,106.0,False,False,2025-12-31|Denver Nuggets|Toronto Raptors,,,,2025-12-31|Denver Nuggets|Toronto Raptors,0.45742760098118845,"[{""p_home_win"": 0.0, ""weight"": 0.25}, {""p_home_win"": 0.45742760098118845, ""weight"": 0.5}, {""p_home_win"": 0.9148552019623769, ""weight"": 0.25}]",-1.1382143946635694,,elo,"{'home_advantage': 1.9156776419915786, 'scale': 0.113457960729016, 'error_term': 13.186278324076252, 'win_prob_k': 6.667809050955437}",0.0,-3.0
2025-12-31,Milwaukee Bucks,Washington Wizards,113.0,114.0,False,False,2025-12-31|Washington Wizards|Milwaukee Bucks,,,,2025-12-31|Washington Wizards|Milwaukee Bucks,0.7412584475208476,"[{""p_home_win"": 0.48251689504169515, ""weight"": 0.25}, {""p_home_win"": 0.7412584475208476, ""weight"": 0.5}, {""p_home_win"": 1.0, ""weight"": 0.25}]",7.018000048192377,,elo,"{'home_advantage': 1.9156776419915786, 'scale': 0.113457960729016, 'error_term': 13.186278324076252, 'win_prob_k': 6.667809050955437}",0.0,-1.0
2025-12-31,Oklahoma City Thunder,Portland Trail Blazers,124.0,95.0,False,False,2025-12-31|Portland Trail Blazers|Oklahoma City Thunder,,,,2025-12-31|Portland Trail Blazers|Oklahoma City Thunder,0.8864087724217937,"[{""p_home_win"": 0.7728175448435874, ""weight"": 0.25}, {""p_home_win"": 0.8864087724217937, ""weight"": 0.5}, {""p_home_win"": 1.0, ""weight"": 0.25}]",13.699493319673445,,elo,"{'home_advantage': 1.9156776419915786, 'scale': 0.113457960729016, 'error_term': 13.186278324076252, 'win_prob_k': 6.667809050955437}",1.0,29.0
2026-01-01,Brooklyn Nets,Houston Rockets,96.0,120.0,False,False,2026-01-01|Houston Rockets|Brooklyn Nets,,,,2026-01-01|Houston Rockets|Brooklyn Nets,0.24677238138065696,"[{""p_home_win"": 0.0, ""weight"": 0.25}, {""p_home_win"": 0.24677238138065696, ""weight"": 0.5}, {""p_home_win"": 0.4935447627613139, ""weight"": 0.25}]",-7.396325927620563,,elo,"{'home_advantage': 2.0556475487554695, 'scale': 0.11157424585509954, 'error_term': 13.181595105605458, 'win_prob_k': 6.628119663165624}",0.0,-24.0
2026-01-01,Detroit Pistons,Miami Heat,112.0,118.0,False,False,2026-01-01|Miami Heat|Detroit Pistons,,,,2026-01-01|Miami Heat|Detroit Pistons,0.7869263537608222,"[{""p_home_win"": 0.5738527075216444, ""weight"": 0.25}, {""p_home_win"": 0.7869263537608222, ""weight"": 0.5}, {""p_home_win"": 1.0, ""weight"": 0.25}]",8.659617147502223,,elo,"{'home_advantage': 2.0556475487554695, 'scale': 0.11157424585509954, 'error_term': 13.181595105605458, 'win_prob_k': 6.628119663165624}",0.0,-6.0
2026-01-01,Dallas Mavericks,Philadelphia 76ers,108.0,123.0,False,False,2026-01-01|Philadelphia 76ers|Dallas Mavericks,,,,2026-01-01|Philadelphia 76ers|Dallas Mavericks,0.38107544027580226,"[{""p_home_win"": 0.0, ""weight"": 0.25}, {""p_home_win"": 0.38107544027580226, ""weight"": 0.5}, {""p_home_win"": 0.7621508805516045, ""weight"": 0.25}]",-3.214545437310402,,elo,"{'home_advantage': 2.0556475487554695, 'scale': 0.11157424585509954, 'error_term': 13.181595105605458, 'win_prob_k': 6.628119663165624}",0.0,-15.0
2026-01-01,Sacramento Kings,Boston Celtics,106.0,120.0,False,False,2026-01-01|Boston Celtics|Sacramento Kings,,,,2026-01-01|Boston Celtics|Sacramento Kings,0.20153096080289096,"[{""p_home_win"": 0.0, ""weight"": 0.25}, {""p_home_win"": 0.20153096080289096, ""weight"": 0.5}, {""p_home_win"": 0.4030619216057819, ""weight"": 0.25}]",-9.125284770580981,,elo,"{'home_advantage': 2.0556475487554695, 'scale': 0.11157424585509954, 'error_term': 13.181595105605458, 'win_prob_k': 6.628119663165624}",0.0,-14.0
2026-01-01,Los Angeles Clippers,Utah Jazz,118.0,101.0,False,False,2026-01-01|Utah Jazz|Los Angeles Clippers,,,,2026-01-01|Utah Jazz|Los Angeles Clippers,0.5814559320737768,"[{""p_home_win"": 0.16291186414755354, ""weight"": 0.25}, {""p_home_win"": 0.5814559320737768, ""weight"": 0.5}, {""p_home_win"": 1.0, ""weight"": 0.25}]",2.179014235586829,,elo,"{'home_advantage': 2.0556475487554695, 'scale': 0.11157424585509954, 'error_term': 13.181595105605458, 'win_prob_k': 6.628119663165624}",1.0,17.0
2026-01-02,Indiana Pacers,San Antonio Spurs,,,False,False,2026-01-02|San Antonio Spurs|Indiana Pacers,,,,2026-01-02|San Antonio Spurs|Indiana Pacers,0.09534685925713916,"[{""p_home_win"": 0.0, ""weight"": 0.25}, {""p_home_win"": 0.09534685925713916, ""weight"": 0.5}, {""p_home_win"": 0.19069371851427833, ""weight"": 0.25}]",-15.12133147924889,,elo,"{'home_advantage': 2.006157463364345, 'scale': 0.11185984793436232, 'error_term': 13.134973895673275, 'win_prob_k': 6.720501540808289}",0.5,
2026-01-02,Washington Wizards,Brooklyn Nets,,,False,False,2026-01-02|Brooklyn Nets|Washington Wizards,,,,2026-01-02|Brooklyn Nets|Washington Wizards,0.5221301654777856,"[{""p_home_win"": 0.04426033095557114, ""weight"": 0.25}, {""p_home_win"": 0.5221301654777856, ""weight"": 0.5}, {""p_home_win"": 1.0, ""weight"": 0.25}]",0.5952921692434303,,elo,"{'home_advantage': 2.006157463364345, 'scale': 0.11185984793436232, 'error_term': 13.134973895673275, 'win_prob_k': 6.720501540808289}",0.5,
2026-01-02,Cleveland Cavaliers,Denver Nuggets,,,False,False,2026-01-02|Denver Nuggets|Cleveland Cavaliers,,,,2026-01-02|Denver Nuggets|Cleveland Cavaliers,0.3701610221259109,"[{""p_home_win"": 0.0, ""weight"": 0.25}, {""p_home_win"": 0.3701610221259109, ""weight"": 0.5}, {""p_home_win"": 0.7403220442518218, ""weight"": 0.25}]",-3.572121907747875,,elo,"{'home_advantage': 2.006157463364345, 'scale': 0.11185984793436232, 'error_term': 13.134973895673275, 'win_prob_k': 6.720501540808289}",0.5,
2026-01-02,New York Knicks,Atlanta Hawks,,,False,False,2026-01-02|Atlanta Hawks|New York Knicks,,,,2026-01-02|Atlanta Hawks|New York Knicks,0.8155517692094026,"[{""p_home_win"": 0.6311035384188053, ""weight"": 0.25}, {""p_home_win"": 0.8155517692094026, ""weight"": 0.5}, {""p_home_win"": 1.0, ""weight"": 0.25}]",9.989999124918196,,elo,"{'home_advantage': 2.006157463364345, 'scale': 0.11185984793436232, 'error_term': 13.134973895673275, 'win_prob_k': 6.720501540808289}",0.5,
2026-01-02,Chicago Bulls,Orlando Magic,,,False,False,2026-01-02|Orlando Magic|Chicago Bulls,,,,2026-01-02|Orlando Magic|Chicago Bulls,0.4506011481097647,"[{""p_home_win"": 0.0, ""weight"": 0.25}, {""p_home_win"": 0.4506011481097647, ""weight"": 0.5}, {""p_home_win"": 0.9012022962195294, ""weight"": 0.25}]",-1.3322863919600052,,elo,"{'home_advantage': 2.006157463364345, 'scale': 0.11185984793436232, 'error_term': 13.134973895673275, 'win_prob_k': 6.720501540808289}",0.5,
2026-01-02,Milwaukee Bucks,Charlotte Hornets,,,False,False,2026-01-02|Charlotte Hornets|Milwaukee Bucks,,,,2026-01-02|Charlotte Hornets|Milwaukee Bucks,0.6413064260917064,"[{""p_home_win"": 0.2826128521834128, ""weight"": 0.25}, {""p_home_win"": 0.6413064260917064, ""weight"": 0.5}, {""p_home_win"": 1.0, ""weight"": 0.25}]",3.9048729375647393,,elo,"{'home_advantage': 2.006157463364345, 'scale': 0.11185984793436232, 'error_term': 13.134973895673275, 'win_prob_k': 6.720501540808289}",0.5,
2026-01-02,New Orleans Pelicans,Portland Trail Blazers,,,False,False,2026-01-02|Portland Trail Blazers|New Orleans Pelicans,,,,2026-01-02|Portland Trail Blazers|New Orleans Pelicans,0.33415123475752445,"[{""p_home_win"": 0.0, ""weight"": 0.25}, {""p_home_win"": 0.33415123475752445, ""weight"": 0.5}, {""p_home_win"": 0.6683024695150489, ""weight"": 0.25}]",-4.633576645976956,,elo,"{'home_advantage': 2.006157463364345, 'scale': 0.11185984793436232, 'error_term': 13.134973895673275, 'win_prob_k': 6.720501540808289}",0.5,
2026-01-02,Phoenix Suns,Sacramento Kings,,,False,False,2026-01-02|Sacramento Kings|Phoenix Suns,,,,2026-01-02|Sacramento Kings|Phoenix Suns,0.8676352022822237,"[{""p_home_win"": 0.7352704045644474, ""weight"": 0.25}, {""p_home_win"": 0.8676352022822237, ""weight"": 0.5}, {""p_home_win"": 1.0, ""weight"": 0.25}]",12.635951665494982,,elo,"{'home_advantage': 2.006157463364345, 'scale': 0.11185984793436232, 'error_term': 13.134973895673275, 'win_prob_k': 6.720501540808289}",0.5,
2026-01-02,Golden State Warriors,Oklahoma City Thunder,,,False,False,2026-01-02|Oklahoma City Thunder|Golden State Warriors,,,,2026-01-02|Oklahoma City Thunder|Golden State Warriors,0.28807137758318985,"[{""p_home_win"": 0.0, ""weight"": 0.25}, {""p_home_win"": 0.28807137758318985, ""weight"": 0.5}, {""p_home_win"": 0.5761427551663797, ""weight"": 0.25}]",-6.080503936509024,,elo,"{'home_advantage': 2.006157463364345, 'scale': 0.11185984793436232, 'error_term': 13.134973895673275, 'win_prob_k': 6.720501540808289}",0.5,
2026-01-02,Los Angeles Lakers,Memphis Grizzlies,,,False,False,2026-01-02|Memphis Grizzlies|Los Angeles Lakers,,,,2026-01-02|Memphis Grizzlies|Los Angeles Lakers,0.7526949198978827,"[{""p_home_win"": 0.5053898397957655, ""weight"": 0.25}, {""p_home_win"": 0.7526949198978827, ""weight"": 0.5}, {""p_home_win"": 1.0, ""weight"": 0.25}]",7.480168730108806,,elo,"{'home_advantage': 2.006157463364345, 'scale': 0.11185984793436232, 'error_term': 13.134973895673275, 'win_prob_k': 6.720501540808289}",0.5,
