date,home_team,away_team,home_score,away_score,neutral,overtime,game_id,sport,season,notes,game_id_pred,p_home_win,win_prob_dist,pred_margin,pred_total,model_id,home_win,actual_margin
2024-10-23,Detroit Pistons,Indiana Pacers,109,115,False,False,2024-10-23|Indiana Pacers|Detroit Pistons,,,,2024-10-23|Indiana Pacers|Detroit Pistons,0.9334356000352556,"[{""p_home_win"": 0.9334356000352556, ""weight"": 1.0}]",2.64070207339137,,bradley_terry_hfa,0.0,-6
2024-10-23,Atlanta Hawks,Brooklyn Nets,120,116,False,False,2024-10-23|Brooklyn Nets|Atlanta Hawks,,,,2024-10-23|Brooklyn Nets|Atlanta Hawks,0.9334356000352556,"[{""p_home_win"": 0.9334356000352556, ""weight"": 1.0}]",2.64070207339137,,bradley_terry_hfa,1.0,4
2024-10-23,Miami Heat,Orlando Magic,97,116,False,False,2024-10-23|Orlando Magic|Miami Heat,,,,2024-10-23|Orlando Magic|Miami Heat,0.9334356000352556,"[{""p_home_win"": 0.9334356000352556, ""weight"": 1.0}]",2.64070207339137,,bradley_terry_hfa,0.0,-19
2024-10-23,Philadelphia 76ers,Milwaukee Bucks,109,124,False,False,2024-10-23|Milwaukee Bucks|Philadelphia 76ers,,,,2024-10-23|Milwaukee Bucks|Philadelphia 76ers,0.9334356000352556,"[{""p_home_win"": 0.9334356000352556, ""weight"": 1.0}]",2.64070207339137,,bradley_terry_hfa,0.0,-15
2024-10-23,Toronto Raptors,Cleveland Cavaliers,106,136,False,False,2024-10-23|Cleveland Cavaliers|Toronto Raptors,,,,2024-10-23|Cleveland Cavaliers|Toronto Raptors,0.9334356000352556,"[{""p_home_win"": 0.9334356000352556, ""weight"": 1.0}]",2.64070207339137,,bradley_terry_hfa,0.0,-30
2024-10-23,Houston Rockets,Charlotte Hornets,105,110,False,False,2024-10-23|Charlotte Hornets|Houston Rockets,,,,2024-10-23|Charlotte Hornets|Houston Rockets,0.9334356000352556,"[{""p_home_win"": 0.9334356000352556, ""weight"": 1.0}]",2.64070207339137,,bradley_terry_hfa,0.0,-5
2024-10-23,New Orleans Pelicans,Chicago Bulls,123,111,False,False,2024-10-23|Chicago Bulls|New Orleans Pelicans,,,,2024-10-23|Chicago Bulls|New Orleans Pelicans,0.9334356000352556,"[{""p_home_win"": 0.9334356000352556, ""weight"": 1.0}]",2.64070207339137,,bradley_terry_hfa,1.0,12
2024-10-23,Utah Jazz,Memphis Grizzlies,124,126,False,False,2024-10-23|Memphis Grizzlies|Utah Jazz,,,,2024-10-23|Memphis Grizzlies|Utah Jazz,0.9334356000352556,"[{""p_home_win"": 0.9334356000352556, ""weight"": 1.0}]",2.64070207339137,,bradley_terry_hfa,0.0,-2
2024-10-23,Los Angeles Clippers,Phoenix Suns,113,116,False,False,2024-10-23|Phoenix Suns|Los Angeles Clippers,,,,2024-10-23|Phoenix Suns|Los Angeles Clippers,0.9334356000352556,"[{""p_home_win"": 0.9334356000352556, ""weight"": 1.0}]",2.64070207339137,,bradley_terry_hfa,0.0,-3
2024-10-23,Portland Trail Blazers,Golden State Warriors,104,140,False,False,2024-10-23|Golden State Warriors|Portland Trail Blazers,,,,2024-10-23|Golden State Warriors|Portland Trail Blazers,0.9334356000352556,"[{""p_home_win"": 0.9334356000352556, ""weight"": 1.0}]",2.64070207339137,,bradley_terry_hfa,0.0,-36
2024-10-24,Washington Wizards,Boston Celtics,102,122,False,False,2024-10-24|Boston Celtics|Washington Wizards,,,,2024-10-24|Boston Celtics|Washington Wizards,0.010785271595664633,"[{""p_home_win"": 0.010785271595664633, ""weight"": 1.0}]",-4.518729962497428,,bradley_terry_hfa,0.0,-20
2024-10-24,Dallas Mavericks,San Antonio Spurs,120,109,False,False,2024-10-24|San Antonio Spurs|Dallas Mavericks,,,,2024-10-24|San Antonio Spurs|Dallas Mavericks,0.17173328248963995,"[{""p_home_win"": 0.17173328248963995, ""weight"": 1.0}]",-1.5733926350518568,,bradley_terry_hfa,1.0,11
2024-10-24,Sacramento Kings,Minnesota Timberwolves,115,117,False,False,2024-10-24|Minnesota Timberwolves|Sacramento Kings,,,,2024-10-24|Minnesota Timberwolves|Sacramento Kings,0.797694166185023,"[{""p_home_win"": 0.797694166185023, ""weight"": 1.0}]",1.3719446923937142,,bradley_terry_hfa,0.0,-2
2024-10-24,Denver Nuggets,Oklahoma City Thunder,87,102,False,False,2024-10-24|Oklahoma City Thunder|Denver Nuggets,,,,2024-10-24|Oklahoma City Thunder|Denver Nuggets,0.17173328248963995,"[{""p_home_win"": 0.17173328248963995, ""weight"": 1.0}]",-1.5733926350518568,,bradley_terry_hfa,0.0,-15
2024-10-25,Orlando Magic,Brooklyn Nets,116,101,False,False,2024-10-25|Brooklyn Nets|Orlando Magic,,,,2024-10-25|Brooklyn Nets|Orlando Magic,0.9419000493744859,"[{""p_home_win"": 0.9419000493744859, ""weight"": 1.0}]",2.785734350210392,,bradley_terry_hfa,1.0,15
2024-10-25,Toronto Raptors,Philadelphia 76ers,115,107,False,False,2024-10-25|Philadelphia 76ers|Toronto Raptors,,,,2024-10-25|Philadelphia 76ers|Toronto Raptors,0.13663549755513243,"[{""p_home_win"": 0.13663549755513243, ""weight"": 1.0}]",-1.8435201902424383,,bradley_terry_hfa,1.0,8
2024-10-25,Atlanta Hawks,Charlotte Hornets,125,120,False,False,2024-10-25|Charlotte Hornets|Atlanta Hawks,,,,2024-10-25|Charlotte Hornets|Atlanta Hawks,0.4150987225469681,"[{""p_home_win"": 0.4150987225469681, ""weight"": 1.0}]",-0.3429266989045967,,bradley_terry_hfa,1.0,5
2024-10-25,Cleveland Cavaliers,Detroit Pistons,113,101,False,False,2024-10-25|Detroit Pistons|Cleveland Cavaliers,,,,2024-10-25|Detroit Pistons|Cleveland Cavaliers,0.7833235936014431,"[{""p_home_win"": 0.7833235936014431, ""weight"": 1.0}]",1.2851408588725508,,bradley_terry_hfa,1.0,12
2024-10-25,New York Knicks,Indiana Pacers,123,98,False,False,2024-10-25|Indiana Pacers|New York Knicks,,,,2024-10-25|Indiana Pacers|New York Knicks,0.002212102342576187,"[{""p_home_win"": 0.002212102342576187, ""weight"": 1.0}]",-6.111597376749715,,bradley_terry_hfa,1.0,25
2024-10-25,Houston Rockets,Memphis Grizzlies,128,108,False,False,2024-10-25|Memphis Grizzlies|Houston Rockets,,,,2024-10-25|Memphis Grizzlies|Houston Rockets,0.006880352652157367,"[{""p_home_win"": 0.006880352652157367, ""weight"": 1.0}]",-4.972181239357427,,bradley_terry_hfa,1.0,20
2024-10-25,Milwaukee Bucks,Chicago Bulls,122,133,False,False,2024-10-25|Chicago Bulls|Milwaukee Bucks,,,,2024-10-25|Chicago Bulls|Milwaukee Bucks,0.9419000493744859,"[{""p_home_win"": 0.9419000493744859, ""weight"": 1.0}]",2.785734350210392,,bradley_terry_hfa,0.0,-11
2024-10-25,Utah Jazz,Golden State Warriors,86,127,False,False,2024-10-25|Golden State Warriors|Utah Jazz,,,,2024-10-25|Golden State Warriors|Utah Jazz,0.006880352652157367,"[{""p_home_win"": 0.006880352652157367, ""weight"": 1.0}]",-4.972181239357427,,bradley_terry_hfa,0.0,-41
2024-10-25,Los Angeles Lakers,Phoenix Suns,123,116,False,False,2024-10-25|Phoenix Suns|Los Angeles Lakers,,,,2024-10-25|Phoenix Suns|Los Angeles Lakers,0.7375584596045953,"[{""p_home_win"": 0.7375584596045953, ""weight"": 1.0}]",1.0333169983589354,,bradley_terry_hfa,1.0,7
2024-10-25,Portland Trail Blazers,New Orleans Pelicans,103,105,False,False,2024-10-25|New Orleans Pelicans|Portland Trail Blazers,,,,2024-10-25|New Orleans Pelicans|Portland Trail Blazers,0.0015425498708548694,"[{""p_home_win"": 0.0015425498708548694, ""weight"": 1.0}]",-6.472774730695269,,bradley_terry_hfa,0.0,-2
2024-10-26,Denver Nuggets,Los Angeles Clippers,104,109,False,False,2024-10-26|Los Angeles Clippers|Denver Nuggets,,,,2024-10-26|Los Angeles Clippers|Denver Nuggets,0.6546937843531834,"[{""p_home_win"": 0.6546937843531834, ""weight"": 1.0}]",0.6397360165677846,,bradley_terry_hfa,0.0,-5
2024-10-26,Washington Wizards,Cleveland Cavaliers,116,135,False,False,2024-10-26|Cleveland Cavaliers|Washington Wizards,,,,2024-10-26|Cleveland Cavaliers|Washington Wizards,0.007281206003628639,"[{""p_home_win"": 0.007281206003628639, ""weight"": 1.0}]",-4.915150927290289,,bradley_terry_hfa,0.0,-19
2024-10-26,Detroit Pistons,Boston Celtics,118,124,False,False,2024-10-26|Boston Celtics|Detroit Pistons,,,,2024-10-26|Boston Celtics|Detroit Pistons,1.7085731395716605e-05,"[{""p_home_win"": 1.7085731395716605e-05, ""weight"": 1.0}]",-10.977249778204659,,bradley_terry_hfa,0.0,-6
2024-10-26,Charlotte Hornets,Miami Heat,106,114,False,False,2024-10-26|Miami Heat|Charlotte Hornets,,,,2024-10-26|Miami Heat|Charlotte Hornets,0.9750802194272252,"[{""p_home_win"": 0.9750802194272252, ""weight"": 1.0}]",3.6668578553343236,,bradley_terry_hfa,0.0,-8
2024-10-26,Memphis Grizzlies,Orlando Magic,124,111,False,False,2024-10-26|Orlando Magic|Memphis Grizzlies,,,,2024-10-26|Orlando Magic|Memphis Grizzlies,0.0015487438222187067,"[{""p_home_win"": 0.0015487438222187067, ""weight"": 1.0}]",-6.46876116954542,,bradley_terry_hfa,1.0,13
2024-10-26,Minnesota Timberwolves,Toronto Raptors,112,101,False,False,2024-10-26|Toronto Raptors|Minnesota Timberwolves,,,,2024-10-26|Toronto Raptors|Minnesota Timberwolves,0.6038392923358683,"[{""p_home_win"": 0.6038392923358683, ""weight"": 1.0}]",0.4214881338762182,,bradley_terry_hfa,1.0,11
2024-10-26,Chicago Bulls,Oklahoma City Thunder,95,114,False,False,2024-10-26|Oklahoma City Thunder|Chicago Bulls,,,,2024-10-26|Oklahoma City Thunder|Chicago Bulls,0.16705235954239916,"[{""p_home_win"": 0.16705235954239916, ""weight"": 1.0}]",-1.606663490127326,,bradley_terry_hfa,0.0,-19
2024-10-26,San Antonio Spurs,Houston Rockets,109,106,False,False,2024-10-26|Houston Rockets|San Antonio Spurs,,,,2024-10-26|Houston Rockets|San Antonio Spurs,0.04375595429531112,"[{""p_home_win"": 0.04375595429531112, ""weight"": 1.0}]",-3.0843854566856623,,bradley_terry_hfa,1.0,3
2024-10-26,Phoenix Suns,Dallas Mavericks,114,102,False,False,2024-10-26|Dallas Mavericks|Phoenix Suns,,,,2024-10-26|Dallas Mavericks|Phoenix Suns,0.08575021652121637,"[{""p_home_win"": 0.08575021652121637, ""weight"": 1.0}]",-2.366665209128507,,bradley_terry_hfa,1.0,12
2024-10-26,Los Angeles Lakers,Sacramento Kings,131,127,False,False,2024-10-26|Sacramento Kings|Los Angeles Lakers,,,,2024-10-26|Sacramento Kings|Los Angeles Lakers,0.999684533609625,"[{""p_home_win"": 0.999684533609625, ""weight"": 1.0}]",8.061142893626894,,bradley_terry_hfa,1.0,4
2024-10-27,Indiana Pacers,Philadelphia 76ers,114,118,False,False,2024-10-27|Philadelphia 76ers|Indiana Pacers,,,,2024-10-27|Philadelphia 76ers|Indiana Pacers,0.9963271097645058,"[{""p_home_win"": 0.9963271097645058, ""weight"": 1.0}]",5.603096744888965,,bradley_terry_hfa,0.0,-4
2024-10-27,Portland Trail Blazers,New Orleans Pelicans,125,103,False,False,2024-10-27|New Orleans Pelicans|Portland Trail Blazers,,,,2024-10-27|New Orleans Pelicans|Portland Trail Blazers,0.0015178771203848832,"[{""p_home_win"": 0.0015178771203848832, ""weight"": 1.0}]",-6.488923521385354,,bradley_terry_hfa,1.0,22
2024-10-27,Brooklyn Nets,Milwaukee Bucks,115,102,False,False,2024-10-27|Milwaukee Bucks|Brooklyn Nets,,,,2024-10-27|Milwaukee Bucks|Brooklyn Nets,0.3501426214561826,"[{""p_home_win"": 0.3501426214561826, ""weight"": 1.0}]",-0.6184123598324027,,bradley_terry_hfa,1.0,13
2024-10-27,Oklahoma City Thunder,Atlanta Hawks,128,104,False,False,2024-10-27|Atlanta Hawks|Oklahoma City Thunder,,,,2024-10-27|Atlanta Hawks|Oklahoma City Thunder,0.8478477920558238,"[{""p_home_win"": 0.8478477920558238, ""weight"": 1.0}]",1.7178197413158176,,bradley_terry_hfa,1.0,24
2024-10-27,Golden State Warriors,Los Angeles Clippers,104,112,False,False,2024-10-27|Los Angeles Clippers|Golden State Warriors,,,,2024-10-27|Los Angeles Clippers|Golden State Warriors,0.9413583946951277,"[{""p_home_win"": 0.9413583946951277, ""weight"": 1.0}]",2.775879500051951,,bradley_terry_hfa,0.0,-8
2024-10-28,Orlando Magic,Indiana Pacers,119,115,False,False,2024-10-28|Indiana Pacers|Orlando Magic,,,,2024-10-28|Indiana Pacers|Orlando Magic,0.999145803561832,"[{""p_home_win"": 0.999145803561832, ""weight"": 1.0}]",7.064494807880754,,bradley_terry_hfa,1.0,4
2024-10-28,Atlanta Hawks,Washington Wizards,119,121,False,False,2024-10-28|Washington Wizards|Atlanta Hawks,,,,2024-10-28|Washington Wizards|Atlanta Hawks,0.9903358205054361,"[{""p_home_win"": 0.9903358205054361, ""weight"": 1.0}]",4.629617883693938,,bradley_terry_hfa,0.0,-2
2024-10-28,Boston Celtics,Milwaukee Bucks,119,108,False,False,2024-10-28|Milwaukee Bucks|Boston Celtics,,,,2024-10-28|Milwaukee Bucks|Boston Celtics,0.9996084669776568,"[{""p_home_win"": 0.9996084669776568, ""weight"": 1.0}]",7.84504908814061,,bradley_terry_hfa,1.0,11
2024-10-28,Toronto Raptors,Denver Nuggets,125,127,False,False,2024-10-28|Denver Nuggets|Toronto Raptors,,,,2024-10-28|Denver Nuggets|Toronto Raptors,0.7446609398033763,"[{""p_home_win"": 0.7446609398033763, ""weight"": 1.0}]",1.0703366906362468,,bradley_terry_hfa,0.0,-2
2024-10-28,Miami Heat,Detroit Pistons,106,98,False,False,2024-10-28|Detroit Pistons|Miami Heat,,,,2024-10-28|Detroit Pistons|Miami Heat,0.9999016363587891,"[{""p_home_win"": 0.9999016363587891, ""weight"": 1.0}]",9.226740953598542,,bradley_terry_hfa,1.0,8
2024-10-28,New York Knicks,Cleveland Cavaliers,104,110,False,False,2024-10-28|Cleveland Cavaliers|New York Knicks,,,,2024-10-28|Cleveland Cavaliers|New York Knicks,0.014857908525537405,"[{""p_home_win"": 0.014857908525537405, ""weight"": 1.0}]",-4.1942536019414485,,bradley_terry_hfa,0.0,-6
2024-10-28,San Antonio Spurs,Houston Rockets,101,106,False,False,2024-10-28|Houston Rockets|San Antonio Spurs,,,,2024-10-28|Houston Rockets|San Antonio Spurs,0.8797980665807312,"[{""p_home_win"": 0.8797980665807312, ""weight"": 1.0}]",1.9905193043547875,,bradley_terry_hfa,0.0,-5
2024-10-28,Memphis Grizzlies,Chicago Bulls,123,126,False,False,2024-10-28|Chicago Bulls|Memphis Grizzlies,,,,2024-10-28|Chicago Bulls|Memphis Grizzlies,0.8116538835491466,"[{""p_home_win"": 0.8116538835491466, ""weight"": 1.0}]",1.4607926823685826,,bradley_terry_hfa,0.0,-3
2024-10-28,Dallas Mavericks,Utah Jazz,110,102,False,False,2024-10-28|Utah Jazz|Dallas Mavericks,,,,2024-10-28|Utah Jazz|Dallas Mavericks,0.9996549618419759,"[{""p_home_win"": 0.9996549618419759, ""weight"": 1.0}]",7.971510446383367,,bradley_terry_hfa,1.0,8
2024-10-28,Sacramento Kings,Portland Trail Blazers,111,98,False,False,2024-10-28|Portland Trail Blazers|Sacramento Kings,,,,2024-10-28|Portland Trail Blazers|Sacramento Kings,0.10520463527484443,"[{""p_home_win"": 0.10520463527484443, ""weight"": 1.0}]",-2.1406876884860453,,bradley_terry_hfa,1.0,13
2024-10-28,Phoenix Suns,Los Angeles Lakers,109,105,False,False,2024-10-28|Los Angeles Lakers|Phoenix Suns,,,,2024-10-28|Los Angeles Lakers|Phoenix Suns,0.06583036357633075,"[{""p_home_win"": 0.06583036357633075, ""weight"": 1.0}]",-2.6525768608946034,,bradley_terry_hfa,1.0,4
2024-10-29,Brooklyn Nets,Denver Nuggets,139,144,False,False,2024-10-29|Denver Nuggets|Brooklyn Nets,,,,2024-10-29|Denver Nuggets|Brooklyn Nets,0.07105353994136343,"[{""p_home_win"": 0.07105353994136343, ""weight"": 1.0}]",-2.570617428809718,,bradley_terry_hfa,0.0,-5
2024-10-29,Minnesota Timberwolves,Dallas Mavericks,114,120,False,False,2024-10-29|Dallas Mavericks|Minnesota Timberwolves,,,,2024-10-29|Dallas Mavericks|Minnesota Timberwolves,0.9581935605667026,"[{""p_home_win"": 0.9581935605667026, ""weight"": 1.0}]",3.131999422988911,,bradley_terry_hfa,0.0,-6
2024-10-29,Utah Jazz,Sacramento Kings,96,113,False,False,2024-10-29|Sacramento Kings|Utah Jazz,,,,2024-10-29|Sacramento Kings|Utah Jazz,0.0014163027366753801,"[{""p_home_win"": 0.0014163027366753801, ""weight"": 1.0}]",-6.5582882028334195,,bradley_terry_hfa,0.0,-17
2024-10-29,Golden State Warriors,New Orleans Pelicans,124,106,False,False,2024-10-29|New Orleans Pelicans|Golden State Warriors,,,,2024-10-29|New Orleans Pelicans|Golden State Warriors,0.8742330899012608,"[{""p_home_win"": 0.8742330899012608, ""weight"": 1.0}]",1.9389167594648085,,bradley_terry_hfa,1.0,18
2024-10-30,Philadelphia 76ers,Detroit Pistons,95,105,False,False,2024-10-30|Detroit Pistons|Philadelphia 76ers,,,,2024-10-30|Detroit Pistons|Philadelphia 76ers,0.9936105798543987,"[{""p_home_win"": 0.9936105798543987, ""weight"": 1.0}]",5.046701838889555,,bradley_terry_hfa,0.0,-10
2024-10-30,Washington Wizards,Atlanta Hawks,133,120,False,False,2024-10-30|Atlanta Hawks|Washington Wizards,,,,2024-10-30|Atlanta Hawks|Washington Wizards,0.9489575743861884,"[{""p_home_win"": 0.9489575743861884, ""weight"": 1.0}]",2.922706930322332,,bradley_terry_hfa,1.0,13
2024-10-30,Indiana Pacers,Boston Celtics,135,132,False,False,2024-10-30|Boston Celtics|Indiana Pacers,,,,2024-10-30|Boston Celtics|Indiana Pacers,1.097586300945112e-06,"[{""p_home_win"": 1.097586300945112e-06, ""weight"": 1.0}]",-13.722395963383129,,bradley_terry_hfa,1.0,3
2024-10-30,Cleveland Cavaliers,Los Angeles Lakers,134,110,False,False,2024-10-30|Los Angeles Lakers|Cleveland Cavaliers,,,,2024-10-30|Los Angeles Lakers|Cleveland Cavaliers,0.20692203009558174,"[{""p_home_win"": 0.20692203009558174, ""weight"": 1.0}]",-1.3435794834017556,,bradley_terry_hfa,1.0,24
2024-10-30,Charlotte Hornets,Toronto Raptors,138,133,False,False,2024-10-30|Toronto Raptors|Charlotte Hornets,,,,2024-10-30|Toronto Raptors|Charlotte Hornets,0.6626752366833207,"[{""p_home_win"": 0.6626752366833207, ""weight"": 1.0}]",0.675238875416615,,bradley_terry_hfa,1.0,5
2024-10-30,Miami Heat,New York Knicks,107,116,False,False,2024-10-30|New York Knicks|Miami Heat,,,,2024-10-30|New York Knicks|Miami Heat,0.32680435146167763,"[{""p_home_win"": 0.32680435146167763, ""weight"": 1.0}]",-0.7226743201855328,,bradley_terry_hfa,0.0,-9
2024-10-30,Chicago Bulls,Orlando Magic,102,99,False,False,2024-10-30|Orlando Magic|Chicago Bulls,,,,2024-10-30|Orlando Magic|Chicago Bulls,0.7348261937446915,"[{""p_home_win"": 0.7348261937446915, ""weight"": 1.0}]",1.0192485164961922,,bradley_terry_hfa,1.0,3
2024-10-30,Memphis Grizzlies,Brooklyn Nets,106,119,False,False,2024-10-30|Brooklyn Nets|Memphis Grizzlies,,,,2024-10-30|Brooklyn Nets|Memphis Grizzlies,0.7313225126507342,"[{""p_home_win"": 0.7313225126507342, ""weight"": 1.0}]",1.0013428277080472,,bradley_terry_hfa,0.0,-13
2024-10-30,Oklahoma City Thunder,San Antonio Spurs,105,93,False,False,2024-10-30|San Antonio Spurs|Oklahoma City Thunder,,,,2024-10-30|San Antonio Spurs|Oklahoma City Thunder,0.9998123730430684,"[{""p_home_win"": 0.9998123730430684, ""weight"": 1.0}]",8.580867193487904,,bradley_terry_hfa,1.0,12
2024-10-30,Golden State Warriors,New Orleans Pelicans,104,89,False,False,2024-10-30|New Orleans Pelicans|Golden State Warriors,,,,2024-10-30|New Orleans Pelicans|Golden State Warriors,0.9454891848640036,"[{""p_home_win"": 0.9454891848640036, ""weight"": 1.0}]",2.8533033246525323,,bradley_terry_hfa,1.0,15
2024-10-30,Los Angeles Clippers,Portland Trail Blazers,105,106,False,False,2024-10-30|Portland Trail Blazers|Los Angeles Clippers,,,,2024-10-30|Portland Trail Blazers|Los Angeles Clippers,0.9983106204482285,"[{""p_home_win"": 0.9983106204482285, ""weight"": 1.0}]",6.381703138422223,,bradley_terry_hfa,0.0,-1
2024-10-31,Memphis Grizzlies,Milwaukee Bucks,122,99,False,False,2024-10-31|Milwaukee Bucks|Memphis Grizzlies,,,,2024-10-31|Milwaukee Bucks|Memphis Grizzlies,0.6537743735993168,"[{""p_home_win"": 0.6537743735993168, ""weight"": 1.0}]",0.6356716354792276,,bradley_terry_hfa,1.0,23
2024-10-31,Dallas Mavericks,Houston Rockets,102,108,False,False,2024-10-31|Houston Rockets|Dallas Mavericks,,,,2024-10-31|Houston Rockets|Dallas Mavericks,0.9993739401117909,"[{""p_home_win"": 0.9993739401117909, ""weight"": 1.0}]",7.375438267428972,,bradley_terry_hfa,0.0,-6
2024-10-31,Utah Jazz,San Antonio Spurs,88,106,False,False,2024-10-31|San Antonio Spurs|Utah Jazz,,,,2024-10-31|San Antonio Spurs|Utah Jazz,0.02556882080322034,"[{""p_home_win"": 0.02556882080322034, ""weight"": 1.0}]",-3.640480222975536,,bradley_terry_hfa,0.0,-18
2024-10-31,Los Angeles Clippers,Phoenix Suns,119,125,False,False,2024-10-31|Phoenix Suns|Los Angeles Clippers,,,,2024-10-31|Phoenix Suns|Los Angeles Clippers,0.011749630767449165,"[{""p_home_win"": 0.011749630767449165, ""weight"": 1.0}]",-4.432114259749799,,bradley_terry_hfa,0.0,-6
2024-11-01,Charlotte Hornets,Boston Celtics,109,124,False,False,2024-11-01|Boston Celtics|Charlotte Hornets,,,,2024-11-01|Boston Celtics|Charlotte Hornets,0.15104578120671636,"[{""p_home_win"": 0.15104578120671636, ""weight"": 1.0}]",-1.7264222835120502,,bradley_terry_hfa,0.0,-15
2024-11-01,Cleveland Cavaliers,Orlando Magic,120,109,False,False,2024-11-01|Orlando Magic|Cleveland Cavaliers,,,,2024-11-01|Orlando Magic|Cleveland Cavaliers,0.9998996931389827,"[{""p_home_win"": 0.9998996931389827, ""weight"": 1.0}]",9.207176148485713,,bradley_terry_hfa,1.0,11
2024-11-01,Detroit Pistons,New York Knicks,98,128,False,False,2024-11-01|New York Knicks|Detroit Pistons,,,,2024-11-01|New York Knicks|Detroit Pistons,0.025706189649638604,"[{""p_home_win"": 0.025706189649638604, ""weight"": 1.0}]",-3.634981106189753,,bradley_terry_hfa,0.0,-30
2024-11-01,Atlanta Hawks,Sacramento Kings,115,123,False,False,2024-11-01|Sacramento Kings|Atlanta Hawks,,,,2024-11-01|Sacramento Kings|Atlanta Hawks,0.16894260860639126,"[{""p_home_win"": 0.16894260860639126, ""weight"": 1.0}]",-1.593139792316637,,bradley_terry_hfa,0.0,-8
2024-11-01,Brooklyn Nets,Chicago Bulls,120,112,False,False,2024-11-01|Chicago Bulls|Brooklyn Nets,,,,2024-11-01|Chicago Bulls|Brooklyn Nets,0.09828787112354614,"[{""p_home_win"": 0.09828787112354614, ""weight"": 1.0}]",-2.216394688328899,,bradley_terry_hfa,1.0,8
2024-11-01,Toronto Raptors,Los Angeles Lakers,125,131,False,False,2024-11-01|Los Angeles Lakers|Toronto Raptors,,,,2024-11-01|Los Angeles Lakers|Toronto Raptors,0.0002416488589286456,"[{""p_home_win"": 0.0002416488589286456, ""weight"": 1.0}]",-8.327783203623836,,bradley_terry_hfa,0.0,-6
2024-11-01,New Orleans Pelicans,Indiana Pacers,125,118,False,False,2024-11-01|Indiana Pacers|New Orleans Pelicans,,,,2024-11-01|Indiana Pacers|New Orleans Pelicans,0.9501666837999453,"[{""p_home_win"": 0.9501666837999453, ""weight"": 1.0}]",2.947953665484434,,bradley_terry_hfa,1.0,7
2024-11-01,Minnesota Timberwolves,Denver Nuggets,119,116,False,False,2024-11-01|Denver Nuggets|Minnesota Timberwolves,,,,2024-11-01|Denver Nuggets|Minnesota Timberwolves,0.6661557285888077,"[{""p_home_win"": 0.6661557285888077, ""weight"": 1.0}]",0.6908488389301588,,bradley_terry_hfa,1.0,3
2024-11-01,Portland Trail Blazers,Oklahoma City Thunder,114,137,False,False,2024-11-01|Oklahoma City Thunder|Portland Trail Blazers,,,,2024-11-01|Oklahoma City Thunder|Portland Trail Blazers,0.00881037957043701,"[{""p_home_win"": 0.00881037957043701, ""weight"": 1.0}]",-4.722975335473456,,bradley_terry_hfa,0.0,-23
2024-11-02,Charlotte Hornets,Boston Celtics,103,113,False,False,2024-11-02|Boston Celtics|Charlotte Hornets,,,,2024-11-02|Boston Celtics|Charlotte Hornets,0.1073011279229916,"[{""p_home_win"": 0.1073011279229916, ""weight"": 1.0}]",-2.118610153243134,,bradley_terry_hfa,0.0,-10
2024-11-02,Philadelphia 76ers,Memphis Grizzlies,107,124,False,False,2024-11-02|Memphis Grizzlies|Philadelphia 76ers,,,,2024-11-02|Memphis Grizzlies|Philadelphia 76ers,0.04585172557437877,"[{""p_home_win"": 0.04585172557437877, ""weight"": 1.0}]",-3.035406250093174,,bradley_terry_hfa,0.0,-17
2024-11-02,Toronto Raptors,Sacramento Kings,131,128,False,False,2024-11-02|Sacramento Kings|Toronto Raptors,,,,2024-11-02|Sacramento Kings|Toronto Raptors,0.0067927763150561074,"[{""p_home_win"": 0.0067927763150561074, ""weight"": 1.0}]",-4.9850795858247965,,bradley_terry_hfa,1.0,3
2024-11-02,Houston Rockets,Golden State Warriors,121,127,False,False,2024-11-02|Golden State Warriors|Houston Rockets,,,,2024-11-02|Golden State Warriors|Houston Rockets,0.08531483280351207,"[{""p_home_win"": 0.08531483280351207, ""weight"": 1.0}]",-2.3722315972774615,,bradley_terry_hfa,0.0,-6
2024-11-02,Milwaukee Bucks,Cleveland Cavaliers,113,114,False,False,2024-11-02|Cleveland Cavaliers|Milwaukee Bucks,,,,2024-11-02|Cleveland Cavaliers|Milwaukee Bucks,2.5831624327612698e-06,"[{""p_home_win"": 2.5831624327612698e-06, ""weight"": 1.0}]",-12.866493577349855,,bradley_terry_hfa,0.0,-1
2024-11-02,San Antonio Spurs,Minnesota Timberwolves,113,103,False,False,2024-11-02|Minnesota Timberwolves|San Antonio Spurs,,,,2024-11-02|Minnesota Timberwolves|San Antonio Spurs,0.09685176799919579,"[{""p_home_win"": 0.09685176799919579, ""weight"": 1.0}]",-2.2327050502730343,,bradley_terry_hfa,1.0,10
2024-11-02,Washington Wizards,Miami Heat,98,118,False,False,2024-11-02|Miami Heat|Washington Wizards,,,,2024-11-02|Miami Heat|Washington Wizards,0.8925662457598706,"[{""p_home_win"": 0.8925662457598706, ""weight"": 1.0}]",2.1172263178529582,,bradley_terry_hfa,0.0,-20
2024-11-02,Denver Nuggets,Utah Jazz,129,103,False,False,2024-11-02|Utah Jazz|Denver Nuggets,,,,2024-11-02|Utah Jazz|Denver Nuggets,0.9937628100098126,"[{""p_home_win"": 0.9937628100098126, ""weight"": 1.0}]",5.0709687975908295,,bradley_terry_hfa,1.0,26
2024-11-02,Phoenix Suns,Portland Trail Blazers,103,97,False,False,2024-11-02|Portland Trail Blazers|Phoenix Suns,,,,2024-11-02|Portland Trail Blazers|Phoenix Suns,0.9894185287451445,"[{""p_home_win"": 0.9894185287451445, ""weight"": 1.0}]",4.538012949104832,,bradley_terry_hfa,1.0,6
2024-11-02,Los Angeles Clippers,Oklahoma City Thunder,92,105,False,False,2024-11-02|Oklahoma City Thunder|Los Angeles Clippers,,,,2024-11-02|Oklahoma City Thunder|Los Angeles Clippers,0.016882459386194267,"[{""p_home_win"": 0.016882459386194267, ""weight"": 1.0}]",-4.064453509570672,,bradley_terry_hfa,0.0,-13
2024-11-03,Brooklyn Nets,Detroit Pistons,92,106,False,False,2024-11-03|Detroit Pistons|Brooklyn Nets,,,,2024-11-03|Detroit Pistons|Brooklyn Nets,0.8886141561741456,"[{""p_home_win"": 0.8886141561741456, ""weight"": 1.0}]",2.076662877001774,,bradley_terry_hfa,0.0,-14
2024-11-03,New Orleans Pelicans,Atlanta Hawks,111,126,False,False,2024-11-03|Atlanta Hawks|New Orleans Pelicans,,,,2024-11-03|Atlanta Hawks|New Orleans Pelicans,0.8183840711921561,"[{""p_home_win"": 0.8183840711921561, ""weight"": 1.0}]",1.5054375750751574,,bradley_terry_hfa,0.0,-15
2024-11-03,Dallas Mavericks,Orlando Magic,108,85,False,False,2024-11-03|Orlando Magic|Dallas Mavericks,,,,2024-11-03|Orlando Magic|Dallas Mavericks,0.844404438503018,"[{""p_home_win"": 0.844404438503018, ""weight"": 1.0}]",1.691371486105218,,bradley_terry_hfa,1.0,23
2024-11-04,Cleveland Cavaliers,Milwaukee Bucks,116,114,False,False,2024-11-04|Milwaukee Bucks|Cleveland Cavaliers,,,,2024-11-04|Milwaukee Bucks|Cleveland Cavaliers,0.9999911753056079,"[{""p_home_win"": 0.9999911753056079, ""weight"": 1.0}]",11.637947760803929,,bradley_terry_hfa,1.0,2
2024-11-04,Washington Wizards,Golden State Warriors,112,125,False,False,2024-11-04|Golden State Warriors|Washington Wizards,,,,2024-11-04|Golden State Warriors|Washington Wizards,0.1707372893257046,"[{""p_home_win"": 0.1707372893257046, ""weight"": 1.0}]",-1.5804109502049641,,bradley_terry_hfa,0.0,-13
2024-11-04,Detroit Pistons,Los Angeles Lakers,115,103,False,False,2024-11-04|Los Angeles Lakers|Detroit Pistons,,,,2024-11-04|Los Angeles Lakers|Detroit Pistons,0.0006997998270206097,"[{""p_home_win"": 0.0006997998270206097, ""weight"": 1.0}]",-7.264016180413541,,bradley_terry_hfa,1.0,12
2024-11-04,Atlanta Hawks,Boston Celtics,93,123,False,False,2024-11-04|Boston Celtics|Atlanta Hawks,,,,2024-11-04|Boston Celtics|Atlanta Hawks,0.1477169834175034,"[{""p_home_win"": 0.1477169834175034, ""weight"": 1.0}]",-1.7526204819300357,,bradley_terry_hfa,0.0,-30
2024-11-04,Brooklyn Nets,Memphis Grizzlies,106,104,False,False,2024-11-04|Memphis Grizzlies|Brooklyn Nets,,,,2024-11-04|Memphis Grizzlies|Brooklyn Nets,0.4196987866413035,"[{""p_home_win"": 0.4196987866413035, ""weight"": 1.0}]",-0.3240100227895424,,bradley_terry_hfa,1.0,2
2024-11-04,Miami Heat,Sacramento Kings,110,111,False,False,2024-11-04|Sacramento Kings|Miami Heat,,,,2024-11-04|Sacramento Kings|Miami Heat,0.5209148364965966,"[{""p_home_win"": 0.5209148364965966, ""weight"": 1.0}]",0.08370819079551275,,bradley_terry_hfa,0.0,-1
2024-11-04,Chicago Bulls,Utah Jazz,126,135,False,False,2024-11-04|Utah Jazz|Chicago Bulls,,,,2024-11-04|Utah Jazz|Chicago Bulls,0.98762698648843,"[{""p_home_win"": 0.98762698648843, ""weight"": 1.0}]",4.3797873111683385,,bradley_terry_hfa,0.0,-9
2024-11-04,Houston Rockets,New York Knicks,109,97,False,False,2024-11-04|New York Knicks|Houston Rockets,,,,2024-11-04|New York Knicks|Houston Rockets,0.40361578442430235,"[{""p_home_win"": 0.40361578442430235, ""weight"": 1.0}]",-0.39042171957572747,,bradley_terry_hfa,1.0,12
2024-11-04,Minnesota Timberwolves,Charlotte Hornets,114,93,False,False,2024-11-04|Charlotte Hornets|Minnesota Timberwolves,,,,2024-11-04|Charlotte Hornets|Minnesota Timberwolves,0.7136683139345883,"[{""p_home_win"": 0.7136683139345883, ""weight"": 1.0}]",0.9132674277677721,,bradley_terry_hfa,1.0,21
2024-11-04,Oklahoma City Thunder,Orlando Magic,102,86,False,False,2024-11-04|Orlando Magic|Oklahoma City Thunder,,,,2024-11-04|Orlando Magic|Oklahoma City Thunder,0.9987477357022125,"[{""p_home_win"": 0.9987477357022125, ""weight"": 1.0}]",6.681548879077702,,bradley_terry_hfa,1.0,16
2024-11-04,New Orleans Pelicans,Portland Trail Blazers,100,118,False,False,2024-11-04|Portland Trail Blazers|New Orleans Pelicans,,,,2024-11-04|Portland Trail Blazers|New Orleans Pelicans,0.37657569138802516,"[{""p_home_win"": 0.37657569138802516, ""weight"": 1.0}]",-0.5041082935983539,,bradley_terry_hfa,0.0,-18
2024-11-04,Dallas Mavericks,Indiana Pacers,127,134,False,False,2024-11-04|Indiana Pacers|Dallas Mavericks,,,,2024-11-04|Indiana Pacers|Dallas Mavericks,0.9638414392084453,"[{""p_home_win"": 0.9638414392084453, ""weight"": 1.0}]",3.28301306531958,,bradley_terry_hfa,0.0,-7
2024-11-04,Denver Nuggets,Toronto Raptors,121,119,False,False,2024-11-04|Toronto Raptors|Denver Nuggets,,,,2024-11-04|Toronto Raptors|Denver Nuggets,0.6293687095972017,"[{""p_home_win"": 0.6293687095972017, ""weight"": 1.0}]",0.5295095267141972,,bradley_terry_hfa,1.0,2
2024-11-04,Phoenix Suns,Philadelphia 76ers,118,116,False,False,2024-11-04|Philadelphia 76ers|Phoenix Suns,,,,2024-11-04|Philadelphia 76ers|Phoenix Suns,0.9997872354391498,"[{""p_home_win"": 0.9997872354391498, ""weight"": 1.0}]",8.455111564525733,,bradley_terry_hfa,1.0,2
2024-11-04,Los Angeles Clippers,San Antonio Spurs,113,104,False,False,2024-11-04|San Antonio Spurs|Los Angeles Clippers,,,,2024-11-04|San Antonio Spurs|Los Angeles Clippers,0.47504866130129103,"[{""p_home_win"": 0.47504866130129103, ""weight"": 1.0}]",-0.09988832647052279,,bradley_terry_hfa,1.0,9
2024-11-06,Charlotte Hornets,Detroit Pistons,108,107,False,False,2024-11-06|Detroit Pistons|Charlotte Hornets,,,,2024-11-06|Detroit Pistons|Charlotte Hornets,0.41418481758951803,"[{""p_home_win"": 0.41418481758951803, ""weight"": 1.0}]",-0.3466920579454034,,bradley_terry_hfa,1.0,1
2024-11-06,Indiana Pacers,Orlando Magic,118,111,False,False,2024-11-06|Orlando Magic|Indiana Pacers,,,,2024-11-06|Orlando Magic|Indiana Pacers,0.524046668719884,"[{""p_home_win"": 0.524046668719884, ""weight"": 1.0}]",0.09626093690207412,,bradley_terry_hfa,1.0,7
2024-11-06,Atlanta Hawks,New York Knicks,121,116,False,False,2024-11-06|New York Knicks|Atlanta Hawks,,,,2024-11-06|New York Knicks|Atlanta Hawks,0.26375811396062865,"[{""p_home_win"": 0.26375811396062865, ""weight"": 1.0}]",-1.0265262660966246,,bradley_terry_hfa,1.0,5
2024-11-06,Boston Celtics,Golden State Warriors,112,118,False,False,2024-11-06|Golden State Warriors|Boston Celtics,,,,2024-11-06|Golden State Warriors|Boston Celtics,0.35717697691491695,"[{""p_home_win"": 0.35717697691491695, ""weight"": 1.0}]",-0.5876380574940432,,bradley_terry_hfa,0.0,-6
2024-11-06,Houston Rockets,San Antonio Spurs,127,100,False,False,2024-11-06|San Antonio Spurs|Houston Rockets,,,,2024-11-06|San Antonio Spurs|Houston Rockets,0.5397514113643356,"[{""p_home_win"": 0.5397514113643356, ""weight"": 1.0}]",0.15934193064800228,,bradley_terry_hfa,1.0,27
2024-11-06,Memphis Grizzlies,Los Angeles Lakers,131,114,False,False,2024-11-06|Los Angeles Lakers|Memphis Grizzlies,,,,2024-11-06|Los Angeles Lakers|Memphis Grizzlies,0.03273817213357686,"[{""p_home_win"": 0.03273817213357686, ""weight"": 1.0}]",-3.3859274812285856,,bradley_terry_hfa,1.0,17
2024-11-06,New Orleans Pelicans,Cleveland Cavaliers,122,131,False,False,2024-11-06|Cleveland Cavaliers|New Orleans Pelicans,,,,2024-11-06|Cleveland Cavaliers|New Orleans Pelicans,0.0012665148524163678,"[{""p_home_win"": 0.0012665148524163678, ""weight"": 1.0}]",-6.670219043896209,,bradley_terry_hfa,0.0,-9
2024-11-06,Dallas Mavericks,Chicago Bulls,119,99,False,False,2024-11-06|Chicago Bulls|Dallas Mavericks,,,,2024-11-06|Chicago Bulls|Dallas Mavericks,0.8679863723105031,"[{""p_home_win"": 0.8679863723105031, ""weight"": 1.0}]",1.8832708571045682,,bradley_terry_hfa,1.0,20
2024-11-06,Denver Nuggets,Oklahoma City Thunder,124,122,False,False,2024-11-06|Oklahoma City Thunder|Denver Nuggets,,,,2024-11-06|Oklahoma City Thunder|Denver Nuggets,0.0024770799009880768,"[{""p_home_win"": 0.0024770799009880768, ""weight"": 1.0}]",-5.9981947188948235,,bradley_terry_hfa,1.0,2
2024-11-06,Phoenix Suns,Miami Heat,115,112,False,False,2024-11-06|Miami Heat|Phoenix Suns,,,,2024-11-06|Miami Heat|Phoenix Suns,0.9572056419092794,"[{""p_home_win"": 0.9572056419092794, ""weight"": 1.0}]",3.107611976608618,,bradley_terry_hfa,1.0,3
2024-11-06,Los Angeles Clippers,Philadelphia 76ers,110,98,False,False,2024-11-06|Philadelphia 76ers|Los Angeles Clippers,,,,2024-11-06|Philadelphia 76ers|Los Angeles Clippers,0.9875478976542487,"[{""p_home_win"": 0.9875478976542487, ""weight"": 1.0}]",4.373335527785162,,bradley_terry_hfa,1.0,12
2024-11-06,Sacramento Kings,Toronto Raptors,122,107,False,False,2024-11-06|Toronto Raptors|Sacramento Kings,,,,2024-11-06|Toronto Raptors|Sacramento Kings,0.7950775100070316,"[{""p_home_win"": 0.7950775100070316, ""weight"": 1.0}]",1.3558077967197988,,bradley_terry_hfa,1.0,15
2024-11-07,Chicago Bulls,Minnesota Timberwolves,119,135,False,False,2024-11-07|Minnesota Timberwolves|Chicago Bulls,,,,2024-11-07|Minnesota Timberwolves|Chicago Bulls,0.1769204973967184,"[{""p_home_win"": 0.1769204973967184, ""weight"": 1.0}]",-1.5373523325697125,,bradley_terry_hfa,0.0,-16
2024-11-07,Milwaukee Bucks,Utah Jazz,123,100,False,False,2024-11-07|Utah Jazz|Milwaukee Bucks,,,,2024-11-07|Utah Jazz|Milwaukee Bucks,0.34925351906673957,"[{""p_home_win"": 0.34925351906673957, ""weight"": 1.0}]",-0.6223220619966062,,bradley_terry_hfa,1.0,23
2024-11-07,San Antonio Spurs,Portland Trail Blazers,118,105,False,False,2024-11-07|Portland Trail Blazers|San Antonio Spurs,,,,2024-11-07|Portland Trail Blazers|San Antonio Spurs,0.47480149298326196,"[{""p_home_win"": 0.47480149298326196, ""weight"": 1.0}]",-0.10087949255268652,,bradley_terry_hfa,1.0,13
2024-11-08,Charlotte Hornets,Indiana Pacers,103,83,False,False,2024-11-08|Indiana Pacers|Charlotte Hornets,,,,2024-11-08|Indiana Pacers|Charlotte Hornets,0.5085501748219046,"[{""p_home_win"": 0.5085501748219046, ""weight"": 1.0}]",0.034204033551128,,bradley_terry_hfa,1.0,20
2024-11-08,Detroit Pistons,Atlanta Hawks,122,121,False,False,2024-11-08|Atlanta Hawks|Detroit Pistons,,,,2024-11-08|Atlanta Hawks|Detroit Pistons,0.3679947234117065,"[{""p_home_win"": 0.3679947234117065, ""weight"": 1.0}]",-0.5408291436331267,,bradley_terry_hfa,1.0,1
2024-11-08,Orlando Magic,New Orleans Pelicans,115,88,False,False,2024-11-08|New Orleans Pelicans|Orlando Magic,,,,2024-11-08|New Orleans Pelicans|Orlando Magic,0.4675760116932572,"[{""p_home_win"": 0.4675760116932572, ""weight"": 1.0}]",-0.12987821506133196,,bradley_terry_hfa,1.0,27
2024-11-08,Boston Celtics,Brooklyn Nets,108,104,False,False,2024-11-08|Brooklyn Nets|Boston Celtics,,,,2024-11-08|Brooklyn Nets|Boston Celtics,0.9090862567540099,"[{""p_home_win"": 0.9090862567540099, ""weight"": 1.0}]",2.3025288010139024,,bradley_terry_hfa,1.0,4
2024-11-08,Cleveland Cavaliers,Golden State Warriors,136,117,False,False,2024-11-08|Golden State Warriors|Cleveland Cavaliers,,,,2024-11-08|Golden State Warriors|Cleveland Cavaliers,0.9736149123774478,"[{""p_home_win"": 0.9736149123774478, ""weight"": 1.0}]",3.6082168705203155,,bradley_terry_hfa,1.0,19
2024-11-08,Dallas Mavericks,Phoenix Suns,113,114,False,False,2024-11-08|Phoenix Suns|Dallas Mavericks,,,,2024-11-08|Phoenix Suns|Dallas Mavericks,0.14536536140095926,"[{""p_home_win"": 0.14536536140095926, ""weight"": 1.0}]",-1.7714237473185037,,bradley_terry_hfa,0.0,-1
2024-11-08,New York Knicks,Milwaukee Bucks,116,94,False,False,2024-11-08|Milwaukee Bucks|New York Knicks,,,,2024-11-08|Milwaukee Bucks|New York Knicks,0.9185960704129178,"[{""p_home_win"": 0.9185960704129178, ""weight"": 1.0}]",2.4234229472136692,,bradley_terry_hfa,1.0,22
2024-11-08,Memphis Grizzlies,Washington Wizards,128,104,False,False,2024-11-08|Washington Wizards|Memphis Grizzlies,,,,2024-11-08|Washington Wizards|Memphis Grizzlies,0.357175558683531,"[{""p_home_win"": 0.357175558683531, ""weight"": 1.0}]",-0.5876442344228427,,bradley_terry_hfa,1.0,24
2024-11-08,Oklahoma City Thunder,Houston Rockets,126,107,False,False,2024-11-08|Houston Rockets|Oklahoma City Thunder,,,,2024-11-08|Houston Rockets|Oklahoma City Thunder,0.8406974344818652,"[{""p_home_win"": 0.8406974344818652, ""weight"": 1.0}]",1.6634265047575694,,bradley_terry_hfa,1.0,19
2024-11-08,Denver Nuggets,Miami Heat,135,122,False,False,2024-11-08|Miami Heat|Denver Nuggets,,,,2024-11-08|Miami Heat|Denver Nuggets,0.8088547878783444,"[{""p_home_win"": 0.8088547878783444, ""weight"": 1.0}]",1.4425859930492928,,bradley_terry_hfa,1.0,13
2024-11-08,Minnesota Timberwolves,Portland Trail Blazers,127,102,False,False,2024-11-08|Portland Trail Blazers|Minnesota Timberwolves,,,,2024-11-08|Portland Trail Blazers|Minnesota Timberwolves,0.6948974143828365,"[{""p_home_win"": 0.6948974143828365, ""weight"": 1.0}]",0.8231161631240582,,bradley_terry_hfa,1.0,25
2024-11-08,Los Angeles Lakers,Philadelphia 76ers,116,106,False,False,2024-11-08|Philadelphia 76ers|Los Angeles Lakers,,,,2024-11-08|Philadelphia 76ers|Los Angeles Lakers,0.97122963302444,"[{""p_home_win"": 0.97122963302444, ""weight"": 1.0}]",3.5192169986269577,,bradley_terry_hfa,1.0,10
2024-11-08,Sacramento Kings,Los Angeles Clippers,98,107,False,False,2024-11-08|Los Angeles Clippers|Sacramento Kings,,,,2024-11-08|Los Angeles Clippers|Sacramento Kings,0.29804834623267246,"[{""p_home_win"": 0.29804834623267246, ""weight"": 1.0}]",-0.8566088233501736,,bradley_terry_hfa,0.0,-9
2024-11-09,San Antonio Spurs,Utah Jazz,110,111,False,False,2024-11-09|Utah Jazz|San Antonio Spurs,,,,2024-11-09|Utah Jazz|San Antonio Spurs,0.9322946606320287,"[{""p_home_win"": 0.9322946606320287, ""weight"": 1.0}]",2.622483879321265,,bradley_terry_hfa,0.0,-1
2024-11-09,Atlanta Hawks,Chicago Bulls,113,125,False,False,2024-11-09|Chicago Bulls|Atlanta Hawks,,,,2024-11-09|Chicago Bulls|Atlanta Hawks,0.5949080162414955,"[{""p_home_win"": 0.5949080162414955, ""weight"": 1.0}]",0.384292637332575,,bradley_terry_hfa,0.0,-12
2024-11-09,Cleveland Cavaliers,Brooklyn Nets,105,100,False,False,2024-11-09|Brooklyn Nets|Cleveland Cavaliers,,,,2024-11-09|Brooklyn Nets|Cleveland Cavaliers,0.9993409435302765,"[{""p_home_win"": 0.9993409435302765, ""weight"": 1.0}]",7.324042063369413,,bradley_terry_hfa,1.0,5
2024-11-09,Los Angeles Clippers,Toronto Raptors,105,103,False,False,2024-11-09|Toronto Raptors|Los Angeles Clippers,,,,2024-11-09|Toronto Raptors|Los Angeles Clippers,0.9297493171007156,"[{""p_home_win"": 0.9297493171007156, ""weight"": 1.0}]",2.582844969154298,,bradley_terry_hfa,1.0,2
2024-11-10,Detroit Pistons,Houston Rockets,99,101,False,False,2024-11-10|Houston Rockets|Detroit Pistons,,,,2024-11-10|Houston Rockets|Detroit Pistons,0.113893891609783,"[{""p_home_win"": 0.113893891609783, ""weight"": 1.0}]",-2.0515694649957004,,bradley_terry_hfa,0.0,-2
2024-11-10,Milwaukee Bucks,Boston Celtics,107,113,False,False,2024-11-10|Boston Celtics|Milwaukee Bucks,,,,2024-11-10|Boston Celtics|Milwaukee Bucks,0.018017799837204924,"[{""p_home_win"": 0.018017799837204924, ""weight"": 1.0}]",-3.998213032961746,,bradley_terry_hfa,0.0,-6
2024-11-10,Indiana Pacers,New York Knicks,132,121,False,False,2024-11-10|New York Knicks|Indiana Pacers,,,,2024-11-10|New York Knicks|Indiana Pacers,0.21367093328439213,"[{""p_home_win"": 0.21367093328439213, ""weight"": 1.0}]",-1.3029382281362174,,bradley_terry_hfa,1.0,11
2024-11-10,Orlando Magic,Washington Wizards,121,94,False,False,2024-11-10|Washington Wizards|Orlando Magic,,,,2024-11-10|Washington Wizards|Orlando Magic,0.49290152033879114,"[{""p_home_win"": 0.49290152033879114, ""weight"": 1.0}]",-0.02839582650824768,,bradley_terry_hfa,1.0,27
2024-11-10,Minnesota Timberwolves,Miami Heat,94,95,False,False,2024-11-10|Miami Heat|Minnesota Timberwolves,,,,2024-11-10|Miami Heat|Minnesota Timberwolves,0.7110953215545877,"[{""p_home_win"": 0.7110953215545877, ""weight"": 1.0}]",0.9007096863642117,,bradley_terry_hfa,0.0,-1
2024-11-10,Oklahoma City Thunder,Golden State Warriors,116,127,False,False,2024-11-10|Golden State Warriors|Oklahoma City Thunder,,,,2024-11-10|Golden State Warriors|Oklahoma City Thunder,0.47758199852674693,"[{""p_home_win"": 0.47758199852674693, ""weight"": 1.0}]",-0.08973216670282658,,bradley_terry_hfa,0.0,-11
2024-11-10,Philadelphia 76ers,Charlotte Hornets,107,105,False,False,2024-11-10|Charlotte Hornets|Philadelphia 76ers,,,,2024-11-10|Charlotte Hornets|Philadelphia 76ers,0.048426160027523646,"[{""p_home_win"": 0.048426160027523646, ""weight"": 1.0}]",-2.978077123336324,,bradley_terry_hfa,1.0,2
2024-11-10,Denver Nuggets,Dallas Mavericks,122,120,False,False,2024-11-10|Dallas Mavericks|Denver Nuggets,,,,2024-11-10|Dallas Mavericks|Denver Nuggets,0.5606054594735222,"[{""p_home_win"": 0.5606054594735222, ""weight"": 1.0}]",0.2436196422728949,,bradley_terry_hfa,1.0,2
2024-11-10,Phoenix Suns,Sacramento Kings,118,127,False,False,2024-11-10|Sacramento Kings|Phoenix Suns,,,,2024-11-10|Sacramento Kings|Phoenix Suns,0.935875008805826,"[{""p_home_win"": 0.935875008805826, ""weight"": 1.0}]",2.6806477637919386,,bradley_terry_hfa,0.0,-9
2024-11-10,Portland Trail Blazers,Memphis Grizzlies,89,134,False,False,2024-11-10|Memphis Grizzlies|Portland Trail Blazers,,,,2024-11-10|Memphis Grizzlies|Portland Trail Blazers,0.31245609329299845,"[{""p_home_win"": 0.31245609329299845, ""weight"": 1.0}]",-0.7886617339597859,,bradley_terry_hfa,0.0,-45
2024-11-10,Los Angeles Lakers,Toronto Raptors,123,103,False,False,2024-11-10|Toronto Raptors|Los Angeles Lakers,,,,2024-11-10|Toronto Raptors|Los Angeles Lakers,0.8677831910217093,"[{""p_home_win"": 0.8677831910217093, ""weight"": 1.0}]",1.8814988361002938,,bradley_terry_hfa,1.0,20
2024-11-11,Chicago Bulls,Cleveland Cavaliers,113,119,False,False,2024-11-11|Cleveland Cavaliers|Chicago Bulls,,,,2024-11-11|Cleveland Cavaliers|Chicago Bulls,3.1817202357743426e-05,"[{""p_home_win"": 3.1817202357743426e-05, ""weight"": 1.0}]",-10.355471642086806,,bradley_terry_hfa,0.0,-6
2024-11-11,Houston Rockets,Washington Wizards,107,92,False,False,2024-11-11|Washington Wizards|Houston Rockets,,,,2024-11-11|Washington Wizards|Houston Rockets,0.7820334669821716,"[{""p_home_win"": 0.7820334669821716, ""weight"": 1.0}]",1.2775560035448423,,bradley_terry_hfa,1.0,15
2024-11-11,New Orleans Pelicans,Brooklyn Nets,105,107,False,False,2024-11-11|Brooklyn Nets|New Orleans Pelicans,,,,2024-11-11|Brooklyn Nets|New Orleans Pelicans,0.12983193587847286,"[{""p_home_win"": 0.12983193587847286, ""weight"": 1.0}]",-1.9024455570108103,,bradley_terry_hfa,0.0,-2
2024-11-11,Oklahoma City Thunder,Los Angeles Clippers,134,128,False,False,2024-11-11|Los Angeles Clippers|Oklahoma City Thunder,,,,2024-11-11|Los Angeles Clippers|Oklahoma City Thunder,0.564490151477467,"[{""p_home_win"": 0.564490151477467, ""weight"": 1.0}]",0.2594055266597455,,bradley_terry_hfa,1.0,6
2024-11-11,San Antonio Spurs,Sacramento Kings,116,96,False,False,2024-11-11|Sacramento Kings|San Antonio Spurs,,,,2024-11-11|Sacramento Kings|San Antonio Spurs,0.11254994100811004,"[{""p_home_win"": 0.11254994100811004, ""weight"": 1.0}]",-2.064955204994634,,bradley_terry_hfa,1.0,20
2024-11-12,Boston Celtics,Atlanta Hawks,116,117,False,False,2024-11-12|Atlanta Hawks|Boston Celtics,,,,2024-11-12|Atlanta Hawks|Boston Celtics,0.9047841512295132,"[{""p_home_win"": 0.9047841512295132, ""weight"": 1.0}]",2.2515500017010432,,bradley_terry_hfa,0.0,-1
2024-11-12,Detroit Pistons,Miami Heat,123,121,False,False,2024-11-12|Miami Heat|Detroit Pistons,,,,2024-11-12|Miami Heat|Detroit Pistons,0.14069275277760498,"[{""p_home_win"": 0.14069275277760498, ""weight"": 1.0}]",-1.8095480836900166,,bradley_terry_hfa,1.0,2
2024-11-12,Orlando Magic,Charlotte Hornets,114,89,False,False,2024-11-12|Charlotte Hornets|Orlando Magic,,,,2024-11-12|Charlotte Hornets|Orlando Magic,0.3995108077172239,"[{""p_home_win"": 0.3995108077172239, ""weight"": 1.0}]",-0.40750382554440745,,bradley_terry_hfa,1.0,25
2024-11-12,Philadelphia 76ers,New York Knicks,99,111,False,False,2024-11-12|New York Knicks|Philadelphia 76ers,,,,2024-11-12|New York Knicks|Philadelphia 76ers,0.031403286251499005,"[{""p_home_win"": 0.031403286251499005, ""weight"": 1.0}]",-3.428935792049402,,bradley_terry_hfa,0.0,-12
2024-11-12,Milwaukee Bucks,Toronto Raptors,99,85,False,False,2024-11-12|Toronto Raptors|Milwaukee Bucks,,,,2024-11-12|Toronto Raptors|Milwaukee Bucks,0.18354247663423623,"[{""p_home_win"": 0.18354247663423623, ""weight"": 1.0}]",-1.4925287672324357,,bradley_terry_hfa,1.0,14
2024-11-12,Utah Jazz,Phoenix Suns,112,120,False,False,2024-11-12|Phoenix Suns|Utah Jazz,,,,2024-11-12|Phoenix Suns|Utah Jazz,0.004144192175693692,"[{""p_home_win"": 0.004144192175693692, ""weight"": 1.0}]",-5.481894597518112,,bradley_terry_hfa,0.0,-8
2024-11-12,Golden State Warriors,Dallas Mavericks,120,117,False,False,2024-11-12|Dallas Mavericks|Golden State Warriors,,,,2024-11-12|Dallas Mavericks|Golden State Warriors,0.9214696483930656,"[{""p_home_win"": 0.9214696483930656, ""weight"": 1.0}]",2.4624846446573554,,bradley_terry_hfa,1.0,3
2024-11-12,Portland Trail Blazers,Minnesota Timberwolves,122,108,False,False,2024-11-12|Minnesota Timberwolves|Portland Trail Blazers,,,,2024-11-12|Minnesota Timberwolves|Portland Trail Blazers,0.05435987725089621,"[{""p_home_win"": 0.05435987725089621, ""weight"": 1.0}]",-2.8562357455442164,,bradley_terry_hfa,1.0,14
2024-11-13,Orlando Magic,Indiana Pacers,94,90,False,False,2024-11-13|Indiana Pacers|Orlando Magic,,,,2024-11-13|Indiana Pacers|Orlando Magic,0.2726324771227736,"[{""p_home_win"": 0.2726324771227736, ""weight"": 1.0}]",-0.9813072327783199,,bradley_terry_hfa,1.0,4
2024-11-13,Brooklyn Nets,Boston Celtics,114,139,False,False,2024-11-13|Boston Celtics|Brooklyn Nets,,,,2024-11-13|Boston Celtics|Brooklyn Nets,0.04522541802407911,"[{""p_home_win"": 0.04522541802407911, ""weight"": 1.0}]",-3.0498159983565776,,bradley_terry_hfa,0.0,-25
2024-11-13,New York Knicks,Chicago Bulls,123,124,False,False,2024-11-13|Chicago Bulls|New York Knicks,,,,2024-11-13|Chicago Bulls|New York Knicks,0.44863599598417336,"[{""p_home_win"": 0.44863599598417336, ""weight"": 1.0}]",-0.20618335580413816,,bradley_terry_hfa,0.0,-1
2024-11-13,Oklahoma City Thunder,New Orleans Pelicans,106,88,False,False,2024-11-13|New Orleans Pelicans|Oklahoma City Thunder,,,,2024-11-13|New Orleans Pelicans|Oklahoma City Thunder,0.9809523768846691,"[{""p_home_win"": 0.9809523768846691, ""weight"": 1.0}]",3.9415815899681443,,bradley_terry_hfa,1.0,18
2024-11-13,Philadelphia 76ers,Cleveland Cavaliers,106,114,False,False,2024-11-13|Cleveland Cavaliers|Philadelphia 76ers,,,,2024-11-13|Cleveland Cavaliers|Philadelphia 76ers,2.1162634589452614e-06,"[{""p_home_win"": 2.1162634589452614e-06, ""weight"": 1.0}]",-13.065856427444844,,bradley_terry_hfa,0.0,-8
2024-11-13,Houston Rockets,Los Angeles Clippers,111,103,False,False,2024-11-13|Los Angeles Clippers|Houston Rockets,,,,2024-11-13|Los Angeles Clippers|Houston Rockets,0.2049818358452024,"[{""p_home_win"": 0.2049818358452024, ""weight"": 1.0}]",-1.3554435928072384,,bradley_terry_hfa,1.0,8
2024-11-13,Milwaukee Bucks,Detroit Pistons,127,120,False,False,2024-11-13|Detroit Pistons|Milwaukee Bucks,,,,2024-11-13|Detroit Pistons|Milwaukee Bucks,0.08268907859295267,"[{""p_home_win"": 0.08268907859295267, ""weight"": 1.0}]",-2.4063589457168018,,bradley_terry_hfa,1.0,7
2024-11-13,San Antonio Spurs,Washington Wizards,139,130,False,False,2024-11-13|Washington Wizards|San Antonio Spurs,,,,2024-11-13|Washington Wizards|San Antonio Spurs,0.5467690834843224,"[{""p_home_win"": 0.5467690834843224, ""weight"": 1.0}]",0.18762481735226144,,bradley_terry_hfa,1.0,9
2024-11-13,Los Angeles Lakers,Memphis Grizzlies,128,123,False,False,2024-11-13|Memphis Grizzlies|Los Angeles Lakers,,,,2024-11-13|Memphis Grizzlies|Los Angeles Lakers,0.36690237038841544,"[{""p_home_win"": 0.36690237038841544, ""weight"": 1.0}]",-0.545528851520352,,bradley_terry_hfa,1.0,5
2024-11-13,Portland Trail Blazers,Minnesota Timberwolves,106,98,False,False,2024-11-13|Minnesota Timberwolves|Portland Trail Blazers,,,,2024-11-13|Minnesota Timberwolves|Portland Trail Blazers,0.10406501224967767,"[{""p_home_win"": 0.10406501224967767, ""weight"": 1.0}]",-2.152852030406076,,bradley_terry_hfa,1.0,8
2024-11-13,Sacramento Kings,Phoenix Suns,127,104,False,False,2024-11-13|Phoenix Suns|Sacramento Kings,,,,2024-11-13|Phoenix Suns|Sacramento Kings,0.017775122548271873,"[{""p_home_win"": 0.017775122548271873, ""weight"": 1.0}]",-4.012020411496691,,bradley_terry_hfa,1.0,23
2024-11-14,Utah Jazz,Dallas Mavericks,115,113,False,False,2024-11-14|Dallas Mavericks|Utah Jazz,,,,2024-11-14|Dallas Mavericks|Utah Jazz,0.026720915152662835,"[{""p_home_win"": 0.026720915152662835, ""weight"": 1.0}]",-3.5952242724877506,,bradley_terry_hfa,1.0,2
2024-11-15,Indiana Pacers,Miami Heat,111,124,False,False,2024-11-15|Miami Heat|Indiana Pacers,,,,2024-11-15|Miami Heat|Indiana Pacers,0.22080324077847704,"[{""p_home_win"": 0.22080324077847704, ""weight"": 1.0}]",-1.2609916014757387,,bradley_terry_hfa,0.0,-13
2024-11-15,Orlando Magic,Philadelphia 76ers,98,86,False,False,2024-11-15|Philadelphia 76ers|Orlando Magic,,,,2024-11-15|Philadelphia 76ers|Orlando Magic,0.8965181148546116,"[{""p_home_win"": 0.8965181148546116, ""weight"": 1.0}]",2.1591219243996465,,bradley_terry_hfa,1.0,12
2024-11-15,Toronto Raptors,Detroit Pistons,95,99,False,False,2024-11-15|Detroit Pistons|Toronto Raptors,,,,2024-11-15|Detroit Pistons|Toronto Raptors,0.06669007429523514,"[{""p_home_win"": 0.06669007429523514, ""weight"": 1.0}]",-2.6386811968964414,,bradley_terry_hfa,0.0,-4
2024-11-15,Atlanta Hawks,Washington Wizards,129,117,False,False,2024-11-15|Washington Wizards|Atlanta Hawks,,,,2024-11-15|Washington Wizards|Atlanta Hawks,0.33537409723447253,"[{""p_home_win"": 0.33537409723447253, ""weight"": 1.0}]",-0.6839777131987752,,bradley_terry_hfa,1.0,12
2024-11-15,Cleveland Cavaliers,Chicago Bulls,144,126,False,False,2024-11-15|Chicago Bulls|Cleveland Cavaliers,,,,2024-11-15|Chicago Bulls|Cleveland Cavaliers,0.9997894152091323,"[{""p_home_win"": 0.9997894152091323, ""weight"": 1.0}]",8.46541157200798,,bradley_terry_hfa,1.0,18
2024-11-15,New York Knicks,Brooklyn Nets,124,122,False,False,2024-11-15|Brooklyn Nets|New York Knicks,,,,2024-11-15|Brooklyn Nets|New York Knicks,0.21911515172578294,"[{""p_home_win"": 0.21911515172578294, ""weight"": 1.0}]",-1.2708302989833875,,bradley_terry_hfa,1.0,2
2024-11-15,San Antonio Spurs,Los Angeles Lakers,115,120,False,False,2024-11-15|Los Angeles Lakers|San Antonio Spurs,,,,2024-11-15|Los Angeles Lakers|San Antonio Spurs,0.07933556785273915,"[{""p_home_win"": 0.07933556785273915, ""weight"": 1.0}]",-2.451409067413783,,bradley_terry_hfa,0.0,-5
2024-11-15,Houston Rockets,Los Angeles Clippers,125,104,False,False,2024-11-15|Los Angeles Clippers|Houston Rockets,,,,2024-11-15|Los Angeles Clippers|Houston Rockets,0.32269937827242406,"[{""p_home_win"": 0.32269937827242406, ""weight"": 1.0}]",-0.7413940517570644,,bradley_terry_hfa,1.0,21
2024-11-15,New Orleans Pelicans,Denver Nuggets,101,94,False,False,2024-11-15|Denver Nuggets|New Orleans Pelicans,,,,2024-11-15|Denver Nuggets|New Orleans Pelicans,0.00762828249252118,"[{""p_home_win"": 0.00762828249252118, ""weight"": 1.0}]",-4.868235031644632,,bradley_terry_hfa,1.0,7
2024-11-15,Oklahoma City Thunder,Phoenix Suns,99,83,False,False,2024-11-15|Phoenix Suns|Oklahoma City Thunder,,,,2024-11-15|Phoenix Suns|Oklahoma City Thunder,0.5183638649834055,"[{""p_home_win"": 0.5183638649834055, ""weight"": 1.0}]",0.07348851535489453,,bradley_terry_hfa,1.0,16
2024-11-15,Golden State Warriors,Memphis Grizzlies,123,118,False,False,2024-11-15|Memphis Grizzlies|Golden State Warriors,,,,2024-11-15|Memphis Grizzlies|Golden State Warriors,0.9610301227220752,"[{""p_home_win"": 0.9610301227220752, ""weight"": 1.0}]",3.2052167834599423,,bradley_terry_hfa,1.0,5
2024-11-15,Sacramento Kings,Minnesota Timberwolves,126,130,False,False,2024-11-15|Minnesota Timberwolves|Sacramento Kings,,,,2024-11-15|Minnesota Timberwolves|Sacramento Kings,0.40558043275653766,"[{""p_home_win"": 0.40558043275653766, ""weight"": 1.0}]",-0.38226620377858844,,bradley_terry_hfa,0.0,-4
2024-11-16,Charlotte Hornets,Milwaukee Bucks,115,114,False,False,2024-11-16|Milwaukee Bucks|Charlotte Hornets,,,,2024-11-16|Milwaukee Bucks|Charlotte Hornets,0.15209060644577896,"[{""p_home_win"": 0.15209060644577896, ""weight"": 1.0}]",-1.7182973445693155,,bradley_terry_hfa,1.0,1
2024-11-16,Boston Celtics,Toronto Raptors,126,123,False,False,2024-11-16|Toronto Raptors|Boston Celtics,,,,2024-11-16|Toronto Raptors|Boston Celtics,0.9776849501509771,"[{""p_home_win"": 0.9776849501509771, ""weight"": 1.0}]",3.7799261493193255,,bradley_terry_hfa,1.0,3
2024-11-16,New Orleans Pelicans,Los Angeles Lakers,99,104,False,False,2024-11-16|Los Angeles Lakers|New Orleans Pelicans,,,,2024-11-16|Los Angeles Lakers|New Orleans Pelicans,0.009645408142745945,"[{""p_home_win"": 0.009645408142745945, ""weight"": 1.0}]",-4.631581090619873,,bradley_terry_hfa,0.0,-5
2024-11-16,Dallas Mavericks,San Antonio Spurs,110,93,False,False,2024-11-16|San Antonio Spurs|Dallas Mavericks,,,,2024-11-16|San Antonio Spurs|Dallas Mavericks,0.1317326338381239,"[{""p_home_win"": 0.1317326338381239, ""weight"": 1.0}]",-1.8857253255041055,,bradley_terry_hfa,1.0,17
2024-11-16,Sacramento Kings,Utah Jazz,121,117,False,False,2024-11-16|Utah Jazz|Sacramento Kings,,,,2024-11-16|Utah Jazz|Sacramento Kings,0.6281891724627812,"[{""p_home_win"": 0.6281891724627812, ""weight"": 1.0}]",0.5244561543407045,,bradley_terry_hfa,1.0,4
2024-11-17,Minnesota Timberwolves,Phoenix Suns,120,117,False,False,2024-11-17|Phoenix Suns|Minnesota Timberwolves,,,,2024-11-17|Phoenix Suns|Minnesota Timberwolves,0.021849486854433643,"[{""p_home_win"": 0.021849486854433643, ""weight"": 1.0}]",-3.8014861207725614,,bradley_terry_hfa,1.0,3
2024-11-17,Indiana Pacers,Miami Heat,119,110,False,False,2024-11-17|Miami Heat|Indiana Pacers,,,,2024-11-17|Miami Heat|Indiana Pacers,0.09218579005303791,"[{""p_home_win"": 0.09218579005303791, ""weight"": 1.0}]",-2.287233745284118,,bradley_terry_hfa,1.0,9
2024-11-17,Cleveland Cavaliers,Charlotte Hornets,128,114,False,False,2024-11-17|Charlotte Hornets|Cleveland Cavaliers,,,,2024-11-17|Charlotte Hornets|Cleveland Cavaliers,0.9999520108655611,"[{""p_home_win"": 0.9999520108655611, ""weight"": 1.0}]",9.944487948251666,,bradley_terry_hfa,1.0,14
2024-11-17,Memphis Grizzlies,Denver Nuggets,105,90,False,False,2024-11-17|Denver Nuggets|Memphis Grizzlies,,,,2024-11-17|Denver Nuggets|Memphis Grizzlies,0.09767521983715367,"[{""p_home_win"": 0.09767521983715367, ""weight"": 1.0}]",-2.2233266303146317,,bradley_terry_hfa,1.0,15
2024-11-17,Portland Trail Blazers,Atlanta Hawks,114,110,False,False,2024-11-17|Atlanta Hawks|Portland Trail Blazers,,,,2024-11-17|Atlanta Hawks|Portland Trail Blazers,0.24689900750724098,"[{""p_home_win"": 0.24689900750724098, ""weight"": 1.0}]",-1.1152199624566033,,bradley_terry_hfa,1.0,4
2024-11-17,Washington Wizards,Detroit Pistons,104,124,False,False,2024-11-17|Detroit Pistons|Washington Wizards,,,,2024-11-17|Detroit Pistons|Washington Wizards,0.055549980506776946,"[{""p_home_win"": 0.055549980506776946, ""weight"": 1.0}]",-2.833319602945119,,bradley_terry_hfa,0.0,-20
2024-11-17,Chicago Bulls,Houston Rockets,107,143,False,False,2024-11-17|Houston Rockets|Chicago Bulls,,,,2024-11-17|Houston Rockets|Chicago Bulls,0.0158634182923263,"[{""p_home_win"": 0.0158634182923263, ""weight"": 1.0}]",-4.127748967834428,,bradley_terry_hfa,0.0,-36
2024-11-17,New York Knicks,Brooklyn Nets,114,104,False,False,2024-11-17|Brooklyn Nets|New York Knicks,,,,2024-11-17|Brooklyn Nets|New York Knicks,0.3356660404933109,"[{""p_home_win"": 0.3356660404933109, ""weight"": 1.0}]",-0.6826682355163529,,bradley_terry_hfa,1.0,10
2024-11-17,Oklahoma City Thunder,Dallas Mavericks,119,121,False,False,2024-11-17|Dallas Mavericks|Oklahoma City Thunder,,,,2024-11-17|Dallas Mavericks|Oklahoma City Thunder,0.9399093249522021,"[{""p_home_win"": 0.9399093249522021, ""weight"": 1.0}]",2.74992873556596,,bradley_terry_hfa,0.0,-2
2024-11-17,Los Angeles Clippers,Utah Jazz,116,105,False,False,2024-11-17|Utah Jazz|Los Angeles Clippers,,,,2024-11-17|Utah Jazz|Los Angeles Clippers,0.7855532772194446,"[{""p_home_win"": 0.7855532772194446, ""weight"": 1.0}]",1.2983269523922143,,bradley_terry_hfa,1.0,11
2024-11-18,Detroit Pistons,Chicago Bulls,112,122,False,False,2024-11-18|Chicago Bulls|Detroit Pistons,,,,2024-11-18|Chicago Bulls|Detroit Pistons,0.14388416387663694,"[{""p_home_win"": 0.14388416387663694, ""weight"": 1.0}]",-1.783397131225235,,bradley_terry_hfa,0.0,-10
2024-11-18,Miami Heat,Philadelphia 76ers,106,89,False,False,2024-11-18|Philadelphia 76ers|Miami Heat,,,,2024-11-18|Philadelphia 76ers|Miami Heat,0.780291807297703,"[{""p_home_win"": 0.780291807297703, ""weight"": 1.0}]",1.267367692539609,,bradley_terry_hfa,1.0,17
2024-11-18,New York Knicks,Washington Wizards,134,106,False,False,2024-11-18|Washington Wizards|New York Knicks,,,,2024-11-18|Washington Wizards|New York Knicks,0.8705901412238359,"[{""p_home_win"": 0.8705901412238359, ""weight"": 1.0}]",1.9061867373941839,,bradley_terry_hfa,1.0,28
2024-11-18,Toronto Raptors,Indiana Pacers,130,119,False,False,2024-11-18|Indiana Pacers|Toronto Raptors,,,,2024-11-18|Indiana Pacers|Toronto Raptors,0.011316248283580028,"[{""p_home_win"": 0.011316248283580028, ""weight"": 1.0}]",-4.4701349206503584,,bradley_terry_hfa,1.0,11
2024-11-18,Milwaukee Bucks,Houston Rockets,101,100,False,False,2024-11-18|Houston Rockets|Milwaukee Bucks,,,,2024-11-18|Houston Rockets|Milwaukee Bucks,0.001728345131751215,"[{""p_home_win"": 0.001728345131751215, ""weight"": 1.0}]",-6.358861059077375,,bradley_terry_hfa,1.0,1
2024-11-18,Phoenix Suns,Orlando Magic,99,109,False,False,2024-11-18|Orlando Magic|Phoenix Suns,,,,2024-11-18|Orlando Magic|Phoenix Suns,0.5241060172371548,"[{""p_home_win"": 0.5241060172371548, ""weight"": 1.0}]",0.09649888269186024,,bradley_terry_hfa,0.0,-10
2024-11-18,Sacramento Kings,Atlanta Hawks,108,109,False,False,2024-11-18|Atlanta Hawks|Sacramento Kings,,,,2024-11-18|Atlanta Hawks|Sacramento Kings,0.5453513837036521,"[{""p_home_win"": 0.5453513837036521, ""weight"": 1.0}]",0.1819054789286243,,bradley_terry_hfa,0.0,-1
2024-11-18,Los Angeles Clippers,Golden State Warriors,102,99,False,False,2024-11-18|Golden State Warriors|Los Angeles Clippers,,,,2024-11-18|Golden State Warriors|Los Angeles Clippers,0.0012676634192357451,"[{""p_home_win"": 0.0012676634192357451, ""weight"": 1.0}]",-6.669311432862047,,bradley_terry_hfa,1.0,3
2024-11-19,Boston Celtics,Cleveland Cavaliers,120,117,False,False,2024-11-19|Cleveland Cavaliers|Boston Celtics,,,,2024-11-19|Cleveland Cavaliers|Boston Celtics,8.342531262854014e-05,"[{""p_home_win"": 8.342531262854014e-05, ""weight"": 1.0}]",-9.391475357120825,,bradley_terry_hfa,1.0,3
2024-11-19,Brooklyn Nets,Charlotte Hornets,116,115,False,False,2024-11-19|Charlotte Hornets|Brooklyn Nets,,,,2024-11-19|Charlotte Hornets|Brooklyn Nets,0.1738210496244792,"[{""p_home_win"": 0.1738210496244792, ""weight"": 1.0}]",-1.5587850774376748,,bradley_terry_hfa,1.0,1
2024-11-19,Memphis Grizzlies,Denver Nuggets,110,122,False,False,2024-11-19|Denver Nuggets|Memphis Grizzlies,,,,2024-11-19|Denver Nuggets|Memphis Grizzlies,0.1509161731628376,"[{""p_home_win"": 0.1509161731628376, ""weight"": 1.0}]",-1.7274333793575327,,bradley_terry_hfa,0.0,-12
2024-11-19,Dallas Mavericks,New Orleans Pelicans,132,91,False,False,2024-11-19|New Orleans Pelicans|Dallas Mavericks,,,,2024-11-19|New Orleans Pelicans|Dallas Mavericks,0.569381636856912,"[{""p_home_win"": 0.569381636856912, ""weight"": 1.0}]",0.2793286948364577,,bradley_terry_hfa,1.0,41
2024-11-19,San Antonio Spurs,Oklahoma City Thunder,110,104,False,False,2024-11-19|Oklahoma City Thunder|San Antonio Spurs,,,,2024-11-19|Oklahoma City Thunder|San Antonio Spurs,0.001814668566860272,"[{""p_home_win"": 0.001814668566860272, ""weight"": 1.0}]",-6.310036118658146,,bradley_terry_hfa,1.0,6
2024-11-19,Los Angeles Lakers,Utah Jazz,124,118,False,False,2024-11-19|Utah Jazz|Los Angeles Lakers,,,,2024-11-19|Utah Jazz|Los Angeles Lakers,0.9579818616537246,"[{""p_home_win"": 0.9579818616537246, ""weight"": 1.0}]",3.126727453792146,,bradley_terry_hfa,1.0,6
2024-11-20,Cleveland Cavaliers,New Orleans Pelicans,128,100,False,False,2024-11-20|New Orleans Pelicans|Cleveland Cavaliers,,,,2024-11-20|New Orleans Pelicans|Cleveland Cavaliers,0.9979131398929546,"[{""p_home_win"": 0.9979131398929546, ""weight"": 1.0}]",6.170005643144298,,bradley_terry_hfa,1.0,28
2024-11-20,Milwaukee Bucks,Chicago Bulls,122,106,False,False,2024-11-20|Chicago Bulls|Milwaukee Bucks,,,,2024-11-20|Chicago Bulls|Milwaukee Bucks,0.050437076627975426,"[{""p_home_win"": 0.050437076627975426, ""weight"": 1.0}]",-2.9352752460620932,,bradley_terry_hfa,1.0,16
2024-11-20,Houston Rockets,Indiana Pacers,130,113,False,False,2024-11-20|Indiana Pacers|Houston Rockets,,,,2024-11-20|Indiana Pacers|Houston Rockets,0.839954123446829,"[{""p_home_win"": 0.839954123446829, ""weight"": 1.0}]",1.6578867728092606,,bradley_terry_hfa,1.0,17
2024-11-20,Memphis Grizzlies,Philadelphia 76ers,117,111,False,False,2024-11-20|Philadelphia 76ers|Memphis Grizzlies,,,,2024-11-20|Philadelphia 76ers|Memphis Grizzlies,0.9516530824096788,"[{""p_home_win"": 0.9516530824096788, ""weight"": 1.0}]",2.979798091287501,,bradley_terry_hfa,1.0,6
2024-11-20,Oklahoma City Thunder,Portland Trail Blazers,109,99,False,False,2024-11-20|Portland Trail Blazers|Oklahoma City Thunder,,,,2024-11-20|Portland Trail Blazers|Oklahoma City Thunder,0.8925632140662975,"[{""p_home_win"": 0.8925632140662975, ""weight"": 1.0}]",2.1171947024514486,,bradley_terry_hfa,1.0,10
2024-11-20,Golden State Warriors,Atlanta Hawks,120,97,False,False,2024-11-20|Atlanta Hawks|Golden State Warriors,,,,2024-11-20|Atlanta Hawks|Golden State Warriors,0.9667750549916508,"[{""p_home_win"": 0.9667750549916508, ""weight"": 1.0}]",3.3706648974050113,,bradley_terry_hfa,1.0,23
2024-11-20,Phoenix Suns,New York Knicks,122,138,False,False,2024-11-20|New York Knicks|Phoenix Suns,,,,2024-11-20|New York Knicks|Phoenix Suns,0.2802389899124746,"[{""p_home_win"": 0.2802389899124746, ""weight"": 1.0}]",-0.9432764519582642,,bradley_terry_hfa,0.0,-16
2024-11-20,Los Angeles Clippers,Orlando Magic,104,93,False,False,2024-11-20|Orlando Magic|Los Angeles Clippers,,,,2024-11-20|Orlando Magic|Los Angeles Clippers,0.14043281167309177,"[{""p_home_win"": 0.14043281167309177, ""weight"": 1.0}]",-1.8116998275145981,,bradley_terry_hfa,1.0,11
2024-11-21,Charlotte Hornets,Detroit Pistons,123,121,False,False,2024-11-21|Detroit Pistons|Charlotte Hornets,,,,2024-11-21|Detroit Pistons|Charlotte Hornets,0.07930577094264489,"[{""p_home_win"": 0.07930577094264489, ""weight"": 1.0}]",-2.4518170827349643,,bradley_terry_hfa,1.0,2
2024-11-21,Toronto Raptors,Minnesota Timberwolves,110,105,False,False,2024-11-21|Minnesota Timberwolves|Toronto Raptors,,,,2024-11-21|Minnesota Timberwolves|Toronto Raptors,0.002503126765830641,"[{""p_home_win"": 0.002503126765830641, ""weight"": 1.0}]",-5.987708357431988,,bradley_terry_hfa,1.0,5
2024-11-21,San Antonio Spurs,Utah Jazz,126,118,False,False,2024-11-21|Utah Jazz|San Antonio Spurs,,,,2024-11-21|Utah Jazz|San Antonio Spurs,0.6622808131512069,"[{""p_home_win"": 0.6622808131512069, ""weight"": 1.0}]",0.6734749130134299,,bradley_terry_hfa,1.0,8
2024-11-21,Los Angeles Lakers,Orlando Magic,118,119,False,False,2024-11-21|Orlando Magic|Los Angeles Lakers,,,,2024-11-21|Orlando Magic|Los Angeles Lakers,0.508284828821336,"[{""p_home_win"": 0.508284828821336, ""weight"": 1.0}]",0.03314234862398169,,bradley_terry_hfa,0.0,-1
2024-11-22,Philadelphia 76ers,Brooklyn Nets,113,98,False,False,2024-11-22|Brooklyn Nets|Philadelphia 76ers,,,,2024-11-22|Brooklyn Nets|Philadelphia 76ers,0.00225988916620723,"[{""p_home_win"": 0.00225988916620723, ""weight"": 1.0}]",-6.090177061832321,,bradley_terry_hfa,1.0,15
2024-11-22,Washington Wizards,Boston Celtics,96,108,False,False,2024-11-22|Boston Celtics|Washington Wizards,,,,2024-11-22|Boston Celtics|Washington Wizards,0.00010276493289081495,"[{""p_home_win"": 0.00010276493289081495, ""weight"": 1.0}]",-9.182963612663368,,bradley_terry_hfa,0.0,-12
2024-11-22,New Orleans Pelicans,Golden State Warriors,108,112,False,False,2024-11-22|Golden State Warriors|New Orleans Pelicans,,,,2024-11-22|Golden State Warriors|New Orleans Pelicans,0.00010569005427986499,"[{""p_home_win"": 0.00010569005427986499, ""weight"": 1.0}]",-9.154894067727117,,bradley_terry_hfa,0.0,-4
2024-11-22,Chicago Bulls,Atlanta Hawks,136,122,False,False,2024-11-22|Atlanta Hawks|Chicago Bulls,,,,2024-11-22|Atlanta Hawks|Chicago Bulls,0.12879902622931375,"[{""p_home_win"": 0.12879902622931375, ""weight"": 1.0}]",-1.9116194360428147,,bradley_terry_hfa,1.0,14
2024-11-22,Houston Rockets,Portland Trail Blazers,116,88,False,False,2024-11-22|Portland Trail Blazers|Houston Rockets,,,,2024-11-22|Portland Trail Blazers|Houston Rockets,0.8342280566161248,"[{""p_home_win"": 0.8342280566161248, ""weight"": 1.0}]",1.6158938054152747,,bradley_terry_hfa,1.0,28
2024-11-22,Milwaukee Bucks,Indiana Pacers,129,117,False,False,2024-11-22|Indiana Pacers|Milwaukee Bucks,,,,2024-11-22|Indiana Pacers|Milwaukee Bucks,0.15217715070512391,"[{""p_home_win"": 0.15217715070512391, ""weight"": 1.0}]",-1.7176264024507282,,bradley_terry_hfa,1.0,12
2024-11-22,Denver Nuggets,Dallas Mavericks,120,123,False,False,2024-11-22|Dallas Mavericks|Denver Nuggets,,,,2024-11-22|Dallas Mavericks|Denver Nuggets,0.20044699300187047,"[{""p_home_win"": 0.20044699300187047, ""weight"": 1.0}]",-1.3835029925233928,,bradley_terry_hfa,0.0,-3
2024-11-22,Los Angeles Clippers,Sacramento Kings,104,88,False,False,2024-11-22|Sacramento Kings|Los Angeles Clippers,,,,2024-11-22|Sacramento Kings|Los Angeles Clippers,0.43322397200707413,"[{""p_home_win"": 0.43322397200707413, ""weight"": 1.0}]",-0.26870936269275836,,bradley_terry_hfa,1.0,16
2024-11-23,Utah Jazz,New York Knicks,121,106,False,False,2024-11-23|New York Knicks|Utah Jazz,,,,2024-11-23|New York Knicks|Utah Jazz,0.0017868507288615768,"[{""p_home_win"": 0.0017868507288615768, ""weight"": 1.0}]",-6.325512128937625,,bradley_terry_hfa,1.0,15
2024-11-23,Orlando Magic,Detroit Pistons,111,100,False,False,2024-11-23|Detroit Pistons|Orlando Magic,,,,2024-11-23|Detroit Pistons|Orlando Magic,0.6652700386180959,"[{""p_home_win"": 0.6652700386180959, ""weight"": 1.0}]",0.6868689100040406,,bradley_terry_hfa,1.0,11
2024-11-23,Chicago Bulls,Memphis Grizzlies,131,142,False,False,2024-11-23|Memphis Grizzlies|Chicago Bulls,,,,2024-11-23|Memphis Grizzlies|Chicago Bulls,0.044593535701813326,"[{""p_home_win"": 0.044593535701813326, ""weight"": 1.0}]",-3.064547957897583,,bradley_terry_hfa,0.0,-11
2024-11-23,Houston Rockets,Portland Trail Blazers,98,104,False,False,2024-11-23|Portland Trail Blazers|Houston Rockets,,,,2024-11-23|Portland Trail Blazers|Houston Rockets,0.8778146102087497,"[{""p_home_win"": 0.8778146102087497, ""weight"": 1.0}]",1.9718959414559496,,bradley_terry_hfa,0.0,-6
2024-11-23,Milwaukee Bucks,Charlotte Hornets,125,119,False,False,2024-11-23|Charlotte Hornets|Milwaukee Bucks,,,,2024-11-23|Charlotte Hornets|Milwaukee Bucks,0.22270619882139758,"[{""p_home_win"": 0.22270619882139758, ""weight"": 1.0}]",-1.249964992665038,,bradley_terry_hfa,1.0,6
2024-11-23,San Antonio Spurs,Golden State Warriors,104,94,False,False,2024-11-23|Golden State Warriors|San Antonio Spurs,,,,2024-11-23|Golden State Warriors|San Antonio Spurs,0.0008688999403483631,"[{""p_home_win"": 0.0008688999403483631, ""weight"": 1.0}]",-7.047413305118304,,bradley_terry_hfa,1.0,10
2024-11-23,Los Angeles Lakers,Denver Nuggets,102,127,False,False,2024-11-23|Denver Nuggets|Los Angeles Lakers,,,,2024-11-23|Denver Nuggets|Los Angeles Lakers,0.3423554165701854,"[{""p_home_win"": 0.3423554165701854, ""weight"": 1.0}]",-0.6528152114557058,,bradley_terry_hfa,0.0,-25
2024-11-24,Boston Celtics,Minnesota Timberwolves,107,105,False,False,2024-11-24|Minnesota Timberwolves|Boston Celtics,,,,2024-11-24|Minnesota Timberwolves|Boston Celtics,0.7915200637840045,"[{""p_home_win"": 0.7915200637840045, ""weight"": 1.0}]",1.3341124206349395,,bradley_terry_hfa,1.0,2
2024-11-24,Indiana Pacers,Washington Wizards,115,103,False,False,2024-11-24|Washington Wizards|Indiana Pacers,,,,2024-11-24|Washington Wizards|Indiana Pacers,0.5734475531241989,"[{""p_home_win"": 0.5734475531241989, ""weight"": 1.0}]",0.29593115209110543,,bradley_terry_hfa,1.0,12
2024-11-24,Miami Heat,Dallas Mavericks,123,118,False,False,2024-11-24|Dallas Mavericks|Miami Heat,,,,2024-11-24|Dallas Mavericks|Miami Heat,0.006677882669034852,"[{""p_home_win"": 0.006677882669034852, ""weight"": 1.0}]",-5.002254027899082,,bradley_terry_hfa,1.0,5
2024-11-24,Philadelphia 76ers,Los Angeles Clippers,99,125,False,False,2024-11-24|Los Angeles Clippers|Philadelphia 76ers,,,,2024-11-24|Los Angeles Clippers|Philadelphia 76ers,0.00019831026367804892,"[{""p_home_win"": 0.00019831026367804892, ""weight"": 1.0}]",-8.52547943551208,,bradley_terry_hfa,0.0,-26
2024-11-24,Cleveland Cavaliers,Toronto Raptors,122,108,False,False,2024-11-24|Toronto Raptors|Cleveland Cavaliers,,,,2024-11-24|Toronto Raptors|Cleveland Cavaliers,0.9995467999035912,"[{""p_home_win"": 0.9995467999035912, ""weight"": 1.0}]",7.698723513258939,,bradley_terry_hfa,1.0,14
2024-11-24,Sacramento Kings,Brooklyn Nets,103,108,False,False,2024-11-24|Brooklyn Nets|Sacramento Kings,,,,2024-11-24|Brooklyn Nets|Sacramento Kings,0.201423242352059,"[{""p_home_win"": 0.201423242352059, ""weight"": 1.0}]",-1.3774227127750396,,bradley_terry_hfa,0.0,-5
2024-11-25,Charlotte Hornets,Orlando Magic,84,95,False,False,2024-11-25|Orlando Magic|Charlotte Hornets,,,,2024-11-25|Orlando Magic|Charlotte Hornets,0.0050365536693466224,"[{""p_home_win"": 0.0050365536693466224, ""weight"": 1.0}]",-5.285983946703868,,bradley_terry_hfa,0.0,-11
2024-11-25,Detroit Pistons,Toronto Raptors,102,100,False,False,2024-11-25|Toronto Raptors|Detroit Pistons,,,,2024-11-25|Toronto Raptors|Detroit Pistons,0.30716639734410484,"[{""p_home_win"": 0.30716639734410484, ""weight"": 1.0}]",-0.8134002471056432,,bradley_terry_hfa,1.0,2
2024-11-25,Indiana Pacers,New Orleans Pelicans,114,110,False,False,2024-11-25|New Orleans Pelicans|Indiana Pacers,,,,2024-11-25|New Orleans Pelicans|Indiana Pacers,0.2570396929005273,"[{""p_home_win"": 0.2570396929005273, ""weight"": 1.0}]",-1.0614121007603106,,bradley_terry_hfa,1.0,4
2024-11-25,Atlanta Hawks,Dallas Mavericks,119,129,False,False,2024-11-25|Dallas Mavericks|Atlanta Hawks,,,,2024-11-25|Dallas Mavericks|Atlanta Hawks,0.007054037699228563,"[{""p_home_win"": 0.007054037699228563, ""weight"": 1.0}]",-4.947076067759173,,bradley_terry_hfa,0.0,-10
2024-11-25,Boston Celtics,Los Angeles Clippers,126,94,False,False,2024-11-25|Los Angeles Clippers|Boston Celtics,,,,2024-11-25|Los Angeles Clippers|Boston Celtics,0.44609944642425475,"[{""p_home_win"": 0.44609944642425475, ""weight"": 1.0}]",-0.21644326324269514,,bradley_terry_hfa,1.0,32
2024-11-25,Memphis Grizzlies,Portland Trail Blazers,123,98,False,False,2024-11-25|Portland Trail Blazers|Memphis Grizzlies,,,,2024-11-25|Portland Trail Blazers|Memphis Grizzlies,0.3435692767079446,"[{""p_home_win"": 0.3435692767079446, ""weight"": 1.0}]",-0.6474283936223468,,bradley_terry_hfa,1.0,25
2024-11-25,Denver Nuggets,New York Knicks,118,145,False,False,2024-11-25|New York Knicks|Denver Nuggets,,,,2024-11-25|New York Knicks|Denver Nuggets,0.14842278136241577,"[{""p_home_win"": 0.14842278136241577, ""weight"": 1.0}]",-1.747025349238794,,bradley_terry_hfa,0.0,-27
2024-11-25,Golden State Warriors,Brooklyn Nets,120,128,False,False,2024-11-25|Brooklyn Nets|Golden State Warriors,,,,2024-11-25|Brooklyn Nets|Golden State Warriors,0.9529204021802682,"[{""p_home_win"": 0.9529204021802682, ""weight"": 1.0}]",3.0076916368764266,,bradley_terry_hfa,0.0,-8
2024-11-25,Sacramento Kings,Oklahoma City Thunder,109,130,False,False,2024-11-25|Oklahoma City Thunder|Sacramento Kings,,,,2024-11-25|Oklahoma City Thunder|Sacramento Kings,0.000582632006204827,"[{""p_home_win"": 0.000582632006204827, ""weight"": 1.0}]",-7.447371976302562,,bradley_terry_hfa,0.0,-21
2024-11-26,Washington Wizards,Chicago Bulls,108,127,False,False,2024-11-26|Chicago Bulls|Washington Wizards,,,,2024-11-26|Chicago Bulls|Washington Wizards,0.001646881499323772,"[{""p_home_win"": 0.001646881499323772, ""weight"": 1.0}]",-6.407223540684474,,bradley_terry_hfa,0.0,-19
2024-11-26,Miami Heat,Milwaukee Bucks,103,106,False,False,2024-11-26|Milwaukee Bucks|Miami Heat,,,,2024-11-26|Milwaukee Bucks|Miami Heat,0.03871576217340261,"[{""p_home_win"": 0.03871576217340261, ""weight"": 1.0}]",-3.2120233297930745,,bradley_terry_hfa,0.0,-3
2024-11-26,Minnesota Timberwolves,Houston Rockets,111,117,False,False,2024-11-26|Houston Rockets|Minnesota Timberwolves,,,,2024-11-26|Houston Rockets|Minnesota Timberwolves,0.0041880651731919195,"[{""p_home_win"": 0.0041880651731919195, ""weight"": 1.0}]",-5.471319564524366,,bradley_terry_hfa,0.0,-6
2024-11-26,Utah Jazz,San Antonio Spurs,115,128,False,False,2024-11-26|San Antonio Spurs|Utah Jazz,,,,2024-11-26|San Antonio Spurs|Utah Jazz,0.0033517534692812344,"[{""p_home_win"": 0.0033517534692812344, ""weight"": 1.0}]",-5.694914263239449,,bradley_terry_hfa,0.0,-13
2024-11-26,Phoenix Suns,Los Angeles Lakers,127,100,False,False,2024-11-26|Los Angeles Lakers|Phoenix Suns,,,,2024-11-26|Los Angeles Lakers|Phoenix Suns,0.0718271822171113,"[{""p_home_win"": 0.0718271822171113, ""weight"": 1.0}]",-2.5589549546864676,,bradley_terry_hfa,1.0,27
2024-11-27,Charlotte Hornets,Miami Heat,94,98,False,False,2024-11-27|Miami Heat|Charlotte Hornets,,,,2024-11-27|Miami Heat|Charlotte Hornets,0.04875972944528697,"[{""p_home_win"": 0.04875972944528697, ""weight"": 1.0}]",-2.9708619251646073,,bradley_terry_hfa,0.0,-4
2024-11-27,Cleveland Cavaliers,Atlanta Hawks,124,135,False,False,2024-11-27|Atlanta Hawks|Cleveland Cavaliers,,,,2024-11-27|Atlanta Hawks|Cleveland Cavaliers,0.9992475831264966,"[{""p_home_win"": 0.9992475831264966, ""weight"": 1.0}]",7.191467334467078,,bradley_terry_hfa,0.0,-11
2024-11-27,Indiana Pacers,Portland Trail Blazers,121,114,False,False,2024-11-27|Portland Trail Blazers|Indiana Pacers,,,,2024-11-27|Portland Trail Blazers|Indiana Pacers,0.05869411278449805,"[{""p_home_win"": 0.05869411278449805, ""weight"": 1.0}]",-2.7749287243542806,,bradley_terry_hfa,1.0,7
2024-11-27,Orlando Magic,Chicago Bulls,133,119,False,False,2024-11-27|Chicago Bulls|Orlando Magic,,,,2024-11-27|Chicago Bulls|Orlando Magic,0.5200755931919716,"[{""p_home_win"": 0.5200755931919716, ""weight"": 1.0}]",0.08034556684994376,,bradley_terry_hfa,1.0,14
2024-11-27,Philadelphia 76ers,Houston Rockets,115,122,False,False,2024-11-27|Houston Rockets|Philadelphia 76ers,,,,2024-11-27|Houston Rockets|Philadelphia 76ers,3.7684468026904735e-05,"[{""p_home_win"": 3.7684468026904735e-05, ""weight"": 1.0}]",-10.186224851899123,,bradley_terry_hfa,0.0,-7
2024-11-27,Washington Wizards,Los Angeles Clippers,96,121,False,False,2024-11-27|Los Angeles Clippers|Washington Wizards,,,,2024-11-27|Los Angeles Clippers|Washington Wizards,5.092849064952908e-05,"[{""p_home_win"": 5.092849064952908e-05, ""weight"": 1.0}]",-9.8850371235032,,bradley_terry_hfa,0.0,-25
2024-11-27,Dallas Mavericks,New York Knicks,129,114,False,False,2024-11-27|New York Knicks|Dallas Mavericks,,,,2024-11-27|New York Knicks|Dallas Mavericks,0.04135315330179951,"[{""p_home_win"": 0.04135315330179951, ""weight"": 1.0}]",-3.1433740780717265,,bradley_terry_hfa,1.0,15
2024-11-27,Memphis Grizzlies,Detroit Pistons,131,111,False,False,2024-11-27|Detroit Pistons|Memphis Grizzlies,,,,2024-11-27|Detroit Pistons|Memphis Grizzlies,0.6569432949210566,"[{""p_home_win"": 0.6569432949210566, ""weight"": 1.0}]",0.6497019512275903,,bradley_terry_hfa,1.0,20
2024-11-27,Minnesota Timberwolves,Sacramento Kings,104,115,False,False,2024-11-27|Sacramento Kings|Minnesota Timberwolves,,,,2024-11-27|Sacramento Kings|Minnesota Timberwolves,0.12421980943988098,"[{""p_home_win"": 0.12421980943988098, ""weight"": 1.0}]",-1.953062482355029,,bradley_terry_hfa,0.0,-11
2024-11-27,New Orleans Pelicans,Toronto Raptors,93,119,False,False,2024-11-27|Toronto Raptors|New Orleans Pelicans,,,,2024-11-27|Toronto Raptors|New Orleans Pelicans,0.13772328034254716,"[{""p_home_win"": 0.13772328034254716, ""weight"": 1.0}]",-1.8343297825188452,,bradley_terry_hfa,0.0,-26
2024-11-27,San Antonio Spurs,Los Angeles Lakers,101,119,False,False,2024-11-27|Los Angeles Lakers|San Antonio Spurs,,,,2024-11-27|Los Angeles Lakers|San Antonio Spurs,0.06088912794823669,"[{""p_home_win"": 0.06088912794823669, ""weight"": 1.0}]",-2.735878911079262,,bradley_terry_hfa,0.0,-18
2024-11-27,Phoenix Suns,Brooklyn Nets,117,127,False,False,2024-11-27|Brooklyn Nets|Phoenix Suns,,,,2024-11-27|Brooklyn Nets|Phoenix Suns,0.2180446411451172,"[{""p_home_win"": 0.2180446411451172, ""weight"": 1.0}]",-1.2770978353321296,,bradley_terry_hfa,0.0,-10
2024-11-27,Utah Jazz,Denver Nuggets,103,122,False,False,2024-11-27|Denver Nuggets|Utah Jazz,,,,2024-11-27|Denver Nuggets|Utah Jazz,0.0017359395446325037,"[{""p_home_win"": 0.0017359395446325037, ""weight"": 1.0}]",-6.354469039837113,,bradley_terry_hfa,0.0,-19
2024-11-27,Golden State Warriors,Oklahoma City Thunder,101,105,False,False,2024-11-27|Oklahoma City Thunder|Golden State Warriors,,,,2024-11-27|Oklahoma City Thunder|Golden State Warriors,0.03172116022006127,"[{""p_home_win"": 0.03172116022006127, ""weight"": 1.0}]",-3.4185361303971127,,bradley_terry_hfa,0.0,-4
2024-11-29,Charlotte Hornets,New York Knicks,98,99,False,False,2024-11-29|New York Knicks|Charlotte Hornets,,,,2024-11-29|New York Knicks|Charlotte Hornets,0.0007726135515926924,"[{""p_home_win"": 0.0007726135515926924, ""weight"": 1.0}]",-7.164958655470427,,bradley_terry_hfa,0.0,-1
2024-11-29,Atlanta Hawks,Cleveland Cavaliers,117,101,False,False,2024-11-29|Cleveland Cavaliers|Atlanta Hawks,,,,2024-11-29|Cleveland Cavaliers|Atlanta Hawks,3.245275770914512e-05,"[{""p_home_win"": 3.245275770914512e-05, ""weight"": 1.0}]",-10.335692681808073,,bradley_terry_hfa,1.0,16
2024-11-29,Memphis Grizzlies,New Orleans Pelicans,120,109,False,False,2024-11-29|New Orleans Pelicans|Memphis Grizzlies,,,,2024-11-29|New Orleans Pelicans|Memphis Grizzlies,0.9589804487772419,"[{""p_home_win"": 0.9589804487772419, ""weight"": 1.0}]",3.151821875447215,,bradley_terry_hfa,1.0,11
2024-11-29,Brooklyn Nets,Orlando Magic,100,123,False,False,2024-11-29|Orlando Magic|Brooklyn Nets,,,,2024-11-29|Orlando Magic|Brooklyn Nets,0.008006366364204548,"[{""p_home_win"": 0.008006366364204548, ""weight"": 1.0}]",-4.819479668830393,,bradley_terry_hfa,0.0,-23
2024-11-29,Minnesota Timberwolves,Los Angeles Clippers,93,92,False,False,2024-11-29|Los Angeles Clippers|Minnesota Timberwolves,,,,2024-11-29|Los Angeles Clippers|Minnesota Timberwolves,0.001719415169458613,"[{""p_home_win"": 0.001719415169458613, ""weight"": 1.0}]",-6.364050168672211,,bradley_terry_hfa,1.0,1
2024-11-29,Chicago Bulls,Boston Celtics,129,138,False,False,2024-11-29|Boston Celtics|Chicago Bulls,,,,2024-11-29|Boston Celtics|Chicago Bulls,0.00018006874492249445,"[{""p_home_win"": 0.00018006874492249445, ""weight"": 1.0}]",-8.62199177879018,,bradley_terry_hfa,0.0,-9
2024-11-29,Indiana Pacers,Detroit Pistons,106,130,False,False,2024-11-29|Detroit Pistons|Indiana Pacers,,,,2024-11-29|Detroit Pistons|Indiana Pacers,0.11178718341207192,"[{""p_home_win"": 0.11178718341207192, ""weight"": 1.0}]",-2.072614456981393,,bradley_terry_hfa,0.0,-24
2024-11-29,Miami Heat,Toronto Raptors,121,111,False,False,2024-11-29|Toronto Raptors|Miami Heat,,,,2024-11-29|Toronto Raptors|Miami Heat,0.49539024342455973,"[{""p_home_win"": 0.49539024342455973, ""weight"": 1.0}]",-0.018439548763937275,,bradley_terry_hfa,1.0,10
2024-11-29,Los Angeles Lakers,Oklahoma City Thunder,93,101,False,False,2024-11-29|Oklahoma City Thunder|Los Angeles Lakers,,,,2024-11-29|Oklahoma City Thunder|Los Angeles Lakers,0.0009711525129926573,"[{""p_home_win"": 0.0009711525129926573, ""weight"": 1.0}]",-6.936055409656102,,bradley_terry_hfa,0.0,-8
2024-11-29,Portland Trail Blazers,Sacramento Kings,115,106,False,False,2024-11-29|Sacramento Kings|Portland Trail Blazers,,,,2024-11-29|Sacramento Kings|Portland Trail Blazers,0.0288777722420572,"[{""p_home_win"": 0.0288777722420572, ""weight"": 1.0}]",-3.5153801659794564,,bradley_terry_hfa,1.0,9
2024-11-30,Charlotte Hornets,Atlanta Hawks,104,107,False,False,2024-11-30|Atlanta Hawks|Charlotte Hornets,,,,2024-11-30|Atlanta Hawks|Charlotte Hornets,0.0034144618094931805,"[{""p_home_win"": 0.0034144618094931805, ""weight"": 1.0}]",-5.67631509004028,,bradley_terry_hfa,0.0,-3
2024-11-30,Detroit Pistons,Philadelphia 76ers,96,111,False,False,2024-11-30|Philadelphia 76ers|Detroit Pistons,,,,2024-11-30|Philadelphia 76ers|Detroit Pistons,0.5812550663256828,"[{""p_home_win"": 0.5812550663256828, ""weight"": 1.0}]",0.3279276887449303,,bradley_terry_hfa,0.0,-15
2024-11-30,Milwaukee Bucks,Washington Wizards,124,114,False,False,2024-11-30|Washington Wizards|Milwaukee Bucks,,,,2024-11-30|Washington Wizards|Milwaukee Bucks,0.9206964124887591,"[{""p_home_win"": 0.9206964124887591, ""weight"": 1.0}]",2.451846986426464,,bradley_terry_hfa,1.0,10
2024-11-30,Phoenix Suns,Golden State Warriors,113,105,False,False,2024-11-30|Golden State Warriors|Phoenix Suns,,,,2024-11-30|Golden State Warriors|Phoenix Suns,0.0057019069062279335,"[{""p_home_win"": 0.0057019069062279335, ""weight"": 1.0}]",-5.161236390301196,,bradley_terry_hfa,1.0,8
2024-11-30,Utah Jazz,Dallas Mavericks,94,106,False,False,2024-11-30|Dallas Mavericks|Utah Jazz,,,,2024-11-30|Dallas Mavericks|Utah Jazz,0.00012245099934487142,"[{""p_home_win"": 0.00012245099934487142, ""weight"": 1.0}]",-9.00767715485388,,bradley_terry_hfa,0.0,-12
2024-12-01,Brooklyn Nets,Orlando Magic,92,100,False,False,2024-12-01|Orlando Magic|Brooklyn Nets,,,,2024-12-01|Orlando Magic|Brooklyn Nets,0.002765831852466358,"[{""p_home_win"": 0.002765831852466358, ""weight"": 1.0}]",-5.887644174620033,,bradley_terry_hfa,0.0,-8
2024-12-01,Memphis Grizzlies,Indiana Pacers,136,121,False,False,2024-12-01|Indiana Pacers|Memphis Grizzlies,,,,2024-12-01|Indiana Pacers|Memphis Grizzlies,0.4542892025704185,"[{""p_home_win"": 0.4542892025704185, ""weight"": 1.0}]",-0.18335515507657396,,bradley_terry_hfa,1.0,15
2024-12-01,Cleveland Cavaliers,Boston Celtics,115,111,False,False,2024-12-01|Boston Celtics|Cleveland Cavaliers,,,,2024-12-01|Boston Celtics|Cleveland Cavaliers,0.033978923740064504,"[{""p_home_win"": 0.033978923740064504, ""weight"": 1.0}]",-3.3474452096421583,,bradley_terry_hfa,1.0,4
2024-12-01,New York Knicks,New Orleans Pelicans,118,85,False,False,2024-12-01|New Orleans Pelicans|New York Knicks,,,,2024-12-01|New Orleans Pelicans|New York Knicks,0.9623236684804621,"[{""p_home_win"": 0.9623236684804621, ""weight"": 1.0}]",3.2403187616545592,,bradley_terry_hfa,1.0,33
2024-12-01,Toronto Raptors,Miami Heat,119,116,False,False,2024-12-01|Miami Heat|Toronto Raptors,,,,2024-12-01|Miami Heat|Toronto Raptors,0.0006914499229475908,"[{""p_home_win"": 0.0006914499229475908, ""weight"": 1.0}]",-7.276028138404897,,bradley_terry_hfa,1.0,3
2024-12-01,Houston Rockets,Oklahoma City Thunder,119,116,False,False,2024-12-01|Oklahoma City Thunder|Houston Rockets,,,,2024-12-01|Oklahoma City Thunder|Houston Rockets,0.0037617382636469334,"[{""p_home_win"": 0.0037617382636469334, ""weight"": 1.0}]",-5.579105292853608,,bradley_terry_hfa,1.0,3
2024-12-01,Utah Jazz,Los Angeles Lakers,104,105,False,False,2024-12-01|Los Angeles Lakers|Utah Jazz,,,,2024-12-01|Los Angeles Lakers|Utah Jazz,0.00022059241310501144,"[{""p_home_win"": 0.00022059241310501144, ""weight"": 1.0}]",-8.418973227078807,,bradley_terry_hfa,0.0,-1
2024-12-01,Portland Trail Blazers,Dallas Mavericks,131,137,False,False,2024-12-01|Dallas Mavericks|Portland Trail Blazers,,,,2024-12-01|Dallas Mavericks|Portland Trail Blazers,0.0011841750794455155,"[{""p_home_win"": 0.0011841750794455155, ""weight"": 1.0}]",-6.737524005530119,,bradley_terry_hfa,0.0,-6
2024-12-01,Sacramento Kings,San Antonio Spurs,125,127,False,False,2024-12-01|San Antonio Spurs|Sacramento Kings,,,,2024-12-01|San Antonio Spurs|Sacramento Kings,0.00508875269022505,"[{""p_home_win"": 0.00508875269022505, ""weight"": 1.0}]",-5.275620785000326,,bradley_terry_hfa,0.0,-2
2024-12-01,Los Angeles Clippers,Denver Nuggets,126,122,False,False,2024-12-01|Denver Nuggets|Los Angeles Clippers,,,,2024-12-01|Denver Nuggets|Los Angeles Clippers,0.042990317155188744,"[{""p_home_win"": 0.042990317155188744, ""weight"": 1.0}]",-3.1028386014182123,,bradley_terry_hfa,1.0,4
2024-12-02,Atlanta Hawks,New Orleans Pelicans,124,112,False,False,2024-12-02|New Orleans Pelicans|Atlanta Hawks,,,,2024-12-02|New Orleans Pelicans|Atlanta Hawks,0.7920173978125643,"[{""p_home_win"": 0.7920173978125643, ""weight"": 1.0}]",1.337128925634829,,bradley_terry_hfa,1.0,12
2024-12-02,Boston Celtics,Miami Heat,108,89,False,False,2024-12-02|Miami Heat|Boston Celtics,,,,2024-12-02|Miami Heat|Boston Celtics,0.9473547580226104,"[{""p_home_win"": 0.9473547580226104, ""weight"": 1.0}]",2.890097771824138,,bradley_terry_hfa,1.0,19
2024-12-02,Chicago Bulls,Brooklyn Nets,128,102,False,False,2024-12-02|Brooklyn Nets|Chicago Bulls,,,,2024-12-02|Brooklyn Nets|Chicago Bulls,0.015614490394467813,"[{""p_home_win"": 0.015614490394467813, ""weight"": 1.0}]",-4.143818243820055,,bradley_terry_hfa,1.0,26
2024-12-02,Minnesota Timberwolves,Los Angeles Lakers,109,80,False,False,2024-12-02|Los Angeles Lakers|Minnesota Timberwolves,,,,2024-12-02|Los Angeles Lakers|Minnesota Timberwolves,0.0026846931450533957,"[{""p_home_win"": 0.0026846931450533957, ""weight"": 1.0}]",-5.917500539051885,,bradley_terry_hfa,1.0,29
2024-12-03,Charlotte Hornets,Philadelphia 76ers,104,110,False,False,2024-12-03|Philadelphia 76ers|Charlotte Hornets,,,,2024-12-03|Philadelphia 76ers|Charlotte Hornets,0.06295113769820881,"[{""p_home_win"": 0.06295113769820881, ""weight"": 1.0}]",-2.7003765951069596,,bradley_terry_hfa,0.0,-6
2024-12-03,Cleveland Cavaliers,Washington Wizards,118,87,False,False,2024-12-03|Washington Wizards|Cleveland Cavaliers,,,,2024-12-03|Washington Wizards|Cleveland Cavaliers,0.9997465457597743,"[{""p_home_win"": 0.9997465457597743, ""weight"": 1.0}]",8.280073776792445,,bradley_terry_hfa,1.0,31
2024-12-03,Detroit Pistons,Milwaukee Bucks,107,128,False,False,2024-12-03|Milwaukee Bucks|Detroit Pistons,,,,2024-12-03|Milwaukee Bucks|Detroit Pistons,0.003349271832182354,"[{""p_home_win"": 0.003349271832182354, ""weight"": 1.0}]",-5.695657427101443,,bradley_terry_hfa,0.0,-21
2024-12-03,New York Knicks,Orlando Magic,121,106,False,False,2024-12-03|Orlando Magic|New York Knicks,,,,2024-12-03|Orlando Magic|New York Knicks,0.00852438940061838,"[{""p_home_win"": 0.00852438940061838, ""weight"": 1.0}]",-4.756262953126013,,bradley_terry_hfa,1.0,15
2024-12-03,Toronto Raptors,Indiana Pacers,122,111,False,False,2024-12-03|Indiana Pacers|Toronto Raptors,,,,2024-12-03|Indiana Pacers|Toronto Raptors,0.0014766962771995806,"[{""p_home_win"": 0.0014766962771995806, ""weight"": 1.0}]",-6.516470143846907,,bradley_terry_hfa,1.0,11
2024-12-03,Oklahoma City Thunder,Utah Jazz,133,106,False,False,2024-12-03|Utah Jazz|Oklahoma City Thunder,,,,2024-12-03|Utah Jazz|Oklahoma City Thunder,0.9990730629795131,"[{""p_home_win"": 0.9990730629795131, ""weight"": 1.0}]",6.982697566879004,,bradley_terry_hfa,1.0,27
2024-12-03,Dallas Mavericks,Memphis Grizzlies,121,116,False,False,2024-12-03|Memphis Grizzlies|Dallas Mavericks,,,,2024-12-03|Memphis Grizzlies|Dallas Mavericks,0.06042620995235221,"[{""p_home_win"": 0.06042620995235221, ""weight"": 1.0}]",-2.744003407172843,,bradley_terry_hfa,1.0,5
2024-12-03,Phoenix Suns,San Antonio Spurs,104,93,False,False,2024-12-03|San Antonio Spurs|Phoenix Suns,,,,2024-12-03|San Antonio Spurs|Phoenix Suns,0.08372598604557667,"[{""p_home_win"": 0.08372598604557667, ""weight"": 1.0}]",-2.3927660660067374,,bradley_terry_hfa,1.0,11
2024-12-03,Denver Nuggets,Golden State Warriors,119,115,False,False,2024-12-03|Golden State Warriors|Denver Nuggets,,,,2024-12-03|Golden State Warriors|Denver Nuggets,0.0032274634298128067,"[{""p_home_win"": 0.0032274634298128067, ""weight"": 1.0}]",-5.732826083193609,,bradley_terry_hfa,1.0,4
2024-12-03,Sacramento Kings,Houston Rockets,120,111,False,False,2024-12-03|Houston Rockets|Sacramento Kings,,,,2024-12-03|Houston Rockets|Sacramento Kings,4.724021456458489e-05,"[{""p_home_win"": 4.724021456458489e-05, ""weight"": 1.0}]",-9.960217783304321,,bradley_terry_hfa,1.0,9
2024-12-03,Los Angeles Clippers,Portland Trail Blazers,127,105,False,False,2024-12-03|Portland Trail Blazers|Los Angeles Clippers,,,,2024-12-03|Portland Trail Blazers|Los Angeles Clippers,0.5414680087874169,"[{""p_home_win"": 0.5414680087874169, ""weight"": 1.0}]",0.16625392291805685,,bradley_terry_hfa,1.0,22
2024-12-04,Boston Celtics,Detroit Pistons,130,120,False,False,2024-12-04|Detroit Pistons|Boston Celtics,,,,2024-12-04|Detroit Pistons|Boston Celtics,0.9894073617980741,"[{""p_home_win"": 0.9894073617980741, ""weight"": 1.0}]",4.536946888852613,,bradley_terry_hfa,1.0,10
2024-12-04,Brooklyn Nets,Indiana Pacers,99,90,False,False,2024-12-04|Indiana Pacers|Brooklyn Nets,,,,2024-12-04|Indiana Pacers|Brooklyn Nets,0.09406763343601658,"[{""p_home_win"": 0.09406763343601658, ""weight"": 1.0}]",-2.2649506244757474,,bradley_terry_hfa,1.0,9
2024-12-04,Miami Heat,Los Angeles Lakers,134,93,False,False,2024-12-04|Los Angeles Lakers|Miami Heat,,,,2024-12-04|Los Angeles Lakers|Miami Heat,0.0026010753165597823,"[{""p_home_win"": 0.0026010753165597823, ""weight"": 1.0}]",-5.949225872174106,,bradley_terry_hfa,1.0,41
2024-12-04,Philadelphia 76ers,Orlando Magic,102,106,False,False,2024-12-04|Orlando Magic|Philadelphia 76ers,,,,2024-12-04|Orlando Magic|Philadelphia 76ers,2.834026518624672e-05,"[{""p_home_win"": 2.834026518624672e-05, ""weight"": 1.0}]",-10.47119862576587,,bradley_terry_hfa,0.0,-4
2024-12-04,Milwaukee Bucks,Atlanta Hawks,104,119,False,False,2024-12-04|Atlanta Hawks|Milwaukee Bucks,,,,2024-12-04|Atlanta Hawks|Milwaukee Bucks,0.06488732737048303,"[{""p_home_win"": 0.06488732737048303, ""weight"": 1.0}]",-2.6680146868081263,,bradley_terry_hfa,0.0,-15
2024-12-04,Los Angeles Clippers,Minnesota Timberwolves,80,108,False,False,2024-12-04|Minnesota Timberwolves|Los Angeles Clippers,,,,2024-12-04|Minnesota Timberwolves|Los Angeles Clippers,0.32920533160419235,"[{""p_home_win"": 0.32920533160419235, ""weight"": 1.0}]",-0.7117814174793105,,bradley_terry_hfa,0.0,-28
2024-12-05,Cleveland Cavaliers,Denver Nuggets,126,114,False,False,2024-12-05|Denver Nuggets|Cleveland Cavaliers,,,,2024-12-05|Denver Nuggets|Cleveland Cavaliers,0.731458824266616,"[{""p_home_win"": 0.731458824266616, ""weight"": 1.0}]",1.0020366725468888,,bradley_terry_hfa,1.0,12
2024-12-05,Washington Wizards,Dallas Mavericks,101,137,False,False,2024-12-05|Dallas Mavericks|Washington Wizards,,,,2024-12-05|Dallas Mavericks|Washington Wizards,1.786135775462607e-06,"[{""p_home_win"": 1.786135775462607e-06, ""weight"": 1.0}]",-13.235454270166604,,bradley_terry_hfa,0.0,-36
2024-12-05,New York Knicks,Charlotte Hornets,125,101,False,False,2024-12-05|Charlotte Hornets|New York Knicks,,,,2024-12-05|Charlotte Hornets|New York Knicks,0.9641440106090252,"[{""p_home_win"": 0.9641440106090252, ""weight"": 1.0}]",3.2917300508718856,,bradley_terry_hfa,1.0,24
2024-12-05,Toronto Raptors,Oklahoma City Thunder,92,129,False,False,2024-12-05|Oklahoma City Thunder|Toronto Raptors,,,,2024-12-05|Oklahoma City Thunder|Toronto Raptors,8.684122472082897e-07,"[{""p_home_win"": 8.684122472082897e-07, ""weight"": 1.0}]",-13.956598427441294,,bradley_terry_hfa,0.0,-37
2024-12-05,Memphis Grizzlies,Sacramento Kings,115,110,False,False,2024-12-05|Sacramento Kings|Memphis Grizzlies,,,,2024-12-05|Sacramento Kings|Memphis Grizzlies,0.37649976427147913,"[{""p_home_win"": 0.37649976427147913, ""weight"": 1.0}]",-0.504431722058245,,bradley_terry_hfa,1.0,5
2024-12-05,New Orleans Pelicans,Phoenix Suns,126,124,False,False,2024-12-05|Phoenix Suns|New Orleans Pelicans,,,,2024-12-05|Phoenix Suns|New Orleans Pelicans,5.9067323838174545e-06,"[{""p_home_win"": 5.9067323838174545e-06, ""weight"": 1.0}]",-12.03941186883905,,bradley_terry_hfa,1.0,2
2024-12-05,San Antonio Spurs,Chicago Bulls,124,139,False,False,2024-12-05|Chicago Bulls|San Antonio Spurs,,,,2024-12-05|Chicago Bulls|San Antonio Spurs,0.10924567604010192,"[{""p_home_win"": 0.10924567604010192, ""weight"": 1.0}]",-2.0984694041532324,,bradley_terry_hfa,0.0,-15
2024-12-05,Golden State Warriors,Houston Rockets,99,93,False,False,2024-12-05|Houston Rockets|Golden State Warriors,,,,2024-12-05|Houston Rockets|Golden State Warriors,0.008038661989103985,"[{""p_home_win"": 0.008038661989103985, ""weight"": 1.0}]",-4.815421482670057,,bradley_terry_hfa,1.0,6
2024-12-06,Philadelphia 76ers,Orlando Magic,102,94,False,False,2024-12-06|Orlando Magic|Philadelphia 76ers,,,,2024-12-06|Orlando Magic|Philadelphia 76ers,9.290176180489835e-06,"[{""p_home_win"": 9.290176180489835e-06, ""weight"": 1.0}]",-11.586543750568357,,bradley_terry_hfa,1.0,8
2024-12-06,Atlanta Hawks,Los Angeles Lakers,134,132,False,False,2024-12-06|Los Angeles Lakers|Atlanta Hawks,,,,2024-12-06|Los Angeles Lakers|Atlanta Hawks,0.01959133784307772,"[{""p_home_win"": 0.01959133784307772, ""weight"": 1.0}]",-3.9128819651768434,,bradley_terry_hfa,1.0,2
2024-12-06,Boston Celtics,Milwaukee Bucks,111,105,False,False,2024-12-06|Milwaukee Bucks|Boston Celtics,,,,2024-12-06|Milwaukee Bucks|Boston Celtics,0.8863453647190855,"[{""p_home_win"": 0.8863453647190855, ""weight"": 1.0}]",2.053942341773343,,bradley_terry_hfa,1.0,6
2024-12-06,Chicago Bulls,Indiana Pacers,123,132,False,False,2024-12-06|Indiana Pacers|Chicago Bulls,,,,2024-12-06|Indiana Pacers|Chicago Bulls,0.1672192173366362,"[{""p_home_win"": 0.1672192173366362, ""weight"": 1.0}]",-1.6054648111923442,,bradley_terry_hfa,0.0,-9
2024-12-06,San Antonio Spurs,Sacramento Kings,113,140,False,False,2024-12-06|Sacramento Kings|San Antonio Spurs,,,,2024-12-06|Sacramento Kings|San Antonio Spurs,0.14943152002375645,"[{""p_home_win"": 0.14943152002375645, ""weight"": 1.0}]",-1.7390666980619487,,bradley_terry_hfa,0.0,-27
2024-12-06,Golden State Warriors,Minnesota Timberwolves,90,107,False,False,2024-12-06|Minnesota Timberwolves|Golden State Warriors,,,,2024-12-06|Minnesota Timberwolves|Golden State Warriors,0.42353302847336405,"[{""p_home_win"": 0.42353302847336405, ""weight"": 1.0}]",-0.30828654633793207,,bradley_terry_hfa,0.0,-17
2024-12-06,Portland Trail Blazers,Utah Jazz,99,141,False,False,2024-12-06|Utah Jazz|Portland Trail Blazers,,,,2024-12-06|Utah Jazz|Portland Trail Blazers,0.34551806889776604,"[{""p_home_win"": 0.34551806889776604, ""weight"": 1.0}]",-0.6387990381282203,,bradley_terry_hfa,0.0,-42
2024-12-07,Charlotte Hornets,Cleveland Cavaliers,102,116,False,False,2024-12-07|Cleveland Cavaliers|Charlotte Hornets,,,,2024-12-07|Cleveland Cavaliers|Charlotte Hornets,2.086063685762237e-07,"[{""p_home_win"": 2.086063685762237e-07, ""weight"": 1.0}]",-15.38281655615202,,bradley_terry_hfa,0.0,-14
2024-12-07,New Orleans Pelicans,Oklahoma City Thunder,109,119,False,False,2024-12-07|Oklahoma City Thunder|New Orleans Pelicans,,,,2024-12-07|Oklahoma City Thunder|New Orleans Pelicans,1.4159618585892042e-07,"[{""p_home_win"": 1.4159618585892042e-07, ""weight"": 1.0}]",-15.77028645047795,,bradley_terry_hfa,0.0,-10
2024-12-07,Washington Wizards,Denver Nuggets,122,113,False,False,2024-12-07|Denver Nuggets|Washington Wizards,,,,2024-12-07|Denver Nuggets|Washington Wizards,5.826819936789004e-06,"[{""p_home_win"": 5.826819936789004e-06, ""weight"": 1.0}]",-12.053033344973146,,bradley_terry_hfa,1.0,9
2024-12-07,New York Knicks,Detroit Pistons,111,120,False,False,2024-12-07|Detroit Pistons|New York Knicks,,,,2024-12-07|Detroit Pistons|New York Knicks,0.872225955606222,"[{""p_home_win"": 0.872225955606222, ""weight"": 1.0}]",1.920785087937535,,bradley_terry_hfa,0.0,-9
2024-12-07,Toronto Raptors,Dallas Mavericks,118,125,False,False,2024-12-07|Dallas Mavericks|Toronto Raptors,,,,2024-12-07|Dallas Mavericks|Toronto Raptors,1.1250267692393472e-05,"[{""p_home_win"": 1.1250267692393472e-05, ""weight"": 1.0}]",-11.395107384386542,,bradley_terry_hfa,0.0,-7
2024-12-07,Boston Celtics,Memphis Grizzlies,121,127,False,False,2024-12-07|Memphis Grizzlies|Boston Celtics,,,,2024-12-07|Memphis Grizzlies|Boston Celtics,0.49293031829234524,"[{""p_home_win"": 0.49293031829234524, ""weight"": 1.0}]",-0.02828061156612094,,bradley_terry_hfa,0.0,-6
2024-12-07,Miami Heat,Phoenix Suns,121,111,False,False,2024-12-07|Phoenix Suns|Miami Heat,,,,2024-12-07|Phoenix Suns|Miami Heat,0.0016916601256803565,"[{""p_home_win"": 0.0016916601256803565, ""weight"": 1.0}]",-6.38035181672436,,bradley_terry_hfa,1.0,10
2024-12-08,Chicago Bulls,Philadelphia 76ers,100,108,False,False,2024-12-08|Philadelphia 76ers|Chicago Bulls,,,,2024-12-08|Philadelphia 76ers|Chicago Bulls,0.3872320729284644,"[{""p_home_win"": 0.3872320729284644, ""weight"": 1.0}]",-0.45896209377857744,,bradley_terry_hfa,0.0,-8
2024-12-08,Brooklyn Nets,Milwaukee Bucks,113,118,False,False,2024-12-08|Milwaukee Bucks|Brooklyn Nets,,,,2024-12-08|Milwaukee Bucks|Brooklyn Nets,0.008953296984489876,"[{""p_home_win"": 0.008953296984489876, ""weight"": 1.0}]",-4.706739817772005,,bradley_terry_hfa,0.0,-5
2024-12-08,Indiana Pacers,Charlotte Hornets,109,113,False,False,2024-12-08|Charlotte Hornets|Indiana Pacers,,,,2024-12-08|Charlotte Hornets|Indiana Pacers,0.2602742514022201,"[{""p_home_win"": 0.2602742514022201, ""weight"": 1.0}]",-1.044543619325792,,bradley_terry_hfa,0.0,-4
2024-12-08,Atlanta Hawks,Denver Nuggets,111,141,False,False,2024-12-08|Denver Nuggets|Atlanta Hawks,,,,2024-12-08|Denver Nuggets|Atlanta Hawks,0.019128677086948747,"[{""p_home_win"": 0.019128677086948747, ""weight"": 1.0}]",-3.9372526544420863,,bradley_terry_hfa,0.0,-30
2024-12-08,Miami Heat,Cleveland Cavaliers,122,113,False,False,2024-12-08|Cleveland Cavaliers|Miami Heat,,,,2024-12-08|Cleveland Cavaliers|Miami Heat,1.974485110807702e-05,"[{""p_home_win"": 1.974485110807702e-05, ""weight"": 1.0}]",-10.832598058948644,,bradley_terry_hfa,1.0,9
2024-12-08,Orlando Magic,Phoenix Suns,115,110,False,False,2024-12-08|Phoenix Suns|Orlando Magic,,,,2024-12-08|Phoenix Suns|Orlando Magic,0.06320714835533799,"[{""p_home_win"": 0.06320714835533799, ""weight"": 1.0}]",-2.6960447799995424,,bradley_terry_hfa,1.0,5
2024-12-08,San Antonio Spurs,New Orleans Pelicans,121,116,False,False,2024-12-08|New Orleans Pelicans|San Antonio Spurs,,,,2024-12-08|New Orleans Pelicans|San Antonio Spurs,0.7597571408763463,"[{""p_home_win"": 0.7597571408763463, ""weight"": 1.0}]",1.151348506016065,,bradley_terry_hfa,1.0,5
2024-12-08,Washington Wizards,Memphis Grizzlies,112,140,False,False,2024-12-08|Memphis Grizzlies|Washington Wizards,,,,2024-12-08|Memphis Grizzlies|Washington Wizards,3.5347381122807317e-06,"[{""p_home_win"": 3.5347381122807317e-06, ""weight"": 1.0}]",-12.552867810836194,,bradley_terry_hfa,0.0,-28
2024-12-08,Golden State Warriors,Minnesota Timberwolves,114,106,False,False,2024-12-08|Minnesota Timberwolves|Golden State Warriors,,,,2024-12-08|Minnesota Timberwolves|Golden State Warriors,0.10117827103872747,"[{""p_home_win"": 0.10117827103872747, ""weight"": 1.0}]",-2.184200694800122,,bradley_terry_hfa,1.0,8
2024-12-08,Los Angeles Clippers,Houston Rockets,106,117,False,False,2024-12-08|Houston Rockets|Los Angeles Clippers,,,,2024-12-08|Houston Rockets|Los Angeles Clippers,0.001968029655197038,"[{""p_home_win"": 0.001968029655197038, ""weight"": 1.0}]",-6.228752442997791,,bradley_terry_hfa,0.0,-11
2024-12-08,Sacramento Kings,Utah Jazz,141,97,False,False,2024-12-08|Utah Jazz|Sacramento Kings,,,,2024-12-08|Utah Jazz|Sacramento Kings,0.4012984615687584,"[{""p_home_win"": 0.4012984615687584, ""weight"": 1.0}]",-0.4000577639009033,,bradley_terry_hfa,1.0,44
2024-12-08,Los Angeles Lakers,Portland Trail Blazers,107,98,False,False,2024-12-08|Portland Trail Blazers|Los Angeles Lakers,,,,2024-12-08|Portland Trail Blazers|Los Angeles Lakers,0.2693943000072883,"[{""p_home_win"": 0.2693943000072883, ""weight"": 1.0}]",-0.997697810477201,,bradley_terry_hfa,1.0,9
2024-12-09,Toronto Raptors,New York Knicks,108,113,False,False,2024-12-09|New York Knicks|Toronto Raptors,,,,2024-12-09|New York Knicks|Toronto Raptors,1.938108897844473e-05,"[{""p_home_win"": 1.938108897844473e-05, ""weight"": 1.0}]",-10.851193380965285,,bradley_terry_hfa,0.0,-5
2024-12-10,Milwaukee Bucks,Orlando Magic,114,109,False,False,2024-12-10|Orlando Magic|Milwaukee Bucks,,,,2024-12-10|Orlando Magic|Milwaukee Bucks,0.0009200488769273458,"[{""p_home_win"": 0.0009200488769273458, ""weight"": 1.0}]",-6.990163289855762,,bradley_terry_hfa,1.0,5
2024-12-10,Oklahoma City Thunder,Dallas Mavericks,118,104,False,False,2024-12-10|Dallas Mavericks|Oklahoma City Thunder,,,,2024-12-10|Dallas Mavericks|Oklahoma City Thunder,0.2804169604870045,"[{""p_home_win"": 0.2804169604870045, ""weight"": 1.0}]",-0.9423942923831929,,bradley_terry_hfa,1.0,14
2024-12-11,New York Knicks,Atlanta Hawks,100,108,False,False,2024-12-11|Atlanta Hawks|New York Knicks,,,,2024-12-11|Atlanta Hawks|New York Knicks,0.09560767171056513,"[{""p_home_win"": 0.09560767171056513, ""weight"": 1.0}]",-2.247010192859611,,bradley_terry_hfa,0.0,-8
2024-12-11,Houston Rockets,Golden State Warriors,91,90,False,False,2024-12-11|Golden State Warriors|Houston Rockets,,,,2024-12-11|Golden State Warriors|Houston Rockets,0.06061402614619823,"[{""p_home_win"": 0.06061402614619823, ""weight"": 1.0}]",-2.740700121667378,,bradley_terry_hfa,1.0,1
2024-12-12,Boston Celtics,Detroit Pistons,123,99,False,False,2024-12-12|Detroit Pistons|Boston Celtics,,,,2024-12-12|Detroit Pistons|Boston Celtics,0.9770544683715509,"[{""p_home_win"": 0.9770544683715509, ""weight"": 1.0}]",3.7514191838604063,,bradley_terry_hfa,1.0,24
2024-12-12,Miami Heat,Toronto Raptors,114,104,False,False,2024-12-12|Toronto Raptors|Miami Heat,,,,2024-12-12|Toronto Raptors|Miami Heat,0.8593710458240321,"[{""p_home_win"": 0.8593710458240321, ""weight"": 1.0}]",1.8100758884733805,,bradley_terry_hfa,1.0,10
2024-12-12,New Orleans Pelicans,Sacramento Kings,109,111,False,False,2024-12-12|Sacramento Kings|New Orleans Pelicans,,,,2024-12-12|Sacramento Kings|New Orleans Pelicans,9.763908242277292e-05,"[{""p_home_win"": 9.763908242277292e-05, ""weight"": 1.0}]",-9.234135066188802,,bradley_terry_hfa,0.0,-2
2024-12-13,Cleveland Cavaliers,Washington Wizards,115,105,False,False,2024-12-13|Washington Wizards|Cleveland Cavaliers,,,,2024-12-13|Washington Wizards|Cleveland Cavaliers,0.9997985233579079,"[{""p_home_win"": 0.9997985233579079, ""weight"": 1.0}]",8.509635606493829,,bradley_terry_hfa,1.0,10
2024-12-13,Philadelphia 76ers,Indiana Pacers,107,121,False,False,2024-12-13|Indiana Pacers|Philadelphia 76ers,,,,2024-12-13|Indiana Pacers|Philadelphia 76ers,0.002797311296183429,"[{""p_home_win"": 0.002797311296183429, ""weight"": 1.0}]",-5.876295343417693,,bradley_terry_hfa,0.0,-14
2024-12-13,Chicago Bulls,Charlotte Hornets,109,95,False,False,2024-12-13|Charlotte Hornets|Chicago Bulls,,,,2024-12-13|Charlotte Hornets|Chicago Bulls,0.20441151553247822,"[{""p_home_win"": 0.20441151553247822, ""weight"": 1.0}]",-1.3589468778882154,,bradley_terry_hfa,1.0,14
2024-12-13,Memphis Grizzlies,Brooklyn Nets,135,119,False,False,2024-12-13|Brooklyn Nets|Memphis Grizzlies,,,,2024-12-13|Brooklyn Nets|Memphis Grizzlies,0.4768330559772183,"[{""p_home_win"": 0.4768330559772183, ""weight"": 1.0}]",-0.09273417560314368,,bradley_terry_hfa,1.0,16
2024-12-13,Minnesota Timberwolves,Los Angeles Lakers,97,87,False,False,2024-12-13|Los Angeles Lakers|Minnesota Timberwolves,,,,2024-12-13|Los Angeles Lakers|Minnesota Timberwolves,0.012420076124524873,"[{""p_home_win"": 0.012420076124524873, ""weight"": 1.0}]",-4.375943223394924,,bradley_terry_hfa,1.0,10
2024-12-13,Denver Nuggets,Los Angeles Clippers,120,98,False,False,2024-12-13|Los Angeles Clippers|Denver Nuggets,,,,2024-12-13|Los Angeles Clippers|Denver Nuggets,0.00899075111741862,"[{""p_home_win"": 0.00899075111741862, ""weight"": 1.0}]",-4.702527471846878,,bradley_terry_hfa,1.0,22
2024-12-13,Utah Jazz,Phoenix Suns,126,134,False,False,2024-12-13|Phoenix Suns|Utah Jazz,,,,2024-12-13|Phoenix Suns|Utah Jazz,1.9315341774755216e-05,"[{""p_home_win"": 1.9315341774755216e-05, ""weight"": 1.0}]",-10.854591551690145,,bradley_terry_hfa,0.0,-8
2024-12-13,Portland Trail Blazers,San Antonio Spurs,116,118,False,False,2024-12-13|San Antonio Spurs|Portland Trail Blazers,,,,2024-12-13|San Antonio Spurs|Portland Trail Blazers,0.0007141434751229264,"[{""p_home_win"": 0.0007141434751229264, ""weight"": 1.0}]",-7.243712271664181,,bradley_terry_hfa,0.0,-2
2024-12-14,Milwaukee Bucks,Atlanta Hawks,110,102,False,False,2024-12-14|Atlanta Hawks|Milwaukee Bucks,,,,2024-12-14|Atlanta Hawks|Milwaukee Bucks,0.014782635212292262,"[{""p_home_win"": 0.014782635212292262, ""weight"": 1.0}]",-4.19940909628618,,bradley_terry_hfa,1.0,8
2024-12-14,Oklahoma City Thunder,Houston Rockets,111,96,False,False,2024-12-14|Houston Rockets|Oklahoma City Thunder,,,,2024-12-14|Houston Rockets|Oklahoma City Thunder,0.08856610881171442,"[{""p_home_win"": 0.08856610881171442, ""weight"": 1.0}]",-2.3312697986166304,,bradley_terry_hfa,1.0,15
2024-12-15,Indiana Pacers,New Orleans Pelicans,119,104,False,False,2024-12-15|New Orleans Pelicans|Indiana Pacers,,,,2024-12-15|New Orleans Pelicans|Indiana Pacers,0.6166655890256311,"[{""p_home_win"": 0.6166655890256311, ""weight"": 1.0}]",0.47541913795401136,,bradley_terry_hfa,1.0,15
2024-12-15,Orlando Magic,New York Knicks,91,100,False,False,2024-12-15|New York Knicks|Orlando Magic,,,,2024-12-15|New York Knicks|Orlando Magic,0.03264997418580528,"[{""p_home_win"": 0.03264997418580528, ""weight"": 1.0}]",-3.388716335721679,,bradley_terry_hfa,0.0,-9
2024-12-15,Washington Wizards,Boston Celtics,98,112,False,False,2024-12-15|Boston Celtics|Washington Wizards,,,,2024-12-15|Boston Celtics|Washington Wizards,5.5067174530728976e-08,"[{""p_home_win"": 5.5067174530728976e-08, ""weight"": 1.0}]",-16.71471198679,,bradley_terry_hfa,0.0,-14
2024-12-15,San Antonio Spurs,Minnesota Timberwolves,92,106,False,False,2024-12-15|Minnesota Timberwolves|San Antonio Spurs,,,,2024-12-15|Minnesota Timberwolves|San Antonio Spurs,0.0033845998654347138,"[{""p_home_win"": 0.0033845998654347138, ""weight"": 1.0}]",-5.685129247167827,,bradley_terry_hfa,0.0,-14
2024-12-15,Phoenix Suns,Portland Trail Blazers,116,109,False,False,2024-12-15|Portland Trail Blazers|Phoenix Suns,,,,2024-12-15|Portland Trail Blazers|Phoenix Suns,0.6790296989649249,"[{""p_home_win"": 0.6790296989649249, ""weight"": 1.0}]",0.7493162671632279,,bradley_terry_hfa,1.0,7
2024-12-15,Golden State Warriors,Dallas Mavericks,133,143,False,False,2024-12-15|Dallas Mavericks|Golden State Warriors,,,,2024-12-15|Dallas Mavericks|Golden State Warriors,0.006484369738285424,"[{""p_home_win"": 0.006484369738285424, ""weight"": 1.0}]",-5.031855168965674,,bradley_terry_hfa,0.0,-10
2024-12-15,Los Angeles Lakers,Memphis Grizzlies,116,110,False,False,2024-12-15|Memphis Grizzlies|Los Angeles Lakers,,,,2024-12-15|Memphis Grizzlies|Los Angeles Lakers,0.0005570660191426658,"[{""p_home_win"": 0.0005570660191426658, ""weight"": 1.0}]",-7.492269577534162,,bradley_terry_hfa,1.0,6
2024-12-16,Charlotte Hornets,Philadelphia 76ers,108,121,False,False,2024-12-16|Philadelphia 76ers|Charlotte Hornets,,,,2024-12-16|Philadelphia 76ers|Charlotte Hornets,0.0097130384999566,"[{""p_home_win"": 0.0097130384999566, ""weight"": 1.0}]",-4.6245256030605875,,bradley_terry_hfa,0.0,-13
2024-12-16,Detroit Pistons,Miami Heat,125,124,False,False,2024-12-16|Miami Heat|Detroit Pistons,,,,2024-12-16|Miami Heat|Detroit Pistons,0.000351102472502089,"[{""p_home_win"": 0.000351102472502089, ""weight"": 1.0}]",-7.954081268532095,,bradley_terry_hfa,1.0,1
2024-12-16,Brooklyn Nets,Cleveland Cavaliers,101,130,False,False,2024-12-16|Cleveland Cavaliers|Brooklyn Nets,,,,2024-12-16|Cleveland Cavaliers|Brooklyn Nets,2.2487346990410044e-06,"[{""p_home_win"": 2.2487346990410044e-06, ""weight"": 1.0}]",-13.005140607173924,,bradley_terry_hfa,0.0,-29
2024-12-16,Toronto Raptors,Chicago Bulls,121,122,False,False,2024-12-16|Chicago Bulls|Toronto Raptors,,,,2024-12-16|Chicago Bulls|Toronto Raptors,0.00031840166078869785,"[{""p_home_win"": 0.00031840166078869785, ""weight"": 1.0}]",-8.051878435601385,,bradley_terry_hfa,0.0,-1
2024-12-16,Sacramento Kings,Denver Nuggets,129,130,False,False,2024-12-16|Denver Nuggets|Sacramento Kings,,,,2024-12-16|Denver Nuggets|Sacramento Kings,0.000576717509234755,"[{""p_home_win"": 0.000576717509234755, ""weight"": 1.0}]",-7.457581112849192,,bradley_terry_hfa,0.0,-1
2024-12-16,Los Angeles Clippers,Utah Jazz,144,107,False,False,2024-12-16|Utah Jazz|Los Angeles Clippers,,,,2024-12-16|Utah Jazz|Los Angeles Clippers,0.9289305151203051,"[{""p_home_win"": 0.9289305151203051, ""weight"": 1.0}]",2.570375881924061,,bradley_terry_hfa,1.0,37
2024-12-17,Oklahoma City Thunder,Milwaukee Bucks,81,97,False,False,2024-12-17|Milwaukee Bucks|Oklahoma City Thunder,,,,2024-12-17|Milwaukee Bucks|Oklahoma City Thunder,0.8502458324508637,"[{""p_home_win"": 0.8502458324508637, ""weight"": 1.0}]",1.7365304556653172,,bradley_terry_hfa,0.0,-16
2024-12-19,Detroit Pistons,Utah Jazz,119,126,False,False,2024-12-19|Utah Jazz|Detroit Pistons,,,,2024-12-19|Utah Jazz|Detroit Pistons,0.4485926157706548,"[{""p_home_win"": 0.4485926157706548, ""weight"": 1.0}]",-0.20635872894208696,,bradley_terry_hfa,0.0,-7
2024-12-19,Orlando Magic,Oklahoma City Thunder,99,105,False,False,2024-12-19|Oklahoma City Thunder|Orlando Magic,,,,2024-12-19|Oklahoma City Thunder|Orlando Magic,9.221572827669375e-05,"[{""p_home_win"": 9.221572827669375e-05, ""weight"": 1.0}]",-9.291287633285599,,bradley_terry_hfa,0.0,-6
2024-12-19,Washington Wizards,Charlotte Hornets,123,114,False,False,2024-12-19|Charlotte Hornets|Washington Wizards,,,,2024-12-19|Charlotte Hornets|Washington Wizards,0.0033019625779655195,"[{""p_home_win"": 0.0033019625779655195, ""weight"": 1.0}]",-5.709930840603718,,bradley_terry_hfa,1.0,9
2024-12-19,Boston Celtics,Chicago Bulls,108,117,False,False,2024-12-19|Chicago Bulls|Boston Celtics,,,,2024-12-19|Chicago Bulls|Boston Celtics,0.9460598878132885,"[{""p_home_win"": 0.9460598878132885, ""weight"": 1.0}]",2.864431475852605,,bradley_terry_hfa,0.0,-9
2024-12-19,Toronto Raptors,Brooklyn Nets,94,101,False,False,2024-12-19|Brooklyn Nets|Toronto Raptors,,,,2024-12-19|Brooklyn Nets|Toronto Raptors,0.00019685776549811795,"[{""p_home_win"": 0.00019685776549811795, ""weight"": 1.0}]",-8.532832215398743,,bradley_terry_hfa,0.0,-7
2024-12-19,Houston Rockets,New Orleans Pelicans,133,113,False,False,2024-12-19|New Orleans Pelicans|Houston Rockets,,,,2024-12-19|New Orleans Pelicans|Houston Rockets,0.9995888769061477,"[{""p_home_win"": 0.9995888769061477, ""weight"": 1.0}]",7.796206682256518,,bradley_terry_hfa,1.0,20
2024-12-19,Memphis Grizzlies,Golden State Warriors,144,93,False,False,2024-12-19|Golden State Warriors|Memphis Grizzlies,,,,2024-12-19|Golden State Warriors|Memphis Grizzlies,0.017605871347075055,"[{""p_home_win"": 0.017605871347075055, ""weight"": 1.0}]",-4.021760135163072,,bradley_terry_hfa,1.0,51
2024-12-19,San Antonio Spurs,Atlanta Hawks,133,126,False,False,2024-12-19|Atlanta Hawks|San Antonio Spurs,,,,2024-12-19|Atlanta Hawks|San Antonio Spurs,0.0030127508530446542,"[{""p_home_win"": 0.0030127508530446542, ""weight"": 1.0}]",-5.801884414589172,,bradley_terry_hfa,1.0,7
2024-12-19,Dallas Mavericks,Los Angeles Clippers,95,118,False,False,2024-12-19|Los Angeles Clippers|Dallas Mavericks,,,,2024-12-19|Los Angeles Clippers|Dallas Mavericks,0.13756982262387019,"[{""p_home_win"": 0.13756982262387019, ""weight"": 1.0}]",-1.8356226027415223,,bradley_terry_hfa,0.0,-23
2024-12-19,Phoenix Suns,Indiana Pacers,111,120,False,False,2024-12-19|Indiana Pacers|Phoenix Suns,,,,2024-12-19|Indiana Pacers|Phoenix Suns,0.21502284047340386,"[{""p_home_win"": 0.21502284047340386, ""weight"": 1.0}]",-1.2949103639694757,,bradley_terry_hfa,0.0,-9
2024-12-19,Minnesota Timberwolves,New York Knicks,107,133,False,False,2024-12-19|New York Knicks|Minnesota Timberwolves,,,,2024-12-19|New York Knicks|Minnesota Timberwolves,0.0045619115084942295,"[{""p_home_win"": 0.0045619115084942295, ""weight"": 1.0}]",-5.385441204050849,,bradley_terry_hfa,0.0,-26
2024-12-19,Portland Trail Blazers,Denver Nuggets,126,124,False,False,2024-12-19|Denver Nuggets|Portland Trail Blazers,,,,2024-12-19|Denver Nuggets|Portland Trail Blazers,1.2022861173072529e-05,"[{""p_home_win"": 1.2022861173072529e-05, ""weight"": 1.0}]",-11.328688599884014,,bradley_terry_hfa,1.0,2
2024-12-19,Sacramento Kings,Los Angeles Lakers,100,113,False,False,2024-12-19|Los Angeles Lakers|Sacramento Kings,,,,2024-12-19|Los Angeles Lakers|Sacramento Kings,0.000997205114254464,"[{""p_home_win"": 0.000997205114254464, ""weight"": 1.0}]",-6.90955637505937,,bradley_terry_hfa,0.0,-13
2024-12-20,Philadelphia 76ers,Charlotte Hornets,108,98,False,False,2024-12-20|Charlotte Hornets|Philadelphia 76ers,,,,2024-12-20|Charlotte Hornets|Philadelphia 76ers,0.030524142518147706,"[{""p_home_win"": 0.030524142518147706, ""weight"": 1.0}]",-3.4582376438739484,,bradley_terry_hfa,1.0,10
2024-12-20,Cleveland Cavaliers,Milwaukee Bucks,124,101,False,False,2024-12-20|Milwaukee Bucks|Cleveland Cavaliers,,,,2024-12-20|Milwaukee Bucks|Cleveland Cavaliers,0.5380257709254805,"[{""p_home_win"": 0.5380257709254805, ""weight"": 1.0}]",0.1523973520611035,,bradley_terry_hfa,1.0,23
2024-12-20,Miami Heat,Oklahoma City Thunder,97,104,False,False,2024-12-20|Oklahoma City Thunder|Miami Heat,,,,2024-12-20|Oklahoma City Thunder|Miami Heat,2.3544266049122666e-06,"[{""p_home_win"": 2.3544266049122666e-06, ""weight"": 1.0}]",-12.959210985579954,,bradley_terry_hfa,0.0,-7
2024-12-21,Sacramento Kings,Los Angeles Lakers,99,103,False,False,2024-12-21|Los Angeles Lakers|Sacramento Kings,,,,2024-12-21|Los Angeles Lakers|Sacramento Kings,0.00018061216781914988,"[{""p_home_win"": 0.00018061216781914988, ""weight"": 1.0}]",-8.618977916356885,,bradley_terry_hfa,0.0,-4
2024-12-21,Orlando Magic,Miami Heat,121,114,False,False,2024-12-21|Miami Heat|Orlando Magic,,,,2024-12-21|Miami Heat|Orlando Magic,0.06716350502864854,"[{""p_home_win"": 0.06716350502864854, ""weight"": 1.0}]",-2.6310999188655946,,bradley_terry_hfa,1.0,7
2024-12-21,Atlanta Hawks,Memphis Grizzlies,112,128,False,False,2024-12-21|Memphis Grizzlies|Atlanta Hawks,,,,2024-12-21|Memphis Grizzlies|Atlanta Hawks,9.735825843881046e-05,"[{""p_home_win"": 9.735825843881046e-05, ""weight"": 1.0}]",-9.237015634298096,,bradley_terry_hfa,0.0,-16
2024-12-21,Brooklyn Nets,Utah Jazz,94,105,False,False,2024-12-21|Utah Jazz|Brooklyn Nets,,,,2024-12-21|Utah Jazz|Brooklyn Nets,0.3131394271976213,"[{""p_home_win"": 0.3131394271976213, ""weight"": 1.0}]",-0.7854827751675924,,bradley_terry_hfa,0.0,-11
2024-12-21,Chicago Bulls,Boston Celtics,98,123,False,False,2024-12-21|Boston Celtics|Chicago Bulls,,,,2024-12-21|Boston Celtics|Chicago Bulls,7.983688525514707e-06,"[{""p_home_win"": 7.983688525514707e-06, ""weight"": 1.0}]",-11.738102048331049,,bradley_terry_hfa,0.0,-25
2024-12-21,Cleveland Cavaliers,Philadelphia 76ers,126,99,False,False,2024-12-21|Philadelphia 76ers|Cleveland Cavaliers,,,,2024-12-21|Philadelphia 76ers|Cleveland Cavaliers,0.9990288852057474,"[{""p_home_win"": 0.9990288852057474, ""weight"": 1.0}]",6.936094287317806,,bradley_terry_hfa,1.0,27
2024-12-21,Milwaukee Bucks,Washington Wizards,112,101,False,False,2024-12-21|Washington Wizards|Milwaukee Bucks,,,,2024-12-21|Washington Wizards|Milwaukee Bucks,0.9711575976144516,"[{""p_home_win"": 0.9711575976144516, ""weight"": 1.0}]",3.516642150147458,,bradley_terry_hfa,1.0,11
2024-12-21,Minnesota Timberwolves,Golden State Warriors,103,113,False,False,2024-12-21|Golden State Warriors|Minnesota Timberwolves,,,,2024-12-21|Golden State Warriors|Minnesota Timberwolves,0.0015005824998802029,"[{""p_home_win"": 0.0015005824998802029, ""weight"": 1.0}]",-6.500400203500967,,bradley_terry_hfa,0.0,-10
2024-12-21,New Orleans Pelicans,New York Knicks,93,104,False,False,2024-12-21|New York Knicks|New Orleans Pelicans,,,,2024-12-21|New York Knicks|New Orleans Pelicans,1.2493081218921795e-07,"[{""p_home_win"": 1.2493081218921795e-07, ""weight"": 1.0}]",-15.895505630438596,,bradley_terry_hfa,0.0,-11
2024-12-21,Dallas Mavericks,Los Angeles Clippers,113,97,False,False,2024-12-21|Los Angeles Clippers|Dallas Mavericks,,,,2024-12-21|Los Angeles Clippers|Dallas Mavericks,0.05227814613923352,"[{""p_home_win"": 0.05227814613923352, ""weight"": 1.0}]",-2.8974826282050534,,bradley_terry_hfa,1.0,16
2024-12-21,San Antonio Spurs,Portland Trail Blazers,114,94,False,False,2024-12-21|Portland Trail Blazers|San Antonio Spurs,,,,2024-12-21|Portland Trail Blazers|San Antonio Spurs,0.23922305342248826,"[{""p_home_win"": 0.23922305342248826, ""weight"": 1.0}]",-1.156943814601,,bradley_terry_hfa,1.0,20
2024-12-21,Phoenix Suns,Detroit Pistons,125,133,False,False,2024-12-21|Detroit Pistons|Phoenix Suns,,,,2024-12-21|Detroit Pistons|Phoenix Suns,0.18858723940276215,"[{""p_home_win"": 0.18858723940276215, ""weight"": 1.0}]",-1.4592161689626257,,bradley_terry_hfa,0.0,-8
2024-12-22,Sacramento Kings,Indiana Pacers,95,122,False,False,2024-12-22|Indiana Pacers|Sacramento Kings,,,,2024-12-22|Indiana Pacers|Sacramento Kings,0.001706932141880199,"[{""p_home_win"": 0.001706932141880199, ""weight"": 1.0}]",-6.371349198202385,,bradley_terry_hfa,0.0,-27
2024-12-22,Toronto Raptors,Houston Rockets,110,114,False,False,2024-12-22|Houston Rockets|Toronto Raptors,,,,2024-12-22|Houston Rockets|Toronto Raptors,1.2541109701558785e-08,"[{""p_home_win"": 1.2541109701558785e-08, ""weight"": 1.0}]",-18.194253800168525,,bradley_terry_hfa,0.0,-4
2024-12-22,New Orleans Pelicans,Denver Nuggets,129,132,False,False,2024-12-22|Denver Nuggets|New Orleans Pelicans,,,,2024-12-22|Denver Nuggets|New Orleans Pelicans,2.1170895653597326e-07,"[{""p_home_win"": 2.1170895653597326e-07, ""weight"": 1.0}]",-15.368053140311003,,bradley_terry_hfa,0.0,-3
2024-12-23,Charlotte Hornets,Houston Rockets,101,114,False,False,2024-12-23|Houston Rockets|Charlotte Hornets,,,,2024-12-23|Houston Rockets|Charlotte Hornets,1.1411123423416606e-08,"[{""p_home_win"": 1.1411123423416606e-08, ""weight"": 1.0}]",-18.28867720696241,,bradley_terry_hfa,0.0,-13
2024-12-23,Cleveland Cavaliers,Utah Jazz,124,113,False,False,2024-12-23|Utah Jazz|Cleveland Cavaliers,,,,2024-12-23|Utah Jazz|Cleveland Cavaliers,0.9997535544471087,"[{""p_home_win"": 0.9997535544471087, ""weight"": 1.0}]",8.308122993719339,,bradley_terry_hfa,1.0,11
2024-12-23,Orlando Magic,Boston Celtics,108,104,False,False,2024-12-23|Boston Celtics|Orlando Magic,,,,2024-12-23|Boston Celtics|Orlando Magic,0.00013238441298018332,"[{""p_home_win"": 0.00013238441298018332, ""weight"": 1.0}]",-8.929668254950908,,bradley_terry_hfa,1.0,4
2024-12-23,Philadelphia 76ers,San Antonio Spurs,111,106,False,False,2024-12-23|San Antonio Spurs|Philadelphia 76ers,,,,2024-12-23|San Antonio Spurs|Philadelphia 76ers,3.939974288963099e-05,"[{""p_home_win"": 3.939974288963099e-05, ""weight"": 1.0}]",-10.141711866806482,,bradley_terry_hfa,1.0,5
2024-12-23,Atlanta Hawks,Minnesota Timberwolves,117,104,False,False,2024-12-23|Minnesota Timberwolves|Atlanta Hawks,,,,2024-12-23|Minnesota Timberwolves|Atlanta Hawks,0.002638059845065741,"[{""p_home_win"": 0.002638059845065741, ""weight"": 1.0}]",-5.9350699935158255,,bradley_terry_hfa,1.0,13
2024-12-23,Miami Heat,Brooklyn Nets,110,95,False,False,2024-12-23|Brooklyn Nets|Miami Heat,,,,2024-12-23|Brooklyn Nets|Miami Heat,0.02168681795500022,"[{""p_home_win"": 0.02168681795500022, ""weight"": 1.0}]",-3.809125237361201,,bradley_terry_hfa,1.0,15
2024-12-23,New York Knicks,Toronto Raptors,139,125,False,False,2024-12-23|Toronto Raptors|New York Knicks,,,,2024-12-23|Toronto Raptors|New York Knicks,0.9911335207256203,"[{""p_home_win"": 0.9911335207256203, ""weight"": 1.0}]",4.71657146615207,,bradley_terry_hfa,1.0,14
2024-12-23,Chicago Bulls,Milwaukee Bucks,91,112,False,False,2024-12-23|Milwaukee Bucks|Chicago Bulls,,,,2024-12-23|Milwaukee Bucks|Chicago Bulls,0.00025318187210962594,"[{""p_home_win"": 0.00025318187210962594, ""weight"": 1.0}]",-8.281149251472915,,bradley_terry_hfa,0.0,-21
2024-12-23,Memphis Grizzlies,Los Angeles Clippers,110,114,False,False,2024-12-23|Los Angeles Clippers|Memphis Grizzlies,,,,2024-12-23|Los Angeles Clippers|Memphis Grizzlies,0.07237893058042041,"[{""p_home_win"": 0.07237893058042041, ""weight"": 1.0}]",-2.5507080760735583,,bradley_terry_hfa,0.0,-4
2024-12-23,Oklahoma City Thunder,Washington Wizards,123,105,False,False,2024-12-23|Washington Wizards|Oklahoma City Thunder,,,,2024-12-23|Washington Wizards|Oklahoma City Thunder,0.9999516390355925,"[{""p_home_win"": 0.9999516390355925, ""weight"": 1.0}]",9.936769228024701,,bradley_terry_hfa,1.0,18
2024-12-23,Dallas Mavericks,Portland Trail Blazers,132,108,False,False,2024-12-23|Portland Trail Blazers|Dallas Mavericks,,,,2024-12-23|Portland Trail Blazers|Dallas Mavericks,0.9759477805335561,"[{""p_home_win"": 0.9759477805335561, ""weight"": 1.0}]",3.7031818036293007,,bradley_terry_hfa,1.0,24
2024-12-23,Denver Nuggets,Phoenix Suns,117,90,False,False,2024-12-23|Phoenix Suns|Denver Nuggets,,,,2024-12-23|Phoenix Suns|Denver Nuggets,0.018881316661893962,"[{""p_home_win"": 0.018881316661893962, ""weight"": 1.0}]",-3.9505205375101466,,bradley_terry_hfa,1.0,27
2024-12-23,Golden State Warriors,Indiana Pacers,105,111,False,False,2024-12-23|Indiana Pacers|Golden State Warriors,,,,2024-12-23|Indiana Pacers|Golden State Warriors,0.20221628575260242,"[{""p_home_win"": 0.20221628575260242, ""weight"": 1.0}]",-1.3724996798002769,,bradley_terry_hfa,0.0,-6
2024-12-23,Los Angeles Lakers,Detroit Pistons,114,117,False,False,2024-12-23|Detroit Pistons|Los Angeles Lakers,,,,2024-12-23|Detroit Pistons|Los Angeles Lakers,0.13785400345367968,"[{""p_home_win"": 0.13785400345367968, ""weight"": 1.0}]",-1.8332294467160821,,bradley_terry_hfa,0.0,-3
2024-12-25,New York Knicks,San Antonio Spurs,117,114,False,False,2024-12-25|San Antonio Spurs|New York Knicks,,,,2024-12-25|San Antonio Spurs|New York Knicks,0.10236223396322038,"[{""p_home_win"": 0.10236223396322038, ""weight"": 1.0}]",-2.171248772719246,,bradley_terry_hfa,1.0,3
2024-12-25,Dallas Mavericks,Minnesota Timberwolves,99,105,False,False,2024-12-25|Minnesota Timberwolves|Dallas Mavericks,,,,2024-12-25|Minnesota Timberwolves|Dallas Mavericks,0.5553318145041553,"[{""p_home_win"": 0.5553318145041553, ""weight"": 1.0}]",0.2222374456089753,,bradley_terry_hfa,0.0,-6
2024-12-25,Boston Celtics,Philadelphia 76ers,114,118,False,False,2024-12-25|Philadelphia 76ers|Boston Celtics,,,,2024-12-25|Philadelphia 76ers|Boston Celtics,0.9939024568783732,"[{""p_home_win"": 0.9939024568783732, ""weight"": 1.0}]",5.09375314682778,,bradley_terry_hfa,0.0,-4
2024-12-25,Golden State Warriors,Los Angeles Lakers,113,115,False,False,2024-12-25|Los Angeles Lakers|Golden State Warriors,,,,2024-12-25|Los Angeles Lakers|Golden State Warriors,0.009016115447750174,"[{""p_home_win"": 0.009016115447750174, ""weight"": 1.0}]",-4.69968469097451,,bradley_terry_hfa,0.0,-2
2024-12-25,Phoenix Suns,Denver Nuggets,110,100,False,False,2024-12-25|Denver Nuggets|Phoenix Suns,,,,2024-12-25|Denver Nuggets|Phoenix Suns,0.00026549363797641876,"[{""p_home_win"": 0.00026549363797641876, ""weight"": 1.0}]",-8.233654151105767,,bradley_terry_hfa,1.0,10
2024-12-26,Indiana Pacers,Oklahoma City Thunder,114,120,False,False,2024-12-26|Oklahoma City Thunder|Indiana Pacers,,,,2024-12-26|Oklahoma City Thunder|Indiana Pacers,8.819287459476414e-08,"[{""p_home_win"": 8.819287459476414e-08, ""weight"": 1.0}]",-16.24373957591166,,bradley_terry_hfa,0.0,-6
2024-12-26,Orlando Magic,Miami Heat,88,89,False,False,2024-12-26|Miami Heat|Orlando Magic,,,,2024-12-26|Miami Heat|Orlando Magic,0.1217789802134271,"[{""p_home_win"": 0.1217789802134271, ""weight"": 1.0}]",-1.9756905287820374,,bradley_terry_hfa,0.0,-1
2024-12-26,Washington Wizards,Charlotte Hornets,113,110,False,False,2024-12-26|Charlotte Hornets|Washington Wizards,,,,2024-12-26|Charlotte Hornets|Washington Wizards,0.002818996990604355,"[{""p_home_win"": 0.002818996990604355, ""weight"": 1.0}]",-5.868551156545141,,bradley_terry_hfa,1.0,3
2024-12-26,Atlanta Hawks,Chicago Bulls,141,133,False,False,2024-12-26|Chicago Bulls|Atlanta Hawks,,,,2024-12-26|Chicago Bulls|Atlanta Hawks,0.0051075389469196365,"[{""p_home_win"": 0.0051075389469196365, ""weight"": 1.0}]",-5.271916978856364,,bradley_terry_hfa,1.0,8
2024-12-26,Memphis Grizzlies,Toronto Raptors,155,126,False,False,2024-12-26|Toronto Raptors|Memphis Grizzlies,,,,2024-12-26|Toronto Raptors|Memphis Grizzlies,0.9961931507033392,"[{""p_home_win"": 0.9961931507033392, ""weight"": 1.0}]",5.56713927442763,,bradley_terry_hfa,1.0,29
2024-12-26,Milwaukee Bucks,Brooklyn Nets,105,111,False,False,2024-12-26|Brooklyn Nets|Milwaukee Bucks,,,,2024-12-26|Brooklyn Nets|Milwaukee Bucks,0.441690557147636,"[{""p_home_win"": 0.441690557147636, ""weight"": 1.0}]",-0.2343038258101089,,bradley_terry_hfa,0.0,-6
2024-12-26,New Orleans Pelicans,Houston Rockets,111,128,False,False,2024-12-26|Houston Rockets|New Orleans Pelicans,,,,2024-12-26|Houston Rockets|New Orleans Pelicans,1.0315565036304908e-09,"[{""p_home_win"": 1.0315565036304908e-09, ""weight"": 1.0}]",-20.692197005766232,,bradley_terry_hfa,0.0,-17
2024-12-26,Portland Trail Blazers,Utah Jazz,122,120,False,False,2024-12-26|Utah Jazz|Portland Trail Blazers,,,,2024-12-26|Utah Jazz|Portland Trail Blazers,0.009906483123567737,"[{""p_home_win"": 0.009906483123567737, ""weight"": 1.0}]",-4.604609996379671,,bradley_terry_hfa,1.0,2
2024-12-26,Sacramento Kings,Detroit Pistons,113,114,False,False,2024-12-26|Detroit Pistons|Sacramento Kings,,,,2024-12-26|Detroit Pistons|Sacramento Kings,0.0002894369103126825,"[{""p_home_win"": 0.0002894369103126825, ""weight"": 1.0}]",-8.147283732276431,,bradley_terry_hfa,0.0,-1
2024-12-27,Orlando Magic,New York Knicks,85,108,False,False,2024-12-27|New York Knicks|Orlando Magic,,,,2024-12-27|New York Knicks|Orlando Magic,0.0019973625430441144,"[{""p_home_win"": 0.0019973625430441144, ""weight"": 1.0}]",-6.213928337256009,,bradley_terry_hfa,0.0,-23
2024-12-27,Boston Celtics,Indiana Pacers,142,105,False,False,2024-12-27|Indiana Pacers|Boston Celtics,,,,2024-12-27|Indiana Pacers|Boston Celtics,0.8343789703403431,"[{""p_home_win"": 0.8343789703403431, ""weight"": 1.0}]",1.6169854754506954,,bradley_terry_hfa,1.0,37
2024-12-27,Brooklyn Nets,San Antonio Spurs,87,96,False,False,2024-12-27|San Antonio Spurs|Brooklyn Nets,,,,2024-12-27|San Antonio Spurs|Brooklyn Nets,0.00048339053758260364,"[{""p_home_win"": 0.00048339053758260364, ""weight"": 1.0}]",-7.634202157193368,,bradley_terry_hfa,0.0,-9
2024-12-27,Houston Rockets,Minnesota Timberwolves,112,113,False,False,2024-12-27|Minnesota Timberwolves|Houston Rockets,,,,2024-12-27|Minnesota Timberwolves|Houston Rockets,0.6090436999762858,"[{""p_home_win"": 0.6090436999762858, ""weight"": 1.0}]",0.44329423298120485,,bradley_terry_hfa,0.0,-1
2024-12-27,New Orleans Pelicans,Memphis Grizzlies,124,132,False,False,2024-12-27|Memphis Grizzlies|New Orleans Pelicans,,,,2024-12-27|Memphis Grizzlies|New Orleans Pelicans,4.617378815819493e-09,"[{""p_home_win"": 4.617378815819493e-09, ""weight"": 1.0}]",-19.193438644125862,,bradley_terry_hfa,0.0,-8
2024-12-27,Denver Nuggets,Cleveland Cavaliers,135,149,False,False,2024-12-27|Cleveland Cavaliers|Denver Nuggets,,,,2024-12-27|Cleveland Cavaliers|Denver Nuggets,2.7984532953382385e-06,"[{""p_home_win"": 2.7984532953382385e-06, ""weight"": 1.0}]",-12.786440889474026,,bradley_terry_hfa,0.0,-14
2024-12-27,Phoenix Suns,Dallas Mavericks,89,98,False,False,2024-12-27|Dallas Mavericks|Phoenix Suns,,,,2024-12-27|Dallas Mavericks|Phoenix Suns,6.185280129359722e-05,"[{""p_home_win"": 6.185280129359722e-05, ""weight"": 1.0}]",-9.690691313705596,,bradley_terry_hfa,0.0,-9
2024-12-27,Los Angeles Clippers,Golden State Warriors,102,92,False,False,2024-12-27|Golden State Warriors|Los Angeles Clippers,,,,2024-12-27|Golden State Warriors|Los Angeles Clippers,0.0035776925424117235,"[{""p_home_win"": 0.0035776925424117235, ""weight"": 1.0}]",-5.629453119811162,,bradley_terry_hfa,1.0,10
2024-12-28,Atlanta Hawks,Miami Heat,120,110,False,False,2024-12-28|Miami Heat|Atlanta Hawks,,,,2024-12-28|Miami Heat|Atlanta Hawks,0.0009443317087829131,"[{""p_home_win"": 0.0009443317087829131, ""weight"": 1.0}]",-6.96408828924707,,bradley_terry_hfa,1.0,10
2024-12-28,Charlotte Hornets,Oklahoma City Thunder,94,106,False,False,2024-12-28|Oklahoma City Thunder|Charlotte Hornets,,,,2024-12-28|Oklahoma City Thunder|Charlotte Hornets,5.604873817497919e-11,"[{""p_home_win"": 5.604873817497919e-11, ""weight"": 1.0}]",-23.60479947909696,,bradley_terry_hfa,0.0,-12
2024-12-28,Washington Wizards,New York Knicks,132,136,False,False,2024-12-28|New York Knicks|Washington Wizards,,,,2024-12-28|New York Knicks|Washington Wizards,1.9263205211089035e-08,"[{""p_home_win"": 1.9263205211089035e-08, ""weight"": 1.0}]",-17.76506900713793,,bradley_terry_hfa,0.0,-4
2024-12-28,Chicago Bulls,Milwaukee Bucks,116,111,False,False,2024-12-28|Milwaukee Bucks|Chicago Bulls,,,,2024-12-28|Milwaukee Bucks|Chicago Bulls,3.534505339151795e-05,"[{""p_home_win"": 3.534505339151795e-05, ""weight"": 1.0}]",-10.250316762082536,,bradley_terry_hfa,1.0,5
2024-12-28,Golden State Warriors,Phoenix Suns,109,105,False,False,2024-12-28|Phoenix Suns|Golden State Warriors,,,,2024-12-28|Phoenix Suns|Golden State Warriors,0.004238133752370223,"[{""p_home_win"": 0.004238133752370223, ""weight"": 1.0}]",-5.459385119279837,,bradley_terry_hfa,1.0,4
2024-12-28,Denver Nuggets,Detroit Pistons,134,121,False,False,2024-12-28|Detroit Pistons|Denver Nuggets,,,,2024-12-28|Detroit Pistons|Denver Nuggets,0.028231656301048392,"[{""p_home_win"": 0.028231656301048392, ""weight"": 1.0}]",-3.5386735343202655,,bradley_terry_hfa,1.0,13
2024-12-28,Utah Jazz,Philadelphia 76ers,111,114,False,False,2024-12-28|Philadelphia 76ers|Utah Jazz,,,,2024-12-28|Philadelphia 76ers|Utah Jazz,5.0169109932265304e-05,"[{""p_home_win"": 5.0169109932265304e-05, ""weight"": 1.0}]",-9.900060890292217,,bradley_terry_hfa,0.0,-3
2024-12-28,Portland Trail Blazers,Dallas Mavericks,126,122,False,False,2024-12-28|Dallas Mavericks|Portland Trail Blazers,,,,2024-12-28|Dallas Mavericks|Portland Trail Blazers,1.0143781936326185e-07,"[{""p_home_win"": 1.0143781936326185e-07, ""weight"": 1.0}]",-16.103819741864,,bradley_terry_hfa,1.0,4
2024-12-28,Los Angeles Lakers,Sacramento Kings,132,122,False,False,2024-12-28|Sacramento Kings|Los Angeles Lakers,,,,2024-12-28|Sacramento Kings|Los Angeles Lakers,0.5073351513172358,"[{""p_home_win"": 0.5073351513172358, ""weight"": 1.0}]",0.029342710414092643,,bradley_terry_hfa,1.0,10
2024-12-29,Orlando Magic,Brooklyn Nets,102,101,False,False,2024-12-29|Brooklyn Nets|Orlando Magic,,,,2024-12-29|Brooklyn Nets|Orlando Magic,0.46373162779980504,"[{""p_home_win"": 0.46373162779980504, ""weight"": 1.0}]",-0.1453287336358402,,bradley_terry_hfa,1.0,1
2024-12-29,Boston Celtics,Indiana Pacers,114,123,False,False,2024-12-29|Indiana Pacers|Boston Celtics,,,,2024-12-29|Indiana Pacers|Boston Celtics,0.861664896174924,"[{""p_home_win"": 0.861664896174924, ""weight"": 1.0}]",1.8291874133268387,,bradley_terry_hfa,0.0,-9
2024-12-29,Toronto Raptors,Atlanta Hawks,107,136,False,False,2024-12-29|Atlanta Hawks|Toronto Raptors,,,,2024-12-29|Atlanta Hawks|Toronto Raptors,5.114001049263641e-07,"[{""p_home_win"": 5.114001049263641e-07, ""weight"": 1.0}]",-14.486113057514366,,bradley_terry_hfa,0.0,-29
2024-12-29,Houston Rockets,Miami Heat,100,104,False,False,2024-12-29|Miami Heat|Houston Rockets,,,,2024-12-29|Miami Heat|Houston Rockets,0.32673601790324264,"[{""p_home_win"": 0.32673601790324264, ""weight"": 1.0}]",-0.7229849393686747,,bradley_terry_hfa,0.0,-4
2024-12-29,Oklahoma City Thunder,Memphis Grizzlies,130,106,False,False,2024-12-29|Memphis Grizzlies|Oklahoma City Thunder,,,,2024-12-29|Memphis Grizzlies|Oklahoma City Thunder,0.2207129293889874,"[{""p_home_win"": 0.2207129293889874, ""weight"": 1.0}]",-1.261516594588283,,bradley_terry_hfa,1.0,24
2024-12-29,Minnesota Timberwolves,San Antonio Spurs,112,110,False,False,2024-12-29|San Antonio Spurs|Minnesota Timberwolves,,,,2024-12-29|San Antonio Spurs|Minnesota Timberwolves,0.005658983945474899,"[{""p_home_win"": 0.005658983945474899, ""weight"": 1.0}]",-5.168835861154914,,bradley_terry_hfa,1.0,2
2024-12-30,Charlotte Hornets,Chicago Bulls,108,115,False,False,2024-12-30|Chicago Bulls|Charlotte Hornets,,,,2024-12-30|Chicago Bulls|Charlotte Hornets,2.094112251894644e-06,"[{""p_home_win"": 2.094112251894644e-06, ""weight"": 1.0}]",-13.076378746393825,,bradley_terry_hfa,0.0,-7
2024-12-30,Washington Wizards,New York Knicks,106,126,False,False,2024-12-30|New York Knicks|Washington Wizards,,,,2024-12-30|New York Knicks|Washington Wizards,1.2996345204368106e-08,"[{""p_home_win"": 1.2996345204368106e-08, ""weight"": 1.0}]",-18.15859764414079,,bradley_terry_hfa,0.0,-20
2024-12-30,New Orleans Pelicans,Los Angeles Clippers,113,116,False,False,2024-12-30|Los Angeles Clippers|New Orleans Pelicans,,,,2024-12-30|Los Angeles Clippers|New Orleans Pelicans,1.2558566706680034e-08,"[{""p_home_win"": 1.2558566706680034e-08, ""weight"": 1.0}]",-18.192862785569673,,bradley_terry_hfa,0.0,-3
2024-12-30,Utah Jazz,Denver Nuggets,121,132,False,False,2024-12-30|Denver Nuggets|Utah Jazz,,,,2024-12-30|Denver Nuggets|Utah Jazz,8.05546423530786e-08,"[{""p_home_win"": 8.05546423530786e-08, ""weight"": 1.0}]",-16.334330015244177,,bradley_terry_hfa,0.0,-11
2024-12-30,Golden State Warriors,Cleveland Cavaliers,95,113,False,False,2024-12-30|Cleveland Cavaliers|Golden State Warriors,,,,2024-12-30|Cleveland Cavaliers|Golden State Warriors,3.6335589676759733e-07,"[{""p_home_win"": 3.6335589676759733e-07, ""weight"": 1.0}]",-14.827882687768346,,bradley_terry_hfa,0.0,-18
2024-12-30,Portland Trail Blazers,Philadelphia 76ers,103,125,False,False,2024-12-30|Philadelphia 76ers|Portland Trail Blazers,,,,2024-12-30|Philadelphia 76ers|Portland Trail Blazers,0.0003550888402254074,"[{""p_home_win"": 0.0003550888402254074, ""weight"": 1.0}]",-7.942787393741933,,bradley_terry_hfa,0.0,-22
2024-12-30,Sacramento Kings,Dallas Mavericks,110,100,False,False,2024-12-30|Dallas Mavericks|Sacramento Kings,,,,2024-12-30|Dallas Mavericks|Sacramento Kings,1.5511689236949332e-07,"[{""p_home_win"": 1.5511689236949332e-07, ""weight"": 1.0}]",-15.679086704814887,,bradley_terry_hfa,1.0,10
2024-12-31,Boston Celtics,Toronto Raptors,125,71,False,False,2024-12-31|Toronto Raptors|Boston Celtics,,,,2024-12-31|Toronto Raptors|Boston Celtics,0.9995317959178611,"[{""p_home_win"": 0.9995317959178611, ""weight"": 1.0}]",7.66613797042851,,bradley_terry_hfa,1.0,54
2024-12-31,Indiana Pacers,Milwaukee Bucks,112,120,False,False,2024-12-31|Milwaukee Bucks|Indiana Pacers,,,,2024-12-31|Milwaukee Bucks|Indiana Pacers,5.887028319798064e-05,"[{""p_home_win"": 5.887028319798064e-05, ""weight"": 1.0}]",-9.74011525235423,,bradley_terry_hfa,0.0,-8
2024-12-31,San Antonio Spurs,Los Angeles Clippers,122,86,False,False,2024-12-31|Los Angeles Clippers|San Antonio Spurs,,,,2024-12-31|Los Angeles Clippers|San Antonio Spurs,3.7077787314342896e-05,"[{""p_home_win"": 3.7077787314342896e-05, ""weight"": 1.0}]",-10.202455413864152,,bradley_terry_hfa,1.0,36
2024-12-31,Oklahoma City Thunder,Minnesota Timberwolves,113,105,False,False,2024-12-31|Minnesota Timberwolves|Oklahoma City Thunder,,,,2024-12-31|Minnesota Timberwolves|Oklahoma City Thunder,0.8755866924358563,"[{""p_home_win"": 0.8755866924358563, ""weight"": 1.0}]",1.9512850187380533,,bradley_terry_hfa,1.0,8
2024-12-31,Los Angeles Lakers,Cleveland Cavaliers,110,122,False,False,2024-12-31|Cleveland Cavaliers|Los Angeles Lakers,,,,2024-12-31|Cleveland Cavaliers|Los Angeles Lakers,4.7081684234090123e-07,"[{""p_home_win"": 4.7081684234090123e-07, ""weight"": 1.0}]",-14.568796217507035,,bradley_terry_hfa,0.0,-12
2024-12-31,Phoenix Suns,Memphis Grizzlies,112,117,False,False,2024-12-31|Memphis Grizzlies|Phoenix Suns,,,,2024-12-31|Memphis Grizzlies|Phoenix Suns,5.3045930162026315e-06,"[{""p_home_win"": 5.3045930162026315e-06, ""weight"": 1.0}]",-12.146932201255325,,bradley_terry_hfa,0.0,-5
2025-01-01,Detroit Pistons,Orlando Magic,105,96,False,False,2025-01-01|Orlando Magic|Detroit Pistons,,,,2025-01-01|Orlando Magic|Detroit Pistons,3.46102438528992e-06,"[{""p_home_win"": 3.46102438528992e-06, ""weight"": 1.0}]",-12.5739424865702,,bradley_terry_hfa,1.0,9
2025-01-01,Washington Wizards,Chicago Bulls,125,107,False,False,2025-01-01|Chicago Bulls|Washington Wizards,,,,2025-01-01|Chicago Bulls|Washington Wizards,2.2777943158818886e-06,"[{""p_home_win"": 2.2777943158818886e-06, ""weight"": 1.0}]",-12.992300710754506,,bradley_terry_hfa,1.0,18
2025-01-01,Miami Heat,New Orleans Pelicans,119,108,False,False,2025-01-01|New Orleans Pelicans|Miami Heat,,,,2025-01-01|New Orleans Pelicans|Miami Heat,0.9786671136708215,"[{""p_home_win"": 0.9786671136708215, ""weight"": 1.0}]",3.8259417166620295,,bradley_terry_hfa,1.0,11
2025-01-01,New York Knicks,Utah Jazz,119,103,False,False,2025-01-01|Utah Jazz|New York Knicks,,,,2025-01-01|Utah Jazz|New York Knicks,0.9982790349331777,"[{""p_home_win"": 0.9982790349331777, ""weight"": 1.0}]",6.363147612516176,,bradley_terry_hfa,1.0,16
2025-01-01,Toronto Raptors,Brooklyn Nets,130,113,False,False,2025-01-01|Brooklyn Nets|Toronto Raptors,,,,2025-01-01|Brooklyn Nets|Toronto Raptors,8.093345389371038e-06,"[{""p_home_win"": 8.093345389371038e-06, ""weight"": 1.0}]",-11.72446029743831,,bradley_terry_hfa,1.0,17
2025-01-01,Houston Rockets,Dallas Mavericks,110,99,False,False,2025-01-01|Dallas Mavericks|Houston Rockets,,,,2025-01-01|Dallas Mavericks|Houston Rockets,0.007658598760939267,"[{""p_home_win"": 0.007658598760939267, ""weight"": 1.0}]",-4.864238164914582,,bradley_terry_hfa,1.0,11
2025-01-01,Denver Nuggets,Atlanta Hawks,139,120,False,False,2025-01-01|Atlanta Hawks|Denver Nuggets,,,,2025-01-01|Atlanta Hawks|Denver Nuggets,0.0037845928999015645,"[{""p_home_win"": 0.0037845928999015645, ""weight"": 1.0}]",-5.573025181453836,,bradley_terry_hfa,1.0,19
2025-01-01,Sacramento Kings,Philadelphia 76ers,113,107,False,False,2025-01-01|Philadelphia 76ers|Sacramento Kings,,,,2025-01-01|Philadelphia 76ers|Sacramento Kings,0.00014654689960307633,"[{""p_home_win"": 0.00014654689960307633, ""weight"": 1.0}]",-8.828018489291003,,bradley_terry_hfa,1.0,6
2025-01-02,Miami Heat,Indiana Pacers,115,128,False,False,2025-01-02|Indiana Pacers|Miami Heat,,,,2025-01-02|Indiana Pacers|Miami Heat,0.016659516254620383,"[{""p_home_win"": 0.016659516254620383, ""weight"": 1.0}]",-4.077973832264966,,bradley_terry_hfa,0.0,-13
2025-01-02,Minnesota Timberwolves,Boston Celtics,115,118,False,False,2025-01-02|Boston Celtics|Minnesota Timberwolves,,,,2025-01-02|Boston Celtics|Minnesota Timberwolves,9.786358500640323e-06,"[{""p_home_win"": 9.786358500640323e-06, ""weight"": 1.0}]",-11.53451134532964,,bradley_terry_hfa,0.0,-3
2025-01-02,Milwaukee Bucks,Brooklyn Nets,110,113,False,False,2025-01-02|Brooklyn Nets|Milwaukee Bucks,,,,2025-01-02|Brooklyn Nets|Milwaukee Bucks,0.44348898863281094,"[{""p_home_win"": 0.44348898863281094, ""weight"": 1.0}]",-0.22701398423816777,,bradley_terry_hfa,0.0,-3
2025-01-02,Oklahoma City Thunder,Los Angeles Clippers,116,98,False,False,2025-01-02|Los Angeles Clippers|Oklahoma City Thunder,,,,2025-01-02|Los Angeles Clippers|Oklahoma City Thunder,0.8213784016208239,"[{""p_home_win"": 0.8213784016208239, ""weight"": 1.0}]",1.5257143138780584,,bradley_terry_hfa,1.0,18
2025-01-02,Golden State Warriors,Philadelphia 76ers,139,105,False,False,2025-01-02|Philadelphia 76ers|Golden State Warriors,,,,2025-01-02|Philadelphia 76ers|Golden State Warriors,0.08605285039742565,"[{""p_home_win"": 0.08605285039742565, ""weight"": 1.0}]",-2.362811099584011,,bradley_terry_hfa,1.0,34
2025-01-02,Los Angeles Lakers,Portland Trail Blazers,114,106,False,False,2025-01-02|Portland Trail Blazers|Los Angeles Lakers,,,,2025-01-02|Portland Trail Blazers|Los Angeles Lakers,0.6929796801991119,"[{""p_home_win"": 0.6929796801991119, ""weight"": 1.0}]",0.8140867435846584,,bradley_terry_hfa,1.0,8
2025-01-03,Detroit Pistons,Charlotte Hornets,98,94,False,False,2025-01-03|Charlotte Hornets|Detroit Pistons,,,,2025-01-03|Charlotte Hornets|Detroit Pistons,0.6884805277360883,"[{""p_home_win"": 0.6884805277360883, ""weight"": 1.0}]",0.7930251880591053,,bradley_terry_hfa,1.0,4
2025-01-03,Toronto Raptors,Orlando Magic,97,106,False,False,2025-01-03|Orlando Magic|Toronto Raptors,,,,2025-01-03|Orlando Magic|Toronto Raptors,1.374285148708788e-08,"[{""p_home_win"": 1.374285148708788e-08, ""weight"": 1.0}]",-18.10274702612976,,bradley_terry_hfa,0.0,-9
2025-01-03,Houston Rockets,Boston Celtics,86,109,False,False,2025-01-03|Boston Celtics|Houston Rockets,,,,2025-01-03|Boston Celtics|Houston Rockets,0.0005123945729657664,"[{""p_home_win"": 0.0005123945729657664, ""weight"": 1.0}]",-7.575903053507564,,bradley_terry_hfa,0.0,-23
2025-01-03,New Orleans Pelicans,Washington Wizards,132,120,False,False,2025-01-03|Washington Wizards|New Orleans Pelicans,,,,2025-01-03|Washington Wizards|New Orleans Pelicans,7.244624637726998e-05,"[{""p_home_win"": 7.244624637726998e-05, ""weight"": 1.0}]",-9.532593251506569,,bradley_terry_hfa,1.0,12
2025-01-03,Oklahoma City Thunder,New York Knicks,117,107,False,False,2025-01-03|New York Knicks|Oklahoma City Thunder,,,,2025-01-03|New York Knicks|Oklahoma City Thunder,0.18554816908461144,"[{""p_home_win"": 0.18554816908461144, ""weight"": 1.0}]",-1.4792007668863105,,bradley_terry_hfa,1.0,10
2025-01-03,Dallas Mavericks,Cleveland Cavaliers,122,134,False,False,2025-01-03|Cleveland Cavaliers|Dallas Mavericks,,,,2025-01-03|Cleveland Cavaliers|Dallas Mavericks,6.377458279124766e-07,"[{""p_home_win"": 6.377458279124766e-07, ""weight"": 1.0}]",-14.265325384085429,,bradley_terry_hfa,0.0,-12
2025-01-03,Denver Nuggets,San Antonio Spurs,110,113,False,False,2025-01-03|San Antonio Spurs|Denver Nuggets,,,,2025-01-03|San Antonio Spurs|Denver Nuggets,0.03119057272641359,"[{""p_home_win"": 0.03119057272641359, ""weight"": 1.0}]",-3.4359520301161246,,bradley_terry_hfa,0.0,-3
2025-01-03,Sacramento Kings,Memphis Grizzlies,138,133,False,False,2025-01-03|Memphis Grizzlies|Sacramento Kings,,,,2025-01-03|Memphis Grizzlies|Sacramento Kings,1.2564653771336845e-07,"[{""p_home_win"": 1.2564653771336845e-07, ""weight"": 1.0}]",-15.889793002696926,,bradley_terry_hfa,1.0,5
2025-01-03,Los Angeles Lakers,Atlanta Hawks,119,102,False,False,2025-01-03|Atlanta Hawks|Los Angeles Lakers,,,,2025-01-03|Atlanta Hawks|Los Angeles Lakers,0.004103729149265849,"[{""p_home_win"": 0.004103729149265849, ""weight"": 1.0}]",-5.491746997505855,,bradley_terry_hfa,1.0,17
2025-01-04,Brooklyn Nets,Philadelphia 76ers,94,123,False,False,2025-01-04|Philadelphia 76ers|Brooklyn Nets,,,,2025-01-04|Philadelphia 76ers|Brooklyn Nets,0.001655551006800706,"[{""p_home_win"": 0.001655551006800706, ""weight"": 1.0}]",-6.401964467994973,,bradley_terry_hfa,0.0,-29
2025-01-04,Detroit Pistons,Minnesota Timberwolves,119,105,False,False,2025-01-04|Minnesota Timberwolves|Detroit Pistons,,,,2025-01-04|Minnesota Timberwolves|Detroit Pistons,0.00010599038899700516,"[{""p_home_win"": 0.00010599038899700516, ""weight"": 1.0}]",-9.152056141796164,,bradley_terry_hfa,1.0,14
2025-01-04,Indiana Pacers,Phoenix Suns,126,108,False,False,2025-01-04|Phoenix Suns|Indiana Pacers,,,,2025-01-04|Phoenix Suns|Indiana Pacers,0.003567351733270517,"[{""p_home_win"": 0.003567351733270517, ""weight"": 1.0}]",-5.632358039971863,,bradley_terry_hfa,1.0,18
2025-01-04,Chicago Bulls,New York Knicks,139,126,False,False,2025-01-04|New York Knicks|Chicago Bulls,,,,2025-01-04|New York Knicks|Chicago Bulls,1.7097390189258422e-06,"[{""p_home_win"": 1.7097390189258422e-06, ""weight"": 1.0}]",-13.279168109868124,,bradley_terry_hfa,1.0,13
2025-01-04,Miami Heat,Utah Jazz,100,136,False,False,2025-01-04|Utah Jazz|Miami Heat,,,,2025-01-04|Utah Jazz|Miami Heat,0.8736815074223189,"[{""p_home_win"": 0.8736815074223189, ""weight"": 1.0}]",1.9339094647452573,,bradley_terry_hfa,0.0,-36
2025-01-04,Milwaukee Bucks,Portland Trail Blazers,102,105,False,False,2025-01-04|Portland Trail Blazers|Milwaukee Bucks,,,,2025-01-04|Portland Trail Blazers|Milwaukee Bucks,0.7544389554220495,"[{""p_home_win"": 0.7544389554220495, ""weight"": 1.0}]",1.122428797197479,,bradley_terry_hfa,0.0,-3
2025-01-04,San Antonio Spurs,Denver Nuggets,111,122,False,False,2025-01-04|Denver Nuggets|San Antonio Spurs,,,,2025-01-04|Denver Nuggets|San Antonio Spurs,7.97211174947708e-05,"[{""p_home_win"": 7.97211174947708e-05, ""weight"": 1.0}]",-9.436896320675787,,bradley_terry_hfa,0.0,-11
2025-01-04,Golden State Warriors,Memphis Grizzlies,121,113,False,False,2025-01-04|Memphis Grizzlies|Golden State Warriors,,,,2025-01-04|Memphis Grizzlies|Golden State Warriors,5.382532545795459e-05,"[{""p_home_win"": 5.382532545795459e-05, ""weight"": 1.0}]",-9.82971264136343,,bradley_terry_hfa,1.0,8
2025-01-04,Los Angeles Clippers,Atlanta Hawks,131,105,False,False,2025-01-04|Atlanta Hawks|Los Angeles Clippers,,,,2025-01-04|Atlanta Hawks|Los Angeles Clippers,0.0057338153671556615,"[{""p_home_win"": 0.0057338153671556615, ""weight"": 1.0}]",-5.155623794904171,,bradley_terry_hfa,1.0,26
2025-01-05,Oklahoma City Thunder,Boston Celtics,105,92,False,False,2025-01-05|Boston Celtics|Oklahoma City Thunder,,,,2025-01-05|Boston Celtics|Oklahoma City Thunder,0.029892724209387052,"[{""p_home_win"": 0.029892724209387052, ""weight"": 1.0}]",-3.4797915456743986,,bradley_terry_hfa,1.0,13
2025-01-05,Cleveland Cavaliers,Charlotte Hornets,115,105,False,False,2025-01-05|Charlotte Hornets|Cleveland Cavaliers,,,,2025-01-05|Charlotte Hornets|Cleveland Cavaliers,0.9999995135761109,"[{""p_home_win"": 0.9999995135761109, ""weight"": 1.0}]",14.536184906874585,,bradley_terry_hfa,1.0,10
2025-01-05,Washington Wizards,New Orleans Pelicans,98,110,False,False,2025-01-05|New Orleans Pelicans|Washington Wizards,,,,2025-01-05|New Orleans Pelicans|Washington Wizards,0.003623650901495984,"[{""p_home_win"": 0.003623650901495984, ""weight"": 1.0}]",-5.616642992822487,,bradley_terry_hfa,0.0,-12
2025-01-05,Orlando Magic,Utah Jazz,92,105,False,False,2025-01-05|Utah Jazz|Orlando Magic,,,,2025-01-05|Utah Jazz|Orlando Magic,0.9864217333741647,"[{""p_home_win"": 0.9864217333741647, ""weight"": 1.0}]",4.285613512338108,,bradley_terry_hfa,0.0,-13
2025-01-05,Houston Rockets,Los Angeles Lakers,119,115,False,False,2025-01-05|Los Angeles Lakers|Houston Rockets,,,,2025-01-05|Los Angeles Lakers|Houston Rockets,0.016999161042867184,"[{""p_home_win"": 0.016999161042867184, ""weight"": 1.0}]",-4.057445981193991,,bradley_terry_hfa,1.0,4
2025-01-05,Golden State Warriors,Sacramento Kings,99,129,False,False,2025-01-05|Sacramento Kings|Golden State Warriors,,,,2025-01-05|Sacramento Kings|Golden State Warriors,0.20749323192707272,"[{""p_home_win"": 0.20749323192707272, ""weight"": 1.0}]",-1.3401023239502088,,bradley_terry_hfa,0.0,-30
2025-01-06,Detroit Pistons,Portland Trail Blazers,118,115,False,False,2025-01-06|Portland Trail Blazers|Detroit Pistons,,,,2025-01-06|Portland Trail Blazers|Detroit Pistons,0.04318604906474162,"[{""p_home_win"": 0.04318604906474162, ""weight"": 1.0}]",-3.098091459138961,,bradley_terry_hfa,1.0,3
2025-01-06,Philadelphia 76ers,Phoenix Suns,99,109,False,False,2025-01-06|Phoenix Suns|Philadelphia 76ers,,,,2025-01-06|Phoenix Suns|Philadelphia 76ers,0.0004325505040895843,"[{""p_home_win"": 0.0004325505040895843, ""weight"": 1.0}]",-7.745378821867202,,bradley_terry_hfa,0.0,-10
2025-01-06,Brooklyn Nets,Indiana Pacers,99,113,False,False,2025-01-06|Indiana Pacers|Brooklyn Nets,,,,2025-01-06|Indiana Pacers|Brooklyn Nets,1.3899132854851917e-05,"[{""p_home_win"": 1.3899132854851917e-05, ""weight"": 1.0}]",-11.183670205087203,,bradley_terry_hfa,0.0,-14
2025-01-06,New York Knicks,Orlando Magic,94,103,False,False,2025-01-06|Orlando Magic|New York Knicks,,,,2025-01-06|Orlando Magic|New York Knicks,0.0038643599269988123,"[{""p_home_win"": 0.0038643599269988123, ""weight"": 1.0}]",-5.552087372303132,,bradley_terry_hfa,0.0,-9
2025-01-06,Toronto Raptors,Milwaukee Bucks,104,128,False,False,2025-01-06|Milwaukee Bucks|Toronto Raptors,,,,2025-01-06|Milwaukee Bucks|Toronto Raptors,2.9685126751776232e-08,"[{""p_home_win"": 2.9685126751776232e-08, ""weight"": 1.0}]",-17.332619669654676,,bradley_terry_hfa,0.0,-24
2025-01-06,Chicago Bulls,San Antonio Spurs,114,110,False,False,2025-01-06|San Antonio Spurs|Chicago Bulls,,,,2025-01-06|San Antonio Spurs|Chicago Bulls,0.0001558408121741948,"[{""p_home_win"": 0.0001558408121741948, ""weight"": 1.0}]",-8.766519653536955,,bradley_terry_hfa,1.0,4
2025-01-06,Memphis Grizzlies,Dallas Mavericks,119,104,False,False,2025-01-06|Dallas Mavericks|Memphis Grizzlies,,,,2025-01-06|Dallas Mavericks|Memphis Grizzlies,0.0015213058523470652,"[{""p_home_win"": 0.0015213058523470652, ""weight"": 1.0}]",-6.486663735351344,,bradley_terry_hfa,1.0,15
2025-01-06,Minnesota Timberwolves,Los Angeles Clippers,108,106,False,False,2025-01-06|Los Angeles Clippers|Minnesota Timberwolves,,,,2025-01-06|Los Angeles Clippers|Minnesota Timberwolves,3.164475166114974e-05,"[{""p_home_win"": 3.164475166114974e-05, ""weight"": 1.0}]",-10.360906602164357,,bradley_terry_hfa,1.0,2
2025-01-06,Sacramento Kings,Miami Heat,123,118,False,False,2025-01-06|Miami Heat|Sacramento Kings,,,,2025-01-06|Miami Heat|Sacramento Kings,4.719240667451911e-05,"[{""p_home_win"": 4.719240667451911e-05, ""weight"": 1.0}]",-9.9612303603342,,bradley_terry_hfa,1.0,5
2025-01-07,Charlotte Hornets,Phoenix Suns,115,104,False,False,2025-01-07|Phoenix Suns|Charlotte Hornets,,,,2025-01-07|Phoenix Suns|Charlotte Hornets,2.9772215595959005e-07,"[{""p_home_win"": 2.9772215595959005e-07, ""weight"": 1.0}]",-15.027104850190838,,bradley_terry_hfa,1.0,11
2025-01-07,Washington Wizards,Houston Rockets,112,135,False,False,2025-01-07|Houston Rockets|Washington Wizards,,,,2025-01-07|Houston Rockets|Washington Wizards,6.00125436214667e-11,"[{""p_home_win"": 6.00125436214667e-11, ""weight"": 1.0}]",-23.536467515138728,,bradley_terry_hfa,0.0,-23
2025-01-07,Dallas Mavericks,Los Angeles Lakers,118,97,False,False,2025-01-07|Los Angeles Lakers|Dallas Mavericks,,,,2025-01-07|Los Angeles Lakers|Dallas Mavericks,0.0006920358079485495,"[{""p_home_win"": 0.0006920358079485495, ""weight"": 1.0}]",-7.275180582719711,,bradley_terry_hfa,1.0,21
2025-01-07,New Orleans Pelicans,Minnesota Timberwolves,97,104,False,False,2025-01-07|Minnesota Timberwolves|New Orleans Pelicans,,,,2025-01-07|Minnesota Timberwolves|New Orleans Pelicans,1.603877940042413e-08,"[{""p_home_win"": 1.603877940042413e-08, ""weight"": 1.0}]",-17.94825631859522,,bradley_terry_hfa,0.0,-7
2025-01-07,Utah Jazz,Atlanta Hawks,121,124,False,False,2025-01-07|Atlanta Hawks|Utah Jazz,,,,2025-01-07|Atlanta Hawks|Utah Jazz,3.913599227695427e-07,"[{""p_home_win"": 3.913599227695427e-07, ""weight"": 1.0}]",-14.753637790426282,,bradley_terry_hfa,0.0,-3
2025-01-07,Denver Nuggets,Boston Celtics,106,118,False,False,2025-01-07|Boston Celtics|Denver Nuggets,,,,2025-01-07|Boston Celtics|Denver Nuggets,7.033964468316228e-06,"[{""p_home_win"": 7.033964468316228e-06, ""weight"": 1.0}]",-11.864753041355394,,bradley_terry_hfa,0.0,-12
2025-01-07,Golden State Warriors,Miami Heat,98,114,False,False,2025-01-07|Miami Heat|Golden State Warriors,,,,2025-01-07|Miami Heat|Golden State Warriors,0.006339417120112602,"[{""p_home_win"": 0.006339417120112602, ""weight"": 1.0}]",-5.054608855096284,,bradley_terry_hfa,0.0,-16
2025-01-08,Cleveland Cavaliers,Oklahoma City Thunder,129,122,False,False,2025-01-08|Oklahoma City Thunder|Cleveland Cavaliers,,,,2025-01-08|Oklahoma City Thunder|Cleveland Cavaliers,0.000526438670639317,"[{""p_home_win"": 0.000526438670639317, ""weight"": 1.0}]",-7.548849140902565,,bradley_terry_hfa,1.0,7
2025-01-08,Indiana Pacers,Chicago Bulls,129,113,False,False,2025-01-08|Chicago Bulls|Indiana Pacers,,,,2025-01-08|Chicago Bulls|Indiana Pacers,0.0005599835051714823,"[{""p_home_win"": 0.0005599835051714823, ""weight"": 1.0}]",-7.4870430893653195,,bradley_terry_hfa,1.0,16
2025-01-08,Philadelphia 76ers,Washington Wizards,109,103,False,False,2025-01-08|Washington Wizards|Philadelphia 76ers,,,,2025-01-08|Washington Wizards|Philadelphia 76ers,0.03632440349359936,"[{""p_home_win"": 0.03632440349359936, ""weight"": 1.0}]",-3.2782649318809334,,bradley_terry_hfa,1.0,6
2025-01-08,Brooklyn Nets,Detroit Pistons,98,113,False,False,2025-01-08|Detroit Pistons|Brooklyn Nets,,,,2025-01-08|Detroit Pistons|Brooklyn Nets,3.1034137677193337e-06,"[{""p_home_win"": 3.1034137677193337e-06, ""weight"": 1.0}]",-12.683004733554156,,bradley_terry_hfa,0.0,-15
2025-01-08,New York Knicks,Toronto Raptors,112,98,False,False,2025-01-08|Toronto Raptors|New York Knicks,,,,2025-01-08|Toronto Raptors|New York Knicks,0.9941700583513913,"[{""p_home_win"": 0.9941700583513913, ""weight"": 1.0}]",5.138901285386442,,bradley_terry_hfa,1.0,14
2025-01-08,New Orleans Pelicans,Portland Trail Blazers,100,119,False,False,2025-01-08|Portland Trail Blazers|New Orleans Pelicans,,,,2025-01-08|Portland Trail Blazers|New Orleans Pelicans,1.0210885409793606e-05,"[{""p_home_win"": 1.0210885409793606e-05, ""weight"": 1.0}]",-11.492045998747855,,bradley_terry_hfa,0.0,-19
2025-01-08,Denver Nuggets,Los Angeles Clippers,126,103,False,False,2025-01-08|Los Angeles Clippers|Denver Nuggets,,,,2025-01-08|Los Angeles Clippers|Denver Nuggets,0.0005637388347956107,"[{""p_home_win"": 0.0005637388347956107, ""weight"": 1.0}]",-7.480355574788837,,bradley_terry_hfa,1.0,23
2025-01-08,Milwaukee Bucks,San Antonio Spurs,121,105,False,False,2025-01-08|San Antonio Spurs|Milwaukee Bucks,,,,2025-01-08|San Antonio Spurs|Milwaukee Bucks,0.004196031029661186,"[{""p_home_win"": 0.004196031029661186, ""weight"": 1.0}]",-5.469411334346274,,bradley_terry_hfa,1.0,16
2025-01-09,Cleveland Cavaliers,Toronto Raptors,132,126,False,False,2025-01-09|Toronto Raptors|Cleveland Cavaliers,,,,2025-01-09|Toronto Raptors|Cleveland Cavaliers,0.9999994161387379,"[{""p_home_win"": 0.9999994161387379, ""weight"": 1.0}]",14.353601863224775,,bradley_terry_hfa,1.0,6
2025-01-09,Detroit Pistons,Golden State Warriors,104,107,False,False,2025-01-09|Golden State Warriors|Detroit Pistons,,,,2025-01-09|Golden State Warriors|Detroit Pistons,0.0002213258659210565,"[{""p_home_win"": 0.0002213258659210565, ""weight"": 1.0}]",-8.415653085671474,,bradley_terry_hfa,0.0,-3
2025-01-09,Orlando Magic,Minnesota Timberwolves,89,104,False,False,2025-01-09|Minnesota Timberwolves|Orlando Magic,,,,2025-01-09|Minnesota Timberwolves|Orlando Magic,0.002214818177602383,"[{""p_home_win"": 0.002214818177602383, ""weight"": 1.0}]",-6.110367691200629,,bradley_terry_hfa,0.0,-15
2025-01-09,Dallas Mavericks,Portland Trail Blazers,117,111,False,False,2025-01-09|Portland Trail Blazers|Dallas Mavericks,,,,2025-01-09|Portland Trail Blazers|Dallas Mavericks,0.8192720183359505,"[{""p_home_win"": 0.8192720183359505, ""weight"": 1.0}]",1.5114231263300155,,bradley_terry_hfa,1.0,6
2025-01-09,Memphis Grizzlies,Houston Rockets,115,119,False,False,2025-01-09|Houston Rockets|Memphis Grizzlies,,,,2025-01-09|Houston Rockets|Memphis Grizzlies,5.9794607102435046e-05,"[{""p_home_win"": 5.9794607102435046e-05, ""weight"": 1.0}]",-9.724535286913007,,bradley_terry_hfa,0.0,-4
2025-01-09,Phoenix Suns,Atlanta Hawks,123,115,False,False,2025-01-09|Atlanta Hawks|Phoenix Suns,,,,2025-01-09|Atlanta Hawks|Phoenix Suns,7.206848109310965e-06,"[{""p_home_win"": 7.206848109310965e-06, ""weight"": 1.0}]",-11.840471650809004,,bradley_terry_hfa,1.0,8
2025-01-09,Utah Jazz,Miami Heat,92,97,False,False,2025-01-09|Miami Heat|Utah Jazz,,,,2025-01-09|Miami Heat|Utah Jazz,1.237075613929769e-07,"[{""p_home_win"": 1.237075613929769e-07, ""weight"": 1.0}]",-15.905345308845378,,bradley_terry_hfa,0.0,-5
2025-01-10,Indiana Pacers,Golden State Warriors,108,96,False,False,2025-01-10|Golden State Warriors|Indiana Pacers,,,,2025-01-10|Golden State Warriors|Indiana Pacers,9.749050471603552e-05,"[{""p_home_win"": 9.749050471603552e-05, ""weight"": 1.0}]",-9.235658076973563,,bradley_terry_hfa,1.0,12
2025-01-10,Orlando Magic,Milwaukee Bucks,106,109,False,False,2025-01-10|Milwaukee Bucks|Orlando Magic,,,,2025-01-10|Milwaukee Bucks|Orlando Magic,0.000603990501141264,"[{""p_home_win"": 0.000603990501141264, ""weight"": 1.0}]",-7.411347913763551,,bradley_terry_hfa,0.0,-3
2025-01-10,Philadelphia 76ers,New Orleans Pelicans,115,123,False,False,2025-01-10|New Orleans Pelicans|Philadelphia 76ers,,,,2025-01-10|New Orleans Pelicans|Philadelphia 76ers,0.20400113631990133,"[{""p_home_win"": 0.20400113631990133, ""weight"": 1.0}]",-1.361472194281502,,bradley_terry_hfa,0.0,-8
2025-01-10,Boston Celtics,Sacramento Kings,97,114,False,False,2025-01-10|Sacramento Kings|Boston Celtics,,,,2025-01-10|Sacramento Kings|Boston Celtics,0.9627622255565746,"[{""p_home_win"": 0.9627622255565746, ""weight"": 1.0}]",3.252482783098861,,bradley_terry_hfa,0.0,-17
2025-01-10,New York Knicks,Oklahoma City Thunder,101,126,False,False,2025-01-10|Oklahoma City Thunder|New York Knicks,,,,2025-01-10|Oklahoma City Thunder|New York Knicks,1.213622436138484e-07,"[{""p_home_win"": 1.213622436138484e-07, ""weight"": 1.0}]",-15.924485893454978,,bradley_terry_hfa,0.0,-25
2025-01-10,Chicago Bulls,Washington Wizards,138,105,False,False,2025-01-10|Washington Wizards|Chicago Bulls,,,,2025-01-10|Washington Wizards|Chicago Bulls,0.6713221547744819,"[{""p_home_win"": 0.6713221547744819, ""weight"": 1.0}]",0.7141710559939582,,bradley_terry_hfa,1.0,33
2025-01-10,Denver Nuggets,Brooklyn Nets,124,105,False,False,2025-01-10|Brooklyn Nets|Denver Nuggets,,,,2025-01-10|Brooklyn Nets|Denver Nuggets,0.7521980933078953,"[{""p_home_win"": 0.7521980933078953, ""weight"": 1.0}]",1.110370047567077,,bradley_terry_hfa,1.0,19
2025-01-11,Phoenix Suns,Utah Jazz,114,106,False,False,2025-01-11|Utah Jazz|Phoenix Suns,,,,2025-01-11|Utah Jazz|Phoenix Suns,0.05066188159591198,"[{""p_home_win"": 0.05066188159591198, ""weight"": 1.0}]",-2.9305912387725233,,bradley_terry_hfa,1.0,8
2025-01-11,Detroit Pistons,Toronto Raptors,123,114,False,False,2025-01-11|Toronto Raptors|Detroit Pistons,,,,2025-01-11|Toronto Raptors|Detroit Pistons,0.6343387731427973,"[{""p_home_win"": 0.6343387731427973, ""weight"": 1.0}]",0.5508758591432059,,bradley_terry_hfa,1.0,9
2025-01-11,Minnesota Timberwolves,Memphis Grizzlies,125,127,False,False,2025-01-11|Memphis Grizzlies|Minnesota Timberwolves,,,,2025-01-11|Memphis Grizzlies|Minnesota Timberwolves,4.0840838486149716e-05,"[{""p_home_win"": 4.0840838486149716e-05, ""weight"": 1.0}]",-10.105787192203385,,bradley_terry_hfa,0.0,-2
2025-01-11,Portland Trail Blazers,Miami Heat,98,119,False,False,2025-01-11|Miami Heat|Portland Trail Blazers,,,,2025-01-11|Miami Heat|Portland Trail Blazers,5.018152647672224e-07,"[{""p_home_win"": 5.018152647672224e-07, ""weight"": 1.0}]",-14.505033281639014,,bradley_terry_hfa,0.0,-21
2025-01-12,Dallas Mavericks,Denver Nuggets,101,112,False,False,2025-01-12|Denver Nuggets|Dallas Mavericks,,,,2025-01-12|Denver Nuggets|Dallas Mavericks,0.000366673316281055,"[{""p_home_win"": 0.000366673316281055, ""weight"": 1.0}]",-7.9106725121410175,,bradley_terry_hfa,0.0,-11
2025-01-12,New York Knicks,Milwaukee Bucks,140,106,False,False,2025-01-12|Milwaukee Bucks|New York Knicks,,,,2025-01-12|Milwaukee Bucks|New York Knicks,0.0005607569558361161,"[{""p_home_win"": 0.0005607569558361161, ""weight"": 1.0}]",-7.485662065879351,,bradley_terry_hfa,1.0,34
2025-01-12,Chicago Bulls,Sacramento Kings,119,124,False,False,2025-01-12|Sacramento Kings|Chicago Bulls,,,,2025-01-12|Sacramento Kings|Chicago Bulls,0.00024304180261625953,"[{""p_home_win"": 0.00024304180261625953, ""weight"": 1.0}]",-8.322034030849245,,bradley_terry_hfa,0.0,-5
2025-01-12,Boston Celtics,New Orleans Pelicans,120,119,False,False,2025-01-12|New Orleans Pelicans|Boston Celtics,,,,2025-01-12|New Orleans Pelicans|Boston Celtics,0.9999711790085493,"[{""p_home_win"": 0.9999711790085493, ""weight"": 1.0}]",10.45437774509498,,bradley_terry_hfa,1.0,1
2025-01-12,Cleveland Cavaliers,Indiana Pacers,93,108,False,False,2025-01-12|Indiana Pacers|Cleveland Cavaliers,,,,2025-01-12|Indiana Pacers|Cleveland Cavaliers,0.9847042373987153,"[{""p_home_win"": 0.9847042373987153, ""weight"": 1.0}]",4.164765493607655,,bradley_terry_hfa,0.0,-15
2025-01-12,Orlando Magic,Philadelphia 76ers,104,99,False,False,2025-01-12|Philadelphia 76ers|Orlando Magic,,,,2025-01-12|Philadelphia 76ers|Orlando Magic,0.2076355912961677,"[{""p_home_win"": 0.2076355912961677, ""weight"": 1.0}]",-1.3392368197014841,,bradley_terry_hfa,1.0,5
2025-01-12,Washington Wizards,Oklahoma City Thunder,95,136,False,False,2025-01-12|Oklahoma City Thunder|Washington Wizards,,,,2025-01-12|Oklahoma City Thunder|Washington Wizards,5.428242799756186e-14,"[{""p_home_win"": 5.428242799756186e-14, ""weight"": 1.0}]",-30.544575829964963,,bradley_terry_hfa,0.0,-41
2025-01-12,Utah Jazz,Brooklyn Nets,112,111,False,False,2025-01-12|Brooklyn Nets|Utah Jazz,,,,2025-01-12|Brooklyn Nets|Utah Jazz,1.7915910223573818e-05,"[{""p_home_win"": 1.7915910223573818e-05, ""weight"": 1.0}]",-10.92980348452479,,bradley_terry_hfa,1.0,1
2025-01-12,Phoenix Suns,Charlotte Hornets,120,113,False,False,2025-01-12|Charlotte Hornets|Phoenix Suns,,,,2025-01-12|Charlotte Hornets|Phoenix Suns,0.4008768886206388,"[{""p_home_win"": 0.4008768886206388, ""weight"": 1.0}]",-0.4018127359286927,,bradley_terry_hfa,1.0,7
2025-01-13,Washington Wizards,Minnesota Timberwolves,106,120,False,False,2025-01-13|Minnesota Timberwolves|Washington Wizards,,,,2025-01-13|Minnesota Timberwolves|Washington Wizards,1.4941122467599987e-09,"[{""p_home_win"": 1.4941122467599987e-09, ""weight"": 1.0}]",-20.321733619863785,,bradley_terry_hfa,0.0,-14
2025-01-13,New York Knicks,Detroit Pistons,119,124,False,False,2025-01-13|Detroit Pistons|New York Knicks,,,,2025-01-13|Detroit Pistons|New York Knicks,0.010244897869477356,"[{""p_home_win"": 0.010244897869477356, ""weight"": 1.0}]",-4.5706777281169995,,bradley_terry_hfa,0.0,-5
2025-01-13,Toronto Raptors,Golden State Warriors,104,101,False,False,2025-01-13|Golden State Warriors|Toronto Raptors,,,,2025-01-13|Golden State Warriors|Toronto Raptors,6.144958773987339e-09,"[{""p_home_win"": 6.144958773987339e-09, ""weight"": 1.0}]",-18.90763379667702,,bradley_terry_hfa,1.0,3
2025-01-13,Houston Rockets,Memphis Grizzlies,120,118,False,False,2025-01-13|Memphis Grizzlies|Houston Rockets,,,,2025-01-13|Memphis Grizzlies|Houston Rockets,0.007157808022574312,"[{""p_home_win"": 0.007157808022574312, ""weight"": 1.0}]",-4.932367938947206,,bradley_terry_hfa,1.0,2
2025-01-13,Los Angeles Clippers,Miami Heat,109,98,False,False,2025-01-13|Miami Heat|Los Angeles Clippers,,,,2025-01-13|Miami Heat|Los Angeles Clippers,0.0007851498670748392,"[{""p_home_win"": 0.0007851498670748392, ""weight"": 1.0}]",-7.148850486673726,,bradley_terry_hfa,1.0,11
2025-01-13,Los Angeles Lakers,San Antonio Spurs,102,126,False,False,2025-01-13|San Antonio Spurs|Los Angeles Lakers,,,,2025-01-13|San Antonio Spurs|Los Angeles Lakers,0.008161640974945303,"[{""p_home_win"": 0.008161640974945303, ""weight"": 1.0}]",-4.8001149008478805,,bradley_terry_hfa,0.0,-24
2025-01-14,Indiana Pacers,Cleveland Cavaliers,117,127,False,False,2025-01-14|Cleveland Cavaliers|Indiana Pacers,,,,2025-01-14|Cleveland Cavaliers|Indiana Pacers,4.928088541524323e-09,"[{""p_home_win"": 4.928088541524323e-09, ""weight"": 1.0}]",-19.12831463891841,,bradley_terry_hfa,0.0,-10
2025-01-14,Philadelphia 76ers,Oklahoma City Thunder,102,118,False,False,2025-01-14|Oklahoma City Thunder|Philadelphia 76ers,,,,2025-01-14|Oklahoma City Thunder|Philadelphia 76ers,1.8978500396181774e-12,"[{""p_home_win"": 1.8978500396181774e-12, ""weight"": 1.0}]",-26.990299428545182,,bradley_terry_hfa,0.0,-16
2025-01-14,Atlanta Hawks,Phoenix Suns,122,117,False,False,2025-01-14|Phoenix Suns|Atlanta Hawks,,,,2025-01-14|Phoenix Suns|Atlanta Hawks,0.000483136494765953,"[{""p_home_win"": 0.000483136494765953, ""weight"": 1.0}]",-7.634728093133032,,bradley_terry_hfa,1.0,5
2025-01-14,Chicago Bulls,New Orleans Pelicans,113,119,False,False,2025-01-14|New Orleans Pelicans|Chicago Bulls,,,,2025-01-14|New Orleans Pelicans|Chicago Bulls,0.5351113599653583,"[{""p_home_win"": 0.5351113599653583, ""weight"": 1.0}]",0.14067698159380804,,bradley_terry_hfa,0.0,-6
2025-01-14,Milwaukee Bucks,Sacramento Kings,130,115,False,False,2025-01-14|Sacramento Kings|Milwaukee Bucks,,,,2025-01-14|Sacramento Kings|Milwaukee Bucks,0.0010391514592949576,"[{""p_home_win"": 0.0010391514592949576, ""weight"": 1.0}]",-6.868311111632689,,bradley_terry_hfa,1.0,15
2025-01-14,Dallas Mavericks,Denver Nuggets,99,118,False,False,2025-01-14|Denver Nuggets|Dallas Mavericks,,,,2025-01-14|Denver Nuggets|Dallas Mavericks,0.00010203527546572087,"[{""p_home_win"": 0.00010203527546572087, ""weight"": 1.0}]",-9.190089926087502,,bradley_terry_hfa,0.0,-19
2025-01-14,Portland Trail Blazers,Brooklyn Nets,114,132,False,False,2025-01-14|Brooklyn Nets|Portland Trail Blazers,,,,2025-01-14|Brooklyn Nets|Portland Trail Blazers,0.0002493284454765778,"[{""p_home_win"": 0.0002493284454765778, ""weight"": 1.0}]",-8.296490113020646,,bradley_terry_hfa,0.0,-18
2025-01-15,Philadelphia 76ers,New York Knicks,119,125,False,False,2025-01-15|New York Knicks|Philadelphia 76ers,,,,2025-01-15|New York Knicks|Philadelphia 76ers,1.8248365246608778e-08,"[{""p_home_win"": 1.8248365246608778e-08, ""weight"": 1.0}]",-17.81919031820996,,bradley_terry_hfa,0.0,-6
2025-01-15,Toronto Raptors,Boston Celtics,110,97,False,False,2025-01-15|Boston Celtics|Toronto Raptors,,,,2025-01-15|Boston Celtics|Toronto Raptors,1.6886963315896446e-12,"[{""p_home_win"": 1.6886963315896446e-12, ""weight"": 1.0}]",-27.107064286101302,,bradley_terry_hfa,1.0,13
2025-01-15,Chicago Bulls,Atlanta Hawks,94,110,False,False,2025-01-15|Atlanta Hawks|Chicago Bulls,,,,2025-01-15|Atlanta Hawks|Chicago Bulls,1.4802594809731405e-05,"[{""p_home_win"": 1.4802594809731405e-05, ""weight"": 1.0}]",-11.120693264875612,,bradley_terry_hfa,0.0,-16
2025-01-15,Milwaukee Bucks,Orlando Magic,122,93,False,False,2025-01-15|Orlando Magic|Milwaukee Bucks,,,,2025-01-15|Orlando Magic|Milwaukee Bucks,0.00016640091560321687,"[{""p_home_win"": 0.00016640091560321687, ""weight"": 1.0}]",-8.700944112407354,,bradley_terry_hfa,1.0,29
2025-01-15,New Orleans Pelicans,Dallas Mavericks,119,116,False,False,2025-01-15|Dallas Mavericks|New Orleans Pelicans,,,,2025-01-15|Dallas Mavericks|New Orleans Pelicans,6.651139710031473e-10,"[{""p_home_win"": 6.651139710031473e-10, ""weight"": 1.0}]",-21.131062704325167,,bradley_terry_hfa,1.0,3
2025-01-15,San Antonio Spurs,Memphis Grizzlies,115,129,False,False,2025-01-15|Memphis Grizzlies|San Antonio Spurs,,,,2025-01-15|Memphis Grizzlies|San Antonio Spurs,1.2930886235547726e-06,"[{""p_home_win"": 1.2930886235547726e-06, ""weight"": 1.0}]",-13.558475626401616,,bradley_terry_hfa,0.0,-14
2025-01-15,Denver Nuggets,Houston Rockets,108,128,False,False,2025-01-15|Houston Rockets|Denver Nuggets,,,,2025-01-15|Houston Rockets|Denver Nuggets,1.2014633888824794e-06,"[{""p_home_win"": 1.2014633888824794e-06, ""weight"": 1.0}]",-13.631969051945664,,bradley_terry_hfa,0.0,-20
2025-01-15,Utah Jazz,Charlotte Hornets,112,117,False,False,2025-01-15|Charlotte Hornets|Utah Jazz,,,,2025-01-15|Charlotte Hornets|Utah Jazz,0.0007159105741378715,"[{""p_home_win"": 0.0007159105741378715, ""weight"": 1.0}]",-7.24123912829884,,bradley_terry_hfa,0.0,-5
2025-01-15,Minnesota Timberwolves,Golden State Warriors,115,116,False,False,2025-01-15|Golden State Warriors|Minnesota Timberwolves,,,,2025-01-15|Golden State Warriors|Minnesota Timberwolves,0.0005018216660011251,"[{""p_home_win"": 0.0005018216660011251, ""weight"": 1.0}]",-7.59676380077679,,bradley_terry_hfa,0.0,-1
2025-01-15,Los Angeles Lakers,Miami Heat,117,108,False,False,2025-01-15|Miami Heat|Los Angeles Lakers,,,,2025-01-15|Miami Heat|Los Angeles Lakers,0.0007194492363728751,"[{""p_home_win"": 0.0007194492363728751, ""weight"": 1.0}]",-7.236304879995262,,bradley_terry_hfa,1.0,9
2025-01-15,Los Angeles Clippers,Brooklyn Nets,126,67,False,False,2025-01-15|Brooklyn Nets|Los Angeles Clippers,,,,2025-01-15|Brooklyn Nets|Los Angeles Clippers,0.5800258633009315,"[{""p_home_win"": 0.5800258633009315, ""weight"": 1.0}]",0.3228795643510338,,bradley_terry_hfa,1.0,59
2025-01-16,Detroit Pistons,Indiana Pacers,100,111,False,False,2025-01-16|Indiana Pacers|Detroit Pistons,,,,2025-01-16|Indiana Pacers|Detroit Pistons,3.132777801530616e-05,"[{""p_home_win"": 3.132777801530616e-05, ""weight"": 1.0}]",-10.370974049196525,,bradley_terry_hfa,0.0,-11
2025-01-16,Washington Wizards,Phoenix Suns,123,130,False,False,2025-01-16|Phoenix Suns|Washington Wizards,,,,2025-01-16|Phoenix Suns|Washington Wizards,4.717213975974983e-08,"[{""p_home_win"": 4.717213975974983e-08, ""weight"": 1.0}]",-16.86946233078171,,bradley_terry_hfa,0.0,-7
2025-01-16,Oklahoma City Thunder,Cleveland Cavaliers,134,114,False,False,2025-01-16|Cleveland Cavaliers|Oklahoma City Thunder,,,,2025-01-16|Cleveland Cavaliers|Oklahoma City Thunder,0.00010342608033390661,"[{""p_home_win"": 0.00010342608033390661, ""weight"": 1.0}]",-9.176549968664155,,bradley_terry_hfa,1.0,20
2025-01-16,Portland Trail Blazers,Los Angeles Clippers,89,118,False,False,2025-01-16|Los Angeles Clippers|Portland Trail Blazers,,,,2025-01-16|Los Angeles Clippers|Portland Trail Blazers,3.997736624282424e-09,"[{""p_home_win"": 3.997736624282424e-09, ""weight"": 1.0}]",-19.33753747590827,,bradley_terry_hfa,0.0,-29
2025-01-16,Sacramento Kings,Houston Rockets,132,127,False,False,2025-01-16|Houston Rockets|Sacramento Kings,,,,2025-01-16|Houston Rockets|Sacramento Kings,3.1682340514500224e-09,"[{""p_home_win"": 3.1682340514500224e-09, ""weight"": 1.0}]",-19.57009148267808,,bradley_terry_hfa,1.0,5
2025-01-17,Boston Celtics,Orlando Magic,121,94,False,False,2025-01-17|Orlando Magic|Boston Celtics,,,,2025-01-17|Orlando Magic|Boston Celtics,0.07006047367586024,"[{""p_home_win"": 0.07006047367586024, ""weight"": 1.0}]",-2.5857607798257973,,bradley_terry_hfa,1.0,27
2025-01-17,New York Knicks,Minnesota Timberwolves,99,116,False,False,2025-01-17|Minnesota Timberwolves|New York Knicks,,,,2025-01-17|Minnesota Timberwolves|New York Knicks,0.0011907519934722221,"[{""p_home_win"": 0.0011907519934722221, ""weight"": 1.0}]",-6.731978782651174,,bradley_terry_hfa,0.0,-17
2025-01-17,Chicago Bulls,Charlotte Hornets,123,125,False,False,2025-01-17|Charlotte Hornets|Chicago Bulls,,,,2025-01-17|Charlotte Hornets|Chicago Bulls,0.180417801543423,"[{""p_home_win"": 0.180417801543423, ""weight"": 1.0}]",-1.513519415395777,,bradley_terry_hfa,0.0,-2
2025-01-17,Miami Heat,Denver Nuggets,113,133,False,False,2025-01-17|Denver Nuggets|Miami Heat,,,,2025-01-17|Denver Nuggets|Miami Heat,2.5316572252315085e-06,"[{""p_home_win"": 2.5316572252315085e-06, ""weight"": 1.0}]",-12.886633908266981,,bradley_terry_hfa,0.0,-20
2025-01-17,Milwaukee Bucks,Toronto Raptors,130,112,False,False,2025-01-17|Toronto Raptors|Milwaukee Bucks,,,,2025-01-17|Toronto Raptors|Milwaukee Bucks,0.9418812825015206,"[{""p_home_win"": 0.9418812825015206, ""weight"": 1.0}]",2.785391467547697,,bradley_terry_hfa,1.0,18
2025-01-17,New Orleans Pelicans,Utah Jazz,136,123,False,False,2025-01-17|Utah Jazz|New Orleans Pelicans,,,,2025-01-17|Utah Jazz|New Orleans Pelicans,0.00012413896315875865,"[{""p_home_win"": 0.00012413896315875865, ""weight"": 1.0}]",-8.993984802537629,,bradley_terry_hfa,1.0,13
2025-01-17,Dallas Mavericks,Oklahoma City Thunder,106,98,False,False,2025-01-17|Oklahoma City Thunder|Dallas Mavericks,,,,2025-01-17|Oklahoma City Thunder|Dallas Mavericks,7.944600700415419e-10,"[{""p_home_win"": 7.944600700415419e-10, ""weight"": 1.0}]",-20.95335838839192,,bradley_terry_hfa,1.0,8
2025-01-17,San Antonio Spurs,Memphis Grizzlies,112,140,False,False,2025-01-17|Memphis Grizzlies|San Antonio Spurs,,,,2025-01-17|Memphis Grizzlies|San Antonio Spurs,2.1856890384389829e-07,"[{""p_home_win"": 2.1856890384389829e-07, ""weight"": 1.0}]",-15.336164304154018,,bradley_terry_hfa,0.0,-28
2025-01-17,Los Angeles Lakers,Brooklyn Nets,102,101,False,False,2025-01-17|Brooklyn Nets|Los Angeles Lakers,,,,2025-01-17|Brooklyn Nets|Los Angeles Lakers,0.5854818676488446,"[{""p_home_win"": 0.5854818676488446, ""weight"": 1.0}]",0.34531849481945187,,bradley_terry_hfa,1.0,1
2025-01-18,Detroit Pistons,Phoenix Suns,121,125,False,False,2025-01-18|Phoenix Suns|Detroit Pistons,,,,2025-01-18|Phoenix Suns|Detroit Pistons,0.0003865683995497125,"[{""p_home_win"": 0.0003865683995497125, ""weight"": 1.0}]",-7.857815090789982,,bradley_terry_hfa,0.0,-4
2025-01-18,Boston Celtics,Atlanta Hawks,115,119,False,False,2025-01-18|Atlanta Hawks|Boston Celtics,,,,2025-01-18|Atlanta Hawks|Boston Celtics,0.24792219039303823,"[{""p_home_win"": 0.24792219039303823, ""weight"": 1.0}]",-1.109724840298707,,bradley_terry_hfa,0.0,-4
2025-01-18,Indiana Pacers,Philadelphia 76ers,115,102,False,False,2025-01-18|Philadelphia 76ers|Indiana Pacers,,,,2025-01-18|Philadelphia 76ers|Indiana Pacers,0.3525976942922015,"[{""p_home_win"": 0.3525976942922015, ""weight"": 1.0}]",-0.6076401721920845,,bradley_terry_hfa,1.0,13
2025-01-18,Golden State Warriors,Washington Wizards,122,114,False,False,2025-01-18|Washington Wizards|Golden State Warriors,,,,2025-01-18|Washington Wizards|Golden State Warriors,0.9778667984609339,"[{""p_home_win"": 0.9778667984609339, ""weight"": 1.0}]",3.7882946496300605,,bradley_terry_hfa,1.0,8
2025-01-18,Minnesota Timberwolves,Cleveland Cavaliers,117,124,False,False,2025-01-18|Cleveland Cavaliers|Minnesota Timberwolves,,,,2025-01-18|Cleveland Cavaliers|Minnesota Timberwolves,1.5668266889835427e-09,"[{""p_home_win"": 1.5668266889835427e-09, ""weight"": 1.0}]",-20.27421347864342,,bradley_terry_hfa,0.0,-7
2025-01-18,Portland Trail Blazers,Houston Rockets,103,125,False,False,2025-01-18|Houston Rockets|Portland Trail Blazers,,,,2025-01-18|Houston Rockets|Portland Trail Blazers,3.0176381786033205e-12,"[{""p_home_win"": 3.0176381786033205e-12, ""weight"": 1.0}]",-26.526546650572385,,bradley_terry_hfa,0.0,-22
2025-01-19,Miami Heat,San Antonio Spurs,128,107,False,False,2025-01-19|San Antonio Spurs|Miami Heat,,,,2025-01-19|San Antonio Spurs|Miami Heat,0.00041360707575221616,"[{""p_home_win"": 0.00041360707575221616, ""weight"": 1.0}]",-7.790180434563514,,bradley_terry_hfa,1.0,21
2025-01-19,Orlando Magic,Denver Nuggets,100,113,False,False,2025-01-19|Denver Nuggets|Orlando Magic,,,,2025-01-19|Denver Nuggets|Orlando Magic,3.343858134054463e-06,"[{""p_home_win"": 3.343858134054463e-06, ""weight"": 1.0}]",-12.608381943804794,,bradley_terry_hfa,0.0,-13
2025-01-19,Milwaukee Bucks,Philadelphia 76ers,123,109,False,False,2025-01-19|Philadelphia 76ers|Milwaukee Bucks,,,,2025-01-19|Philadelphia 76ers|Milwaukee Bucks,0.6063560426534588,"[{""p_home_win"": 0.6063560426534588, ""weight"": 1.0}]",0.4320205034800857,,bradley_terry_hfa,1.0,14
2025-01-19,Oklahoma City Thunder,Brooklyn Nets,127,101,False,False,2025-01-19|Brooklyn Nets|Oklahoma City Thunder,,,,2025-01-19|Brooklyn Nets|Oklahoma City Thunder,0.999987581923235,"[{""p_home_win"": 0.999987581923235, ""weight"": 1.0}]",11.2963449251383,,bradley_terry_hfa,1.0,26
2025-01-19,Los Angeles Clippers,Los Angeles Lakers,116,102,False,False,2025-01-19|Los Angeles Lakers|Los Angeles Clippers,,,,2025-01-19|Los Angeles Lakers|Los Angeles Clippers,0.00011639438772832037,"[{""p_home_win"": 0.00011639438772832037, ""weight"": 1.0}]",-9.058409838059692,,bradley_terry_hfa,1.0,14
2025-01-19,Portland Trail Blazers,Chicago Bulls,113,102,False,False,2025-01-19|Chicago Bulls|Portland Trail Blazers,,,,2025-01-19|Chicago Bulls|Portland Trail Blazers,1.2860900922992933e-06,"[{""p_home_win"": 1.2860900922992933e-06, ""weight"": 1.0}]",-13.56390259229146,,bradley_terry_hfa,1.0,11
2025-01-19,Sacramento Kings,Washington Wizards,123,100,False,False,2025-01-19|Washington Wizards|Sacramento Kings,,,,2025-01-19|Washington Wizards|Sacramento Kings,0.8973525188809858,"[{""p_home_win"": 0.8973525188809858, ""weight"": 1.0}]",2.1681481778678346,,bradley_terry_hfa,1.0,23
2025-01-20,Charlotte Hornets,Dallas Mavericks,110,105,False,False,2025-01-20|Dallas Mavericks|Charlotte Hornets,,,,2025-01-20|Dallas Mavericks|Charlotte Hornets,1.805948270556747e-10,"[{""p_home_win"": 1.805948270556747e-10, ""weight"": 1.0}]",-22.434765118277866,,bradley_terry_hfa,1.0,5
2025-01-20,Houston Rockets,Detroit Pistons,96,107,False,False,2025-01-20|Detroit Pistons|Houston Rockets,,,,2025-01-20|Detroit Pistons|Houston Rockets,0.7360968580545884,"[{""p_home_win"": 0.7360968580545884, ""weight"": 1.0}]",1.02577956143136,,bradley_terry_hfa,0.0,-11
2025-01-20,Memphis Grizzlies,Minnesota Timberwolves,108,106,False,False,2025-01-20|Minnesota Timberwolves|Memphis Grizzlies,,,,2025-01-20|Minnesota Timberwolves|Memphis Grizzlies,0.0042725307811892245,"[{""p_home_win"": 0.0042725307811892245, ""weight"": 1.0}]",-5.451267254387061,,bradley_terry_hfa,1.0,2
2025-01-20,New York Knicks,Atlanta Hawks,119,110,False,False,2025-01-20|Atlanta Hawks|New York Knicks,,,,2025-01-20|Atlanta Hawks|New York Knicks,0.000584433064969953,"[{""p_home_win"": 0.000584433064969953, ""weight"": 1.0}]",-7.44428369642948,,bradley_terry_hfa,1.0,9
2025-01-20,Cleveland Cavaliers,Phoenix Suns,118,92,False,False,2025-01-20|Phoenix Suns|Cleveland Cavaliers,,,,2025-01-20|Phoenix Suns|Cleveland Cavaliers,0.9951039396719649,"[{""p_home_win"": 0.9951039396719649, ""weight"": 1.0}]",5.314416326647951,,bradley_terry_hfa,1.0,26
2025-01-20,Golden State Warriors,Boston Celtics,85,125,False,False,2025-01-20|Boston Celtics|Golden State Warriors,,,,2025-01-20|Boston Celtics|Golden State Warriors,9.23164320281616e-08,"[{""p_home_win"": 9.23164320281616e-08, ""weight"": 1.0}]",-16.198043590492233,,bradley_terry_hfa,0.0,-40
2025-01-20,New Orleans Pelicans,Utah Jazz,123,119,False,False,2025-01-20|Utah Jazz|New Orleans Pelicans,,,,2025-01-20|Utah Jazz|New Orleans Pelicans,0.00022182233639947023,"[{""p_home_win"": 0.00022182233639947023, ""weight"": 1.0}]",-8.41341193603844,,bradley_terry_hfa,1.0,4
2025-01-20,Los Angeles Clippers,Chicago Bulls,99,112,False,False,2025-01-20|Chicago Bulls|Los Angeles Clippers,,,,2025-01-20|Chicago Bulls|Los Angeles Clippers,0.26485006039111797,"[{""p_home_win"": 0.26485006039111797, ""weight"": 1.0}]",-1.0209106218650525,,bradley_terry_hfa,0.0,-13
2025-01-21,Brooklyn Nets,New York Knicks,95,99,False,False,2025-01-21|New York Knicks|Brooklyn Nets,,,,2025-01-21|New York Knicks|Brooklyn Nets,1.1620525532406214e-09,"[{""p_home_win"": 1.1620525532406214e-09, ""weight"": 1.0}]",-20.573077951836346,,bradley_terry_hfa,0.0,-4
2025-01-21,Miami Heat,Portland Trail Blazers,107,116,False,False,2025-01-21|Portland Trail Blazers|Miami Heat,,,,2025-01-21|Portland Trail Blazers|Miami Heat,0.16448168256512968,"[{""p_home_win"": 0.16448168256512968, ""weight"": 1.0}]",-1.6252530598971262,,bradley_terry_hfa,0.0,-9
2025-01-21,Toronto Raptors,Orlando Magic,109,93,False,False,2025-01-21|Orlando Magic|Toronto Raptors,,,,2025-01-21|Orlando Magic|Toronto Raptors,1.7985145840804943e-09,"[{""p_home_win"": 1.7985145840804943e-09, ""weight"": 1.0}]",-20.13630474200277,,bradley_terry_hfa,1.0,16
2025-01-21,Denver Nuggets,Philadelphia 76ers,144,109,False,False,2025-01-21|Philadelphia 76ers|Denver Nuggets,,,,2025-01-21|Philadelphia 76ers|Denver Nuggets,0.964396634220315,"[{""p_home_win"": 0.964396634220315, ""weight"": 1.0}]",3.299062478514246,,bradley_terry_hfa,1.0,35
2025-01-21,Los Angeles Lakers,Washington Wizards,111,88,False,False,2025-01-21|Washington Wizards|Los Angeles Lakers,,,,2025-01-21|Washington Wizards|Los Angeles Lakers,0.995280375105643,"[{""p_home_win"": 0.995280375105643, ""weight"": 1.0}]",5.35129515658581,,bradley_terry_hfa,1.0,23
2025-01-22,Atlanta Hawks,Detroit Pistons,104,114,False,False,2025-01-22|Detroit Pistons|Atlanta Hawks,,,,2025-01-22|Detroit Pistons|Atlanta Hawks,0.0001985422694704395,"[{""p_home_win"": 0.0001985422694704395, ""weight"": 1.0}]",-8.524309974089418,,bradley_terry_hfa,0.0,-10
2025-01-22,Brooklyn Nets,Phoenix Suns,84,108,False,False,2025-01-22|Phoenix Suns|Brooklyn Nets,,,,2025-01-22|Phoenix Suns|Brooklyn Nets,6.186940762017283e-08,"[{""p_home_win"": 6.186940762017283e-08, ""weight"": 1.0}]",-16.598239940169034,,bradley_terry_hfa,0.0,-24
2025-01-22,Dallas Mavericks,Minnesota Timberwolves,114,115,False,False,2025-01-22|Minnesota Timberwolves|Dallas Mavericks,,,,2025-01-22|Minnesota Timberwolves|Dallas Mavericks,0.00014364257533765008,"[{""p_home_win"": 0.00014364257533765008, ""weight"": 1.0}]",-8.84803880676218,,bradley_terry_hfa,0.0,-1
2025-01-22,Houston Rockets,Cleveland Cavaliers,109,108,False,False,2025-01-22|Cleveland Cavaliers|Houston Rockets,,,,2025-01-22|Cleveland Cavaliers|Houston Rockets,3.020407275689476e-07,"[{""p_home_win"": 3.020407275689476e-07, ""weight"": 1.0}]",-15.012703667123667,,bradley_terry_hfa,1.0,1
2025-01-22,Memphis Grizzlies,Charlotte Hornets,132,120,False,False,2025-01-22|Charlotte Hornets|Memphis Grizzlies,,,,2025-01-22|Charlotte Hornets|Memphis Grizzlies,0.9992788309862494,"[{""p_home_win"": 0.9992788309862494, ""weight"": 1.0}]",7.233915603226375,,bradley_terry_hfa,1.0,12
2025-01-22,Oklahoma City Thunder,Utah Jazz,123,114,False,False,2025-01-22|Utah Jazz|Oklahoma City Thunder,,,,2025-01-22|Utah Jazz|Oklahoma City Thunder,0.9999998252337615,"[{""p_home_win"": 0.9999998252337615, ""weight"": 1.0}]",15.559816361009414,,bradley_terry_hfa,1.0,9
2025-01-22,Sacramento Kings,Golden State Warriors,123,117,False,False,2025-01-22|Golden State Warriors|Sacramento Kings,,,,2025-01-22|Golden State Warriors|Sacramento Kings,2.649851579253434e-05,"[{""p_home_win"": 2.649851579253434e-05, ""weight"": 1.0}]",-10.538395335502603,,bradley_terry_hfa,1.0,6
2025-01-22,Los Angeles Clippers,Boston Celtics,113,117,False,False,2025-01-22|Boston Celtics|Los Angeles Clippers,,,,2025-01-22|Boston Celtics|Los Angeles Clippers,2.0927398030796943e-07,"[{""p_home_win"": 2.0927398030796943e-07, ""weight"": 1.0}]",-15.379621323636215,,bradley_terry_hfa,0.0,-4
2025-01-23,Indiana Pacers,San Antonio Spurs,110,140,False,False,2025-01-23|San Antonio Spurs|Indiana Pacers,,,,2025-01-23|San Antonio Spurs|Indiana Pacers,0.010523355519345128,"[{""p_home_win"": 0.010523355519345128, ""weight"": 1.0}]",-4.5435790392414575,,bradley_terry_hfa,0.0,-30
2025-01-23,Orlando Magic,Portland Trail Blazers,79,101,False,False,2025-01-23|Portland Trail Blazers|Orlando Magic,,,,2025-01-23|Portland Trail Blazers|Orlando Magic,0.1527099705595723,"[{""p_home_win"": 0.1527099705595723, ""weight"": 1.0}]",-1.7135025505075774,,bradley_terry_hfa,0.0,-22
2025-01-23,Atlanta Hawks,Toronto Raptors,119,122,False,False,2025-01-23|Toronto Raptors|Atlanta Hawks,,,,2025-01-23|Toronto Raptors|Atlanta Hawks,0.5119923475705683,"[{""p_home_win"": 0.5119923475705683, ""weight"": 1.0}]",0.04797859183852893,,bradley_terry_hfa,0.0,-3
2025-01-23,Oklahoma City Thunder,Dallas Mavericks,115,121,False,False,2025-01-23|Dallas Mavericks|Oklahoma City Thunder,,,,2025-01-23|Dallas Mavericks|Oklahoma City Thunder,0.9230010932672951,"[{""p_home_win"": 0.9230010932672951, ""weight"": 1.0}]",2.483839195497433,,bradley_terry_hfa,0.0,-6
2025-01-23,Milwaukee Bucks,Miami Heat,125,96,False,False,2025-01-23|Miami Heat|Milwaukee Bucks,,,,2025-01-23|Miami Heat|Milwaukee Bucks,0.0015755209546795853,"[{""p_home_win"": 0.0015755209546795853, ""weight"": 1.0}]",-6.451592533126274,,bradley_terry_hfa,1.0,29
2025-01-23,Denver Nuggets,Sacramento Kings,132,123,False,False,2025-01-23|Sacramento Kings|Denver Nuggets,,,,2025-01-23|Sacramento Kings|Denver Nuggets,0.00908239538456693,"[{""p_home_win"": 0.00908239538456693, ""weight"": 1.0}]",-4.692293420500925,,bradley_terry_hfa,1.0,9
2025-01-23,Golden State Warriors,Chicago Bulls,131,106,False,False,2025-01-23|Chicago Bulls|Golden State Warriors,,,,2025-01-23|Chicago Bulls|Golden State Warriors,0.0023572835969587957,"[{""p_home_win"": 0.0023572835969587957, ""weight"": 1.0}]",-6.047885274748676,,bradley_terry_hfa,1.0,25
2025-01-23,Los Angeles Lakers,Boston Celtics,117,96,False,False,2025-01-23|Boston Celtics|Los Angeles Lakers,,,,2025-01-23|Boston Celtics|Los Angeles Lakers,3.080572766672907e-08,"[{""p_home_win"": 3.080572766672907e-08, ""weight"": 1.0}]",-17.29556517024468,,bradley_terry_hfa,1.0,21
2025-01-23,Los Angeles Clippers,Washington Wizards,110,93,False,False,2025-01-23|Washington Wizards|Los Angeles Clippers,,,,2025-01-23|Washington Wizards|Los Angeles Clippers,0.9950685121378166,"[{""p_home_win"": 0.9950685121378166, ""weight"": 1.0}]",5.307170851082031,,bradley_terry_hfa,1.0,17
2025-01-24,Charlotte Hornets,Portland Trail Blazers,97,102,False,False,2025-01-24|Portland Trail Blazers|Charlotte Hornets,,,,2025-01-24|Portland Trail Blazers|Charlotte Hornets,1.5997149255204157e-06,"[{""p_home_win"": 1.5997149255204157e-06, ""weight"": 1.0}]",-13.34568351642651,,bradley_terry_hfa,0.0,-5
2025-01-24,Philadelphia 76ers,Cleveland Cavaliers,132,129,False,False,2025-01-24|Cleveland Cavaliers|Philadelphia 76ers,,,,2025-01-24|Cleveland Cavaliers|Philadelphia 76ers,1.4218370079463608e-14,"[{""p_home_win"": 1.4218370079463608e-14, ""weight"": 1.0}]",-31.8842415988025,,bradley_terry_hfa,1.0,3
2025-01-24,Memphis Grizzlies,New Orleans Pelicans,139,126,False,False,2025-01-24|New Orleans Pelicans|Memphis Grizzlies,,,,2025-01-24|New Orleans Pelicans|Memphis Grizzlies,0.9991208982618496,"[{""p_home_win"": 0.9991208982618496, ""weight"": 1.0}]",7.035730435541463,,bradley_terry_hfa,1.0,13
2025-01-25,San Antonio Spurs,Indiana Pacers,98,136,False,False,2025-01-25|Indiana Pacers|San Antonio Spurs,,,,2025-01-25|Indiana Pacers|San Antonio Spurs,6.414146151732899e-07,"[{""p_home_win"": 6.414146151732899e-07, ""weight"": 1.0}]",-14.259589122169045,,bradley_terry_hfa,0.0,-38
2025-01-25,Minnesota Timberwolves,Denver Nuggets,133,104,False,False,2025-01-25|Denver Nuggets|Minnesota Timberwolves,,,,2025-01-25|Denver Nuggets|Minnesota Timberwolves,3.8548231714511434e-07,"[{""p_home_win"": 3.8548231714511434e-07, ""weight"": 1.0}]",-14.768770129434575,,bradley_terry_hfa,1.0,29
2025-01-25,Dallas Mavericks,Boston Celtics,107,122,False,False,2025-01-25|Boston Celtics|Dallas Mavericks,,,,2025-01-25|Boston Celtics|Dallas Mavericks,6.258212031303911e-08,"[{""p_home_win"": 6.258212031303911e-08, ""weight"": 1.0}]",-16.586786155057396,,bradley_terry_hfa,0.0,-15
2025-01-25,Brooklyn Nets,Miami Heat,97,106,False,False,2025-01-25|Miami Heat|Brooklyn Nets,,,,2025-01-25|Miami Heat|Brooklyn Nets,2.463293147442391e-08,"[{""p_home_win"": 2.463293147442391e-08, ""weight"": 1.0}]",-17.519181586783347,,bradley_terry_hfa,0.0,-9
2025-01-25,Charlotte Hornets,New Orleans Pelicans,123,92,False,False,2025-01-25|New Orleans Pelicans|Charlotte Hornets,,,,2025-01-25|New Orleans Pelicans|Charlotte Hornets,2.207483275139194e-05,"[{""p_home_win"": 2.207483275139194e-05, ""weight"": 1.0}]",-10.721050312807433,,bradley_terry_hfa,1.0,31
2025-01-25,Orlando Magic,Detroit Pistons,121,113,False,False,2025-01-25|Detroit Pistons|Orlando Magic,,,,2025-01-25|Detroit Pistons|Orlando Magic,1.4089896638032864e-05,"[{""p_home_win"": 1.4089896638032864e-05, ""weight"": 1.0}]",-11.17003847792338,,bradley_terry_hfa,1.0,8
2025-01-25,Atlanta Hawks,Toronto Raptors,94,117,False,False,2025-01-25|Toronto Raptors|Atlanta Hawks,,,,2025-01-25|Toronto Raptors|Atlanta Hawks,0.1964267046440992,"[{""p_home_win"": 0.1964267046440992, ""weight"": 1.0}]",-1.4087790437540164,,bradley_terry_hfa,0.0,-23
2025-01-25,Cleveland Cavaliers,Houston Rockets,131,135,False,False,2025-01-25|Houston Rockets|Cleveland Cavaliers,,,,2025-01-25|Houston Rockets|Cleveland Cavaliers,0.0018172662118539713,"[{""p_home_win"": 0.0018172662118539713, ""weight"": 1.0}]",-6.3086030691042705,,bradley_terry_hfa,0.0,-4
2025-01-25,New York Knicks,Sacramento Kings,143,120,False,False,2025-01-25|Sacramento Kings|New York Knicks,,,,2025-01-25|Sacramento Kings|New York Knicks,0.005372887654487649,"[{""p_home_win"": 0.005372887654487649, ""weight"": 1.0}]",-5.221002403198951,,bradley_terry_hfa,1.0,23
2025-01-25,Chicago Bulls,Philadelphia 76ers,97,109,False,False,2025-01-25|Philadelphia 76ers|Chicago Bulls,,,,2025-01-25|Philadelphia 76ers|Chicago Bulls,0.00045412294300129516,"[{""p_home_win"": 0.00045412294300129516, ""weight"": 1.0}]",-7.696688370932132,,bradley_terry_hfa,0.0,-12
2025-01-25,Memphis Grizzlies,Utah Jazz,125,103,False,False,2025-01-25|Utah Jazz|Memphis Grizzlies,,,,2025-01-25|Utah Jazz|Memphis Grizzlies,0.9998274518458505,"[{""p_home_win"": 0.9998274518458505, ""weight"": 1.0}]",8.664661642916759,,bradley_terry_hfa,1.0,22
2025-01-25,Golden State Warriors,Los Angeles Lakers,108,118,False,False,2025-01-25|Los Angeles Lakers|Golden State Warriors,,,,2025-01-25|Los Angeles Lakers|Golden State Warriors,3.1560950812588096e-06,"[{""p_home_win"": 3.1560950812588096e-06, ""weight"": 1.0}]",-12.666171872192823,,bradley_terry_hfa,0.0,-10
2025-01-25,Phoenix Suns,Washington Wizards,119,109,False,False,2025-01-25|Washington Wizards|Phoenix Suns,,,,2025-01-25|Washington Wizards|Phoenix Suns,0.9715404463353224,"[{""p_home_win"": 0.9715404463353224, ""weight"": 1.0}]",3.5303989911839206,,bradley_terry_hfa,1.0,10
2025-01-25,Los Angeles Clippers,Milwaukee Bucks,127,117,False,False,2025-01-25|Milwaukee Bucks|Los Angeles Clippers,,,,2025-01-25|Milwaukee Bucks|Los Angeles Clippers,2.7129872629700715e-05,"[{""p_home_win"": 2.7129872629700715e-05, ""weight"": 1.0}]",-10.514847995877636,,bradley_terry_hfa,1.0,10
2025-01-26,Portland Trail Blazers,Oklahoma City Thunder,108,118,False,False,2025-01-26|Oklahoma City Thunder|Portland Trail Blazers,,,,2025-01-26|Oklahoma City Thunder|Portland Trail Blazers,3.0457550040742435e-14,"[{""p_home_win"": 3.0457550040742435e-14, ""weight"": 1.0}]",-31.122442482696115,,bradley_terry_hfa,0.0,-10
2025-01-27,Charlotte Hornets,Los Angeles Lakers,107,112,False,False,2025-01-27|Los Angeles Lakers|Charlotte Hornets,,,,2025-01-27|Los Angeles Lakers|Charlotte Hornets,1.1316173125369152e-11,"[{""p_home_win"": 1.1316173125369152e-11, ""weight"": 1.0}]",-25.20478816342835,,bradley_terry_hfa,0.0,-5
2025-01-27,Cleveland Cavaliers,Detroit Pistons,110,91,False,False,2025-01-27|Detroit Pistons|Cleveland Cavaliers,,,,2025-01-27|Detroit Pistons|Cleveland Cavaliers,0.9294243900552467,"[{""p_home_win"": 0.9294243900552467, ""weight"": 1.0}]",2.577880842496553,,bradley_terry_hfa,1.0,19
2025-01-27,Boston Celtics,Houston Rockets,112,114,False,False,2025-01-27|Houston Rockets|Boston Celtics,,,,2025-01-27|Houston Rockets|Boston Celtics,1.7105621519030472e-05,"[{""p_home_win"": 1.7105621519030472e-05, ""weight"": 1.0}]",-10.97608629890929,,bradley_terry_hfa,0.0,-2
2025-01-27,Brooklyn Nets,Sacramento Kings,96,110,False,False,2025-01-27|Sacramento Kings|Brooklyn Nets,,,,2025-01-27|Sacramento Kings|Brooklyn Nets,9.847763225385384e-09,"[{""p_home_win"": 9.847763225385384e-09, ""weight"": 1.0}]",-18.43602148141928,,bradley_terry_hfa,0.0,-14
2025-01-27,Miami Heat,Orlando Magic,125,119,False,False,2025-01-27|Orlando Magic|Miami Heat,,,,2025-01-27|Orlando Magic|Miami Heat,2.3358802472465592e-05,"[{""p_home_win"": 2.3358802472465592e-05, ""weight"": 1.0}]",-10.664513306264164,,bradley_terry_hfa,1.0,6
2025-01-27,New York Knicks,Memphis Grizzlies,143,106,False,False,2025-01-27|Memphis Grizzlies|New York Knicks,,,,2025-01-27|Memphis Grizzlies|New York Knicks,3.953835224748907e-06,"[{""p_home_win"": 3.953835224748907e-06, ""weight"": 1.0}]",-12.440820553294035,,bradley_terry_hfa,1.0,37
2025-01-27,Toronto Raptors,New Orleans Pelicans,113,104,False,False,2025-01-27|New Orleans Pelicans|Toronto Raptors,,,,2025-01-27|New Orleans Pelicans|Toronto Raptors,0.00027230706373630964,"[{""p_home_win"": 0.00027230706373630964, ""weight"": 1.0}]",-8.208307873467605,,bradley_terry_hfa,1.0,9
2025-01-27,Chicago Bulls,Denver Nuggets,129,121,False,False,2025-01-27|Denver Nuggets|Chicago Bulls,,,,2025-01-27|Denver Nuggets|Chicago Bulls,4.855909994612718e-10,"[{""p_home_win"": 4.855909994612718e-10, ""weight"": 1.0}]",-21.4456544107515,,bradley_terry_hfa,1.0,8
2025-01-27,Minnesota Timberwolves,Atlanta Hawks,100,92,False,False,2025-01-27|Atlanta Hawks|Minnesota Timberwolves,,,,2025-01-27|Atlanta Hawks|Minnesota Timberwolves,0.002680884504040417,"[{""p_home_win"": 0.002680884504040417, ""weight"": 1.0}]",-5.918924015578676,,bradley_terry_hfa,1.0,8
2025-01-27,Dallas Mavericks,Washington Wizards,130,108,False,False,2025-01-27|Washington Wizards|Dallas Mavericks,,,,2025-01-27|Washington Wizards|Dallas Mavericks,0.9954192492436383,"[{""p_home_win"": 0.9954192492436383, ""weight"": 1.0}]",5.381301099141282,,bradley_terry_hfa,1.0,22
2025-01-27,Utah Jazz,Milwaukee Bucks,110,125,False,False,2025-01-27|Milwaukee Bucks|Utah Jazz,,,,2025-01-27|Milwaukee Bucks|Utah Jazz,8.116743642654146e-12,"[{""p_home_win"": 8.116743642654146e-12, ""weight"": 1.0}]",-25.537092071410356,,bradley_terry_hfa,0.0,-15
2025-01-27,Phoenix Suns,Los Angeles Clippers,111,109,False,False,2025-01-27|Los Angeles Clippers|Phoenix Suns,,,,2025-01-27|Los Angeles Clippers|Phoenix Suns,1.1951969311336233e-06,"[{""p_home_win"": 1.1951969311336233e-06, ""weight"": 1.0}]",-13.637198395032794,,bradley_terry_hfa,1.0,2
2025-01-28,Atlanta Hawks,Houston Rockets,96,100,False,False,2025-01-28|Houston Rockets|Atlanta Hawks,,,,2025-01-28|Houston Rockets|Atlanta Hawks,8.271553396828685e-11,"[{""p_home_win"": 8.271553396828685e-11, ""weight"": 1.0}]",-23.215613696288294,,bradley_terry_hfa,0.0,-4
2025-01-28,Philadelphia 76ers,Los Angeles Lakers,118,104,False,False,2025-01-28|Los Angeles Lakers|Philadelphia 76ers,,,,2025-01-28|Los Angeles Lakers|Philadelphia 76ers,1.0737405215863805e-09,"[{""p_home_win"": 1.0737405215863805e-09, ""weight"": 1.0}]",-20.652117468988664,,bradley_terry_hfa,1.0,14
2025-01-28,Golden State Warriors,Utah Jazz,114,103,False,False,2025-01-28|Utah Jazz|Golden State Warriors,,,,2025-01-28|Utah Jazz|Golden State Warriors,0.8688209417503353,"[{""p_home_win"": 0.8688209417503353, ""weight"": 1.0}]",1.8905738063434399,,bradley_terry_hfa,1.0,11
2025-01-28,Portland Trail Blazers,Milwaukee Bucks,125,112,False,False,2025-01-28|Milwaukee Bucks|Portland Trail Blazers,,,,2025-01-28|Milwaukee Bucks|Portland Trail Blazers,1.23744336451466e-09,"[{""p_home_win"": 1.23744336451466e-09, ""weight"": 1.0}]",-20.510218387344317,,bradley_terry_hfa,1.0,13
2025-01-29,Charlotte Hornets,Brooklyn Nets,83,104,False,False,2025-01-29|Brooklyn Nets|Charlotte Hornets,,,,2025-01-29|Brooklyn Nets|Charlotte Hornets,6.2601116210301714e-06,"[{""p_home_win"": 6.2601116210301714e-06, ""weight"": 1.0}]",-11.981306282044528,,bradley_terry_hfa,0.0,-21
2025-01-29,Indiana Pacers,Detroit Pistons,133,119,False,False,2025-01-29|Detroit Pistons|Indiana Pacers,,,,2025-01-29|Detroit Pistons|Indiana Pacers,0.0004463534240147417,"[{""p_home_win"": 0.0004463534240147417, ""weight"": 1.0}]",-7.713953036155827,,bradley_terry_hfa,1.0,14
2025-01-29,Washington Wizards,Toronto Raptors,82,106,False,False,2025-01-29|Toronto Raptors|Washington Wizards,,,,2025-01-29|Toronto Raptors|Washington Wizards,1.5988145104636264e-07,"[{""p_home_win"": 1.5988145104636264e-07, ""weight"": 1.0}]",-15.648833067416358,,bradley_terry_hfa,0.0,-24
2025-01-29,Boston Celtics,Chicago Bulls,122,100,False,False,2025-01-29|Chicago Bulls|Boston Celtics,,,,2025-01-29|Chicago Bulls|Boston Celtics,0.9763757260849187,"[{""p_home_win"": 0.9763757260849187, ""weight"": 1.0}]",3.721572738429579,,bradley_terry_hfa,1.0,22
2025-01-29,Miami Heat,Cleveland Cavaliers,106,126,False,False,2025-01-29|Cleveland Cavaliers|Miami Heat,,,,2025-01-29|Cleveland Cavaliers|Miami Heat,5.858589759129437e-11,"[{""p_home_win"": 5.858589759129437e-11, ""weight"": 1.0}]",-23.560527103687825,,bradley_terry_hfa,0.0,-20
2025-01-29,New York Knicks,Denver Nuggets,122,112,False,False,2025-01-29|Denver Nuggets|New York Knicks,,,,2025-01-29|Denver Nuggets|New York Knicks,4.3277832393863505e-05,"[{""p_home_win"": 4.3277832393863505e-05, ""weight"": 1.0}]",-10.047826729232437,,bradley_terry_hfa,1.0,10
2025-01-29,Philadelphia 76ers,Sacramento Kings,117,104,False,False,2025-01-29|Sacramento Kings|Philadelphia 76ers,,,,2025-01-29|Sacramento Kings|Philadelphia 76ers,1.945930199405184e-07,"[{""p_home_win"": 1.945930199405184e-07, ""weight"": 1.0}]",-15.452355341998526,,bradley_terry_hfa,1.0,13
2025-01-29,New Orleans Pelicans,Dallas Mavericks,136,137,False,False,2025-01-29|Dallas Mavericks|New Orleans Pelicans,,,,2025-01-29|Dallas Mavericks|New Orleans Pelicans,4.1909416294155125e-11,"[{""p_home_win"": 4.1909416294155125e-11, ""weight"": 1.0}]",-23.895510581649724,,bradley_terry_hfa,0.0,-1
2025-01-29,San Antonio Spurs,Los Angeles Clippers,116,128,False,False,2025-01-29|Los Angeles Clippers|San Antonio Spurs,,,,2025-01-29|Los Angeles Clippers|San Antonio Spurs,6.015871731972907e-08,"[{""p_home_win"": 6.015871731972907e-08, ""weight"": 1.0}]",-16.626279418521527,,bradley_terry_hfa,0.0,-12
2025-01-29,Phoenix Suns,Minnesota Timberwolves,113,121,False,False,2025-01-29|Minnesota Timberwolves|Phoenix Suns,,,,2025-01-29|Minnesota Timberwolves|Phoenix Suns,1.2398387796325686e-06,"[{""p_home_win"": 1.2398387796325686e-06, ""weight"": 1.0}]",-13.600527963385996,,bradley_terry_hfa,0.0,-8
2025-01-29,Golden State Warriors,Oklahoma City Thunder,116,109,False,False,2025-01-29|Oklahoma City Thunder|Golden State Warriors,,,,2025-01-29|Oklahoma City Thunder|Golden State Warriors,2.041648452652101e-11,"[{""p_home_win"": 2.041648452652101e-11, ""weight"": 1.0}]",-24.61467847634119,,bradley_terry_hfa,1.0,7
2025-01-30,Cleveland Cavaliers,Atlanta Hawks,137,115,False,False,2025-01-30|Atlanta Hawks|Cleveland Cavaliers,,,,2025-01-30|Atlanta Hawks|Cleveland Cavaliers,0.9980766858957348,"[{""p_home_win"": 0.9980766858957348, ""weight"": 1.0}]",6.251780318914857,,bradley_terry_hfa,1.0,22
2025-01-30,Washington Wizards,Los Angeles Lakers,96,134,False,False,2025-01-30|Los Angeles Lakers|Washington Wizards,,,,2025-01-30|Los Angeles Lakers|Washington Wizards,2.2321097482650316e-13,"[{""p_home_win"": 2.2321097482650316e-13, ""weight"": 1.0}]",-29.13065899524249,,bradley_terry_hfa,0.0,-38
2025-01-30,Utah Jazz,Minnesota Timberwolves,113,138,False,False,2025-01-30|Minnesota Timberwolves|Utah Jazz,,,,2025-01-30|Minnesota Timberwolves|Utah Jazz,4.354508980558327e-13,"[{""p_home_win"": 4.354508980558327e-13, ""weight"": 1.0}]",-28.46239435341094,,bradley_terry_hfa,0.0,-25
2025-01-30,Memphis Grizzlies,Houston Rockets,120,119,False,False,2025-01-30|Houston Rockets|Memphis Grizzlies,,,,2025-01-30|Houston Rockets|Memphis Grizzlies,3.8139164111448304e-07,"[{""p_home_win"": 3.8139164111448304e-07, ""weight"": 1.0}]",-14.779438678951347,,bradley_terry_hfa,1.0,1
2025-01-30,Portland Trail Blazers,Orlando Magic,119,90,False,False,2025-01-30|Orlando Magic|Portland Trail Blazers,,,,2025-01-30|Orlando Magic|Portland Trail Blazers,2.0643803052054284e-07,"[{""p_home_win"": 2.0643803052054284e-07, ""weight"": 1.0}]",-15.393265357476098,,bradley_terry_hfa,1.0,29
2025-01-31,Charlotte Hornets,Los Angeles Clippers,104,112,False,False,2025-01-31|Los Angeles Clippers|Charlotte Hornets,,,,2025-01-31|Los Angeles Clippers|Charlotte Hornets,2.0114105437757734e-12,"[{""p_home_win"": 2.0114105437757734e-12, ""weight"": 1.0}]",-26.932184876903595,,bradley_terry_hfa,0.0,-8
2025-01-31,Detroit Pistons,Dallas Mavericks,117,102,False,False,2025-01-31|Dallas Mavericks|Detroit Pistons,,,,2025-01-31|Dallas Mavericks|Detroit Pistons,2.383991612214065e-06,"[{""p_home_win"": 2.383991612214065e-06, ""weight"": 1.0}]",-12.94673194313949,,bradley_terry_hfa,1.0,15
2025-01-31,Philadelphia 76ers,Denver Nuggets,134,137,False,False,2025-01-31|Denver Nuggets|Philadelphia 76ers,,,,2025-01-31|Denver Nuggets|Philadelphia 76ers,1.1590417337676871e-09,"[{""p_home_win"": 1.1590417337676871e-09, ""weight"": 1.0}]",-20.575672263650358,,bradley_terry_hfa,0.0,-3
2025-01-31,Toronto Raptors,Chicago Bulls,106,122,False,False,2025-01-31|Chicago Bulls|Toronto Raptors,,,,2025-01-31|Chicago Bulls|Toronto Raptors,1.6722848200034812e-06,"[{""p_home_win"": 1.6722848200034812e-06, ""weight"": 1.0}]",-13.301318038630896,,bradley_terry_hfa,0.0,-16
2025-01-31,New Orleans Pelicans,Boston Celtics,116,118,False,False,2025-01-31|Boston Celtics|New Orleans Pelicans,,,,2025-01-31|Boston Celtics|New Orleans Pelicans,3.2816900395856097e-14,"[{""p_home_win"": 3.2816900395856097e-14, ""weight"": 1.0}]",-31.04783275624811,,bradley_terry_hfa,0.0,-2
2025-01-31,San Antonio Spurs,Milwaukee Bucks,144,118,False,False,2025-01-31|Milwaukee Bucks|San Antonio Spurs,,,,2025-01-31|Milwaukee Bucks|San Antonio Spurs,2.6449225652241108e-08,"[{""p_home_win"": 2.6449225652241108e-08, ""weight"": 1.0}]",-17.448038928529133,,bradley_terry_hfa,1.0,26
2025-01-31,Golden State Warriors,Phoenix Suns,105,130,False,False,2025-01-31|Phoenix Suns|Golden State Warriors,,,,2025-01-31|Phoenix Suns|Golden State Warriors,6.08486917159613e-05,"[{""p_home_win"": 6.08486917159613e-05, ""weight"": 1.0}]",-9.707059388367338,,bradley_terry_hfa,0.0,-25
2025-02-01,Indiana Pacers,Atlanta Hawks,132,127,False,False,2025-02-01|Atlanta Hawks|Indiana Pacers,,,,2025-02-01|Atlanta Hawks|Indiana Pacers,0.016943437164525364,"[{""p_home_win"": 0.016943437164525364, ""weight"": 1.0}]",-4.0607860886085305,,bradley_terry_hfa,1.0,5
2025-02-01,Utah Jazz,Orlando Magic,113,99,False,False,2025-02-01|Orlando Magic|Utah Jazz,,,,2025-02-01|Orlando Magic|Utah Jazz,3.852977294717677e-10,"[{""p_home_win"": 3.852977294717677e-10, ""weight"": 1.0}]",-21.677004756812572,,bradley_terry_hfa,1.0,14
2025-02-01,Charlotte Hornets,Denver Nuggets,104,107,False,False,2025-02-01|Denver Nuggets|Charlotte Hornets,,,,2025-02-01|Denver Nuggets|Charlotte Hornets,2.4023418262599255e-13,"[{""p_home_win"": 2.4023418262599255e-13, ""weight"": 1.0}]",-29.057162186372075,,bradley_terry_hfa,0.0,-3
2025-02-01,Houston Rockets,Brooklyn Nets,98,110,False,False,2025-02-01|Brooklyn Nets|Houston Rockets,,,,2025-02-01|Brooklyn Nets|Houston Rockets,0.9999786690618894,"[{""p_home_win"": 0.9999786690618894, ""weight"": 1.0}]",10.755330714480511,,bradley_terry_hfa,0.0,-12
2025-02-01,Minnesota Timberwolves,Washington Wizards,103,105,False,False,2025-02-01|Washington Wizards|Minnesota Timberwolves,,,,2025-02-01|Washington Wizards|Minnesota Timberwolves,0.9999588934599898,"[{""p_home_win"": 0.9999588934599898, ""weight"": 1.0}]",10.099302217398368,,bradley_terry_hfa,0.0,-2
2025-02-01,Oklahoma City Thunder,Sacramento Kings,144,110,False,False,2025-02-01|Sacramento Kings|Oklahoma City Thunder,,,,2025-02-01|Sacramento Kings|Oklahoma City Thunder,0.9948856200364595,"[{""p_home_win"": 0.9948856200364595, ""weight"": 1.0}]",5.2705716030067755,,bradley_terry_hfa,1.0,34
2025-02-01,New York Knicks,Los Angeles Lakers,112,128,False,False,2025-02-01|Los Angeles Lakers|New York Knicks,,,,2025-02-01|Los Angeles Lakers|New York Knicks,0.0003693082737917464,"[{""p_home_win"": 0.0003693082737917464, ""weight"": 1.0}]",-7.903509455886603,,bradley_terry_hfa,0.0,-16
2025-02-01,San Antonio Spurs,Miami Heat,103,105,False,False,2025-02-01|Miami Heat|San Antonio Spurs,,,,2025-02-01|Miami Heat|San Antonio Spurs,1.8643658663052825e-06,"[{""p_home_win"": 1.8643658663052825e-06, ""weight"": 1.0}]",-13.192587716387013,,bradley_terry_hfa,0.0,-2
2025-02-01,Portland Trail Blazers,Phoenix Suns,127,108,False,False,2025-02-01|Phoenix Suns|Portland Trail Blazers,,,,2025-02-01|Phoenix Suns|Portland Trail Blazers,3.936423992778809e-08,"[{""p_home_win"": 3.936423992778809e-08, ""weight"": 1.0}]",-17.050408009457104,,bradley_terry_hfa,1.0,19
2025-02-02,Detroit Pistons,Chicago Bulls,127,119,False,False,2025-02-02|Chicago Bulls|Detroit Pistons,,,,2025-02-02|Chicago Bulls|Detroit Pistons,0.0028794513525655916,"[{""p_home_win"": 0.0028794513525655916, ""weight"": 1.0}]",-5.847271900615684,,bradley_terry_hfa,1.0,8
2025-02-02,Cleveland Cavaliers,Dallas Mavericks,144,101,False,False,2025-02-02|Dallas Mavericks|Cleveland Cavaliers,,,,2025-02-02|Dallas Mavericks|Cleveland Cavaliers,0.8734840202409494,"[{""p_home_win"": 0.8734840202409494, ""weight"": 1.0}]",1.9321212130684273,,bradley_terry_hfa,1.0,43
2025-02-02,Toronto Raptors,Los Angeles Clippers,115,108,False,False,2025-02-02|Los Angeles Clippers|Toronto Raptors,,,,2025-02-02|Los Angeles Clippers|Toronto Raptors,3.51767272872609e-11,"[{""p_home_win"": 3.51767272872609e-11, ""weight"": 1.0}]",-24.070636408561644,,bradley_terry_hfa,1.0,7
2025-02-02,Philadelphia 76ers,Boston Celtics,110,118,False,False,2025-02-02|Boston Celtics|Philadelphia 76ers,,,,2025-02-02|Boston Celtics|Philadelphia 76ers,6.8892867803612695e-12,"[{""p_home_win"": 6.8892867803612695e-12, ""weight"": 1.0}]",-25.701053551441202,,bradley_terry_hfa,0.0,-8
2025-02-02,Milwaukee Bucks,Memphis Grizzlies,119,132,False,False,2025-02-02|Memphis Grizzlies|Milwaukee Bucks,,,,2025-02-02|Memphis Grizzlies|Milwaukee Bucks,1.3058002753313547e-07,"[{""p_home_win"": 1.3058002753313547e-07, ""weight"": 1.0}]",-15.851279429755287,,bradley_terry_hfa,0.0,-13
2025-02-03,Charlotte Hornets,Washington Wizards,114,124,False,False,2025-02-03|Washington Wizards|Charlotte Hornets,,,,2025-02-03|Washington Wizards|Charlotte Hornets,0.000100336348667535,"[{""p_home_win"": 0.000100336348667535, ""weight"": 1.0}]",-9.206882187787599,,bradley_terry_hfa,0.0,-10
2025-02-03,Detroit Pistons,Atlanta Hawks,130,132,False,False,2025-02-03|Atlanta Hawks|Detroit Pistons,,,,2025-02-03|Atlanta Hawks|Detroit Pistons,0.0016433667783759443,"[{""p_home_win"": 0.0016433667783759443, ""weight"": 1.0}]",-6.4093635092630645,,bradley_terry_hfa,0.0,-2
2025-02-03,New York Knicks,Houston Rockets,124,118,False,False,2025-02-03|Houston Rockets|New York Knicks,,,,2025-02-03|Houston Rockets|New York Knicks,1.778198632495414e-07,"[{""p_home_win"": 1.778198632495414e-07, ""weight"": 1.0}]",-15.542494625472518,,bradley_terry_hfa,1.0,6
2025-02-03,Memphis Grizzlies,San Antonio Spurs,128,109,False,False,2025-02-03|San Antonio Spurs|Memphis Grizzlies,,,,2025-02-03|San Antonio Spurs|Memphis Grizzlies,0.915242274294634,"[{""p_home_win"": 0.915242274294634, ""weight"": 1.0}]",2.3793919100059533,,bradley_terry_hfa,1.0,19
2025-02-03,Minnesota Timberwolves,Sacramento Kings,114,116,False,False,2025-02-03|Sacramento Kings|Minnesota Timberwolves,,,,2025-02-03|Sacramento Kings|Minnesota Timberwolves,0.003076859591380919,"[{""p_home_win"": 0.003076859591380919, ""weight"": 1.0}]",-5.780764212487873,,bradley_terry_hfa,0.0,-2
2025-02-03,Oklahoma City Thunder,Milwaukee Bucks,125,96,False,False,2025-02-03|Milwaukee Bucks|Oklahoma City Thunder,,,,2025-02-03|Milwaukee Bucks|Oklahoma City Thunder,0.7257434614042754,"[{""p_home_win"": 0.7257434614042754, ""weight"": 1.0}]",0.9731326528257647,,bradley_terry_hfa,1.0,29
2025-02-03,Denver Nuggets,New Orleans Pelicans,125,113,False,False,2025-02-03|New Orleans Pelicans|Denver Nuggets,,,,2025-02-03|New Orleans Pelicans|Denver Nuggets,0.9996976098932385,"[{""p_home_win"": 0.9996976098932385, ""weight"": 1.0}]",8.103490194094093,,bradley_terry_hfa,1.0,12
2025-02-03,Utah Jazz,Indiana Pacers,111,112,False,False,2025-02-03|Indiana Pacers|Utah Jazz,,,,2025-02-03|Indiana Pacers|Utah Jazz,4.404517969575988e-13,"[{""p_home_win"": 4.404517969575988e-13, ""weight"": 1.0}]",-28.450975383540765,,bradley_terry_hfa,0.0,-1
2025-02-03,Golden State Warriors,Orlando Magic,104,99,False,False,2025-02-03|Orlando Magic|Golden State Warriors,,,,2025-02-03|Orlando Magic|Golden State Warriors,0.00017755284480983996,"[{""p_home_win"": 0.00017755284480983996, ""weight"": 1.0}]",-8.63606470751007,,bradley_terry_hfa,1.0,5
2025-02-03,Portland Trail Blazers,Phoenix Suns,121,119,False,False,2025-02-03|Phoenix Suns|Portland Trail Blazers,,,,2025-02-03|Phoenix Suns|Portland Trail Blazers,4.681396515869885e-08,"[{""p_home_win"": 4.681396515869885e-08, ""weight"": 1.0}]",-16.877084230894617,,bradley_terry_hfa,1.0,2
2025-02-04,Philadelphia 76ers,Dallas Mavericks,118,116,False,False,2025-02-04|Dallas Mavericks|Philadelphia 76ers,,,,2025-02-04|Dallas Mavericks|Philadelphia 76ers,7.044423198030798e-09,"[{""p_home_win"": 7.044423198030798e-09, ""weight"": 1.0}]",-18.771029561851986,,bradley_terry_hfa,1.0,2
2025-02-04,Brooklyn Nets,Houston Rockets,99,97,False,False,2025-02-04|Houston Rockets|Brooklyn Nets,,,,2025-02-04|Houston Rockets|Brooklyn Nets,4.187523672844786e-14,"[{""p_home_win"": 4.187523672844786e-14, ""weight"": 1.0}]",-30.804081751564727,,bradley_terry_hfa,1.0,2
2025-02-04,Cleveland Cavaliers,Boston Celtics,105,112,False,False,2025-02-04|Boston Celtics|Cleveland Cavaliers,,,,2025-02-04|Boston Celtics|Cleveland Cavaliers,0.0028841233893029147,"[{""p_home_win"": 0.0028841233893029147, ""weight"": 1.0}]",-5.845645985901655,,bradley_terry_hfa,0.0,-7
2025-02-04,Toronto Raptors,New York Knicks,115,121,False,False,2025-02-04|New York Knicks|Toronto Raptors,,,,2025-02-04|New York Knicks|Toronto Raptors,3.3399401817254514e-12,"[{""p_home_win"": 3.3399401817254514e-12, ""weight"": 1.0}]",-26.425068218760018,,bradley_terry_hfa,0.0,-6
2025-02-04,Chicago Bulls,Miami Heat,133,124,False,False,2025-02-04|Miami Heat|Chicago Bulls,,,,2025-02-04|Miami Heat|Chicago Bulls,9.933712313169245e-08,"[{""p_home_win"": 9.933712313169245e-08, ""weight"": 1.0}]",-16.124746388167296,,bradley_terry_hfa,1.0,9
2025-02-04,Los Angeles Clippers,Los Angeles Lakers,97,122,False,False,2025-02-04|Los Angeles Lakers|Los Angeles Clippers,,,,2025-02-04|Los Angeles Lakers|Los Angeles Clippers,5.366153320286894e-06,"[{""p_home_win"": 5.366153320286894e-06, ""weight"": 1.0}]",-12.135393867654368,,bradley_terry_hfa,0.0,-25
2025-02-04,Portland Trail Blazers,Indiana Pacers,112,89,False,False,2025-02-04|Indiana Pacers|Portland Trail Blazers,,,,2025-02-04|Indiana Pacers|Portland Trail Blazers,8.522641083080777e-10,"[{""p_home_win"": 8.522641083080777e-10, ""weight"": 1.0}]",-20.8831246500057,,bradley_terry_hfa,1.0,23
2025-02-05,Atlanta Hawks,San Antonio Spurs,125,126,False,False,2025-02-05|San Antonio Spurs|Atlanta Hawks,,,,2025-02-05|San Antonio Spurs|Atlanta Hawks,7.333303607074943e-05,"[{""p_home_win"": 7.333303607074943e-05, ""weight"": 1.0}]",-9.520426018143858,,bradley_terry_hfa,0.0,-1
2025-02-05,Charlotte Hornets,Milwaukee Bucks,102,112,False,False,2025-02-05|Milwaukee Bucks|Charlotte Hornets,,,,2025-02-05|Milwaukee Bucks|Charlotte Hornets,5.584269383374562e-13,"[{""p_home_win"": 5.584269383374562e-13, ""weight"": 1.0}]",-28.213652602617234,,bradley_terry_hfa,0.0,-10
2025-02-05,Detroit Pistons,Cleveland Cavaliers,115,118,False,False,2025-02-05|Cleveland Cavaliers|Detroit Pistons,,,,2025-02-05|Cleveland Cavaliers|Detroit Pistons,1.0643050811318826e-11,"[{""p_home_win"": 1.0643050811318826e-11, ""weight"": 1.0}]",-25.2661139427166,,bradley_terry_hfa,0.0,-3
2025-02-05,Brooklyn Nets,Washington Wizards,102,119,False,False,2025-02-05|Washington Wizards|Brooklyn Nets,,,,2025-02-05|Washington Wizards|Brooklyn Nets,0.011612775665646632,"[{""p_home_win"": 0.011612775665646632, ""weight"": 1.0}]",-4.443968705870696,,bradley_terry_hfa,0.0,-17
2025-02-05,Philadelphia 76ers,Miami Heat,101,108,False,False,2025-02-05|Miami Heat|Philadelphia 76ers,,,,2025-02-05|Miami Heat|Philadelphia 76ers,1.0271956468369862e-07,"[{""p_home_win"": 1.0271956468369862e-07, ""weight"": 1.0}]",-16.091263132186512,,bradley_terry_hfa,0.0,-7
2025-02-05,Toronto Raptors,Memphis Grizzlies,107,138,False,False,2025-02-05|Memphis Grizzlies|Toronto Raptors,,,,2025-02-05|Memphis Grizzlies|Toronto Raptors,9.62917825281957e-14,"[{""p_home_win"": 9.62917825281957e-14, ""weight"": 1.0}]",-29.971393411749613,,bradley_terry_hfa,0.0,-31
2025-02-05,Minnesota Timberwolves,Chicago Bulls,127,108,False,False,2025-02-05|Chicago Bulls|Minnesota Timberwolves,,,,2025-02-05|Chicago Bulls|Minnesota Timberwolves,0.027146276366197025,"[{""p_home_win"": 0.027146276366197025, ""weight"": 1.0}]",-3.578993848904245,,bradley_terry_hfa,1.0,19
2025-02-05,Denver Nuggets,New Orleans Pelicans,144,119,False,False,2025-02-05|New Orleans Pelicans|Denver Nuggets,,,,2025-02-05|New Orleans Pelicans|Denver Nuggets,0.9998491629469864,"[{""p_home_win"": 0.9998491629469864, ""weight"": 1.0}]",8.799159574502738,,bradley_terry_hfa,1.0,25
2025-02-05,Utah Jazz,Golden State Warriors,131,128,False,False,2025-02-05|Golden State Warriors|Utah Jazz,,,,2025-02-05|Golden State Warriors|Utah Jazz,1.0797245787082949e-11,"[{""p_home_win"": 1.0797245787082949e-11, ""weight"": 1.0}]",-25.251730034025176,,bradley_terry_hfa,1.0,3
2025-02-05,Oklahoma City Thunder,Phoenix Suns,140,109,False,False,2025-02-05|Phoenix Suns|Oklahoma City Thunder,,,,2025-02-05|Phoenix Suns|Oklahoma City Thunder,0.9903856088079468,"[{""p_home_win"": 0.9903856088079468, ""weight"": 1.0}]",4.634833312661277,,bradley_terry_hfa,1.0,31
2025-02-05,Sacramento Kings,Orlando Magic,111,130,False,False,2025-02-05|Orlando Magic|Sacramento Kings,,,,2025-02-05|Orlando Magic|Sacramento Kings,0.0001599268969244888,"[{""p_home_win"": 0.0001599268969244888, ""weight"": 1.0}]",-8.740633801673766,,bradley_terry_hfa,0.0,-19
2025-02-06,Boston Celtics,Dallas Mavericks,120,127,False,False,2025-02-06|Dallas Mavericks|Boston Celtics,,,,2025-02-06|Dallas Mavericks|Boston Celtics,0.08332784906995003,"[{""p_home_win"": 0.08332784906995003, ""weight"": 1.0}]",-2.3979670689395043,,bradley_terry_hfa,0.0,-7
2025-02-06,Minnesota Timberwolves,Houston Rockets,127,114,False,False,2025-02-06|Houston Rockets|Minnesota Timberwolves,,,,2025-02-06|Houston Rockets|Minnesota Timberwolves,2.2740797530929248e-08,"[{""p_home_win"": 2.2740797530929248e-08, ""weight"": 1.0}]",-17.5991052547775,,bradley_terry_hfa,1.0,13
2025-02-06,Denver Nuggets,Orlando Magic,112,90,False,False,2025-02-06|Orlando Magic|Denver Nuggets,,,,2025-02-06|Orlando Magic|Denver Nuggets,0.07091384542347644,"[{""p_home_win"": 0.07091384542347644, ""weight"": 1.0}]",-2.5727357780814835,,bradley_terry_hfa,1.0,22
2025-02-06,Los Angeles Lakers,Golden State Warriors,120,112,False,False,2025-02-06|Golden State Warriors|Los Angeles Lakers,,,,2025-02-06|Golden State Warriors|Los Angeles Lakers,0.007537977252348629,"[{""p_home_win"": 0.007537977252348629, ""weight"": 1.0}]",-4.880234870485105,,bradley_terry_hfa,1.0,8
2025-02-06,Portland Trail Blazers,Sacramento Kings,108,102,False,False,2025-02-06|Sacramento Kings|Portland Trail Blazers,,,,2025-02-06|Sacramento Kings|Portland Trail Blazers,2.735742134941458e-07,"[{""p_home_win"": 2.735742134941458e-07, ""weight"": 1.0}]",-15.11169263099038,,bradley_terry_hfa,1.0,6
2025-02-06,Los Angeles Clippers,Indiana Pacers,112,119,False,False,2025-02-06|Indiana Pacers|Los Angeles Clippers,,,,2025-02-06|Indiana Pacers|Los Angeles Clippers,5.1149479051885635e-06,"[{""p_home_win"": 5.1149479051885635e-06, ""weight"": 1.0}]",-12.18333822836543,,bradley_terry_hfa,0.0,-7
2025-02-07,Charlotte Hornets,San Antonio Spurs,117,116,False,False,2025-02-07|San Antonio Spurs|Charlotte Hornets,,,,2025-02-07|San Antonio Spurs|Charlotte Hornets,1.501185065448655e-10,"[{""p_home_win"": 1.501185065448655e-10, ""weight"": 1.0}]",-22.61959608996993,,bradley_terry_hfa,1.0,1
2025-02-07,Washington Wizards,Cleveland Cavaliers,124,134,False,False,2025-02-07|Cleveland Cavaliers|Washington Wizards,,,,2025-02-07|Cleveland Cavaliers|Washington Wizards,9.74765630958471e-19,"[{""p_home_win"": 9.74765630958471e-19, ""weight"": 1.0}]",-41.47208988927679,,bradley_terry_hfa,0.0,-10
2025-02-07,Atlanta Hawks,Milwaukee Bucks,115,110,False,False,2025-02-07|Milwaukee Bucks|Atlanta Hawks,,,,2025-02-07|Milwaukee Bucks|Atlanta Hawks,2.6554783000510793e-08,"[{""p_home_win"": 2.6554783000510793e-08, ""weight"": 1.0}]",-17.444055928250492,,bradley_terry_hfa,1.0,5
2025-02-07,Brooklyn Nets,Miami Heat,102,86,False,False,2025-02-07|Miami Heat|Brooklyn Nets,,,,2025-02-07|Miami Heat|Brooklyn Nets,1.4903769410705115e-09,"[{""p_home_win"": 1.4903769410705115e-09, ""weight"": 1.0}]",-20.324236766908623,,bradley_terry_hfa,1.0,16
2025-02-07,Detroit Pistons,Philadelphia 76ers,125,112,False,False,2025-02-07|Philadelphia 76ers|Detroit Pistons,,,,2025-02-07|Philadelphia 76ers|Detroit Pistons,0.003981262396286813,"[{""p_home_win"": 0.003981262396286813, ""weight"": 1.0}]",-5.522167116262266,,bradley_terry_hfa,1.0,13
2025-02-07,Oklahoma City Thunder,Toronto Raptors,121,109,False,False,2025-02-07|Toronto Raptors|Oklahoma City Thunder,,,,2025-02-07|Toronto Raptors|Oklahoma City Thunder,0.999997795815507,"[{""p_home_win"": 0.999997795815507, ""weight"": 1.0}]",13.025150757738572,,bradley_terry_hfa,1.0,12
2025-02-07,Phoenix Suns,Utah Jazz,135,127,False,False,2025-02-07|Utah Jazz|Phoenix Suns,,,,2025-02-07|Utah Jazz|Phoenix Suns,0.8370403855087807,"[{""p_home_win"": 0.8370403855087807, ""weight"": 1.0}]",1.636369913383966,,bradley_terry_hfa,1.0,8
2025-02-08,Dallas Mavericks,Houston Rockets,116,105,False,False,2025-02-08|Houston Rockets|Dallas Mavericks,,,,2025-02-08|Houston Rockets|Dallas Mavericks,9.035801241147196e-09,"[{""p_home_win"": 9.035801241147196e-09, ""weight"": 1.0}]",-18.522071225878427,,bradley_terry_hfa,1.0,11
2025-02-08,Los Angeles Lakers,Indiana Pacers,124,117,False,False,2025-02-08|Indiana Pacers|Los Angeles Lakers,,,,2025-02-08|Indiana Pacers|Los Angeles Lakers,0.00010484578098685742,"[{""p_home_win"": 0.00010484578098685742, ""weight"": 1.0}]",-9.162915188709455,,bradley_terry_hfa,1.0,7
2025-02-08,Orlando Magic,San Antonio Spurs,112,111,False,False,2025-02-08|San Antonio Spurs|Orlando Magic,,,,2025-02-08|San Antonio Spurs|Orlando Magic,5.757759616455592e-05,"[{""p_home_win"": 5.757759616455592e-05, ""weight"": 1.0}]",-9.762319442147872,,bradley_terry_hfa,1.0,1
2025-02-08,Washington Wizards,Atlanta Hawks,111,125,False,False,2025-02-08|Atlanta Hawks|Washington Wizards,,,,2025-02-08|Atlanta Hawks|Washington Wizards,6.924362625130725e-11,"[{""p_home_win"": 6.924362625130725e-11, ""weight"": 1.0}]",-23.393390014720083,,bradley_terry_hfa,0.0,-14
2025-02-08,Chicago Bulls,Golden State Warriors,111,132,False,False,2025-02-08|Golden State Warriors|Chicago Bulls,,,,2025-02-08|Golden State Warriors|Chicago Bulls,1.2299334973216524e-07,"[{""p_home_win"": 1.2299334973216524e-07, ""weight"": 1.0}]",-15.91113542726049,,bradley_terry_hfa,0.0,-21
2025-02-08,Memphis Grizzlies,Oklahoma City Thunder,112,125,False,False,2025-02-08|Oklahoma City Thunder|Memphis Grizzlies,,,,2025-02-08|Oklahoma City Thunder|Memphis Grizzlies,5.051687960499828e-08,"[{""p_home_win"": 5.051687960499828e-08, ""weight"": 1.0}]",-16.800958256393244,,bradley_terry_hfa,0.0,-13
2025-02-08,Minnesota Timberwolves,Portland Trail Blazers,114,98,False,False,2025-02-08|Portland Trail Blazers|Minnesota Timberwolves,,,,2025-02-08|Portland Trail Blazers|Minnesota Timberwolves,0.08533738310964399,"[{""p_home_win"": 0.08533738310964399, ""weight"": 1.0}]",-2.371942659568374,,bradley_terry_hfa,1.0,16
2025-02-08,New York Knicks,Boston Celtics,104,131,False,False,2025-02-08|Boston Celtics|New York Knicks,,,,2025-02-08|Boston Celtics|New York Knicks,1.0047931344427062e-06,"[{""p_home_win"": 1.0047931344427062e-06, ""weight"": 1.0}]",-13.810727869222227,,bradley_terry_hfa,0.0,-27
2025-02-08,Phoenix Suns,Denver Nuggets,105,122,False,False,2025-02-08|Denver Nuggets|Phoenix Suns,,,,2025-02-08|Denver Nuggets|Phoenix Suns,5.252746443994144e-09,"[{""p_home_win"": 5.252746443994144e-09, ""weight"": 1.0}]",-19.064514759686713,,bradley_terry_hfa,0.0,-17
2025-02-08,Sacramento Kings,New Orleans Pelicans,123,118,False,False,2025-02-08|New Orleans Pelicans|Sacramento Kings,,,,2025-02-08|New Orleans Pelicans|Sacramento Kings,0.5578056758942735,"[{""p_home_win"": 0.5578056758942735, ""weight"": 1.0}]",0.23226121788312248,,bradley_terry_hfa,1.0,5
2025-02-08,Los Angeles Clippers,Utah Jazz,130,110,False,False,2025-02-08|Utah Jazz|Los Angeles Clippers,,,,2025-02-08|Utah Jazz|Los Angeles Clippers,0.9959381497848654,"[{""p_home_win"": 0.9959381497848654, ""weight"": 1.0}]",5.502046569227652,,bradley_terry_hfa,1.0,20
2025-02-09,Detroit Pistons,Charlotte Hornets,112,102,False,False,2025-02-09|Charlotte Hornets|Detroit Pistons,,,,2025-02-09|Charlotte Hornets|Detroit Pistons,0.9712894400140177,"[{""p_home_win"": 0.9712894400140177, ""weight"": 1.0}]",3.5213595094831156,,bradley_terry_hfa,1.0,10
2025-02-09,Houston Rockets,Toronto Raptors,94,87,False,False,2025-02-09|Toronto Raptors|Houston Rockets,,,,2025-02-09|Toronto Raptors|Houston Rockets,0.9991515571414651,"[{""p_home_win"": 0.9991515571414651, ""weight"": 1.0}]",7.071259016663554,,bradley_terry_hfa,1.0,7
2025-02-09,Milwaukee Bucks,Philadelphia 76ers,135,127,False,False,2025-02-09|Philadelphia 76ers|Milwaukee Bucks,,,,2025-02-09|Philadelphia 76ers|Milwaukee Bucks,0.17037200958495394,"[{""p_home_win"": 0.17037200958495394, ""weight"": 1.0}]",-1.5829930580943685,,bradley_terry_hfa,1.0,8
2025-02-10,Cleveland Cavaliers,Minnesota Timberwolves,128,107,False,False,2025-02-10|Minnesota Timberwolves|Cleveland Cavaliers,,,,2025-02-10|Minnesota Timberwolves|Cleveland Cavaliers,0.19934792404670096,"[{""p_home_win"": 0.19934792404670096, ""weight"": 1.0}]",-1.3903748304376577,,bradley_terry_hfa,1.0,21
2025-02-10,Orlando Magic,Atlanta Hawks,106,112,False,False,2025-02-10|Atlanta Hawks|Orlando Magic,,,,2025-02-10|Atlanta Hawks|Orlando Magic,1.1137332243948886e-05,"[{""p_home_win"": 1.1137332243948886e-05, ""weight"": 1.0}]",-11.405196690158224,,bradley_terry_hfa,0.0,-6
2025-02-10,Washington Wizards,San Antonio Spurs,121,131,False,False,2025-02-10|San Antonio Spurs|Washington Wizards,,,,2025-02-10|San Antonio Spurs|Washington Wizards,2.6864683208392417e-10,"[{""p_home_win"": 2.6864683208392417e-10, ""weight"": 1.0}]",-22.037623490537012,,bradley_terry_hfa,0.0,-10
2025-02-10,Brooklyn Nets,Charlotte Hornets,97,89,False,False,2025-02-10|Charlotte Hornets|Brooklyn Nets,,,,2025-02-10|Charlotte Hornets|Brooklyn Nets,0.0036140522588179887,"[{""p_home_win"": 0.0036140522588179887, ""weight"": 1.0}]",-5.619305028088771,,bradley_terry_hfa,1.0,8
2025-02-10,Miami Heat,Boston Celtics,85,103,False,False,2025-02-10|Boston Celtics|Miami Heat,,,,2025-02-10|Boston Celtics|Miami Heat,1.5887637099103362e-10,"[{""p_home_win"": 1.5887637099103362e-10, ""weight"": 1.0}]",-22.562894756928074,,bradley_terry_hfa,0.0,-18
2025-02-10,Milwaukee Bucks,Golden State Warriors,111,125,False,False,2025-02-10|Golden State Warriors|Milwaukee Bucks,,,,2025-02-10|Golden State Warriors|Milwaukee Bucks,0.00033067651047404266,"[{""p_home_win"": 0.00033067651047404266, ""weight"": 1.0}]",-8.014039239015851,,bradley_terry_hfa,0.0,-14
2025-02-10,Oklahoma City Thunder,New Orleans Pelicans,137,101,False,False,2025-02-10|New Orleans Pelicans|Oklahoma City Thunder,,,,2025-02-10|New Orleans Pelicans|Oklahoma City Thunder,0.9999999861143591,"[{""p_home_win"": 0.9999999861143591, ""weight"": 1.0}]",18.092410540530814,,bradley_terry_hfa,1.0,36
2025-02-10,Dallas Mavericks,Sacramento Kings,128,129,False,False,2025-02-10|Sacramento Kings|Dallas Mavericks,,,,2025-02-10|Sacramento Kings|Dallas Mavericks,0.0009119244720202778,"[{""p_home_win"": 0.0009119244720202778, ""weight"": 1.0}]",-6.999041046558495,,bradley_terry_hfa,0.0,-1
2025-02-10,Denver Nuggets,Portland Trail Blazers,146,117,False,False,2025-02-10|Portland Trail Blazers|Denver Nuggets,,,,2025-02-10|Portland Trail Blazers|Denver Nuggets,0.7470688268280747,"[{""p_home_win"": 0.7470688268280747, ""weight"": 1.0}]",1.083039909624672,,bradley_terry_hfa,1.0,29
2025-02-10,Los Angeles Lakers,Utah Jazz,132,113,False,False,2025-02-10|Utah Jazz|Los Angeles Lakers,,,,2025-02-10|Utah Jazz|Los Angeles Lakers,0.9999580969441477,"[{""p_home_win"": 0.9999580969441477, ""weight"": 1.0}]",10.080109897727606,,bradley_terry_hfa,1.0,19
2025-02-11,Philadelphia 76ers,Toronto Raptors,103,106,False,False,2025-02-11|Toronto Raptors|Philadelphia 76ers,,,,2025-02-11|Toronto Raptors|Philadelphia 76ers,6.483483030830778e-05,"[{""p_home_win"": 6.483483030830778e-05, ""weight"": 1.0}]",-9.643602757319972,,bradley_terry_hfa,0.0,-3
2025-02-11,Indiana Pacers,New York Knicks,115,128,False,False,2025-02-11|New York Knicks|Indiana Pacers,,,,2025-02-11|New York Knicks|Indiana Pacers,3.863662161298673e-07,"[{""p_home_win"": 3.863662161298673e-07, ""weight"": 1.0}]",-14.76647978444031,,bradley_terry_hfa,0.0,-13
2025-02-11,Chicago Bulls,Detroit Pistons,92,132,False,False,2025-02-11|Detroit Pistons|Chicago Bulls,,,,2025-02-11|Detroit Pistons|Chicago Bulls,1.3239940138825129e-08,"[{""p_home_win"": 1.3239940138825129e-08, ""weight"": 1.0}]",-18.140027794444602,,bradley_terry_hfa,0.0,-40
2025-02-11,Phoenix Suns,Memphis Grizzlies,112,119,False,False,2025-02-11|Memphis Grizzlies|Phoenix Suns,,,,2025-02-11|Memphis Grizzlies|Phoenix Suns,1.1834876253472928e-10,"[{""p_home_win"": 1.1834876253472928e-10, ""weight"": 1.0}]",-22.85738523588519,,bradley_terry_hfa,0.0,-7
2025-02-12,Boston Celtics,San Antonio Spurs,116,103,False,False,2025-02-12|San Antonio Spurs|Boston Celtics,,,,2025-02-12|San Antonio Spurs|Boston Celtics,0.9793873787607948,"[{""p_home_win"": 0.9793873787607948, ""weight"": 1.0}]",3.8610236827821893,,bradley_terry_hfa,1.0,13
2025-02-12,Orlando Magic,Charlotte Hornets,102,86,False,False,2025-02-12|Charlotte Hornets|Orlando Magic,,,,2025-02-12|Charlotte Hornets|Orlando Magic,0.7042579940939322,"[{""p_home_win"": 0.7042579940939322, ""weight"": 1.0}]",0.8676572853183728,,bradley_terry_hfa,1.0,16
2025-02-12,Washington Wizards,Indiana Pacers,130,134,False,False,2025-02-12|Indiana Pacers|Washington Wizards,,,,2025-02-12|Indiana Pacers|Washington Wizards,2.5601440455405575e-14,"[{""p_home_win"": 2.5601440455405575e-14, ""weight"": 1.0}]",-31.296127777218835,,bradley_terry_hfa,0.0,-4
2025-02-12,Brooklyn Nets,Philadelphia 76ers,100,96,False,False,2025-02-12|Philadelphia 76ers|Brooklyn Nets,,,,2025-02-12|Philadelphia 76ers|Brooklyn Nets,5.23378615896531e-06,"[{""p_home_win"": 5.23378615896531e-06, ""weight"": 1.0}]",-12.160370377030704,,bradley_terry_hfa,1.0,4
2025-02-12,New York Knicks,Atlanta Hawks,149,148,False,False,2025-02-12|Atlanta Hawks|New York Knicks,,,,2025-02-12|Atlanta Hawks|New York Knicks,0.07849524051092248,"[{""p_home_win"": 0.07849524051092248, ""weight"": 1.0}]",-2.4629699495169852,,bradley_terry_hfa,1.0,1
2025-02-12,Toronto Raptors,Cleveland Cavaliers,108,131,False,False,2025-02-12|Cleveland Cavaliers|Toronto Raptors,,,,2025-02-12|Cleveland Cavaliers|Toronto Raptors,9.654327278428555e-17,"[{""p_home_win"": 9.654327278428555e-17, ""weight"": 1.0}]",-36.87654034342418,,bradley_terry_hfa,0.0,-23
2025-02-12,Chicago Bulls,Detroit Pistons,110,128,False,False,2025-02-12|Detroit Pistons|Chicago Bulls,,,,2025-02-12|Detroit Pistons|Chicago Bulls,3.593597077874839e-09,"[{""p_home_win"": 3.593597077874839e-09, ""weight"": 1.0}]",-19.444112160938186,,bradley_terry_hfa,0.0,-18
2025-02-12,Minnesota Timberwolves,Milwaukee Bucks,101,103,False,False,2025-02-12|Milwaukee Bucks|Minnesota Timberwolves,,,,2025-02-12|Milwaukee Bucks|Minnesota Timberwolves,7.249259862944141e-05,"[{""p_home_win"": 7.249259862944141e-05, ""weight"": 1.0}]",-9.531953593958395,,bradley_terry_hfa,0.0,-2
2025-02-12,New Orleans Pelicans,Sacramento Kings,111,119,False,False,2025-02-12|Sacramento Kings|New Orleans Pelicans,,,,2025-02-12|Sacramento Kings|New Orleans Pelicans,1.5182563103703952e-11,"[{""p_home_win"": 1.5182563103703952e-11, ""weight"": 1.0}]",-24.910873510787674,,bradley_terry_hfa,0.0,-8
2025-02-12,Oklahoma City Thunder,Miami Heat,115,101,False,False,2025-02-12|Miami Heat|Oklahoma City Thunder,,,,2025-02-12|Miami Heat|Oklahoma City Thunder,0.9949256849017872,"[{""p_home_win"": 0.9949256849017872, ""weight"": 1.0}]",5.278476486025056,,bradley_terry_hfa,1.0,14
2025-02-12,Houston Rockets,Phoenix Suns,119,111,False,False,2025-02-12|Phoenix Suns|Houston Rockets,,,,2025-02-12|Phoenix Suns|Houston Rockets,0.5109437686518276,"[{""p_home_win"": 0.5109437686518276, ""weight"": 1.0}]",0.043782066975630585,,bradley_terry_hfa,1.0,8
2025-02-12,Denver Nuggets,Portland Trail Blazers,132,121,False,False,2025-02-12|Portland Trail Blazers|Denver Nuggets,,,,2025-02-12|Portland Trail Blazers|Denver Nuggets,0.8003565648509591,"[{""p_home_win"": 0.8003565648509591, ""weight"": 1.0}]",1.388524383263512,,bradley_terry_hfa,1.0,11
2025-02-12,Utah Jazz,Los Angeles Lakers,131,119,False,False,2025-02-12|Los Angeles Lakers|Utah Jazz,,,,2025-02-12|Los Angeles Lakers|Utah Jazz,1.4346909998829438e-15,"[{""p_home_win"": 1.4346909998829438e-15, ""weight"": 1.0}]",-34.17782689997819,,bradley_terry_hfa,1.0,12
2025-02-12,Dallas Mavericks,Golden State Warriors,111,107,False,False,2025-02-12|Golden State Warriors|Dallas Mavericks,,,,2025-02-12|Golden State Warriors|Dallas Mavericks,4.332677130411544e-05,"[{""p_home_win"": 4.332677130411544e-05, ""weight"": 1.0}]",-10.046696511377254,,bradley_terry_hfa,1.0,4
2025-02-12,Los Angeles Clippers,Memphis Grizzlies,128,114,False,False,2025-02-12|Memphis Grizzlies|Los Angeles Clippers,,,,2025-02-12|Memphis Grizzlies|Los Angeles Clippers,6.562095851037076e-09,"[{""p_home_win"": 6.562095851037076e-09, ""weight"": 1.0}]",-18.841955788966857,,bradley_terry_hfa,1.0,14
2025-02-13,Houston Rockets,Golden State Warriors,98,105,False,False,2025-02-13|Golden State Warriors|Houston Rockets,,,,2025-02-13|Golden State Warriors|Houston Rockets,0.1188916721761584,"[{""p_home_win"": 0.1188916721761584, ""weight"": 1.0}]",-2.0029678177764705,,bradley_terry_hfa,0.0,-7
2025-02-13,New Orleans Pelicans,Sacramento Kings,140,133,False,False,2025-02-13|Sacramento Kings|New Orleans Pelicans,,,,2025-02-13|Sacramento Kings|New Orleans Pelicans,4.082017529490957e-12,"[{""p_home_win"": 4.082017529490957e-12, ""weight"": 1.0}]",-26.22442975720724,,bradley_terry_hfa,1.0,7
2025-02-13,Dallas Mavericks,Miami Heat,118,113,False,False,2025-02-13|Miami Heat|Dallas Mavericks,,,,2025-02-13|Miami Heat|Dallas Mavericks,0.00029872219194891484,"[{""p_home_win"": 0.00029872219194891484, ""weight"": 1.0}]",-8.115697773575125,,bradley_terry_hfa,1.0,5
2025-02-13,Minnesota Timberwolves,Oklahoma City Thunder,116,101,False,False,2025-02-13|Oklahoma City Thunder|Minnesota Timberwolves,,,,2025-02-13|Oklahoma City Thunder|Minnesota Timberwolves,3.8000333518485697e-11,"[{""p_home_win"": 3.8000333518485697e-11, ""weight"": 1.0}]",-23.993426179400423,,bradley_terry_hfa,1.0,15
2025-02-13,Utah Jazz,Los Angeles Clippers,116,120,False,False,2025-02-13|Los Angeles Clippers|Utah Jazz,,,,2025-02-13|Los Angeles Clippers|Utah Jazz,1.7226420196132822e-13,"[{""p_home_win"": 1.7226420196132822e-13, ""weight"": 1.0}]",-29.389747038712613,,bradley_terry_hfa,0.0,-4
2025-02-19,Los Angeles Lakers,Charlotte Hornets,97,100,False,False,2025-02-19|Charlotte Hornets|Los Angeles Lakers,,,,2025-02-19|Charlotte Hornets|Los Angeles Lakers,0.9999595207661779,"[{""p_home_win"": 0.9999595207661779, ""weight"": 1.0}]",10.114680980431004,,bradley_terry_hfa,0.0,-3
2025-02-20,Indiana Pacers,Memphis Grizzlies,127,113,False,False,2025-02-20|Memphis Grizzlies|Indiana Pacers,,,,2025-02-20|Memphis Grizzlies|Indiana Pacers,1.2622348253499606e-08,"[{""p_home_win"": 1.2622348253499606e-08, ""weight"": 1.0}]",-18.18779691055075,,bradley_terry_hfa,1.0,14
2025-02-20,Philadelphia 76ers,Boston Celtics,104,124,False,False,2025-02-20|Boston Celtics|Philadelphia 76ers,,,,2025-02-20|Boston Celtics|Philadelphia 76ers,1.1292476678163362e-14,"[{""p_home_win"": 1.1292476678163362e-14, ""weight"": 1.0}]",-32.114639671616274,,bradley_terry_hfa,0.0,-20
2025-02-20,Atlanta Hawks,Orlando Magic,108,114,False,False,2025-02-20|Orlando Magic|Atlanta Hawks,,,,2025-02-20|Orlando Magic|Atlanta Hawks,9.19540280790217e-06,"[{""p_home_win"": 9.19540280790217e-06, ""weight"": 1.0}]",-11.596797698146485,,bradley_terry_hfa,0.0,-6
2025-02-20,Brooklyn Nets,Cleveland Cavaliers,97,110,False,False,2025-02-20|Cleveland Cavaliers|Brooklyn Nets,,,,2025-02-20|Cleveland Cavaliers|Brooklyn Nets,1.5478069910028436e-16,"[{""p_home_win"": 1.5478069910028436e-16, ""weight"": 1.0}]",-36.404522403325444,,bradley_terry_hfa,0.0,-13
2025-02-20,New York Knicks,Chicago Bulls,113,111,False,False,2025-02-20|Chicago Bulls|New York Knicks,,,,2025-02-20|Chicago Bulls|New York Knicks,0.9775289208918206,"[{""p_home_win"": 0.9775289208918206, ""weight"": 1.0}]",3.7727987685717856,,bradley_terry_hfa,1.0,2
2025-02-20,Milwaukee Bucks,Los Angeles Clippers,116,110,False,False,2025-02-20|Los Angeles Clippers|Milwaukee Bucks,,,,2025-02-20|Los Angeles Clippers|Milwaukee Bucks,3.6872498389564092e-06,"[{""p_home_win"": 3.6872498389564092e-06, ""weight"": 1.0}]",-12.510625991625963,,bradley_terry_hfa,1.0,6
2025-02-20,Denver Nuggets,Charlotte Hornets,129,115,False,False,2025-02-20|Charlotte Hornets|Denver Nuggets,,,,2025-02-20|Charlotte Hornets|Denver Nuggets,0.9999889159784355,"[{""p_home_win"": 0.9999889159784355, ""weight"": 1.0}]",11.409994901331274,,bradley_terry_hfa,1.0,14
2025-02-20,San Antonio Spurs,Phoenix Suns,120,109,False,False,2025-02-20|Phoenix Suns|San Antonio Spurs,,,,2025-02-20|Phoenix Suns|San Antonio Spurs,1.1029838563928272e-06,"[{""p_home_win"": 1.1029838563928272e-06, ""weight"": 1.0}]",-13.717490350905464,,bradley_terry_hfa,1.0,11
2025-02-20,Portland Trail Blazers,Los Angeles Lakers,102,110,False,False,2025-02-20|Los Angeles Lakers|Portland Trail Blazers,,,,2025-02-20|Los Angeles Lakers|Portland Trail Blazers,1.3413737888145407e-10,"[{""p_home_win"": 1.3413737888145407e-10, ""weight"": 1.0}]",-22.73215662548479,,bradley_terry_hfa,0.0,-8
2025-02-21,Cleveland Cavaliers,New York Knicks,142,105,False,False,2025-02-21|New York Knicks|Cleveland Cavaliers,,,,2025-02-21|New York Knicks|Cleveland Cavaliers,0.017368817246095705,"[{""p_home_win"": 0.017368817246095705, ""weight"": 1.0}]",-4.0355573680001395,,bradley_terry_hfa,1.0,37
2025-02-21,Orlando Magic,Memphis Grizzlies,104,105,False,False,2025-02-21|Memphis Grizzlies|Orlando Magic,,,,2025-02-21|Memphis Grizzlies|Orlando Magic,6.75416759652396e-11,"[{""p_home_win"": 6.75416759652396e-11, ""weight"": 1.0}]",-23.418276286801632,,bradley_terry_hfa,0.0,-1
2025-02-21,Washington Wizards,Milwaukee Bucks,101,104,False,False,2025-02-21|Milwaukee Bucks|Washington Wizards,,,,2025-02-21|Milwaukee Bucks|Washington Wizards,7.775200619819411e-15,"[{""p_home_win"": 7.775200619819411e-15, ""weight"": 1.0}]",-32.48783713398607,,bradley_terry_hfa,0.0,-3
2025-02-21,Toronto Raptors,Miami Heat,111,120,False,False,2025-02-21|Miami Heat|Toronto Raptors,,,,2025-02-21|Miami Heat|Toronto Raptors,2.6815025959668657e-09,"[{""p_home_win"": 2.6815025959668657e-09, ""weight"": 1.0}]",-19.73688852672203,,bradley_terry_hfa,0.0,-9
2025-02-21,Dallas Mavericks,New Orleans Pelicans,111,103,False,False,2025-02-21|New Orleans Pelicans|Dallas Mavericks,,,,2025-02-21|New Orleans Pelicans|Dallas Mavericks,0.9956847843577706,"[{""p_home_win"": 0.9956847843577706, ""weight"": 1.0}]",5.441283427614376,,bradley_terry_hfa,1.0,8
2025-02-21,San Antonio Spurs,Detroit Pistons,110,125,False,False,2025-02-21|Detroit Pistons|San Antonio Spurs,,,,2025-02-21|Detroit Pistons|San Antonio Spurs,1.3836702548210635e-08,"[{""p_home_win"": 1.3836702548210635e-08, ""weight"": 1.0}]",-18.095941156494554,,bradley_terry_hfa,0.0,-15
2025-02-21,Houston Rockets,Minnesota Timberwolves,121,115,False,False,2025-02-21|Minnesota Timberwolves|Houston Rockets,,,,2025-02-21|Minnesota Timberwolves|Houston Rockets,0.0003271931524064981,"[{""p_home_win"": 0.0003271931524064981, ""weight"": 1.0}]",-8.024632634615909,,bradley_terry_hfa,1.0,6
2025-02-21,Utah Jazz,Oklahoma City Thunder,107,130,False,False,2025-02-21|Oklahoma City Thunder|Utah Jazz,,,,2025-02-21|Oklahoma City Thunder|Utah Jazz,1.972190381737236e-19,"[{""p_home_win"": 1.972190381737236e-19, ""weight"": 1.0}]",-43.06997197290325,,bradley_terry_hfa,0.0,-23
2025-02-21,Sacramento Kings,Golden State Warriors,108,132,False,False,2025-02-21|Golden State Warriors|Sacramento Kings,,,,2025-02-21|Golden State Warriors|Sacramento Kings,1.855616848726205e-06,"[{""p_home_win"": 1.855616848726205e-06, ""weight"": 1.0}]",-13.19729152855711,,bradley_terry_hfa,0.0,-24
2025-02-22,Chicago Bulls,Phoenix Suns,117,121,False,False,2025-02-22|Phoenix Suns|Chicago Bulls,,,,2025-02-22|Phoenix Suns|Chicago Bulls,1.1888107438884802e-07,"[{""p_home_win"": 1.1888107438884802e-07, ""weight"": 1.0}]",-15.945142099545468,,bradley_terry_hfa,0.0,-4
2025-02-22,Philadelphia 76ers,Brooklyn Nets,103,105,False,False,2025-02-22|Brooklyn Nets|Philadelphia 76ers,,,,2025-02-22|Brooklyn Nets|Philadelphia 76ers,3.0205184000431017e-06,"[{""p_home_win"": 3.0205184000431017e-06, ""weight"": 1.0}]",-12.710079065142267,,bradley_terry_hfa,0.0,-2
2025-02-22,Denver Nuggets,Los Angeles Lakers,100,123,False,False,2025-02-22|Los Angeles Lakers|Denver Nuggets,,,,2025-02-22|Los Angeles Lakers|Denver Nuggets,9.440908270370559e-05,"[{""p_home_win"": 9.440908270370559e-05, ""weight"": 1.0}]",-9.267778860820044,,bradley_terry_hfa,0.0,-23
2025-02-22,Utah Jazz,Houston Rockets,124,115,False,False,2025-02-22|Houston Rockets|Utah Jazz,,,,2025-02-22|Houston Rockets|Utah Jazz,1.5785645173100763e-16,"[{""p_home_win"": 1.5785645173100763e-16, ""weight"": 1.0}]",-36.38484558718048,,bradley_terry_hfa,1.0,9
2025-02-22,Portland Trail Blazers,Charlotte Hornets,141,88,False,False,2025-02-22|Charlotte Hornets|Portland Trail Blazers,,,,2025-02-22|Charlotte Hornets|Portland Trail Blazers,0.02099798388132957,"[{""p_home_win"": 0.02099798388132957, ""weight"": 1.0}]",-3.84210727443012,,bradley_terry_hfa,1.0,53
2025-02-23,Boston Celtics,New York Knicks,118,105,False,False,2025-02-23|New York Knicks|Boston Celtics,,,,2025-02-23|New York Knicks|Boston Celtics,0.000217072843587102,"[{""p_home_win"": 0.000217072843587102, ""weight"": 1.0}]",-8.435060479612833,,bradley_terry_hfa,1.0,13
2025-02-23,Golden State Warriors,Dallas Mavericks,126,102,False,False,2025-02-23|Dallas Mavericks|Golden State Warriors,,,,2025-02-23|Dallas Mavericks|Golden State Warriors,3.583289566986864e-07,"[{""p_home_win"": 3.583289566986864e-07, ""weight"": 1.0}]",-14.841814040662458,,bradley_terry_hfa,1.0,24
2025-02-23,Indiana Pacers,Los Angeles Clippers,129,111,False,False,2025-02-23|Los Angeles Clippers|Indiana Pacers,,,,2025-02-23|Los Angeles Clippers|Indiana Pacers,8.151745858818967e-06,"[{""p_home_win"": 8.151745858818967e-06, ""weight"": 1.0}]",-11.71727028606734,,bradley_terry_hfa,1.0,18
2025-02-23,Atlanta Hawks,Detroit Pistons,143,148,False,False,2025-02-23|Detroit Pistons|Atlanta Hawks,,,,2025-02-23|Detroit Pistons|Atlanta Hawks,2.7396638128714605e-08,"[{""p_home_win"": 2.7396638128714605e-08, ""weight"": 1.0}]",-17.412845499715836,,bradley_terry_hfa,0.0,-5
2025-02-23,Milwaukee Bucks,Miami Heat,120,113,False,False,2025-02-23|Miami Heat|Milwaukee Bucks,,,,2025-02-23|Miami Heat|Milwaukee Bucks,0.0003574423962960193,"[{""p_home_win"": 0.0003574423962960193, ""weight"": 1.0}]",-7.93617883176077,,bradley_terry_hfa,1.0,7
2025-02-23,Orlando Magic,Washington Wizards,110,90,False,False,2025-02-23|Washington Wizards|Orlando Magic,,,,2025-02-23|Washington Wizards|Orlando Magic,0.8837660250447205,"[{""p_home_win"": 0.8837660250447205, ""weight"": 1.0}]",2.0285871649348923,,bradley_terry_hfa,1.0,20
2025-02-23,Toronto Raptors,Phoenix Suns,127,109,False,False,2025-02-23|Phoenix Suns|Toronto Raptors,,,,2025-02-23|Phoenix Suns|Toronto Raptors,4.107947515956515e-09,"[{""p_home_win"": 4.107947515956515e-09, ""weight"": 1.0}]",-19.31034231691109,,bradley_terry_hfa,1.0,18
2025-02-23,Cleveland Cavaliers,Memphis Grizzlies,129,123,False,False,2025-02-23|Memphis Grizzlies|Cleveland Cavaliers,,,,2025-02-23|Memphis Grizzlies|Cleveland Cavaliers,0.009345142335587224,"[{""p_home_win"": 0.009345142335587224, ""weight"": 1.0}]",-4.66350952484648,,bradley_terry_hfa,1.0,6
2025-02-23,New Orleans Pelicans,San Antonio Spurs,114,96,False,False,2025-02-23|San Antonio Spurs|New Orleans Pelicans,,,,2025-02-23|San Antonio Spurs|New Orleans Pelicans,3.339988908615328e-10,"[{""p_home_win"": 3.339988908615328e-10, ""weight"": 1.0}]",-21.819883443397217,,bradley_terry_hfa,1.0,18
2025-02-23,Minnesota Timberwolves,Oklahoma City Thunder,123,130,False,False,2025-02-23|Oklahoma City Thunder|Minnesota Timberwolves,,,,2025-02-23|Oklahoma City Thunder|Minnesota Timberwolves,1.6532964541324016e-11,"[{""p_home_win"": 1.6532964541324016e-11, ""weight"": 1.0}]",-24.82566487706633,,bradley_terry_hfa,0.0,-7
2025-02-24,Detroit Pistons,Los Angeles Clippers,106,97,False,False,2025-02-24|Los Angeles Clippers|Detroit Pistons,,,,2025-02-24|Los Angeles Clippers|Detroit Pistons,2.7638536226966766e-06,"[{""p_home_win"": 2.7638536226966766e-06, ""weight"": 1.0}]",-12.798881848107133,,bradley_terry_hfa,1.0,9
2025-02-24,Indiana Pacers,Denver Nuggets,116,125,False,False,2025-02-24|Denver Nuggets|Indiana Pacers,,,,2025-02-24|Denver Nuggets|Indiana Pacers,1.5370530128211837e-07,"[{""p_home_win"": 1.5370530128211837e-07, ""weight"": 1.0}]",-15.688228542191037,,bradley_terry_hfa,0.0,-9
2025-02-24,Philadelphia 76ers,Chicago Bulls,110,142,False,False,2025-02-24|Chicago Bulls|Philadelphia 76ers,,,,2025-02-24|Chicago Bulls|Philadelphia 76ers,1.228314774979943e-06,"[{""p_home_win"": 1.228314774979943e-06, ""weight"": 1.0}]",-13.609866201354187,,bradley_terry_hfa,0.0,-32
2025-02-24,Washington Wizards,Brooklyn Nets,107,99,False,False,2025-02-24|Brooklyn Nets|Washington Wizards,,,,2025-02-24|Brooklyn Nets|Washington Wizards,2.6388613135012506e-10,"[{""p_home_win"": 2.6388613135012506e-10, ""weight"": 1.0}]",-22.055503426207316,,bradley_terry_hfa,1.0,8
2025-02-24,Atlanta Hawks,Miami Heat,98,86,False,False,2025-02-24|Miami Heat|Atlanta Hawks,,,,2025-02-24|Miami Heat|Atlanta Hawks,3.575115291776161e-07,"[{""p_home_win"": 3.575115291776161e-07, ""weight"": 1.0}]",-14.84409786837288,,bradley_terry_hfa,1.0,12
2025-02-24,Oklahoma City Thunder,Minnesota Timberwolves,128,131,False,False,2025-02-24|Minnesota Timberwolves|Oklahoma City Thunder,,,,2025-02-24|Minnesota Timberwolves|Oklahoma City Thunder,0.722639569413273,"[{""p_home_win"": 0.722639569413273, ""weight"": 1.0}]",0.957592723166421,,bradley_terry_hfa,0.0,-3
2025-02-24,Utah Jazz,Portland Trail Blazers,112,114,False,False,2025-02-24|Portland Trail Blazers|Utah Jazz,,,,2025-02-24|Portland Trail Blazers|Utah Jazz,1.151200703761287e-09,"[{""p_home_win"": 1.151200703761287e-09, ""weight"": 1.0}]",-20.582460347875948,,bradley_terry_hfa,0.0,-2
2025-02-24,Sacramento Kings,Charlotte Hornets,130,88,False,False,2025-02-24|Charlotte Hornets|Sacramento Kings,,,,2025-02-24|Charlotte Hornets|Sacramento Kings,0.8496215955681493,"[{""p_home_win"": 0.8496215955681493, ""weight"": 1.0}]",1.7316362550251707,,bradley_terry_hfa,1.0,42
2025-02-25,Toronto Raptors,Boston Celtics,101,111,False,False,2025-02-25|Boston Celtics|Toronto Raptors,,,,2025-02-25|Boston Celtics|Toronto Raptors,4.574383292571334e-16,"[{""p_home_win"": 4.574383292571334e-16, ""weight"": 1.0}]",-35.320889597701466,,bradley_terry_hfa,0.0,-10
2025-02-25,Orlando Magic,Cleveland Cavaliers,82,122,False,False,2025-02-25|Cleveland Cavaliers|Orlando Magic,,,,2025-02-25|Cleveland Cavaliers|Orlando Magic,1.9316398050626115e-15,"[{""p_home_win"": 1.9316398050626115e-15, ""weight"": 1.0}]",-33.88040711280476,,bradley_terry_hfa,0.0,-40
2025-02-25,Houston Rockets,Milwaukee Bucks,100,97,False,False,2025-02-25|Milwaukee Bucks|Houston Rockets,,,,2025-02-25|Milwaukee Bucks|Houston Rockets,0.0003203989734086771,"[{""p_home_win"": 0.0003203989734086771, ""weight"": 1.0}]",-8.045623096555845,,bradley_terry_hfa,1.0,3
2025-02-25,Memphis Grizzlies,Phoenix Suns,151,148,False,False,2025-02-25|Phoenix Suns|Memphis Grizzlies,,,,2025-02-25|Phoenix Suns|Memphis Grizzlies,0.7101527277018629,"[{""p_home_win"": 0.7101527277018629, ""weight"": 1.0}]",0.8961259193365407,,bradley_terry_hfa,1.0,3
2025-02-25,New Orleans Pelicans,San Antonio Spurs,109,103,False,False,2025-02-25|San Antonio Spurs|New Orleans Pelicans,,,,2025-02-25|San Antonio Spurs|New Orleans Pelicans,4.792536063505541e-10,"[{""p_home_win"": 4.792536063505541e-10, ""weight"": 1.0}]",-21.45879120856374,,bradley_terry_hfa,1.0,6
2025-02-25,Golden State Warriors,Charlotte Hornets,128,92,False,False,2025-02-25|Charlotte Hornets|Golden State Warriors,,,,2025-02-25|Charlotte Hornets|Golden State Warriors,0.9935778656789871,"[{""p_home_win"": 0.9935778656789871, ""weight"": 1.0}]",5.041561922829011,,bradley_terry_hfa,1.0,36
2025-02-25,Los Angeles Lakers,Dallas Mavericks,107,99,False,False,2025-02-25|Dallas Mavericks|Los Angeles Lakers,,,,2025-02-25|Dallas Mavericks|Los Angeles Lakers,0.00011604269597805886,"[{""p_home_win"": 0.00011604269597805886, ""weight"": 1.0}]",-9.061436316372783,,bradley_terry_hfa,1.0,8
