date,home_team,away_team,home_score,away_score,neutral,overtime,game_id,sport,season,notes,game_id_pred,p_home_win,win_prob_dist,pred_margin,pred_total,model_id,extra,home_win,actual_margin
2024-10-23,Detroit Pistons,Indiana Pacers,109,115,False,False,2024-10-23|Indiana Pacers|Detroit Pistons,,,,2024-10-23|Indiana Pacers|Detroit Pistons,0.5032359427991625,"[{""p_home_win"": 0.006471885598325011, ""weight"": 0.25}, {""p_home_win"": 0.5032359427991625, ""weight"": 0.5}, {""p_home_win"": 1.0, ""weight"": 0.25}]",0.009369144284821983,,elo,"{'home_advantage': 0.009369144284821983, 'scale': 0.3747657713928793, 'error_term': 8.0, 'win_prob_k': 0.72382409509597}",0.0,-6
2024-10-23,Atlanta Hawks,Brooklyn Nets,120,116,False,False,2024-10-23|Brooklyn Nets|Atlanta Hawks,,,,2024-10-23|Brooklyn Nets|Atlanta Hawks,0.5032359427991625,"[{""p_home_win"": 0.006471885598325011, ""weight"": 0.25}, {""p_home_win"": 0.5032359427991625, ""weight"": 0.5}, {""p_home_win"": 1.0, ""weight"": 0.25}]",0.009369144284821983,,elo,"{'home_advantage': 0.009369144284821983, 'scale': 0.3747657713928793, 'error_term': 8.0, 'win_prob_k': 0.72382409509597}",1.0,4
2024-10-23,Miami Heat,Orlando Magic,97,116,False,False,2024-10-23|Orlando Magic|Miami Heat,,,,2024-10-23|Orlando Magic|Miami Heat,0.5032359427991625,"[{""p_home_win"": 0.006471885598325011, ""weight"": 0.25}, {""p_home_win"": 0.5032359427991625, ""weight"": 0.5}, {""p_home_win"": 1.0, ""weight"": 0.25}]",0.009369144284821983,,elo,"{'home_advantage': 0.009369144284821983, 'scale': 0.3747657713928793, 'error_term': 8.0, 'win_prob_k': 0.72382409509597}",0.0,-19
2024-10-23,Philadelphia 76ers,Milwaukee Bucks,109,124,False,False,2024-10-23|Milwaukee Bucks|Philadelphia 76ers,,,,2024-10-23|Milwaukee Bucks|Philadelphia 76ers,0.5032359427991625,"[{""p_home_win"": 0.006471885598325011, ""weight"": 0.25}, {""p_home_win"": 0.5032359427991625, ""weight"": 0.5}, {""p_home_win"": 1.0, ""weight"": 0.25}]",0.009369144284821983,,elo,"{'home_advantage': 0.009369144284821983, 'scale': 0.3747657713928793, 'error_term': 8.0, 'win_prob_k': 0.72382409509597}",0.0,-15
2024-10-23,Toronto Raptors,Cleveland Cavaliers,106,136,False,False,2024-10-23|Cleveland Cavaliers|Toronto Raptors,,,,2024-10-23|Cleveland Cavaliers|Toronto Raptors,0.5032359427991625,"[{""p_home_win"": 0.006471885598325011, ""weight"": 0.25}, {""p_home_win"": 0.5032359427991625, ""weight"": 0.5}, {""p_home_win"": 1.0, ""weight"": 0.25}]",0.009369144284821983,,elo,"{'home_advantage': 0.009369144284821983, 'scale': 0.3747657713928793, 'error_term': 8.0, 'win_prob_k': 0.72382409509597}",0.0,-30
2024-10-23,Houston Rockets,Charlotte Hornets,105,110,False,False,2024-10-23|Charlotte Hornets|Houston Rockets,,,,2024-10-23|Charlotte Hornets|Houston Rockets,0.5032359427991625,"[{""p_home_win"": 0.006471885598325011, ""weight"": 0.25}, {""p_home_win"": 0.5032359427991625, ""weight"": 0.5}, {""p_home_win"": 1.0, ""weight"": 0.25}]",0.009369144284821983,,elo,"{'home_advantage': 0.009369144284821983, 'scale': 0.3747657713928793, 'error_term': 8.0, 'win_prob_k': 0.72382409509597}",0.0,-5
2024-10-23,New Orleans Pelicans,Chicago Bulls,123,111,False,False,2024-10-23|Chicago Bulls|New Orleans Pelicans,,,,2024-10-23|Chicago Bulls|New Orleans Pelicans,0.5032359427991625,"[{""p_home_win"": 0.006471885598325011, ""weight"": 0.25}, {""p_home_win"": 0.5032359427991625, ""weight"": 0.5}, {""p_home_win"": 1.0, ""weight"": 0.25}]",0.009369144284821983,,elo,"{'home_advantage': 0.009369144284821983, 'scale': 0.3747657713928793, 'error_term': 8.0, 'win_prob_k': 0.72382409509597}",1.0,12
2024-10-23,Utah Jazz,Memphis Grizzlies,124,126,False,False,2024-10-23|Memphis Grizzlies|Utah Jazz,,,,2024-10-23|Memphis Grizzlies|Utah Jazz,0.5032359427991625,"[{""p_home_win"": 0.006471885598325011, ""weight"": 0.25}, {""p_home_win"": 0.5032359427991625, ""weight"": 0.5}, {""p_home_win"": 1.0, ""weight"": 0.25}]",0.009369144284821983,,elo,"{'home_advantage': 0.009369144284821983, 'scale': 0.3747657713928793, 'error_term': 8.0, 'win_prob_k': 0.72382409509597}",0.0,-2
2024-10-23,Los Angeles Clippers,Phoenix Suns,113,116,False,False,2024-10-23|Phoenix Suns|Los Angeles Clippers,,,,2024-10-23|Phoenix Suns|Los Angeles Clippers,0.5032359427991625,"[{""p_home_win"": 0.006471885598325011, ""weight"": 0.25}, {""p_home_win"": 0.5032359427991625, ""weight"": 0.5}, {""p_home_win"": 1.0, ""weight"": 0.25}]",0.009369144284821983,,elo,"{'home_advantage': 0.009369144284821983, 'scale': 0.3747657713928793, 'error_term': 8.0, 'win_prob_k': 0.72382409509597}",0.0,-3
2024-10-23,Portland Trail Blazers,Golden State Warriors,104,140,False,False,2024-10-23|Golden State Warriors|Portland Trail Blazers,,,,2024-10-23|Golden State Warriors|Portland Trail Blazers,0.5032359427991625,"[{""p_home_win"": 0.006471885598325011, ""weight"": 0.25}, {""p_home_win"": 0.5032359427991625, ""weight"": 0.5}, {""p_home_win"": 1.0, ""weight"": 0.25}]",0.009369144284821983,,elo,"{'home_advantage': 0.009369144284821983, 'scale': 0.3747657713928793, 'error_term': 8.0, 'win_prob_k': 0.72382409509597}",0.0,-36
2024-10-24,Washington Wizards,Boston Celtics,102,122,False,False,2024-10-24|Boston Celtics|Washington Wizards,,,,2024-10-24|Boston Celtics|Washington Wizards,5.484411058859263e-07,"[{""p_home_win"": 0.0, ""weight"": 0.25}, {""p_home_win"": 5.484411058859263e-07, ""weight"": 0.5}, {""p_home_win"": 1.0968822117718526e-06, ""weight"": 0.25}]",-8.0,,elo,"{'home_advantage': -1.5000000000000007, 'scale': 0.32499999999999996, 'error_term': 10.735455276791944, 'win_prob_k': 0.5549318203747855}",0.0,-20
2024-10-24,Dallas Mavericks,San Antonio Spurs,120,109,False,False,2024-10-24|San Antonio Spurs|Dallas Mavericks,,,,2024-10-24|San Antonio Spurs|Dallas Mavericks,0.062794519124658,"[{""p_home_win"": 0.0, ""weight"": 0.25}, {""p_home_win"": 0.062794519124658, ""weight"": 0.5}, {""p_home_win"": 0.125589038249316, ""weight"": 0.25}]",-1.5000000000000007,,elo,"{'home_advantage': -1.5000000000000007, 'scale': 0.32499999999999996, 'error_term': 10.735455276791944, 'win_prob_k': 0.5549318203747855}",1.0,11
2024-10-24,Sacramento Kings,Minnesota Timberwolves,115,117,False,False,2024-10-24|Minnesota Timberwolves|Sacramento Kings,,,,2024-10-24|Minnesota Timberwolves|Sacramento Kings,0.9998778472231601,"[{""p_home_win"": 0.9997556944463202, ""weight"": 0.25}, {""p_home_win"": 0.9998778472231601, ""weight"": 0.5}, {""p_home_win"": 1.0, ""weight"": 0.25}]",4.999999999999998,,elo,"{'home_advantage': -1.5000000000000007, 'scale': 0.32499999999999996, 'error_term': 10.735455276791944, 'win_prob_k': 0.5549318203747855}",0.0,-2
2024-10-24,Denver Nuggets,Oklahoma City Thunder,87,102,False,False,2024-10-24|Oklahoma City Thunder|Denver Nuggets,,,,2024-10-24|Oklahoma City Thunder|Denver Nuggets,0.062794519124658,"[{""p_home_win"": 0.0, ""weight"": 0.25}, {""p_home_win"": 0.062794519124658, ""weight"": 0.5}, {""p_home_win"": 0.125589038249316, ""weight"": 0.25}]",-1.5000000000000007,,elo,"{'home_advantage': -1.5000000000000007, 'scale': 0.32499999999999996, 'error_term': 10.735455276791944, 'win_prob_k': 0.5549318203747855}",0.0,-15
2024-10-25,Orlando Magic,Brooklyn Nets,116,101,False,False,2024-10-25|Brooklyn Nets|Orlando Magic,,,,2024-10-25|Brooklyn Nets|Orlando Magic,0.9999999999595008,"[{""p_home_win"": 0.9999999999190017, ""weight"": 0.25}, {""p_home_win"": 0.9999999999595008, ""weight"": 0.5}, {""p_home_win"": 1.0, ""weight"": 0.25}]",11.964869793243905,,elo,"{'home_advantage': -1.0664303085538354, 'scale': 0.3257825025449435, 'error_term': 9.042417210701899, 'win_prob_k': 0.5000000508125179}",1.0,15
2024-10-25,Toronto Raptors,Philadelphia 76ers,115,107,False,False,2024-10-25|Philadelphia 76ers|Toronto Raptors,,,,2024-10-25|Philadelphia 76ers|Toronto Raptors,0.10594374994477271,"[{""p_home_win"": 0.0, ""weight"": 0.25}, {""p_home_win"": 0.10594374994477271, ""weight"": 0.5}, {""p_home_win"": 0.21188749988954542, ""weight"": 0.25}]",-1.0664303085538354,,elo,"{'home_advantage': -1.0664303085538354, 'scale': 0.3257825025449435, 'error_term': 9.042417210701899, 'win_prob_k': 0.5000000508125179}",1.0,8
2024-10-25,Atlanta Hawks,Charlotte Hornets,125,120,False,False,2024-10-25|Charlotte Hornets|Atlanta Hawks,,,,2024-10-25|Charlotte Hornets|Atlanta Hawks,0.10594374994477271,"[{""p_home_win"": 0.0, ""weight"": 0.25}, {""p_home_win"": 0.10594374994477271, ""weight"": 0.5}, {""p_home_win"": 0.21188749988954542, ""weight"": 0.25}]",-1.0664303085538354,,elo,"{'home_advantage': -1.0664303085538354, 'scale': 0.3257825025449435, 'error_term': 9.042417210701899, 'win_prob_k': 0.5000000508125179}",1.0,5
2024-10-25,Cleveland Cavaliers,Detroit Pistons,113,101,False,False,2024-10-25|Detroit Pistons|Cleveland Cavaliers,,,,2024-10-25|Detroit Pistons|Cleveland Cavaliers,0.9999999999595008,"[{""p_home_win"": 0.9999999999190017, ""weight"": 0.25}, {""p_home_win"": 0.9999999999595008, ""weight"": 0.5}, {""p_home_win"": 1.0, ""weight"": 0.25}]",11.964869793243905,,elo,"{'home_advantage': -1.0664303085538354, 'scale': 0.3257825025449435, 'error_term': 9.042417210701899, 'win_prob_k': 0.5000000508125179}",1.0,12
2024-10-25,New York Knicks,Indiana Pacers,123,98,False,False,2024-10-25|Indiana Pacers|New York Knicks,,,,2024-10-25|Indiana Pacers|New York Knicks,5.686803149372839e-13,"[{""p_home_win"": 0.0, ""weight"": 0.25}, {""p_home_win"": 5.686803149372839e-13, ""weight"": 0.5}, {""p_home_win"": 1.1373606298745677e-12, ""weight"": 0.25}]",-14.097730410351575,,elo,"{'home_advantage': -1.0664303085538354, 'scale': 0.3257825025449435, 'error_term': 9.042417210701899, 'win_prob_k': 0.5000000508125179}",1.0,25
2024-10-25,Houston Rockets,Memphis Grizzlies,128,108,False,False,2024-10-25|Memphis Grizzlies|Houston Rockets,,,,2024-10-25|Memphis Grizzlies|Houston Rockets,5.686803149372839e-13,"[{""p_home_win"": 0.0, ""weight"": 0.25}, {""p_home_win"": 5.686803149372839e-13, ""weight"": 0.5}, {""p_home_win"": 1.1373606298745677e-12, ""weight"": 0.25}]",-14.097730410351575,,elo,"{'home_advantage': -1.0664303085538354, 'scale': 0.3257825025449435, 'error_term': 9.042417210701899, 'win_prob_k': 0.5000000508125179}",1.0,20
2024-10-25,Milwaukee Bucks,Chicago Bulls,122,133,False,False,2024-10-25|Chicago Bulls|Milwaukee Bucks,,,,2024-10-25|Chicago Bulls|Milwaukee Bucks,0.9999999999595008,"[{""p_home_win"": 0.9999999999190017, ""weight"": 0.25}, {""p_home_win"": 0.9999999999595008, ""weight"": 0.5}, {""p_home_win"": 1.0, ""weight"": 0.25}]",11.964869793243905,,elo,"{'home_advantage': -1.0664303085538354, 'scale': 0.3257825025449435, 'error_term': 9.042417210701899, 'win_prob_k': 0.5000000508125179}",0.0,-11
2024-10-25,Utah Jazz,Golden State Warriors,86,127,False,False,2024-10-25|Golden State Warriors|Utah Jazz,,,,2024-10-25|Golden State Warriors|Utah Jazz,5.686803149372839e-13,"[{""p_home_win"": 0.0, ""weight"": 0.25}, {""p_home_win"": 5.686803149372839e-13, ""weight"": 0.5}, {""p_home_win"": 1.1373606298745677e-12, ""weight"": 0.25}]",-14.097730410351575,,elo,"{'home_advantage': -1.0664303085538354, 'scale': 0.3257825025449435, 'error_term': 9.042417210701899, 'win_prob_k': 0.5000000508125179}",0.0,-41
2024-10-25,Los Angeles Lakers,Phoenix Suns,123,116,False,False,2024-10-25|Phoenix Suns|Los Angeles Lakers,,,,2024-10-25|Phoenix Suns|Los Angeles Lakers,0.10594374994477271,"[{""p_home_win"": 0.0, ""weight"": 0.25}, {""p_home_win"": 0.10594374994477271, ""weight"": 0.5}, {""p_home_win"": 0.21188749988954542, ""weight"": 0.25}]",-1.0664303085538354,,elo,"{'home_advantage': -1.0664303085538354, 'scale': 0.3257825025449435, 'error_term': 9.042417210701899, 'win_prob_k': 0.5000000508125179}",1.0,7
2024-10-25,Portland Trail Blazers,New Orleans Pelicans,103,105,False,False,2024-10-25|New Orleans Pelicans|Portland Trail Blazers,,,,2024-10-25|New Orleans Pelicans|Portland Trail Blazers,5.686803149372839e-13,"[{""p_home_win"": 0.0, ""weight"": 0.25}, {""p_home_win"": 5.686803149372839e-13, ""weight"": 0.5}, {""p_home_win"": 1.1373606298745677e-12, ""weight"": 0.25}]",-14.097730410351575,,elo,"{'home_advantage': -1.0664303085538354, 'scale': 0.3257825025449435, 'error_term': 9.042417210701899, 'win_prob_k': 0.5000000508125179}",0.0,-2
2024-10-26,Denver Nuggets,Los Angeles Clippers,104,109,False,False,2024-10-26|Los Angeles Clippers|Denver Nuggets,,,,2024-10-26|Los Angeles Clippers|Denver Nuggets,0.15066554092951295,"[{""p_home_win"": 0.0, ""weight"": 0.25}, {""p_home_win"": 0.15066554092951295, ""weight"": 0.5}, {""p_home_win"": 0.3013310818590259, ""weight"": 0.25}]",-1.563103015622844,,elo,"{'home_advantage': -1.563103015622844, 'scale': 0.2714076628689006, 'error_term': 11.054787320051712, 'win_prob_k': 0.9038461206306463}",0.0,-5
2024-10-26,Washington Wizards,Cleveland Cavaliers,116,135,False,False,2024-10-26|Cleveland Cavaliers|Washington Wizards,,,,2024-10-26|Cleveland Cavaliers|Washington Wizards,7.468831400318039e-09,"[{""p_home_win"": 0.0, ""weight"": 0.25}, {""p_home_win"": 7.468831400318039e-09, ""weight"": 0.5}, {""p_home_win"": 1.4937662800636078e-08, ""weight"": 0.25}]",-16.913245190685412,,elo,"{'home_advantage': -1.563103015622844, 'scale': 0.2714076628689006, 'error_term': 11.054787320051712, 'win_prob_k': 0.9038461206306463}",0.0,-19
2024-10-26,Detroit Pistons,Boston Celtics,118,124,False,False,2024-10-26|Boston Celtics|Detroit Pistons,,,,2024-10-26|Boston Celtics|Detroit Pistons,1.8409691607126517e-11,"[{""p_home_win"": 0.0, ""weight"": 0.25}, {""p_home_win"": 1.8409691607126517e-11, ""weight"": 0.5}, {""p_home_win"": 3.6819383214253034e-11, ""weight"": 0.25}]",-22.341398448063423,,elo,"{'home_advantage': -1.563103015622844, 'scale': 0.2714076628689006, 'error_term': 11.054787320051712, 'win_prob_k': 0.9038461206306463}",0.0,-6
2024-10-26,Charlotte Hornets,Miami Heat,106,114,False,False,2024-10-26|Miami Heat|Charlotte Hornets,,,,2024-10-26|Miami Heat|Charlotte Hornets,0.9862954215644283,"[{""p_home_win"": 0.9725908431288566, ""weight"": 0.25}, {""p_home_win"": 0.9862954215644283, ""weight"": 0.5}, {""p_home_win"": 1.0, ""weight"": 0.25}]",3.865050241755168,,elo,"{'home_advantage': -1.563103015622844, 'scale': 0.2714076628689006, 'error_term': 11.054787320051712, 'win_prob_k': 0.9038461206306463}",0.0,-8
2024-10-26,Memphis Grizzlies,Orlando Magic,124,111,False,False,2024-10-26|Orlando Magic|Memphis Grizzlies,,,,2024-10-26|Orlando Magic|Memphis Grizzlies,1.0777609180896821e-06,"[{""p_home_win"": 0.0, ""weight"": 0.25}, {""p_home_win"": 1.0777609180896821e-06, ""weight"": 0.5}, {""p_home_win"": 2.1555218361793643e-06, ""weight"": 0.25}]",-12.419409530378868,,elo,"{'home_advantage': -1.563103015622844, 'scale': 0.2714076628689006, 'error_term': 11.054787320051712, 'win_prob_k': 0.9038461206306463}",1.0,13
2024-10-26,Minnesota Timberwolves,Toronto Raptors,112,101,False,False,2024-10-26|Toronto Raptors|Minnesota Timberwolves,,,,2024-10-26|Toronto Raptors|Minnesota Timberwolves,0.20035759210527954,"[{""p_home_win"": 0.0, ""weight"": 0.25}, {""p_home_win"": 0.20035759210527954, ""weight"": 0.5}, {""p_home_win"": 0.40071518421055907, ""weight"": 0.25}]",-1.2509780815362732,,elo,"{'home_advantage': -1.563103015622844, 'scale': 0.2714076628689006, 'error_term': 11.054787320051712, 'win_prob_k': 0.9038461206306463}",1.0,11
2024-10-26,Chicago Bulls,Oklahoma City Thunder,95,114,False,False,2024-10-26|Oklahoma City Thunder|Chicago Bulls,,,,2024-10-26|Oklahoma City Thunder|Chicago Bulls,0.0008695855915184333,"[{""p_home_win"": 0.0, ""weight"": 0.25}, {""p_home_win"": 0.0008695855915184333, ""weight"": 0.5}, {""p_home_win"": 0.0017391711830368666, ""weight"": 0.25}]",-6.369063610015958,,elo,"{'home_advantage': -1.563103015622844, 'scale': 0.2714076628689006, 'error_term': 11.054787320051712, 'win_prob_k': 0.9038461206306463}",0.0,-19
2024-10-26,San Antonio Spurs,Houston Rockets,109,106,False,False,2024-10-26|Houston Rockets|San Antonio Spurs,,,,2024-10-26|Houston Rockets|San Antonio Spurs,0.0002196203319858377,"[{""p_home_win"": 0.0, ""weight"": 0.25}, {""p_home_win"": 0.0002196203319858377, ""weight"": 0.5}, {""p_home_win"": 0.0004392406639716754, ""weight"": 0.25}]",-7.613448935985755,,elo,"{'home_advantage': -1.563103015622844, 'scale': 0.2714076628689006, 'error_term': 11.054787320051712, 'win_prob_k': 0.9038461206306463}",1.0,3
2024-10-26,Phoenix Suns,Dallas Mavericks,114,102,False,False,2024-10-26|Dallas Mavericks|Phoenix Suns,,,,2024-10-26|Dallas Mavericks|Phoenix Suns,0.0004370581181419932,"[{""p_home_win"": 0.0, ""weight"": 0.25}, {""p_home_win"": 0.0004370581181419932, ""weight"": 0.5}, {""p_home_win"": 0.0008741162362839864, ""weight"": 0.25}]",-6.9912562730008565,,elo,"{'home_advantage': -1.563103015622844, 'scale': 0.2714076628689006, 'error_term': 11.054787320051712, 'win_prob_k': 0.9038461206306463}",1.0,12
2024-10-26,Los Angeles Lakers,Sacramento Kings,131,127,False,False,2024-10-26|Sacramento Kings|Los Angeles Lakers,,,,2024-10-26|Sacramento Kings|Los Angeles Lakers,0.9999999402316109,"[{""p_home_win"": 0.9999998804632217, ""weight"": 0.25}, {""p_home_win"": 0.9999999402316109, ""weight"": 0.5}, {""p_home_win"": 1.0, ""weight"": 0.25}]",15.033481690597764,,elo,"{'home_advantage': -1.563103015622844, 'scale': 0.2714076628689006, 'error_term': 11.054787320051712, 'win_prob_k': 0.9038461206306463}",1.0,4
2024-10-27,Indiana Pacers,Philadelphia 76ers,114,118,False,False,2024-10-27|Philadelphia 76ers|Indiana Pacers,,,,2024-10-27|Philadelphia 76ers|Indiana Pacers,0.9322233896768377,"[{""p_home_win"": 0.8644467793536754, ""weight"": 0.25}, {""p_home_win"": 0.9322233896768377, ""weight"": 0.5}, {""p_home_win"": 1.0, ""weight"": 0.25}]",6.797908876481556,,elo,"{'home_advantage': -0.12762848974555008, 'scale': 0.18366454955488376, 'error_term': 11.715316748289416, 'win_prob_k': 2.593280211144611}",0.0,-4
2024-10-27,Portland Trail Blazers,New Orleans Pelicans,125,103,False,False,2024-10-27|New Orleans Pelicans|Portland Trail Blazers,,,,2024-10-27|New Orleans Pelicans|Portland Trail Blazers,0.0045396477481742204,"[{""p_home_win"": 0.0, ""weight"": 0.25}, {""p_home_win"": 0.0045396477481742204, ""weight"": 0.5}, {""p_home_win"": 0.009079295496348441, ""weight"": 0.25}]",-13.978703222199764,,elo,"{'home_advantage': -0.12762848974555008, 'scale': 0.18366454955488376, 'error_term': 11.715316748289416, 'win_prob_k': 2.593280211144611}",1.0,22
2024-10-27,Brooklyn Nets,Milwaukee Bucks,115,102,False,False,2024-10-27|Milwaukee Bucks|Brooklyn Nets,,,,2024-10-27|Milwaukee Bucks|Brooklyn Nets,0.07192920705220524,"[{""p_home_win"": 0.0, ""weight"": 0.25}, {""p_home_win"": 0.07192920705220524, ""weight"": 0.5}, {""p_home_win"": 0.14385841410441047, ""weight"": 0.25}]",-6.632121240004413,,elo,"{'home_advantage': -0.12762848974555008, 'scale': 0.18366454955488376, 'error_term': 11.715316748289416, 'win_prob_k': 2.593280211144611}",1.0,13
2024-10-27,Oklahoma City Thunder,Atlanta Hawks,128,104,False,False,2024-10-27|Atlanta Hawks|Oklahoma City Thunder,,,,2024-10-27|Atlanta Hawks|Oklahoma City Thunder,0.469700984663206,"[{""p_home_win"": 0.0, ""weight"": 0.25}, {""p_home_win"": 0.469700984663206, ""weight"": 0.5}, {""p_home_win"": 0.939401969326412, ""weight"": 0.25}]",-0.31468090762716067,,elo,"{'home_advantage': -0.12762848974555008, 'scale': 0.18366454955488376, 'error_term': 11.715316748289416, 'win_prob_k': 2.593280211144611}",1.0,24
2024-10-27,Golden State Warriors,Los Angeles Clippers,104,112,False,False,2024-10-27|Los Angeles Clippers|Golden State Warriors,,,,2024-10-27|Los Angeles Clippers|Golden State Warriors,0.9322233896768377,"[{""p_home_win"": 0.8644467793536754, ""weight"": 0.25}, {""p_home_win"": 0.9322233896768377, ""weight"": 0.5}, {""p_home_win"": 1.0, ""weight"": 0.25}]",6.797908876481556,,elo,"{'home_advantage': -0.12762848974555008, 'scale': 0.18366454955488376, 'error_term': 11.715316748289416, 'win_prob_k': 2.593280211144611}",0.0,-8
2024-10-28,Orlando Magic,Indiana Pacers,119,115,False,False,2024-10-28|Indiana Pacers|Orlando Magic,,,,2024-10-28|Indiana Pacers|Orlando Magic,0.9604635364207357,"[{""p_home_win"": 0.9209270728414714, ""weight"": 0.25}, {""p_home_win"": 0.9604635364207357, ""weight"": 0.5}, {""p_home_win"": 1.0, ""weight"": 0.25}]",8.66155112444476,,elo,"{'home_advantage': 1.0116060725210585, 'scale': 0.19187378837485575, 'error_term': 12.668035387263858, 'win_prob_k': 2.715055826354376}",1.0,4
2024-10-28,Atlanta Hawks,Washington Wizards,119,121,False,False,2024-10-28|Washington Wizards|Atlanta Hawks,,,,2024-10-28|Washington Wizards|Atlanta Hawks,0.9866041258270566,"[{""p_home_win"": 0.9732082516541132, ""weight"": 0.25}, {""p_home_win"": 0.9866041258270566, ""weight"": 0.5}, {""p_home_win"": 1.0, ""weight"": 0.25}]",11.672899540463778,,elo,"{'home_advantage': 1.0116060725210585, 'scale': 0.19187378837485575, 'error_term': 12.668035387263858, 'win_prob_k': 2.715055826354376}",0.0,-2
2024-10-28,Boston Celtics,Milwaukee Bucks,119,108,False,False,2024-10-28|Milwaukee Bucks|Boston Celtics,,,,2024-10-28|Milwaukee Bucks|Boston Celtics,0.9973854027009507,"[{""p_home_win"": 0.9947708054019013, ""weight"": 0.25}, {""p_home_win"": 0.9973854027009507, ""weight"": 0.5}, {""p_home_win"": 1.0, ""weight"": 0.25}]",16.13836559594021,,elo,"{'home_advantage': 1.0116060725210585, 'scale': 0.19187378837485575, 'error_term': 12.668035387263858, 'win_prob_k': 2.715055826354376}",1.0,11
2024-10-28,Toronto Raptors,Denver Nuggets,125,127,False,False,2024-10-28|Denver Nuggets|Toronto Raptors,,,,2024-10-28|Denver Nuggets|Toronto Raptors,0.8570100751851619,"[{""p_home_win"": 0.7140201503703238, ""weight"": 0.25}, {""p_home_win"": 0.8570100751851619, ""weight"": 0.5}, {""p_home_win"": 1.0, ""weight"": 0.25}]",4.861783957349024,,elo,"{'home_advantage': 1.0116060725210585, 'scale': 0.19187378837485575, 'error_term': 12.668035387263858, 'win_prob_k': 2.715055826354376}",0.0,-2
2024-10-28,Miami Heat,Detroit Pistons,106,98,False,False,2024-10-28|Detroit Pistons|Miami Heat,,,,2024-10-28|Detroit Pistons|Miami Heat,0.9855936114044274,"[{""p_home_win"": 0.9711872228088547, ""weight"": 0.25}, {""p_home_win"": 0.9855936114044274, ""weight"": 0.5}, {""p_home_win"": 1.0, ""weight"": 0.25}]",11.47266482897078,,elo,"{'home_advantage': 1.0116060725210585, 'scale': 0.19187378837485575, 'error_term': 12.668035387263858, 'win_prob_k': 2.715055826354376}",1.0,8
2024-10-28,New York Knicks,Cleveland Cavaliers,104,110,False,False,2024-10-28|Cleveland Cavaliers|New York Knicks,,,,2024-10-28|Cleveland Cavaliers|New York Knicks,0.0350420159590725,"[{""p_home_win"": 0.0, ""weight"": 0.25}, {""p_home_win"": 0.0350420159590725, ""weight"": 0.5}, {""p_home_win"": 0.070084031918145, ""weight"": 0.25}]",-9.001867405998428,,elo,"{'home_advantage': 1.0116060725210585, 'scale': 0.19187378837485575, 'error_term': 12.668035387263858, 'win_prob_k': 2.715055826354376}",0.0,-6
2024-10-28,San Antonio Spurs,Houston Rockets,101,106,False,False,2024-10-28|Houston Rockets|San Antonio Spurs,,,,2024-10-28|Houston Rockets|San Antonio Spurs,0.8587705346366121,"[{""p_home_win"": 0.7175410692732243, ""weight"": 0.25}, {""p_home_win"": 0.8587705346366121, ""weight"": 0.5}, {""p_home_win"": 1.0, ""weight"": 0.25}]",4.900990099419615,,elo,"{'home_advantage': 1.0116060725210585, 'scale': 0.19187378837485575, 'error_term': 12.668035387263858, 'win_prob_k': 2.715055826354376}",0.0,-5
2024-10-28,Memphis Grizzlies,Chicago Bulls,123,126,False,False,2024-10-28|Chicago Bulls|Memphis Grizzlies,,,,2024-10-28|Chicago Bulls|Memphis Grizzlies,0.950987235498115,"[{""p_home_win"": 0.9019744709962301, ""weight"": 0.25}, {""p_home_win"": 0.950987235498115, ""weight"": 0.5}, {""p_home_win"": 1.0, ""weight"": 0.25}]",8.051280512033026,,elo,"{'home_advantage': 1.0116060725210585, 'scale': 0.19187378837485575, 'error_term': 12.668035387263858, 'win_prob_k': 2.715055826354376}",0.0,-3
2024-10-28,Dallas Mavericks,Utah Jazz,110,102,False,False,2024-10-28|Utah Jazz|Dallas Mavericks,,,,2024-10-28|Utah Jazz|Dallas Mavericks,0.9505520029719994,"[{""p_home_win"": 0.9011040059439988, ""weight"": 0.25}, {""p_home_win"": 0.9505520029719994, ""weight"": 0.5}, {""p_home_win"": 1.0, ""weight"": 0.25}]",8.026034411521412,,elo,"{'home_advantage': 1.0116060725210585, 'scale': 0.19187378837485575, 'error_term': 12.668035387263858, 'win_prob_k': 2.715055826354376}",1.0,8
2024-10-28,Sacramento Kings,Portland Trail Blazers,111,98,False,False,2024-10-28|Portland Trail Blazers|Sacramento Kings,,,,2024-10-28|Portland Trail Blazers|Sacramento Kings,0.20752058246477983,"[{""p_home_win"": 0.0, ""weight"": 0.25}, {""p_home_win"": 0.20752058246477983, ""weight"": 0.5}, {""p_home_win"": 0.41504116492955967, ""weight"": 0.25}]",-3.6380010613815235,,elo,"{'home_advantage': 1.0116060725210585, 'scale': 0.19187378837485575, 'error_term': 12.668035387263858, 'win_prob_k': 2.715055826354376}",1.0,13
2024-10-28,Phoenix Suns,Los Angeles Lakers,109,105,False,False,2024-10-28|Los Angeles Lakers|Phoenix Suns,,,,2024-10-28|Los Angeles Lakers|Phoenix Suns,0.10652674732656948,"[{""p_home_win"": 0.0, ""weight"": 0.25}, {""p_home_win"": 0.10652674732656948, ""weight"": 0.5}, {""p_home_win"": 0.21305349465313897, ""weight"": 0.25}]",-5.774164331973111,,elo,"{'home_advantage': 1.0116060725210585, 'scale': 0.19187378837485575, 'error_term': 12.668035387263858, 'win_prob_k': 2.715055826354376}",1.0,4
2024-10-29,Brooklyn Nets,Denver Nuggets,139,144,False,False,2024-10-29|Denver Nuggets|Brooklyn Nets,,,,2024-10-29|Denver Nuggets|Brooklyn Nets,0.6098833488882518,"[{""p_home_win"": 0.2197666977765036, ""weight"": 0.25}, {""p_home_win"": 0.6098833488882518, ""weight"": 0.5}, {""p_home_win"": 1.0, ""weight"": 0.25}]",1.4161823703873653,,elo,"{'home_advantage': 0.9023805342340234, 'scale': 0.16206887670192682, 'error_term': 11.172584465727331, 'win_prob_k': 3.16945598654404}",0.0,-5
2024-10-29,Minnesota Timberwolves,Dallas Mavericks,114,120,False,False,2024-10-29|Dallas Mavericks|Minnesota Timberwolves,,,,2024-10-29|Dallas Mavericks|Minnesota Timberwolves,0.6239038728691559,"[{""p_home_win"": 0.24780774573831188, ""weight"": 0.25}, {""p_home_win"": 0.6239038728691559, ""weight"": 0.5}, {""p_home_win"": 1.0, ""weight"": 0.25}]",1.604225024226202,,elo,"{'home_advantage': 0.9023805342340234, 'scale': 0.16206887670192682, 'error_term': 11.172584465727331, 'win_prob_k': 3.16945598654404}",0.0,-6
2024-10-29,Utah Jazz,Sacramento Kings,96,113,False,False,2024-10-29|Sacramento Kings|Utah Jazz,,,,2024-10-29|Sacramento Kings|Utah Jazz,0.15099665334110654,"[{""p_home_win"": 0.0, ""weight"": 0.25}, {""p_home_win"": 0.15099665334110654, ""weight"": 0.5}, {""p_home_win"": 0.3019933066822131, ""weight"": 0.25}]",-5.473033886697727,,elo,"{'home_advantage': 0.9023805342340234, 'scale': 0.16206887670192682, 'error_term': 11.172584465727331, 'win_prob_k': 3.16945598654404}",0.0,-17
2024-10-29,Golden State Warriors,New Orleans Pelicans,124,106,False,False,2024-10-29|New Orleans Pelicans|Golden State Warriors,,,,2024-10-29|New Orleans Pelicans|Golden State Warriors,0.5969366238661313,"[{""p_home_win"": 0.19387324773226267, ""weight"": 0.25}, {""p_home_win"": 0.5969366238661313, ""weight"": 0.5}, {""p_home_win"": 1.0, ""weight"": 0.25}]",1.2446996891830404,,elo,"{'home_advantage': 0.9023805342340234, 'scale': 0.16206887670192682, 'error_term': 11.172584465727331, 'win_prob_k': 3.16945598654404}",1.0,18
2024-10-30,Philadelphia 76ers,Detroit Pistons,95,105,False,False,2024-10-30|Detroit Pistons|Philadelphia 76ers,,,,2024-10-30|Detroit Pistons|Philadelphia 76ers,0.9469818023127162,"[{""p_home_win"": 0.8939636046254325, ""weight"": 0.25}, {""p_home_win"": 0.9469818023127162, ""weight"": 0.5}, {""p_home_win"": 1.0, ""weight"": 0.25}]",9.501284536050548,,elo,"{'home_advantage': 0.7570935185859282, 'scale': 0.16681118728236158, 'error_term': 10.565672033841484, 'win_prob_k': 3.296030425147761}",0.0,-10
2024-10-30,Washington Wizards,Atlanta Hawks,133,120,False,False,2024-10-30|Atlanta Hawks|Washington Wizards,,,,2024-10-30|Atlanta Hawks|Washington Wizards,0.4410319244648981,"[{""p_home_win"": 0.0, ""weight"": 0.25}, {""p_home_win"": 0.4410319244648981, ""weight"": 0.5}, {""p_home_win"": 0.8820638489297962, ""weight"": 0.25}]",-0.7810771319080607,,elo,"{'home_advantage': 0.7570935185859282, 'scale': 0.16681118728236158, 'error_term': 10.565672033841484, 'win_prob_k': 3.296030425147761}",1.0,13
2024-10-30,Indiana Pacers,Boston Celtics,135,132,False,False,2024-10-30|Boston Celtics|Indiana Pacers,,,,2024-10-30|Boston Celtics|Indiana Pacers,0.0042789748073073525,"[{""p_home_win"": 0.0, ""weight"": 0.25}, {""p_home_win"": 0.0042789748073073525, ""weight"": 0.5}, {""p_home_win"": 0.008557949614614705, ""weight"": 0.25}]",-17.962553916638708,,elo,"{'home_advantage': 0.7570935185859282, 'scale': 0.16681118728236158, 'error_term': 10.565672033841484, 'win_prob_k': 3.296030425147761}",1.0,3
2024-10-30,Cleveland Cavaliers,Los Angeles Lakers,134,110,False,False,2024-10-30|Los Angeles Lakers|Cleveland Cavaliers,,,,2024-10-30|Los Angeles Lakers|Cleveland Cavaliers,0.8911788959104615,"[{""p_home_win"": 0.782357791820923, ""weight"": 0.25}, {""p_home_win"": 0.8911788959104615, ""weight"": 0.5}, {""p_home_win"": 1.0, ""weight"": 0.25}]",6.9310242940256295,,elo,"{'home_advantage': 0.7570935185859282, 'scale': 0.16681118728236158, 'error_term': 10.565672033841484, 'win_prob_k': 3.296030425147761}",1.0,24
2024-10-30,Charlotte Hornets,Toronto Raptors,138,133,False,False,2024-10-30|Toronto Raptors|Charlotte Hornets,,,,2024-10-30|Toronto Raptors|Charlotte Hornets,0.7753437262543743,"[{""p_home_win"": 0.5506874525087486, ""weight"": 0.25}, {""p_home_win"": 0.7753437262543743, ""weight"": 0.5}, {""p_home_win"": 1.0, ""weight"": 0.25}]",4.08290787589547,,elo,"{'home_advantage': 0.7570935185859282, 'scale': 0.16681118728236158, 'error_term': 10.565672033841484, 'win_prob_k': 3.296030425147761}",1.0,5
2024-10-30,Miami Heat,New York Knicks,107,116,False,False,2024-10-30|New York Knicks|Miami Heat,,,,2024-10-30|New York Knicks|Miami Heat,0.8685063712921309,"[{""p_home_win"": 0.7370127425842619, ""weight"": 0.25}, {""p_home_win"": 0.8685063712921309, ""weight"": 0.5}, {""p_home_win"": 1.0, ""weight"": 0.25}]",6.2223006938507535,,elo,"{'home_advantage': 0.7570935185859282, 'scale': 0.16681118728236158, 'error_term': 10.565672033841484, 'win_prob_k': 3.296030425147761}",0.0,-9
2024-10-30,Chicago Bulls,Orlando Magic,102,99,False,False,2024-10-30|Orlando Magic|Chicago Bulls,,,,2024-10-30|Orlando Magic|Chicago Bulls,0.23632293483775443,"[{""p_home_win"": 0.0, ""weight"": 0.25}, {""p_home_win"": 0.23632293483775443, ""weight"": 0.5}, {""p_home_win"": 0.47264586967550887, ""weight"": 0.25}]",-3.8660649535708087,,elo,"{'home_advantage': 0.7570935185859282, 'scale': 0.16681118728236158, 'error_term': 10.565672033841484, 'win_prob_k': 3.296030425147761}",1.0,3
2024-10-30,Memphis Grizzlies,Brooklyn Nets,106,119,False,False,2024-10-30|Brooklyn Nets|Memphis Grizzlies,,,,2024-10-30|Brooklyn Nets|Memphis Grizzlies,0.8741312091337212,"[{""p_home_win"": 0.7482624182674424, ""weight"": 0.25}, {""p_home_win"": 0.8741312091337212, ""weight"": 0.5}, {""p_home_win"": 1.0, ""weight"": 0.25}]",6.387675543564397,,elo,"{'home_advantage': 0.7570935185859282, 'scale': 0.16681118728236158, 'error_term': 10.565672033841484, 'win_prob_k': 3.296030425147761}",0.0,-13
2024-10-30,Oklahoma City Thunder,San Antonio Spurs,105,93,False,False,2024-10-30|San Antonio Spurs|Oklahoma City Thunder,,,,2024-10-30|San Antonio Spurs|Oklahoma City Thunder,0.9855717200681495,"[{""p_home_win"": 0.971143440136299, ""weight"": 0.25}, {""p_home_win"": 0.9855717200681495, ""weight"": 0.5}, {""p_home_win"": 1.0, ""weight"": 0.25}]",13.922537113425115,,elo,"{'home_advantage': 0.7570935185859282, 'scale': 0.16681118728236158, 'error_term': 10.565672033841484, 'win_prob_k': 3.296030425147761}",1.0,12
2024-10-30,Golden State Warriors,New Orleans Pelicans,104,89,False,False,2024-10-30|New Orleans Pelicans|Golden State Warriors,,,,2024-10-30|New Orleans Pelicans|Golden State Warriors,0.912829066203488,"[{""p_home_win"": 0.825658132406976, ""weight"": 0.25}, {""p_home_win"": 0.912829066203488, ""weight"": 0.5}, {""p_home_win"": 1.0, ""weight"": 0.25}]",7.74131313703254,,elo,"{'home_advantage': 0.7570935185859282, 'scale': 0.16681118728236158, 'error_term': 10.565672033841484, 'win_prob_k': 3.296030425147761}",1.0,15
2024-10-30,Los Angeles Clippers,Portland Trail Blazers,105,106,False,False,2024-10-30|Portland Trail Blazers|Los Angeles Clippers,,,,2024-10-30|Portland Trail Blazers|Los Angeles Clippers,0.9574603336709956,"[{""p_home_win"": 0.9149206673419912, ""weight"": 0.25}, {""p_home_win"": 0.9574603336709956, ""weight"": 0.5}, {""p_home_win"": 1.0, ""weight"": 0.25}]",10.263335529649765,,elo,"{'home_advantage': 0.7570935185859282, 'scale': 0.16681118728236158, 'error_term': 10.565672033841484, 'win_prob_k': 3.296030425147761}",0.0,-1
2024-10-31,Memphis Grizzlies,Milwaukee Bucks,122,99,False,False,2024-10-31|Milwaukee Bucks|Memphis Grizzlies,,,,2024-10-31|Milwaukee Bucks|Memphis Grizzlies,0.6719766489154332,"[{""p_home_win"": 0.34395329783086637, ""weight"": 0.25}, {""p_home_win"": 0.6719766489154332, ""weight"": 0.5}, {""p_home_win"": 1.0, ""weight"": 0.25}]",3.586827470291879,,elo,"{'home_advantage': 0.8852820351988885, 'scale': 0.17075644272116025, 'error_term': 10.083948431126444, 'win_prob_k': 5.0015805933244035}",1.0,23
2024-10-31,Dallas Mavericks,Houston Rockets,102,108,False,False,2024-10-31|Houston Rockets|Dallas Mavericks,,,,2024-10-31|Houston Rockets|Dallas Mavericks,0.7967297529608491,"[{""p_home_win"": 0.5934595059216983, ""weight"": 0.25}, {""p_home_win"": 0.7967297529608491, ""weight"": 0.5}, {""p_home_win"": 1.0, ""weight"": 0.25}]",6.8320549627943485,,elo,"{'home_advantage': 0.8852820351988885, 'scale': 0.17075644272116025, 'error_term': 10.083948431126444, 'win_prob_k': 5.0015805933244035}",0.0,-6
2024-10-31,Utah Jazz,San Antonio Spurs,88,106,False,False,2024-10-31|San Antonio Spurs|Utah Jazz,,,,2024-10-31|San Antonio Spurs|Utah Jazz,0.2463371926024897,"[{""p_home_win"": 0.0, ""weight"": 0.25}, {""p_home_win"": 0.2463371926024897, ""weight"": 0.5}, {""p_home_win"": 0.4926743852049794, ""weight"": 0.25}]",-5.592986308249827,,elo,"{'home_advantage': 0.8852820351988885, 'scale': 0.17075644272116025, 'error_term': 10.083948431126444, 'win_prob_k': 5.0015805933244035}",0.0,-18
2024-10-31,Los Angeles Clippers,Phoenix Suns,119,125,False,False,2024-10-31|Phoenix Suns|Los Angeles Clippers,,,,2024-10-31|Phoenix Suns|Los Angeles Clippers,0.20844335481973617,"[{""p_home_win"": 0.0, ""weight"": 0.25}, {""p_home_win"": 0.20844335481973617, ""weight"": 0.5}, {""p_home_win"": 0.41688670963947233, ""weight"": 0.25}]",-6.6737796337407405,,elo,"{'home_advantage': 0.8852820351988885, 'scale': 0.17075644272116025, 'error_term': 10.083948431126444, 'win_prob_k': 5.0015805933244035}",0.0,-6
2024-11-01,Charlotte Hornets,Boston Celtics,109,124,False,False,2024-11-01|Boston Celtics|Charlotte Hornets,,,,2024-11-01|Boston Celtics|Charlotte Hornets,0.22512580985556546,"[{""p_home_win"": 0.0, ""weight"": 0.25}, {""p_home_win"": 0.22512580985556546, ""weight"": 0.5}, {""p_home_win"": 0.4502516197111309, ""weight"": 0.25}]",-6.563894091263206,,elo,"{'home_advantage': 0.9186044370356643, 'scale': 0.16229883921725458, 'error_term': 10.210211164170971, 'win_prob_k': 5.31041656724439}",0.0,-15
2024-11-01,Cleveland Cavaliers,Orlando Magic,120,109,False,False,2024-11-01|Orlando Magic|Cleveland Cavaliers,,,,2024-11-01|Orlando Magic|Cleveland Cavaliers,0.9277006369958585,"[{""p_home_win"": 0.855401273991717, ""weight"": 0.25}, {""p_home_win"": 0.9277006369958585, ""weight"": 0.5}, {""p_home_win"": 1.0, ""weight"": 0.25}]",13.55161896800876,,elo,"{'home_advantage': 0.9186044370356643, 'scale': 0.16229883921725458, 'error_term': 10.210211164170971, 'win_prob_k': 5.31041656724439}",1.0,11
2024-11-01,Detroit Pistons,New York Knicks,98,128,False,False,2024-11-01|New York Knicks|Detroit Pistons,,,,2024-11-01|New York Knicks|Detroit Pistons,0.18390046271797691,"[{""p_home_win"": 0.0, ""weight"": 0.25}, {""p_home_win"": 0.18390046271797691, ""weight"": 0.5}, {""p_home_win"": 0.36780092543595383, ""weight"": 0.25}]",-7.9132730742640565,,elo,"{'home_advantage': 0.9186044370356643, 'scale': 0.16229883921725458, 'error_term': 10.210211164170971, 'win_prob_k': 5.31041656724439}",0.0,-30
2024-11-01,Atlanta Hawks,Sacramento Kings,115,123,False,False,2024-11-01|Sacramento Kings|Atlanta Hawks,,,,2024-11-01|Sacramento Kings|Atlanta Hawks,0.35475707936914036,"[{""p_home_win"": 0.0, ""weight"": 0.25}, {""p_home_win"": 0.35475707936914036, ""weight"": 0.5}, {""p_home_win"": 0.7095141587382807, ""weight"": 0.25}]",-3.17665717861138,,elo,"{'home_advantage': 0.9186044370356643, 'scale': 0.16229883921725458, 'error_term': 10.210211164170971, 'win_prob_k': 5.31041656724439}",0.0,-8
2024-11-01,Brooklyn Nets,Chicago Bulls,120,112,False,False,2024-11-01|Chicago Bulls|Brooklyn Nets,,,,2024-11-01|Chicago Bulls|Brooklyn Nets,0.25390524999299485,"[{""p_home_win"": 0.0, ""weight"": 0.25}, {""p_home_win"": 0.25390524999299485, ""weight"": 0.5}, {""p_home_win"": 0.5078104999859897, ""weight"": 0.25}]",-5.724052544579026,,elo,"{'home_advantage': 0.9186044370356643, 'scale': 0.16229883921725458, 'error_term': 10.210211164170971, 'win_prob_k': 5.31041656724439}",1.0,8
2024-11-01,Toronto Raptors,Los Angeles Lakers,125,131,False,False,2024-11-01|Los Angeles Lakers|Toronto Raptors,,,,2024-11-01|Los Angeles Lakers|Toronto Raptors,0.10279122713018339,"[{""p_home_win"": 0.0, ""weight"": 0.25}, {""p_home_win"": 0.10279122713018339, ""weight"": 0.5}, {""p_home_win"": 0.20558245426036678, ""weight"": 0.25}]",-11.505487839042543,,elo,"{'home_advantage': 0.9186044370356643, 'scale': 0.16229883921725458, 'error_term': 10.210211164170971, 'win_prob_k': 5.31041656724439}",0.0,-6
2024-11-01,New Orleans Pelicans,Indiana Pacers,125,118,False,False,2024-11-01|Indiana Pacers|New Orleans Pelicans,,,,2024-11-01|Indiana Pacers|New Orleans Pelicans,0.48120224297791225,"[{""p_home_win"": 0.0, ""weight"": 0.25}, {""p_home_win"": 0.48120224297791225, ""weight"": 0.5}, {""p_home_win"": 0.9624044859558245, ""weight"": 0.25}]",-0.3994839654929214,,elo,"{'home_advantage': 0.9186044370356643, 'scale': 0.16229883921725458, 'error_term': 10.210211164170971, 'win_prob_k': 5.31041656724439}",1.0,7
2024-11-01,Minnesota Timberwolves,Denver Nuggets,119,116,False,False,2024-11-01|Denver Nuggets|Minnesota Timberwolves,,,,2024-11-01|Denver Nuggets|Minnesota Timberwolves,0.5393302309915701,"[{""p_home_win"": 0.07866046198314014, ""weight"": 0.25}, {""p_home_win"": 0.5393302309915701, ""weight"": 0.5}, {""p_home_win"": 1.0, ""weight"": 0.25}]",0.8371691517613195,,elo,"{'home_advantage': 0.9186044370356643, 'scale': 0.16229883921725458, 'error_term': 10.210211164170971, 'win_prob_k': 5.31041656724439}",1.0,3
2024-11-01,Portland Trail Blazers,Oklahoma City Thunder,114,137,False,False,2024-11-01|Oklahoma City Thunder|Portland Trail Blazers,,,,2024-11-01|Oklahoma City Thunder|Portland Trail Blazers,0.0787172525940787,"[{""p_home_win"": 0.0, ""weight"": 0.25}, {""p_home_win"": 0.0787172525940787, ""weight"": 0.5}, {""p_home_win"": 0.1574345051881574, ""weight"": 0.25}]",-13.063118345791663,,elo,"{'home_advantage': 0.9186044370356643, 'scale': 0.16229883921725458, 'error_term': 10.210211164170971, 'win_prob_k': 5.31041656724439}",0.0,-23
2024-11-02,Charlotte Hornets,Boston Celtics,103,113,False,False,2024-11-02|Boston Celtics|Charlotte Hornets,,,,2024-11-02|Boston Celtics|Charlotte Hornets,0.10215467773449896,"[{""p_home_win"": 0.0, ""weight"": 0.25}, {""p_home_win"": 0.10215467773449896, ""weight"": 0.5}, {""p_home_win"": 0.20430935546899792, ""weight"": 0.25}]",-10.974385667844496,,elo,"{'home_advantage': 0.7309914251782382, 'scale': 0.14482134780260555, 'error_term': 9.976482617354641, 'win_prob_k': 5.049154232212185}",0.0,-10
2024-11-02,Philadelphia 76ers,Memphis Grizzlies,107,124,False,False,2024-11-02|Memphis Grizzlies|Philadelphia 76ers,,,,2024-11-02|Memphis Grizzlies|Philadelphia 76ers,0.2922694112501797,"[{""p_home_win"": 0.0, ""weight"": 0.25}, {""p_home_win"": 0.2922694112501797, ""weight"": 0.5}, {""p_home_win"": 0.5845388225003594, ""weight"": 0.25}]",-4.4654087812313925,,elo,"{'home_advantage': 0.7309914251782382, 'scale': 0.14482134780260555, 'error_term': 9.976482617354641, 'win_prob_k': 5.049154232212185}",0.0,-17
2024-11-02,Toronto Raptors,Sacramento Kings,131,128,False,False,2024-11-02|Sacramento Kings|Toronto Raptors,,,,2024-11-02|Sacramento Kings|Toronto Raptors,0.06926633449060492,"[{""p_home_win"": 0.0, ""weight"": 0.25}, {""p_home_win"": 0.06926633449060492, ""weight"": 0.5}, {""p_home_win"": 0.13853266898120983, ""weight"": 0.25}]",-13.117774233774819,,elo,"{'home_advantage': 0.7309914251782382, 'scale': 0.14482134780260555, 'error_term': 9.976482617354641, 'win_prob_k': 5.049154232212185}",1.0,3
2024-11-02,Houston Rockets,Golden State Warriors,121,127,False,False,2024-11-02|Golden State Warriors|Houston Rockets,,,,2024-11-02|Golden State Warriors|Houston Rockets,0.3356526258235371,"[{""p_home_win"": 0.0, ""weight"": 0.25}, {""p_home_win"": 0.3356526258235371, ""weight"": 0.5}, {""p_home_win"": 0.6713052516470742, ""weight"": 0.25}]",-3.447200955498244,,elo,"{'home_advantage': 0.7309914251782382, 'scale': 0.14482134780260555, 'error_term': 9.976482617354641, 'win_prob_k': 5.049154232212185}",0.0,-6
2024-11-02,Milwaukee Bucks,Cleveland Cavaliers,113,114,False,False,2024-11-02|Cleveland Cavaliers|Milwaukee Bucks,,,,2024-11-02|Cleveland Cavaliers|Milwaukee Bucks,0.010386054380139027,"[{""p_home_win"": 0.0, ""weight"": 0.25}, {""p_home_win"": 0.010386054380139027, ""weight"": 0.5}, {""p_home_win"": 0.020772108760278053, ""weight"": 0.25}]",-23.008243168066148,,elo,"{'home_advantage': 0.7309914251782382, 'scale': 0.14482134780260555, 'error_term': 9.976482617354641, 'win_prob_k': 5.049154232212185}",0.0,-1
2024-11-02,San Antonio Spurs,Minnesota Timberwolves,113,103,False,False,2024-11-02|Minnesota Timberwolves|San Antonio Spurs,,,,2024-11-02|Minnesota Timberwolves|San Antonio Spurs,0.27723193177393646,"[{""p_home_win"": 0.0, ""weight"": 0.25}, {""p_home_win"": 0.27723193177393646, ""weight"": 0.5}, {""p_home_win"": 0.5544638635478729, ""weight"": 0.25}]",-4.838270878812073,,elo,"{'home_advantage': 0.7309914251782382, 'scale': 0.14482134780260555, 'error_term': 9.976482617354641, 'win_prob_k': 5.049154232212185}",1.0,10
2024-11-02,Washington Wizards,Miami Heat,98,118,False,False,2024-11-02|Miami Heat|Washington Wizards,,,,2024-11-02|Miami Heat|Washington Wizards,0.6193402805596427,"[{""p_home_win"": 0.23868056111928548, ""weight"": 0.25}, {""p_home_win"": 0.6193402805596427, ""weight"": 0.5}, {""p_home_win"": 1.0, ""weight"": 0.25}]",2.4576707566291827,,elo,"{'home_advantage': 0.7309914251782382, 'scale': 0.14482134780260555, 'error_term': 9.976482617354641, 'win_prob_k': 5.049154232212185}",0.0,-20
2024-11-02,Denver Nuggets,Utah Jazz,129,103,False,False,2024-11-02|Utah Jazz|Denver Nuggets,,,,2024-11-02|Utah Jazz|Denver Nuggets,0.9023754761300143,"[{""p_home_win"": 0.8047509522600287, ""weight"": 0.25}, {""p_home_win"": 0.9023754761300143, ""weight"": 0.5}, {""p_home_win"": 1.0, ""weight"": 0.25}]",11.228824059423232,,elo,"{'home_advantage': 0.7309914251782382, 'scale': 0.14482134780260555, 'error_term': 9.976482617354641, 'win_prob_k': 5.049154232212185}",1.0,26
2024-11-02,Phoenix Suns,Portland Trail Blazers,103,97,False,False,2024-11-02|Portland Trail Blazers|Phoenix Suns,,,,2024-11-02|Portland Trail Blazers|Phoenix Suns,0.9340374074853103,"[{""p_home_win"": 0.8680748149706206, ""weight"": 0.25}, {""p_home_win"": 0.9340374074853103, ""weight"": 0.5}, {""p_home_win"": 1.0, ""weight"": 0.25}]",13.382423222153802,,elo,"{'home_advantage': 0.7309914251782382, 'scale': 0.14482134780260555, 'error_term': 9.976482617354641, 'win_prob_k': 5.049154232212185}",1.0,6
2024-11-02,Los Angeles Clippers,Oklahoma City Thunder,92,105,False,False,2024-11-02|Oklahoma City Thunder|Los Angeles Clippers,,,,2024-11-02|Oklahoma City Thunder|Los Angeles Clippers,0.04923751439965581,"[{""p_home_win"": 0.0, ""weight"": 0.25}, {""p_home_win"": 0.04923751439965581, ""weight"": 0.5}, {""p_home_win"": 0.09847502879931162, ""weight"": 0.25}]",-14.948568727359076,,elo,"{'home_advantage': 0.7309914251782382, 'scale': 0.14482134780260555, 'error_term': 9.976482617354641, 'win_prob_k': 5.049154232212185}",0.0,-13
2024-11-03,Brooklyn Nets,Detroit Pistons,92,106,False,False,2024-11-03|Detroit Pistons|Brooklyn Nets,,,,2024-11-03|Detroit Pistons|Brooklyn Nets,0.8843857839307568,"[{""p_home_win"": 0.7687715678615137, ""weight"": 0.25}, {""p_home_win"": 0.8843857839307568, ""weight"": 0.5}, {""p_home_win"": 1.0, ""weight"": 0.25}]",9.769204234688054,,elo,"{'home_advantage': 0.8938309360836554, 'scale': 0.12228513530498092, 'error_term': 10.109766861485708, 'win_prob_k': 4.801454254775869}",0.0,-14
2024-11-03,New Orleans Pelicans,Atlanta Hawks,111,126,False,False,2024-11-03|Atlanta Hawks|New Orleans Pelicans,,,,2024-11-03|Atlanta Hawks|New Orleans Pelicans,0.7636128570671661,"[{""p_home_win"": 0.5272257141343322, ""weight"": 0.25}, {""p_home_win"": 0.7636128570671661, ""weight"": 0.5}, {""p_home_win"": 1.0, ""weight"": 0.25}]",5.630137398308076,,elo,"{'home_advantage': 0.8938309360836554, 'scale': 0.12228513530498092, 'error_term': 10.109766861485708, 'win_prob_k': 4.801454254775869}",0.0,-15
2024-11-03,Dallas Mavericks,Orlando Magic,108,85,False,False,2024-11-03|Orlando Magic|Dallas Mavericks,,,,2024-11-03|Orlando Magic|Dallas Mavericks,0.6618539881494776,"[{""p_home_win"": 0.3237079762989552, ""weight"": 0.25}, {""p_home_win"": 0.6618539881494776, ""weight"": 0.5}, {""p_home_win"": 1.0, ""weight"": 0.25}]",3.224499093660407,,elo,"{'home_advantage': 0.8938309360836554, 'scale': 0.12228513530498092, 'error_term': 10.109766861485708, 'win_prob_k': 4.801454254775869}",1.0,23
2024-11-04,Cleveland Cavaliers,Milwaukee Bucks,116,114,False,False,2024-11-04|Milwaukee Bucks|Cleveland Cavaliers,,,,2024-11-04|Milwaukee Bucks|Cleveland Cavaliers,0.9916732415103695,"[{""p_home_win"": 0.983346483020739, ""weight"": 0.25}, {""p_home_win"": 0.9916732415103695, ""weight"": 0.5}, {""p_home_win"": 1.0, ""weight"": 0.25}]",23.48970914964965,,elo,"{'home_advantage': 0.5183746338085775, 'scale': 0.12327999004445757, 'error_term': 10.441779167611509, 'win_prob_k': 4.914247941464927}",1.0,2
2024-11-04,Washington Wizards,Golden State Warriors,112,125,False,False,2024-11-04|Golden State Warriors|Washington Wizards,,,,2024-11-04|Golden State Warriors|Washington Wizards,0.11908446934188888,"[{""p_home_win"": 0.0, ""weight"": 0.25}, {""p_home_win"": 0.11908446934188888, ""weight"": 0.5}, {""p_home_win"": 0.23816893868377775, ""weight"": 0.25}]",-9.834042470240972,,elo,"{'home_advantage': 0.5183746338085775, 'scale': 0.12327999004445757, 'error_term': 10.441779167611509, 'win_prob_k': 4.914247941464927}",0.0,-13
2024-11-04,Detroit Pistons,Los Angeles Lakers,115,103,False,False,2024-11-04|Los Angeles Lakers|Detroit Pistons,,,,2024-11-04|Los Angeles Lakers|Detroit Pistons,0.15335756071599427,"[{""p_home_win"": 0.0, ""weight"": 0.25}, {""p_home_win"": 0.15335756071599427, ""weight"": 0.5}, {""p_home_win"": 0.30671512143198854, ""weight"": 0.25}]",-8.396023385500285,,elo,"{'home_advantage': 0.5183746338085775, 'scale': 0.12327999004445757, 'error_term': 10.441779167611509, 'win_prob_k': 4.914247941464927}",1.0,12
2024-11-04,Atlanta Hawks,Boston Celtics,93,123,False,False,2024-11-04|Boston Celtics|Atlanta Hawks,,,,2024-11-04|Boston Celtics|Atlanta Hawks,0.08947522076982267,"[{""p_home_win"": 0.0, ""weight"": 0.25}, {""p_home_win"": 0.08947522076982267, ""weight"": 0.5}, {""p_home_win"": 0.17895044153964534, ""weight"": 0.25}]",-11.40134708004299,,elo,"{'home_advantage': 0.5183746338085775, 'scale': 0.12327999004445757, 'error_term': 10.441779167611509, 'win_prob_k': 4.914247941464927}",0.0,-30
2024-11-04,Brooklyn Nets,Memphis Grizzlies,106,104,False,False,2024-11-04|Memphis Grizzlies|Brooklyn Nets,,,,2024-11-04|Memphis Grizzlies|Brooklyn Nets,0.35112068347007896,"[{""p_home_win"": 0.0, ""weight"": 0.25}, {""p_home_win"": 0.35112068347007896, ""weight"": 0.5}, {""p_home_win"": 0.7022413669401579, ""weight"": 0.25}]",-3.0179219967847555,,elo,"{'home_advantage': 0.5183746338085775, 'scale': 0.12327999004445757, 'error_term': 10.441779167611509, 'win_prob_k': 4.914247941464927}",1.0,2
2024-11-04,Miami Heat,Sacramento Kings,110,111,False,False,2024-11-04|Sacramento Kings|Miami Heat,,,,2024-11-04|Sacramento Kings|Miami Heat,0.6597454136780272,"[{""p_home_win"": 0.3194908273560544, ""weight"": 0.25}, {""p_home_win"": 0.6597454136780272, ""weight"": 0.5}, {""p_home_win"": 1.0, ""weight"": 0.25}]",3.2540179404429255,,elo,"{'home_advantage': 0.5183746338085775, 'scale': 0.12327999004445757, 'error_term': 10.441779167611509, 'win_prob_k': 4.914247941464927}",0.0,-1
2024-11-04,Chicago Bulls,Utah Jazz,126,135,False,False,2024-11-04|Utah Jazz|Chicago Bulls,,,,2024-11-04|Utah Jazz|Chicago Bulls,0.9482578771204513,"[{""p_home_win"": 0.8965157542409026, ""weight"": 0.25}, {""p_home_win"": 0.9482578771204513, ""weight"": 0.5}, {""p_home_win"": 1.0, ""weight"": 0.25}]",14.292374042735052,,elo,"{'home_advantage': 0.5183746338085775, 'scale': 0.12327999004445757, 'error_term': 10.441779167611509, 'win_prob_k': 4.914247941464927}",0.0,-9
2024-11-04,Houston Rockets,New York Knicks,109,97,False,False,2024-11-04|New York Knicks|Houston Rockets,,,,2024-11-04|New York Knicks|Houston Rockets,0.41302212516646103,"[{""p_home_win"": 0.0, ""weight"": 0.25}, {""p_home_win"": 0.41302212516646103, ""weight"": 0.5}, {""p_home_win"": 0.8260442503329221, ""weight"": 0.25}]",-1.727289174175662,,elo,"{'home_advantage': 0.5183746338085775, 'scale': 0.12327999004445757, 'error_term': 10.441779167611509, 'win_prob_k': 4.914247941464927}",1.0,12
2024-11-04,Minnesota Timberwolves,Charlotte Hornets,114,93,False,False,2024-11-04|Charlotte Hornets|Minnesota Timberwolves,,,,2024-11-04|Charlotte Hornets|Minnesota Timberwolves,0.7215268875882019,"[{""p_home_win"": 0.4430537751764039, ""weight"": 0.25}, {""p_home_win"": 0.7215268875882019, ""weight"": 0.5}, {""p_home_win"": 1.0, ""weight"": 0.25}]",4.678600579489655,,elo,"{'home_advantage': 0.5183746338085775, 'scale': 0.12327999004445757, 'error_term': 10.441779167611509, 'win_prob_k': 4.914247941464927}",1.0,21
2024-11-04,Oklahoma City Thunder,Orlando Magic,102,86,False,False,2024-11-04|Orlando Magic|Oklahoma City Thunder,,,,2024-11-04|Orlando Magic|Oklahoma City Thunder,0.9638151207025483,"[{""p_home_win"": 0.9276302414050965, ""weight"": 0.25}, {""p_home_win"": 0.9638151207025483, ""weight"": 0.5}, {""p_home_win"": 1.0, ""weight"": 0.25}]",16.12983040666901,,elo,"{'home_advantage': 0.5183746338085775, 'scale': 0.12327999004445757, 'error_term': 10.441779167611509, 'win_prob_k': 4.914247941464927}",1.0,16
2024-11-04,New Orleans Pelicans,Portland Trail Blazers,100,118,False,False,2024-11-04|Portland Trail Blazers|New Orleans Pelicans,,,,2024-11-04|Portland Trail Blazers|New Orleans Pelicans,0.6240098583821849,"[{""p_home_win"": 0.24801971676436985, ""weight"": 0.25}, {""p_home_win"": 0.6240098583821849, ""weight"": 0.5}, {""p_home_win"": 1.0, ""weight"": 0.25}]",2.4895739440001954,,elo,"{'home_advantage': 0.5183746338085775, 'scale': 0.12327999004445757, 'error_term': 10.441779167611509, 'win_prob_k': 4.914247941464927}",0.0,-18
2024-11-04,Dallas Mavericks,Indiana Pacers,127,134,False,False,2024-11-04|Indiana Pacers|Dallas Mavericks,,,,2024-11-04|Indiana Pacers|Dallas Mavericks,0.8663512143543833,"[{""p_home_win"": 0.7327024287087667, ""weight"": 0.25}, {""p_home_win"": 0.8663512143543833, ""weight"": 0.5}, {""p_home_win"": 1.0, ""weight"": 0.25}]",9.185098114596,,elo,"{'home_advantage': 0.5183746338085775, 'scale': 0.12327999004445757, 'error_term': 10.441779167611509, 'win_prob_k': 4.914247941464927}",0.0,-7
2024-11-04,Denver Nuggets,Toronto Raptors,121,119,False,False,2024-11-04|Toronto Raptors|Denver Nuggets,,,,2024-11-04|Toronto Raptors|Denver Nuggets,0.7850423821092182,"[{""p_home_win"": 0.5700847642184363, ""weight"": 0.25}, {""p_home_win"": 0.7850423821092182, ""weight"": 0.5}, {""p_home_win"": 1.0, ""weight"": 0.25}]",6.365409749290026,,elo,"{'home_advantage': 0.5183746338085775, 'scale': 0.12327999004445757, 'error_term': 10.441779167611509, 'win_prob_k': 4.914247941464927}",1.0,2
2024-11-04,Phoenix Suns,Philadelphia 76ers,118,116,False,False,2024-11-04|Philadelphia 76ers|Phoenix Suns,,,,2024-11-04|Philadelphia 76ers|Phoenix Suns,0.9700963848743253,"[{""p_home_win"": 0.9401927697486505, ""weight"": 0.25}, {""p_home_win"": 0.9700963848743253, ""weight"": 0.5}, {""p_home_win"": 1.0, ""weight"": 0.25}]",17.098713171579785,,elo,"{'home_advantage': 0.5183746338085775, 'scale': 0.12327999004445757, 'error_term': 10.441779167611509, 'win_prob_k': 4.914247941464927}",1.0,2
2024-11-04,Los Angeles Clippers,San Antonio Spurs,113,104,False,False,2024-11-04|San Antonio Spurs|Los Angeles Clippers,,,,2024-11-04|San Antonio Spurs|Los Angeles Clippers,0.3045062031533408,"[{""p_home_win"": 0.0, ""weight"": 0.25}, {""p_home_win"": 0.3045062031533408, ""weight"": 0.5}, {""p_home_win"": 0.6090124063066816, ""weight"": 0.25}]",-4.058827916912865,,elo,"{'home_advantage': 0.5183746338085775, 'scale': 0.12327999004445757, 'error_term': 10.441779167611509, 'win_prob_k': 4.914247941464927}",1.0,9
2024-11-06,Charlotte Hornets,Detroit Pistons,108,107,False,False,2024-11-06|Detroit Pistons|Charlotte Hornets,,,,2024-11-06|Detroit Pistons|Charlotte Hornets,0.32377451852600575,"[{""p_home_win"": 0.0, ""weight"": 0.25}, {""p_home_win"": 0.32377451852600575, ""weight"": 0.5}, {""p_home_win"": 0.6475490370520115, ""weight"": 0.25}]",-3.872743235279318,,elo,"{'home_advantage': -0.021407022731825445, 'scale': 0.10348307201788556, 'error_term': 10.844076994859348, 'win_prob_k': 5.258455470666785}",1.0,1
2024-11-06,Indiana Pacers,Orlando Magic,118,111,False,False,2024-11-06|Orlando Magic|Indiana Pacers,,,,2024-11-06|Orlando Magic|Indiana Pacers,0.6129855455977646,"[{""p_home_win"": 0.22597109119552927, ""weight"": 0.25}, {""p_home_win"": 0.6129855455977646, ""weight"": 0.5}, {""p_home_win"": 1.0, ""weight"": 0.25}]",2.418254892835916,,elo,"{'home_advantage': -0.021407022731825445, 'scale': 0.10348307201788556, 'error_term': 10.844076994859348, 'win_prob_k': 5.258455470666785}",1.0,7
2024-11-06,Atlanta Hawks,New York Knicks,121,116,False,False,2024-11-06|New York Knicks|Atlanta Hawks,,,,2024-11-06|New York Knicks|Atlanta Hawks,0.3218522232791989,"[{""p_home_win"": 0.0, ""weight"": 0.25}, {""p_home_win"": 0.3218522232791989, ""weight"": 0.5}, {""p_home_win"": 0.6437044465583978, ""weight"": 0.25}]",-3.9189833993670122,,elo,"{'home_advantage': -0.021407022731825445, 'scale': 0.10348307201788556, 'error_term': 10.844076994859348, 'win_prob_k': 5.258455470666785}",1.0,5
2024-11-06,Boston Celtics,Golden State Warriors,112,118,False,False,2024-11-06|Golden State Warriors|Boston Celtics,,,,2024-11-06|Golden State Warriors|Boston Celtics,0.5213300013948077,"[{""p_home_win"": 0.04266000278961535, ""weight"": 0.25}, {""p_home_win"": 0.5213300013948077, ""weight"": 0.5}, {""p_home_win"": 1.0, ""weight"": 0.25}]",0.4489239109755839,,elo,"{'home_advantage': -0.021407022731825445, 'scale': 0.10348307201788556, 'error_term': 10.844076994859348, 'win_prob_k': 5.258455470666785}",0.0,-6
2024-11-06,Houston Rockets,San Antonio Spurs,127,100,False,False,2024-11-06|San Antonio Spurs|Houston Rockets,,,,2024-11-06|San Antonio Spurs|Houston Rockets,0.7046666662293202,"[{""p_home_win"": 0.40933333245864034, ""weight"": 0.25}, {""p_home_win"": 0.7046666662293202, ""weight"": 0.5}, {""p_home_win"": 1.0, ""weight"": 0.25}]",4.572859170257292,,elo,"{'home_advantage': -0.021407022731825445, 'scale': 0.10348307201788556, 'error_term': 10.844076994859348, 'win_prob_k': 5.258455470666785}",1.0,27
2024-11-06,Memphis Grizzlies,Los Angeles Lakers,131,114,False,False,2024-11-06|Los Angeles Lakers|Memphis Grizzlies,,,,2024-11-06|Los Angeles Lakers|Memphis Grizzlies,0.41697508938008987,"[{""p_home_win"": 0.0, ""weight"": 0.25}, {""p_home_win"": 0.41697508938008987, ""weight"": 0.5}, {""p_home_win"": 0.8339501787601797, ""weight"": 0.25}]",-1.7626523179307798,,elo,"{'home_advantage': -0.021407022731825445, 'scale': 0.10348307201788556, 'error_term': 10.844076994859348, 'win_prob_k': 5.258455470666785}",1.0,17
2024-11-06,New Orleans Pelicans,Cleveland Cavaliers,122,131,False,False,2024-11-06|Cleveland Cavaliers|New Orleans Pelicans,,,,2024-11-06|Cleveland Cavaliers|New Orleans Pelicans,0.031972147312817854,"[{""p_home_win"": 0.0, ""weight"": 0.25}, {""p_home_win"": 0.031972147312817854, ""weight"": 0.5}, {""p_home_win"": 0.06394429462563571, ""weight"": 0.25}]",-17.933414099277154,,elo,"{'home_advantage': -0.021407022731825445, 'scale': 0.10348307201788556, 'error_term': 10.844076994859348, 'win_prob_k': 5.258455470666785}",0.0,-9
2024-11-06,Dallas Mavericks,Chicago Bulls,119,99,False,False,2024-11-06|Chicago Bulls|Dallas Mavericks,,,,2024-11-06|Chicago Bulls|Dallas Mavericks,0.6491473455849,"[{""p_home_win"": 0.2982946911697999, ""weight"": 0.25}, {""p_home_win"": 0.6491473455849, ""weight"": 0.5}, {""p_home_win"": 1.0, ""weight"": 0.25}]",3.2354928316918885,,elo,"{'home_advantage': -0.021407022731825445, 'scale': 0.10348307201788556, 'error_term': 10.844076994859348, 'win_prob_k': 5.258455470666785}",1.0,20
2024-11-06,Denver Nuggets,Oklahoma City Thunder,124,122,False,False,2024-11-06|Oklahoma City Thunder|Denver Nuggets,,,,2024-11-06|Oklahoma City Thunder|Denver Nuggets,0.11758218272606659,"[{""p_home_win"": 0.0, ""weight"": 0.25}, {""p_home_win"": 0.11758218272606659, ""weight"": 0.5}, {""p_home_win"": 0.23516436545213318, ""weight"": 0.25}]",-10.598564989916364,,elo,"{'home_advantage': -0.021407022731825445, 'scale': 0.10348307201788556, 'error_term': 10.844076994859348, 'win_prob_k': 5.258455470666785}",1.0,2
2024-11-06,Phoenix Suns,Miami Heat,115,112,False,False,2024-11-06|Miami Heat|Phoenix Suns,,,,2024-11-06|Miami Heat|Phoenix Suns,0.8607668344418044,"[{""p_home_win"": 0.7215336688836087, ""weight"": 0.25}, {""p_home_win"": 0.8607668344418044, ""weight"": 0.5}, {""p_home_win"": 1.0, ""weight"": 0.25}]",9.579189939207257,,elo,"{'home_advantage': -0.021407022731825445, 'scale': 0.10348307201788556, 'error_term': 10.844076994859348, 'win_prob_k': 5.258455470666785}",1.0,3
2024-11-06,Los Angeles Clippers,Philadelphia 76ers,110,98,False,False,2024-11-06|Philadelphia 76ers|Los Angeles Clippers,,,,2024-11-06|Philadelphia 76ers|Los Angeles Clippers,0.7679136820390232,"[{""p_home_win"": 0.5358273640780464, ""weight"": 0.25}, {""p_home_win"": 0.7679136820390232, ""weight"": 0.5}, {""p_home_win"": 1.0, ""weight"": 0.25}]",6.292099393166522,,elo,"{'home_advantage': -0.021407022731825445, 'scale': 0.10348307201788556, 'error_term': 10.844076994859348, 'win_prob_k': 5.258455470666785}",1.0,12
2024-11-06,Sacramento Kings,Toronto Raptors,122,107,False,False,2024-11-06|Toronto Raptors|Sacramento Kings,,,,2024-11-06|Toronto Raptors|Sacramento Kings,0.8372839938445943,"[{""p_home_win"": 0.6745679876891886, ""weight"": 0.25}, {""p_home_win"": 0.8372839938445943, ""weight"": 0.5}, {""p_home_win"": 1.0, ""weight"": 0.25}]",8.614175243615206,,elo,"{'home_advantage': -0.021407022731825445, 'scale': 0.10348307201788556, 'error_term': 10.844076994859348, 'win_prob_k': 5.258455470666785}",1.0,15
2024-11-07,Chicago Bulls,Minnesota Timberwolves,119,135,False,False,2024-11-07|Minnesota Timberwolves|Chicago Bulls,,,,2024-11-07|Minnesota Timberwolves|Chicago Bulls,0.2869420069413565,"[{""p_home_win"": 0.0, ""weight"": 0.25}, {""p_home_win"": 0.2869420069413565, ""weight"": 0.5}, {""p_home_win"": 0.573884013882713, ""weight"": 0.25}]",-4.897785529846528,,elo,"{'home_advantage': 0.24152624256087807, 'scale': 0.09100592106824675, 'error_term': 11.073518760543012, 'win_prob_k': 5.380510839258429}",0.0,-16
2024-11-07,Milwaukee Bucks,Utah Jazz,123,100,False,False,2024-11-07|Utah Jazz|Milwaukee Bucks,,,,2024-11-07|Utah Jazz|Milwaukee Bucks,0.5133063049211742,"[{""p_home_win"": 0.026612609842348478, ""weight"": 0.25}, {""p_home_win"": 0.5133063049211742, ""weight"": 0.5}, {""p_home_win"": 1.0, ""weight"": 0.25}]",0.2864465076440694,,elo,"{'home_advantage': 0.24152624256087807, 'scale': 0.09100592106824675, 'error_term': 11.073518760543012, 'win_prob_k': 5.380510839258429}",1.0,23
2024-11-07,San Antonio Spurs,Portland Trail Blazers,118,105,False,False,2024-11-07|Portland Trail Blazers|San Antonio Spurs,,,,2024-11-07|Portland Trail Blazers|San Antonio Spurs,0.45172644271793577,"[{""p_home_win"": 0.0, ""weight"": 0.25}, {""p_home_win"": 0.45172644271793577, ""weight"": 0.5}, {""p_home_win"": 0.9034528854358715, ""weight"": 0.25}]",-1.0421918917310382,,elo,"{'home_advantage': 0.24152624256087807, 'scale': 0.09100592106824675, 'error_term': 11.073518760543012, 'win_prob_k': 5.380510839258429}",1.0,13
2024-11-08,Charlotte Hornets,Indiana Pacers,103,83,False,False,2024-11-08|Indiana Pacers|Charlotte Hornets,,,,2024-11-08|Indiana Pacers|Charlotte Hornets,0.3654019827785884,"[{""p_home_win"": 0.0, ""weight"": 0.25}, {""p_home_win"": 0.3654019827785884, ""weight"": 0.5}, {""p_home_win"": 0.7308039655571767, ""weight"": 0.25}]",-3.0072799983580576,,elo,"{'home_advantage': 0.46613886682348415, 'scale': 0.09321732422586519, 'error_term': 11.031304831358081, 'win_prob_k': 5.448033343756135}",1.0,20
2024-11-08,Detroit Pistons,Atlanta Hawks,122,121,False,False,2024-11-08|Atlanta Hawks|Detroit Pistons,,,,2024-11-08|Atlanta Hawks|Detroit Pistons,0.4129359749256873,"[{""p_home_win"": 0.0, ""weight"": 0.25}, {""p_home_win"": 0.4129359749256873, ""weight"": 0.5}, {""p_home_win"": 0.8258719498513746, ""weight"": 0.25}]",-1.9168432921392444,,elo,"{'home_advantage': 0.46613886682348415, 'scale': 0.09321732422586519, 'error_term': 11.031304831358081, 'win_prob_k': 5.448033343756135}",1.0,1
2024-11-08,Orlando Magic,New Orleans Pelicans,115,88,False,False,2024-11-08|New Orleans Pelicans|Orlando Magic,,,,2024-11-08|New Orleans Pelicans|Orlando Magic,0.5336792273936084,"[{""p_home_win"": 0.0673584547872168, ""weight"": 0.25}, {""p_home_win"": 0.5336792273936084, ""weight"": 0.5}, {""p_home_win"": 1.0, ""weight"": 0.25}]",0.7350552516902387,,elo,"{'home_advantage': 0.46613886682348415, 'scale': 0.09321732422586519, 'error_term': 11.031304831358081, 'win_prob_k': 5.448033343756135}",1.0,27
2024-11-08,Boston Celtics,Brooklyn Nets,108,104,False,False,2024-11-08|Brooklyn Nets|Boston Celtics,,,,2024-11-08|Brooklyn Nets|Boston Celtics,0.7679883601603826,"[{""p_home_win"": 0.5359767203207653, ""weight"": 0.25}, {""p_home_win"": 0.7679883601603826, ""weight"": 0.5}, {""p_home_win"": 1.0, ""weight"": 0.25}]",6.5212252779687505,,elo,"{'home_advantage': 0.46613886682348415, 'scale': 0.09321732422586519, 'error_term': 11.031304831358081, 'win_prob_k': 5.448033343756135}",1.0,4
2024-11-08,Cleveland Cavaliers,Golden State Warriors,136,117,False,False,2024-11-08|Golden State Warriors|Cleveland Cavaliers,,,,2024-11-08|Golden State Warriors|Cleveland Cavaliers,0.646453955135017,"[{""p_home_win"": 0.29290791027003404, ""weight"": 0.25}, {""p_home_win"": 0.646453955135017, ""weight"": 0.5}, {""p_home_win"": 1.0, ""weight"": 0.25}]",3.287824069615487,,elo,"{'home_advantage': 0.46613886682348415, 'scale': 0.09321732422586519, 'error_term': 11.031304831358081, 'win_prob_k': 5.448033343756135}",1.0,19
2024-11-08,Dallas Mavericks,Phoenix Suns,113,114,False,False,2024-11-08|Phoenix Suns|Dallas Mavericks,,,,2024-11-08|Phoenix Suns|Dallas Mavericks,0.23183614305903175,"[{""p_home_win"": 0.0, ""weight"": 0.25}, {""p_home_win"": 0.23183614305903175, ""weight"": 0.5}, {""p_home_win"": 0.4636722861180635, ""weight"": 0.25}]",-6.5265926188886105,,elo,"{'home_advantage': 0.46613886682348415, 'scale': 0.09321732422586519, 'error_term': 11.031304831358081, 'win_prob_k': 5.448033343756135}",0.0,-1
2024-11-08,New York Knicks,Milwaukee Bucks,116,94,False,False,2024-11-08|Milwaukee Bucks|New York Knicks,,,,2024-11-08|Milwaukee Bucks|New York Knicks,0.688026845534952,"[{""p_home_win"": 0.37605369106990394, ""weight"": 0.25}, {""p_home_win"": 0.688026845534952, ""weight"": 0.5}, {""p_home_win"": 1.0, ""weight"": 0.25}]",4.308907953348772,,elo,"{'home_advantage': 0.46613886682348415, 'scale': 0.09321732422586519, 'error_term': 11.031304831358081, 'win_prob_k': 5.448033343756135}",1.0,22
2024-11-08,Memphis Grizzlies,Washington Wizards,128,104,False,False,2024-11-08|Washington Wizards|Memphis Grizzlies,,,,2024-11-08|Washington Wizards|Memphis Grizzlies,0.6841639579786192,"[{""p_home_win"": 0.36832791595723835, ""weight"": 0.25}, {""p_home_win"": 0.6841639579786192, ""weight"": 0.5}, {""p_home_win"": 1.0, ""weight"": 0.25}]",4.211190136030471,,elo,"{'home_advantage': 0.46613886682348415, 'scale': 0.09321732422586519, 'error_term': 11.031304831358081, 'win_prob_k': 5.448033343756135}",1.0,24
2024-11-08,Oklahoma City Thunder,Houston Rockets,126,107,False,False,2024-11-08|Houston Rockets|Oklahoma City Thunder,,,,2024-11-08|Houston Rockets|Oklahoma City Thunder,0.7075474583709227,"[{""p_home_win"": 0.4150949167418454, ""weight"": 0.25}, {""p_home_win"": 0.7075474583709227, ""weight"": 0.5}, {""p_home_win"": 1.0, ""weight"": 0.25}]",4.813350009135494,,elo,"{'home_advantage': 0.46613886682348415, 'scale': 0.09321732422586519, 'error_term': 11.031304831358081, 'win_prob_k': 5.448033343756135}",1.0,19
2024-11-08,Denver Nuggets,Miami Heat,135,122,False,False,2024-11-08|Miami Heat|Denver Nuggets,,,,2024-11-08|Miami Heat|Denver Nuggets,0.7506701848348082,"[{""p_home_win"": 0.5013403696696164, ""weight"": 0.25}, {""p_home_win"": 0.7506701848348082, ""weight"": 0.5}, {""p_home_win"": 1.0, ""weight"": 0.25}]",6.004766827303666,,elo,"{'home_advantage': 0.46613886682348415, 'scale': 0.09321732422586519, 'error_term': 11.031304831358081, 'win_prob_k': 5.448033343756135}",1.0,13
2024-11-08,Minnesota Timberwolves,Portland Trail Blazers,127,102,False,False,2024-11-08|Portland Trail Blazers|Minnesota Timberwolves,,,,2024-11-08|Portland Trail Blazers|Minnesota Timberwolves,0.7976907129821604,"[{""p_home_win"": 0.5953814259643209, ""weight"": 0.25}, {""p_home_win"": 0.7976907129821604, ""weight"": 0.5}, {""p_home_win"": 1.0, ""weight"": 0.25}]",7.474283852578354,,elo,"{'home_advantage': 0.46613886682348415, 'scale': 0.09321732422586519, 'error_term': 11.031304831358081, 'win_prob_k': 5.448033343756135}",1.0,25
2024-11-08,Los Angeles Lakers,Philadelphia 76ers,116,106,False,False,2024-11-08|Philadelphia 76ers|Los Angeles Lakers,,,,2024-11-08|Philadelphia 76ers|Los Angeles Lakers,0.7975300188171797,"[{""p_home_win"": 0.5950600376343593, ""weight"": 0.25}, {""p_home_win"": 0.7975300188171797, ""weight"": 0.5}, {""p_home_win"": 1.0, ""weight"": 0.25}]",7.468860587556022,,elo,"{'home_advantage': 0.46613886682348415, 'scale': 0.09321732422586519, 'error_term': 11.031304831358081, 'win_prob_k': 5.448033343756135}",1.0,10
2024-11-08,Sacramento Kings,Los Angeles Clippers,98,107,False,False,2024-11-08|Los Angeles Clippers|Sacramento Kings,,,,2024-11-08|Los Angeles Clippers|Sacramento Kings,0.6258967975022198,"[{""p_home_win"": 0.25179359500443965, ""weight"": 0.25}, {""p_home_win"": 0.6258967975022198, ""weight"": 0.5}, {""p_home_win"": 1.0, ""weight"": 0.25}]",2.803851038005429,,elo,"{'home_advantage': 0.46613886682348415, 'scale': 0.09321732422586519, 'error_term': 11.031304831358081, 'win_prob_k': 5.448033343756135}",0.0,-9
2024-11-09,San Antonio Spurs,Utah Jazz,110,111,False,False,2024-11-09|Utah Jazz|San Antonio Spurs,,,,2024-11-09|Utah Jazz|San Antonio Spurs,0.8653925510838177,"[{""p_home_win"": 0.7307851021676355, ""weight"": 0.25}, {""p_home_win"": 0.8653925510838177, ""weight"": 0.5}, {""p_home_win"": 1.0, ""weight"": 0.25}]",9.248980381357468,,elo,"{'home_advantage': 1.4092820529630712, 'scale': 0.09046858523359032, 'error_term': 11.199686247604225, 'win_prob_k': 4.97037761727883}",0.0,-1
2024-11-09,Atlanta Hawks,Chicago Bulls,113,125,False,False,2024-11-09|Chicago Bulls|Atlanta Hawks,,,,2024-11-09|Chicago Bulls|Atlanta Hawks,0.6668693186596839,"[{""p_home_win"": 0.3337386373193678, ""weight"": 0.25}, {""p_home_win"": 0.6668693186596839, ""weight"": 0.5}, {""p_home_win"": 1.0, ""weight"": 0.25}]",3.4497365772537805,,elo,"{'home_advantage': 1.4092820529630712, 'scale': 0.09046858523359032, 'error_term': 11.199686247604225, 'win_prob_k': 4.97037761727883}",0.0,-12
2024-11-09,Cleveland Cavaliers,Brooklyn Nets,105,100,False,False,2024-11-09|Brooklyn Nets|Cleveland Cavaliers,,,,2024-11-09|Brooklyn Nets|Cleveland Cavaliers,0.9644568344225671,"[{""p_home_win"": 0.9289136688451343, ""weight"": 0.25}, {""p_home_win"": 0.9644568344225671, ""weight"": 0.5}, {""p_home_win"": 1.0, ""weight"": 0.25}]",16.40630786694963,,elo,"{'home_advantage': 1.4092820529630712, 'scale': 0.09046858523359032, 'error_term': 11.199686247604225, 'win_prob_k': 4.97037761727883}",1.0,5
2024-11-09,Los Angeles Clippers,Toronto Raptors,105,103,False,False,2024-11-09|Toronto Raptors|Los Angeles Clippers,,,,2024-11-09|Toronto Raptors|Los Angeles Clippers,0.9082724392380358,"[{""p_home_win"": 0.8165448784760716, ""weight"": 0.25}, {""p_home_win"": 0.9082724392380358, ""weight"": 0.5}, {""p_home_win"": 1.0, ""weight"": 0.25}]",11.395691572276617,,elo,"{'home_advantage': 1.4092820529630712, 'scale': 0.09046858523359032, 'error_term': 11.199686247604225, 'win_prob_k': 4.97037761727883}",1.0,2
2024-11-10,Detroit Pistons,Houston Rockets,99,101,False,False,2024-11-10|Houston Rockets|Detroit Pistons,,,,2024-11-10|Houston Rockets|Detroit Pistons,0.3732776764558836,"[{""p_home_win"": 0.0, ""weight"": 0.25}, {""p_home_win"": 0.3732776764558836, ""weight"": 0.5}, {""p_home_win"": 0.7465553529117672, ""weight"": 0.25}]",-2.4847289090059643,,elo,"{'home_advantage': 1.159503332781236, 'scale': 0.08357360923989723, 'error_term': 11.348696629075686, 'win_prob_k': 4.795098505678087}",0.0,-2
2024-11-10,Milwaukee Bucks,Boston Celtics,107,113,False,False,2024-11-10|Boston Celtics|Milwaukee Bucks,,,,2024-11-10|Boston Celtics|Milwaukee Bucks,0.06672842284159387,"[{""p_home_win"": 0.0, ""weight"": 0.25}, {""p_home_win"": 0.06672842284159387, ""weight"": 0.5}, {""p_home_win"": 0.13345684568318775, ""weight"": 0.25}]",-12.649782720234423,,elo,"{'home_advantage': 1.159503332781236, 'scale': 0.08357360923989723, 'error_term': 11.348696629075686, 'win_prob_k': 4.795098505678087}",0.0,-6
2024-11-10,Indiana Pacers,New York Knicks,132,121,False,False,2024-11-10|New York Knicks|Indiana Pacers,,,,2024-11-10|New York Knicks|Indiana Pacers,0.49783806665895614,"[{""p_home_win"": 0.0, ""weight"": 0.25}, {""p_home_win"": 0.49783806665895614, ""weight"": 0.5}, {""p_home_win"": 0.9956761333179123, ""weight"": 0.25}]",-0.04146699175319757,,elo,"{'home_advantage': 1.159503332781236, 'scale': 0.08357360923989723, 'error_term': 11.348696629075686, 'win_prob_k': 4.795098505678087}",1.0,11
2024-11-10,Orlando Magic,Washington Wizards,121,94,False,False,2024-11-10|Washington Wizards|Orlando Magic,,,,2024-11-10|Washington Wizards|Orlando Magic,0.6057818942798117,"[{""p_home_win"": 0.21156378855962332, ""weight"": 0.25}, {""p_home_win"": 0.6057818942798117, ""weight"": 0.5}, {""p_home_win"": 1.0, ""weight"": 0.25}]",2.060049538285064,,elo,"{'home_advantage': 1.159503332781236, 'scale': 0.08357360923989723, 'error_term': 11.348696629075686, 'win_prob_k': 4.795098505678087}",1.0,27
2024-11-10,Minnesota Timberwolves,Miami Heat,94,95,False,False,2024-11-10|Miami Heat|Minnesota Timberwolves,,,,2024-11-10|Miami Heat|Minnesota Timberwolves,0.8486993571853934,"[{""p_home_win"": 0.6973987143707867, ""weight"": 0.25}, {""p_home_win"": 0.8486993571853934, ""weight"": 0.5}, {""p_home_win"": 1.0, ""weight"": 0.25}]",8.268841158865296,,elo,"{'home_advantage': 1.159503332781236, 'scale': 0.08357360923989723, 'error_term': 11.348696629075686, 'win_prob_k': 4.795098505678087}",0.0,-1
2024-11-10,Oklahoma City Thunder,Golden State Warriors,116,127,False,False,2024-11-10|Golden State Warriors|Oklahoma City Thunder,,,,2024-11-10|Golden State Warriors|Oklahoma City Thunder,0.6421661910344908,"[{""p_home_win"": 0.2843323820689816, ""weight"": 0.25}, {""p_home_win"": 0.6421661910344908, ""weight"": 0.5}, {""p_home_win"": 1.0, ""weight"": 0.25}]",2.8040704006393966,,elo,"{'home_advantage': 1.159503332781236, 'scale': 0.08357360923989723, 'error_term': 11.348696629075686, 'win_prob_k': 4.795098505678087}",0.0,-11
2024-11-10,Philadelphia 76ers,Charlotte Hornets,107,105,False,False,2024-11-10|Charlotte Hornets|Philadelphia 76ers,,,,2024-11-10|Charlotte Hornets|Philadelphia 76ers,0.196209596462129,"[{""p_home_win"": 0.0, ""weight"": 0.25}, {""p_home_win"": 0.196209596462129, ""weight"": 0.5}, {""p_home_win"": 0.392419192924258, ""weight"": 0.25}]",-6.761832543298656,,elo,"{'home_advantage': 1.159503332781236, 'scale': 0.08357360923989723, 'error_term': 11.348696629075686, 'win_prob_k': 4.795098505678087}",1.0,2
2024-11-10,Denver Nuggets,Dallas Mavericks,122,120,False,False,2024-11-10|Dallas Mavericks|Denver Nuggets,,,,2024-11-10|Dallas Mavericks|Denver Nuggets,0.734301307345696,"[{""p_home_win"": 0.46860261469139197, ""weight"": 0.25}, {""p_home_win"": 0.734301307345696, ""weight"": 0.5}, {""p_home_win"": 1.0, ""weight"": 0.25}]",4.874488613941241,,elo,"{'home_advantage': 1.159503332781236, 'scale': 0.08357360923989723, 'error_term': 11.348696629075686, 'win_prob_k': 4.795098505678087}",1.0,2
2024-11-10,Phoenix Suns,Sacramento Kings,118,127,False,False,2024-11-10|Sacramento Kings|Phoenix Suns,,,,2024-11-10|Sacramento Kings|Phoenix Suns,0.895040048990069,"[{""p_home_win"": 0.7900800979801379, ""weight"": 0.25}, {""p_home_win"": 0.895040048990069, ""weight"": 0.5}, {""p_home_win"": 1.0, ""weight"": 0.25}]",10.277284788418315,,elo,"{'home_advantage': 1.159503332781236, 'scale': 0.08357360923989723, 'error_term': 11.348696629075686, 'win_prob_k': 4.795098505678087}",0.0,-9
2024-11-10,Portland Trail Blazers,Memphis Grizzlies,89,134,False,False,2024-11-10|Memphis Grizzlies|Portland Trail Blazers,,,,2024-11-10|Memphis Grizzlies|Portland Trail Blazers,0.21721513826201905,"[{""p_home_win"": 0.0, ""weight"": 0.25}, {""p_home_win"": 0.21721513826201905, ""weight"": 0.5}, {""p_home_win"": 0.4344302765240381, ""weight"": 0.25}]",-6.147170579252638,,elo,"{'home_advantage': 1.159503332781236, 'scale': 0.08357360923989723, 'error_term': 11.348696629075686, 'win_prob_k': 4.795098505678087}",0.0,-45
2024-11-10,Los Angeles Lakers,Toronto Raptors,123,103,False,False,2024-11-10|Toronto Raptors|Los Angeles Lakers,,,,2024-11-10|Toronto Raptors|Los Angeles Lakers,0.8784441055840735,"[{""p_home_win"": 0.756888211168147, ""weight"": 0.25}, {""p_home_win"": 0.8784441055840735, ""weight"": 0.5}, {""p_home_win"": 1.0, ""weight"": 0.25}]",9.483640751591038,,elo,"{'home_advantage': 1.159503332781236, 'scale': 0.08357360923989723, 'error_term': 11.348696629075686, 'win_prob_k': 4.795098505678087}",1.0,20
2024-11-11,Chicago Bulls,Cleveland Cavaliers,113,119,False,False,2024-11-11|Cleveland Cavaliers|Chicago Bulls,,,,2024-11-11|Cleveland Cavaliers|Chicago Bulls,0.052583650992769765,"[{""p_home_win"": 0.0, ""weight"": 0.25}, {""p_home_win"": 0.052583650992769765, ""weight"": 0.5}, {""p_home_win"": 0.10516730198553953, ""weight"": 0.25}]",-15.15676145127356,,elo,"{'home_advantage': 1.242817073193799, 'scale': 0.08127774679833799, 'error_term': 11.7428587859456, 'win_prob_k': 5.242135509748897}",0.0,-6
2024-11-11,Houston Rockets,Washington Wizards,107,92,False,False,2024-11-11|Washington Wizards|Houston Rockets,,,,2024-11-11|Washington Wizards|Houston Rockets,0.8737009825515453,"[{""p_home_win"": 0.7474019651030905, ""weight"": 0.25}, {""p_home_win"": 0.8737009825515453, ""weight"": 0.5}, {""p_home_win"": 1.0, ""weight"": 0.25}]",10.138740595829209,,elo,"{'home_advantage': 1.242817073193799, 'scale': 0.08127774679833799, 'error_term': 11.7428587859456, 'win_prob_k': 5.242135509748897}",1.0,15
2024-11-11,New Orleans Pelicans,Brooklyn Nets,105,107,False,False,2024-11-11|Brooklyn Nets|New Orleans Pelicans,,,,2024-11-11|Brooklyn Nets|New Orleans Pelicans,0.34770901820548283,"[{""p_home_win"": 0.0, ""weight"": 0.25}, {""p_home_win"": 0.34770901820548283, ""weight"": 0.5}, {""p_home_win"": 0.6954180364109657, ""weight"": 0.25}]",-3.2979573390472954,,elo,"{'home_advantage': 1.242817073193799, 'scale': 0.08127774679833799, 'error_term': 11.7428587859456, 'win_prob_k': 5.242135509748897}",0.0,-2
2024-11-11,Oklahoma City Thunder,Los Angeles Clippers,134,128,False,False,2024-11-11|Los Angeles Clippers|Oklahoma City Thunder,,,,2024-11-11|Los Angeles Clippers|Oklahoma City Thunder,0.7203756784024847,"[{""p_home_win"": 0.44075135680496946, ""weight"": 0.25}, {""p_home_win"": 0.7203756784024847, ""weight"": 0.5}, {""p_home_win"": 1.0, ""weight"": 0.25}]",4.960768382964348,,elo,"{'home_advantage': 1.242817073193799, 'scale': 0.08127774679833799, 'error_term': 11.7428587859456, 'win_prob_k': 5.242135509748897}",1.0,6
2024-11-11,San Antonio Spurs,Sacramento Kings,116,96,False,False,2024-11-11|Sacramento Kings|San Antonio Spurs,,,,2024-11-11|Sacramento Kings|San Antonio Spurs,0.284079400515337,"[{""p_home_win"": 0.0, ""weight"": 0.25}, {""p_home_win"": 0.284079400515337, ""weight"": 0.5}, {""p_home_win"": 0.568158801030674, ""weight"": 0.25}]",-4.845387041181211,,elo,"{'home_advantage': 1.242817073193799, 'scale': 0.08127774679833799, 'error_term': 11.7428587859456, 'win_prob_k': 5.242135509748897}",1.0,20
2024-11-12,Boston Celtics,Atlanta Hawks,116,117,False,False,2024-11-12|Atlanta Hawks|Boston Celtics,,,,2024-11-12|Atlanta Hawks|Boston Celtics,0.9345769924614888,"[{""p_home_win"": 0.8691539849229777, ""weight"": 0.25}, {""p_home_win"": 0.9345769924614888, ""weight"": 0.5}, {""p_home_win"": 1.0, ""weight"": 0.25}]",13.591622639993588,,elo,"{'home_advantage': 1.4910223436704388, 'scale': 0.07876497213531972, 'error_term': 11.610184016062515, 'win_prob_k': 5.111131288438354}",0.0,-1
2024-11-12,Detroit Pistons,Miami Heat,123,121,False,False,2024-11-12|Miami Heat|Detroit Pistons,,,,2024-11-12|Miami Heat|Detroit Pistons,0.48403650193786707,"[{""p_home_win"": 0.0, ""weight"": 0.25}, {""p_home_win"": 0.48403650193786707, ""weight"": 0.5}, {""p_home_win"": 0.9680730038757341, ""weight"": 0.25}]",-0.32647709747768405,,elo,"{'home_advantage': 1.4910223436704388, 'scale': 0.07876497213531972, 'error_term': 11.610184016062515, 'win_prob_k': 5.111131288438354}",1.0,2
2024-11-12,Orlando Magic,Charlotte Hornets,114,89,False,False,2024-11-12|Charlotte Hornets|Orlando Magic,,,,2024-11-12|Charlotte Hornets|Orlando Magic,0.6413906769526814,"[{""p_home_win"": 0.28278135390536274, ""weight"": 0.25}, {""p_home_win"": 0.6413906769526814, ""weight"": 0.5}, {""p_home_win"": 1.0, ""weight"": 0.25}]",2.971638270118012,,elo,"{'home_advantage': 1.4910223436704388, 'scale': 0.07876497213531972, 'error_term': 11.610184016062515, 'win_prob_k': 5.111131288438354}",1.0,25
2024-11-12,Philadelphia 76ers,New York Knicks,99,111,False,False,2024-11-12|New York Knicks|Philadelphia 76ers,,,,2024-11-12|New York Knicks|Philadelphia 76ers,0.360981995148402,"[{""p_home_win"": 0.0, ""weight"": 0.25}, {""p_home_win"": 0.360981995148402, ""weight"": 0.5}, {""p_home_win"": 0.721963990296804, ""weight"": 0.25}]",-2.918990326466595,,elo,"{'home_advantage': 1.4910223436704388, 'scale': 0.07876497213531972, 'error_term': 11.610184016062515, 'win_prob_k': 5.111131288438354}",0.0,-12
2024-11-12,Milwaukee Bucks,Toronto Raptors,99,85,False,False,2024-11-12|Toronto Raptors|Milwaukee Bucks,,,,2024-11-12|Toronto Raptors|Milwaukee Bucks,0.6523453726660003,"[{""p_home_win"": 0.3046907453320007, ""weight"": 0.25}, {""p_home_win"": 0.6523453726660003, ""weight"": 0.5}, {""p_home_win"": 1.0, ""weight"": 0.25}]",3.2167650865075736,,elo,"{'home_advantage': 1.4910223436704388, 'scale': 0.07876497213531972, 'error_term': 11.610184016062515, 'win_prob_k': 5.111131288438354}",1.0,14
2024-11-12,Utah Jazz,Phoenix Suns,112,120,False,False,2024-11-12|Phoenix Suns|Utah Jazz,,,,2024-11-12|Phoenix Suns|Utah Jazz,0.09043066604008462,"[{""p_home_win"": 0.0, ""weight"": 0.25}, {""p_home_win"": 0.09043066604008462, ""weight"": 0.5}, {""p_home_win"": 0.18086133208016925, ""weight"": 0.25}]",-11.798473070166569,,elo,"{'home_advantage': 1.4910223436704388, 'scale': 0.07876497213531972, 'error_term': 11.610184016062515, 'win_prob_k': 5.111131288438354}",0.0,-8
2024-11-12,Golden State Warriors,Dallas Mavericks,120,117,False,False,2024-11-12|Dallas Mavericks|Golden State Warriors,,,,2024-11-12|Dallas Mavericks|Golden State Warriors,0.8871174790632057,"[{""p_home_win"": 0.7742349581264114, ""weight"": 0.25}, {""p_home_win"": 0.8871174790632057, ""weight"": 0.5}, {""p_home_win"": 1.0, ""weight"": 0.25}]",10.537260467321499,,elo,"{'home_advantage': 1.4910223436704388, 'scale': 0.07876497213531972, 'error_term': 11.610184016062515, 'win_prob_k': 5.111131288438354}",1.0,3
2024-11-12,Portland Trail Blazers,Minnesota Timberwolves,122,108,False,False,2024-11-12|Minnesota Timberwolves|Portland Trail Blazers,,,,2024-11-12|Minnesota Timberwolves|Portland Trail Blazers,0.23112375120962275,"[{""p_home_win"": 0.0, ""weight"": 0.25}, {""p_home_win"": 0.23112375120962275, ""weight"": 0.5}, {""p_home_win"": 0.4622475024192455, ""weight"": 0.25}]",-6.143460949898788,,elo,"{'home_advantage': 1.4910223436704388, 'scale': 0.07876497213531972, 'error_term': 11.610184016062515, 'win_prob_k': 5.111131288438354}",1.0,14
2024-11-13,Orlando Magic,Indiana Pacers,94,90,False,False,2024-11-13|Indiana Pacers|Orlando Magic,,,,2024-11-13|Indiana Pacers|Orlando Magic,0.5754341611636099,"[{""p_home_win"": 0.1508683223272198, ""weight"": 0.25}, {""p_home_win"": 0.5754341611636099, ""weight"": 0.5}, {""p_home_win"": 1.0, ""weight"": 0.25}]",1.5562408149867404,,elo,"{'home_advantage': 1.6651423752820667, 'scale': 0.07655249656385146, 'error_term': 11.697017993931071, 'win_prob_k': 5.118241285628333}",1.0,4
2024-11-13,Brooklyn Nets,Boston Celtics,114,139,False,False,2024-11-13|Boston Celtics|Brooklyn Nets,,,,2024-11-13|Boston Celtics|Brooklyn Nets,0.31171760415387667,"[{""p_home_win"": 0.0, ""weight"": 0.25}, {""p_home_win"": 0.31171760415387667, ""weight"": 0.5}, {""p_home_win"": 0.6234352083077533, ""weight"": 0.25}]",-4.054166854302165,,elo,"{'home_advantage': 1.6651423752820667, 'scale': 0.07655249656385146, 'error_term': 11.697017993931071, 'win_prob_k': 5.118241285628333}",0.0,-25
2024-11-13,New York Knicks,Chicago Bulls,123,124,False,False,2024-11-13|Chicago Bulls|New York Knicks,,,,2024-11-13|Chicago Bulls|New York Knicks,0.7134063305267052,"[{""p_home_win"": 0.4268126610534104, ""weight"": 0.25}, {""p_home_win"": 0.7134063305267052, ""weight"": 0.5}, {""p_home_win"": 1.0, ""weight"": 0.25}]",4.667762963217473,,elo,"{'home_advantage': 1.6651423752820667, 'scale': 0.07655249656385146, 'error_term': 11.697017993931071, 'win_prob_k': 5.118241285628333}",0.0,-1
2024-11-13,Oklahoma City Thunder,New Orleans Pelicans,106,88,False,False,2024-11-13|New Orleans Pelicans|Oklahoma City Thunder,,,,2024-11-13|New Orleans Pelicans|Oklahoma City Thunder,0.9643370329827059,"[{""p_home_win"": 0.9286740659654118, ""weight"": 0.25}, {""p_home_win"": 0.9643370329827059, ""weight"": 0.5}, {""p_home_win"": 1.0, ""weight"": 0.25}]",16.876520510979848,,elo,"{'home_advantage': 1.6651423752820667, 'scale': 0.07655249656385146, 'error_term': 11.697017993931071, 'win_prob_k': 5.118241285628333}",1.0,18
2024-11-13,Philadelphia 76ers,Cleveland Cavaliers,106,114,False,False,2024-11-13|Cleveland Cavaliers|Philadelphia 76ers,,,,2024-11-13|Cleveland Cavaliers|Philadelphia 76ers,0.023402331336502442,"[{""p_home_win"": 0.0, ""weight"": 0.25}, {""p_home_win"": 0.023402331336502442, ""weight"": 0.5}, {""p_home_win"": 0.046804662673004885, ""weight"": 0.25}]",-19.097382096520754,,elo,"{'home_advantage': 1.6651423752820667, 'scale': 0.07655249656385146, 'error_term': 11.697017993931071, 'win_prob_k': 5.118241285628333}",0.0,-8
2024-11-13,Houston Rockets,Los Angeles Clippers,111,103,False,False,2024-11-13|Los Angeles Clippers|Houston Rockets,,,,2024-11-13|Los Angeles Clippers|Houston Rockets,0.6983136545182195,"[{""p_home_win"": 0.39662730903643895, ""weight"": 0.25}, {""p_home_win"": 0.6983136545182195, ""weight"": 0.5}, {""p_home_win"": 1.0, ""weight"": 0.25}]",4.295639987900627,,elo,"{'home_advantage': 1.6651423752820667, 'scale': 0.07655249656385146, 'error_term': 11.697017993931071, 'win_prob_k': 5.118241285628333}",1.0,8
2024-11-13,Milwaukee Bucks,Detroit Pistons,127,120,False,False,2024-11-13|Detroit Pistons|Milwaukee Bucks,,,,2024-11-13|Detroit Pistons|Milwaukee Bucks,0.3688986700754796,"[{""p_home_win"": 0.0, ""weight"": 0.25}, {""p_home_win"": 0.3688986700754796, ""weight"": 0.5}, {""p_home_win"": 0.7377973401509592, ""weight"": 0.25}]",-2.7482111825333413,,elo,"{'home_advantage': 1.6651423752820667, 'scale': 0.07655249656385146, 'error_term': 11.697017993931071, 'win_prob_k': 5.118241285628333}",1.0,7
2024-11-13,San Antonio Spurs,Washington Wizards,139,130,False,False,2024-11-13|Washington Wizards|San Antonio Spurs,,,,2024-11-13|Washington Wizards|San Antonio Spurs,0.782981496765313,"[{""p_home_win"": 0.5659629935306261, ""weight"": 0.25}, {""p_home_win"": 0.782981496765313, ""weight"": 0.5}, {""p_home_win"": 1.0, ""weight"": 0.25}]",6.567350751812562,,elo,"{'home_advantage': 1.6651423752820667, 'scale': 0.07655249656385146, 'error_term': 11.697017993931071, 'win_prob_k': 5.118241285628333}",1.0,9
2024-11-13,Los Angeles Lakers,Memphis Grizzlies,128,123,False,False,2024-11-13|Memphis Grizzlies|Los Angeles Lakers,,,,2024-11-13|Memphis Grizzlies|Los Angeles Lakers,0.4777073278582226,"[{""p_home_win"": 0.0, ""weight"": 0.25}, {""p_home_win"": 0.4777073278582226, ""weight"": 0.5}, {""p_home_win"": 0.9554146557164452, ""weight"": 0.25}]",-0.45669987767090836,,elo,"{'home_advantage': 1.6651423752820667, 'scale': 0.07655249656385146, 'error_term': 11.697017993931071, 'win_prob_k': 5.118241285628333}",1.0,5
2024-11-13,Portland Trail Blazers,Minnesota Timberwolves,106,98,False,False,2024-11-13|Minnesota Timberwolves|Portland Trail Blazers,,,,2024-11-13|Minnesota Timberwolves|Portland Trail Blazers,0.4101342599178065,"[{""p_home_win"": 0.0, ""weight"": 0.25}, {""p_home_win"": 0.4101342599178065, ""weight"": 0.5}, {""p_home_win"": 0.820268519835613, ""weight"": 0.25}]",-1.860022023405985,,elo,"{'home_advantage': 1.6651423752820667, 'scale': 0.07655249656385146, 'error_term': 11.697017993931071, 'win_prob_k': 5.118241285628333}",1.0,8
2024-11-13,Sacramento Kings,Phoenix Suns,127,104,False,False,2024-11-13|Phoenix Suns|Sacramento Kings,,,,2024-11-13|Phoenix Suns|Sacramento Kings,0.2586129535683749,"[{""p_home_win"": 0.0, ""weight"": 0.25}, {""p_home_win"": 0.2586129535683749, ""weight"": 0.5}, {""p_home_win"": 0.5172259071367498, ""weight"": 0.25}]",-5.3904818835330435,,elo,"{'home_advantage': 1.6651423752820667, 'scale': 0.07655249656385146, 'error_term': 11.697017993931071, 'win_prob_k': 5.118241285628333}",1.0,23
2024-11-14,Utah Jazz,Dallas Mavericks,115,113,False,False,2024-11-14|Dallas Mavericks|Utah Jazz,,,,2024-11-14|Dallas Mavericks|Utah Jazz,0.35515521136660666,"[{""p_home_win"": 0.0, ""weight"": 0.25}, {""p_home_win"": 0.35515521136660666, ""weight"": 0.5}, {""p_home_win"": 0.7103104227332133, ""weight"": 0.25}]",-3.0217569543193044,,elo,"{'home_advantage': 1.9268923835610527, 'scale': 0.0725552442485532, 'error_term': 11.679688599649467, 'win_prob_k': 5.066196555267094}",1.0,2
2024-11-15,Indiana Pacers,Miami Heat,111,124,False,False,2024-11-15|Miami Heat|Indiana Pacers,,,,2024-11-15|Miami Heat|Indiana Pacers,0.6545354688594032,"[{""p_home_win"": 0.30907093771880634, ""weight"": 0.25}, {""p_home_win"": 0.6545354688594032, ""weight"": 0.5}, {""p_home_win"": 1.0, ""weight"": 0.25}]",3.18997617198148,,elo,"{'home_advantage': 1.9645474673718035, 'scale': 0.07121910892609251, 'error_term': 11.76392648748268, 'win_prob_k': 4.991858332851745}",0.0,-13
2024-11-15,Orlando Magic,Philadelphia 76ers,98,86,False,False,2024-11-15|Philadelphia 76ers|Orlando Magic,,,,2024-11-15|Philadelphia 76ers|Orlando Magic,0.8990367025302916,"[{""p_home_win"": 0.7980734050605831, ""weight"": 0.25}, {""p_home_win"": 0.8990367025302916, ""weight"": 0.5}, {""p_home_win"": 1.0, ""weight"": 0.25}]",10.915031701815815,,elo,"{'home_advantage': 1.9645474673718035, 'scale': 0.07121910892609251, 'error_term': 11.76392648748268, 'win_prob_k': 4.991858332851745}",1.0,12
2024-11-15,Toronto Raptors,Detroit Pistons,95,99,False,False,2024-11-15|Detroit Pistons|Toronto Raptors,,,,2024-11-15|Detroit Pistons|Toronto Raptors,0.2800853648973045,"[{""p_home_win"": 0.0, ""weight"": 0.25}, {""p_home_win"": 0.2800853648973045, ""weight"": 0.5}, {""p_home_win"": 0.560170729794609, ""weight"": 0.25}]",-4.71250501153852,,elo,"{'home_advantage': 1.9645474673718035, 'scale': 0.07121910892609251, 'error_term': 11.76392648748268, 'win_prob_k': 4.991858332851745}",0.0,-4
2024-11-15,Atlanta Hawks,Washington Wizards,129,117,False,False,2024-11-15|Washington Wizards|Atlanta Hawks,,,,2024-11-15|Washington Wizards|Atlanta Hawks,0.7969077711264194,"[{""p_home_win"": 0.5938155422528388, ""weight"": 0.25}, {""p_home_win"": 0.7969077711264194, ""weight"": 0.5}, {""p_home_win"": 1.0, ""weight"": 0.25}]",6.824263433678791,,elo,"{'home_advantage': 1.9645474673718035, 'scale': 0.07121910892609251, 'error_term': 11.76392648748268, 'win_prob_k': 4.991858332851745}",1.0,12
2024-11-15,Cleveland Cavaliers,Chicago Bulls,144,126,False,False,2024-11-15|Chicago Bulls|Cleveland Cavaliers,,,,2024-11-15|Chicago Bulls|Cleveland Cavaliers,0.9653072404887177,"[{""p_home_win"": 0.9306144809774355, ""weight"": 0.25}, {""p_home_win"": 0.9653072404887177, ""weight"": 0.5}, {""p_home_win"": 1.0, ""weight"": 0.25}]",16.602498648756455,,elo,"{'home_advantage': 1.9645474673718035, 'scale': 0.07121910892609251, 'error_term': 11.76392648748268, 'win_prob_k': 4.991858332851745}",1.0,18
2024-11-15,New York Knicks,Brooklyn Nets,124,122,False,False,2024-11-15|Brooklyn Nets|New York Knicks,,,,2024-11-15|Brooklyn Nets|New York Knicks,0.5716143859629664,"[{""p_home_win"": 0.14322877192593286, ""weight"": 0.25}, {""p_home_win"": 0.5716143859629664, ""weight"": 0.5}, {""p_home_win"": 1.0, ""weight"": 0.25}]",1.4398558920224787,,elo,"{'home_advantage': 1.9645474673718035, 'scale': 0.07121910892609251, 'error_term': 11.76392648748268, 'win_prob_k': 4.991858332851745}",1.0,2
2024-11-15,San Antonio Spurs,Los Angeles Lakers,115,120,False,False,2024-11-15|Los Angeles Lakers|San Antonio Spurs,,,,2024-11-15|Los Angeles Lakers|San Antonio Spurs,0.46503383689361943,"[{""p_home_win"": 0.0, ""weight"": 0.25}, {""p_home_win"": 0.46503383689361943, ""weight"": 0.5}, {""p_home_win"": 0.9300676737872389, ""weight"": 0.25}]",-0.6993260463176503,,elo,"{'home_advantage': 1.9645474673718035, 'scale': 0.07121910892609251, 'error_term': 11.76392648748268, 'win_prob_k': 4.991858332851745}",0.0,-5
2024-11-15,Houston Rockets,Los Angeles Clippers,125,104,False,False,2024-11-15|Los Angeles Clippers|Houston Rockets,,,,2024-11-15|Los Angeles Clippers|Houston Rockets,0.8019011014175024,"[{""p_home_win"": 0.6038022028350047, ""weight"": 0.25}, {""p_home_win"": 0.8019011014175024, ""weight"": 0.5}, {""p_home_win"": 1.0, ""weight"": 0.25}]",6.979710624881724,,elo,"{'home_advantage': 1.9645474673718035, 'scale': 0.07121910892609251, 'error_term': 11.76392648748268, 'win_prob_k': 4.991858332851745}",1.0,21
2024-11-15,New Orleans Pelicans,Denver Nuggets,101,94,False,False,2024-11-15|Denver Nuggets|New Orleans Pelicans,,,,2024-11-15|Denver Nuggets|New Orleans Pelicans,0.10459514510690142,"[{""p_home_win"": 0.0, ""weight"": 0.25}, {""p_home_win"": 0.10459514510690142, ""weight"": 0.5}, {""p_home_win"": 0.20919029021380284, ""weight"": 0.25}]",-10.718412540492658,,elo,"{'home_advantage': 1.9645474673718035, 'scale': 0.07121910892609251, 'error_term': 11.76392648748268, 'win_prob_k': 4.991858332851745}",1.0,7
2024-11-15,Oklahoma City Thunder,Phoenix Suns,99,83,False,False,2024-11-15|Phoenix Suns|Oklahoma City Thunder,,,,2024-11-15|Phoenix Suns|Oklahoma City Thunder,0.7113302377678291,"[{""p_home_win"": 0.4226604755356582, ""weight"": 0.25}, {""p_home_win"": 0.7113302377678291, ""weight"": 0.5}, {""p_home_win"": 1.0, ""weight"": 0.25}]",4.501924648911714,,elo,"{'home_advantage': 1.9645474673718035, 'scale': 0.07121910892609251, 'error_term': 11.76392648748268, 'win_prob_k': 4.991858332851745}",1.0,16
2024-11-15,Golden State Warriors,Memphis Grizzlies,123,118,False,False,2024-11-15|Memphis Grizzlies|Golden State Warriors,,,,2024-11-15|Memphis Grizzlies|Golden State Warriors,0.8604079863692896,"[{""p_home_win"": 0.7208159727385792, ""weight"": 0.25}, {""p_home_win"": 0.8604079863692896, ""weight"": 0.5}, {""p_home_win"": 1.0, ""weight"": 0.25}]",9.078606389642312,,elo,"{'home_advantage': 1.9645474673718035, 'scale': 0.07121910892609251, 'error_term': 11.76392648748268, 'win_prob_k': 4.991858332851745}",1.0,5
2024-11-15,Sacramento Kings,Minnesota Timberwolves,126,130,False,False,2024-11-15|Minnesota Timberwolves|Sacramento Kings,,,,2024-11-15|Minnesota Timberwolves|Sacramento Kings,0.7782882263010376,"[{""p_home_win"": 0.5565764526020751, ""weight"": 0.25}, {""p_home_win"": 0.7782882263010376, ""weight"": 0.5}, {""p_home_win"": 1.0, ""weight"": 0.25}]",6.2683698799608365,,elo,"{'home_advantage': 1.9645474673718035, 'scale': 0.07121910892609251, 'error_term': 11.76392648748268, 'win_prob_k': 4.991858332851745}",0.0,-4
2024-11-16,Charlotte Hornets,Milwaukee Bucks,115,114,False,False,2024-11-16|Milwaukee Bucks|Charlotte Hornets,,,,2024-11-16|Milwaukee Bucks|Charlotte Hornets,0.5802687977510713,"[{""p_home_win"": 0.16053759550214264, ""weight"": 0.25}, {""p_home_win"": 0.5802687977510713, ""weight"": 0.5}, {""p_home_win"": 1.0, ""weight"": 0.25}]",1.6305480060644377,,elo,"{'home_advantage': 2.0440337561233766, 'scale': 0.06908707105769113, 'error_term': 11.503559479110685, 'win_prob_k': 5.03446791327902}",1.0,1
2024-11-16,Boston Celtics,Toronto Raptors,126,123,False,False,2024-11-16|Toronto Raptors|Boston Celtics,,,,2024-11-16|Toronto Raptors|Boston Celtics,0.9725415699850394,"[{""p_home_win"": 0.9450831399700788, ""weight"": 0.25}, {""p_home_win"": 0.9725415699850394, ""weight"": 0.5}, {""p_home_win"": 1.0, ""weight"": 0.25}]",17.959153279432748,,elo,"{'home_advantage': 2.0440337561233766, 'scale': 0.06908707105769113, 'error_term': 11.503559479110685, 'win_prob_k': 5.03446791327902}",1.0,3
2024-11-16,New Orleans Pelicans,Los Angeles Lakers,99,104,False,False,2024-11-16|Los Angeles Lakers|New Orleans Pelicans,,,,2024-11-16|Los Angeles Lakers|New Orleans Pelicans,0.1987332936113745,"[{""p_home_win"": 0.0, ""weight"": 0.25}, {""p_home_win"": 0.1987332936113745, ""weight"": 0.5}, {""p_home_win"": 0.397466587222749, ""weight"": 0.25}]",-7.01920703306501,,elo,"{'home_advantage': 2.0440337561233766, 'scale': 0.06908707105769113, 'error_term': 11.503559479110685, 'win_prob_k': 5.03446791327902}",0.0,-5
2024-11-16,Dallas Mavericks,San Antonio Spurs,110,93,False,False,2024-11-16|San Antonio Spurs|Dallas Mavericks,,,,2024-11-16|San Antonio Spurs|Dallas Mavericks,0.5113260772670403,"[{""p_home_win"": 0.022652154534080537, ""weight"": 0.25}, {""p_home_win"": 0.5113260772670403, ""weight"": 0.5}, {""p_home_win"": 1.0, ""weight"": 0.25}]",0.22812211369159563,,elo,"{'home_advantage': 2.0440337561233766, 'scale': 0.06908707105769113, 'error_term': 11.503559479110685, 'win_prob_k': 5.03446791327902}",1.0,17
2024-11-16,Sacramento Kings,Utah Jazz,121,117,False,False,2024-11-16|Utah Jazz|Sacramento Kings,,,,2024-11-16|Utah Jazz|Sacramento Kings,0.8106599705681616,"[{""p_home_win"": 0.6213199411363233, ""weight"": 0.25}, {""p_home_win"": 0.8106599705681616, ""weight"": 0.5}, {""p_home_win"": 1.0, ""weight"": 0.25}]",7.32164782223051,,elo,"{'home_advantage': 2.0440337561233766, 'scale': 0.06908707105769113, 'error_term': 11.503559479110685, 'win_prob_k': 5.03446791327902}",1.0,4
2024-11-17,Minnesota Timberwolves,Phoenix Suns,120,117,False,False,2024-11-17|Phoenix Suns|Minnesota Timberwolves,,,,2024-11-17|Phoenix Suns|Minnesota Timberwolves,0.4029525164659488,"[{""p_home_win"": 0.0, ""weight"": 0.25}, {""p_home_win"": 0.4029525164659488, ""weight"": 0.5}, {""p_home_win"": 0.8059050329318976, ""weight"": 0.25}]",-1.9189109590758977,,elo,"{'home_advantage': 2.038089588229957, 'scale': 0.06505169575409434, 'error_term': 11.445462121220332, 'win_prob_k': 4.880515600554638}",1.0,3
2024-11-17,Indiana Pacers,Miami Heat,119,110,False,False,2024-11-17|Miami Heat|Indiana Pacers,,,,2024-11-17|Miami Heat|Indiana Pacers,0.5218368201791708,"[{""p_home_win"": 0.04367364035834154, ""weight"": 0.25}, {""p_home_win"": 0.5218368201791708, ""weight"": 0.5}, {""p_home_win"": 1.0, ""weight"": 0.25}]",0.4265711163378305,,elo,"{'home_advantage': 2.038089588229957, 'scale': 0.06505169575409434, 'error_term': 11.445462121220332, 'win_prob_k': 4.880515600554638}",1.0,9
2024-11-17,Cleveland Cavaliers,Charlotte Hornets,128,114,False,False,2024-11-17|Charlotte Hornets|Cleveland Cavaliers,,,,2024-11-17|Charlotte Hornets|Cleveland Cavaliers,0.9682903033826077,"[{""p_home_win"": 0.9365806067652154, ""weight"": 0.25}, {""p_home_win"": 0.9682903033826077, ""weight"": 0.5}, {""p_home_win"": 1.0, ""weight"": 0.25}]",16.686040768078687,,elo,"{'home_advantage': 2.038089588229957, 'scale': 0.06505169575409434, 'error_term': 11.445462121220332, 'win_prob_k': 4.880515600554638}",1.0,14
2024-11-17,Memphis Grizzlies,Denver Nuggets,105,90,False,False,2024-11-17|Denver Nuggets|Memphis Grizzlies,,,,2024-11-17|Denver Nuggets|Memphis Grizzlies,0.4852920168374904,"[{""p_home_win"": 0.0, ""weight"": 0.25}, {""p_home_win"": 0.4852920168374904, ""weight"": 0.5}, {""p_home_win"": 0.9705840336749808, ""weight"": 0.25}]",-0.28721302595527076,,elo,"{'home_advantage': 2.038089588229957, 'scale': 0.06505169575409434, 'error_term': 11.445462121220332, 'win_prob_k': 4.880515600554638}",1.0,15
2024-11-17,Portland Trail Blazers,Atlanta Hawks,114,110,False,False,2024-11-17|Atlanta Hawks|Portland Trail Blazers,,,,2024-11-17|Atlanta Hawks|Portland Trail Blazers,0.5588841851731229,"[{""p_home_win"": 0.11776837034624577, ""weight"": 0.25}, {""p_home_win"": 0.5588841851731229, ""weight"": 0.5}, {""p_home_win"": 1.0, ""weight"": 0.25}]",1.154899881386686,,elo,"{'home_advantage': 2.038089588229957, 'scale': 0.06505169575409434, 'error_term': 11.445462121220332, 'win_prob_k': 4.880515600554638}",1.0,4
2024-11-17,Washington Wizards,Detroit Pistons,104,124,False,False,2024-11-17|Detroit Pistons|Washington Wizards,,,,2024-11-17|Detroit Pistons|Washington Wizards,0.3139329469858693,"[{""p_home_win"": 0.0, ""weight"": 0.25}, {""p_home_win"": 0.3139329469858693, ""weight"": 0.5}, {""p_home_win"": 0.6278658939717386, ""weight"": 0.25}]",-3.815567327469584,,elo,"{'home_advantage': 2.038089588229957, 'scale': 0.06505169575409434, 'error_term': 11.445462121220332, 'win_prob_k': 4.880515600554638}",0.0,-20
2024-11-17,Chicago Bulls,Houston Rockets,107,143,False,False,2024-11-17|Houston Rockets|Chicago Bulls,,,,2024-11-17|Houston Rockets|Chicago Bulls,0.22449465414148623,"[{""p_home_win"": 0.0, ""weight"": 0.25}, {""p_home_win"": 0.22449465414148623, ""weight"": 0.5}, {""p_home_win"": 0.44898930828297245, ""weight"": 0.25}]",-6.050194520230786,,elo,"{'home_advantage': 2.038089588229957, 'scale': 0.06505169575409434, 'error_term': 11.445462121220332, 'win_prob_k': 4.880515600554638}",0.0,-36
2024-11-17,New York Knicks,Brooklyn Nets,114,104,False,False,2024-11-17|Brooklyn Nets|New York Knicks,,,,2024-11-17|Brooklyn Nets|New York Knicks,0.7034660036687517,"[{""p_home_win"": 0.40693200733750334, ""weight"": 0.25}, {""p_home_win"": 0.7034660036687517, ""weight"": 0.5}, {""p_home_win"": 1.0, ""weight"": 0.25}]",4.21607088471443,,elo,"{'home_advantage': 2.038089588229957, 'scale': 0.06505169575409434, 'error_term': 11.445462121220332, 'win_prob_k': 4.880515600554638}",1.0,10
2024-11-17,Oklahoma City Thunder,Dallas Mavericks,119,121,False,False,2024-11-17|Dallas Mavericks|Oklahoma City Thunder,,,,2024-11-17|Dallas Mavericks|Oklahoma City Thunder,0.9213117829196551,"[{""p_home_win"": 0.8426235658393102, ""weight"": 0.25}, {""p_home_win"": 0.9213117829196551, ""weight"": 0.5}, {""p_home_win"": 1.0, ""weight"": 0.25}]",12.007557328502962,,elo,"{'home_advantage': 2.038089588229957, 'scale': 0.06505169575409434, 'error_term': 11.445462121220332, 'win_prob_k': 4.880515600554638}",0.0,-2
2024-11-17,Los Angeles Clippers,Utah Jazz,116,105,False,False,2024-11-17|Utah Jazz|Los Angeles Clippers,,,,2024-11-17|Utah Jazz|Los Angeles Clippers,0.7914528583565442,"[{""p_home_win"": 0.5829057167130884, ""weight"": 0.25}, {""p_home_win"": 0.7914528583565442, ""weight"": 0.5}, {""p_home_win"": 1.0, ""weight"": 0.25}]",6.50916904967295,,elo,"{'home_advantage': 2.038089588229957, 'scale': 0.06505169575409434, 'error_term': 11.445462121220332, 'win_prob_k': 4.880515600554638}",1.0,11
2024-11-18,Detroit Pistons,Chicago Bulls,112,122,False,False,2024-11-18|Chicago Bulls|Detroit Pistons,,,,2024-11-18|Chicago Bulls|Detroit Pistons,0.7049195770771198,"[{""p_home_win"": 0.40983915415423966, ""weight"": 0.25}, {""p_home_win"": 0.7049195770771198, ""weight"": 0.5}, {""p_home_win"": 1.0, ""weight"": 0.25}]",4.470730953427975,,elo,"{'home_advantage': 1.8920404168748368, 'scale': 0.06675316598122338, 'error_term': 11.354035065932601, 'win_prob_k': 5.133839290909336}",0.0,-10
2024-11-18,Miami Heat,Philadelphia 76ers,106,89,False,False,2024-11-18|Philadelphia 76ers|Miami Heat,,,,2024-11-18|Philadelphia 76ers|Miami Heat,0.8083654038985492,"[{""p_home_win"": 0.6167308077970983, ""weight"": 0.25}, {""p_home_win"": 0.8083654038985492, ""weight"": 0.5}, {""p_home_win"": 1.0, ""weight"": 0.25}]",7.389770334426122,,elo,"{'home_advantage': 1.8920404168748368, 'scale': 0.06675316598122338, 'error_term': 11.354035065932601, 'win_prob_k': 5.133839290909336}",1.0,17
2024-11-18,New York Knicks,Washington Wizards,134,106,False,False,2024-11-18|Washington Wizards|New York Knicks,,,,2024-11-18|Washington Wizards|New York Knicks,0.8956129363528194,"[{""p_home_win"": 0.7912258727056387, ""weight"": 0.25}, {""p_home_win"": 0.8956129363528194, ""weight"": 0.5}, {""p_home_win"": 1.0, ""weight"": 0.25}]",11.03468737928281,,elo,"{'home_advantage': 1.8920404168748368, 'scale': 0.06675316598122338, 'error_term': 11.354035065932601, 'win_prob_k': 5.133839290909336}",1.0,28
2024-11-18,Toronto Raptors,Indiana Pacers,130,119,False,False,2024-11-18|Indiana Pacers|Toronto Raptors,,,,2024-11-18|Indiana Pacers|Toronto Raptors,0.19328988288430102,"[{""p_home_win"": 0.0, ""weight"": 0.25}, {""p_home_win"": 0.19328988288430102, ""weight"": 0.5}, {""p_home_win"": 0.38657976576860203, ""weight"": 0.25}]",-7.335092748240559,,elo,"{'home_advantage': 1.8920404168748368, 'scale': 0.06675316598122338, 'error_term': 11.354035065932601, 'win_prob_k': 5.133839290909336}",1.0,11
2024-11-18,Milwaukee Bucks,Houston Rockets,101,100,False,False,2024-11-18|Houston Rockets|Milwaukee Bucks,,,,2024-11-18|Houston Rockets|Milwaukee Bucks,0.1322036561996693,"[{""p_home_win"": 0.0, ""weight"": 0.25}, {""p_home_win"": 0.1322036561996693, ""weight"": 0.5}, {""p_home_win"": 0.2644073123993386, ""weight"": 0.25}]",-9.659901196265205,,elo,"{'home_advantage': 1.8920404168748368, 'scale': 0.06675316598122338, 'error_term': 11.354035065932601, 'win_prob_k': 5.133839290909336}",1.0,1
2024-11-18,Phoenix Suns,Orlando Magic,99,109,False,False,2024-11-18|Orlando Magic|Phoenix Suns,,,,2024-11-18|Orlando Magic|Phoenix Suns,0.592706399553388,"[{""p_home_win"": 0.185412799106776, ""weight"": 0.25}, {""p_home_win"": 0.592706399553388, ""weight"": 0.5}, {""p_home_win"": 1.0, ""weight"": 0.25}]",1.926036117476833,,elo,"{'home_advantage': 1.8920404168748368, 'scale': 0.06675316598122338, 'error_term': 11.354035065932601, 'win_prob_k': 5.133839290909336}",0.0,-10
2024-11-18,Sacramento Kings,Atlanta Hawks,108,109,False,False,2024-11-18|Atlanta Hawks|Sacramento Kings,,,,2024-11-18|Atlanta Hawks|Sacramento Kings,0.7607941695509358,"[{""p_home_win"": 0.5215883391018716, ""weight"": 0.25}, {""p_home_win"": 0.7607941695509358, ""weight"": 0.5}, {""p_home_win"": 1.0, ""weight"": 0.25}]",5.940049461138333,,elo,"{'home_advantage': 1.8920404168748368, 'scale': 0.06675316598122338, 'error_term': 11.354035065932601, 'win_prob_k': 5.133839290909336}",0.0,-1
2024-11-18,Los Angeles Clippers,Golden State Warriors,102,99,False,False,2024-11-18|Golden State Warriors|Los Angeles Clippers,,,,2024-11-18|Golden State Warriors|Los Angeles Clippers,0.20693741144571937,"[{""p_home_win"": 0.0, ""weight"": 0.25}, {""p_home_win"": 0.20693741144571937, ""weight"": 0.5}, {""p_home_win"": 0.41387482289143873, ""weight"": 0.25}]",-6.897239968315263,,elo,"{'home_advantage': 1.8920404168748368, 'scale': 0.06675316598122338, 'error_term': 11.354035065932601, 'win_prob_k': 5.133839290909336}",1.0,3
2024-11-19,Boston Celtics,Cleveland Cavaliers,120,117,False,False,2024-11-19|Cleveland Cavaliers|Boston Celtics,,,,2024-11-19|Cleveland Cavaliers|Boston Celtics,0.2729268269928064,"[{""p_home_win"": 0.0, ""weight"": 0.25}, {""p_home_win"": 0.2729268269928064, ""weight"": 0.5}, {""p_home_win"": 0.5458536539856128, ""weight"": 0.25}]",-5.431184952044735,,elo,"{'home_advantage': 2.0102286783665346, 'scale': 0.06968925342188916, 'error_term': 11.332207080189935, 'win_prob_k': 5.543024354795643}",1.0,3
2024-11-19,Brooklyn Nets,Charlotte Hornets,116,115,False,False,2024-11-19|Charlotte Hornets|Brooklyn Nets,,,,2024-11-19|Charlotte Hornets|Brooklyn Nets,0.535424024159931,"[{""p_home_win"": 0.07084804831986191, ""weight"": 0.25}, {""p_home_win"": 0.535424024159931, ""weight"": 0.5}, {""p_home_win"": 1.0, ""weight"": 0.25}]",0.786743019265278,,elo,"{'home_advantage': 2.0102286783665346, 'scale': 0.06968925342188916, 'error_term': 11.332207080189935, 'win_prob_k': 5.543024354795643}",1.0,1
2024-11-19,Memphis Grizzlies,Denver Nuggets,110,122,False,False,2024-11-19|Denver Nuggets|Memphis Grizzlies,,,,2024-11-19|Denver Nuggets|Memphis Grizzlies,0.6148409402116897,"[{""p_home_win"": 0.22968188042337934, ""weight"": 0.25}, {""p_home_win"": 0.6148409402116897, ""weight"": 0.5}, {""p_home_win"": 1.0, ""weight"": 0.25}]",2.59251245193923,,elo,"{'home_advantage': 2.0102286783665346, 'scale': 0.06968925342188916, 'error_term': 11.332207080189935, 'win_prob_k': 5.543024354795643}",0.0,-12
2024-11-19,Dallas Mavericks,New Orleans Pelicans,132,91,False,False,2024-11-19|New Orleans Pelicans|Dallas Mavericks,,,,2024-11-19|New Orleans Pelicans|Dallas Mavericks,0.8247980206558919,"[{""p_home_win"": 0.6495960413117838, ""weight"": 0.25}, {""p_home_win"": 0.8247980206558919, ""weight"": 0.5}, {""p_home_win"": 1.0, ""weight"": 0.25}]",8.587248102537476,,elo,"{'home_advantage': 2.0102286783665346, 'scale': 0.06968925342188916, 'error_term': 11.332207080189935, 'win_prob_k': 5.543024354795643}",1.0,41
2024-11-19,San Antonio Spurs,Oklahoma City Thunder,110,104,False,False,2024-11-19|Oklahoma City Thunder|San Antonio Spurs,,,,2024-11-19|Oklahoma City Thunder|San Antonio Spurs,0.1948427081908852,"[{""p_home_win"": 0.0, ""weight"": 0.25}, {""p_home_win"": 0.1948427081908852, ""weight"": 0.5}, {""p_home_win"": 0.3896854163817704, ""weight"": 0.25}]",-7.864692631682551,,elo,"{'home_advantage': 2.0102286783665346, 'scale': 0.06968925342188916, 'error_term': 11.332207080189935, 'win_prob_k': 5.543024354795643}",1.0,6
2024-11-19,Los Angeles Lakers,Utah Jazz,124,118,False,False,2024-11-19|Utah Jazz|Los Angeles Lakers,,,,2024-11-19|Utah Jazz|Los Angeles Lakers,0.9190589760051374,"[{""p_home_win"": 0.8381179520102748, ""weight"": 0.25}, {""p_home_win"": 0.9190589760051374, ""weight"": 0.5}, {""p_home_win"": 1.0, ""weight"": 0.25}]",13.467495512436235,,elo,"{'home_advantage': 2.0102286783665346, 'scale': 0.06968925342188916, 'error_term': 11.332207080189935, 'win_prob_k': 5.543024354795643}",1.0,6
2024-11-20,Cleveland Cavaliers,New Orleans Pelicans,128,100,False,False,2024-11-20|New Orleans Pelicans|Cleveland Cavaliers,,,,2024-11-20|New Orleans Pelicans|Cleveland Cavaliers,0.9767959364105239,"[{""p_home_win"": 0.9535918728210477, ""weight"": 0.25}, {""p_home_win"": 0.9767959364105239, ""weight"": 0.5}, {""p_home_win"": 1.0, ""weight"": 0.25}]",21.4965659628056,,elo,"{'home_advantage': 2.15964702195664, 'scale': 0.0698365196649175, 'error_term': 11.48536768526345, 'win_prob_k': 5.747821222724907}",1.0,28
2024-11-20,Milwaukee Bucks,Chicago Bulls,122,106,False,False,2024-11-20|Chicago Bulls|Milwaukee Bucks,,,,2024-11-20|Chicago Bulls|Milwaukee Bucks,0.5468533681465831,"[{""p_home_win"": 0.09370673629316628, ""weight"": 0.25}, {""p_home_win"": 0.5468533681465831, ""weight"": 0.5}, {""p_home_win"": 1.0, ""weight"": 0.25}]",1.0803888552138403,,elo,"{'home_advantage': 2.15964702195664, 'scale': 0.0698365196649175, 'error_term': 11.48536768526345, 'win_prob_k': 5.747821222724907}",1.0,16
2024-11-20,Houston Rockets,Indiana Pacers,130,113,False,False,2024-11-20|Indiana Pacers|Houston Rockets,,,,2024-11-20|Indiana Pacers|Houston Rockets,0.8602241216780334,"[{""p_home_win"": 0.7204482433560668, ""weight"": 0.25}, {""p_home_win"": 0.8602241216780334, ""weight"": 0.5}, {""p_home_win"": 1.0, ""weight"": 0.25}]",10.44466880328234,,elo,"{'home_advantage': 2.15964702195664, 'scale': 0.0698365196649175, 'error_term': 11.48536768526345, 'win_prob_k': 5.747821222724907}",1.0,17
2024-11-20,Memphis Grizzlies,Philadelphia 76ers,117,111,False,False,2024-11-20|Philadelphia 76ers|Memphis Grizzlies,,,,2024-11-20|Philadelphia 76ers|Memphis Grizzlies,0.8899928880789885,"[{""p_home_win"": 0.7799857761579769, ""weight"": 0.25}, {""p_home_win"": 0.8899928880789885, ""weight"": 0.5}, {""p_home_win"": 1.0, ""weight"": 0.25}]",12.016788510973344,,elo,"{'home_advantage': 2.15964702195664, 'scale': 0.0698365196649175, 'error_term': 11.48536768526345, 'win_prob_k': 5.747821222724907}",1.0,6
2024-11-20,Oklahoma City Thunder,Portland Trail Blazers,109,99,False,False,2024-11-20|Portland Trail Blazers|Oklahoma City Thunder,,,,2024-11-20|Portland Trail Blazers|Oklahoma City Thunder,0.7933338674480336,"[{""p_home_win"": 0.5866677348960672, ""weight"": 0.25}, {""p_home_win"": 0.7933338674480336, ""weight"": 0.5}, {""p_home_win"": 1.0, ""weight"": 0.25}]",7.731621631803087,,elo,"{'home_advantage': 2.15964702195664, 'scale': 0.0698365196649175, 'error_term': 11.48536768526345, 'win_prob_k': 5.747821222724907}",1.0,10
2024-11-20,Golden State Warriors,Atlanta Hawks,120,97,False,False,2024-11-20|Atlanta Hawks|Golden State Warriors,,,,2024-11-20|Atlanta Hawks|Golden State Warriors,0.8603318376682357,"[{""p_home_win"": 0.7206636753364715, ""weight"": 0.25}, {""p_home_win"": 0.8603318376682357, ""weight"": 0.5}, {""p_home_win"": 1.0, ""weight"": 0.25}]",10.449819663746387,,elo,"{'home_advantage': 2.15964702195664, 'scale': 0.0698365196649175, 'error_term': 11.48536768526345, 'win_prob_k': 5.747821222724907}",1.0,23
2024-11-20,Phoenix Suns,New York Knicks,122,138,False,False,2024-11-20|New York Knicks|Phoenix Suns,,,,2024-11-20|New York Knicks|Phoenix Suns,0.5749229703585838,"[{""p_home_win"": 0.1498459407171675, ""weight"": 0.25}, {""p_home_win"": 0.5749229703585838, ""weight"": 0.5}, {""p_home_win"": 1.0, ""weight"": 0.25}]",1.7356446780140398,,elo,"{'home_advantage': 2.15964702195664, 'scale': 0.0698365196649175, 'error_term': 11.48536768526345, 'win_prob_k': 5.747821222724907}",0.0,-16
2024-11-20,Los Angeles Clippers,Orlando Magic,104,93,False,False,2024-11-20|Orlando Magic|Los Angeles Clippers,,,,2024-11-20|Orlando Magic|Los Angeles Clippers,0.5230189978478373,"[{""p_home_win"": 0.04603799569567468, ""weight"": 0.25}, {""p_home_win"": 0.5230189978478373, ""weight"": 0.5}, {""p_home_win"": 1.0, ""weight"": 0.25}]",0.5296107185895129,,elo,"{'home_advantage': 2.15964702195664, 'scale': 0.0698365196649175, 'error_term': 11.48536768526345, 'win_prob_k': 5.747821222724907}",1.0,11
2024-11-21,Charlotte Hornets,Detroit Pistons,123,121,False,False,2024-11-21|Detroit Pistons|Charlotte Hornets,,,,2024-11-21|Detroit Pistons|Charlotte Hornets,0.49195560501718777,"[{""p_home_win"": 0.0, ""weight"": 0.25}, {""p_home_win"": 0.49195560501718777, ""weight"": 0.5}, {""p_home_win"": 0.9839112100343755, ""weight"": 0.25}]",-0.19152699661100492,,elo,"{'home_advantage': 2.1778626726213157, 'scale': 0.07017230831468162, 'error_term': 11.235363865854307, 'win_prob_k': 5.951674126677911}",1.0,2
2024-11-21,Toronto Raptors,Minnesota Timberwolves,110,105,False,False,2024-11-21|Minnesota Timberwolves|Toronto Raptors,,,,2024-11-21|Minnesota Timberwolves|Toronto Raptors,0.19993093891058775,"[{""p_home_win"": 0.0, ""weight"": 0.25}, {""p_home_win"": 0.19993093891058775, ""weight"": 0.5}, {""p_home_win"": 0.3998618778211755, ""weight"": 0.25}]",-8.253341545638376,,elo,"{'home_advantage': 2.1778626726213157, 'scale': 0.07017230831468162, 'error_term': 11.235363865854307, 'win_prob_k': 5.951674126677911}",1.0,5
2024-11-21,San Antonio Spurs,Utah Jazz,126,118,False,False,2024-11-21|Utah Jazz|San Antonio Spurs,,,,2024-11-21|Utah Jazz|San Antonio Spurs,0.817087409311434,"[{""p_home_win"": 0.634174818622868, ""weight"": 0.25}, {""p_home_win"": 0.817087409311434, ""weight"": 0.5}, {""p_home_win"": 1.0, ""weight"": 0.25}]",8.908094954577832,,elo,"{'home_advantage': 2.1778626726213157, 'scale': 0.07017230831468162, 'error_term': 11.235363865854307, 'win_prob_k': 5.951674126677911}",1.0,8
2024-11-21,Los Angeles Lakers,Orlando Magic,118,119,False,False,2024-11-21|Orlando Magic|Los Angeles Lakers,,,,2024-11-21|Orlando Magic|Los Angeles Lakers,0.7112801954535016,"[{""p_home_win"": 0.42256039090700326, ""weight"": 0.25}, {""p_home_win"": 0.7112801954535016, ""weight"": 0.5}, {""p_home_win"": 1.0, ""weight"": 0.25}]",5.3660874525945985,,elo,"{'home_advantage': 2.1778626726213157, 'scale': 0.07017230831468162, 'error_term': 11.235363865854307, 'win_prob_k': 5.951674126677911}",0.0,-1
2024-11-22,Philadelphia 76ers,Brooklyn Nets,113,98,False,False,2024-11-22|Brooklyn Nets|Philadelphia 76ers,,,,2024-11-22|Brooklyn Nets|Philadelphia 76ers,0.2934260997857395,"[{""p_home_win"": 0.0, ""weight"": 0.25}, {""p_home_win"": 0.2934260997857395, ""weight"": 0.5}, {""p_home_win"": 0.586852199571479, ""weight"": 0.25}]",-5.336556960659079,,elo,"{'home_advantage': 2.1763362716987715, 'scale': 0.07164076635903767, 'error_term': 11.100445307358598, 'win_prob_k': 6.072536348404492}",1.0,15
2024-11-22,Washington Wizards,Boston Celtics,96,108,False,False,2024-11-22|Boston Celtics|Washington Wizards,,,,2024-11-22|Boston Celtics|Washington Wizards,0.0631973052901899,"[{""p_home_win"": 0.0, ""weight"": 0.25}, {""p_home_win"": 0.0631973052901899, ""weight"": 0.5}, {""p_home_win"": 0.1263946105803798, ""weight"": 0.25}]",-16.372839460503332,,elo,"{'home_advantage': 2.1763362716987715, 'scale': 0.07164076635903767, 'error_term': 11.100445307358598, 'win_prob_k': 6.072536348404492}",0.0,-12
2024-11-22,New Orleans Pelicans,Golden State Warriors,108,112,False,False,2024-11-22|Golden State Warriors|New Orleans Pelicans,,,,2024-11-22|Golden State Warriors|New Orleans Pelicans,0.0842876104401998,"[{""p_home_win"": 0.0, ""weight"": 0.25}, {""p_home_win"": 0.0842876104401998, ""weight"": 0.5}, {""p_home_win"": 0.1685752208803996, ""weight"": 0.25}]",-14.485837772763778,,elo,"{'home_advantage': 2.1763362716987715, 'scale': 0.07164076635903767, 'error_term': 11.100445307358598, 'win_prob_k': 6.072536348404492}",0.0,-4
2024-11-22,Chicago Bulls,Atlanta Hawks,136,122,False,False,2024-11-22|Atlanta Hawks|Chicago Bulls,,,,2024-11-22|Atlanta Hawks|Chicago Bulls,0.5243360086269087,"[{""p_home_win"": 0.04867201725381731, ""weight"": 0.25}, {""p_home_win"": 0.5243360086269087, ""weight"": 0.5}, {""p_home_win"": 1.0, ""weight"": 0.25}]",0.5915926374633398,,elo,"{'home_advantage': 2.1763362716987715, 'scale': 0.07164076635903767, 'error_term': 11.100445307358598, 'win_prob_k': 6.072536348404492}",1.0,14
2024-11-22,Houston Rockets,Portland Trail Blazers,116,88,False,False,2024-11-22|Portland Trail Blazers|Houston Rockets,,,,2024-11-22|Portland Trail Blazers|Houston Rockets,0.8379686931570346,"[{""p_home_win"": 0.6759373863140692, ""weight"": 0.25}, {""p_home_win"": 0.8379686931570346, ""weight"": 0.5}, {""p_home_win"": 1.0, ""weight"": 0.25}]",9.978338119981336,,elo,"{'home_advantage': 2.1763362716987715, 'scale': 0.07164076635903767, 'error_term': 11.100445307358598, 'win_prob_k': 6.072536348404492}",1.0,28
2024-11-22,Milwaukee Bucks,Indiana Pacers,129,117,False,False,2024-11-22|Indiana Pacers|Milwaukee Bucks,,,,2024-11-22|Indiana Pacers|Milwaukee Bucks,0.6922046248289924,"[{""p_home_win"": 0.38440924965798473, ""weight"": 0.25}, {""p_home_win"": 0.6922046248289924, ""weight"": 0.5}, {""p_home_win"": 1.0, ""weight"": 0.25}]",4.921465323664059,,elo,"{'home_advantage': 2.1763362716987715, 'scale': 0.07164076635903767, 'error_term': 11.100445307358598, 'win_prob_k': 6.072536348404492}",1.0,12
2024-11-22,Denver Nuggets,Dallas Mavericks,120,123,False,False,2024-11-22|Dallas Mavericks|Denver Nuggets,,,,2024-11-22|Dallas Mavericks|Denver Nuggets,0.648003949997214,"[{""p_home_win"": 0.296007899994428, ""weight"": 0.25}, {""p_home_win"": 0.648003949997214, ""weight"": 0.5}, {""p_home_win"": 1.0, ""weight"": 0.25}]",3.7059282816860533,,elo,"{'home_advantage': 2.1763362716987715, 'scale': 0.07164076635903767, 'error_term': 11.100445307358598, 'win_prob_k': 6.072536348404492}",0.0,-3
2024-11-22,Los Angeles Clippers,Sacramento Kings,104,88,False,False,2024-11-22|Sacramento Kings|Los Angeles Clippers,,,,2024-11-22|Sacramento Kings|Los Angeles Clippers,0.7186818594950115,"[{""p_home_win"": 0.437363718990023, ""weight"": 0.25}, {""p_home_win"": 0.7186818594950115, ""weight"": 0.5}, {""p_home_win"": 1.0, ""weight"": 0.25}]",5.695629696008783,,elo,"{'home_advantage': 2.1763362716987715, 'scale': 0.07164076635903767, 'error_term': 11.100445307358598, 'win_prob_k': 6.072536348404492}",1.0,16
2024-11-23,Utah Jazz,New York Knicks,121,106,False,False,2024-11-23|New York Knicks|Utah Jazz,,,,2024-11-23|New York Knicks|Utah Jazz,0.18595731995665388,"[{""p_home_win"": 0.0, ""weight"": 0.25}, {""p_home_win"": 0.18595731995665388, ""weight"": 0.5}, {""p_home_win"": 0.37191463991330775, ""weight"": 0.25}]",-8.991342504228529,,elo,"{'home_advantage': 2.4615619517336333, 'scale': 0.07006166457313345, 'error_term': 11.021450542381837, 'win_prob_k': 6.089650676334564}",1.0,15
2024-11-23,Orlando Magic,Detroit Pistons,111,100,False,False,2024-11-23|Detroit Pistons|Orlando Magic,,,,2024-11-23|Detroit Pistons|Orlando Magic,0.8392327614569107,"[{""p_home_win"": 0.6784655229138215, ""weight"": 0.25}, {""p_home_win"": 0.8392327614569107, ""weight"": 0.5}, {""p_home_win"": 1.0, ""weight"": 0.25}]",10.063333474863985,,elo,"{'home_advantage': 2.4615619517336333, 'scale': 0.07006166457313345, 'error_term': 11.021450542381837, 'win_prob_k': 6.089650676334564}",1.0,11
2024-11-23,Chicago Bulls,Memphis Grizzlies,131,142,False,False,2024-11-23|Memphis Grizzlies|Chicago Bulls,,,,2024-11-23|Memphis Grizzlies|Chicago Bulls,0.47055916688883015,"[{""p_home_win"": 0.0, ""weight"": 0.25}, {""p_home_win"": 0.47055916688883015, ""weight"": 0.5}, {""p_home_win"": 0.9411183337776603, ""weight"": 0.25}]",-0.7179680694820032,,elo,"{'home_advantage': 2.4615619517336333, 'scale': 0.07006166457313345, 'error_term': 11.021450542381837, 'win_prob_k': 6.089650676334564}",0.0,-11
2024-11-23,Houston Rockets,Portland Trail Blazers,98,104,False,False,2024-11-23|Portland Trail Blazers|Houston Rockets,,,,2024-11-23|Portland Trail Blazers|Houston Rockets,0.8784322492123217,"[{""p_home_win"": 0.7568644984246433, ""weight"": 0.25}, {""p_home_win"": 0.8784322492123217, ""weight"": 0.5}, {""p_home_win"": 1.0, ""weight"": 0.25}]",12.043301529064541,,elo,"{'home_advantage': 2.4615619517336333, 'scale': 0.07006166457313345, 'error_term': 11.021450542381837, 'win_prob_k': 6.089650676334564}",0.0,-6
2024-11-23,Milwaukee Bucks,Charlotte Hornets,125,119,False,False,2024-11-23|Charlotte Hornets|Milwaukee Bucks,,,,2024-11-23|Charlotte Hornets|Milwaukee Bucks,0.7056545564725817,"[{""p_home_win"": 0.41130911294516337, ""weight"": 0.25}, {""p_home_win"": 0.7056545564725817, ""weight"": 0.5}, {""p_home_win"": 1.0, ""weight"": 0.25}]",5.324618612479689,,elo,"{'home_advantage': 2.4615619517336333, 'scale': 0.07006166457313345, 'error_term': 11.021450542381837, 'win_prob_k': 6.089650676334564}",1.0,6
2024-11-23,San Antonio Spurs,Golden State Warriors,104,94,False,False,2024-11-23|Golden State Warriors|San Antonio Spurs,,,,2024-11-23|Golden State Warriors|San Antonio Spurs,0.2562727277610723,"[{""p_home_win"": 0.0, ""weight"": 0.25}, {""p_home_win"": 0.2562727277610723, ""weight"": 0.5}, {""p_home_win"": 0.5125454555221446, ""weight"": 0.25}]",-6.488109782356128,,elo,"{'home_advantage': 2.4615619517336333, 'scale': 0.07006166457313345, 'error_term': 11.021450542381837, 'win_prob_k': 6.089650676334564}",1.0,10
2024-11-23,Los Angeles Lakers,Denver Nuggets,102,127,False,False,2024-11-23|Denver Nuggets|Los Angeles Lakers,,,,2024-11-23|Denver Nuggets|Los Angeles Lakers,0.6942599573603202,"[{""p_home_win"": 0.3885199147206404, ""weight"": 0.25}, {""p_home_win"": 0.6942599573603202, ""weight"": 0.5}, {""p_home_win"": 1.0, ""weight"": 0.25}]",4.994191099250274,,elo,"{'home_advantage': 2.4615619517336333, 'scale': 0.07006166457313345, 'error_term': 11.021450542381837, 'win_prob_k': 6.089650676334564}",0.0,-25
2024-11-24,Boston Celtics,Minnesota Timberwolves,107,105,False,False,2024-11-24|Minnesota Timberwolves|Boston Celtics,,,,2024-11-24|Minnesota Timberwolves|Boston Celtics,0.8663634030702166,"[{""p_home_win"": 0.7327268061404333, ""weight"": 0.25}, {""p_home_win"": 0.8663634030702166, ""weight"": 0.5}, {""p_home_win"": 1.0, ""weight"": 0.25}]",11.519362789386896,,elo,"{'home_advantage': 2.346015564733224, 'scale': 0.06932733652332682, 'error_term': 11.316806312025022, 'win_prob_k': 6.162788457535758}",1.0,2
2024-11-24,Indiana Pacers,Washington Wizards,115,103,False,False,2024-11-24|Washington Wizards|Indiana Pacers,,,,2024-11-24|Washington Wizards|Indiana Pacers,0.7680640240576396,"[{""p_home_win"": 0.5361280481152793, ""weight"": 0.25}, {""p_home_win"": 0.7680640240576396, ""weight"": 0.5}, {""p_home_win"": 1.0, ""weight"": 0.25}]",7.379395167092949,,elo,"{'home_advantage': 2.346015564733224, 'scale': 0.06932733652332682, 'error_term': 11.316806312025022, 'win_prob_k': 6.162788457535758}",1.0,12
2024-11-24,Miami Heat,Dallas Mavericks,123,118,False,False,2024-11-24|Dallas Mavericks|Miami Heat,,,,2024-11-24|Dallas Mavericks|Miami Heat,0.42536451455947505,"[{""p_home_win"": 0.0, ""weight"": 0.25}, {""p_home_win"": 0.42536451455947505, ""weight"": 0.5}, {""p_home_win"": 0.8507290291189501, ""weight"": 0.25}]",-1.8537015581247838,,elo,"{'home_advantage': 2.346015564733224, 'scale': 0.06932733652332682, 'error_term': 11.316806312025022, 'win_prob_k': 6.162788457535758}",1.0,5
2024-11-24,Philadelphia 76ers,Los Angeles Clippers,99,125,False,False,2024-11-24|Los Angeles Clippers|Philadelphia 76ers,,,,2024-11-24|Los Angeles Clippers|Philadelphia 76ers,0.14889602681389286,"[{""p_home_win"": 0.0, ""weight"": 0.25}, {""p_home_win"": 0.14889602681389286, ""weight"": 0.5}, {""p_home_win"": 0.2977920536277857, ""weight"": 0.25}]",-10.743503104109067,,elo,"{'home_advantage': 2.346015564733224, 'scale': 0.06932733652332682, 'error_term': 11.316806312025022, 'win_prob_k': 6.162788457535758}",0.0,-26
2024-11-24,Cleveland Cavaliers,Toronto Raptors,122,108,False,False,2024-11-24|Toronto Raptors|Cleveland Cavaliers,,,,2024-11-24|Toronto Raptors|Cleveland Cavaliers,0.9712580889573647,"[{""p_home_win"": 0.9425161779147293, ""weight"": 0.25}, {""p_home_win"": 0.9712580889573647, ""weight"": 0.5}, {""p_home_win"": 1.0, ""weight"": 0.25}]",21.694468909968002,,elo,"{'home_advantage': 2.346015564733224, 'scale': 0.06932733652332682, 'error_term': 11.316806312025022, 'win_prob_k': 6.162788457535758}",1.0,14
2024-11-24,Sacramento Kings,Brooklyn Nets,103,108,False,False,2024-11-24|Brooklyn Nets|Sacramento Kings,,,,2024-11-24|Brooklyn Nets|Sacramento Kings,0.7245916615456169,"[{""p_home_win"": 0.4491833230912339, ""weight"": 0.25}, {""p_home_win"": 0.7245916615456169, ""weight"": 0.5}, {""p_home_win"": 1.0, ""weight"": 0.25}]",5.961594412749111,,elo,"{'home_advantage': 2.346015564733224, 'scale': 0.06932733652332682, 'error_term': 11.316806312025022, 'win_prob_k': 6.162788457535758}",0.0,-5
2024-11-25,Charlotte Hornets,Orlando Magic,84,95,False,False,2024-11-25|Orlando Magic|Charlotte Hornets,,,,2024-11-25|Orlando Magic|Charlotte Hornets,0.25703700938196666,"[{""p_home_win"": 0.0, ""weight"": 0.25}, {""p_home_win"": 0.25703700938196666, ""weight"": 0.5}, {""p_home_win"": 0.5140740187639333, ""weight"": 0.25}]",-6.30517836540092,,elo,"{'home_advantage': 2.276940887888642, 'scale': 0.0660166591249227, 'error_term': 11.350871107274973, 'win_prob_k': 5.94028925007424}",0.0,-11
2024-11-25,Detroit Pistons,Toronto Raptors,102,100,False,False,2024-11-25|Toronto Raptors|Detroit Pistons,,,,2024-11-25|Toronto Raptors|Detroit Pistons,0.6946920973171138,"[{""p_home_win"": 0.3893841946342276, ""weight"": 0.25}, {""p_home_win"": 0.6946920973171138, ""weight"": 0.5}, {""p_home_win"": 1.0, ""weight"": 0.25}]",4.883796555554258,,elo,"{'home_advantage': 2.276940887888642, 'scale': 0.0660166591249227, 'error_term': 11.350871107274973, 'win_prob_k': 5.94028925007424}",1.0,2
2024-11-25,Indiana Pacers,New Orleans Pelicans,114,110,False,False,2024-11-25|New Orleans Pelicans|Indiana Pacers,,,,2024-11-25|New Orleans Pelicans|Indiana Pacers,0.7393001556380956,"[{""p_home_win"": 0.4786003112761912, ""weight"": 0.25}, {""p_home_win"": 0.7393001556380956, ""weight"": 0.5}, {""p_home_win"": 1.0, ""weight"": 0.25}]",6.191767113391285,,elo,"{'home_advantage': 2.276940887888642, 'scale': 0.0660166591249227, 'error_term': 11.350871107274973, 'win_prob_k': 5.94028925007424}",1.0,4
2024-11-25,Atlanta Hawks,Dallas Mavericks,119,129,False,False,2024-11-25|Dallas Mavericks|Atlanta Hawks,,,,2024-11-25|Dallas Mavericks|Atlanta Hawks,0.4226910628364905,"[{""p_home_win"": 0.0, ""weight"": 0.25}, {""p_home_win"": 0.4226910628364905, ""weight"": 0.5}, {""p_home_win"": 0.845382125672981, ""weight"": 0.25}]",-1.8518018825876745,,elo,"{'home_advantage': 2.276940887888642, 'scale': 0.0660166591249227, 'error_term': 11.350871107274973, 'win_prob_k': 5.94028925007424}",0.0,-10
2024-11-25,Boston Celtics,Los Angeles Clippers,126,94,False,False,2024-11-25|Los Angeles Clippers|Boston Celtics,,,,2024-11-25|Los Angeles Clippers|Boston Celtics,0.7371163122523208,"[{""p_home_win"": 0.47423262450464154, ""weight"": 0.25}, {""p_home_win"": 0.7371163122523208, ""weight"": 0.5}, {""p_home_win"": 1.0, ""weight"": 0.25}]",6.1246402806120805,,elo,"{'home_advantage': 2.276940887888642, 'scale': 0.0660166591249227, 'error_term': 11.350871107274973, 'win_prob_k': 5.94028925007424}",1.0,32
2024-11-25,Memphis Grizzlies,Portland Trail Blazers,123,98,False,False,2024-11-25|Portland Trail Blazers|Memphis Grizzlies,,,,2024-11-25|Portland Trail Blazers|Memphis Grizzlies,0.7096154806097336,"[{""p_home_win"": 0.4192309612194671, ""weight"": 0.25}, {""p_home_win"": 0.7096154806097336, ""weight"": 0.5}, {""p_home_win"": 1.0, ""weight"": 0.25}]",5.307751052025664,,elo,"{'home_advantage': 2.276940887888642, 'scale': 0.0660166591249227, 'error_term': 11.350871107274973, 'win_prob_k': 5.94028925007424}",1.0,25
2024-11-25,Denver Nuggets,New York Knicks,118,145,False,False,2024-11-25|New York Knicks|Denver Nuggets,,,,2024-11-25|New York Knicks|Denver Nuggets,0.6719214802461791,"[{""p_home_win"": 0.3438429604923583, ""weight"": 0.25}, {""p_home_win"": 0.6719214802461791, ""weight"": 0.5}, {""p_home_win"": 1.0, ""weight"": 0.25}]",4.258525166458297,,elo,"{'home_advantage': 2.276940887888642, 'scale': 0.0660166591249227, 'error_term': 11.350871107274973, 'win_prob_k': 5.94028925007424}",0.0,-27
2024-11-25,Golden State Warriors,Brooklyn Nets,120,128,False,False,2024-11-25|Brooklyn Nets|Golden State Warriors,,,,2024-11-25|Brooklyn Nets|Golden State Warriors,0.8814473168539254,"[{""p_home_win"": 0.7628946337078508, ""weight"": 0.25}, {""p_home_win"": 0.8814473168539254, ""weight"": 0.5}, {""p_home_win"": 1.0, ""weight"": 0.25}]",11.917454564935335,,elo,"{'home_advantage': 2.276940887888642, 'scale': 0.0660166591249227, 'error_term': 11.350871107274973, 'win_prob_k': 5.94028925007424}",0.0,-8
2024-11-25,Sacramento Kings,Oklahoma City Thunder,109,130,False,False,2024-11-25|Oklahoma City Thunder|Sacramento Kings,,,,2024-11-25|Oklahoma City Thunder|Sacramento Kings,0.26509013173681023,"[{""p_home_win"": 0.0, ""weight"": 0.25}, {""p_home_win"": 0.26509013173681023, ""weight"": 0.5}, {""p_home_win"": 0.5301802634736205, ""weight"": 0.25}]",-6.057182116755815,,elo,"{'home_advantage': 2.276940887888642, 'scale': 0.0660166591249227, 'error_term': 11.350871107274973, 'win_prob_k': 5.94028925007424}",0.0,-21
2024-11-26,Washington Wizards,Chicago Bulls,108,127,False,False,2024-11-26|Chicago Bulls|Washington Wizards,,,,2024-11-26|Chicago Bulls|Washington Wizards,0.2768058578315465,"[{""p_home_win"": 0.0, ""weight"": 0.25}, {""p_home_win"": 0.2768058578315465, ""weight"": 0.5}, {""p_home_win"": 0.553611715663093, ""weight"": 0.25}]",-5.877069836297705,,elo,"{'home_advantage': 2.1727821526605577, 'scale': 0.06590139681706934, 'error_term': 11.455228108123027, 'win_prob_k': 6.119644446085561}",0.0,-19
2024-11-26,Miami Heat,Milwaukee Bucks,103,106,False,False,2024-11-26|Milwaukee Bucks|Miami Heat,,,,2024-11-26|Milwaukee Bucks|Miami Heat,0.556033538783767,"[{""p_home_win"": 0.11206707756753409, ""weight"": 0.25}, {""p_home_win"": 0.556033538783767, ""weight"": 0.5}, {""p_home_win"": 1.0, ""weight"": 0.25}]",1.377407076376919,,elo,"{'home_advantage': 2.1727821526605577, 'scale': 0.06590139681706934, 'error_term': 11.455228108123027, 'win_prob_k': 6.119644446085561}",0.0,-3
2024-11-26,Minnesota Timberwolves,Houston Rockets,111,117,False,False,2024-11-26|Houston Rockets|Minnesota Timberwolves,,,,2024-11-26|Houston Rockets|Minnesota Timberwolves,0.34196664491987716,"[{""p_home_win"": 0.0, ""weight"": 0.25}, {""p_home_win"": 0.34196664491987716, ""weight"": 0.5}, {""p_home_win"": 0.6839332898397543, ""weight"": 0.25}]",-4.005566878055651,,elo,"{'home_advantage': 2.1727821526605577, 'scale': 0.06590139681706934, 'error_term': 11.455228108123027, 'win_prob_k': 6.119644446085561}",0.0,-6
2024-11-26,Utah Jazz,San Antonio Spurs,115,128,False,False,2024-11-26|San Antonio Spurs|Utah Jazz,,,,2024-11-26|San Antonio Spurs|Utah Jazz,0.274103973484304,"[{""p_home_win"": 0.0, ""weight"": 0.25}, {""p_home_win"": 0.274103973484304, ""weight"": 0.5}, {""p_home_win"": 0.548207946968608, ""weight"": 0.25}]",-5.959917385516279,,elo,"{'home_advantage': 2.1727821526605577, 'scale': 0.06590139681706934, 'error_term': 11.455228108123027, 'win_prob_k': 6.119644446085561}",0.0,-13
2024-11-26,Phoenix Suns,Los Angeles Lakers,127,100,False,False,2024-11-26|Los Angeles Lakers|Phoenix Suns,,,,2024-11-26|Los Angeles Lakers|Phoenix Suns,0.4847981724630792,"[{""p_home_win"": 0.0, ""weight"": 0.25}, {""p_home_win"": 0.4847981724630792, ""weight"": 0.5}, {""p_home_win"": 0.9695963449261584, ""weight"": 0.25}]",-0.3722338415640052,,elo,"{'home_advantage': 2.1727821526605577, 'scale': 0.06590139681706934, 'error_term': 11.455228108123027, 'win_prob_k': 6.119644446085561}",1.0,27
2024-11-27,Charlotte Hornets,Miami Heat,94,98,False,False,2024-11-27|Miami Heat|Charlotte Hornets,,,,2024-11-27|Miami Heat|Charlotte Hornets,0.43343259763334113,"[{""p_home_win"": 0.0, ""weight"": 0.25}, {""p_home_win"": 0.43343259763334113, ""weight"": 0.5}, {""p_home_win"": 0.8668651952666823, ""weight"": 0.25}]",-1.6269599719111514,,elo,"{'home_advantage': 2.1432347771854583, 'scale': 0.06539310170792562, 'error_term': 11.48387853477647, 'win_prob_k': 6.073924691078963}",0.0,-4
2024-11-27,Cleveland Cavaliers,Atlanta Hawks,124,135,False,False,2024-11-27|Atlanta Hawks|Cleveland Cavaliers,,,,2024-11-27|Atlanta Hawks|Cleveland Cavaliers,0.953481491899023,"[{""p_home_win"": 0.906962983798046, ""weight"": 0.25}, {""p_home_win"": 0.953481491899023, ""weight"": 0.5}, {""p_home_win"": 1.0, ""weight"": 0.25}]",18.344891051209636,,elo,"{'home_advantage': 2.1432347771854583, 'scale': 0.06539310170792562, 'error_term': 11.48387853477647, 'win_prob_k': 6.073924691078963}",0.0,-11
2024-11-27,Indiana Pacers,Portland Trail Blazers,121,114,False,False,2024-11-27|Portland Trail Blazers|Indiana Pacers,,,,2024-11-27|Portland Trail Blazers|Indiana Pacers,0.5394926196999633,"[{""p_home_win"": 0.07898523939992663, ""weight"": 0.25}, {""p_home_win"": 0.5394926196999633, ""weight"": 0.5}, {""p_home_win"": 1.0, ""weight"": 0.25}]",0.9615036296734221,,elo,"{'home_advantage': 2.1432347771854583, 'scale': 0.06539310170792562, 'error_term': 11.48387853477647, 'win_prob_k': 6.073924691078963}",1.0,7
2024-11-27,Orlando Magic,Chicago Bulls,133,119,False,False,2024-11-27|Chicago Bulls|Orlando Magic,,,,2024-11-27|Chicago Bulls|Orlando Magic,0.8251348531518804,"[{""p_home_win"": 0.6502697063037608, ""weight"": 0.25}, {""p_home_win"": 0.8251348531518804, ""weight"": 0.5}, {""p_home_win"": 1.0, ""weight"": 0.25}]",9.423886968359293,,elo,"{'home_advantage': 2.1432347771854583, 'scale': 0.06539310170792562, 'error_term': 11.48387853477647, 'win_prob_k': 6.073924691078963}",1.0,14
2024-11-27,Philadelphia 76ers,Houston Rockets,115,122,False,False,2024-11-27|Houston Rockets|Philadelphia 76ers,,,,2024-11-27|Houston Rockets|Philadelphia 76ers,0.11985206241844926,"[{""p_home_win"": 0.0, ""weight"": 0.25}, {""p_home_win"": 0.11985206241844926, ""weight"": 0.5}, {""p_home_win"": 0.2397041248368985, ""weight"": 0.25}]",-12.110384413487232,,elo,"{'home_advantage': 2.1432347771854583, 'scale': 0.06539310170792562, 'error_term': 11.48387853477647, 'win_prob_k': 6.073924691078963}",0.0,-7
2024-11-27,Washington Wizards,Los Angeles Clippers,96,121,False,False,2024-11-27|Los Angeles Clippers|Washington Wizards,,,,2024-11-27|Los Angeles Clippers|Washington Wizards,0.09650549761185419,"[{""p_home_win"": 0.0, ""weight"": 0.25}, {""p_home_win"": 0.09650549761185419, ""weight"": 0.5}, {""p_home_win"": 0.19301099522370838, ""weight"": 0.25}]",-13.58536543293152,,elo,"{'home_advantage': 2.1432347771854583, 'scale': 0.06539310170792562, 'error_term': 11.48387853477647, 'win_prob_k': 6.073924691078963}",0.0,-25
2024-11-27,Dallas Mavericks,New York Knicks,129,114,False,False,2024-11-27|New York Knicks|Dallas Mavericks,,,,2024-11-27|New York Knicks|Dallas Mavericks,0.5881181592555589,"[{""p_home_win"": 0.17623631851111776, ""weight"": 0.25}, {""p_home_win"": 0.5881181592555589, ""weight"": 0.5}, {""p_home_win"": 1.0, ""weight"": 0.25}]",2.1634795261305544,,elo,"{'home_advantage': 2.1432347771854583, 'scale': 0.06539310170792562, 'error_term': 11.48387853477647, 'win_prob_k': 6.073924691078963}",1.0,15
2024-11-27,Memphis Grizzlies,Detroit Pistons,131,111,False,False,2024-11-27|Detroit Pistons|Memphis Grizzlies,,,,2024-11-27|Detroit Pistons|Memphis Grizzlies,0.8142411362149732,"[{""p_home_win"": 0.6284822724299464, ""weight"": 0.25}, {""p_home_win"": 0.8142411362149732, ""weight"": 0.5}, {""p_home_win"": 1.0, ""weight"": 0.25}]",8.97608937903158,,elo,"{'home_advantage': 2.1432347771854583, 'scale': 0.06539310170792562, 'error_term': 11.48387853477647, 'win_prob_k': 6.073924691078963}",1.0,20
2024-11-27,Minnesota Timberwolves,Sacramento Kings,104,115,False,False,2024-11-27|Sacramento Kings|Minnesota Timberwolves,,,,2024-11-27|Sacramento Kings|Minnesota Timberwolves,0.6267893928399753,"[{""p_home_win"": 0.2535787856799505, ""weight"": 0.25}, {""p_home_win"": 0.6267893928399753, ""weight"": 0.5}, {""p_home_win"": 1.0, ""weight"": 0.25}]",3.1491337455104125,,elo,"{'home_advantage': 2.1432347771854583, 'scale': 0.06539310170792562, 'error_term': 11.48387853477647, 'win_prob_k': 6.073924691078963}",0.0,-11
2024-11-27,New Orleans Pelicans,Toronto Raptors,93,119,False,False,2024-11-27|Toronto Raptors|New Orleans Pelicans,,,,2024-11-27|Toronto Raptors|New Orleans Pelicans,0.5561762478837978,"[{""p_home_win"": 0.11235249576759565, ""weight"": 0.25}, {""p_home_win"": 0.5561762478837978, ""weight"": 0.5}, {""p_home_win"": 1.0, ""weight"": 0.25}]",1.3706279224352595,,elo,"{'home_advantage': 2.1432347771854583, 'scale': 0.06539310170792562, 'error_term': 11.48387853477647, 'win_prob_k': 6.073924691078963}",0.0,-26
2024-11-27,San Antonio Spurs,Los Angeles Lakers,101,119,False,False,2024-11-27|Los Angeles Lakers|San Antonio Spurs,,,,2024-11-27|Los Angeles Lakers|San Antonio Spurs,0.6648734474939259,"[{""p_home_win"": 0.3297468949878517, ""weight"": 0.25}, {""p_home_win"": 0.6648734474939259, ""weight"": 0.5}, {""p_home_win"": 1.0, ""weight"": 0.25}]",4.161175888072542,,elo,"{'home_advantage': 2.1432347771854583, 'scale': 0.06539310170792562, 'error_term': 11.48387853477647, 'win_prob_k': 6.073924691078963}",0.0,-18
2024-11-27,Phoenix Suns,Brooklyn Nets,117,127,False,False,2024-11-27|Brooklyn Nets|Phoenix Suns,,,,2024-11-27|Brooklyn Nets|Phoenix Suns,0.6689350588057927,"[{""p_home_win"": 0.3378701176115855, ""weight"": 0.25}, {""p_home_win"": 0.6689350588057927, ""weight"": 0.5}, {""p_home_win"": 1.0, ""weight"": 0.25}]",4.272231171319838,,elo,"{'home_advantage': 2.1432347771854583, 'scale': 0.06539310170792562, 'error_term': 11.48387853477647, 'win_prob_k': 6.073924691078963}",0.0,-10
2024-11-27,Utah Jazz,Denver Nuggets,103,122,False,False,2024-11-27|Denver Nuggets|Utah Jazz,,,,2024-11-27|Denver Nuggets|Utah Jazz,0.2652738102974005,"[{""p_home_win"": 0.0, ""weight"": 0.25}, {""p_home_win"": 0.2652738102974005, ""weight"": 0.5}, {""p_home_win"": 0.530547620594801, ""weight"": 0.25}]",-6.187721855741762,,elo,"{'home_advantage': 2.1432347771854583, 'scale': 0.06539310170792562, 'error_term': 11.48387853477647, 'win_prob_k': 6.073924691078963}",0.0,-19
2024-11-27,Golden State Warriors,Oklahoma City Thunder,101,105,False,False,2024-11-27|Oklahoma City Thunder|Golden State Warriors,,,,2024-11-27|Oklahoma City Thunder|Golden State Warriors,0.5145038379514271,"[{""p_home_win"": 0.029007675902854135, ""weight"": 0.25}, {""p_home_win"": 0.5145038379514271, ""weight"": 0.5}, {""p_home_win"": 1.0, ""weight"": 0.25}]",0.35247976413018467,,elo,"{'home_advantage': 2.1432347771854583, 'scale': 0.06539310170792562, 'error_term': 11.48387853477647, 'win_prob_k': 6.073924691078963}",0.0,-4
2024-11-29,Charlotte Hornets,New York Knicks,98,99,False,False,2024-11-29|New York Knicks|Charlotte Hornets,,,,2024-11-29|New York Knicks|Charlotte Hornets,0.3255525930915295,"[{""p_home_win"": 0.0, ""weight"": 0.25}, {""p_home_win"": 0.3255525930915295, ""weight"": 0.5}, {""p_home_win"": 0.651105186183059, ""weight"": 0.25}]",-4.745363212182237,,elo,"{'home_advantage': 1.8362464987003455, 'scale': 0.06359583900278135, 'error_term': 11.618154029215738, 'win_prob_k': 6.5150477566337415}",0.0,-1
2024-11-29,Atlanta Hawks,Cleveland Cavaliers,117,101,False,False,2024-11-29|Cleveland Cavaliers|Atlanta Hawks,,,,2024-11-29|Cleveland Cavaliers|Atlanta Hawks,0.1813904235510567,"[{""p_home_win"": 0.0, ""weight"": 0.25}, {""p_home_win"": 0.1813904235510567, ""weight"": 0.5}, {""p_home_win"": 0.3627808471021134, ""weight"": 0.25}]",-9.817887167950492,,elo,"{'home_advantage': 1.8362464987003455, 'scale': 0.06359583900278135, 'error_term': 11.618154029215738, 'win_prob_k': 6.5150477566337415}",1.0,16
2024-11-29,Memphis Grizzlies,New Orleans Pelicans,120,109,False,False,2024-11-29|New Orleans Pelicans|Memphis Grizzlies,,,,2024-11-29|New Orleans Pelicans|Memphis Grizzlies,0.9224184281103969,"[{""p_home_win"": 0.8448368562207937, ""weight"": 0.25}, {""p_home_win"": 0.9224184281103969, ""weight"": 0.5}, {""p_home_win"": 1.0, ""weight"": 0.25}]",16.12910192003077,,elo,"{'home_advantage': 1.8362464987003455, 'scale': 0.06359583900278135, 'error_term': 11.618154029215738, 'win_prob_k': 6.5150477566337415}",1.0,11
2024-11-29,Brooklyn Nets,Orlando Magic,100,123,False,False,2024-11-29|Orlando Magic|Brooklyn Nets,,,,2024-11-29|Orlando Magic|Brooklyn Nets,0.35615157117610247,"[{""p_home_win"": 0.0, ""weight"": 0.25}, {""p_home_win"": 0.35615157117610247, ""weight"": 0.5}, {""p_home_win"": 0.7123031423522049, ""weight"": 0.25}]",-3.857604974599949,,elo,"{'home_advantage': 1.8362464987003455, 'scale': 0.06359583900278135, 'error_term': 11.618154029215738, 'win_prob_k': 6.5150477566337415}",0.0,-23
2024-11-29,Minnesota Timberwolves,Los Angeles Clippers,93,92,False,False,2024-11-29|Los Angeles Clippers|Minnesota Timberwolves,,,,2024-11-29|Los Angeles Clippers|Minnesota Timberwolves,0.27838975606500177,"[{""p_home_win"": 0.0, ""weight"": 0.25}, {""p_home_win"": 0.27838975606500177, ""weight"": 0.5}, {""p_home_win"": 0.5567795121300035, ""weight"": 0.25}]",-6.20534214478411,,elo,"{'home_advantage': 1.8362464987003455, 'scale': 0.06359583900278135, 'error_term': 11.618154029215738, 'win_prob_k': 6.5150477566337415}",1.0,1
2024-11-29,Chicago Bulls,Boston Celtics,129,138,False,False,2024-11-29|Boston Celtics|Chicago Bulls,,,,2024-11-29|Boston Celtics|Chicago Bulls,0.16188209655314267,"[{""p_home_win"": 0.0, ""weight"": 0.25}, {""p_home_win"": 0.16188209655314267, ""weight"": 0.5}, {""p_home_win"": 0.32376419310628535, ""weight"": 0.25}]",-10.712631235038952,,elo,"{'home_advantage': 1.8362464987003455, 'scale': 0.06359583900278135, 'error_term': 11.618154029215738, 'win_prob_k': 6.5150477566337415}",0.0,-9
2024-11-29,Indiana Pacers,Detroit Pistons,106,130,False,False,2024-11-29|Detroit Pistons|Indiana Pacers,,,,2024-11-29|Detroit Pistons|Indiana Pacers,0.664117284187432,"[{""p_home_win"": 0.328234568374864, ""weight"": 0.25}, {""p_home_win"": 0.664117284187432, ""weight"": 0.5}, {""p_home_win"": 1.0, ""weight"": 0.25}]",4.44128673680081,,elo,"{'home_advantage': 1.8362464987003455, 'scale': 0.06359583900278135, 'error_term': 11.618154029215738, 'win_prob_k': 6.5150477566337415}",0.0,-24
2024-11-29,Miami Heat,Toronto Raptors,121,111,False,False,2024-11-29|Toronto Raptors|Miami Heat,,,,2024-11-29|Toronto Raptors|Miami Heat,0.7883204826138044,"[{""p_home_win"": 0.5766409652276088, ""weight"": 0.25}, {""p_home_win"": 0.7883204826138044, ""weight"": 0.5}, {""p_home_win"": 1.0, ""weight"": 0.25}]",8.566188649904838,,elo,"{'home_advantage': 1.8362464987003455, 'scale': 0.06359583900278135, 'error_term': 11.618154029215738, 'win_prob_k': 6.5150477566337415}",1.0,10
2024-11-29,Los Angeles Lakers,Oklahoma City Thunder,93,101,False,False,2024-11-29|Oklahoma City Thunder|Los Angeles Lakers,,,,2024-11-29|Oklahoma City Thunder|Los Angeles Lakers,0.36085672827372695,"[{""p_home_win"": 0.0, ""weight"": 0.25}, {""p_home_win"": 0.36085672827372695, ""weight"": 0.5}, {""p_home_win"": 0.7217134565474539, ""weight"": 0.25}]",-3.7243116529407208,,elo,"{'home_advantage': 1.8362464987003455, 'scale': 0.06359583900278135, 'error_term': 11.618154029215738, 'win_prob_k': 6.5150477566337415}",0.0,-8
2024-11-29,Portland Trail Blazers,Sacramento Kings,115,106,False,False,2024-11-29|Sacramento Kings|Portland Trail Blazers,,,,2024-11-29|Sacramento Kings|Portland Trail Blazers,0.5284217370021178,"[{""p_home_win"": 0.05684347400423562, ""weight"": 0.25}, {""p_home_win"": 0.5284217370021178, ""weight"": 0.5}, {""p_home_win"": 1.0, ""weight"": 0.25}]",0.7414751982817549,,elo,"{'home_advantage': 1.8362464987003455, 'scale': 0.06359583900278135, 'error_term': 11.618154029215738, 'win_prob_k': 6.5150477566337415}",1.0,9
2024-11-30,Charlotte Hornets,Atlanta Hawks,104,107,False,False,2024-11-30|Atlanta Hawks|Charlotte Hornets,,,,2024-11-30|Atlanta Hawks|Charlotte Hornets,0.33238829328045305,"[{""p_home_win"": 0.0, ""weight"": 0.25}, {""p_home_win"": 0.33238829328045305, ""weight"": 0.5}, {""p_home_win"": 0.6647765865609061, ""weight"": 0.25}]",-4.5874360769212075,,elo,"{'home_advantage': 1.8476910298545541, 'scale': 0.061580640409152274, 'error_term': 11.68920050153933, 'win_prob_k': 6.577885157879432}",0.0,-3
2024-11-30,Detroit Pistons,Philadelphia 76ers,96,111,False,False,2024-11-30|Philadelphia 76ers|Detroit Pistons,,,,2024-11-30|Philadelphia 76ers|Detroit Pistons,0.7670807911334767,"[{""p_home_win"": 0.5341615822669534, ""weight"": 0.25}, {""p_home_win"": 0.7670807911334767, ""weight"": 0.5}, {""p_home_win"": 1.0, ""weight"": 0.25}]",7.840184473033627,,elo,"{'home_advantage': 1.8476910298545541, 'scale': 0.061580640409152274, 'error_term': 11.68920050153933, 'win_prob_k': 6.577885157879432}",0.0,-15
2024-11-30,Milwaukee Bucks,Washington Wizards,124,114,False,False,2024-11-30|Washington Wizards|Milwaukee Bucks,,,,2024-11-30|Washington Wizards|Milwaukee Bucks,0.9126441872006497,"[{""p_home_win"": 0.8252883744012993, ""weight"": 0.25}, {""p_home_win"": 0.9126441872006497, ""weight"": 0.5}, {""p_home_win"": 1.0, ""weight"": 0.25}]",15.43406363529882,,elo,"{'home_advantage': 1.8476910298545541, 'scale': 0.061580640409152274, 'error_term': 11.68920050153933, 'win_prob_k': 6.577885157879432}",1.0,10
2024-11-30,Phoenix Suns,Golden State Warriors,113,105,False,False,2024-11-30|Golden State Warriors|Phoenix Suns,,,,2024-11-30|Golden State Warriors|Phoenix Suns,0.4278956934798714,"[{""p_home_win"": 0.0, ""weight"": 0.25}, {""p_home_win"": 0.4278956934798714, ""weight"": 0.5}, {""p_home_win"": 0.8557913869597428, ""weight"": 0.25}]",-1.910493264279968,,elo,"{'home_advantage': 1.8476910298545541, 'scale': 0.061580640409152274, 'error_term': 11.68920050153933, 'win_prob_k': 6.577885157879432}",1.0,8
2024-11-30,Utah Jazz,Dallas Mavericks,94,106,False,False,2024-11-30|Dallas Mavericks|Utah Jazz,,,,2024-11-30|Dallas Mavericks|Utah Jazz,0.20603726609849374,"[{""p_home_win"": 0.0, ""weight"": 0.25}, {""p_home_win"": 0.20603726609849374, ""weight"": 0.5}, {""p_home_win"": 0.4120745321969875, ""weight"": 0.25}]",-8.873432031981109,,elo,"{'home_advantage': 1.8476910298545541, 'scale': 0.061580640409152274, 'error_term': 11.68920050153933, 'win_prob_k': 6.577885157879432}",0.0,-12
2024-12-01,Brooklyn Nets,Orlando Magic,92,100,False,False,2024-12-01|Orlando Magic|Brooklyn Nets,,,,2024-12-01|Orlando Magic|Brooklyn Nets,0.3061289336461342,"[{""p_home_win"": 0.0, ""weight"": 0.25}, {""p_home_win"": 0.3061289336461342, ""weight"": 0.5}, {""p_home_win"": 0.6122578672922684, ""weight"": 0.25}]",-5.329539235439279,,elo,"{'home_advantage': 1.756679451041594, 'scale': 0.05932553332324868, 'error_term': 11.749578380114855, 'win_prob_k': 6.513101348273054}",0.0,-8
2024-12-01,Memphis Grizzlies,Indiana Pacers,136,121,False,False,2024-12-01|Indiana Pacers|Memphis Grizzlies,,,,2024-12-01|Indiana Pacers|Memphis Grizzlies,0.8003177399516476,"[{""p_home_win"": 0.6006354799032951, ""weight"": 0.25}, {""p_home_win"": 0.8003177399516476, ""weight"": 0.5}, {""p_home_win"": 1.0, ""weight"": 0.25}]",9.042017590248895,,elo,"{'home_advantage': 1.756679451041594, 'scale': 0.05932553332324868, 'error_term': 11.749578380114855, 'win_prob_k': 6.513101348273054}",1.0,15
2024-12-01,Cleveland Cavaliers,Boston Celtics,115,111,False,False,2024-12-01|Boston Celtics|Cleveland Cavaliers,,,,2024-12-01|Boston Celtics|Cleveland Cavaliers,0.476110369343051,"[{""p_home_win"": 0.0, ""weight"": 0.25}, {""p_home_win"": 0.476110369343051, ""weight"": 0.5}, {""p_home_win"": 0.952220738686102, ""weight"": 0.25}]",-0.6228565957915602,,elo,"{'home_advantage': 1.756679451041594, 'scale': 0.05932553332324868, 'error_term': 11.749578380114855, 'win_prob_k': 6.513101348273054}",1.0,4
2024-12-01,New York Knicks,New Orleans Pelicans,118,85,False,False,2024-12-01|New Orleans Pelicans|New York Knicks,,,,2024-12-01|New Orleans Pelicans|New York Knicks,0.8822751100609724,"[{""p_home_win"": 0.7645502201219447, ""weight"": 0.25}, {""p_home_win"": 0.8822751100609724, ""weight"": 0.5}, {""p_home_win"": 1.0, ""weight"": 0.25}]",13.11838563099797,,elo,"{'home_advantage': 1.756679451041594, 'scale': 0.05932553332324868, 'error_term': 11.749578380114855, 'win_prob_k': 6.513101348273054}",1.0,33
2024-12-01,Toronto Raptors,Miami Heat,119,116,False,False,2024-12-01|Miami Heat|Toronto Raptors,,,,2024-12-01|Miami Heat|Toronto Raptors,0.2787087265898771,"[{""p_home_win"": 0.0, ""weight"": 0.25}, {""p_home_win"": 0.2787087265898771, ""weight"": 0.5}, {""p_home_win"": 0.5574174531797542, ""weight"": 0.25}]",-6.193150424088882,,elo,"{'home_advantage': 1.756679451041594, 'scale': 0.05932553332324868, 'error_term': 11.749578380114855, 'win_prob_k': 6.513101348273054}",1.0,3
2024-12-01,Houston Rockets,Oklahoma City Thunder,119,116,False,False,2024-12-01|Oklahoma City Thunder|Houston Rockets,,,,2024-12-01|Oklahoma City Thunder|Houston Rockets,0.4801253671824987,"[{""p_home_win"": 0.0, ""weight"": 0.25}, {""p_home_win"": 0.4801253671824987, ""weight"": 0.5}, {""p_home_win"": 0.9602507343649974, ""weight"": 0.25}]",-0.5180549492382545,,elo,"{'home_advantage': 1.756679451041594, 'scale': 0.05932553332324868, 'error_term': 11.749578380114855, 'win_prob_k': 6.513101348273054}",1.0,3
2024-12-01,Utah Jazz,Los Angeles Lakers,104,105,False,False,2024-12-01|Los Angeles Lakers|Utah Jazz,,,,2024-12-01|Los Angeles Lakers|Utah Jazz,0.2515288785247193,"[{""p_home_win"": 0.0, ""weight"": 0.25}, {""p_home_win"": 0.2515288785247193, ""weight"": 0.5}, {""p_home_win"": 0.5030577570494386, ""weight"": 0.25}]",-7.1023729758251335,,elo,"{'home_advantage': 1.756679451041594, 'scale': 0.05932553332324868, 'error_term': 11.749578380114855, 'win_prob_k': 6.513101348273054}",0.0,-1
2024-12-01,Portland Trail Blazers,Dallas Mavericks,131,137,False,False,2024-12-01|Dallas Mavericks|Portland Trail Blazers,,,,2024-12-01|Dallas Mavericks|Portland Trail Blazers,0.36621671671961475,"[{""p_home_win"": 0.0, ""weight"": 0.25}, {""p_home_win"": 0.36621671671961475, ""weight"": 0.5}, {""p_home_win"": 0.7324334334392295, ""weight"": 0.25}]",-3.5723174935862168,,elo,"{'home_advantage': 1.756679451041594, 'scale': 0.05932553332324868, 'error_term': 11.749578380114855, 'win_prob_k': 6.513101348273054}",0.0,-6
2024-12-01,Sacramento Kings,San Antonio Spurs,125,127,False,False,2024-12-01|San Antonio Spurs|Sacramento Kings,,,,2024-12-01|San Antonio Spurs|Sacramento Kings,0.4074499856347207,"[{""p_home_win"": 0.0, ""weight"": 0.25}, {""p_home_win"": 0.4074499856347207, ""weight"": 0.5}, {""p_home_win"": 0.8148999712694414, ""weight"": 0.25}]",-2.4392677727397394,,elo,"{'home_advantage': 1.756679451041594, 'scale': 0.05932553332324868, 'error_term': 11.749578380114855, 'win_prob_k': 6.513101348273054}",0.0,-2
2024-12-01,Los Angeles Clippers,Denver Nuggets,126,122,False,False,2024-12-01|Denver Nuggets|Los Angeles Clippers,,,,2024-12-01|Denver Nuggets|Los Angeles Clippers,0.5913707647900924,"[{""p_home_win"": 0.18274152958018486, ""weight"": 0.25}, {""p_home_win"": 0.5913707647900924, ""weight"": 0.5}, {""p_home_win"": 1.0, ""weight"": 0.25}]",2.4074698440849254,,elo,"{'home_advantage': 1.756679451041594, 'scale': 0.05932553332324868, 'error_term': 11.749578380114855, 'win_prob_k': 6.513101348273054}",1.0,4
2024-12-02,Atlanta Hawks,New Orleans Pelicans,124,112,False,False,2024-12-02|New Orleans Pelicans|Atlanta Hawks,,,,2024-12-02|New Orleans Pelicans|Atlanta Hawks,0.8761728460513447,"[{""p_home_win"": 0.7523456921026894, ""weight"": 0.25}, {""p_home_win"": 0.8761728460513447, ""weight"": 0.5}, {""p_home_win"": 1.0, ""weight"": 0.25}]",12.782308482262797,,elo,"{'home_advantage': 1.8631939126956816, 'scale': 0.05801003833710938, 'error_term': 11.613218324431719, 'win_prob_k': 6.532662453188356}",1.0,12
2024-12-02,Boston Celtics,Miami Heat,108,89,False,False,2024-12-02|Miami Heat|Boston Celtics,,,,2024-12-02|Miami Heat|Boston Celtics,0.8394989482832792,"[{""p_home_win"": 0.6789978965665584, ""weight"": 0.25}, {""p_home_win"": 0.8394989482832792, ""weight"": 0.5}, {""p_home_win"": 1.0, ""weight"": 0.25}]",10.808320918015255,,elo,"{'home_advantage': 1.8631939126956816, 'scale': 0.05801003833710938, 'error_term': 11.613218324431719, 'win_prob_k': 6.532662453188356}",1.0,19
2024-12-02,Chicago Bulls,Brooklyn Nets,128,102,False,False,2024-12-02|Brooklyn Nets|Chicago Bulls,,,,2024-12-02|Brooklyn Nets|Chicago Bulls,0.5029463237710763,"[{""p_home_win"": 0.005892647542152574, ""weight"": 0.25}, {""p_home_win"": 0.5029463237710763, ""weight"": 0.5}, {""p_home_win"": 1.0, ""weight"": 0.25}]",0.07699024582357694,,elo,"{'home_advantage': 1.8631939126956816, 'scale': 0.05801003833710938, 'error_term': 11.613218324431719, 'win_prob_k': 6.532662453188356}",1.0,26
2024-12-02,Minnesota Timberwolves,Los Angeles Lakers,109,80,False,False,2024-12-02|Los Angeles Lakers|Minnesota Timberwolves,,,,2024-12-02|Los Angeles Lakers|Minnesota Timberwolves,0.4413439952445918,"[{""p_home_win"": 0.0, ""weight"": 0.25}, {""p_home_win"": 0.4413439952445918, ""weight"": 0.5}, {""p_home_win"": 0.8826879904891836, ""weight"": 0.25}]",-1.539809304944895,,elo,"{'home_advantage': 1.8631939126956816, 'scale': 0.05801003833710938, 'error_term': 11.613218324431719, 'win_prob_k': 6.532662453188356}",1.0,29
2024-12-03,Charlotte Hornets,Philadelphia 76ers,104,110,False,False,2024-12-03|Philadelphia 76ers|Charlotte Hornets,,,,2024-12-03|Philadelphia 76ers|Charlotte Hornets,0.5656038648173118,"[{""p_home_win"": 0.13120772963462368, ""weight"": 0.25}, {""p_home_win"": 0.5656038648173118, ""weight"": 0.5}, {""p_home_win"": 1.0, ""weight"": 0.25}]",1.7212365495708766,,elo,"{'home_advantage': 2.043341200588287, 'scale': 0.05749938140110568, 'error_term': 11.726674301562976, 'win_prob_k': 6.521389778014463}",0.0,-6
2024-12-03,Cleveland Cavaliers,Washington Wizards,118,87,False,False,2024-12-03|Washington Wizards|Cleveland Cavaliers,,,,2024-12-03|Washington Wizards|Cleveland Cavaliers,0.9650628820827853,"[{""p_home_win"": 0.9301257641655707, ""weight"": 0.25}, {""p_home_win"": 0.9650628820827853, ""weight"": 0.5}, {""p_home_win"": 1.0, ""weight"": 0.25}]",21.642167454230286,,elo,"{'home_advantage': 2.043341200588287, 'scale': 0.05749938140110568, 'error_term': 11.726674301562976, 'win_prob_k': 6.521389778014463}",1.0,31
2024-12-03,Detroit Pistons,Milwaukee Bucks,107,128,False,False,2024-12-03|Milwaukee Bucks|Detroit Pistons,,,,2024-12-03|Milwaukee Bucks|Detroit Pistons,0.34113075122224573,"[{""p_home_win"": 0.0, ""weight"": 0.25}, {""p_home_win"": 0.34113075122224573, ""weight"": 0.5}, {""p_home_win"": 0.6822615024444915, ""weight"": 0.25}]",-4.292765260476444,,elo,"{'home_advantage': 2.043341200588287, 'scale': 0.05749938140110568, 'error_term': 11.726674301562976, 'win_prob_k': 6.521389778014463}",0.0,-21
2024-12-03,New York Knicks,Orlando Magic,121,106,False,False,2024-12-03|Orlando Magic|New York Knicks,,,,2024-12-03|Orlando Magic|New York Knicks,0.3887371526897409,"[{""p_home_win"": 0.0, ""weight"": 0.25}, {""p_home_win"": 0.3887371526897409, ""weight"": 0.5}, {""p_home_win"": 0.7774743053794818, ""weight"": 0.25}]",-2.9517352017397176,,elo,"{'home_advantage': 2.043341200588287, 'scale': 0.05749938140110568, 'error_term': 11.726674301562976, 'win_prob_k': 6.521389778014463}",1.0,15
2024-12-03,Toronto Raptors,Indiana Pacers,122,111,False,False,2024-12-03|Indiana Pacers|Toronto Raptors,,,,2024-12-03|Indiana Pacers|Toronto Raptors,0.5042205911260369,"[{""p_home_win"": 0.008441182252073798, ""weight"": 0.25}, {""p_home_win"": 0.5042205911260369, ""weight"": 0.5}, {""p_home_win"": 1.0, ""weight"": 0.25}]",0.11009909433981169,,elo,"{'home_advantage': 2.043341200588287, 'scale': 0.05749938140110568, 'error_term': 11.726674301562976, 'win_prob_k': 6.521389778014463}",1.0,11
2024-12-03,Oklahoma City Thunder,Utah Jazz,133,106,False,False,2024-12-03|Utah Jazz|Oklahoma City Thunder,,,,2024-12-03|Utah Jazz|Oklahoma City Thunder,0.9292893900499897,"[{""p_home_win"": 0.8585787800999793, ""weight"": 0.25}, {""p_home_win"": 0.9292893900499897, ""weight"": 0.5}, {""p_home_win"": 1.0, ""weight"": 0.25}]",16.797955992706243,,elo,"{'home_advantage': 2.043341200588287, 'scale': 0.05749938140110568, 'error_term': 11.726674301562976, 'win_prob_k': 6.521389778014463}",1.0,27
2024-12-03,Dallas Mavericks,Memphis Grizzlies,121,116,False,False,2024-12-03|Memphis Grizzlies|Dallas Mavericks,,,,2024-12-03|Memphis Grizzlies|Dallas Mavericks,0.5518778923857275,"[{""p_home_win"": 0.10375578477145497, ""weight"": 0.25}, {""p_home_win"": 0.5518778923857275, ""weight"": 0.5}, {""p_home_win"": 1.0, ""weight"": 0.25}]",1.3581515181357005,,elo,"{'home_advantage': 2.043341200588287, 'scale': 0.05749938140110568, 'error_term': 11.726674301562976, 'win_prob_k': 6.521389778014463}",1.0,5
2024-12-03,Phoenix Suns,San Antonio Spurs,104,93,False,False,2024-12-03|San Antonio Spurs|Phoenix Suns,,,,2024-12-03|San Antonio Spurs|Phoenix Suns,0.5393395620181044,"[{""p_home_win"": 0.0786791240362088, ""weight"": 0.25}, {""p_home_win"": 0.5393395620181044, ""weight"": 0.5}, {""p_home_win"": 1.0, ""weight"": 0.25}]",1.028319890035535,,elo,"{'home_advantage': 2.043341200588287, 'scale': 0.05749938140110568, 'error_term': 11.726674301562976, 'win_prob_k': 6.521389778014463}",1.0,11
2024-12-03,Denver Nuggets,Golden State Warriors,119,115,False,False,2024-12-03|Golden State Warriors|Denver Nuggets,,,,2024-12-03|Golden State Warriors|Denver Nuggets,0.5355232797563205,"[{""p_home_win"": 0.07104655951264105, ""weight"": 0.25}, {""p_home_win"": 0.5355232797563205, ""weight"": 0.5}, {""p_home_win"": 1.0, ""weight"": 0.25}]",0.9282084675719076,,elo,"{'home_advantage': 2.043341200588287, 'scale': 0.05749938140110568, 'error_term': 11.726674301562976, 'win_prob_k': 6.521389778014463}",1.0,4
2024-12-03,Sacramento Kings,Houston Rockets,120,111,False,False,2024-12-03|Houston Rockets|Sacramento Kings,,,,2024-12-03|Houston Rockets|Sacramento Kings,0.2100700043273134,"[{""p_home_win"": 0.0, ""weight"": 0.25}, {""p_home_win"": 0.2100700043273134, ""weight"": 0.5}, {""p_home_win"": 0.4201400086546268, ""weight"": 0.25}]",-8.637603581639201,,elo,"{'home_advantage': 2.043341200588287, 'scale': 0.05749938140110568, 'error_term': 11.726674301562976, 'win_prob_k': 6.521389778014463}",1.0,9
2024-12-03,Los Angeles Clippers,Portland Trail Blazers,127,105,False,False,2024-12-03|Portland Trail Blazers|Los Angeles Clippers,,,,2024-12-03|Portland Trail Blazers|Los Angeles Clippers,0.773287084127213,"[{""p_home_win"": 0.5465741682544261, ""weight"": 0.25}, {""p_home_win"": 0.773287084127213, ""weight"": 0.5}, {""p_home_win"": 1.0, ""weight"": 0.25}]",8.001522486245378,,elo,"{'home_advantage': 2.043341200588287, 'scale': 0.05749938140110568, 'error_term': 11.726674301562976, 'win_prob_k': 6.521389778014463}",1.0,22
2024-12-04,Boston Celtics,Detroit Pistons,130,120,False,False,2024-12-04|Detroit Pistons|Boston Celtics,,,,2024-12-04|Detroit Pistons|Boston Celtics,0.9162307313373773,"[{""p_home_win"": 0.8324614626747546, ""weight"": 0.25}, {""p_home_win"": 0.9162307313373773, ""weight"": 0.5}, {""p_home_win"": 1.0, ""weight"": 0.25}]",15.906613770026956,,elo,"{'home_advantage': 2.246276725835322, 'scale': 0.058398190571886485, 'error_term': 11.683320795153245, 'win_prob_k': 6.649360603834305}",1.0,10
2024-12-04,Brooklyn Nets,Indiana Pacers,99,90,False,False,2024-12-04|Indiana Pacers|Brooklyn Nets,,,,2024-12-04|Indiana Pacers|Brooklyn Nets,0.6586172579076319,"[{""p_home_win"": 0.31723451581526385, ""weight"": 0.25}, {""p_home_win"": 0.6586172579076319, ""weight"": 0.5}, {""p_home_win"": 1.0, ""weight"": 0.25}]",4.3695496220233485,,elo,"{'home_advantage': 2.246276725835322, 'scale': 0.058398190571886485, 'error_term': 11.683320795153245, 'win_prob_k': 6.649360603834305}",1.0,9
2024-12-04,Miami Heat,Los Angeles Lakers,134,93,False,False,2024-12-04|Los Angeles Lakers|Miami Heat,,,,2024-12-04|Los Angeles Lakers|Miami Heat,0.5171367462660112,"[{""p_home_win"": 0.0342734925320225, ""weight"": 0.25}, {""p_home_win"": 0.5171367462660112, ""weight"": 0.5}, {""p_home_win"": 1.0, ""weight"": 0.25}]",0.4559722172672276,,elo,"{'home_advantage': 2.246276725835322, 'scale': 0.058398190571886485, 'error_term': 11.683320795153245, 'win_prob_k': 6.649360603834305}",1.0,41
2024-12-04,Philadelphia 76ers,Orlando Magic,102,106,False,False,2024-12-04|Orlando Magic|Philadelphia 76ers,,,,2024-12-04|Orlando Magic|Philadelphia 76ers,0.20506501067383323,"[{""p_home_win"": 0.0, ""weight"": 0.25}, {""p_home_win"": 0.20506501067383323, ""weight"": 0.5}, {""p_home_win"": 0.41013002134766646, ""weight"": 0.25}]",-9.009439991308549,,elo,"{'home_advantage': 2.246276725835322, 'scale': 0.058398190571886485, 'error_term': 11.683320795153245, 'win_prob_k': 6.649360603834305}",0.0,-4
2024-12-04,Milwaukee Bucks,Atlanta Hawks,104,119,False,False,2024-12-04|Atlanta Hawks|Milwaukee Bucks,,,,2024-12-04|Atlanta Hawks|Milwaukee Bucks,0.6521885412988669,"[{""p_home_win"": 0.3043770825977339, ""weight"": 0.25}, {""p_home_win"": 0.6521885412988669, ""weight"": 0.5}, {""p_home_win"": 1.0, ""weight"": 0.25}]",4.180274451569792,,elo,"{'home_advantage': 2.246276725835322, 'scale': 0.058398190571886485, 'error_term': 11.683320795153245, 'win_prob_k': 6.649360603834305}",0.0,-15
2024-12-04,Los Angeles Clippers,Minnesota Timberwolves,80,108,False,False,2024-12-04|Minnesota Timberwolves|Los Angeles Clippers,,,,2024-12-04|Minnesota Timberwolves|Los Angeles Clippers,0.7435304519755348,"[{""p_home_win"": 0.4870609039510696, ""weight"": 0.25}, {""p_home_win"": 0.7435304519755348, ""weight"": 0.5}, {""p_home_win"": 1.0, ""weight"": 0.25}]",7.077578005424755,,elo,"{'home_advantage': 2.246276725835322, 'scale': 0.058398190571886485, 'error_term': 11.683320795153245, 'win_prob_k': 6.649360603834305}",0.0,-28
2024-12-05,Cleveland Cavaliers,Denver Nuggets,126,114,False,False,2024-12-05|Denver Nuggets|Cleveland Cavaliers,,,,2024-12-05|Denver Nuggets|Cleveland Cavaliers,0.7934632372349871,"[{""p_home_win"": 0.5869264744699743, ""weight"": 0.25}, {""p_home_win"": 0.7934632372349871, ""weight"": 0.5}, {""p_home_win"": 1.0, ""weight"": 0.25}]",8.911814652034657,,elo,"{'home_advantage': 2.2581428437174766, 'scale': 0.05703307056775239, 'error_term': 11.961609937754863, 'win_prob_k': 6.621312178212808}",1.0,12
2024-12-05,Washington Wizards,Dallas Mavericks,101,137,False,False,2024-12-05|Dallas Mavericks|Washington Wizards,,,,2024-12-05|Dallas Mavericks|Washington Wizards,0.09639158673816674,"[{""p_home_win"": 0.0, ""weight"": 0.25}, {""p_home_win"": 0.09639158673816674, ""weight"": 0.5}, {""p_home_win"": 0.19278317347633347, ""weight"": 0.25}]",-14.818345503978694,,elo,"{'home_advantage': 2.2581428437174766, 'scale': 0.05703307056775239, 'error_term': 11.961609937754863, 'win_prob_k': 6.621312178212808}",0.0,-36
2024-12-05,New York Knicks,Charlotte Hornets,125,101,False,False,2024-12-05|Charlotte Hornets|New York Knicks,,,,2024-12-05|Charlotte Hornets|New York Knicks,0.887866359842382,"[{""p_home_win"": 0.7757327196847641, ""weight"": 0.25}, {""p_home_win"": 0.887866359842382, ""weight"": 0.5}, {""p_home_win"": 1.0, ""weight"": 0.25}]",13.700354742450646,,elo,"{'home_advantage': 2.2581428437174766, 'scale': 0.05703307056775239, 'error_term': 11.961609937754863, 'win_prob_k': 6.621312178212808}",1.0,24
2024-12-05,Toronto Raptors,Oklahoma City Thunder,92,129,False,False,2024-12-05|Oklahoma City Thunder|Toronto Raptors,,,,2024-12-05|Oklahoma City Thunder|Toronto Raptors,0.21401399925596773,"[{""p_home_win"": 0.0, ""weight"": 0.25}, {""p_home_win"": 0.21401399925596773, ""weight"": 0.5}, {""p_home_win"": 0.42802799851193546, ""weight"": 0.25}]",-8.613648800659785,,elo,"{'home_advantage': 2.2581428437174766, 'scale': 0.05703307056775239, 'error_term': 11.961609937754863, 'win_prob_k': 6.621312178212808}",0.0,-37
2024-12-05,Memphis Grizzlies,Sacramento Kings,115,110,False,False,2024-12-05|Sacramento Kings|Memphis Grizzlies,,,,2024-12-05|Sacramento Kings|Memphis Grizzlies,0.7794442665642095,"[{""p_home_win"": 0.558888533128419, ""weight"": 0.25}, {""p_home_win"": 0.7794442665642095, ""weight"": 0.5}, {""p_home_win"": 1.0, ""weight"": 0.25}]",8.35894819640273,,elo,"{'home_advantage': 2.2581428437174766, 'scale': 0.05703307056775239, 'error_term': 11.961609937754863, 'win_prob_k': 6.621312178212808}",1.0,5
2024-12-05,New Orleans Pelicans,Phoenix Suns,126,124,False,False,2024-12-05|Phoenix Suns|New Orleans Pelicans,,,,2024-12-05|Phoenix Suns|New Orleans Pelicans,0.16975177102211078,"[{""p_home_win"": 0.0, ""weight"": 0.25}, {""p_home_win"": 0.16975177102211078, ""weight"": 0.5}, {""p_home_win"": 0.33950354204422156, ""weight"": 0.25}]",-10.510588368247458,,elo,"{'home_advantage': 2.2581428437174766, 'scale': 0.05703307056775239, 'error_term': 11.961609937754863, 'win_prob_k': 6.621312178212808}",1.0,2
2024-12-05,San Antonio Spurs,Chicago Bulls,124,139,False,False,2024-12-05|Chicago Bulls|San Antonio Spurs,,,,2024-12-05|Chicago Bulls|San Antonio Spurs,0.6769589561040156,"[{""p_home_win"": 0.35391791220803115, ""weight"": 0.25}, {""p_home_win"": 0.6769589561040156, ""weight"": 0.5}, {""p_home_win"": 1.0, ""weight"": 0.25}]",4.898653724379569,,elo,"{'home_advantage': 2.2581428437174766, 'scale': 0.05703307056775239, 'error_term': 11.961609937754863, 'win_prob_k': 6.621312178212808}",0.0,-15
2024-12-05,Golden State Warriors,Houston Rockets,99,93,False,False,2024-12-05|Houston Rockets|Golden State Warriors,,,,2024-12-05|Houston Rockets|Golden State Warriors,0.4180887574259327,"[{""p_home_win"": 0.0, ""weight"": 0.25}, {""p_home_win"": 0.4180887574259327, ""weight"": 0.5}, {""p_home_win"": 0.8361775148518654, ""weight"": 0.25}]",-2.1891659333453264,,elo,"{'home_advantage': 2.2581428437174766, 'scale': 0.05703307056775239, 'error_term': 11.961609937754863, 'win_prob_k': 6.621312178212808}",1.0,6
2024-12-06,Philadelphia 76ers,Orlando Magic,102,94,False,False,2024-12-06|Orlando Magic|Philadelphia 76ers,,,,2024-12-06|Orlando Magic|Philadelphia 76ers,0.17973101069067557,"[{""p_home_win"": 0.0, ""weight"": 0.25}, {""p_home_win"": 0.17973101069067557, ""weight"": 0.5}, {""p_home_win"": 0.35946202138135114, ""weight"": 0.25}]",-10.296073834290185,,elo,"{'home_advantage': 2.19114796131124, 'scale': 0.05874186420734032, 'error_term': 12.015353821206952, 'win_prob_k': 6.781893482414265}",1.0,8
2024-12-06,Atlanta Hawks,Los Angeles Lakers,134,132,False,False,2024-12-06|Los Angeles Lakers|Atlanta Hawks,,,,2024-12-06|Los Angeles Lakers|Atlanta Hawks,0.7016201910371296,"[{""p_home_win"": 0.40324038207425916, ""weight"": 0.25}, {""p_home_win"": 0.7016201910371296, ""weight"": 0.5}, {""p_home_win"": 1.0, ""weight"": 0.25}]",5.798688593459596,,elo,"{'home_advantage': 2.19114796131124, 'scale': 0.05874186420734032, 'error_term': 12.015353821206952, 'win_prob_k': 6.781893482414265}",1.0,2
2024-12-06,Boston Celtics,Milwaukee Bucks,111,105,False,False,2024-12-06|Milwaukee Bucks|Boston Celtics,,,,2024-12-06|Milwaukee Bucks|Boston Celtics,0.8046822151257769,"[{""p_home_win"": 0.6093644302515537, ""weight"": 0.25}, {""p_home_win"": 0.8046822151257769, ""weight"": 0.5}, {""p_home_win"": 1.0, ""weight"": 0.25}]",9.601937293912124,,elo,"{'home_advantage': 2.19114796131124, 'scale': 0.05874186420734032, 'error_term': 12.015353821206952, 'win_prob_k': 6.781893482414265}",1.0,6
2024-12-06,Chicago Bulls,Indiana Pacers,123,132,False,False,2024-12-06|Indiana Pacers|Chicago Bulls,,,,2024-12-06|Indiana Pacers|Chicago Bulls,0.7502124833141213,"[{""p_home_win"": 0.5004249666282425, ""weight"": 0.25}, {""p_home_win"": 0.7502124833141213, ""weight"": 0.5}, {""p_home_win"": 1.0, ""weight"": 0.25}]",7.458359241474957,,elo,"{'home_advantage': 2.19114796131124, 'scale': 0.05874186420734032, 'error_term': 12.015353821206952, 'win_prob_k': 6.781893482414265}",0.0,-9
2024-12-06,San Antonio Spurs,Sacramento Kings,113,140,False,False,2024-12-06|Sacramento Kings|San Antonio Spurs,,,,2024-12-06|Sacramento Kings|San Antonio Spurs,0.6677389426122632,"[{""p_home_win"": 0.3354778852245264, ""weight"": 0.25}, {""p_home_win"": 0.6677389426122632, ""weight"": 0.5}, {""p_home_win"": 1.0, ""weight"": 0.25}]",4.73360102372229,,elo,"{'home_advantage': 2.19114796131124, 'scale': 0.05874186420734032, 'error_term': 12.015353821206952, 'win_prob_k': 6.781893482414265}",0.0,-27
2024-12-06,Golden State Warriors,Minnesota Timberwolves,90,107,False,False,2024-12-06|Minnesota Timberwolves|Golden State Warriors,,,,2024-12-06|Minnesota Timberwolves|Golden State Warriors,0.6151273725521548,"[{""p_home_win"": 0.23025474510430954, ""weight"": 0.25}, {""p_home_win"": 0.6151273725521548, ""weight"": 0.5}, {""p_home_win"": 1.0, ""weight"": 0.25}]",3.1801445659162053,,elo,"{'home_advantage': 2.19114796131124, 'scale': 0.05874186420734032, 'error_term': 12.015353821206952, 'win_prob_k': 6.781893482414265}",0.0,-17
2024-12-06,Portland Trail Blazers,Utah Jazz,99,141,False,False,2024-12-06|Utah Jazz|Portland Trail Blazers,,,,2024-12-06|Utah Jazz|Portland Trail Blazers,0.7602511036964198,"[{""p_home_win"": 0.5205022073928396, ""weight"": 0.25}, {""p_home_win"": 0.7602511036964198, ""weight"": 0.5}, {""p_home_win"": 1.0, ""weight"": 0.25}]",7.826689395645959,,elo,"{'home_advantage': 2.19114796131124, 'scale': 0.05874186420734032, 'error_term': 12.015353821206952, 'win_prob_k': 6.781893482414265}",0.0,-42
2024-12-07,Charlotte Hornets,Cleveland Cavaliers,102,116,False,False,2024-12-07|Cleveland Cavaliers|Charlotte Hornets,,,,2024-12-07|Cleveland Cavaliers|Charlotte Hornets,0.08483609659570933,"[{""p_home_win"": 0.0, ""weight"": 0.25}, {""p_home_win"": 0.08483609659570933, ""weight"": 0.5}, {""p_home_win"": 0.16967219319141866, ""weight"": 0.25}]",-16.661642995216795,,elo,"{'home_advantage': 1.8404260734025724, 'scale': 0.05918949151906198, 'error_term': 12.337620099411112, 'win_prob_k': 7.005452690879542}",0.0,-14
2024-12-07,New Orleans Pelicans,Oklahoma City Thunder,109,119,False,False,2024-12-07|Oklahoma City Thunder|New Orleans Pelicans,,,,2024-12-07|Oklahoma City Thunder|New Orleans Pelicans,0.1058761876641116,"[{""p_home_win"": 0.0, ""weight"": 0.25}, {""p_home_win"": 0.1058761876641116, ""weight"": 0.5}, {""p_home_win"": 0.2117523753282232, ""weight"": 0.25}]",-14.946650932175967,,elo,"{'home_advantage': 1.8404260734025724, 'scale': 0.05918949151906198, 'error_term': 12.337620099411112, 'win_prob_k': 7.005452690879542}",0.0,-10
2024-12-07,Washington Wizards,Denver Nuggets,122,113,False,False,2024-12-07|Denver Nuggets|Washington Wizards,,,,2024-12-07|Denver Nuggets|Washington Wizards,0.1608836083730102,"[{""p_home_win"": 0.0, ""weight"": 0.25}, {""p_home_win"": 0.1608836083730102, ""weight"": 0.5}, {""p_home_win"": 0.3217672167460204, ""weight"": 0.25}]",-11.570683781303892,,elo,"{'home_advantage': 1.8404260734025724, 'scale': 0.05918949151906198, 'error_term': 12.337620099411112, 'win_prob_k': 7.005452690879542}",1.0,9
2024-12-07,New York Knicks,Detroit Pistons,111,120,False,False,2024-12-07|Detroit Pistons|New York Knicks,,,,2024-12-07|Detroit Pistons|New York Knicks,0.8348089000432344,"[{""p_home_win"": 0.6696178000864688, ""weight"": 0.25}, {""p_home_win"": 0.8348089000432344, ""weight"": 0.5}, {""p_home_win"": 1.0, ""weight"": 0.25}]",11.349532861748747,,elo,"{'home_advantage': 1.8404260734025724, 'scale': 0.05918949151906198, 'error_term': 12.337620099411112, 'win_prob_k': 7.005452690879542}",0.0,-9
2024-12-07,Toronto Raptors,Dallas Mavericks,118,125,False,False,2024-12-07|Dallas Mavericks|Toronto Raptors,,,,2024-12-07|Dallas Mavericks|Toronto Raptors,0.21303491063112195,"[{""p_home_win"": 0.0, ""weight"": 0.25}, {""p_home_win"": 0.21303491063112195, ""weight"": 0.5}, {""p_home_win"": 0.4260698212622439, ""weight"": 0.25}]",-9.154220037425347,,elo,"{'home_advantage': 1.8404260734025724, 'scale': 0.05918949151906198, 'error_term': 12.337620099411112, 'win_prob_k': 7.005452690879542}",0.0,-7
2024-12-07,Boston Celtics,Memphis Grizzlies,121,127,False,False,2024-12-07|Memphis Grizzlies|Boston Celtics,,,,2024-12-07|Memphis Grizzlies|Boston Celtics,0.7360224372894739,"[{""p_home_win"": 0.47204487457894784, ""weight"": 0.25}, {""p_home_win"": 0.7360224372894739, ""weight"": 0.5}, {""p_home_win"": 1.0, ""weight"": 0.25}]",7.183366627481876,,elo,"{'home_advantage': 1.8404260734025724, 'scale': 0.05918949151906198, 'error_term': 12.337620099411112, 'win_prob_k': 7.005452690879542}",0.0,-6
2024-12-07,Miami Heat,Phoenix Suns,121,111,False,False,2024-12-07|Phoenix Suns|Miami Heat,,,,2024-12-07|Phoenix Suns|Miami Heat,0.5429299490154561,"[{""p_home_win"": 0.08585989803091221, ""weight"": 0.25}, {""p_home_win"": 0.5429299490154561, ""weight"": 0.5}, {""p_home_win"": 1.0, ""weight"": 0.25}]",1.2059441309339323,,elo,"{'home_advantage': 1.8404260734025724, 'scale': 0.05918949151906198, 'error_term': 12.337620099411112, 'win_prob_k': 7.005452690879542}",1.0,10
2024-12-08,Chicago Bulls,Philadelphia 76ers,100,108,False,False,2024-12-08|Philadelphia 76ers|Chicago Bulls,,,,2024-12-08|Philadelphia 76ers|Chicago Bulls,0.6400396934603825,"[{""p_home_win"": 0.28007938692076495, ""weight"": 0.25}, {""p_home_win"": 0.6400396934603825, ""weight"": 0.5}, {""p_home_win"": 1.0, ""weight"": 0.25}]",4.142307475845152,,elo,"{'home_advantage': 1.8640018034663095, 'scale': 0.05839715929232243, 'error_term': 12.349786424580563, 'win_prob_k': 7.197298488959076}",0.0,-8
2024-12-08,Brooklyn Nets,Milwaukee Bucks,113,118,False,False,2024-12-08|Milwaukee Bucks|Brooklyn Nets,,,,2024-12-08|Milwaukee Bucks|Brooklyn Nets,0.4669154094202032,"[{""p_home_win"": 0.0, ""weight"": 0.25}, {""p_home_win"": 0.4669154094202032, ""weight"": 0.5}, {""p_home_win"": 0.9338308188404064, ""weight"": 0.25}]",-0.9538724567985679,,elo,"{'home_advantage': 1.8640018034663095, 'scale': 0.05839715929232243, 'error_term': 12.349786424580563, 'win_prob_k': 7.197298488959076}",0.0,-5
2024-12-08,Indiana Pacers,Charlotte Hornets,109,113,False,False,2024-12-08|Charlotte Hornets|Indiana Pacers,,,,2024-12-08|Charlotte Hornets|Indiana Pacers,0.7136953683169,"[{""p_home_win"": 0.4273907366337999, ""weight"": 0.25}, {""p_home_win"": 0.7136953683169, ""weight"": 0.5}, {""p_home_win"": 1.0, ""weight"": 0.25}]",6.57401119164795,,elo,"{'home_advantage': 1.8640018034663095, 'scale': 0.05839715929232243, 'error_term': 12.349786424580563, 'win_prob_k': 7.197298488959076}",0.0,-4
2024-12-08,Atlanta Hawks,Denver Nuggets,111,141,False,False,2024-12-08|Denver Nuggets|Atlanta Hawks,,,,2024-12-08|Denver Nuggets|Atlanta Hawks,0.7011475372080064,"[{""p_home_win"": 0.40229507441601275, ""weight"": 0.25}, {""p_home_win"": 0.7011475372080064, ""weight"": 0.5}, {""p_home_win"": 1.0, ""weight"": 0.25}]",6.137628108794083,,elo,"{'home_advantage': 1.8640018034663095, 'scale': 0.05839715929232243, 'error_term': 12.349786424580563, 'win_prob_k': 7.197298488959076}",0.0,-30
2024-12-08,Miami Heat,Cleveland Cavaliers,122,113,False,False,2024-12-08|Cleveland Cavaliers|Miami Heat,,,,2024-12-08|Cleveland Cavaliers|Miami Heat,0.27385161442985917,"[{""p_home_win"": 0.0, ""weight"": 0.25}, {""p_home_win"": 0.27385161442985917, ""weight"": 0.5}, {""p_home_win"": 0.5477032288597183, ""weight"": 0.25}]",-7.018574994810135,,elo,"{'home_advantage': 1.8640018034663095, 'scale': 0.05839715929232243, 'error_term': 12.349786424580563, 'win_prob_k': 7.197298488959076}",1.0,9
2024-12-08,Orlando Magic,Phoenix Suns,115,110,False,False,2024-12-08|Phoenix Suns|Orlando Magic,,,,2024-12-08|Phoenix Suns|Orlando Magic,0.7299675386664104,"[{""p_home_win"": 0.4599350773328208, ""weight"": 0.25}, {""p_home_win"": 0.7299675386664104, ""weight"": 0.5}, {""p_home_win"": 1.0, ""weight"": 0.25}]",7.157410244850051,,elo,"{'home_advantage': 1.8640018034663095, 'scale': 0.05839715929232243, 'error_term': 12.349786424580563, 'win_prob_k': 7.197298488959076}",1.0,5
2024-12-08,San Antonio Spurs,New Orleans Pelicans,121,116,False,False,2024-12-08|New Orleans Pelicans|San Antonio Spurs,,,,2024-12-08|New Orleans Pelicans|San Antonio Spurs,0.7875450278548852,"[{""p_home_win"": 0.5750900557097705, ""weight"": 0.25}, {""p_home_win"": 0.7875450278548852, ""weight"": 0.5}, {""p_home_win"": 1.0, ""weight"": 0.25}]",9.429831941583558,,elo,"{'home_advantage': 1.8640018034663095, 'scale': 0.05839715929232243, 'error_term': 12.349786424580563, 'win_prob_k': 7.197298488959076}",1.0,5
2024-12-08,Washington Wizards,Memphis Grizzlies,112,140,False,False,2024-12-08|Memphis Grizzlies|Washington Wizards,,,,2024-12-08|Memphis Grizzlies|Washington Wizards,0.11480161448244067,"[{""p_home_win"": 0.0, ""weight"": 0.25}, {""p_home_win"": 0.11480161448244067, ""weight"": 0.5}, {""p_home_win"": 0.22960322896488133, ""weight"": 0.25}]",-14.701246783753351,,elo,"{'home_advantage': 1.8640018034663095, 'scale': 0.05839715929232243, 'error_term': 12.349786424580563, 'win_prob_k': 7.197298488959076}",0.0,-28
2024-12-08,Golden State Warriors,Minnesota Timberwolves,114,106,False,False,2024-12-08|Minnesota Timberwolves|Golden State Warriors,,,,2024-12-08|Minnesota Timberwolves|Golden State Warriors,0.5138281456730861,"[{""p_home_win"": 0.0276562913461722, ""weight"": 0.25}, {""p_home_win"": 0.5138281456730861, ""weight"": 0.5}, {""p_home_win"": 1.0, ""weight"": 0.25}]",0.39820271304406685,,elo,"{'home_advantage': 1.8640018034663095, 'scale': 0.05839715929232243, 'error_term': 12.349786424580563, 'win_prob_k': 7.197298488959076}",1.0,8
2024-12-08,Los Angeles Clippers,Houston Rockets,106,117,False,False,2024-12-08|Houston Rockets|Los Angeles Clippers,,,,2024-12-08|Houston Rockets|Los Angeles Clippers,0.5391029166713237,"[{""p_home_win"": 0.07820583334264741, ""weight"": 0.25}, {""p_home_win"": 0.5391029166713237, ""weight"": 0.5}, {""p_home_win"": 1.0, ""weight"": 0.25}]",1.1280449802035626,,elo,"{'home_advantage': 1.8640018034663095, 'scale': 0.05839715929232243, 'error_term': 12.349786424580563, 'win_prob_k': 7.197298488959076}",0.0,-11
2024-12-08,Sacramento Kings,Utah Jazz,141,97,False,False,2024-12-08|Utah Jazz|Sacramento Kings,,,,2024-12-08|Utah Jazz|Sacramento Kings,0.7402848496592217,"[{""p_home_win"": 0.4805696993184434, ""weight"": 0.25}, {""p_home_win"": 0.7402848496592217, ""weight"": 0.5}, {""p_home_win"": 1.0, ""weight"": 0.25}]",7.538807346195477,,elo,"{'home_advantage': 1.8640018034663095, 'scale': 0.05839715929232243, 'error_term': 12.349786424580563, 'win_prob_k': 7.197298488959076}",1.0,44
2024-12-08,Los Angeles Lakers,Portland Trail Blazers,107,98,False,False,2024-12-08|Portland Trail Blazers|Los Angeles Lakers,,,,2024-12-08|Portland Trail Blazers|Los Angeles Lakers,0.6573919737263317,"[{""p_home_win"": 0.31478394745266347, ""weight"": 0.25}, {""p_home_win"": 0.6573919737263317, ""weight"": 0.5}, {""p_home_win"": 1.0, ""weight"": 0.25}]",4.690432202967669,,elo,"{'home_advantage': 1.8640018034663095, 'scale': 0.05839715929232243, 'error_term': 12.349786424580563, 'win_prob_k': 7.197298488959076}",1.0,9
2024-12-09,Toronto Raptors,New York Knicks,108,113,False,False,2024-12-09|New York Knicks|Toronto Raptors,,,,2024-12-09|New York Knicks|Toronto Raptors,0.3052685408588972,"[{""p_home_win"": 0.0, ""weight"": 0.25}, {""p_home_win"": 0.3052685408588972, ""weight"": 0.5}, {""p_home_win"": 0.6105370817177944, ""weight"": 0.25}]",-6.162679372953418,,elo,"{'home_advantage': 1.7752267447474428, 'scale': 0.05954777656712027, 'error_term': 12.381519822719682, 'win_prob_k': 7.4941360741051835}",0.0,-5
2024-12-10,Milwaukee Bucks,Orlando Magic,114,109,False,False,2024-12-10|Orlando Magic|Milwaukee Bucks,,,,2024-12-10|Orlando Magic|Milwaukee Bucks,0.45385946548449363,"[{""p_home_win"": 0.0, ""weight"": 0.25}, {""p_home_win"": 0.45385946548449363, ""weight"": 0.5}, {""p_home_win"": 0.9077189309689873, ""weight"": 0.25}]",-1.3808785077196233,,elo,"{'home_advantage': 1.785061244394552, 'scale': 0.059088377096517555, 'error_term': 12.360631731678321, 'win_prob_k': 7.4606299059975125}",1.0,5
2024-12-10,Oklahoma City Thunder,Dallas Mavericks,118,104,False,False,2024-12-10|Dallas Mavericks|Oklahoma City Thunder,,,,2024-12-10|Dallas Mavericks|Oklahoma City Thunder,0.6004202295715498,"[{""p_home_win"": 0.20084045914309967, ""weight"": 0.25}, {""p_home_win"": 0.6004202295715498, ""weight"": 0.5}, {""p_home_win"": 1.0, ""weight"": 0.25}]",3.038090641233489,,elo,"{'home_advantage': 1.785061244394552, 'scale': 0.059088377096517555, 'error_term': 12.360631731678321, 'win_prob_k': 7.4606299059975125}",1.0,14
2024-12-11,New York Knicks,Atlanta Hawks,100,108,False,False,2024-12-11|Atlanta Hawks|New York Knicks,,,,2024-12-11|Atlanta Hawks|New York Knicks,0.5936918297248033,"[{""p_home_win"": 0.18738365944960655, ""weight"": 0.25}, {""p_home_win"": 0.5936918297248033, ""weight"": 0.5}, {""p_home_win"": 1.0, ""weight"": 0.25}]",2.8239843468722308,,elo,"{'home_advantage': 1.7893984901451694, 'scale': 0.05949477774744628, 'error_term': 12.325183781746384, 'win_prob_k': 7.4462643535012845}",0.0,-8
2024-12-11,Houston Rockets,Golden State Warriors,91,90,False,False,2024-12-11|Golden State Warriors|Houston Rockets,,,,2024-12-11|Golden State Warriors|Houston Rockets,0.6509945759222954,"[{""p_home_win"": 0.30198915184459074, ""weight"": 0.25}, {""p_home_win"": 0.6509945759222954, ""weight"": 0.5}, {""p_home_win"": 1.0, ""weight"": 0.25}]",4.642104301969733,,elo,"{'home_advantage': 1.7893984901451694, 'scale': 0.05949477774744628, 'error_term': 12.325183781746384, 'win_prob_k': 7.4462643535012845}",1.0,1
2024-12-12,Boston Celtics,Detroit Pistons,123,99,False,False,2024-12-12|Detroit Pistons|Boston Celtics,,,,2024-12-12|Detroit Pistons|Boston Celtics,0.8691047671537431,"[{""p_home_win"": 0.7382095343074861, ""weight"": 0.25}, {""p_home_win"": 0.8691047671537431, ""weight"": 0.5}, {""p_home_win"": 1.0, ""weight"": 0.25}]",13.988547571307338,,elo,"{'home_advantage': 1.7394084157753011, 'scale': 0.05839880842545037, 'error_term': 12.379037024635677, 'win_prob_k': 7.389359078663514}",1.0,24
2024-12-12,Miami Heat,Toronto Raptors,114,104,False,False,2024-12-12|Toronto Raptors|Miami Heat,,,,2024-12-12|Toronto Raptors|Miami Heat,0.8045193424914922,"[{""p_home_win"": 0.6090386849829843, ""weight"": 0.25}, {""p_home_win"": 0.8045193424914922, ""weight"": 0.5}, {""p_home_win"": 1.0, ""weight"": 0.25}]",10.454343839944867,,elo,"{'home_advantage': 1.7394084157753011, 'scale': 0.05839880842545037, 'error_term': 12.379037024635677, 'win_prob_k': 7.389359078663514}",1.0,10
2024-12-12,New Orleans Pelicans,Sacramento Kings,109,111,False,False,2024-12-12|Sacramento Kings|New Orleans Pelicans,,,,2024-12-12|Sacramento Kings|New Orleans Pelicans,0.2653315813875873,"[{""p_home_win"": 0.0, ""weight"": 0.25}, {""p_home_win"": 0.2653315813875873, ""weight"": 0.5}, {""p_home_win"": 0.5306631627751746, ""weight"": 0.25}]",-7.525611263363075,,elo,"{'home_advantage': 1.7394084157753011, 'scale': 0.05839880842545037, 'error_term': 12.379037024635677, 'win_prob_k': 7.389359078663514}",0.0,-2
2024-12-13,Cleveland Cavaliers,Washington Wizards,115,105,False,False,2024-12-13|Washington Wizards|Cleveland Cavaliers,,,,2024-12-13|Washington Wizards|Cleveland Cavaliers,0.9404479156202921,"[{""p_home_win"": 0.8808958312405841, ""weight"": 0.25}, {""p_home_win"": 0.9404479156202921, ""weight"": 0.5}, {""p_home_win"": 1.0, ""weight"": 0.25}]",20.217966403416483,,elo,"{'home_advantage': 1.7714165557903612, 'scale': 0.05714370015549734, 'error_term': 12.347397298011629, 'win_prob_k': 7.326664246090601}",1.0,10
2024-12-13,Philadelphia 76ers,Indiana Pacers,107,121,False,False,2024-12-13|Indiana Pacers|Philadelphia 76ers,,,,2024-12-13|Indiana Pacers|Philadelphia 76ers,0.6481881431483331,"[{""p_home_win"": 0.2963762862966661, ""weight"": 0.25}, {""p_home_win"": 0.6481881431483331, ""weight"": 0.5}, {""p_home_win"": 1.0, ""weight"": 0.25}]",4.477210689717902,,elo,"{'home_advantage': 1.7714165557903612, 'scale': 0.05714370015549734, 'error_term': 12.347397298011629, 'win_prob_k': 7.326664246090601}",0.0,-14
2024-12-13,Chicago Bulls,Charlotte Hornets,109,95,False,False,2024-12-13|Charlotte Hornets|Chicago Bulls,,,,2024-12-13|Charlotte Hornets|Chicago Bulls,0.6930552804534129,"[{""p_home_win"": 0.38611056090682583, ""weight"": 0.25}, {""p_home_win"": 0.6930552804534129, ""weight"": 0.5}, {""p_home_win"": 1.0, ""weight"": 0.25}]",5.9671438221475395,,elo,"{'home_advantage': 1.7714165557903612, 'scale': 0.05714370015549734, 'error_term': 12.347397298011629, 'win_prob_k': 7.326664246090601}",1.0,14
2024-12-13,Memphis Grizzlies,Brooklyn Nets,135,119,False,False,2024-12-13|Brooklyn Nets|Memphis Grizzlies,,,,2024-12-13|Brooklyn Nets|Memphis Grizzlies,0.8149573814404705,"[{""p_home_win"": 0.629914762880941, ""weight"": 0.25}, {""p_home_win"": 0.8149573814404705, ""weight"": 0.5}, {""p_home_win"": 1.0, ""weight"": 0.25}]",10.862143513880033,,elo,"{'home_advantage': 1.7714165557903612, 'scale': 0.05714370015549734, 'error_term': 12.347397298011629, 'win_prob_k': 7.326664246090601}",1.0,16
2024-12-13,Minnesota Timberwolves,Los Angeles Lakers,97,87,False,False,2024-12-13|Los Angeles Lakers|Minnesota Timberwolves,,,,2024-12-13|Los Angeles Lakers|Minnesota Timberwolves,0.6227339584177084,"[{""p_home_win"": 0.2454679168354168, ""weight"": 0.25}, {""p_home_win"": 0.6227339584177084, ""weight"": 0.5}, {""p_home_win"": 1.0, ""weight"": 0.25}]",3.6718953478579817,,elo,"{'home_advantage': 1.7714165557903612, 'scale': 0.05714370015549734, 'error_term': 12.347397298011629, 'win_prob_k': 7.326664246090601}",1.0,10
2024-12-13,Denver Nuggets,Los Angeles Clippers,120,98,False,False,2024-12-13|Los Angeles Clippers|Denver Nuggets,,,,2024-12-13|Los Angeles Clippers|Denver Nuggets,0.5220463311000249,"[{""p_home_win"": 0.044092662200049704, ""weight"": 0.25}, {""p_home_win"": 0.5220463311000249, ""weight"": 0.5}, {""p_home_win"": 1.0, ""weight"": 0.25}]",0.6465234630538572,,elo,"{'home_advantage': 1.7714165557903612, 'scale': 0.05714370015549734, 'error_term': 12.347397298011629, 'win_prob_k': 7.326664246090601}",1.0,22
2024-12-13,Utah Jazz,Phoenix Suns,126,134,False,False,2024-12-13|Phoenix Suns|Utah Jazz,,,,2024-12-13|Phoenix Suns|Utah Jazz,0.3459071158311408,"[{""p_home_win"": 0.0, ""weight"": 0.25}, {""p_home_win"": 0.3459071158311408, ""weight"": 0.5}, {""p_home_win"": 0.6918142316622816, ""weight"": 0.25}]",-4.667664505884071,,elo,"{'home_advantage': 1.7714165557903612, 'scale': 0.05714370015549734, 'error_term': 12.347397298011629, 'win_prob_k': 7.326664246090601}",0.0,-8
2024-12-13,Portland Trail Blazers,San Antonio Spurs,116,118,False,False,2024-12-13|San Antonio Spurs|Portland Trail Blazers,,,,2024-12-13|San Antonio Spurs|Portland Trail Blazers,0.4047803817949106,"[{""p_home_win"": 0.0, ""weight"": 0.25}, {""p_home_win"": 0.4047803817949106, ""weight"": 0.5}, {""p_home_win"": 0.8095607635898212, ""weight"": 0.25}]",-2.825057627374082,,elo,"{'home_advantage': 1.7714165557903612, 'scale': 0.05714370015549734, 'error_term': 12.347397298011629, 'win_prob_k': 7.326664246090601}",0.0,-2
2024-12-14,Milwaukee Bucks,Atlanta Hawks,110,102,False,False,2024-12-14|Atlanta Hawks|Milwaukee Bucks,,,,2024-12-14|Atlanta Hawks|Milwaukee Bucks,0.5684230242447604,"[{""p_home_win"": 0.13684604848952087, ""weight"": 0.25}, {""p_home_win"": 0.5684230242447604, ""weight"": 0.5}, {""p_home_win"": 1.0, ""weight"": 0.25}]",1.9854240361227398,,elo,"{'home_advantage': 1.806846218654252, 'scale': 0.05536451368746632, 'error_term': 12.279785015701966, 'win_prob_k': 7.2087136551711275}",1.0,8
2024-12-14,Oklahoma City Thunder,Houston Rockets,111,96,False,False,2024-12-14|Houston Rockets|Oklahoma City Thunder,,,,2024-12-14|Houston Rockets|Oklahoma City Thunder,0.6611079532875751,"[{""p_home_win"": 0.3222159065751502, ""weight"": 0.25}, {""p_home_win"": 0.6611079532875751, ""weight"": 0.5}, {""p_home_win"": 1.0, ""weight"": 0.25}]",4.817118620709454,,elo,"{'home_advantage': 1.806846218654252, 'scale': 0.05536451368746632, 'error_term': 12.279785015701966, 'win_prob_k': 7.2087136551711275}",1.0,15
2024-12-15,Indiana Pacers,New Orleans Pelicans,119,104,False,False,2024-12-15|New Orleans Pelicans|Indiana Pacers,,,,2024-12-15|New Orleans Pelicans|Indiana Pacers,0.7490425024614037,"[{""p_home_win"": 0.4980850049228074, ""weight"": 0.25}, {""p_home_win"": 0.7490425024614037, ""weight"": 0.5}, {""p_home_win"": 1.0, ""weight"": 0.25}]",7.877595403250751,,elo,"{'home_advantage': 1.8352945839728012, 'scale': 0.055489246399711936, 'error_term': 12.232739818265744, 'win_prob_k': 7.2039396266333195}",1.0,15
2024-12-15,Orlando Magic,New York Knicks,91,100,False,False,2024-12-15|New York Knicks|Orlando Magic,,,,2024-12-15|New York Knicks|Orlando Magic,0.6286976807537693,"[{""p_home_win"": 0.2573953615075386, ""weight"": 0.25}, {""p_home_win"": 0.6286976807537693, ""weight"": 0.5}, {""p_home_win"": 1.0, ""weight"": 0.25}]",3.79383881356657,,elo,"{'home_advantage': 1.8352945839728012, 'scale': 0.055489246399711936, 'error_term': 12.232739818265744, 'win_prob_k': 7.2039396266333195}",0.0,-9
2024-12-15,Washington Wizards,Boston Celtics,98,112,False,False,2024-12-15|Boston Celtics|Washington Wizards,,,,2024-12-15|Boston Celtics|Washington Wizards,0.08302482561523981,"[{""p_home_win"": 0.0, ""weight"": 0.25}, {""p_home_win"": 0.08302482561523981, ""weight"": 0.5}, {""p_home_win"": 0.16604965123047963, ""weight"": 0.25}]",-17.30343602276792,,elo,"{'home_advantage': 1.8352945839728012, 'scale': 0.055489246399711936, 'error_term': 12.232739818265744, 'win_prob_k': 7.2039396266333195}",0.0,-14
2024-12-15,San Antonio Spurs,Minnesota Timberwolves,92,106,False,False,2024-12-15|Minnesota Timberwolves|San Antonio Spurs,,,,2024-12-15|Minnesota Timberwolves|San Antonio Spurs,0.4898910713946718,"[{""p_home_win"": 0.0, ""weight"": 0.25}, {""p_home_win"": 0.4898910713946718, ""weight"": 0.5}, {""p_home_win"": 0.9797821427893436, ""weight"": 0.25}]",-0.2913361454697092,,elo,"{'home_advantage': 1.8352945839728012, 'scale': 0.055489246399711936, 'error_term': 12.232739818265744, 'win_prob_k': 7.2039396266333195}",0.0,-14
2024-12-15,Phoenix Suns,Portland Trail Blazers,116,109,False,False,2024-12-15|Portland Trail Blazers|Phoenix Suns,,,,2024-12-15|Portland Trail Blazers|Phoenix Suns,0.7350275780593933,"[{""p_home_win"": 0.4700551561187867, ""weight"": 0.25}, {""p_home_win"": 0.7350275780593933, ""weight"": 0.5}, {""p_home_win"": 1.0, ""weight"": 0.25}]",7.350051855437327,,elo,"{'home_advantage': 1.8352945839728012, 'scale': 0.055489246399711936, 'error_term': 12.232739818265744, 'win_prob_k': 7.2039396266333195}",1.0,7
2024-12-15,Golden State Warriors,Dallas Mavericks,133,143,False,False,2024-12-15|Dallas Mavericks|Golden State Warriors,,,,2024-12-15|Dallas Mavericks|Golden State Warriors,0.41421622798220287,"[{""p_home_win"": 0.0, ""weight"": 0.25}, {""p_home_win"": 0.41421622798220287, ""weight"": 0.5}, {""p_home_win"": 0.8284324559644057, ""weight"": 0.25}]",-2.4966160793878798,,elo,"{'home_advantage': 1.8352945839728012, 'scale': 0.055489246399711936, 'error_term': 12.232739818265744, 'win_prob_k': 7.2039396266333195}",0.0,-10
2024-12-15,Los Angeles Lakers,Memphis Grizzlies,116,110,False,False,2024-12-15|Memphis Grizzlies|Los Angeles Lakers,,,,2024-12-15|Memphis Grizzlies|Los Angeles Lakers,0.27324371556884985,"[{""p_home_win"": 0.0, ""weight"": 0.25}, {""p_home_win"": 0.27324371556884985, ""weight"": 0.5}, {""p_home_win"": 0.5464874311376997, ""weight"": 0.25}]",-7.047088672378634,,elo,"{'home_advantage': 1.8352945839728012, 'scale': 0.055489246399711936, 'error_term': 12.232739818265744, 'win_prob_k': 7.2039396266333195}",1.0,6
2024-12-16,Charlotte Hornets,Philadelphia 76ers,108,121,False,False,2024-12-16|Philadelphia 76ers|Charlotte Hornets,,,,2024-12-16|Philadelphia 76ers|Charlotte Hornets,0.42644322272744484,"[{""p_home_win"": 0.0, ""weight"": 0.25}, {""p_home_win"": 0.42644322272744484, ""weight"": 0.5}, {""p_home_win"": 0.8528864454548897, ""weight"": 0.25}]",-2.1071353457271,,elo,"{'home_advantage': 1.8389356444919602, 'scale': 0.05479950918046856, 'error_term': 12.175466862328623, 'win_prob_k': 7.109628541925286}",0.0,-13
2024-12-16,Detroit Pistons,Miami Heat,125,124,False,False,2024-12-16|Miami Heat|Detroit Pistons,,,,2024-12-16|Miami Heat|Detroit Pistons,0.32610734627744586,"[{""p_home_win"": 0.0, ""weight"": 0.25}, {""p_home_win"": 0.32610734627744586, ""weight"": 0.5}, {""p_home_win"": 0.6522146925548917, ""weight"": 0.25}]",-5.160482787266991,,elo,"{'home_advantage': 1.8389356444919602, 'scale': 0.05479950918046856, 'error_term': 12.175466862328623, 'win_prob_k': 7.109628541925286}",1.0,1
2024-12-16,Brooklyn Nets,Cleveland Cavaliers,101,130,False,False,2024-12-16|Cleveland Cavaliers|Brooklyn Nets,,,,2024-12-16|Cleveland Cavaliers|Brooklyn Nets,0.21446821908228247,"[{""p_home_win"": 0.0, ""weight"": 0.25}, {""p_home_win"": 0.21446821908228247, ""weight"": 0.5}, {""p_home_win"": 0.42893643816456495, ""weight"": 0.25}]",-9.229715164296678,,elo,"{'home_advantage': 1.8389356444919602, 'scale': 0.05479950918046856, 'error_term': 12.175466862328623, 'win_prob_k': 7.109628541925286}",0.0,-29
2024-12-16,Toronto Raptors,Chicago Bulls,121,122,False,False,2024-12-16|Chicago Bulls|Toronto Raptors,,,,2024-12-16|Chicago Bulls|Toronto Raptors,0.4210415536929217,"[{""p_home_win"": 0.0, ""weight"": 0.25}, {""p_home_win"": 0.4210415536929217, ""weight"": 0.5}, {""p_home_win"": 0.8420831073858434, ""weight"": 0.25}]",-2.264410830785537,,elo,"{'home_advantage': 1.8389356444919602, 'scale': 0.05479950918046856, 'error_term': 12.175466862328623, 'win_prob_k': 7.109628541925286}",0.0,-1
2024-12-16,Sacramento Kings,Denver Nuggets,129,130,False,False,2024-12-16|Denver Nuggets|Sacramento Kings,,,,2024-12-16|Denver Nuggets|Sacramento Kings,0.4935500526897646,"[{""p_home_win"": 0.0, ""weight"": 0.25}, {""p_home_win"": 0.4935500526897646, ""weight"": 0.5}, {""p_home_win"": 0.9871001053795292, ""weight"": 0.25}]",-0.18343709350395287,,elo,"{'home_advantage': 1.8389356444919602, 'scale': 0.05479950918046856, 'error_term': 12.175466862328623, 'win_prob_k': 7.109628541925286}",0.0,-1
2024-12-16,Los Angeles Clippers,Utah Jazz,144,107,False,False,2024-12-16|Utah Jazz|Los Angeles Clippers,,,,2024-12-16|Utah Jazz|Los Angeles Clippers,0.8229510584762458,"[{""p_home_win"": 0.6459021169524917, ""weight"": 0.25}, {""p_home_win"": 0.8229510584762458, ""weight"": 0.5}, {""p_home_win"": 1.0, ""weight"": 0.25}]",10.923734744932824,,elo,"{'home_advantage': 1.8389356444919602, 'scale': 0.05479950918046856, 'error_term': 12.175466862328623, 'win_prob_k': 7.109628541925286}",1.0,37
2024-12-17,Oklahoma City Thunder,Milwaukee Bucks,81,97,False,False,2024-12-17|Milwaukee Bucks|Oklahoma City Thunder,,,,2024-12-17|Milwaukee Bucks|Oklahoma City Thunder,0.7233407559815038,"[{""p_home_win"": 0.44668151196300765, ""weight"": 0.25}, {""p_home_win"": 0.7233407559815038, ""weight"": 0.5}, {""p_home_win"": 1.0, ""weight"": 0.25}]",6.791563756555005,,elo,"{'home_advantage': 1.8606796988780734, 'scale': 0.05451922078299451, 'error_term': 12.24646521987819, 'win_prob_k': 7.06649392363277}",0.0,-16
2024-12-19,Detroit Pistons,Utah Jazz,119,126,False,False,2024-12-19|Utah Jazz|Detroit Pistons,,,,2024-12-19|Utah Jazz|Detroit Pistons,0.7670640288926399,"[{""p_home_win"": 0.5341280577852798, ""weight"": 0.25}, {""p_home_win"": 0.7670640288926399, ""weight"": 0.5}, {""p_home_win"": 1.0, ""weight"": 0.25}]",8.444976834946672,,elo,"{'home_advantage': 1.8025334949785166, 'scale': 0.05427068369462126, 'error_term': 12.319752537542985, 'win_prob_k': 7.085861399431668}",0.0,-7
2024-12-19,Orlando Magic,Oklahoma City Thunder,99,105,False,False,2024-12-19|Oklahoma City Thunder|Orlando Magic,,,,2024-12-19|Oklahoma City Thunder|Orlando Magic,0.37532136694816703,"[{""p_home_win"": 0.0, ""weight"": 0.25}, {""p_home_win"": 0.37532136694816703, ""weight"": 0.5}, {""p_home_win"": 0.7506427338963341, ""weight"": 0.25}]",-3.609925343019226,,elo,"{'home_advantage': 1.8025334949785166, 'scale': 0.05427068369462126, 'error_term': 12.319752537542985, 'win_prob_k': 7.085861399431668}",0.0,-6
2024-12-19,Washington Wizards,Charlotte Hornets,123,114,False,False,2024-12-19|Charlotte Hornets|Washington Wizards,,,,2024-12-19|Charlotte Hornets|Washington Wizards,0.5058838637688458,"[{""p_home_win"": 0.011767727537691508, ""weight"": 0.25}, {""p_home_win"": 0.5058838637688458, ""weight"": 0.5}, {""p_home_win"": 1.0, ""weight"": 0.25}]",0.16677667129944695,,elo,"{'home_advantage': 1.8025334949785166, 'scale': 0.05427068369462126, 'error_term': 12.319752537542985, 'win_prob_k': 7.085861399431668}",1.0,9
2024-12-19,Boston Celtics,Chicago Bulls,108,117,False,False,2024-12-19|Chicago Bulls|Boston Celtics,,,,2024-12-19|Chicago Bulls|Boston Celtics,0.8444486483994084,"[{""p_home_win"": 0.6888972967988167, ""weight"": 0.25}, {""p_home_win"": 0.8444486483994084, ""weight"": 0.5}, {""p_home_win"": 1.0, ""weight"": 0.25}]",11.987208521296438,,elo,"{'home_advantage': 1.8025334949785166, 'scale': 0.05427068369462126, 'error_term': 12.319752537542985, 'win_prob_k': 7.085861399431668}",0.0,-9
2024-12-19,Toronto Raptors,Brooklyn Nets,94,101,False,False,2024-12-19|Brooklyn Nets|Toronto Raptors,,,,2024-12-19|Brooklyn Nets|Toronto Raptors,0.4367840656954209,"[{""p_home_win"": 0.0, ""weight"": 0.25}, {""p_home_win"": 0.4367840656954209, ""weight"": 0.5}, {""p_home_win"": 0.8735681313908418, ""weight"": 0.25}]",-1.8013971108279259,,elo,"{'home_advantage': 1.8025334949785166, 'scale': 0.05427068369462126, 'error_term': 12.319752537542985, 'win_prob_k': 7.085861399431668}",0.0,-7
2024-12-19,Houston Rockets,New Orleans Pelicans,133,113,False,False,2024-12-19|New Orleans Pelicans|Houston Rockets,,,,2024-12-19|New Orleans Pelicans|Houston Rockets,0.9181701781025886,"[{""p_home_win"": 0.8363403562051772, ""weight"": 0.25}, {""p_home_win"": 0.9181701781025886, ""weight"": 0.5}, {""p_home_win"": 1.0, ""weight"": 0.25}]",17.131777658280882,,elo,"{'home_advantage': 1.8025334949785166, 'scale': 0.05427068369462126, 'error_term': 12.319752537542985, 'win_prob_k': 7.085861399431668}",1.0,20
2024-12-19,Memphis Grizzlies,Golden State Warriors,144,93,False,False,2024-12-19|Golden State Warriors|Memphis Grizzlies,,,,2024-12-19|Golden State Warriors|Memphis Grizzlies,0.7277524045580473,"[{""p_home_win"": 0.4555048091160947, ""weight"": 0.25}, {""p_home_win"": 0.7277524045580473, ""weight"": 0.5}, {""p_home_win"": 1.0, ""weight"": 0.25}]",6.967165831247977,,elo,"{'home_advantage': 1.8025334949785166, 'scale': 0.05427068369462126, 'error_term': 12.319752537542985, 'win_prob_k': 7.085861399431668}",1.0,51
2024-12-19,San Antonio Spurs,Atlanta Hawks,133,126,False,False,2024-12-19|Atlanta Hawks|San Antonio Spurs,,,,2024-12-19|Atlanta Hawks|San Antonio Spurs,0.45079144798518855,"[{""p_home_win"": 0.0, ""weight"": 0.25}, {""p_home_win"": 0.45079144798518855, ""weight"": 0.5}, {""p_home_win"": 0.9015828959703771, ""weight"": 0.25}]",-1.3992693855632534,,elo,"{'home_advantage': 1.8025334949785166, 'scale': 0.05427068369462126, 'error_term': 12.319752537542985, 'win_prob_k': 7.085861399431668}",1.0,7
2024-12-19,Dallas Mavericks,Los Angeles Clippers,95,118,False,False,2024-12-19|Los Angeles Clippers|Dallas Mavericks,,,,2024-12-19|Los Angeles Clippers|Dallas Mavericks,0.7192354872165875,"[{""p_home_win"": 0.43847097443317495, ""weight"": 0.25}, {""p_home_win"": 0.7192354872165875, ""weight"": 0.5}, {""p_home_win"": 1.0, ""weight"": 0.25}]",6.665475236279328,,elo,"{'home_advantage': 1.8025334949785166, 'scale': 0.05427068369462126, 'error_term': 12.319752537542985, 'win_prob_k': 7.085861399431668}",0.0,-23
2024-12-19,Phoenix Suns,Indiana Pacers,111,120,False,False,2024-12-19|Indiana Pacers|Phoenix Suns,,,,2024-12-19|Indiana Pacers|Phoenix Suns,0.6743978096870524,"[{""p_home_win"": 0.34879561937410486, ""weight"": 0.25}, {""p_home_win"": 0.6743978096870524, ""weight"": 0.5}, {""p_home_win"": 1.0, ""weight"": 0.25}]",5.159526029898282,,elo,"{'home_advantage': 1.8025334949785166, 'scale': 0.05427068369462126, 'error_term': 12.319752537542985, 'win_prob_k': 7.085861399431668}",0.0,-9
2024-12-19,Minnesota Timberwolves,New York Knicks,107,133,False,False,2024-12-19|New York Knicks|Minnesota Timberwolves,,,,2024-12-19|New York Knicks|Minnesota Timberwolves,0.5589272905993059,"[{""p_home_win"": 0.11785458119861181, ""weight"": 0.25}, {""p_home_win"": 0.5589272905993059, ""weight"": 0.5}, {""p_home_win"": 1.0, ""weight"": 0.25}]",1.6780004176806176,,elo,"{'home_advantage': 1.8025334949785166, 'scale': 0.05427068369462126, 'error_term': 12.319752537542985, 'win_prob_k': 7.085861399431668}",0.0,-26
2024-12-19,Portland Trail Blazers,Denver Nuggets,126,124,False,False,2024-12-19|Denver Nuggets|Portland Trail Blazers,,,,2024-12-19|Denver Nuggets|Portland Trail Blazers,0.24534920521809328,"[{""p_home_win"": 0.0, ""weight"": 0.25}, {""p_home_win"": 0.24534920521809328, ""weight"": 0.5}, {""p_home_win"": 0.49069841043618656, ""weight"": 0.25}]",-7.961479684860859,,elo,"{'home_advantage': 1.8025334949785166, 'scale': 0.05427068369462126, 'error_term': 12.319752537542985, 'win_prob_k': 7.085861399431668}",1.0,2
2024-12-19,Sacramento Kings,Los Angeles Lakers,100,113,False,False,2024-12-19|Los Angeles Lakers|Sacramento Kings,,,,2024-12-19|Los Angeles Lakers|Sacramento Kings,0.5328640097333647,"[{""p_home_win"": 0.06572801946672935, ""weight"": 0.25}, {""p_home_win"": 0.5328640097333647, ""weight"": 0.5}, {""p_home_win"": 1.0, ""weight"": 0.25}]",0.9328241434970144,,elo,"{'home_advantage': 1.8025334949785166, 'scale': 0.05427068369462126, 'error_term': 12.319752537542985, 'win_prob_k': 7.085861399431668}",0.0,-13
2024-12-20,Philadelphia 76ers,Charlotte Hornets,108,98,False,False,2024-12-20|Charlotte Hornets|Philadelphia 76ers,,,,2024-12-20|Charlotte Hornets|Philadelphia 76ers,0.7648017122916332,"[{""p_home_win"": 0.5296034245832664, ""weight"": 0.25}, {""p_home_win"": 0.7648017122916332, ""weight"": 0.5}, {""p_home_win"": 1.0, ""weight"": 0.25}]",8.43892545838872,,elo,"{'home_advantage': 1.650545288151251, 'scale': 0.0540621304072491, 'error_term': 12.706154130601524, 'win_prob_k': 7.156558460169247}",1.0,10
2024-12-20,Cleveland Cavaliers,Milwaukee Bucks,124,101,False,False,2024-12-20|Milwaukee Bucks|Cleveland Cavaliers,,,,2024-12-20|Milwaukee Bucks|Cleveland Cavaliers,0.6464911822602072,"[{""p_home_win"": 0.2929823645204144, ""weight"": 0.25}, {""p_home_win"": 0.6464911822602072, ""weight"": 0.5}, {""p_home_win"": 1.0, ""weight"": 0.25}]",4.32006459993778,,elo,"{'home_advantage': 1.650545288151251, 'scale': 0.0540621304072491, 'error_term': 12.706154130601524, 'win_prob_k': 7.156558460169247}",1.0,23
2024-12-20,Miami Heat,Oklahoma City Thunder,97,104,False,False,2024-12-20|Oklahoma City Thunder|Miami Heat,,,,2024-12-20|Oklahoma City Thunder|Miami Heat,0.3188933936148077,"[{""p_home_win"": 0.0, ""weight"": 0.25}, {""p_home_win"": 0.3188933936148077, ""weight"": 0.5}, {""p_home_win"": 0.6377867872296153, ""weight"": 0.25}]",-5.430840124115999,,elo,"{'home_advantage': 1.650545288151251, 'scale': 0.0540621304072491, 'error_term': 12.706154130601524, 'win_prob_k': 7.156558460169247}",0.0,-7
2024-12-21,Sacramento Kings,Los Angeles Lakers,99,103,False,False,2024-12-21|Los Angeles Lakers|Sacramento Kings,,,,2024-12-21|Los Angeles Lakers|Sacramento Kings,0.45795690794433475,"[{""p_home_win"": 0.0, ""weight"": 0.25}, {""p_home_win"": 0.45795690794433475, ""weight"": 0.5}, {""p_home_win"": 0.9159138158886695, ""weight"": 0.25}]",-1.187429985022014,,elo,"{'home_advantage': 1.6952899602348936, 'scale': 0.053204665140872576, 'error_term': 12.694407586725857, 'win_prob_k': 7.044118675026503}",0.0,-4
2024-12-21,Orlando Magic,Miami Heat,121,114,False,False,2024-12-21|Miami Heat|Orlando Magic,,,,2024-12-21|Miami Heat|Orlando Magic,0.5879988291252075,"[{""p_home_win"": 0.17599765825041502, ""weight"": 0.25}, {""p_home_win"": 0.5879988291252075, ""weight"": 0.5}, {""p_home_win"": 1.0, ""weight"": 0.25}]",2.5055843156040054,,elo,"{'home_advantage': 1.6952899602348936, 'scale': 0.053204665140872576, 'error_term': 12.694407586725857, 'win_prob_k': 7.044118675026503}",1.0,7
2024-12-21,Atlanta Hawks,Memphis Grizzlies,112,128,False,False,2024-12-21|Memphis Grizzlies|Atlanta Hawks,,,,2024-12-21|Memphis Grizzlies|Atlanta Hawks,0.3791259632457766,"[{""p_home_win"": 0.0, ""weight"": 0.25}, {""p_home_win"": 0.3791259632457766, ""weight"": 0.5}, {""p_home_win"": 0.7582519264915532, ""weight"": 0.25}]",-3.4745799720454484,,elo,"{'home_advantage': 1.6952899602348936, 'scale': 0.053204665140872576, 'error_term': 12.694407586725857, 'win_prob_k': 7.044118675026503}",0.0,-16
2024-12-21,Brooklyn Nets,Utah Jazz,94,105,False,False,2024-12-21|Utah Jazz|Brooklyn Nets,,,,2024-12-21|Utah Jazz|Brooklyn Nets,0.7153728671262185,"[{""p_home_win"": 0.430745734252437, ""weight"": 0.25}, {""p_home_win"": 0.7153728671262185, ""weight"": 0.5}, {""p_home_win"": 1.0, ""weight"": 0.25}]",6.49202799336752,,elo,"{'home_advantage': 1.6952899602348936, 'scale': 0.053204665140872576, 'error_term': 12.694407586725857, 'win_prob_k': 7.044118675026503}",0.0,-11
2024-12-21,Chicago Bulls,Boston Celtics,98,123,False,False,2024-12-21|Boston Celtics|Chicago Bulls,,,,2024-12-21|Boston Celtics|Chicago Bulls,0.32614436346535514,"[{""p_home_win"": 0.0, ""weight"": 0.25}, {""p_home_win"": 0.32614436346535514, ""weight"": 0.5}, {""p_home_win"": 0.6522887269307103, ""weight"": 0.25}]",-5.111746333577868,,elo,"{'home_advantage': 1.6952899602348936, 'scale': 0.053204665140872576, 'error_term': 12.694407586725857, 'win_prob_k': 7.044118675026503}",0.0,-25
2024-12-21,Cleveland Cavaliers,Philadelphia 76ers,126,99,False,False,2024-12-21|Philadelphia 76ers|Cleveland Cavaliers,,,,2024-12-21|Philadelphia 76ers|Cleveland Cavaliers,0.8685161433206458,"[{""p_home_win"": 0.7370322866412915, ""weight"": 0.25}, {""p_home_win"": 0.8685161433206458, ""weight"": 0.5}, {""p_home_win"": 1.0, ""weight"": 0.25}]",13.298606382243126,,elo,"{'home_advantage': 1.6952899602348936, 'scale': 0.053204665140872576, 'error_term': 12.694407586725857, 'win_prob_k': 7.044118675026503}",1.0,27
2024-12-21,Milwaukee Bucks,Washington Wizards,112,101,False,False,2024-12-21|Washington Wizards|Milwaukee Bucks,,,,2024-12-21|Washington Wizards|Milwaukee Bucks,0.900428443424996,"[{""p_home_win"": 0.8008568868499919, ""weight"": 0.25}, {""p_home_win"": 0.900428443424996, ""weight"": 0.5}, {""p_home_win"": 1.0, ""weight"": 0.25}]",15.511108121708096,,elo,"{'home_advantage': 1.6952899602348936, 'scale': 0.053204665140872576, 'error_term': 12.694407586725857, 'win_prob_k': 7.044118675026503}",1.0,11
2024-12-21,Minnesota Timberwolves,Golden State Warriors,103,113,False,False,2024-12-21|Golden State Warriors|Minnesota Timberwolves,,,,2024-12-21|Golden State Warriors|Minnesota Timberwolves,0.6424700500966137,"[{""p_home_win"": 0.28494010019322746, ""weight"": 0.25}, {""p_home_win"": 0.6424700500966137, ""weight"": 0.5}, {""p_home_win"": 1.0, ""weight"": 0.25}]",4.128565467764959,,elo,"{'home_advantage': 1.6952899602348936, 'scale': 0.053204665140872576, 'error_term': 12.694407586725857, 'win_prob_k': 7.044118675026503}",0.0,-10
2024-12-21,New Orleans Pelicans,New York Knicks,93,104,False,False,2024-12-21|New York Knicks|New Orleans Pelicans,,,,2024-12-21|New York Knicks|New Orleans Pelicans,0.13219217942201125,"[{""p_home_win"": 0.0, ""weight"": 0.25}, {""p_home_win"": 0.13219217942201125, ""weight"": 0.5}, {""p_home_win"": 0.2643843588440225, ""weight"": 0.25}]",-13.25501332464025,,elo,"{'home_advantage': 1.6952899602348936, 'scale': 0.053204665140872576, 'error_term': 12.694407586725857, 'win_prob_k': 7.044118675026503}",0.0,-11
2024-12-21,Dallas Mavericks,Los Angeles Clippers,113,97,False,False,2024-12-21|Los Angeles Clippers|Dallas Mavericks,,,,2024-12-21|Los Angeles Clippers|Dallas Mavericks,0.6316038303899904,"[{""p_home_win"": 0.2632076607799807, ""weight"": 0.25}, {""p_home_win"": 0.6316038303899904, ""weight"": 0.5}, {""p_home_win"": 1.0, ""weight"": 0.25}]",3.7975086093691126,,elo,"{'home_advantage': 1.6952899602348936, 'scale': 0.053204665140872576, 'error_term': 12.694407586725857, 'win_prob_k': 7.044118675026503}",1.0,16
2024-12-21,San Antonio Spurs,Portland Trail Blazers,114,94,False,False,2024-12-21|Portland Trail Blazers|San Antonio Spurs,,,,2024-12-21|Portland Trail Blazers|San Antonio Spurs,0.7329493413343267,"[{""p_home_win"": 0.4658986826686533, ""weight"": 0.25}, {""p_home_win"": 0.7329493413343267, ""weight"": 0.5}, {""p_home_win"": 1.0, ""weight"": 0.25}]",7.1120114042589275,,elo,"{'home_advantage': 1.6952899602348936, 'scale': 0.053204665140872576, 'error_term': 12.694407586725857, 'win_prob_k': 7.044118675026503}",1.0,20
2024-12-21,Phoenix Suns,Detroit Pistons,125,133,False,False,2024-12-21|Detroit Pistons|Phoenix Suns,,,,2024-12-21|Detroit Pistons|Phoenix Suns,0.6438773953826296,"[{""p_home_win"": 0.2877547907652591, ""weight"": 0.25}, {""p_home_win"": 0.6438773953826296, ""weight"": 0.5}, {""p_home_win"": 1.0, ""weight"": 0.25}]",4.171761377901861,,elo,"{'home_advantage': 1.6952899602348936, 'scale': 0.053204665140872576, 'error_term': 12.694407586725857, 'win_prob_k': 7.044118675026503}",0.0,-8
2024-12-22,Sacramento Kings,Indiana Pacers,95,122,False,False,2024-12-22|Indiana Pacers|Sacramento Kings,,,,2024-12-22|Indiana Pacers|Sacramento Kings,0.5239215280798845,"[{""p_home_win"": 0.047843056159768915, ""weight"": 0.25}, {""p_home_win"": 0.5239215280798845, ""weight"": 0.5}, {""p_home_win"": 1.0, ""weight"": 0.25}]",0.6712064841541099,,elo,"{'home_advantage': 1.6417019634678585, 'scale': 0.052024494305246465, 'error_term': 12.650943534930578, 'win_prob_k': 7.009314452973081}",0.0,-27
2024-12-22,Toronto Raptors,Houston Rockets,110,114,False,False,2024-12-22|Houston Rockets|Toronto Raptors,,,,2024-12-22|Houston Rockets|Toronto Raptors,0.1776046623219762,"[{""p_home_win"": 0.0, ""weight"": 0.25}, {""p_home_win"": 0.1776046623219762, ""weight"": 0.5}, {""p_home_win"": 0.3552093246439524, ""weight"": 0.25}]",-10.742903904592776,,elo,"{'home_advantage': 1.6417019634678585, 'scale': 0.052024494305246465, 'error_term': 12.650943534930578, 'win_prob_k': 7.009314452973081}",0.0,-4
2024-12-22,New Orleans Pelicans,Denver Nuggets,129,132,False,False,2024-12-22|Denver Nuggets|New Orleans Pelicans,,,,2024-12-22|Denver Nuggets|New Orleans Pelicans,0.18209503312660594,"[{""p_home_win"": 0.0, ""weight"": 0.25}, {""p_home_win"": 0.18209503312660594, ""weight"": 0.5}, {""p_home_win"": 0.3641900662532119, ""weight"": 0.25}]",-10.529514424930984,,elo,"{'home_advantage': 1.6417019634678585, 'scale': 0.052024494305246465, 'error_term': 12.650943534930578, 'win_prob_k': 7.009314452973081}",0.0,-3
2024-12-23,Charlotte Hornets,Houston Rockets,101,114,False,False,2024-12-23|Houston Rockets|Charlotte Hornets,,,,2024-12-23|Houston Rockets|Charlotte Hornets,0.12627031395303123,"[{""p_home_win"": 0.0, ""weight"": 0.25}, {""p_home_win"": 0.12627031395303123, ""weight"": 0.5}, {""p_home_win"": 0.25254062790606246, ""weight"": 0.25}]",-13.310751474903208,,elo,"{'home_advantage': 1.6389710247598097, 'scale': 0.05065854300413646, 'error_term': 12.717649581752532, 'win_prob_k': 6.881266785256887}",0.0,-13
2024-12-23,Cleveland Cavaliers,Utah Jazz,124,113,False,False,2024-12-23|Utah Jazz|Cleveland Cavaliers,,,,2024-12-23|Utah Jazz|Cleveland Cavaliers,0.9181030307694744,"[{""p_home_win"": 0.8362060615389488, ""weight"": 0.25}, {""p_home_win"": 0.9181030307694744, ""weight"": 0.5}, {""p_home_win"": 1.0, ""weight"": 0.25}]",16.630973347731356,,elo,"{'home_advantage': 1.6389710247598097, 'scale': 0.05065854300413646, 'error_term': 12.717649581752532, 'win_prob_k': 6.881266785256887}",1.0,11
2024-12-23,Orlando Magic,Boston Celtics,108,104,False,False,2024-12-23|Boston Celtics|Orlando Magic,,,,2024-12-23|Boston Celtics|Orlando Magic,0.3887373629302209,"[{""p_home_win"": 0.0, ""weight"": 0.25}, {""p_home_win"": 0.3887373629302209, ""weight"": 0.5}, {""p_home_win"": 0.7774747258604418, ""weight"": 0.25}]",-3.1146179555903517,,elo,"{'home_advantage': 1.6389710247598097, 'scale': 0.05065854300413646, 'error_term': 12.717649581752532, 'win_prob_k': 6.881266785256887}",1.0,4
2024-12-23,Philadelphia 76ers,San Antonio Spurs,111,106,False,False,2024-12-23|San Antonio Spurs|Philadelphia 76ers,,,,2024-12-23|San Antonio Spurs|Philadelphia 76ers,0.42912099651266533,"[{""p_home_win"": 0.0, ""weight"": 0.25}, {""p_home_win"": 0.42912099651266533, ""weight"": 0.5}, {""p_home_win"": 0.8582419930253307, ""weight"": 0.25}]",-1.9641775201006142,,elo,"{'home_advantage': 1.6389710247598097, 'scale': 0.05065854300413646, 'error_term': 12.717649581752532, 'win_prob_k': 6.881266785256887}",1.0,5
2024-12-23,Atlanta Hawks,Minnesota Timberwolves,117,104,False,False,2024-12-23|Minnesota Timberwolves|Atlanta Hawks,,,,2024-12-23|Minnesota Timberwolves|Atlanta Hawks,0.5403895365478948,"[{""p_home_win"": 0.08077907309578958, ""weight"": 0.25}, {""p_home_win"": 0.5403895365478948, ""weight"": 0.5}, {""p_home_win"": 1.0, ""weight"": 0.25}]",1.1141523139353204,,elo,"{'home_advantage': 1.6389710247598097, 'scale': 0.05065854300413646, 'error_term': 12.717649581752532, 'win_prob_k': 6.881266785256887}",1.0,13
2024-12-23,Miami Heat,Brooklyn Nets,110,95,False,False,2024-12-23|Brooklyn Nets|Miami Heat,,,,2024-12-23|Brooklyn Nets|Miami Heat,0.683577469690796,"[{""p_home_win"": 0.36715493938159205, ""weight"": 0.25}, {""p_home_win"": 0.683577469690796, ""weight"": 0.5}, {""p_home_win"": 1.0, ""weight"": 0.25}]",5.300375224846234,,elo,"{'home_advantage': 1.6389710247598097, 'scale': 0.05065854300413646, 'error_term': 12.717649581752532, 'win_prob_k': 6.881266785256887}",1.0,15
2024-12-23,New York Knicks,Toronto Raptors,139,125,False,False,2024-12-23|Toronto Raptors|New York Knicks,,,,2024-12-23|Toronto Raptors|New York Knicks,0.8799013089810109,"[{""p_home_win"": 0.7598026179620219, ""weight"": 0.25}, {""p_home_win"": 0.8799013089810109, ""weight"": 0.5}, {""p_home_win"": 1.0, ""weight"": 0.25}]",13.704014743536906,,elo,"{'home_advantage': 1.6389710247598097, 'scale': 0.05065854300413646, 'error_term': 12.717649581752532, 'win_prob_k': 6.881266785256887}",1.0,14
2024-12-23,Chicago Bulls,Milwaukee Bucks,91,112,False,False,2024-12-23|Milwaukee Bucks|Chicago Bulls,,,,2024-12-23|Milwaukee Bucks|Chicago Bulls,0.36953723734771315,"[{""p_home_win"": 0.0, ""weight"": 0.25}, {""p_home_win"": 0.36953723734771315, ""weight"": 0.5}, {""p_home_win"": 0.7390744746954263, ""weight"": 0.25}]",-3.6759904748659453,,elo,"{'home_advantage': 1.6389710247598097, 'scale': 0.05065854300413646, 'error_term': 12.717649581752532, 'win_prob_k': 6.881266785256887}",0.0,-21
2024-12-23,Memphis Grizzlies,Los Angeles Clippers,110,114,False,False,2024-12-23|Los Angeles Clippers|Memphis Grizzlies,,,,2024-12-23|Los Angeles Clippers|Memphis Grizzlies,0.7222122142178193,"[{""p_home_win"": 0.4444244284356387, ""weight"": 0.25}, {""p_home_win"": 0.7222122142178193, ""weight"": 0.5}, {""p_home_win"": 1.0, ""weight"": 0.25}]",6.574785894167915,,elo,"{'home_advantage': 1.6389710247598097, 'scale': 0.05065854300413646, 'error_term': 12.717649581752532, 'win_prob_k': 6.881266785256887}",0.0,-4
2024-12-23,Oklahoma City Thunder,Washington Wizards,123,105,False,False,2024-12-23|Washington Wizards|Oklahoma City Thunder,,,,2024-12-23|Washington Wizards|Oklahoma City Thunder,0.9441139754596557,"[{""p_home_win"": 0.8882279509193114, ""weight"": 0.25}, {""p_home_win"": 0.9441139754596557, ""weight"": 0.5}, {""p_home_win"": 1.0, ""weight"": 0.25}]",19.452877094140945,,elo,"{'home_advantage': 1.6389710247598097, 'scale': 0.05065854300413646, 'error_term': 12.717649581752532, 'win_prob_k': 6.881266785256887}",1.0,18
2024-12-23,Dallas Mavericks,Portland Trail Blazers,132,108,False,False,2024-12-23|Portland Trail Blazers|Dallas Mavericks,,,,2024-12-23|Portland Trail Blazers|Dallas Mavericks,0.8630020696001831,"[{""p_home_win"": 0.7260041392003662, ""weight"": 0.25}, {""p_home_win"": 0.8630020696001831, ""weight"": 0.5}, {""p_home_win"": 1.0, ""weight"": 0.25}]",12.664636194708946,,elo,"{'home_advantage': 1.6389710247598097, 'scale': 0.05065854300413646, 'error_term': 12.717649581752532, 'win_prob_k': 6.881266785256887}",1.0,24
2024-12-23,Denver Nuggets,Phoenix Suns,117,90,False,False,2024-12-23|Phoenix Suns|Denver Nuggets,,,,2024-12-23|Phoenix Suns|Denver Nuggets,0.6904087613283348,"[{""p_home_win"": 0.3808175226566697, ""weight"": 0.25}, {""p_home_win"": 0.6904087613283348, ""weight"": 0.5}, {""p_home_win"": 1.0, ""weight"": 0.25}]",5.518989194743749,,elo,"{'home_advantage': 1.6389710247598097, 'scale': 0.05065854300413646, 'error_term': 12.717649581752532, 'win_prob_k': 6.881266785256887}",1.0,27
2024-12-23,Golden State Warriors,Indiana Pacers,105,111,False,False,2024-12-23|Indiana Pacers|Golden State Warriors,,,,2024-12-23|Indiana Pacers|Golden State Warriors,0.6129122658219551,"[{""p_home_win"": 0.22582453164391025, ""weight"": 0.25}, {""p_home_win"": 0.6129122658219551, ""weight"": 0.5}, {""p_home_win"": 1.0, ""weight"": 0.25}]",3.162426752061594,,elo,"{'home_advantage': 1.6389710247598097, 'scale': 0.05065854300413646, 'error_term': 12.717649581752532, 'win_prob_k': 6.881266785256887}",0.0,-6
2024-12-23,Los Angeles Lakers,Detroit Pistons,114,117,False,False,2024-12-23|Detroit Pistons|Los Angeles Lakers,,,,2024-12-23|Detroit Pistons|Los Angeles Lakers,0.6932669774920411,"[{""p_home_win"": 0.3865339549840823, ""weight"": 0.25}, {""p_home_win"": 0.6932669774920411, ""weight"": 0.5}, {""p_home_win"": 1.0, ""weight"": 0.25}]",5.61124255890504,,elo,"{'home_advantage': 1.6389710247598097, 'scale': 0.05065854300413646, 'error_term': 12.717649581752532, 'win_prob_k': 6.881266785256887}",0.0,-3
2024-12-25,New York Knicks,San Antonio Spurs,117,114,False,False,2024-12-25|San Antonio Spurs|New York Knicks,,,,2024-12-25|San Antonio Spurs|New York Knicks,0.7192363118178042,"[{""p_home_win"": 0.43847262363560846, ""weight"": 0.25}, {""p_home_win"": 0.7192363118178042, ""weight"": 0.5}, {""p_home_win"": 1.0, ""weight"": 0.25}]",6.495379907199174,,elo,"{'home_advantage': 1.7252447036538334, 'scale': 0.049082530816910254, 'error_term': 12.697829408680478, 'win_prob_k': 6.905008319894073}",1.0,3
2024-12-25,Dallas Mavericks,Minnesota Timberwolves,99,105,False,False,2024-12-25|Minnesota Timberwolves|Dallas Mavericks,,,,2024-12-25|Minnesota Timberwolves|Dallas Mavericks,0.754681033028407,"[{""p_home_win"": 0.5093620660568139, ""weight"": 0.25}, {""p_home_win"": 0.754681033028407, ""weight"": 0.5}, {""p_home_win"": 1.0, ""weight"": 0.25}]",7.75940585877424,,elo,"{'home_advantage': 1.7252447036538334, 'scale': 0.049082530816910254, 'error_term': 12.697829408680478, 'win_prob_k': 6.905008319894073}",0.0,-6
2024-12-25,Boston Celtics,Philadelphia 76ers,114,118,False,False,2024-12-25|Philadelphia 76ers|Boston Celtics,,,,2024-12-25|Philadelphia 76ers|Boston Celtics,0.7887300128262452,"[{""p_home_win"": 0.5774600256524904, ""weight"": 0.25}, {""p_home_win"": 0.7887300128262452, ""weight"": 0.5}, {""p_home_win"": 1.0, ""weight"": 0.25}]",9.095879059235594,,elo,"{'home_advantage': 1.7252447036538334, 'scale': 0.049082530816910254, 'error_term': 12.697829408680478, 'win_prob_k': 6.905008319894073}",0.0,-4
2024-12-25,Golden State Warriors,Los Angeles Lakers,113,115,False,False,2024-12-25|Los Angeles Lakers|Golden State Warriors,,,,2024-12-25|Los Angeles Lakers|Golden State Warriors,0.5310986255478847,"[{""p_home_win"": 0.062197251095769346, ""weight"": 0.25}, {""p_home_win"": 0.5310986255478847, ""weight"": 0.5}, {""p_home_win"": 1.0, ""weight"": 0.25}]",0.8600552596881929,,elo,"{'home_advantage': 1.7252447036538334, 'scale': 0.049082530816910254, 'error_term': 12.697829408680478, 'win_prob_k': 6.905008319894073}",0.0,-2
2024-12-25,Phoenix Suns,Denver Nuggets,110,100,False,False,2024-12-25|Denver Nuggets|Phoenix Suns,,,,2024-12-25|Denver Nuggets|Phoenix Suns,0.3735015702635322,"[{""p_home_win"": 0.0, ""weight"": 0.25}, {""p_home_win"": 0.3735015702635322, ""weight"": 0.5}, {""p_home_win"": 0.7470031405270644, ""weight"": 0.25}]",-3.5714364318631655,,elo,"{'home_advantage': 1.7252447036538334, 'scale': 0.049082530816910254, 'error_term': 12.697829408680478, 'win_prob_k': 6.905008319894073}",1.0,10
2024-12-26,Indiana Pacers,Oklahoma City Thunder,114,120,False,False,2024-12-26|Oklahoma City Thunder|Indiana Pacers,,,,2024-12-26|Oklahoma City Thunder|Indiana Pacers,0.26977517824100117,"[{""p_home_win"": 0.0, ""weight"": 0.25}, {""p_home_win"": 0.26977517824100117, ""weight"": 0.5}, {""p_home_win"": 0.5395503564820023, ""weight"": 0.25}]",-6.8864639981063664,,elo,"{'home_advantage': 1.6899494291928183, 'scale': 0.048597275423207104, 'error_term': 12.747539451704263, 'win_prob_k': 6.915762468205319}",0.0,-6
2024-12-26,Orlando Magic,Miami Heat,88,89,False,False,2024-12-26|Miami Heat|Orlando Magic,,,,2024-12-26|Miami Heat|Orlando Magic,0.6650837225850519,"[{""p_home_win"": 0.33016744517010377, ""weight"": 0.25}, {""p_home_win"": 0.6650837225850519, ""weight"": 0.5}, {""p_home_win"": 1.0, ""weight"": 0.25}]",4.744436770700971,,elo,"{'home_advantage': 1.6899494291928183, 'scale': 0.048597275423207104, 'error_term': 12.747539451704263, 'win_prob_k': 6.915762468205319}",0.0,-1
2024-12-26,Washington Wizards,Charlotte Hornets,113,110,False,False,2024-12-26|Charlotte Hornets|Washington Wizards,,,,2024-12-26|Charlotte Hornets|Washington Wizards,0.5960388446962269,"[{""p_home_win"": 0.19207768939245384, ""weight"": 0.25}, {""p_home_win"": 0.5960388446962269, ""weight"": 0.5}, {""p_home_win"": 1.0, ""weight"": 0.25}]",2.690142507863951,,elo,"{'home_advantage': 1.6899494291928183, 'scale': 0.048597275423207104, 'error_term': 12.747539451704263, 'win_prob_k': 6.915762468205319}",1.0,3
2024-12-26,Atlanta Hawks,Chicago Bulls,141,133,False,False,2024-12-26|Chicago Bulls|Atlanta Hawks,,,,2024-12-26|Chicago Bulls|Atlanta Hawks,0.6343755753548731,"[{""p_home_win"": 0.2687511507097462, ""weight"": 0.25}, {""p_home_win"": 0.6343755753548731, ""weight"": 0.5}, {""p_home_win"": 1.0, ""weight"": 0.25}]",3.810823885493395,,elo,"{'home_advantage': 1.6899494291928183, 'scale': 0.048597275423207104, 'error_term': 12.747539451704263, 'win_prob_k': 6.915762468205319}",1.0,8
2024-12-26,Memphis Grizzlies,Toronto Raptors,155,126,False,False,2024-12-26|Toronto Raptors|Memphis Grizzlies,,,,2024-12-26|Toronto Raptors|Memphis Grizzlies,0.8918288852033834,"[{""p_home_win"": 0.7836577704067669, ""weight"": 0.25}, {""p_home_win"": 0.8918288852033834, ""weight"": 0.5}, {""p_home_win"": 1.0, ""weight"": 0.25}]",14.589215263068978,,elo,"{'home_advantage': 1.6899494291928183, 'scale': 0.048597275423207104, 'error_term': 12.747539451704263, 'win_prob_k': 6.915762468205319}",1.0,29
2024-12-26,Milwaukee Bucks,Brooklyn Nets,105,111,False,False,2024-12-26|Brooklyn Nets|Milwaukee Bucks,,,,2024-12-26|Brooklyn Nets|Milwaukee Bucks,0.8395239753912185,"[{""p_home_win"": 0.679047950782437, ""weight"": 0.25}, {""p_home_win"": 0.8395239753912185, ""weight"": 0.5}, {""p_home_win"": 1.0, ""weight"": 0.25}]",11.443446340310375,,elo,"{'home_advantage': 1.6899494291928183, 'scale': 0.048597275423207104, 'error_term': 12.747539451704263, 'win_prob_k': 6.915762468205319}",0.0,-6
2024-12-26,New Orleans Pelicans,Houston Rockets,111,128,False,False,2024-12-26|Houston Rockets|New Orleans Pelicans,,,,2024-12-26|Houston Rockets|New Orleans Pelicans,0.11528648297748162,"[{""p_home_win"": 0.0, ""weight"": 0.25}, {""p_home_win"": 0.11528648297748162, ""weight"": 0.5}, {""p_home_win"": 0.23057296595496324, ""weight"": 0.25}]",-14.093242949700306,,elo,"{'home_advantage': 1.6899494291928183, 'scale': 0.048597275423207104, 'error_term': 12.747539451704263, 'win_prob_k': 6.915762468205319}",0.0,-17
2024-12-26,Portland Trail Blazers,Utah Jazz,122,120,False,False,2024-12-26|Utah Jazz|Portland Trail Blazers,,,,2024-12-26|Utah Jazz|Portland Trail Blazers,0.5574946032865185,"[{""p_home_win"": 0.1149892065730369, ""weight"": 0.25}, {""p_home_win"": 0.5574946032865185, ""weight"": 0.5}, {""p_home_win"": 1.0, ""weight"": 0.25}]",1.5975422556790475,,elo,"{'home_advantage': 1.6899494291928183, 'scale': 0.048597275423207104, 'error_term': 12.747539451704263, 'win_prob_k': 6.915762468205319}",1.0,2
2024-12-26,Sacramento Kings,Detroit Pistons,113,114,False,False,2024-12-26|Detroit Pistons|Sacramento Kings,,,,2024-12-26|Detroit Pistons|Sacramento Kings,0.4681185832541326,"[{""p_home_win"": 0.0, ""weight"": 0.25}, {""p_home_win"": 0.4681185832541326, ""weight"": 0.5}, {""p_home_win"": 0.9362371665082652, ""weight"": 0.25}]",-0.8831353760268057,,elo,"{'home_advantage': 1.6899494291928183, 'scale': 0.048597275423207104, 'error_term': 12.747539451704263, 'win_prob_k': 6.915762468205319}",0.0,-1
2024-12-27,Orlando Magic,New York Knicks,85,108,False,False,2024-12-27|New York Knicks|Orlando Magic,,,,2024-12-27|New York Knicks|Orlando Magic,0.4723543334440701,"[{""p_home_win"": 0.0, ""weight"": 0.25}, {""p_home_win"": 0.4723543334440701, ""weight"": 0.5}, {""p_home_win"": 0.9447086668881401, ""weight"": 0.25}]",-0.7609852784083371,,elo,"{'home_advantage': 1.693881853496635, 'scale': 0.047684145079374754, 'error_term': 12.723605294786658, 'win_prob_k': 6.874578031063489}",0.0,-23
2024-12-27,Boston Celtics,Indiana Pacers,142,105,False,False,2024-12-27|Indiana Pacers|Boston Celtics,,,,2024-12-27|Indiana Pacers|Boston Celtics,0.7199946789553626,"[{""p_home_win"": 0.43998935791072524, ""weight"": 0.25}, {""p_home_win"": 0.7199946789553626, ""weight"": 0.5}, {""p_home_win"": 1.0, ""weight"": 0.25}]",6.492593580275745,,elo,"{'home_advantage': 1.693881853496635, 'scale': 0.047684145079374754, 'error_term': 12.723605294786658, 'win_prob_k': 6.874578031063489}",1.0,37
2024-12-27,Brooklyn Nets,San Antonio Spurs,87,96,False,False,2024-12-27|San Antonio Spurs|Brooklyn Nets,,,,2024-12-27|San Antonio Spurs|Brooklyn Nets,0.49548025720109046,"[{""p_home_win"": 0.0, ""weight"": 0.25}, {""p_home_win"": 0.49548025720109046, ""weight"": 0.5}, {""p_home_win"": 0.9909605144021809, ""weight"": 0.25}]",-0.1242886835842616,,elo,"{'home_advantage': 1.693881853496635, 'scale': 0.047684145079374754, 'error_term': 12.723605294786658, 'win_prob_k': 6.874578031063489}",0.0,-9
2024-12-27,Houston Rockets,Minnesota Timberwolves,112,113,False,False,2024-12-27|Minnesota Timberwolves|Houston Rockets,,,,2024-12-27|Minnesota Timberwolves|Houston Rockets,0.7087556242342729,"[{""p_home_win"": 0.4175112484685457, ""weight"": 0.25}, {""p_home_win"": 0.7087556242342729, ""weight"": 0.5}, {""p_home_win"": 1.0, ""weight"": 0.25}]",6.113892885618306,,elo,"{'home_advantage': 1.693881853496635, 'scale': 0.047684145079374754, 'error_term': 12.723605294786658, 'win_prob_k': 6.874578031063489}",0.0,-1
2024-12-27,New Orleans Pelicans,Memphis Grizzlies,124,132,False,False,2024-12-27|Memphis Grizzlies|New Orleans Pelicans,,,,2024-12-27|Memphis Grizzlies|New Orleans Pelicans,0.11191752360960194,"[{""p_home_win"": 0.0, ""weight"": 0.25}, {""p_home_win"": 0.11191752360960194, ""weight"": 0.5}, {""p_home_win"": 0.2238350472192039, ""weight"": 0.25}]",-14.239330069721532,,elo,"{'home_advantage': 1.693881853496635, 'scale': 0.047684145079374754, 'error_term': 12.723605294786658, 'win_prob_k': 6.874578031063489}",0.0,-8
2024-12-27,Denver Nuggets,Cleveland Cavaliers,135,149,False,False,2024-12-27|Cleveland Cavaliers|Denver Nuggets,,,,2024-12-27|Cleveland Cavaliers|Denver Nuggets,0.28489348708024526,"[{""p_home_win"": 0.0, ""weight"": 0.25}, {""p_home_win"": 0.28489348708024526, ""weight"": 0.5}, {""p_home_win"": 0.5697869741604905, ""weight"": 0.25}]",-6.32678497912957,,elo,"{'home_advantage': 1.693881853496635, 'scale': 0.047684145079374754, 'error_term': 12.723605294786658, 'win_prob_k': 6.874578031063489}",0.0,-14
2024-12-27,Phoenix Suns,Dallas Mavericks,89,98,False,False,2024-12-27|Dallas Mavericks|Phoenix Suns,,,,2024-12-27|Dallas Mavericks|Phoenix Suns,0.3535224185953186,"[{""p_home_win"": 0.0, ""weight"": 0.25}, {""p_home_win"": 0.3535224185953186, ""weight"": 0.5}, {""p_home_win"": 0.7070448371906372, ""weight"": 0.25}]",-4.149437680113298,,elo,"{'home_advantage': 1.693881853496635, 'scale': 0.047684145079374754, 'error_term': 12.723605294786658, 'win_prob_k': 6.874578031063489}",0.0,-9
2024-12-27,Los Angeles Clippers,Golden State Warriors,102,92,False,False,2024-12-27|Golden State Warriors|Los Angeles Clippers,,,,2024-12-27|Golden State Warriors|Los Angeles Clippers,0.6978389010257329,"[{""p_home_win"": 0.39567780205146574, ""weight"": 0.25}, {""p_home_win"": 0.6978389010257329, ""weight"": 0.5}, {""p_home_win"": 1.0, ""weight"": 0.25}]",5.754214024120683,,elo,"{'home_advantage': 1.693881853496635, 'scale': 0.047684145079374754, 'error_term': 12.723605294786658, 'win_prob_k': 6.874578031063489}",1.0,10
2024-12-28,Atlanta Hawks,Miami Heat,120,110,False,False,2024-12-28|Miami Heat|Atlanta Hawks,,,,2024-12-28|Miami Heat|Atlanta Hawks,0.5603308335916249,"[{""p_home_win"": 0.12066166718324989, ""weight"": 0.25}, {""p_home_win"": 0.5603308335916249, ""weight"": 0.5}, {""p_home_win"": 1.0, ""weight"": 0.25}]",1.6872903870472171,,elo,"{'home_advantage': 1.6406736951973102, 'scale': 0.04668785517642014, 'error_term': 12.755780938325376, 'win_prob_k': 6.9577598074438}",1.0,10
2024-12-28,Charlotte Hornets,Oklahoma City Thunder,94,106,False,False,2024-12-28|Oklahoma City Thunder|Charlotte Hornets,,,,2024-12-28|Oklahoma City Thunder|Charlotte Hornets,0.07431904083013613,"[{""p_home_win"": 0.0, ""weight"": 0.25}, {""p_home_win"": 0.07431904083013613, ""weight"": 0.5}, {""p_home_win"": 0.14863808166027226, ""weight"": 0.25}]",-17.548600524327917,,elo,"{'home_advantage': 1.6406736951973102, 'scale': 0.04668785517642014, 'error_term': 12.755780938325376, 'win_prob_k': 6.9577598074438}",0.0,-12
2024-12-28,Washington Wizards,New York Knicks,132,136,False,False,2024-12-28|New York Knicks|Washington Wizards,,,,2024-12-28|New York Knicks|Washington Wizards,0.1570983857035903,"[{""p_home_win"": 0.0, ""weight"": 0.25}, {""p_home_win"": 0.1570983857035903, ""weight"": 0.5}, {""p_home_win"": 0.3141967714071806, ""weight"": 0.25}]",-11.688883214869842,,elo,"{'home_advantage': 1.6406736951973102, 'scale': 0.04668785517642014, 'error_term': 12.755780938325376, 'win_prob_k': 6.9577598074438}",0.0,-4
2024-12-28,Chicago Bulls,Milwaukee Bucks,116,111,False,False,2024-12-28|Milwaukee Bucks|Chicago Bulls,,,,2024-12-28|Milwaukee Bucks|Chicago Bulls,0.36094680058629136,"[{""p_home_win"": 0.0, ""weight"": 0.25}, {""p_home_win"": 0.36094680058629136, ""weight"": 0.5}, {""p_home_win"": 0.7218936011725827, ""weight"": 0.25}]",-3.9746698598962054,,elo,"{'home_advantage': 1.6406736951973102, 'scale': 0.04668785517642014, 'error_term': 12.755780938325376, 'win_prob_k': 6.9577598074438}",1.0,5
2024-12-28,Golden State Warriors,Phoenix Suns,109,105,False,False,2024-12-28|Phoenix Suns|Golden State Warriors,,,,2024-12-28|Phoenix Suns|Golden State Warriors,0.5649785459777924,"[{""p_home_win"": 0.1299570919555848, ""weight"": 0.25}, {""p_home_win"": 0.5649785459777924, ""weight"": 0.5}, {""p_home_win"": 1.0, ""weight"": 0.25}]",1.8187055989877965,,elo,"{'home_advantage': 1.6406736951973102, 'scale': 0.04668785517642014, 'error_term': 12.755780938325376, 'win_prob_k': 6.9577598074438}",1.0,4
2024-12-28,Denver Nuggets,Detroit Pistons,134,121,False,False,2024-12-28|Detroit Pistons|Denver Nuggets,,,,2024-12-28|Detroit Pistons|Denver Nuggets,0.5833768754094274,"[{""p_home_win"": 0.1667537508188548, ""weight"": 0.25}, {""p_home_win"": 0.5833768754094274, ""weight"": 0.5}, {""p_home_win"": 1.0, ""weight"": 0.25}]",2.3423394675867972,,elo,"{'home_advantage': 1.6406736951973102, 'scale': 0.04668785517642014, 'error_term': 12.755780938325376, 'win_prob_k': 6.9577598074438}",1.0,13
2024-12-28,Utah Jazz,Philadelphia 76ers,111,114,False,False,2024-12-28|Philadelphia 76ers|Utah Jazz,,,,2024-12-28|Philadelphia 76ers|Utah Jazz,0.3331474857304015,"[{""p_home_win"": 0.0, ""weight"": 0.25}, {""p_home_win"": 0.3331474857304015, ""weight"": 0.5}, {""p_home_win"": 0.666294971460803, ""weight"": 0.25}]",-4.828571278482049,,elo,"{'home_advantage': 1.6406736951973102, 'scale': 0.04668785517642014, 'error_term': 12.755780938325376, 'win_prob_k': 6.9577598074438}",0.0,-3
2024-12-28,Portland Trail Blazers,Dallas Mavericks,126,122,False,False,2024-12-28|Dallas Mavericks|Portland Trail Blazers,,,,2024-12-28|Dallas Mavericks|Portland Trail Blazers,0.24639660237946112,"[{""p_home_win"": 0.0, ""weight"": 0.25}, {""p_home_win"": 0.24639660237946112, ""weight"": 0.5}, {""p_home_win"": 0.49279320475892224, ""weight"": 0.25}]",-7.778245208642235,,elo,"{'home_advantage': 1.6406736951973102, 'scale': 0.04668785517642014, 'error_term': 12.755780938325376, 'win_prob_k': 6.9577598074438}",1.0,4
2024-12-28,Los Angeles Lakers,Sacramento Kings,132,122,False,False,2024-12-28|Sacramento Kings|Los Angeles Lakers,,,,2024-12-28|Sacramento Kings|Los Angeles Lakers,0.7370295637890967,"[{""p_home_win"": 0.47405912757819335, ""weight"": 0.25}, {""p_home_win"": 0.7370295637890967, ""weight"": 0.5}, {""p_home_win"": 1.0, ""weight"": 0.25}]",7.170572555896032,,elo,"{'home_advantage': 1.6406736951973102, 'scale': 0.04668785517642014, 'error_term': 12.755780938325376, 'win_prob_k': 6.9577598074438}",1.0,10
2024-12-29,Orlando Magic,Brooklyn Nets,102,101,False,False,2024-12-29|Brooklyn Nets|Orlando Magic,,,,2024-12-29|Brooklyn Nets|Orlando Magic,0.7374063275658884,"[{""p_home_win"": 0.47481265513177684, ""weight"": 0.25}, {""p_home_win"": 0.7374063275658884, ""weight"": 0.5}, {""p_home_win"": 1.0, ""weight"": 0.25}]",6.9270898804907945,,elo,"{'home_advantage': 1.7735003432821437, 'scale': 0.04533276477933552, 'error_term': 12.748444979636982, 'win_prob_k': 6.708843155767532}",1.0,1
2024-12-29,Boston Celtics,Indiana Pacers,114,123,False,False,2024-12-29|Indiana Pacers|Boston Celtics,,,,2024-12-29|Indiana Pacers|Boston Celtics,0.7574001785708926,"[{""p_home_win"": 0.5148003571417852, ""weight"": 0.25}, {""p_home_win"": 0.7574001785708926, ""weight"": 0.5}, {""p_home_win"": 1.0, ""weight"": 0.25}]",7.637873630975656,,elo,"{'home_advantage': 1.7735003432821437, 'scale': 0.04533276477933552, 'error_term': 12.748444979636982, 'win_prob_k': 6.708843155767532}",0.0,-9
2024-12-29,Toronto Raptors,Atlanta Hawks,107,136,False,False,2024-12-29|Atlanta Hawks|Toronto Raptors,,,,2024-12-29|Atlanta Hawks|Toronto Raptors,0.21611156209128726,"[{""p_home_win"": 0.0, ""weight"": 0.25}, {""p_home_win"": 0.21611156209128726, ""weight"": 0.5}, {""p_home_win"": 0.4322231241825745, ""weight"": 0.25}]",-8.644156197174594,,elo,"{'home_advantage': 1.7735003432821437, 'scale': 0.04533276477933552, 'error_term': 12.748444979636982, 'win_prob_k': 6.708843155767532}",0.0,-29
2024-12-29,Houston Rockets,Miami Heat,100,104,False,False,2024-12-29|Miami Heat|Houston Rockets,,,,2024-12-29|Miami Heat|Houston Rockets,0.6717915586965686,"[{""p_home_win"": 0.3435831173931372, ""weight"": 0.25}, {""p_home_win"": 0.6717915586965686, ""weight"": 0.5}, {""p_home_win"": 1.0, ""weight"": 0.25}]",4.805539076458614,,elo,"{'home_advantage': 1.7735003432821437, 'scale': 0.04533276477933552, 'error_term': 12.748444979636982, 'win_prob_k': 6.708843155767532}",0.0,-4
2024-12-29,Oklahoma City Thunder,Memphis Grizzlies,130,106,False,False,2024-12-29|Memphis Grizzlies|Oklahoma City Thunder,,,,2024-12-29|Memphis Grizzlies|Oklahoma City Thunder,0.68962500979109,"[{""p_home_win"": 0.37925001958217996, ""weight"": 0.25}, {""p_home_win"": 0.68962500979109, ""weight"": 0.5}, {""p_home_win"": 1.0, ""weight"": 0.25}]",5.356117464241132,,elo,"{'home_advantage': 1.7735003432821437, 'scale': 0.04533276477933552, 'error_term': 12.748444979636982, 'win_prob_k': 6.708843155767532}",1.0,24
2024-12-29,Minnesota Timberwolves,San Antonio Spurs,112,110,False,False,2024-12-29|San Antonio Spurs|Minnesota Timberwolves,,,,2024-12-29|San Antonio Spurs|Minnesota Timberwolves,0.6399006922971628,"[{""p_home_win"": 0.2798013845943257, ""weight"": 0.25}, {""p_home_win"": 0.6399006922971628, ""weight"": 0.5}, {""p_home_win"": 1.0, ""weight"": 0.25}]",3.857136314238006,,elo,"{'home_advantage': 1.7735003432821437, 'scale': 0.04533276477933552, 'error_term': 12.748444979636982, 'win_prob_k': 6.708843155767532}",1.0,2
2024-12-30,Charlotte Hornets,Chicago Bulls,108,115,False,False,2024-12-30|Chicago Bulls|Charlotte Hornets,,,,2024-12-30|Chicago Bulls|Charlotte Hornets,0.24132062668683274,"[{""p_home_win"": 0.0, ""weight"": 0.25}, {""p_home_win"": 0.24132062668683274, ""weight"": 0.5}, {""p_home_win"": 0.4826412533736655, ""weight"": 0.25}]",-7.673098901412789,,elo,"{'home_advantage': 1.7399635011215895, 'scale': 0.04441583709771693, 'error_term': 12.837121164688973, 'win_prob_k': 6.698747316798286}",0.0,-7
2024-12-30,Washington Wizards,New York Knicks,106,126,False,False,2024-12-30|New York Knicks|Washington Wizards,,,,2024-12-30|New York Knicks|Washington Wizards,0.15197360356752973,"[{""p_home_win"": 0.0, ""weight"": 0.25}, {""p_home_win"": 0.15197360356752973, ""weight"": 0.5}, {""p_home_win"": 0.30394720713505946, ""weight"": 0.25}]",-11.516519332486087,,elo,"{'home_advantage': 1.7399635011215895, 'scale': 0.04441583709771693, 'error_term': 12.837121164688973, 'win_prob_k': 6.698747316798286}",0.0,-20
2024-12-30,New Orleans Pelicans,Los Angeles Clippers,113,116,False,False,2024-12-30|Los Angeles Clippers|New Orleans Pelicans,,,,2024-12-30|Los Angeles Clippers|New Orleans Pelicans,0.14998616336202622,"[{""p_home_win"": 0.0, ""weight"": 0.25}, {""p_home_win"": 0.14998616336202622, ""weight"": 0.5}, {""p_home_win"": 0.29997232672405244, ""weight"": 0.25}]",-11.620381158926294,,elo,"{'home_advantage': 1.7399635011215895, 'scale': 0.04441583709771693, 'error_term': 12.837121164688973, 'win_prob_k': 6.698747316798286}",0.0,-3
2024-12-30,Utah Jazz,Denver Nuggets,121,132,False,False,2024-12-30|Denver Nuggets|Utah Jazz,,,,2024-12-30|Denver Nuggets|Utah Jazz,0.2812072905082298,"[{""p_home_win"": 0.0, ""weight"": 0.25}, {""p_home_win"": 0.2812072905082298, ""weight"": 0.5}, {""p_home_win"": 0.5624145810164596, ""weight"": 0.25}]",-6.286646586457193,,elo,"{'home_advantage': 1.7399635011215895, 'scale': 0.04441583709771693, 'error_term': 12.837121164688973, 'win_prob_k': 6.698747316798286}",0.0,-11
2024-12-30,Golden State Warriors,Cleveland Cavaliers,95,113,False,False,2024-12-30|Cleveland Cavaliers|Golden State Warriors,,,,2024-12-30|Cleveland Cavaliers|Golden State Warriors,0.22613875159975305,"[{""p_home_win"": 0.0, ""weight"": 0.25}, {""p_home_win"": 0.22613875159975305, ""weight"": 0.5}, {""p_home_win"": 0.4522775031995061, ""weight"": 0.25}]",-8.241092594543405,,elo,"{'home_advantage': 1.7399635011215895, 'scale': 0.04441583709771693, 'error_term': 12.837121164688973, 'win_prob_k': 6.698747316798286}",0.0,-18
2024-12-30,Portland Trail Blazers,Philadelphia 76ers,103,125,False,False,2024-12-30|Philadelphia 76ers|Portland Trail Blazers,,,,2024-12-30|Philadelphia 76ers|Portland Trail Blazers,0.4291522204900533,"[{""p_home_win"": 0.0, ""weight"": 0.25}, {""p_home_win"": 0.4291522204900533, ""weight"": 0.5}, {""p_home_win"": 0.8583044409801066, ""weight"": 0.25}]",-1.9112256660849085,,elo,"{'home_advantage': 1.7399635011215895, 'scale': 0.04441583709771693, 'error_term': 12.837121164688973, 'win_prob_k': 6.698747316798286}",0.0,-22
2024-12-30,Sacramento Kings,Dallas Mavericks,110,100,False,False,2024-12-30|Dallas Mavericks|Sacramento Kings,,,,2024-12-30|Dallas Mavericks|Sacramento Kings,0.28784165971706543,"[{""p_home_win"": 0.0, ""weight"": 0.25}, {""p_home_win"": 0.28784165971706543, ""weight"": 0.5}, {""p_home_win"": 0.5756833194341309, ""weight"": 0.25}]",-6.068326454621593,,elo,"{'home_advantage': 1.7399635011215895, 'scale': 0.04441583709771693, 'error_term': 12.837121164688973, 'win_prob_k': 6.698747316798286}",1.0,10
2024-12-31,Boston Celtics,Toronto Raptors,125,71,False,False,2024-12-31|Toronto Raptors|Boston Celtics,,,,2024-12-31|Toronto Raptors|Boston Celtics,0.8768450976959474,"[{""p_home_win"": 0.7536901953918949, ""weight"": 0.25}, {""p_home_win"": 0.8768450976959474, ""weight"": 0.5}, {""p_home_win"": 1.0, ""weight"": 0.25}]",13.0156634963517,,elo,"{'home_advantage': 1.6881301304527463, 'scale': 0.04374609134713809, 'error_term': 12.810670982713857, 'win_prob_k': 6.630876217083319}",1.0,54
2024-12-31,Indiana Pacers,Milwaukee Bucks,112,120,False,False,2024-12-31|Milwaukee Bucks|Indiana Pacers,,,,2024-12-31|Milwaukee Bucks|Indiana Pacers,0.48212843235677266,"[{""p_home_win"": 0.0, ""weight"": 0.25}, {""p_home_win"": 0.48212843235677266, ""weight"": 0.5}, {""p_home_win"": 0.9642568647135453, ""weight"": 0.25}]",-0.4742186296740789,,elo,"{'home_advantage': 1.6881301304527463, 'scale': 0.04374609134713809, 'error_term': 12.810670982713857, 'win_prob_k': 6.630876217083319}",0.0,-8
2024-12-31,San Antonio Spurs,Los Angeles Clippers,122,86,False,False,2024-12-31|Los Angeles Clippers|San Antonio Spurs,,,,2024-12-31|Los Angeles Clippers|San Antonio Spurs,0.4047269891661171,"[{""p_home_win"": 0.0, ""weight"": 0.25}, {""p_home_win"": 0.4047269891661171, ""weight"": 0.5}, {""p_home_win"": 0.8094539783322342, ""weight"": 0.25}]",-2.558241133415078,,elo,"{'home_advantage': 1.6881301304527463, 'scale': 0.04374609134713809, 'error_term': 12.810670982713857, 'win_prob_k': 6.630876217083319}",1.0,36
2024-12-31,Oklahoma City Thunder,Minnesota Timberwolves,113,105,False,False,2024-12-31|Minnesota Timberwolves|Oklahoma City Thunder,,,,2024-12-31|Minnesota Timberwolves|Oklahoma City Thunder,0.7745053472459792,"[{""p_home_win"": 0.5490106944919584, ""weight"": 0.25}, {""p_home_win"": 0.7745053472459792, ""weight"": 0.5}, {""p_home_win"": 1.0, ""weight"": 0.25}]",8.182024612168195,,elo,"{'home_advantage': 1.6881301304527463, 'scale': 0.04374609134713809, 'error_term': 12.810670982713857, 'win_prob_k': 6.630876217083319}",1.0,8
2024-12-31,Los Angeles Lakers,Cleveland Cavaliers,110,122,False,False,2024-12-31|Cleveland Cavaliers|Los Angeles Lakers,,,,2024-12-31|Cleveland Cavaliers|Los Angeles Lakers,0.2974278246754559,"[{""p_home_win"": 0.0, ""weight"": 0.25}, {""p_home_win"": 0.2974278246754559, ""weight"": 0.5}, {""p_home_win"": 0.5948556493509118, ""weight"": 0.25}]",-5.69974568350363,,elo,"{'home_advantage': 1.6881301304527463, 'scale': 0.04374609134713809, 'error_term': 12.810670982713857, 'win_prob_k': 6.630876217083319}",0.0,-12
2024-12-31,Phoenix Suns,Memphis Grizzlies,112,117,False,False,2024-12-31|Memphis Grizzlies|Phoenix Suns,,,,2024-12-31|Memphis Grizzlies|Phoenix Suns,0.2998299707385238,"[{""p_home_win"": 0.0, ""weight"": 0.25}, {""p_home_win"": 0.2998299707385238, ""weight"": 0.5}, {""p_home_win"": 0.5996599414770476, ""weight"": 0.25}]",-5.6236968771658,,elo,"{'home_advantage': 1.6881301304527463, 'scale': 0.04374609134713809, 'error_term': 12.810670982713857, 'win_prob_k': 6.630876217083319}",0.0,-5
2025-01-01,Detroit Pistons,Orlando Magic,105,96,False,False,2025-01-01|Orlando Magic|Detroit Pistons,,,,2025-01-01|Orlando Magic|Detroit Pistons,0.44363596410132944,"[{""p_home_win"": 0.0, ""weight"": 0.25}, {""p_home_win"": 0.44363596410132944, ""weight"": 0.5}, {""p_home_win"": 0.8872719282026589, ""weight"": 0.25}]",-1.5174443475879271,,elo,"{'home_advantage': 1.7981140206702029, 'scale': 0.04400257647583997, 'error_term': 12.943431973056923, 'win_prob_k': 6.701945197162976}",1.0,9
2025-01-01,Washington Wizards,Chicago Bulls,125,107,False,False,2025-01-01|Chicago Bulls|Washington Wizards,,,,2025-01-01|Chicago Bulls|Washington Wizards,0.2971790398874292,"[{""p_home_win"": 0.0, ""weight"": 0.25}, {""p_home_win"": 0.2971790398874292, ""weight"": 0.5}, {""p_home_win"": 0.5943580797748584, ""weight"": 0.25}]",-5.7688159055277985,,elo,"{'home_advantage': 1.7981140206702029, 'scale': 0.04400257647583997, 'error_term': 12.943431973056923, 'win_prob_k': 6.701945197162976}",1.0,18
2025-01-01,Miami Heat,New Orleans Pelicans,119,108,False,False,2025-01-01|New Orleans Pelicans|Miami Heat,,,,2025-01-01|New Orleans Pelicans|Miami Heat,0.8904561496549576,"[{""p_home_win"": 0.7809122993099151, ""weight"": 0.25}, {""p_home_win"": 0.8904561496549576, ""weight"": 0.5}, {""p_home_win"": 1.0, ""weight"": 0.25}]",14.043315816281284,,elo,"{'home_advantage': 1.7981140206702029, 'scale': 0.04400257647583997, 'error_term': 12.943431973056923, 'win_prob_k': 6.701945197162976}",1.0,11
2025-01-01,New York Knicks,Utah Jazz,119,103,False,False,2025-01-01|Utah Jazz|New York Knicks,,,,2025-01-01|Utah Jazz|New York Knicks,0.9022808042193553,"[{""p_home_win"": 0.8045616084387106, ""weight"": 0.25}, {""p_home_win"": 0.9022808042193553, ""weight"": 0.5}, {""p_home_win"": 1.0, ""weight"": 0.25}]",14.897269883698401,,elo,"{'home_advantage': 1.7981140206702029, 'scale': 0.04400257647583997, 'error_term': 12.943431973056923, 'win_prob_k': 6.701945197162976}",1.0,16
2025-01-01,Toronto Raptors,Brooklyn Nets,130,113,False,False,2025-01-01|Brooklyn Nets|Toronto Raptors,,,,2025-01-01|Brooklyn Nets|Toronto Raptors,0.4106274089709172,"[{""p_home_win"": 0.0, ""weight"": 0.25}, {""p_home_win"": 0.4106274089709172, ""weight"": 0.5}, {""p_home_win"": 0.8212548179418344, ""weight"": 0.25}]",-2.4218974189370326,,elo,"{'home_advantage': 1.7981140206702029, 'scale': 0.04400257647583997, 'error_term': 12.943431973056923, 'win_prob_k': 6.701945197162976}",1.0,17
2025-01-01,Houston Rockets,Dallas Mavericks,110,99,False,False,2025-01-01|Dallas Mavericks|Houston Rockets,,,,2025-01-01|Dallas Mavericks|Houston Rockets,0.6000199061826708,"[{""p_home_win"": 0.20003981236534152, ""weight"": 0.25}, {""p_home_win"": 0.6000199061826708, ""weight"": 0.5}, {""p_home_win"": 1.0, ""weight"": 0.25}]",2.7179608141192046,,elo,"{'home_advantage': 1.7981140206702029, 'scale': 0.04400257647583997, 'error_term': 12.943431973056923, 'win_prob_k': 6.701945197162976}",1.0,11
2025-01-01,Denver Nuggets,Atlanta Hawks,139,120,False,False,2025-01-01|Atlanta Hawks|Denver Nuggets,,,,2025-01-01|Atlanta Hawks|Denver Nuggets,0.5200473712218492,"[{""p_home_win"": 0.04009474244369837, ""weight"": 0.25}, {""p_home_win"": 0.5200473712218492, ""weight"": 0.5}, {""p_home_win"": 1.0, ""weight"": 0.25}]",0.5377137975474069,,elo,"{'home_advantage': 1.7981140206702029, 'scale': 0.04400257647583997, 'error_term': 12.943431973056923, 'win_prob_k': 6.701945197162976}",1.0,19
2025-01-01,Sacramento Kings,Philadelphia 76ers,113,107,False,False,2025-01-01|Philadelphia 76ers|Sacramento Kings,,,,2025-01-01|Philadelphia 76ers|Sacramento Kings,0.3990764284462369,"[{""p_home_win"": 0.0, ""weight"": 0.25}, {""p_home_win"": 0.3990764284462369, ""weight"": 0.5}, {""p_home_win"": 0.7981528568924738, ""weight"": 0.25}]",-2.743205419081049,,elo,"{'home_advantage': 1.7981140206702029, 'scale': 0.04400257647583997, 'error_term': 12.943431973056923, 'win_prob_k': 6.701945197162976}",1.0,6
2025-01-02,Miami Heat,Indiana Pacers,115,128,False,False,2025-01-02|Indiana Pacers|Miami Heat,,,,2025-01-02|Indiana Pacers|Miami Heat,0.6661231345537646,"[{""p_home_win"": 0.3322462691075292, ""weight"": 0.25}, {""p_home_win"": 0.6661231345537646, ""weight"": 0.5}, {""p_home_win"": 1.0, ""weight"": 0.25}]",4.654071180538445,,elo,"{'home_advantage': 1.9273849247285113, 'scale': 0.04455149018937202, 'error_term': 12.902593360857148, 'win_prob_k': 6.738172589308698}",0.0,-13
2025-01-02,Minnesota Timberwolves,Boston Celtics,115,118,False,False,2025-01-02|Boston Celtics|Minnesota Timberwolves,,,,2025-01-02|Boston Celtics|Minnesota Timberwolves,0.507191115048333,"[{""p_home_win"": 0.01438223009666606, ""weight"": 0.25}, {""p_home_win"": 0.507191115048333, ""weight"": 0.5}, {""p_home_win"": 1.0, ""weight"": 0.25}]",0.19383326266753942,,elo,"{'home_advantage': 1.9273849247285113, 'scale': 0.04455149018937202, 'error_term': 12.902593360857148, 'win_prob_k': 6.738172589308698}",0.0,-3
2025-01-02,Milwaukee Bucks,Brooklyn Nets,110,113,False,False,2025-01-02|Brooklyn Nets|Milwaukee Bucks,,,,2025-01-02|Brooklyn Nets|Milwaukee Bucks,0.821145586285172,"[{""p_home_win"": 0.642291172570344, ""weight"": 0.25}, {""p_home_win"": 0.821145586285172, ""weight"": 0.5}, {""p_home_win"": 1.0, ""weight"": 0.25}]",10.2698393855637,,elo,"{'home_advantage': 1.9273849247285113, 'scale': 0.04455149018937202, 'error_term': 12.902593360857148, 'win_prob_k': 6.738172589308698}",0.0,-3
2025-01-02,Oklahoma City Thunder,Los Angeles Clippers,116,98,False,False,2025-01-02|Los Angeles Clippers|Oklahoma City Thunder,,,,2025-01-02|Los Angeles Clippers|Oklahoma City Thunder,0.8032145955523381,"[{""p_home_win"": 0.6064291911046762, ""weight"": 0.25}, {""p_home_win"": 0.8032145955523381, ""weight"": 0.5}, {""p_home_win"": 1.0, ""weight"": 0.25}]",9.477294346611362,,elo,"{'home_advantage': 1.9273849247285113, 'scale': 0.04455149018937202, 'error_term': 12.902593360857148, 'win_prob_k': 6.738172589308698}",1.0,18
2025-01-02,Golden State Warriors,Philadelphia 76ers,139,105,False,False,2025-01-02|Philadelphia 76ers|Golden State Warriors,,,,2025-01-02|Philadelphia 76ers|Golden State Warriors,0.5144547280814739,"[{""p_home_win"": 0.02890945616294771, ""weight"": 0.25}, {""p_home_win"": 0.5144547280814739, ""weight"": 0.5}, {""p_home_win"": 1.0, ""weight"": 0.25}]",0.3897023998425322,,elo,"{'home_advantage': 1.9273849247285113, 'scale': 0.04455149018937202, 'error_term': 12.902593360857148, 'win_prob_k': 6.738172589308698}",1.0,34
2025-01-02,Los Angeles Lakers,Portland Trail Blazers,114,106,False,False,2025-01-02|Portland Trail Blazers|Los Angeles Lakers,,,,2025-01-02|Portland Trail Blazers|Los Angeles Lakers,0.7397079030824809,"[{""p_home_win"": 0.4794158061649618, ""weight"": 0.25}, {""p_home_win"": 0.7397079030824809, ""weight"": 0.5}, {""p_home_win"": 1.0, ""weight"": 0.25}]",7.037690644979876,,elo,"{'home_advantage': 1.9273849247285113, 'scale': 0.04455149018937202, 'error_term': 12.902593360857148, 'win_prob_k': 6.738172589308698}",1.0,8
2025-01-03,Detroit Pistons,Charlotte Hornets,98,94,False,False,2025-01-03|Charlotte Hornets|Detroit Pistons,,,,2025-01-03|Charlotte Hornets|Detroit Pistons,0.8651094385230439,"[{""p_home_win"": 0.7302188770460878, ""weight"": 0.25}, {""p_home_win"": 0.8651094385230439, ""weight"": 0.5}, {""p_home_win"": 1.0, ""weight"": 0.25}]",12.489547605171927,,elo,"{'home_advantage': 1.9598403583739523, 'scale': 0.045139247969425186, 'error_term': 12.890774026173611, 'win_prob_k': 6.720619817086728}",1.0,4
2025-01-03,Toronto Raptors,Orlando Magic,97,106,False,False,2025-01-03|Orlando Magic|Toronto Raptors,,,,2025-01-03|Orlando Magic|Toronto Raptors,0.27561185533458255,"[{""p_home_win"": 0.0, ""weight"": 0.25}, {""p_home_win"": 0.27561185533458255, ""weight"": 0.5}, {""p_home_win"": 0.5512237106691651, ""weight"": 0.25}]",-6.494362123015204,,elo,"{'home_advantage': 1.9598403583739523, 'scale': 0.045139247969425186, 'error_term': 12.890774026173611, 'win_prob_k': 6.720619817086728}",0.0,-9
2025-01-03,Houston Rockets,Boston Celtics,86,109,False,False,2025-01-03|Boston Celtics|Houston Rockets,,,,2025-01-03|Boston Celtics|Houston Rockets,0.5311407778411951,"[{""p_home_win"": 0.06228155568239013, ""weight"": 0.25}, {""p_home_win"": 0.5311407778411951, ""weight"": 0.5}, {""p_home_win"": 1.0, ""weight"": 0.25}]",0.8382262624773706,,elo,"{'home_advantage': 1.9598403583739523, 'scale': 0.045139247969425186, 'error_term': 12.890774026173611, 'win_prob_k': 6.720619817086728}",0.0,-23
2025-01-03,New Orleans Pelicans,Washington Wizards,132,120,False,False,2025-01-03|Washington Wizards|New Orleans Pelicans,,,,2025-01-03|Washington Wizards|New Orleans Pelicans,0.4118637784038933,"[{""p_home_win"": 0.0, ""weight"": 0.25}, {""p_home_win"": 0.4118637784038933, ""weight"": 0.5}, {""p_home_win"": 0.8237275568077866, ""weight"": 0.25}]",-2.394327874101408,,elo,"{'home_advantage': 1.9598403583739523, 'scale': 0.045139247969425186, 'error_term': 12.890774026173611, 'win_prob_k': 6.720619817086728}",1.0,12
2025-01-03,Oklahoma City Thunder,New York Knicks,117,107,False,False,2025-01-03|New York Knicks|Oklahoma City Thunder,,,,2025-01-03|New York Knicks|Oklahoma City Thunder,0.7108007681970034,"[{""p_home_win"": 0.4216015363940069, ""weight"": 0.25}, {""p_home_win"": 0.7108007681970034, ""weight"": 0.5}, {""p_home_win"": 1.0, ""weight"": 0.25}]",6.043694412015158,,elo,"{'home_advantage': 1.9598403583739523, 'scale': 0.045139247969425186, 'error_term': 12.890774026173611, 'win_prob_k': 6.720619817086728}",1.0,10
2025-01-03,Dallas Mavericks,Cleveland Cavaliers,122,134,False,False,2025-01-03|Cleveland Cavaliers|Dallas Mavericks,,,,2025-01-03|Cleveland Cavaliers|Dallas Mavericks,0.26212755441247687,"[{""p_home_win"": 0.0, ""weight"": 0.25}, {""p_home_win"": 0.26212755441247687, ""weight"": 0.5}, {""p_home_win"": 0.5242551088249537, ""weight"": 0.25}]",-6.955436509425658,,elo,"{'home_advantage': 1.9598403583739523, 'scale': 0.045139247969425186, 'error_term': 12.890774026173611, 'win_prob_k': 6.720619817086728}",0.0,-12
2025-01-03,Denver Nuggets,San Antonio Spurs,110,113,False,False,2025-01-03|San Antonio Spurs|Denver Nuggets,,,,2025-01-03|San Antonio Spurs|Denver Nuggets,0.6603474484650211,"[{""p_home_win"": 0.3206948969300423, ""weight"": 0.25}, {""p_home_win"": 0.6603474484650211, ""weight"": 0.5}, {""p_home_win"": 1.0, ""weight"": 0.25}]",4.468156676204866,,elo,"{'home_advantage': 1.9598403583739523, 'scale': 0.045139247969425186, 'error_term': 12.890774026173611, 'win_prob_k': 6.720619817086728}",0.0,-3
2025-01-03,Sacramento Kings,Memphis Grizzlies,138,133,False,False,2025-01-03|Memphis Grizzlies|Sacramento Kings,,,,2025-01-03|Memphis Grizzlies|Sacramento Kings,0.3128257096704318,"[{""p_home_win"": 0.0, ""weight"": 0.25}, {""p_home_win"": 0.3128257096704318, ""weight"": 0.5}, {""p_home_win"": 0.6256514193408635, ""weight"": 0.25}]",-5.288736390012103,,elo,"{'home_advantage': 1.9598403583739523, 'scale': 0.045139247969425186, 'error_term': 12.890774026173611, 'win_prob_k': 6.720619817086728}",1.0,5
2025-01-03,Los Angeles Lakers,Atlanta Hawks,119,102,False,False,2025-01-03|Atlanta Hawks|Los Angeles Lakers,,,,2025-01-03|Atlanta Hawks|Los Angeles Lakers,0.5658403252600533,"[{""p_home_win"": 0.1316806505201067, ""weight"": 0.25}, {""p_home_win"": 0.5658403252600533, ""weight"": 0.5}, {""p_home_win"": 1.0, ""weight"": 0.25}]",1.780289144907484,,elo,"{'home_advantage': 1.9598403583739523, 'scale': 0.045139247969425186, 'error_term': 12.890774026173611, 'win_prob_k': 6.720619817086728}",1.0,17
2025-01-04,Brooklyn Nets,Philadelphia 76ers,94,123,False,False,2025-01-04|Philadelphia 76ers|Brooklyn Nets,,,,2025-01-04|Philadelphia 76ers|Brooklyn Nets,0.46347694282487245,"[{""p_home_win"": 0.0, ""weight"": 0.25}, {""p_home_win"": 0.46347694282487245, ""weight"": 0.5}, {""p_home_win"": 0.9269538856497449, ""weight"": 0.25}]",-0.970688487682343,,elo,"{'home_advantage': 1.9202892024884384, 'scale': 0.044595124957907996, 'error_term': 12.880186243253933, 'win_prob_k': 6.632519658725869}",0.0,-29
2025-01-04,Detroit Pistons,Minnesota Timberwolves,119,105,False,False,2025-01-04|Minnesota Timberwolves|Detroit Pistons,,,,2025-01-04|Minnesota Timberwolves|Detroit Pistons,0.5339801130422258,"[{""p_home_win"": 0.06796022608445162, ""weight"": 0.25}, {""p_home_win"": 0.5339801130422258, ""weight"": 0.5}, {""p_home_win"": 1.0, ""weight"": 0.25}]",0.902886809203153,,elo,"{'home_advantage': 1.9202892024884384, 'scale': 0.044595124957907996, 'error_term': 12.880186243253933, 'win_prob_k': 6.632519658725869}",1.0,14
2025-01-04,Indiana Pacers,Phoenix Suns,126,108,False,False,2025-01-04|Phoenix Suns|Indiana Pacers,,,,2025-01-04|Phoenix Suns|Indiana Pacers,0.7107501998659659,"[{""p_home_win"": 0.42150039973193176, ""weight"": 0.25}, {""p_home_win"": 0.7107501998659659, ""weight"": 0.5}, {""p_home_win"": 1.0, ""weight"": 0.25}]",5.962836514218328,,elo,"{'home_advantage': 1.9202892024884384, 'scale': 0.044595124957907996, 'error_term': 12.880186243253933, 'win_prob_k': 6.632519658725869}",1.0,18
2025-01-04,Chicago Bulls,New York Knicks,139,126,False,False,2025-01-04|New York Knicks|Chicago Bulls,,,,2025-01-04|New York Knicks|Chicago Bulls,0.314373942502619,"[{""p_home_win"": 0.0, ""weight"": 0.25}, {""p_home_win"": 0.314373942502619, ""weight"": 0.5}, {""p_home_win"": 0.628747885005238, ""weight"": 0.25}]",-5.171701873821197,,elo,"{'home_advantage': 1.9202892024884384, 'scale': 0.044595124957907996, 'error_term': 12.880186243253933, 'win_prob_k': 6.632519658725869}",1.0,13
2025-01-04,Miami Heat,Utah Jazz,100,136,False,False,2025-01-04|Utah Jazz|Miami Heat,,,,2025-01-04|Utah Jazz|Miami Heat,0.8312446508901584,"[{""p_home_win"": 0.6624893017803168, ""weight"": 0.25}, {""p_home_win"": 0.8312446508901584, ""weight"": 0.5}, {""p_home_win"": 1.0, ""weight"": 0.25}]",10.575381007587435,,elo,"{'home_advantage': 1.9202892024884384, 'scale': 0.044595124957907996, 'error_term': 12.880186243253933, 'win_prob_k': 6.632519658725869}",0.0,-36
2025-01-04,Milwaukee Bucks,Portland Trail Blazers,102,105,False,False,2025-01-04|Portland Trail Blazers|Milwaukee Bucks,,,,2025-01-04|Portland Trail Blazers|Milwaukee Bucks,0.775757118850598,"[{""p_home_win"": 0.5515142377011959, ""weight"": 0.25}, {""p_home_win"": 0.775757118850598, ""weight"": 0.5}, {""p_home_win"": 1.0, ""weight"": 0.25}]",8.231684647957316,,elo,"{'home_advantage': 1.9202892024884384, 'scale': 0.044595124957907996, 'error_term': 12.880186243253933, 'win_prob_k': 6.632519658725869}",0.0,-3
2025-01-04,San Antonio Spurs,Denver Nuggets,111,122,False,False,2025-01-04|Denver Nuggets|San Antonio Spurs,,,,2025-01-04|Denver Nuggets|San Antonio Spurs,0.5566312274776698,"[{""p_home_win"": 0.1132624549553396, ""weight"": 0.25}, {""p_home_win"": 0.5566312274776698, ""weight"": 0.5}, {""p_home_win"": 1.0, ""weight"": 0.25}]",1.508905412868538,,elo,"{'home_advantage': 1.9202892024884384, 'scale': 0.044595124957907996, 'error_term': 12.880186243253933, 'win_prob_k': 6.632519658725869}",0.0,-11
2025-01-04,Golden State Warriors,Memphis Grizzlies,121,113,False,False,2025-01-04|Memphis Grizzlies|Golden State Warriors,,,,2025-01-04|Memphis Grizzlies|Golden State Warriors,0.4171323962849733,"[{""p_home_win"": 0.0, ""weight"": 0.25}, {""p_home_win"": 0.4171323962849733, ""weight"": 0.5}, {""p_home_win"": 0.8342647925699466, ""weight"": 0.25}]",-2.218951881637486,,elo,"{'home_advantage': 1.9202892024884384, 'scale': 0.044595124957907996, 'error_term': 12.880186243253933, 'win_prob_k': 6.632519658725869}",1.0,8
2025-01-04,Los Angeles Clippers,Atlanta Hawks,131,105,False,False,2025-01-04|Atlanta Hawks|Los Angeles Clippers,,,,2025-01-04|Atlanta Hawks|Los Angeles Clippers,0.5956151883975441,"[{""p_home_win"": 0.19123037679508825, ""weight"": 0.25}, {""p_home_win"": 0.5956151883975441, ""weight"": 0.5}, {""p_home_win"": 1.0, ""weight"": 0.25}]",2.568296479445032,,elo,"{'home_advantage': 1.9202892024884384, 'scale': 0.044595124957907996, 'error_term': 12.880186243253933, 'win_prob_k': 6.632519658725869}",1.0,26
2025-01-05,Oklahoma City Thunder,Boston Celtics,105,92,False,False,2025-01-05|Boston Celtics|Oklahoma City Thunder,,,,2025-01-05|Boston Celtics|Oklahoma City Thunder,0.7541370951795365,"[{""p_home_win"": 0.5082741903590731, ""weight"": 0.25}, {""p_home_win"": 0.7541370951795365, ""weight"": 0.5}, {""p_home_win"": 1.0, ""weight"": 0.25}]",7.361977568178364,,elo,"{'home_advantage': 1.9072337562987167, 'scale': 0.04437305156842605, 'error_term': 13.176366737471971, 'win_prob_k': 6.568501929370221}",1.0,13
2025-01-05,Cleveland Cavaliers,Charlotte Hornets,115,105,False,False,2025-01-05|Charlotte Hornets|Cleveland Cavaliers,,,,2025-01-05|Charlotte Hornets|Cleveland Cavaliers,0.9698799941861662,"[{""p_home_win"": 0.9397599883723324, ""weight"": 0.25}, {""p_home_win"": 0.9698799941861662, ""weight"": 0.5}, {""p_home_win"": 1.0, ""weight"": 0.25}]",22.805725395766636,,elo,"{'home_advantage': 1.9072337562987167, 'scale': 0.04437305156842605, 'error_term': 13.176366737471971, 'win_prob_k': 6.568501929370221}",1.0,10
2025-01-05,Washington Wizards,New Orleans Pelicans,98,110,False,False,2025-01-05|New Orleans Pelicans|Washington Wizards,,,,2025-01-05|New Orleans Pelicans|Washington Wizards,0.6453417469230953,"[{""p_home_win"": 0.29068349384619063, ""weight"": 0.25}, {""p_home_win"": 0.6453417469230953, ""weight"": 0.5}, {""p_home_win"": 1.0, ""weight"": 0.25}]",3.932071820610715,,elo,"{'home_advantage': 1.9072337562987167, 'scale': 0.04437305156842605, 'error_term': 13.176366737471971, 'win_prob_k': 6.568501929370221}",0.0,-12
2025-01-05,Orlando Magic,Utah Jazz,92,105,False,False,2025-01-05|Utah Jazz|Orlando Magic,,,,2025-01-05|Utah Jazz|Orlando Magic,0.8135085727915026,"[{""p_home_win"": 0.6270171455830051, ""weight"": 0.25}, {""p_home_win"": 0.8135085727915026, ""weight"": 0.5}, {""p_home_win"": 1.0, ""weight"": 0.25}]",9.675214126047809,,elo,"{'home_advantage': 1.9072337562987167, 'scale': 0.04437305156842605, 'error_term': 13.176366737471971, 'win_prob_k': 6.568501929370221}",0.0,-13
2025-01-05,Houston Rockets,Los Angeles Lakers,119,115,False,False,2025-01-05|Los Angeles Lakers|Houston Rockets,,,,2025-01-05|Los Angeles Lakers|Houston Rockets,0.5710975315955102,"[{""p_home_win"": 0.1421950631910205, ""weight"": 0.25}, {""p_home_win"": 0.5710975315955102, ""weight"": 0.5}, {""p_home_win"": 1.0, ""weight"": 0.25}]",1.880762157691315,,elo,"{'home_advantage': 1.9072337562987167, 'scale': 0.04437305156842605, 'error_term': 13.176366737471971, 'win_prob_k': 6.568501929370221}",1.0,4
2025-01-05,Golden State Warriors,Sacramento Kings,99,129,False,False,2025-01-05|Sacramento Kings|Golden State Warriors,,,,2025-01-05|Sacramento Kings|Golden State Warriors,0.6298538797845357,"[{""p_home_win"": 0.25970775956907133, ""weight"": 0.25}, {""p_home_win"": 0.6298538797845357, ""weight"": 0.5}, {""p_home_win"": 1.0, ""weight"": 0.25}]",3.4917499961691596,,elo,"{'home_advantage': 1.9072337562987167, 'scale': 0.04437305156842605, 'error_term': 13.176366737471971, 'win_prob_k': 6.568501929370221}",0.0,-30
2025-01-06,Detroit Pistons,Portland Trail Blazers,118,115,False,False,2025-01-06|Portland Trail Blazers|Detroit Pistons,,,,2025-01-06|Portland Trail Blazers|Detroit Pistons,0.7213449911648084,"[{""p_home_win"": 0.44268998232961687, ""weight"": 0.25}, {""p_home_win"": 0.7213449911648084, ""weight"": 0.5}, {""p_home_win"": 1.0, ""weight"": 0.25}]",6.227595722580121,,elo,"{'home_advantage': 1.7630053965061152, 'scale': 0.04405790790666979, 'error_term': 13.228096819344383, 'win_prob_k': 6.547486097272969}",1.0,3
2025-01-06,Philadelphia 76ers,Phoenix Suns,99,109,False,False,2025-01-06|Phoenix Suns|Philadelphia 76ers,,,,2025-01-06|Phoenix Suns|Philadelphia 76ers,0.7051499561930479,"[{""p_home_win"": 0.41029991238609576, ""weight"": 0.25}, {""p_home_win"": 0.7051499561930479, ""weight"": 0.5}, {""p_home_win"": 1.0, ""weight"": 0.25}]",5.709038487257985,,elo,"{'home_advantage': 1.7630053965061152, 'scale': 0.04405790790666979, 'error_term': 13.228096819344383, 'win_prob_k': 6.547486097272969}",0.0,-10
2025-01-06,Brooklyn Nets,Indiana Pacers,99,113,False,False,2025-01-06|Indiana Pacers|Brooklyn Nets,,,,2025-01-06|Indiana Pacers|Brooklyn Nets,0.35565903938987425,"[{""p_home_win"": 0.0, ""weight"": 0.25}, {""p_home_win"": 0.35565903938987425, ""weight"": 0.5}, {""p_home_win"": 0.7113180787797485, ""weight"": 0.25}]",-3.890879693562639,,elo,"{'home_advantage': 1.7630053965061152, 'scale': 0.04405790790666979, 'error_term': 13.228096819344383, 'win_prob_k': 6.547486097272969}",0.0,-14
2025-01-06,New York Knicks,Orlando Magic,94,103,False,False,2025-01-06|Orlando Magic|New York Knicks,,,,2025-01-06|Orlando Magic|New York Knicks,0.7065099842654369,"[{""p_home_win"": 0.41301996853087375, ""weight"": 0.25}, {""p_home_win"": 0.7065099842654369, ""weight"": 0.5}, {""p_home_win"": 1.0, ""weight"": 0.25}]",5.751925374281033,,elo,"{'home_advantage': 1.7630053965061152, 'scale': 0.04405790790666979, 'error_term': 13.228096819344383, 'win_prob_k': 6.547486097272969}",0.0,-9
2025-01-06,Toronto Raptors,Milwaukee Bucks,104,128,False,False,2025-01-06|Milwaukee Bucks|Toronto Raptors,,,,2025-01-06|Milwaukee Bucks|Toronto Raptors,0.27380009616737166,"[{""p_home_win"": 0.0, ""weight"": 0.25}, {""p_home_win"": 0.27380009616737166, ""weight"": 0.5}, {""p_home_win"": 0.5476001923347433, ""weight"": 0.25}]",-6.386595130414964,,elo,"{'home_advantage': 1.7630053965061152, 'scale': 0.04405790790666979, 'error_term': 13.228096819344383, 'win_prob_k': 6.547486097272969}",0.0,-24
2025-01-06,Chicago Bulls,San Antonio Spurs,114,110,False,False,2025-01-06|San Antonio Spurs|Chicago Bulls,,,,2025-01-06|San Antonio Spurs|Chicago Bulls,0.5453948214467034,"[{""p_home_win"": 0.09078964289340674, ""weight"": 0.25}, {""p_home_win"": 0.5453948214467034, ""weight"": 0.5}, {""p_home_win"": 1.0, ""weight"": 0.25}]",1.1921706724220862,,elo,"{'home_advantage': 1.7630053965061152, 'scale': 0.04405790790666979, 'error_term': 13.228096819344383, 'win_prob_k': 6.547486097272969}",1.0,4
2025-01-06,Memphis Grizzlies,Dallas Mavericks,119,104,False,False,2025-01-06|Dallas Mavericks|Memphis Grizzlies,,,,2025-01-06|Dallas Mavericks|Memphis Grizzlies,0.6375072735126338,"[{""p_home_win"": 0.2750145470252676, ""weight"": 0.25}, {""p_home_win"": 0.6375072735126338, ""weight"": 0.5}, {""p_home_win"": 1.0, ""weight"": 0.25}]",3.6964571133167237,,elo,"{'home_advantage': 1.7630053965061152, 'scale': 0.04405790790666979, 'error_term': 13.228096819344383, 'win_prob_k': 6.547486097272969}",1.0,15
2025-01-06,Minnesota Timberwolves,Los Angeles Clippers,108,106,False,False,2025-01-06|Los Angeles Clippers|Minnesota Timberwolves,,,,2025-01-06|Los Angeles Clippers|Minnesota Timberwolves,0.4829534993715188,"[{""p_home_win"": 0.0, ""weight"": 0.25}, {""p_home_win"": 0.4829534993715188, ""weight"": 0.5}, {""p_home_win"": 0.9659069987430376, ""weight"": 0.25}]",-0.4466199975037006,,elo,"{'home_advantage': 1.7630053965061152, 'scale': 0.04405790790666979, 'error_term': 13.228096819344383, 'win_prob_k': 6.547486097272969}",1.0,2
2025-01-06,Sacramento Kings,Miami Heat,123,118,False,False,2025-01-06|Miami Heat|Sacramento Kings,,,,2025-01-06|Miami Heat|Sacramento Kings,0.5745313574707218,"[{""p_home_win"": 0.14906271494144363, ""weight"": 0.25}, {""p_home_win"": 0.5745313574707218, ""weight"": 0.5}, {""p_home_win"": 1.0, ""weight"": 0.25}]",1.966625370788054,,elo,"{'home_advantage': 1.7630053965061152, 'scale': 0.04405790790666979, 'error_term': 13.228096819344383, 'win_prob_k': 6.547486097272969}",1.0,5
2025-01-07,Charlotte Hornets,Phoenix Suns,115,104,False,False,2025-01-07|Phoenix Suns|Charlotte Hornets,,,,2025-01-07|Phoenix Suns|Charlotte Hornets,0.28518807382370237,"[{""p_home_win"": 0.0, ""weight"": 0.25}, {""p_home_win"": 0.28518807382370237, ""weight"": 0.5}, {""p_home_win"": 0.5703761476474047, ""weight"": 0.25}]",-6.0301573221664775,,elo,"{'home_advantage': 1.6604260981936299, 'scale': 0.04390629139744969, 'error_term': 13.178646079520554, 'win_prob_k': 6.5625751241182435}",1.0,11
2025-01-07,Washington Wizards,Houston Rockets,112,135,False,False,2025-01-07|Houston Rockets|Washington Wizards,,,,2025-01-07|Houston Rockets|Washington Wizards,0.1687972139461191,"[{""p_home_win"": 0.0, ""weight"": 0.25}, {""p_home_win"": 0.1687972139461191, ""weight"": 0.5}, {""p_home_win"": 0.3375944278922382, ""weight"": 0.25}]",-10.461897888485854,,elo,"{'home_advantage': 1.6604260981936299, 'scale': 0.04390629139744969, 'error_term': 13.178646079520554, 'win_prob_k': 6.5625751241182435}",0.0,-23
2025-01-07,Dallas Mavericks,Los Angeles Lakers,118,97,False,False,2025-01-07|Los Angeles Lakers|Dallas Mavericks,,,,2025-01-07|Los Angeles Lakers|Dallas Mavericks,0.4834878500134988,"[{""p_home_win"": 0.0, ""weight"": 0.25}, {""p_home_win"": 0.4834878500134988, ""weight"": 0.5}, {""p_home_win"": 0.9669757000269976, ""weight"": 0.25}]",-0.43360657593643026,,elo,"{'home_advantage': 1.6604260981936299, 'scale': 0.04390629139744969, 'error_term': 13.178646079520554, 'win_prob_k': 6.5625751241182435}",1.0,21
2025-01-07,New Orleans Pelicans,Minnesota Timberwolves,97,104,False,False,2025-01-07|Minnesota Timberwolves|New Orleans Pelicans,,,,2025-01-07|Minnesota Timberwolves|New Orleans Pelicans,0.21999834860749112,"[{""p_home_win"": 0.0, ""weight"": 0.25}, {""p_home_win"": 0.21999834860749112, ""weight"": 0.5}, {""p_home_win"": 0.43999669721498225, ""weight"": 0.25}]",-8.306093812165184,,elo,"{'home_advantage': 1.6604260981936299, 'scale': 0.04390629139744969, 'error_term': 13.178646079520554, 'win_prob_k': 6.5625751241182435}",0.0,-7
2025-01-07,Utah Jazz,Atlanta Hawks,121,124,False,False,2025-01-07|Atlanta Hawks|Utah Jazz,,,,2025-01-07|Atlanta Hawks|Utah Jazz,0.3723308813703529,"[{""p_home_win"": 0.0, ""weight"": 0.25}, {""p_home_win"": 0.3723308813703529, ""weight"": 0.5}, {""p_home_win"": 0.7446617627407058, ""weight"": 0.25}]",-3.427175060498819,,elo,"{'home_advantage': 1.6604260981936299, 'scale': 0.04390629139744969, 'error_term': 13.178646079520554, 'win_prob_k': 6.5625751241182435}",0.0,-3
2025-01-07,Denver Nuggets,Boston Celtics,106,118,False,False,2025-01-07|Boston Celtics|Denver Nuggets,,,,2025-01-07|Boston Celtics|Denver Nuggets,0.4737967537545076,"[{""p_home_win"": 0.0, ""weight"": 0.25}, {""p_home_win"": 0.4737967537545076, ""weight"": 0.5}, {""p_home_win"": 0.9475935075090152, ""weight"": 0.25}]",-0.688473834332926,,elo,"{'home_advantage': 1.6604260981936299, 'scale': 0.04390629139744969, 'error_term': 13.178646079520554, 'win_prob_k': 6.5625751241182435}",0.0,-12
2025-01-07,Golden State Warriors,Miami Heat,98,114,False,False,2025-01-07|Miami Heat|Golden State Warriors,,,,2025-01-07|Miami Heat|Golden State Warriors,0.5890031252510327,"[{""p_home_win"": 0.17800625050206542, ""weight"": 0.25}, {""p_home_win"": 0.5890031252510327, ""weight"": 0.5}, {""p_home_win"": 1.0, ""weight"": 0.25}]",2.3615156154607897,,elo,"{'home_advantage': 1.6604260981936299, 'scale': 0.04390629139744969, 'error_term': 13.178646079520554, 'win_prob_k': 6.5625751241182435}",0.0,-16
2025-01-08,Cleveland Cavaliers,Oklahoma City Thunder,129,122,False,False,2025-01-08|Oklahoma City Thunder|Cleveland Cavaliers,,,,2025-01-08|Oklahoma City Thunder|Cleveland Cavaliers,0.5151928576331627,"[{""p_home_win"": 0.030385715266325386, ""weight"": 0.25}, {""p_home_win"": 0.5151928576331627, ""weight"": 0.5}, {""p_home_win"": 1.0, ""weight"": 0.25}]",0.40684257372528543,,elo,"{'home_advantage': 1.6636337603351754, 'scale': 0.04434633799090584, 'error_term': 13.115331109088093, 'win_prob_k': 6.692574584158798}",1.0,7
2025-01-08,Indiana Pacers,Chicago Bulls,129,113,False,False,2025-01-08|Chicago Bulls|Indiana Pacers,,,,2025-01-08|Chicago Bulls|Indiana Pacers,0.597971910287133,"[{""p_home_win"": 0.19594382057426607, ""weight"": 0.25}, {""p_home_win"": 0.597971910287133, ""weight"": 0.5}, {""p_home_win"": 1.0, ""weight"": 0.25}]",2.6570981351816543,,elo,"{'home_advantage': 1.6636337603351754, 'scale': 0.04434633799090584, 'error_term': 13.115331109088093, 'win_prob_k': 6.692574584158798}",1.0,16
2025-01-08,Philadelphia 76ers,Washington Wizards,109,103,False,False,2025-01-08|Washington Wizards|Philadelphia 76ers,,,,2025-01-08|Washington Wizards|Philadelphia 76ers,0.7995786569066626,"[{""p_home_win"": 0.5991573138133253, ""weight"": 0.25}, {""p_home_win"": 0.7995786569066626, ""weight"": 0.5}, {""p_home_win"": 1.0, ""weight"": 0.25}]",9.260268121687211,,elo,"{'home_advantage': 1.6636337603351754, 'scale': 0.04434633799090584, 'error_term': 13.115331109088093, 'win_prob_k': 6.692574584158798}",1.0,6
2025-01-08,Brooklyn Nets,Detroit Pistons,98,113,False,False,2025-01-08|Detroit Pistons|Brooklyn Nets,,,,2025-01-08|Detroit Pistons|Brooklyn Nets,0.30943032876854565,"[{""p_home_win"": 0.0, ""weight"": 0.25}, {""p_home_win"": 0.30943032876854565, ""weight"": 0.5}, {""p_home_win"": 0.6188606575370913, ""weight"": 0.25}]",-5.372691190267927,,elo,"{'home_advantage': 1.6636337603351754, 'scale': 0.04434633799090584, 'error_term': 13.115331109088093, 'win_prob_k': 6.692574584158798}",0.0,-15
2025-01-08,New York Knicks,Toronto Raptors,112,98,False,False,2025-01-08|Toronto Raptors|New York Knicks,,,,2025-01-08|Toronto Raptors|New York Knicks,0.8734258876633099,"[{""p_home_win"": 0.7468517753266197, ""weight"": 0.25}, {""p_home_win"": 0.8734258876633099, ""weight"": 0.5}, {""p_home_win"": 1.0, ""weight"": 0.25}]",12.927345449862088,,elo,"{'home_advantage': 1.6636337603351754, 'scale': 0.04434633799090584, 'error_term': 13.115331109088093, 'win_prob_k': 6.692574584158798}",1.0,14
2025-01-08,New Orleans Pelicans,Portland Trail Blazers,100,119,False,False,2025-01-08|Portland Trail Blazers|New Orleans Pelicans,,,,2025-01-08|Portland Trail Blazers|New Orleans Pelicans,0.3716039633685019,"[{""p_home_win"": 0.0, ""weight"": 0.25}, {""p_home_win"": 0.3716039633685019, ""weight"": 0.5}, {""p_home_win"": 0.7432079267370038, ""weight"": 0.25}]",-3.515890026724465,,elo,"{'home_advantage': 1.6636337603351754, 'scale': 0.04434633799090584, 'error_term': 13.115331109088093, 'win_prob_k': 6.692574584158798}",0.0,-19
2025-01-08,Denver Nuggets,Los Angeles Clippers,126,103,False,False,2025-01-08|Los Angeles Clippers|Denver Nuggets,,,,2025-01-08|Los Angeles Clippers|Denver Nuggets,0.5673657289090442,"[{""p_home_win"": 0.13473145781808848, ""weight"": 0.25}, {""p_home_win"": 0.5673657289090442, ""weight"": 0.5}, {""p_home_win"": 1.0, ""weight"": 0.25}]",1.8144331897508867,,elo,"{'home_advantage': 1.6636337603351754, 'scale': 0.04434633799090584, 'error_term': 13.115331109088093, 'win_prob_k': 6.692574584158798}",1.0,23
2025-01-08,Milwaukee Bucks,San Antonio Spurs,121,105,False,False,2025-01-08|San Antonio Spurs|Milwaukee Bucks,,,,2025-01-08|San Antonio Spurs|Milwaukee Bucks,0.6195619030594903,"[{""p_home_win"": 0.23912380611898065, ""weight"": 0.25}, {""p_home_win"": 0.6195619030594903, ""weight"": 0.5}, {""p_home_win"": 1.0, ""weight"": 0.25}]",3.2638959765496813,,elo,"{'home_advantage': 1.6636337603351754, 'scale': 0.04434633799090584, 'error_term': 13.115331109088093, 'win_prob_k': 6.692574584158798}",1.0,16
2025-01-09,Cleveland Cavaliers,Toronto Raptors,132,126,False,False,2025-01-09|Toronto Raptors|Cleveland Cavaliers,,,,2025-01-09|Toronto Raptors|Cleveland Cavaliers,0.9584453801383156,"[{""p_home_win"": 0.9168907602766312, ""weight"": 0.25}, {""p_home_win"": 0.9584453801383156, ""weight"": 0.5}, {""p_home_win"": 1.0, ""weight"": 0.25}]",20.79563695510933,,elo,"{'home_advantage': 1.735907876508654, 'scale': 0.04312552494280505, 'error_term': 13.114631153494946, 'win_prob_k': 6.6263936816244176}",1.0,6
2025-01-09,Detroit Pistons,Golden State Warriors,104,107,False,False,2025-01-09|Golden State Warriors|Detroit Pistons,,,,2025-01-09|Golden State Warriors|Detroit Pistons,0.6923105832711872,"[{""p_home_win"": 0.38462116654237444, ""weight"": 0.25}, {""p_home_win"": 0.6923105832711872, ""weight"": 0.5}, {""p_home_win"": 1.0, ""weight"": 0.25}]",5.373632791095522,,elo,"{'home_advantage': 1.735907876508654, 'scale': 0.04312552494280505, 'error_term': 13.114631153494946, 'win_prob_k': 6.6263936816244176}",0.0,-3
2025-01-09,Orlando Magic,Minnesota Timberwolves,89,104,False,False,2025-01-09|Minnesota Timberwolves|Orlando Magic,,,,2025-01-09|Minnesota Timberwolves|Orlando Magic,0.5516122380080594,"[{""p_home_win"": 0.10322447601611873, ""weight"": 0.25}, {""p_home_win"": 0.5516122380080594, ""weight"": 0.5}, {""p_home_win"": 1.0, ""weight"": 0.25}]",1.3729021893316724,,elo,"{'home_advantage': 1.735907876508654, 'scale': 0.04312552494280505, 'error_term': 13.114631153494946, 'win_prob_k': 6.6263936816244176}",0.0,-15
2025-01-09,Dallas Mavericks,Portland Trail Blazers,117,111,False,False,2025-01-09|Portland Trail Blazers|Dallas Mavericks,,,,2025-01-09|Portland Trail Blazers|Dallas Mavericks,0.7004570817298966,"[{""p_home_win"": 0.40091416345979325, ""weight"": 0.25}, {""p_home_win"": 0.7004570817298966, ""weight"": 0.5}, {""p_home_win"": 1.0, ""weight"": 0.25}]",5.628958349213689,,elo,"{'home_advantage': 1.735907876508654, 'scale': 0.04312552494280505, 'error_term': 13.114631153494946, 'win_prob_k': 6.6263936816244176}",1.0,6
2025-01-09,Memphis Grizzlies,Houston Rockets,115,119,False,False,2025-01-09|Houston Rockets|Memphis Grizzlies,,,,2025-01-09|Houston Rockets|Memphis Grizzlies,0.5408557555483722,"[{""p_home_win"": 0.08171151109674435, ""weight"": 0.25}, {""p_home_win"": 0.5408557555483722, ""weight"": 0.5}, {""p_home_win"": 1.0, ""weight"": 0.25}]",1.0853250865504211,,elo,"{'home_advantage': 1.735907876508654, 'scale': 0.04312552494280505, 'error_term': 13.114631153494946, 'win_prob_k': 6.6263936816244176}",0.0,-4
2025-01-09,Phoenix Suns,Atlanta Hawks,123,115,False,False,2025-01-09|Atlanta Hawks|Phoenix Suns,,,,2025-01-09|Atlanta Hawks|Phoenix Suns,0.3748519080088707,"[{""p_home_win"": 0.0, ""weight"": 0.25}, {""p_home_win"": 0.3748519080088707, ""weight"": 0.5}, {""p_home_win"": 0.7497038160177414, ""weight"": 0.25}]",-3.389118964155175,,elo,"{'home_advantage': 1.735907876508654, 'scale': 0.04312552494280505, 'error_term': 13.114631153494946, 'win_prob_k': 6.6263936816244176}",1.0,8
2025-01-09,Utah Jazz,Miami Heat,92,97,False,False,2025-01-09|Miami Heat|Utah Jazz,,,,2025-01-09|Miami Heat|Utah Jazz,0.37422375372965927,"[{""p_home_win"": 0.0, ""weight"": 0.25}, {""p_home_win"": 0.37422375372965927, ""weight"": 0.5}, {""p_home_win"": 0.7484475074593185, ""weight"": 0.25}]",-3.406887305822212,,elo,"{'home_advantage': 1.735907876508654, 'scale': 0.04312552494280505, 'error_term': 13.114631153494946, 'win_prob_k': 6.6263936816244176}",0.0,-5
2025-01-10,Indiana Pacers,Golden State Warriors,108,96,False,False,2025-01-10|Golden State Warriors|Indiana Pacers,,,,2025-01-10|Golden State Warriors|Indiana Pacers,0.6599166274963513,"[{""p_home_win"": 0.31983325499270254, ""weight"": 0.25}, {""p_home_win"": 0.6599166274963513, ""weight"": 0.5}, {""p_home_win"": 1.0, ""weight"": 0.25}]",4.345771588551139,,elo,"{'home_advantage': 1.6499721324579923, 'scale': 0.04322064805876407, 'error_term': 13.010316709769068, 'win_prob_k': 6.555472546892812}",1.0,12
2025-01-10,Orlando Magic,Milwaukee Bucks,106,109,False,False,2025-01-10|Milwaukee Bucks|Orlando Magic,,,,2025-01-10|Milwaukee Bucks|Orlando Magic,0.514654742465401,"[{""p_home_win"": 0.029309484930801988, ""weight"": 0.25}, {""p_home_win"": 0.514654742465401, ""weight"": 0.5}, {""p_home_win"": 1.0, ""weight"": 0.25}]",0.3843851410412247,,elo,"{'home_advantage': 1.6499721324579923, 'scale': 0.04322064805876407, 'error_term': 13.010316709769068, 'win_prob_k': 6.555472546892812}",0.0,-3
2025-01-10,Philadelphia 76ers,New Orleans Pelicans,115,123,False,False,2025-01-10|New Orleans Pelicans|Philadelphia 76ers,,,,2025-01-10|New Orleans Pelicans|Philadelphia 76ers,0.825787876300707,"[{""p_home_win"": 0.6515757526014141, ""weight"": 0.25}, {""p_home_win"": 0.825787876300707, ""weight"": 0.5}, {""p_home_win"": 1.0, ""weight"": 0.25}]",10.200736627794493,,elo,"{'home_advantage': 1.6499721324579923, 'scale': 0.04322064805876407, 'error_term': 13.010316709769068, 'win_prob_k': 6.555472546892812}",0.0,-8
2025-01-10,Boston Celtics,Sacramento Kings,97,114,False,False,2025-01-10|Sacramento Kings|Boston Celtics,,,,2025-01-10|Sacramento Kings|Boston Celtics,0.7236035332443431,"[{""p_home_win"": 0.44720706648868624, ""weight"": 0.25}, {""p_home_win"": 0.7236035332443431, ""weight"": 0.5}, {""p_home_win"": 1.0, ""weight"": 0.25}]",6.309034815341993,,elo,"{'home_advantage': 1.6499721324579923, 'scale': 0.04322064805876407, 'error_term': 13.010316709769068, 'win_prob_k': 6.555472546892812}",0.0,-17
2025-01-10,New York Knicks,Oklahoma City Thunder,101,126,False,False,2025-01-10|Oklahoma City Thunder|New York Knicks,,,,2025-01-10|Oklahoma City Thunder|New York Knicks,0.31216883053533306,"[{""p_home_win"": 0.0, ""weight"": 0.25}, {""p_home_win"": 0.31216883053533306, ""weight"": 0.5}, {""p_home_win"": 0.6243376610706661, ""weight"": 0.25}]",-5.178818393040998,,elo,"{'home_advantage': 1.6499721324579923, 'scale': 0.04322064805876407, 'error_term': 13.010316709769068, 'win_prob_k': 6.555472546892812}",0.0,-25
2025-01-10,Chicago Bulls,Washington Wizards,138,105,False,False,2025-01-10|Washington Wizards|Chicago Bulls,,,,2025-01-10|Washington Wizards|Chicago Bulls,0.8369416992318938,"[{""p_home_win"": 0.6738833984637875, ""weight"": 0.25}, {""p_home_win"": 0.8369416992318938, ""weight"": 0.5}, {""p_home_win"": 1.0, ""weight"": 0.25}]",10.722436404616955,,elo,"{'home_advantage': 1.6499721324579923, 'scale': 0.04322064805876407, 'error_term': 13.010316709769068, 'win_prob_k': 6.555472546892812}",1.0,33
2025-01-10,Denver Nuggets,Brooklyn Nets,124,105,False,False,2025-01-10|Brooklyn Nets|Denver Nuggets,,,,2025-01-10|Brooklyn Nets|Denver Nuggets,0.814744127875349,"[{""p_home_win"": 0.629488255750698, ""weight"": 0.25}, {""p_home_win"": 0.814744127875349, ""weight"": 0.5}, {""p_home_win"": 1.0, ""weight"": 0.25}]",9.709547358833454,,elo,"{'home_advantage': 1.6499721324579923, 'scale': 0.04322064805876407, 'error_term': 13.010316709769068, 'win_prob_k': 6.555472546892812}",1.0,19
2025-01-11,Phoenix Suns,Utah Jazz,114,106,False,False,2025-01-11|Utah Jazz|Phoenix Suns,,,,2025-01-11|Utah Jazz|Phoenix Suns,0.6565062412550412,"[{""p_home_win"": 0.3130124825100824, ""weight"": 0.25}, {""p_home_win"": 0.6565062412550412, ""weight"": 0.5}, {""p_home_win"": 1.0, ""weight"": 0.25}]",4.347643360934274,,elo,"{'home_advantage': 1.5869669133228517, 'scale': 0.043037218559286536, 'error_term': 13.096139843476868, 'win_prob_k': 6.711778265968697}",1.0,8
2025-01-11,Detroit Pistons,Toronto Raptors,123,114,False,False,2025-01-11|Toronto Raptors|Detroit Pistons,,,,2025-01-11|Toronto Raptors|Detroit Pistons,0.8401820966892803,"[{""p_home_win"": 0.6803641933785607, ""weight"": 0.25}, {""p_home_win"": 0.8401820966892803, ""weight"": 0.5}, {""p_home_win"": 1.0, ""weight"": 0.25}]",11.13875705195442,,elo,"{'home_advantage': 1.5869669133228517, 'scale': 0.043037218559286536, 'error_term': 13.096139843476868, 'win_prob_k': 6.711778265968697}",1.0,9
2025-01-11,Minnesota Timberwolves,Memphis Grizzlies,125,127,False,False,2025-01-11|Memphis Grizzlies|Minnesota Timberwolves,,,,2025-01-11|Memphis Grizzlies|Minnesota Timberwolves,0.5682485445141754,"[{""p_home_win"": 0.13649708902835078, ""weight"": 0.25}, {""p_home_win"": 0.5682485445141754, ""weight"": 0.5}, {""p_home_win"": 1.0, ""weight"": 0.25}]",1.8437846421040882,,elo,"{'home_advantage': 1.5869669133228517, 'scale': 0.043037218559286536, 'error_term': 13.096139843476868, 'win_prob_k': 6.711778265968697}",0.0,-2
2025-01-11,Portland Trail Blazers,Miami Heat,98,119,False,False,2025-01-11|Miami Heat|Portland Trail Blazers,,,,2025-01-11|Miami Heat|Portland Trail Blazers,0.4036356376385793,"[{""p_home_win"": 0.0, ""weight"": 0.25}, {""p_home_win"": 0.4036356376385793, ""weight"": 0.5}, {""p_home_win"": 0.8072712752771586, ""weight"": 0.25}]",-2.6198704443691048,,elo,"{'home_advantage': 1.5869669133228517, 'scale': 0.043037218559286536, 'error_term': 13.096139843476868, 'win_prob_k': 6.711778265968697}",0.0,-21
2025-01-12,Dallas Mavericks,Denver Nuggets,101,112,False,False,2025-01-12|Denver Nuggets|Dallas Mavericks,,,,2025-01-12|Denver Nuggets|Dallas Mavericks,0.4970413749802955,"[{""p_home_win"": 0.0, ""weight"": 0.25}, {""p_home_win"": 0.4970413749802955, ""weight"": 0.5}, {""p_home_win"": 0.994082749960591, ""weight"": 0.25}]",-0.07928502975041019,,elo,"{'home_advantage': 1.5364518981044213, 'scale': 0.042717011827450455, 'error_term': 13.04930846836976, 'win_prob_k': 6.69940460988993}",0.0,-11
2025-01-12,New York Knicks,Milwaukee Bucks,140,106,False,False,2025-01-12|Milwaukee Bucks|New York Knicks,,,,2025-01-12|Milwaukee Bucks|New York Knicks,0.570103190377789,"[{""p_home_win"": 0.140206380755578, ""weight"": 0.25}, {""p_home_win"": 0.570103190377789, ""weight"": 0.5}, {""p_home_win"": 1.0, ""weight"": 0.25}]",1.891055530057885,,elo,"{'home_advantage': 1.5364518981044213, 'scale': 0.042717011827450455, 'error_term': 13.04930846836976, 'win_prob_k': 6.69940460988993}",1.0,34
2025-01-12,Chicago Bulls,Sacramento Kings,119,124,False,False,2025-01-12|Sacramento Kings|Chicago Bulls,,,,2025-01-12|Sacramento Kings|Chicago Bulls,0.4958917926511299,"[{""p_home_win"": 0.0, ""weight"": 0.25}, {""p_home_win"": 0.4958917926511299, ""weight"": 0.5}, {""p_home_win"": 0.9917835853022599, ""weight"": 0.25}]",-0.11009265048239492,,elo,"{'home_advantage': 1.5364518981044213, 'scale': 0.042717011827450455, 'error_term': 13.04930846836976, 'win_prob_k': 6.69940460988993}",0.0,-5
2025-01-12,Boston Celtics,New Orleans Pelicans,120,119,False,False,2025-01-12|New Orleans Pelicans|Boston Celtics,,,,2025-01-12|New Orleans Pelicans|Boston Celtics,0.8874794300318869,"[{""p_home_win"": 0.7749588600637738, ""weight"": 0.25}, {""p_home_win"": 0.8874794300318869, ""weight"": 0.5}, {""p_home_win"": 1.0, ""weight"": 0.25}]",13.835940644551124,,elo,"{'home_advantage': 1.5364518981044213, 'scale': 0.042717011827450455, 'error_term': 13.04930846836976, 'win_prob_k': 6.69940460988993}",1.0,1
2025-01-12,Cleveland Cavaliers,Indiana Pacers,93,108,False,False,2025-01-12|Indiana Pacers|Cleveland Cavaliers,,,,2025-01-12|Indiana Pacers|Cleveland Cavaliers,0.8004093724845557,"[{""p_home_win"": 0.6008187449691114, ""weight"": 0.25}, {""p_home_win"": 0.8004093724845557, ""weight"": 0.5}, {""p_home_win"": 1.0, ""weight"": 0.25}]",9.304500959405805,,elo,"{'home_advantage': 1.5364518981044213, 'scale': 0.042717011827450455, 'error_term': 13.04930846836976, 'win_prob_k': 6.69940460988993}",0.0,-15
2025-01-12,Orlando Magic,Philadelphia 76ers,104,99,False,False,2025-01-12|Philadelphia 76ers|Orlando Magic,,,,2025-01-12|Philadelphia 76ers|Orlando Magic,0.6244310042840944,"[{""p_home_win"": 0.24886200856818874, ""weight"": 0.25}, {""p_home_win"": 0.6244310042840944, ""weight"": 0.5}, {""p_home_win"": 1.0, ""weight"": 0.25}]",3.4059682194208847,,elo,"{'home_advantage': 1.5364518981044213, 'scale': 0.042717011827450455, 'error_term': 13.04930846836976, 'win_prob_k': 6.69940460988993}",1.0,5
2025-01-12,Washington Wizards,Oklahoma City Thunder,95,136,False,False,2025-01-12|Oklahoma City Thunder|Washington Wizards,,,,2025-01-12|Oklahoma City Thunder|Washington Wizards,0.05879173013846724,"[{""p_home_win"": 0.0, ""weight"": 0.25}, {""p_home_win"": 0.05879173013846724, ""weight"": 0.5}, {""p_home_win"": 0.11758346027693448, ""weight"": 0.25}]",-18.57854260886002,,elo,"{'home_advantage': 1.5364518981044213, 'scale': 0.042717011827450455, 'error_term': 13.04930846836976, 'win_prob_k': 6.69940460988993}",0.0,-41
2025-01-12,Utah Jazz,Brooklyn Nets,112,111,False,False,2025-01-12|Brooklyn Nets|Utah Jazz,,,,2025-01-12|Brooklyn Nets|Utah Jazz,0.5322420687507909,"[{""p_home_win"": 0.06448413750158188, ""weight"": 0.25}, {""p_home_win"": 0.5322420687507909, ""weight"": 0.5}, {""p_home_win"": 1.0, ""weight"": 0.25}]",0.8652112303708897,,elo,"{'home_advantage': 1.5364518981044213, 'scale': 0.042717011827450455, 'error_term': 13.04930846836976, 'win_prob_k': 6.69940460988993}",1.0,1
2025-01-12,Phoenix Suns,Charlotte Hornets,120,113,False,False,2025-01-12|Charlotte Hornets|Phoenix Suns,,,,2025-01-12|Charlotte Hornets|Phoenix Suns,0.7766445192302852,"[{""p_home_win"": 0.5532890384605704, ""weight"": 0.25}, {""p_home_win"": 0.7766445192302852, ""weight"": 0.5}, {""p_home_win"": 1.0, ""weight"": 0.25}]",8.348919652849272,,elo,"{'home_advantage': 1.5364518981044213, 'scale': 0.042717011827450455, 'error_term': 13.04930846836976, 'win_prob_k': 6.69940460988993}",1.0,7
2025-01-13,Washington Wizards,Minnesota Timberwolves,106,120,False,False,2025-01-13|Minnesota Timberwolves|Washington Wizards,,,,2025-01-13|Minnesota Timberwolves|Washington Wizards,0.19429299719500892,"[{""p_home_win"": 0.0, ""weight"": 0.25}, {""p_home_win"": 0.19429299719500892, ""weight"": 0.5}, {""p_home_win"": 0.38858599439001784, ""weight"": 0.25}]",-9.719130503628282,,elo,"{'home_advantage': 1.4766379543347028, 'scale': 0.04246925219726438, 'error_term': 13.10705099928995, 'win_prob_k': 6.833136067279463}",0.0,-14
2025-01-13,New York Knicks,Detroit Pistons,119,124,False,False,2025-01-13|Detroit Pistons|New York Knicks,,,,2025-01-13|Detroit Pistons|New York Knicks,0.627786502377433,"[{""p_home_win"": 0.2555730047548661, ""weight"": 0.25}, {""p_home_win"": 0.627786502377433, ""weight"": 0.5}, {""p_home_win"": 1.0, ""weight"": 0.25}]",3.5719025474333526,,elo,"{'home_advantage': 1.4766379543347028, 'scale': 0.04246925219726438, 'error_term': 13.10705099928995, 'win_prob_k': 6.833136067279463}",0.0,-5
2025-01-13,Toronto Raptors,Golden State Warriors,104,101,False,False,2025-01-13|Golden State Warriors|Toronto Raptors,,,,2025-01-13|Golden State Warriors|Toronto Raptors,0.2892929907280816,"[{""p_home_win"": 0.0, ""weight"": 0.25}, {""p_home_win"": 0.2892929907280816, ""weight"": 0.5}, {""p_home_win"": 0.5785859814561632, ""weight"": 0.25}]",-6.14176126624236,,elo,"{'home_advantage': 1.4766379543347028, 'scale': 0.04246925219726438, 'error_term': 13.10705099928995, 'win_prob_k': 6.833136067279463}",1.0,3
2025-01-13,Houston Rockets,Memphis Grizzlies,120,118,False,False,2025-01-13|Memphis Grizzlies|Houston Rockets,,,,2025-01-13|Memphis Grizzlies|Houston Rockets,0.6037803917595109,"[{""p_home_win"": 0.20756078351902185, ""weight"": 0.25}, {""p_home_win"": 0.6037803917595109, ""weight"": 0.5}, {""p_home_win"": 1.0, ""weight"": 0.25}]",2.8784033444020585,,elo,"{'home_advantage': 1.4766379543347028, 'scale': 0.04246925219726438, 'error_term': 13.10705099928995, 'win_prob_k': 6.833136067279463}",1.0,2
2025-01-13,Los Angeles Clippers,Miami Heat,109,98,False,False,2025-01-13|Miami Heat|Los Angeles Clippers,,,,2025-01-13|Miami Heat|Los Angeles Clippers,0.542218736045997,"[{""p_home_win"": 0.08443747209199404, ""weight"": 0.25}, {""p_home_win"": 0.542218736045997, ""weight"": 0.5}, {""p_home_win"": 1.0, ""weight"": 0.25}]",1.1566996868376906,,elo,"{'home_advantage': 1.4766379543347028, 'scale': 0.04246925219726438, 'error_term': 13.10705099928995, 'win_prob_k': 6.833136067279463}",1.0,11
2025-01-13,Los Angeles Lakers,San Antonio Spurs,102,126,False,False,2025-01-13|San Antonio Spurs|Los Angeles Lakers,,,,2025-01-13|San Antonio Spurs|Los Angeles Lakers,0.6278554088276486,"[{""p_home_win"": 0.25571081765529713, ""weight"": 0.25}, {""p_home_win"": 0.6278554088276486, ""weight"": 0.5}, {""p_home_win"": 1.0, ""weight"": 0.25}]",3.5739176271108537,,elo,"{'home_advantage': 1.4766379543347028, 'scale': 0.04246925219726438, 'error_term': 13.10705099928995, 'win_prob_k': 6.833136067279463}",0.0,-24
2025-01-14,Indiana Pacers,Cleveland Cavaliers,117,127,False,False,2025-01-14|Cleveland Cavaliers|Indiana Pacers,,,,2025-01-14|Cleveland Cavaliers|Indiana Pacers,0.36592452261564806,"[{""p_home_win"": 0.0, ""weight"": 0.25}, {""p_home_win"": 0.36592452261564806, ""weight"": 0.5}, {""p_home_win"": 0.7318490452312961, ""weight"": 0.25}]",-3.7739970641981126,,elo,"{'home_advantage': 1.4288078025554403, 'scale': 0.0424247191601108, 'error_term': 13.135999394610907, 'win_prob_k': 6.865046816763881}",0.0,-10
2025-01-14,Philadelphia 76ers,Oklahoma City Thunder,102,118,False,False,2025-01-14|Oklahoma City Thunder|Philadelphia 76ers,,,,2025-01-14|Oklahoma City Thunder|Philadelphia 76ers,0.14643279899285197,"[{""p_home_win"": 0.0, ""weight"": 0.25}, {""p_home_win"": 0.14643279899285197, ""weight"": 0.5}, {""p_home_win"": 0.29286559798570394, ""weight"": 0.25}]",-12.102100378628215,,elo,"{'home_advantage': 1.4288078025554403, 'scale': 0.0424247191601108, 'error_term': 13.135999394610907, 'win_prob_k': 6.865046816763881}",0.0,-16
2025-01-14,Atlanta Hawks,Phoenix Suns,122,117,False,False,2025-01-14|Phoenix Suns|Atlanta Hawks,,,,2025-01-14|Phoenix Suns|Atlanta Hawks,0.6088236128107742,"[{""p_home_win"": 0.21764722562154848, ""weight"": 0.25}, {""p_home_win"": 0.6088236128107742, ""weight"": 0.5}, {""p_home_win"": 1.0, ""weight"": 0.25}]",3.036890864872665,,elo,"{'home_advantage': 1.4288078025554403, 'scale': 0.0424247191601108, 'error_term': 13.135999394610907, 'win_prob_k': 6.865046816763881}",1.0,5
2025-01-14,Chicago Bulls,New Orleans Pelicans,113,119,False,False,2025-01-14|New Orleans Pelicans|Chicago Bulls,,,,2025-01-14|New Orleans Pelicans|Chicago Bulls,0.7915449929747813,"[{""p_home_win"": 0.5830899859495626, ""weight"": 0.25}, {""p_home_win"": 0.7915449929747813, ""weight"": 0.5}, {""p_home_win"": 1.0, ""weight"": 0.25}]",9.1597813837616,,elo,"{'home_advantage': 1.4288078025554403, 'scale': 0.0424247191601108, 'error_term': 13.135999394610907, 'win_prob_k': 6.865046816763881}",0.0,-6
2025-01-14,Milwaukee Bucks,Sacramento Kings,130,115,False,False,2025-01-14|Sacramento Kings|Milwaukee Bucks,,,,2025-01-14|Sacramento Kings|Milwaukee Bucks,0.5171929262265011,"[{""p_home_win"": 0.0343858524530023, ""weight"": 0.25}, {""p_home_win"": 0.5171929262265011, ""weight"": 0.5}, {""p_home_win"": 1.0, ""weight"": 0.25}]",0.47230718251218395,,elo,"{'home_advantage': 1.4288078025554403, 'scale': 0.0424247191601108, 'error_term': 13.135999394610907, 'win_prob_k': 6.865046816763881}",1.0,15
2025-01-14,Dallas Mavericks,Denver Nuggets,99,118,False,False,2025-01-14|Denver Nuggets|Dallas Mavericks,,,,2025-01-14|Denver Nuggets|Dallas Mavericks,0.4388067971437699,"[{""p_home_win"": 0.0, ""weight"": 0.25}, {""p_home_win"": 0.4388067971437699, ""weight"": 0.5}, {""p_home_win"": 0.8776135942875398, ""weight"": 0.25}]",-1.688842829201441,,elo,"{'home_advantage': 1.4288078025554403, 'scale': 0.0424247191601108, 'error_term': 13.135999394610907, 'win_prob_k': 6.865046816763881}",0.0,-19
2025-01-14,Portland Trail Blazers,Brooklyn Nets,114,132,False,False,2025-01-14|Brooklyn Nets|Portland Trail Blazers,,,,2025-01-14|Brooklyn Nets|Portland Trail Blazers,0.6341209553255266,"[{""p_home_win"": 0.2682419106510532, ""weight"": 0.25}, {""p_home_win"": 0.6341209553255266, ""weight"": 0.5}, {""p_home_win"": 1.0, ""weight"": 0.25}]",3.7753426867008764,,elo,"{'home_advantage': 1.4288078025554403, 'scale': 0.0424247191601108, 'error_term': 13.135999394610907, 'win_prob_k': 6.865046816763881}",0.0,-18
2025-01-15,Philadelphia 76ers,New York Knicks,119,125,False,False,2025-01-15|New York Knicks|Philadelphia 76ers,,,,2025-01-15|New York Knicks|Philadelphia 76ers,0.3413704269380534,"[{""p_home_win"": 0.0, ""weight"": 0.25}, {""p_home_win"": 0.3413704269380534, ""weight"": 0.5}, {""p_home_win"": 0.6827408538761068, ""weight"": 0.25}]",-4.50127602519112,,elo,"{'home_advantage': 1.3574886790658454, 'scale': 0.04255306558913085, 'error_term': 13.121923338811046, 'win_prob_k': 6.849244318477455}",0.0,-6
2025-01-15,Toronto Raptors,Boston Celtics,110,97,False,False,2025-01-15|Boston Celtics|Toronto Raptors,,,,2025-01-15|Boston Celtics|Toronto Raptors,0.1774163331028753,"[{""p_home_win"": 0.0, ""weight"": 0.25}, {""p_home_win"": 0.1774163331028753, ""weight"": 0.5}, {""p_home_win"": 0.3548326662057506, ""weight"": 0.25}]",-10.506405617794242,,elo,"{'home_advantage': 1.3574886790658454, 'scale': 0.04255306558913085, 'error_term': 13.121923338811046, 'win_prob_k': 6.849244318477455}",1.0,13
2025-01-15,Chicago Bulls,Atlanta Hawks,94,110,False,False,2025-01-15|Atlanta Hawks|Chicago Bulls,,,,2025-01-15|Atlanta Hawks|Chicago Bulls,0.4691783981830217,"[{""p_home_win"": 0.0, ""weight"": 0.25}, {""p_home_win"": 0.4691783981830217, ""weight"": 0.5}, {""p_home_win"": 0.9383567963660434, ""weight"": 0.25}]",-0.8454907342528672,,elo,"{'home_advantage': 1.3574886790658454, 'scale': 0.04255306558913085, 'error_term': 13.121923338811046, 'win_prob_k': 6.849244318477455}",0.0,-16
2025-01-15,Milwaukee Bucks,Orlando Magic,122,93,False,False,2025-01-15|Orlando Magic|Milwaukee Bucks,,,,2025-01-15|Orlando Magic|Milwaukee Bucks,0.6248228733135539,"[{""p_home_win"": 0.2496457466271078, ""weight"": 0.25}, {""p_home_win"": 0.6248228733135539, ""weight"": 0.5}, {""p_home_win"": 1.0, ""weight"": 0.25}]",3.4935937384839346,,elo,"{'home_advantage': 1.3574886790658454, 'scale': 0.04255306558913085, 'error_term': 13.121923338811046, 'win_prob_k': 6.849244318477455}",1.0,29
2025-01-15,New Orleans Pelicans,Dallas Mavericks,119,116,False,False,2025-01-15|Dallas Mavericks|New Orleans Pelicans,,,,2025-01-15|Dallas Mavericks|New Orleans Pelicans,0.3084637648932002,"[{""p_home_win"": 0.0, ""weight"": 0.25}, {""p_home_win"": 0.3084637648932002, ""weight"": 0.5}, {""p_home_win"": 0.6169275297864004, ""weight"": 0.25}]",-5.529471442951909,,elo,"{'home_advantage': 1.3574886790658454, 'scale': 0.04255306558913085, 'error_term': 13.121923338811046, 'win_prob_k': 6.849244318477455}",1.0,3
2025-01-15,San Antonio Spurs,Memphis Grizzlies,115,129,False,False,2025-01-15|Memphis Grizzlies|San Antonio Spurs,,,,2025-01-15|Memphis Grizzlies|San Antonio Spurs,0.4509865040068688,"[{""p_home_win"": 0.0, ""weight"": 0.25}, {""p_home_win"": 0.4509865040068688, ""weight"": 0.5}, {""p_home_win"": 0.9019730080137376, ""weight"": 0.25}]",-1.3471477941793482,,elo,"{'home_advantage': 1.3574886790658454, 'scale': 0.04255306558913085, 'error_term': 13.121923338811046, 'win_prob_k': 6.849244318477455}",0.0,-14
2025-01-15,Denver Nuggets,Houston Rockets,108,128,False,False,2025-01-15|Houston Rockets|Denver Nuggets,,,,2025-01-15|Houston Rockets|Denver Nuggets,0.5152968569907743,"[{""p_home_win"": 0.030593713981548643, ""weight"": 0.25}, {""p_home_win"": 0.5152968569907743, ""weight"": 0.5}, {""p_home_win"": 1.0, ""weight"": 0.25}]",0.41921846871510016,,elo,"{'home_advantage': 1.3574886790658454, 'scale': 0.04255306558913085, 'error_term': 13.121923338811046, 'win_prob_k': 6.849244318477455}",0.0,-20
2025-01-15,Utah Jazz,Charlotte Hornets,112,117,False,False,2025-01-15|Charlotte Hornets|Utah Jazz,,,,2025-01-15|Charlotte Hornets|Utah Jazz,0.68742812560632,"[{""p_home_win"": 0.3748562512126401, ""weight"": 0.25}, {""p_home_win"": 0.68742812560632, ""weight"": 0.5}, {""p_home_win"": 1.0, ""weight"": 0.25}]",5.398045875311882,,elo,"{'home_advantage': 1.3574886790658454, 'scale': 0.04255306558913085, 'error_term': 13.121923338811046, 'win_prob_k': 6.849244318477455}",0.0,-5
2025-01-15,Minnesota Timberwolves,Golden State Warriors,115,116,False,False,2025-01-15|Golden State Warriors|Minnesota Timberwolves,,,,2025-01-15|Golden State Warriors|Minnesota Timberwolves,0.6910833859926503,"[{""p_home_win"": 0.3821667719853006, ""weight"": 0.25}, {""p_home_win"": 0.6910833859926503, ""weight"": 0.5}, {""p_home_win"": 1.0, ""weight"": 0.25}]",5.514936923016689,,elo,"{'home_advantage': 1.3574886790658454, 'scale': 0.04255306558913085, 'error_term': 13.121923338811046, 'win_prob_k': 6.849244318477455}",0.0,-1
2025-01-15,Los Angeles Lakers,Miami Heat,117,108,False,False,2025-01-15|Miami Heat|Los Angeles Lakers,,,,2025-01-15|Miami Heat|Los Angeles Lakers,0.5382450386282817,"[{""p_home_win"": 0.07649007725656332, ""weight"": 0.25}, {""p_home_win"": 0.5382450386282817, ""weight"": 0.5}, {""p_home_win"": 1.0, ""weight"": 0.25}]",1.0498491203256288,,elo,"{'home_advantage': 1.3574886790658454, 'scale': 0.04255306558913085, 'error_term': 13.121923338811046, 'win_prob_k': 6.849244318477455}",1.0,9
2025-01-15,Los Angeles Clippers,Brooklyn Nets,126,67,False,False,2025-01-15|Brooklyn Nets|Los Angeles Clippers,,,,2025-01-15|Brooklyn Nets|Los Angeles Clippers,0.7800198628140705,"[{""p_home_win"": 0.5600397256281411, ""weight"": 0.25}, {""p_home_win"": 0.7800198628140705, ""weight"": 0.5}, {""p_home_win"": 1.0, ""weight"": 0.25}]",8.669651046906747,,elo,"{'home_advantage': 1.3574886790658454, 'scale': 0.04255306558913085, 'error_term': 13.121923338811046, 'win_prob_k': 6.849244318477455}",1.0,59
2025-01-16,Detroit Pistons,Indiana Pacers,100,111,False,False,2025-01-16|Indiana Pacers|Detroit Pistons,,,,2025-01-16|Indiana Pacers|Detroit Pistons,0.5059235858267932,"[{""p_home_win"": 0.011847171653586397, ""weight"": 0.25}, {""p_home_win"": 0.5059235858267932, ""weight"": 0.5}, {""p_home_win"": 1.0, ""weight"": 0.25}]",0.1661521066888283,,elo,"{'home_advantage': 1.4168672495744434, 'scale': 0.04336619084860585, 'error_term': 13.333916987560224, 'win_prob_k': 7.011983020220724}",0.0,-11
2025-01-16,Washington Wizards,Phoenix Suns,123,130,False,False,2025-01-16|Phoenix Suns|Washington Wizards,,,,2025-01-16|Phoenix Suns|Washington Wizards,0.30114130216116036,"[{""p_home_win"": 0.0, ""weight"": 0.25}, {""p_home_win"": 0.30114130216116036, ""weight"": 0.5}, {""p_home_win"": 0.6022826043223207, ""weight"": 0.25}]",-5.903170963512954,,elo,"{'home_advantage': 1.4168672495744434, 'scale': 0.04336619084860585, 'error_term': 13.333916987560224, 'win_prob_k': 7.011983020220724}",0.0,-7
2025-01-16,Oklahoma City Thunder,Cleveland Cavaliers,134,114,False,False,2025-01-16|Cleveland Cavaliers|Oklahoma City Thunder,,,,2025-01-16|Cleveland Cavaliers|Oklahoma City Thunder,0.5777683580568577,"[{""p_home_win"": 0.15553671611371533, ""weight"": 0.25}, {""p_home_win"": 0.5777683580568577, ""weight"": 0.5}, {""p_home_win"": 1.0, ""weight"": 0.25}]",2.1990907223661713,,elo,"{'home_advantage': 1.4168672495744434, 'scale': 0.04336619084860585, 'error_term': 13.333916987560224, 'win_prob_k': 7.011983020220724}",1.0,20
2025-01-16,Portland Trail Blazers,Los Angeles Clippers,89,118,False,False,2025-01-16|Los Angeles Clippers|Portland Trail Blazers,,,,2025-01-16|Los Angeles Clippers|Portland Trail Blazers,0.29481839079883404,"[{""p_home_win"": 0.0, ""weight"": 0.25}, {""p_home_win"": 0.29481839079883404, ""weight"": 0.5}, {""p_home_win"": 0.5896367815976681, ""weight"": 0.25}]",-6.115121144868165,,elo,"{'home_advantage': 1.4168672495744434, 'scale': 0.04336619084860585, 'error_term': 13.333916987560224, 'win_prob_k': 7.011983020220724}",0.0,-29
2025-01-16,Sacramento Kings,Houston Rockets,132,127,False,False,2025-01-16|Houston Rockets|Sacramento Kings,,,,2025-01-16|Houston Rockets|Sacramento Kings,0.3939173394204173,"[{""p_home_win"": 0.0, ""weight"": 0.25}, {""p_home_win"": 0.3939173394204173, ""weight"": 0.5}, {""p_home_win"": 0.7878346788408346, ""weight"": 0.25}]",-3.0212902278449043,,elo,"{'home_advantage': 1.4168672495744434, 'scale': 0.04336619084860585, 'error_term': 13.333916987560224, 'win_prob_k': 7.011983020220724}",1.0,5
2025-01-17,Boston Celtics,Orlando Magic,121,94,False,False,2025-01-17|Orlando Magic|Boston Celtics,,,,2025-01-17|Orlando Magic|Boston Celtics,0.66490462091024,"[{""p_home_win"": 0.3298092418204801, ""weight"": 0.25}, {""p_home_win"": 0.66490462091024, ""weight"": 0.5}, {""p_home_win"": 1.0, ""weight"": 0.25}]",4.860147949154975,,elo,"{'home_advantage': 1.40524256962664, 'scale': 0.043373637713545396, 'error_term': 13.326067512332997, 'win_prob_k': 7.092741576644476}",1.0,27
2025-01-17,New York Knicks,Minnesota Timberwolves,99,116,False,False,2025-01-17|Minnesota Timberwolves|New York Knicks,,,,2025-01-17|Minnesota Timberwolves|New York Knicks,0.6323016677956483,"[{""p_home_win"": 0.2646033355912967, ""weight"": 0.25}, {""p_home_win"": 0.6323016677956483, ""weight"": 0.5}, {""p_home_win"": 1.0, ""weight"": 0.25}]",3.845001807758517,,elo,"{'home_advantage': 1.40524256962664, 'scale': 0.043373637713545396, 'error_term': 13.326067512332997, 'win_prob_k': 7.092741576644476}",0.0,-17
2025-01-17,Chicago Bulls,Charlotte Hornets,123,125,False,False,2025-01-17|Charlotte Hornets|Chicago Bulls,,,,2025-01-17|Charlotte Hornets|Chicago Bulls,0.7461268506533046,"[{""p_home_win"": 0.4922537013066093, ""weight"": 0.25}, {""p_home_win"": 0.7461268506533046, ""weight"": 0.5}, {""p_home_win"": 1.0, ""weight"": 0.25}]",7.646407343389297,,elo,"{'home_advantage': 1.40524256962664, 'scale': 0.043373637713545396, 'error_term': 13.326067512332997, 'win_prob_k': 7.092741576644476}",0.0,-2
2025-01-17,Miami Heat,Denver Nuggets,113,133,False,False,2025-01-17|Denver Nuggets|Miami Heat,,,,2025-01-17|Denver Nuggets|Miami Heat,0.39598110278249915,"[{""p_home_win"": 0.0, ""weight"": 0.25}, {""p_home_win"": 0.39598110278249915, ""weight"": 0.5}, {""p_home_win"": 0.7919622055649983, ""weight"": 0.25}]",-2.9948320705757143,,elo,"{'home_advantage': 1.40524256962664, 'scale': 0.043373637713545396, 'error_term': 13.326067512332997, 'win_prob_k': 7.092741576644476}",0.0,-20
2025-01-17,Milwaukee Bucks,Toronto Raptors,130,112,False,False,2025-01-17|Toronto Raptors|Milwaukee Bucks,,,,2025-01-17|Toronto Raptors|Milwaukee Bucks,0.821283644005455,"[{""p_home_win"": 0.6425672880109099, ""weight"": 0.25}, {""p_home_win"": 0.821283644005455, ""weight"": 0.5}, {""p_home_win"": 1.0, ""weight"": 0.25}]",10.816917396511384,,elo,"{'home_advantage': 1.40524256962664, 'scale': 0.043373637713545396, 'error_term': 13.326067512332997, 'win_prob_k': 7.092741576644476}",1.0,18
2025-01-17,New Orleans Pelicans,Utah Jazz,136,123,False,False,2025-01-17|Utah Jazz|New Orleans Pelicans,,,,2025-01-17|Utah Jazz|New Orleans Pelicans,0.5829471733263223,"[{""p_home_win"": 0.16589434665264458, ""weight"": 0.25}, {""p_home_win"": 0.5829471733263223, ""weight"": 0.5}, {""p_home_win"": 1.0, ""weight"": 0.25}]",2.3752433579823222,,elo,"{'home_advantage': 1.40524256962664, 'scale': 0.043373637713545396, 'error_term': 13.326067512332997, 'win_prob_k': 7.092741576644476}",1.0,13
2025-01-17,Dallas Mavericks,Oklahoma City Thunder,106,98,False,False,2025-01-17|Oklahoma City Thunder|Dallas Mavericks,,,,2025-01-17|Oklahoma City Thunder|Dallas Mavericks,0.157369798884641,"[{""p_home_win"": 0.0, ""weight"": 0.25}, {""p_home_win"": 0.157369798884641, ""weight"": 0.5}, {""p_home_win"": 0.314739597769282, ""weight"": 0.25}]",-11.901122093670875,,elo,"{'home_advantage': 1.40524256962664, 'scale': 0.043373637713545396, 'error_term': 13.326067512332997, 'win_prob_k': 7.092741576644476}",1.0,8
2025-01-17,San Antonio Spurs,Memphis Grizzlies,112,140,False,False,2025-01-17|Memphis Grizzlies|San Antonio Spurs,,,,2025-01-17|Memphis Grizzlies|San Antonio Spurs,0.4034990309184051,"[{""p_home_win"": 0.0, ""weight"": 0.25}, {""p_home_win"": 0.4034990309184051, ""weight"": 0.5}, {""p_home_win"": 0.8069980618368102, ""weight"": 0.25}]",-2.772600772031892,,elo,"{'home_advantage': 1.40524256962664, 'scale': 0.043373637713545396, 'error_term': 13.326067512332997, 'win_prob_k': 7.092741576644476}",0.0,-28
2025-01-17,Los Angeles Lakers,Brooklyn Nets,102,101,False,False,2025-01-17|Brooklyn Nets|Los Angeles Lakers,,,,2025-01-17|Brooklyn Nets|Los Angeles Lakers,0.7671062656187244,"[{""p_home_win"": 0.5342125312374488, ""weight"": 0.25}, {""p_home_win"": 0.7671062656187244, ""weight"": 0.5}, {""p_home_win"": 1.0, ""weight"": 0.25}]",8.454853407897883,,elo,"{'home_advantage': 1.40524256962664, 'scale': 0.043373637713545396, 'error_term': 13.326067512332997, 'win_prob_k': 7.092741576644476}",1.0,1
2025-01-18,Detroit Pistons,Phoenix Suns,121,125,False,False,2025-01-18|Phoenix Suns|Detroit Pistons,,,,2025-01-18|Phoenix Suns|Detroit Pistons,0.6812517186802217,"[{""p_home_win"": 0.36250343736044344, ""weight"": 0.25}, {""p_home_win"": 0.6812517186802217, ""weight"": 0.5}, {""p_home_win"": 1.0, ""weight"": 0.25}]",5.5330707976060065,,elo,"{'home_advantage': 1.3648214088560948, 'scale': 0.044110339172324695, 'error_term': 13.34386136939389, 'win_prob_k': 7.284859848583693}",0.0,-4
2025-01-18,Boston Celtics,Atlanta Hawks,115,119,False,False,2025-01-18|Atlanta Hawks|Boston Celtics,,,,2025-01-18|Atlanta Hawks|Boston Celtics,0.6364006278898292,"[{""p_home_win"": 0.2728012557796584, ""weight"": 0.25}, {""p_home_win"": 0.6364006278898292, ""weight"": 0.5}, {""p_home_win"": 1.0, ""weight"": 0.25}]",4.077887139843562,,elo,"{'home_advantage': 1.3648214088560948, 'scale': 0.044110339172324695, 'error_term': 13.34386136939389, 'win_prob_k': 7.284859848583693}",0.0,-4
2025-01-18,Indiana Pacers,Philadelphia 76ers,115,102,False,False,2025-01-18|Philadelphia 76ers|Indiana Pacers,,,,2025-01-18|Philadelphia 76ers|Indiana Pacers,0.7957327200137448,"[{""p_home_win"": 0.5914654400274897, ""weight"": 0.25}, {""p_home_win"": 0.7957327200137448, ""weight"": 0.5}, {""p_home_win"": 1.0, ""weight"": 0.25}]",9.906200240530868,,elo,"{'home_advantage': 1.3648214088560948, 'scale': 0.044110339172324695, 'error_term': 13.34386136939389, 'win_prob_k': 7.284859848583693}",1.0,13
2025-01-18,Golden State Warriors,Washington Wizards,122,114,False,False,2025-01-18|Washington Wizards|Golden State Warriors,,,,2025-01-18|Washington Wizards|Golden State Warriors,0.8175595776903609,"[{""p_home_win"": 0.6351191553807218, ""weight"": 0.25}, {""p_home_win"": 0.8175595776903609, ""weight"": 0.5}, {""p_home_win"": 1.0, ""weight"": 0.25}]",10.926562098404943,,elo,"{'home_advantage': 1.3648214088560948, 'scale': 0.044110339172324695, 'error_term': 13.34386136939389, 'win_prob_k': 7.284859848583693}",1.0,8
2025-01-18,Minnesota Timberwolves,Cleveland Cavaliers,117,124,False,False,2025-01-18|Cleveland Cavaliers|Minnesota Timberwolves,,,,2025-01-18|Cleveland Cavaliers|Minnesota Timberwolves,0.29372866013635024,"[{""p_home_win"": 0.0, ""weight"": 0.25}, {""p_home_win"": 0.29372866013635024, ""weight"": 0.5}, {""p_home_win"": 0.5874573202727005, ""weight"": 0.25}]",-6.391321386141194,,elo,"{'home_advantage': 1.3648214088560948, 'scale': 0.044110339172324695, 'error_term': 13.34386136939389, 'win_prob_k': 7.284859848583693}",0.0,-7
2025-01-18,Portland Trail Blazers,Houston Rockets,103,125,False,False,2025-01-18|Houston Rockets|Portland Trail Blazers,,,,2025-01-18|Houston Rockets|Portland Trail Blazers,0.20469629584830046,"[{""p_home_win"": 0.0, ""weight"": 0.25}, {""p_home_win"": 0.20469629584830046, ""weight"": 0.5}, {""p_home_win"": 0.4093925916966009, ""weight"": 0.25}]",-9.886987473390175,,elo,"{'home_advantage': 1.3648214088560948, 'scale': 0.044110339172324695, 'error_term': 13.34386136939389, 'win_prob_k': 7.284859848583693}",0.0,-22
2025-01-19,Miami Heat,San Antonio Spurs,128,107,False,False,2025-01-19|San Antonio Spurs|Miami Heat,,,,2025-01-19|San Antonio Spurs|Miami Heat,0.5568723658612662,"[{""p_home_win"": 0.11374473172253241, ""weight"": 0.25}, {""p_home_win"": 0.5568723658612662, ""weight"": 0.5}, {""p_home_win"": 1.0, ""weight"": 0.25}]",1.6424457962979202,,elo,"{'home_advantage': 1.3307531122506622, 'scale': 0.04327127826864299, 'error_term': 13.33005395134397, 'win_prob_k': 7.188631595719057}",1.0,21
2025-01-19,Orlando Magic,Denver Nuggets,100,113,False,False,2025-01-19|Denver Nuggets|Orlando Magic,,,,2025-01-19|Denver Nuggets|Orlando Magic,0.36894348732954807,"[{""p_home_win"": 0.0, ""weight"": 0.25}, {""p_home_win"": 0.36894348732954807, ""weight"": 0.5}, {""p_home_win"": 0.7378869746590961, ""weight"": 0.25}]",-3.8585119375482066,,elo,"{'home_advantage': 1.3307531122506622, 'scale': 0.04327127826864299, 'error_term': 13.33005395134397, 'win_prob_k': 7.188631595719057}",0.0,-13
2025-01-19,Milwaukee Bucks,Philadelphia 76ers,123,109,False,False,2025-01-19|Philadelphia 76ers|Milwaukee Bucks,,,,2025-01-19|Philadelphia 76ers|Milwaukee Bucks,0.7834219111557393,"[{""p_home_win"": 0.5668438223114787, ""weight"": 0.25}, {""p_home_win"": 0.7834219111557393, ""weight"": 0.5}, {""p_home_win"": 1.0, ""weight"": 0.25}]",9.242568998440534,,elo,"{'home_advantage': 1.3307531122506622, 'scale': 0.04327127826864299, 'error_term': 13.33005395134397, 'win_prob_k': 7.188631595719057}",1.0,14
2025-01-19,Oklahoma City Thunder,Brooklyn Nets,127,101,False,False,2025-01-19|Brooklyn Nets|Oklahoma City Thunder,,,,2025-01-19|Brooklyn Nets|Oklahoma City Thunder,0.9300734700112999,"[{""p_home_win"": 0.8601469400225998, ""weight"": 0.25}, {""p_home_win"": 0.9300734700112999, ""weight"": 0.5}, {""p_home_win"": 1.0, ""weight"": 0.25}]",18.602873572611426,,elo,"{'home_advantage': 1.3307531122506622, 'scale': 0.04327127826864299, 'error_term': 13.33005395134397, 'win_prob_k': 7.188631595719057}",1.0,26
2025-01-19,Los Angeles Clippers,Los Angeles Lakers,116,102,False,False,2025-01-19|Los Angeles Lakers|Los Angeles Clippers,,,,2025-01-19|Los Angeles Lakers|Los Angeles Clippers,0.5911153924571261,"[{""p_home_win"": 0.18223078491425215, ""weight"": 0.25}, {""p_home_win"": 0.5911153924571261, ""weight"": 0.5}, {""p_home_win"": 1.0, ""weight"": 0.25}]",2.6495733595712334,,elo,"{'home_advantage': 1.3307531122506622, 'scale': 0.04327127826864299, 'error_term': 13.33005395134397, 'win_prob_k': 7.188631595719057}",1.0,14
2025-01-19,Portland Trail Blazers,Chicago Bulls,113,102,False,False,2025-01-19|Chicago Bulls|Portland Trail Blazers,,,,2025-01-19|Chicago Bulls|Portland Trail Blazers,0.4581615366958074,"[{""p_home_win"": 0.0, ""weight"": 0.25}, {""p_home_win"": 0.4581615366958074, ""weight"": 0.5}, {""p_home_win"": 0.9163230733916148, ""weight"": 0.25}]",-1.2058648907531757,,elo,"{'home_advantage': 1.3307531122506622, 'scale': 0.04327127826864299, 'error_term': 13.33005395134397, 'win_prob_k': 7.188631595719057}",1.0,11
2025-01-19,Sacramento Kings,Washington Wizards,123,100,False,False,2025-01-19|Washington Wizards|Sacramento Kings,,,,2025-01-19|Washington Wizards|Sacramento Kings,0.8912246152547468,"[{""p_home_win"": 0.7824492305094937, ""weight"": 0.25}, {""p_home_win"": 0.8912246152547468, ""weight"": 0.5}, {""p_home_win"": 1.0, ""weight"": 0.25}]",15.119930954361028,,elo,"{'home_advantage': 1.3307531122506622, 'scale': 0.04327127826864299, 'error_term': 13.33005395134397, 'win_prob_k': 7.188631595719057}",1.0,23
2025-01-20,Charlotte Hornets,Dallas Mavericks,110,105,False,False,2025-01-20|Dallas Mavericks|Charlotte Hornets,,,,2025-01-20|Dallas Mavericks|Charlotte Hornets,0.29850435171378836,"[{""p_home_win"": 0.0, ""weight"": 0.25}, {""p_home_win"": 0.29850435171378836, ""weight"": 0.5}, {""p_home_win"": 0.5970087034275767, ""weight"": 0.25}]",-6.184909855928269,,elo,"{'home_advantage': 1.4228926946463964, 'scale': 0.04288036676010702, 'error_term': 13.309747961154615, 'win_prob_k': 7.238636890778295}",1.0,5
2025-01-20,Houston Rockets,Detroit Pistons,96,107,False,False,2025-01-20|Detroit Pistons|Houston Rockets,,,,2025-01-20|Detroit Pistons|Houston Rockets,0.697912040580473,"[{""p_home_win"": 0.3958240811609459, ""weight"": 0.25}, {""p_home_win"": 0.697912040580473, ""weight"": 0.5}, {""p_home_win"": 1.0, ""weight"": 0.25}]",6.061452459897672,,elo,"{'home_advantage': 1.4228926946463964, 'scale': 0.04288036676010702, 'error_term': 13.309747961154615, 'win_prob_k': 7.238636890778295}",0.0,-11
2025-01-20,Memphis Grizzlies,Minnesota Timberwolves,108,106,False,False,2025-01-20|Minnesota Timberwolves|Memphis Grizzlies,,,,2025-01-20|Minnesota Timberwolves|Memphis Grizzlies,0.6253862431036229,"[{""p_home_win"": 0.2507724862072458, ""weight"": 0.25}, {""p_home_win"": 0.6253862431036229, ""weight"": 0.5}, {""p_home_win"": 1.0, ""weight"": 0.25}]",3.7096127261001013,,elo,"{'home_advantage': 1.4228926946463964, 'scale': 0.04288036676010702, 'error_term': 13.309747961154615, 'win_prob_k': 7.238636890778295}",1.0,2
2025-01-20,New York Knicks,Atlanta Hawks,119,110,False,False,2025-01-20|Atlanta Hawks|New York Knicks,,,,2025-01-20|Atlanta Hawks|New York Knicks,0.5528928545222854,"[{""p_home_win"": 0.10578570904457085, ""weight"": 0.25}, {""p_home_win"": 0.5528928545222854, ""weight"": 0.5}, {""p_home_win"": 1.0, ""weight"": 0.25}]",1.53724010627754,,elo,"{'home_advantage': 1.4228926946463964, 'scale': 0.04288036676010702, 'error_term': 13.309747961154615, 'win_prob_k': 7.238636890778295}",1.0,9
2025-01-20,Cleveland Cavaliers,Phoenix Suns,118,92,False,False,2025-01-20|Phoenix Suns|Cleveland Cavaliers,,,,2025-01-20|Phoenix Suns|Cleveland Cavaliers,0.8481103285665001,"[{""p_home_win"": 0.6962206571330003, ""weight"": 0.25}, {""p_home_win"": 0.8481103285665001, ""weight"": 0.5}, {""p_home_win"": 1.0, ""weight"": 0.25}]",12.449415407036135,,elo,"{'home_advantage': 1.4228926946463964, 'scale': 0.04288036676010702, 'error_term': 13.309747961154615, 'win_prob_k': 7.238636890778295}",1.0,26
2025-01-20,Golden State Warriors,Boston Celtics,85,125,False,False,2025-01-20|Boston Celtics|Golden State Warriors,,,,2025-01-20|Boston Celtics|Golden State Warriors,0.42720631960514727,"[{""p_home_win"": 0.0, ""weight"": 0.25}, {""p_home_win"": 0.42720631960514727, ""weight"": 0.5}, {""p_home_win"": 0.8544126392102945, ""weight"": 0.25}]",-2.122791812092994,,elo,"{'home_advantage': 1.4228926946463964, 'scale': 0.04288036676010702, 'error_term': 13.309747961154615, 'win_prob_k': 7.238636890778295}",0.0,-40
2025-01-20,New Orleans Pelicans,Utah Jazz,123,119,False,False,2025-01-20|Utah Jazz|New Orleans Pelicans,,,,2025-01-20|Utah Jazz|New Orleans Pelicans,0.6343142019057896,"[{""p_home_win"": 0.26862840381157915, ""weight"": 0.25}, {""p_home_win"": 0.6343142019057896, ""weight"": 0.5}, {""p_home_win"": 1.0, ""weight"": 0.25}]",3.9868235244277868,,elo,"{'home_advantage': 1.4228926946463964, 'scale': 0.04288036676010702, 'error_term': 13.309747961154615, 'win_prob_k': 7.238636890778295}",1.0,4
2025-01-20,Los Angeles Clippers,Chicago Bulls,99,112,False,False,2025-01-20|Chicago Bulls|Los Angeles Clippers,,,,2025-01-20|Chicago Bulls|Los Angeles Clippers,0.7852270063198769,"[{""p_home_win"": 0.5704540126397537, ""weight"": 0.25}, {""p_home_win"": 0.7852270063198769, ""weight"": 0.5}, {""p_home_win"": 1.0, ""weight"": 0.25}]",9.38410537525906,,elo,"{'home_advantage': 1.4228926946463964, 'scale': 0.04288036676010702, 'error_term': 13.309747961154615, 'win_prob_k': 7.238636890778295}",0.0,-13
2025-01-21,Brooklyn Nets,New York Knicks,95,99,False,False,2025-01-21|New York Knicks|Brooklyn Nets,,,,2025-01-21|New York Knicks|Brooklyn Nets,0.23101974671566294,"[{""p_home_win"": 0.0, ""weight"": 0.25}, {""p_home_win"": 0.23101974671566294, ""weight"": 0.5}, {""p_home_win"": 0.4620394934313259, ""weight"": 0.25}]",-8.796620432544248,,elo,"{'home_advantage': 1.3227065819659893, 'scale': 0.0430887992598296, 'error_term': 13.379185184125541, 'win_prob_k': 7.314899106391467}",0.0,-4
2025-01-21,Miami Heat,Portland Trail Blazers,107,116,False,False,2025-01-21|Portland Trail Blazers|Miami Heat,,,,2025-01-21|Portland Trail Blazers|Miami Heat,0.695173742570279,"[{""p_home_win"": 0.39034748514055795, ""weight"": 0.25}, {""p_home_win"": 0.695173742570279, ""weight"": 0.5}, {""p_home_win"": 1.0, ""weight"": 0.25}]",6.030547929747989,,elo,"{'home_advantage': 1.3227065819659893, 'scale': 0.0430887992598296, 'error_term': 13.379185184125541, 'win_prob_k': 7.314899106391467}",0.0,-9
2025-01-21,Toronto Raptors,Orlando Magic,109,93,False,False,2025-01-21|Orlando Magic|Toronto Raptors,,,,2025-01-21|Orlando Magic|Toronto Raptors,0.38168143738109,"[{""p_home_win"": 0.0, ""weight"": 0.25}, {""p_home_win"": 0.38168143738109, ""weight"": 0.5}, {""p_home_win"": 0.76336287476218, ""weight"": 0.25}]",-3.5288351275771674,,elo,"{'home_advantage': 1.3227065819659893, 'scale': 0.0430887992598296, 'error_term': 13.379185184125541, 'win_prob_k': 7.314899106391467}",1.0,16
2025-01-21,Denver Nuggets,Philadelphia 76ers,144,109,False,False,2025-01-21|Philadelphia 76ers|Denver Nuggets,,,,2025-01-21|Philadelphia 76ers|Denver Nuggets,0.8119378183974931,"[{""p_home_win"": 0.6238756367949863, ""weight"": 0.25}, {""p_home_win"": 0.8119378183974931, ""weight"": 0.5}, {""p_home_win"": 1.0, ""weight"": 0.25}]",10.69914520645446,,elo,"{'home_advantage': 1.3227065819659893, 'scale': 0.0430887992598296, 'error_term': 13.379185184125541, 'win_prob_k': 7.314899106391467}",1.0,35
2025-01-21,Los Angeles Lakers,Washington Wizards,111,88,False,False,2025-01-21|Washington Wizards|Los Angeles Lakers,,,,2025-01-21|Washington Wizards|Los Angeles Lakers,0.8520025485715093,"[{""p_home_win"": 0.7040050971430185, ""weight"": 0.25}, {""p_home_win"": 0.8520025485715093, ""weight"": 0.5}, {""p_home_win"": 1.0, ""weight"": 0.25}]",12.803958904700107,,elo,"{'home_advantage': 1.3227065819659893, 'scale': 0.0430887992598296, 'error_term': 13.379185184125541, 'win_prob_k': 7.314899106391467}",1.0,23
2025-01-22,Atlanta Hawks,Detroit Pistons,104,114,False,False,2025-01-22|Detroit Pistons|Atlanta Hawks,,,,2025-01-22|Detroit Pistons|Atlanta Hawks,0.5294936562402062,"[{""p_home_win"": 0.058987312480412335, ""weight"": 0.25}, {""p_home_win"": 0.5294936562402062, ""weight"": 0.5}, {""p_home_win"": 1.0, ""weight"": 0.25}]",0.8677172095305359,,elo,"{'home_advantage': 1.379060416562665, 'scale': 0.04280865600572293, 'error_term': 13.439725443623072, 'win_prob_k': 7.34657869078284}",0.0,-10
2025-01-22,Brooklyn Nets,Phoenix Suns,84,108,False,False,2025-01-22|Phoenix Suns|Brooklyn Nets,,,,2025-01-22|Phoenix Suns|Brooklyn Nets,0.3541483465009685,"[{""p_home_win"": 0.0, ""weight"": 0.25}, {""p_home_win"": 0.3541483465009685, ""weight"": 0.5}, {""p_home_win"": 0.708296693001937, ""weight"": 0.25}]",-4.414220866478929,,elo,"{'home_advantage': 1.379060416562665, 'scale': 0.04280865600572293, 'error_term': 13.439725443623072, 'win_prob_k': 7.34657869078284}",0.0,-24
2025-01-22,Dallas Mavericks,Minnesota Timberwolves,114,115,False,False,2025-01-22|Minnesota Timberwolves|Dallas Mavericks,,,,2025-01-22|Minnesota Timberwolves|Dallas Mavericks,0.4848444889471711,"[{""p_home_win"": 0.0, ""weight"": 0.25}, {""p_home_win"": 0.4848444889471711, ""weight"": 0.5}, {""p_home_win"": 0.9696889778943422, ""weight"": 0.25}]",-0.44550108754286666,,elo,"{'home_advantage': 1.379060416562665, 'scale': 0.04280865600572293, 'error_term': 13.439725443623072, 'win_prob_k': 7.34657869078284}",0.0,-1
2025-01-22,Houston Rockets,Cleveland Cavaliers,109,108,False,False,2025-01-22|Cleveland Cavaliers|Houston Rockets,,,,2025-01-22|Cleveland Cavaliers|Houston Rockets,0.34987694444763506,"[{""p_home_win"": 0.0, ""weight"": 0.25}, {""p_home_win"": 0.34987694444763506, ""weight"": 0.5}, {""p_home_win"": 0.6997538888952701, ""weight"": 0.25}]",-4.551794370099228,,elo,"{'home_advantage': 1.379060416562665, 'scale': 0.04280865600572293, 'error_term': 13.439725443623072, 'win_prob_k': 7.34657869078284}",1.0,1
2025-01-22,Memphis Grizzlies,Charlotte Hornets,132,120,False,False,2025-01-22|Charlotte Hornets|Memphis Grizzlies,,,,2025-01-22|Charlotte Hornets|Memphis Grizzlies,0.8369199064177583,"[{""p_home_win"": 0.6738398128355165, ""weight"": 0.25}, {""p_home_win"": 0.8369199064177583, ""weight"": 0.5}, {""p_home_win"": 1.0, ""weight"": 0.25}]",12.015233376538644,,elo,"{'home_advantage': 1.379060416562665, 'scale': 0.04280865600572293, 'error_term': 13.439725443623072, 'win_prob_k': 7.34657869078284}",1.0,12
2025-01-22,Oklahoma City Thunder,Utah Jazz,123,114,False,False,2025-01-22|Utah Jazz|Oklahoma City Thunder,,,,2025-01-22|Utah Jazz|Oklahoma City Thunder,0.9394758003609727,"[{""p_home_win"": 0.8789516007219453, ""weight"": 0.25}, {""p_home_win"": 0.9394758003609727, ""weight"": 0.5}, {""p_home_win"": 1.0, ""weight"": 0.25}]",20.146366859838544,,elo,"{'home_advantage': 1.379060416562665, 'scale': 0.04280865600572293, 'error_term': 13.439725443623072, 'win_prob_k': 7.34657869078284}",1.0,9
2025-01-22,Sacramento Kings,Golden State Warriors,123,117,False,False,2025-01-22|Golden State Warriors|Sacramento Kings,,,,2025-01-22|Golden State Warriors|Sacramento Kings,0.6897411924242853,"[{""p_home_win"": 0.37948238484857066, ""weight"": 0.25}, {""p_home_win"": 0.6897411924242853, ""weight"": 0.5}, {""p_home_win"": 1.0, ""weight"": 0.25}]",5.869252474378897,,elo,"{'home_advantage': 1.379060416562665, 'scale': 0.04280865600572293, 'error_term': 13.439725443623072, 'win_prob_k': 7.34657869078284}",1.0,6
2025-01-22,Los Angeles Clippers,Boston Celtics,113,117,False,False,2025-01-22|Boston Celtics|Los Angeles Clippers,,,,2025-01-22|Boston Celtics|Los Angeles Clippers,0.496699742652523,"[{""p_home_win"": 0.0, ""weight"": 0.25}, {""p_home_win"": 0.496699742652523, ""weight"": 0.5}, {""p_home_win"": 0.993399485305046, ""weight"": 0.25}]",-0.09698380965321829,,elo,"{'home_advantage': 1.379060416562665, 'scale': 0.04280865600572293, 'error_term': 13.439725443623072, 'win_prob_k': 7.34657869078284}",0.0,-4
2025-01-23,Indiana Pacers,San Antonio Spurs,110,140,False,False,2025-01-23|San Antonio Spurs|Indiana Pacers,,,,2025-01-23|San Antonio Spurs|Indiana Pacers,0.7649894744180527,"[{""p_home_win"": 0.5299789488361053, ""weight"": 0.25}, {""p_home_win"": 0.7649894744180527, ""weight"": 0.5}, {""p_home_win"": 1.0, ""weight"": 0.25}]",8.728863421271107,,elo,"{'home_advantage': 1.3128317856329204, 'scale': 0.04204730388460967, 'error_term': 13.394046358111433, 'win_prob_k': 7.395889204754624}",0.0,-30
2025-01-23,Orlando Magic,Portland Trail Blazers,79,101,False,False,2025-01-23|Portland Trail Blazers|Orlando Magic,,,,2025-01-23|Portland Trail Blazers|Orlando Magic,0.5918254650630072,"[{""p_home_win"": 0.1836509301260143, ""weight"": 0.25}, {""p_home_win"": 0.5918254650630072, ""weight"": 0.5}, {""p_home_win"": 1.0, ""weight"": 0.25}]",2.747697861501491,,elo,"{'home_advantage': 1.3128317856329204, 'scale': 0.04204730388460967, 'error_term': 13.394046358111433, 'win_prob_k': 7.395889204754624}",0.0,-22
2025-01-23,Atlanta Hawks,Toronto Raptors,119,122,False,False,2025-01-23|Toronto Raptors|Atlanta Hawks,,,,2025-01-23|Toronto Raptors|Atlanta Hawks,0.7180078953131825,"[{""p_home_win"": 0.4360157906263651, ""weight"": 0.25}, {""p_home_win"": 0.7180078953131825, ""weight"": 0.5}, {""p_home_win"": 1.0, ""weight"": 0.25}]",6.912209087382751,,elo,"{'home_advantage': 1.3128317856329204, 'scale': 0.04204730388460967, 'error_term': 13.394046358111433, 'win_prob_k': 7.395889204754624}",0.0,-3
2025-01-23,Oklahoma City Thunder,Dallas Mavericks,115,121,False,False,2025-01-23|Dallas Mavericks|Oklahoma City Thunder,,,,2025-01-23|Dallas Mavericks|Oklahoma City Thunder,0.8627022510585264,"[{""p_home_win"": 0.7254045021170528, ""weight"": 0.25}, {""p_home_win"": 0.8627022510585264, ""weight"": 0.5}, {""p_home_win"": 1.0, ""weight"": 0.25}]",13.593035661420073,,elo,"{'home_advantage': 1.3128317856329204, 'scale': 0.04204730388460967, 'error_term': 13.394046358111433, 'win_prob_k': 7.395889204754624}",0.0,-6
2025-01-23,Milwaukee Bucks,Miami Heat,125,96,False,False,2025-01-23|Miami Heat|Milwaukee Bucks,,,,2025-01-23|Miami Heat|Milwaukee Bucks,0.7211236668710316,"[{""p_home_win"": 0.44224733374206315, ""weight"": 0.25}, {""p_home_win"": 0.7211236668710316, ""weight"": 0.5}, {""p_home_win"": 1.0, ""weight"": 0.25}]",7.02640693071611,,elo,"{'home_advantage': 1.3128317856329204, 'scale': 0.04204730388460967, 'error_term': 13.394046358111433, 'win_prob_k': 7.395889204754624}",1.0,29
2025-01-23,Denver Nuggets,Sacramento Kings,132,123,False,False,2025-01-23|Sacramento Kings|Denver Nuggets,,,,2025-01-23|Sacramento Kings|Denver Nuggets,0.5916835495609192,"[{""p_home_win"": 0.18336709912183835, ""weight"": 0.25}, {""p_home_win"": 0.5916835495609192, ""weight"": 0.5}, {""p_home_win"": 1.0, ""weight"": 0.25}]",2.743353186801955,,elo,"{'home_advantage': 1.3128317856329204, 'scale': 0.04204730388460967, 'error_term': 13.394046358111433, 'win_prob_k': 7.395889204754624}",1.0,9
2025-01-23,Golden State Warriors,Chicago Bulls,131,106,False,False,2025-01-23|Chicago Bulls|Golden State Warriors,,,,2025-01-23|Chicago Bulls|Golden State Warriors,0.5904299817528051,"[{""p_home_win"": 0.1808599635056103, ""weight"": 0.25}, {""p_home_win"": 0.5904299817528051, ""weight"": 0.5}, {""p_home_win"": 1.0, ""weight"": 0.25}]",2.7049960417851464,,elo,"{'home_advantage': 1.3128317856329204, 'scale': 0.04204730388460967, 'error_term': 13.394046358111433, 'win_prob_k': 7.395889204754624}",1.0,25
2025-01-23,Los Angeles Lakers,Boston Celtics,117,96,False,False,2025-01-23|Boston Celtics|Los Angeles Lakers,,,,2025-01-23|Boston Celtics|Los Angeles Lakers,0.42748071512507096,"[{""p_home_win"": 0.0, ""weight"": 0.25}, {""p_home_win"": 0.42748071512507096, ""weight"": 0.5}, {""p_home_win"": 0.8549614302501419, ""weight"": 0.25}]",-2.1606146869237497,,elo,"{'home_advantage': 1.3128317856329204, 'scale': 0.04204730388460967, 'error_term': 13.394046358111433, 'win_prob_k': 7.395889204754624}",1.0,21
2025-01-23,Los Angeles Clippers,Washington Wizards,110,93,False,False,2025-01-23|Washington Wizards|Los Angeles Clippers,,,,2025-01-23|Washington Wizards|Los Angeles Clippers,0.8631581979101366,"[{""p_home_win"": 0.7263163958202732, ""weight"": 0.25}, {""p_home_win"": 0.8631581979101366, ""weight"": 0.5}, {""p_home_win"": 1.0, ""weight"": 0.25}]",13.62154502893574,,elo,"{'home_advantage': 1.3128317856329204, 'scale': 0.04204730388460967, 'error_term': 13.394046358111433, 'win_prob_k': 7.395889204754624}",1.0,17
2025-01-24,Charlotte Hornets,Portland Trail Blazers,97,102,False,False,2025-01-24|Portland Trail Blazers|Charlotte Hornets,,,,2025-01-24|Portland Trail Blazers|Charlotte Hornets,0.4284190963073369,"[{""p_home_win"": 0.0, ""weight"": 0.25}, {""p_home_win"": 0.4284190963073369, ""weight"": 0.5}, {""p_home_win"": 0.8568381926146738, ""weight"": 0.25}]",-2.1478383850578537,,elo,"{'home_advantage': 1.2696795958225549, 'scale': 0.043098132015963526, 'error_term': 13.521373598124873, 'win_prob_k': 7.449905186313533}",0.0,-5
2025-01-24,Philadelphia 76ers,Cleveland Cavaliers,132,129,False,False,2025-01-24|Cleveland Cavaliers|Philadelphia 76ers,,,,2025-01-24|Cleveland Cavaliers|Philadelphia 76ers,0.15318158055876482,"[{""p_home_win"": 0.0, ""weight"": 0.25}, {""p_home_win"": 0.15318158055876482, ""weight"": 0.5}, {""p_home_win"": 0.30636316111752965, ""weight"": 0.25}]",-12.738311808842422,,elo,"{'home_advantage': 1.2696795958225549, 'scale': 0.043098132015963526, 'error_term': 13.521373598124873, 'win_prob_k': 7.449905186313533}",1.0,3
2025-01-24,Memphis Grizzlies,New Orleans Pelicans,139,126,False,False,2025-01-24|New Orleans Pelicans|Memphis Grizzlies,,,,2025-01-24|New Orleans Pelicans|Memphis Grizzlies,0.8012013889918332,"[{""p_home_win"": 0.6024027779836665, ""weight"": 0.25}, {""p_home_win"": 0.8012013889918332, ""weight"": 0.5}, {""p_home_win"": 1.0, ""weight"": 0.25}]",10.383827071118155,,elo,"{'home_advantage': 1.2696795958225549, 'scale': 0.043098132015963526, 'error_term': 13.521373598124873, 'win_prob_k': 7.449905186313533}",1.0,13
2025-01-25,San Antonio Spurs,Indiana Pacers,98,136,False,False,2025-01-25|Indiana Pacers|San Antonio Spurs,,,,2025-01-25|Indiana Pacers|San Antonio Spurs,0.37581636575197497,"[{""p_home_win"": 0.0, ""weight"": 0.25}, {""p_home_win"": 0.37581636575197497, ""weight"": 0.5}, {""p_home_win"": 0.7516327315039499, ""weight"": 0.25}]",-3.808360682339335,,elo,"{'home_advantage': 1.3079542034858198, 'scale': 0.043487869977038296, 'error_term': 13.51633521849855, 'win_prob_k': 7.506466747435905}",0.0,-38
2025-01-25,Minnesota Timberwolves,Denver Nuggets,133,104,False,False,2025-01-25|Denver Nuggets|Minnesota Timberwolves,,,,2025-01-25|Denver Nuggets|Minnesota Timberwolves,0.39343141613727245,"[{""p_home_win"": 0.0, ""weight"": 0.25}, {""p_home_win"": 0.39343141613727245, ""weight"": 0.5}, {""p_home_win"": 0.7868628322745449, ""weight"": 0.25}]",-3.249632345977674,,elo,"{'home_advantage': 1.3079542034858198, 'scale': 0.043487869977038296, 'error_term': 13.51633521849855, 'win_prob_k': 7.506466747435905}",1.0,29
2025-01-25,Dallas Mavericks,Boston Celtics,107,122,False,False,2025-01-25|Boston Celtics|Dallas Mavericks,,,,2025-01-25|Boston Celtics|Dallas Mavericks,0.4219395133726839,"[{""p_home_win"": 0.0, ""weight"": 0.25}, {""p_home_win"": 0.4219395133726839, ""weight"": 0.5}, {""p_home_win"": 0.8438790267453679, ""weight"": 0.25}]",-2.363159895197257,,elo,"{'home_advantage': 1.3079542034858198, 'scale': 0.043487869977038296, 'error_term': 13.51633521849855, 'win_prob_k': 7.506466747435905}",0.0,-15
2025-01-25,Brooklyn Nets,Miami Heat,97,106,False,False,2025-01-25|Miami Heat|Brooklyn Nets,,,,2025-01-25|Miami Heat|Brooklyn Nets,0.3574841492048479,"[{""p_home_win"": 0.0, ""weight"": 0.25}, {""p_home_win"": 0.3574841492048479, ""weight"": 0.5}, {""p_home_win"": 0.7149682984096958, ""weight"": 0.25}]",-4.401044934776176,,elo,"{'home_advantage': 1.3079542034858198, 'scale': 0.043487869977038296, 'error_term': 13.51633521849855, 'win_prob_k': 7.506466747435905}",0.0,-9
2025-01-25,Charlotte Hornets,New Orleans Pelicans,123,92,False,False,2025-01-25|New Orleans Pelicans|Charlotte Hornets,,,,2025-01-25|New Orleans Pelicans|Charlotte Hornets,0.4584854304381783,"[{""p_home_win"": 0.0, ""weight"": 0.25}, {""p_home_win"": 0.4584854304381783, ""weight"": 0.5}, {""p_home_win"": 0.9169708608763566, ""weight"": 0.25}]",-1.2493872653570581,,elo,"{'home_advantage': 1.3079542034858198, 'scale': 0.043487869977038296, 'error_term': 13.51633521849855, 'win_prob_k': 7.506466747435905}",1.0,31
2025-01-25,Orlando Magic,Detroit Pistons,121,113,False,False,2025-01-25|Detroit Pistons|Orlando Magic,,,,2025-01-25|Detroit Pistons|Orlando Magic,0.3386204146628204,"[{""p_home_win"": 0.0, ""weight"": 0.25}, {""p_home_win"": 0.3386204146628204, ""weight"": 0.5}, {""p_home_win"": 0.6772408293256408, ""weight"": 0.25}]",-5.025190464550291,,elo,"{'home_advantage': 1.3079542034858198, 'scale': 0.043487869977038296, 'error_term': 13.51633521849855, 'win_prob_k': 7.506466747435905}",1.0,8
2025-01-25,Atlanta Hawks,Toronto Raptors,94,117,False,False,2025-01-25|Toronto Raptors|Atlanta Hawks,,,,2025-01-25|Toronto Raptors|Atlanta Hawks,0.652328799172071,"[{""p_home_win"": 0.30465759834414197, ""weight"": 0.25}, {""p_home_win"": 0.652328799172071, ""weight"": 0.5}, {""p_home_win"": 1.0, ""weight"": 0.25}]",4.723755869950727,,elo,"{'home_advantage': 1.3079542034858198, 'scale': 0.043487869977038296, 'error_term': 13.51633521849855, 'win_prob_k': 7.506466747435905}",0.0,-23
2025-01-25,Cleveland Cavaliers,Houston Rockets,131,135,False,False,2025-01-25|Houston Rockets|Cleveland Cavaliers,,,,2025-01-25|Houston Rockets|Cleveland Cavaliers,0.6121897179552478,"[{""p_home_win"": 0.22437943591049558, ""weight"": 0.25}, {""p_home_win"": 0.6121897179552478, ""weight"": 0.5}, {""p_home_win"": 1.0, ""weight"": 0.25}]",3.426897049874201,,elo,"{'home_advantage': 1.3079542034858198, 'scale': 0.043487869977038296, 'error_term': 13.51633521849855, 'win_prob_k': 7.506466747435905}",0.0,-4
2025-01-25,New York Knicks,Sacramento Kings,143,120,False,False,2025-01-25|Sacramento Kings|New York Knicks,,,,2025-01-25|Sacramento Kings|New York Knicks,0.5624556287625965,"[{""p_home_win"": 0.12491125752519294, ""weight"": 0.25}, {""p_home_win"": 0.5624556287625965, ""weight"": 0.5}, {""p_home_win"": 1.0, ""weight"": 0.25}]",1.8851299820379461,,elo,"{'home_advantage': 1.3079542034858198, 'scale': 0.043487869977038296, 'error_term': 13.51633521849855, 'win_prob_k': 7.506466747435905}",1.0,23
2025-01-25,Chicago Bulls,Philadelphia 76ers,97,109,False,False,2025-01-25|Philadelphia 76ers|Chicago Bulls,,,,2025-01-25|Philadelphia 76ers|Chicago Bulls,0.5179534260718176,"[{""p_home_win"": 0.035906852143635204, ""weight"": 0.25}, {""p_home_win"": 0.5179534260718176, ""weight"": 0.5}, {""p_home_win"": 1.0, ""weight"": 0.25}]",0.5392990360974244,,elo,"{'home_advantage': 1.3079542034858198, 'scale': 0.043487869977038296, 'error_term': 13.51633521849855, 'win_prob_k': 7.506466747435905}",0.0,-12
2025-01-25,Memphis Grizzlies,Utah Jazz,125,103,False,False,2025-01-25|Utah Jazz|Memphis Grizzlies,,,,2025-01-25|Utah Jazz|Memphis Grizzlies,0.8816522245339984,"[{""p_home_win"": 0.7633044490679968, ""weight"": 0.25}, {""p_home_win"": 0.8816522245339984, ""weight"": 0.5}, {""p_home_win"": 1.0, ""weight"": 0.25}]",15.074262344930897,,elo,"{'home_advantage': 1.3079542034858198, 'scale': 0.043487869977038296, 'error_term': 13.51633521849855, 'win_prob_k': 7.506466747435905}",1.0,22
2025-01-25,Golden State Warriors,Los Angeles Lakers,108,118,False,False,2025-01-25|Los Angeles Lakers|Golden State Warriors,,,,2025-01-25|Los Angeles Lakers|Golden State Warriors,0.44319877700410204,"[{""p_home_win"": 0.0, ""weight"": 0.25}, {""p_home_win"": 0.44319877700410204, ""weight"": 0.5}, {""p_home_win"": 0.8863975540082041, ""weight"": 0.25}]",-1.712900118104133,,elo,"{'home_advantage': 1.3079542034858198, 'scale': 0.043487869977038296, 'error_term': 13.51633521849855, 'win_prob_k': 7.506466747435905}",0.0,-10
2025-01-25,Phoenix Suns,Washington Wizards,119,109,False,False,2025-01-25|Washington Wizards|Phoenix Suns,,,,2025-01-25|Washington Wizards|Phoenix Suns,0.8343694285784119,"[{""p_home_win"": 0.6687388571568238, ""weight"": 0.25}, {""p_home_win"": 0.8343694285784119, ""weight"": 0.5}, {""p_home_win"": 1.0, ""weight"": 0.25}]",12.137329409627089,,elo,"{'home_advantage': 1.3079542034858198, 'scale': 0.043487869977038296, 'error_term': 13.51633521849855, 'win_prob_k': 7.506466747435905}",1.0,10
2025-01-25,Los Angeles Clippers,Milwaukee Bucks,127,117,False,False,2025-01-25|Milwaukee Bucks|Los Angeles Clippers,,,,2025-01-25|Milwaukee Bucks|Los Angeles Clippers,0.43451677950957485,"[{""p_home_win"": 0.0, ""weight"": 0.25}, {""p_home_win"": 0.43451677950957485, ""weight"": 0.5}, {""p_home_win"": 0.8690335590191497, ""weight"": 0.25}]",-1.9775490980943569,,elo,"{'home_advantage': 1.3079542034858198, 'scale': 0.043487869977038296, 'error_term': 13.51633521849855, 'win_prob_k': 7.506466747435905}",1.0,10
2025-01-26,Portland Trail Blazers,Oklahoma City Thunder,108,118,False,False,2025-01-26|Oklahoma City Thunder|Portland Trail Blazers,,,,2025-01-26|Oklahoma City Thunder|Portland Trail Blazers,0.19677534113370435,"[{""p_home_win"": 0.0, ""weight"": 0.25}, {""p_home_win"": 0.19677534113370435, ""weight"": 0.5}, {""p_home_win"": 0.3935506822674087, ""weight"": 0.25}]",-10.60675611487261,,elo,"{'home_advantage': 1.3297280871548185, 'scale': 0.043837420648201654, 'error_term': 13.606293446637169, 'win_prob_k': 7.540856662322531}",0.0,-10
2025-01-27,Charlotte Hornets,Los Angeles Lakers,107,112,False,False,2025-01-27|Los Angeles Lakers|Charlotte Hornets,,,,2025-01-27|Los Angeles Lakers|Charlotte Hornets,0.2697542940526421,"[{""p_home_win"": 0.0, ""weight"": 0.25}, {""p_home_win"": 0.2697542940526421, ""weight"": 0.5}, {""p_home_win"": 0.5395085881052842, ""weight"": 0.25}]",-7.494006370049863,,elo,"{'home_advantage': 1.3293259005745652, 'scale': 0.04371336457325559, 'error_term': 13.587148942011643, 'win_prob_k': 7.52508845933834}",0.0,-5
2025-01-27,Cleveland Cavaliers,Detroit Pistons,110,91,False,False,2025-01-27|Detroit Pistons|Cleveland Cavaliers,,,,2025-01-27|Detroit Pistons|Cleveland Cavaliers,0.7033883075319112,"[{""p_home_win"": 0.40677661506382234, ""weight"": 0.25}, {""p_home_win"": 0.7033883075319112, ""weight"": 0.5}, {""p_home_win"": 1.0, ""weight"": 0.25}]",6.497802863364418,,elo,"{'home_advantage': 1.3293259005745652, 'scale': 0.04371336457325559, 'error_term': 13.587148942011643, 'win_prob_k': 7.52508845933834}",1.0,19
2025-01-27,Boston Celtics,Houston Rockets,112,114,False,False,2025-01-27|Houston Rockets|Boston Celtics,,,,2025-01-27|Houston Rockets|Boston Celtics,0.45690803006954445,"[{""p_home_win"": 0.0, ""weight"": 0.25}, {""p_home_win"": 0.45690803006954445, ""weight"": 0.5}, {""p_home_win"": 0.9138160601390889, ""weight"": 0.25}]",-1.3003093677439377,,elo,"{'home_advantage': 1.3293259005745652, 'scale': 0.04371336457325559, 'error_term': 13.587148942011643, 'win_prob_k': 7.52508845933834}",0.0,-2
2025-01-27,Brooklyn Nets,Sacramento Kings,96,110,False,False,2025-01-27|Sacramento Kings|Brooklyn Nets,,,,2025-01-27|Sacramento Kings|Brooklyn Nets,0.22415524830638323,"[{""p_home_win"": 0.0, ""weight"": 0.25}, {""p_home_win"": 0.22415524830638323, ""weight"": 0.5}, {""p_home_win"": 0.44831049661276645, ""weight"": 0.25}]",-9.343251821123497,,elo,"{'home_advantage': 1.3293259005745652, 'scale': 0.04371336457325559, 'error_term': 13.587148942011643, 'win_prob_k': 7.52508845933834}",0.0,-14
2025-01-27,Miami Heat,Orlando Magic,125,119,False,False,2025-01-27|Orlando Magic|Miami Heat,,,,2025-01-27|Orlando Magic|Miami Heat,0.5687290523209977,"[{""p_home_win"": 0.13745810464199537, ""weight"": 0.25}, {""p_home_win"": 0.5687290523209977, ""weight"": 0.5}, {""p_home_win"": 1.0, ""weight"": 0.25}]",2.0819481413247165,,elo,"{'home_advantage': 1.3293259005745652, 'scale': 0.04371336457325559, 'error_term': 13.587148942011643, 'win_prob_k': 7.52508845933834}",1.0,6
2025-01-27,New York Knicks,Memphis Grizzlies,143,106,False,False,2025-01-27|Memphis Grizzlies|New York Knicks,,,,2025-01-27|Memphis Grizzlies|New York Knicks,0.5079867574918729,"[{""p_home_win"": 0.015973514983745885, ""weight"": 0.25}, {""p_home_win"": 0.5079867574918729, ""weight"": 0.5}, {""p_home_win"": 1.0, ""weight"": 0.25}]",0.24042467628366304,,elo,"{'home_advantage': 1.3293259005745652, 'scale': 0.04371336457325559, 'error_term': 13.587148942011643, 'win_prob_k': 7.52508845933834}",1.0,37
2025-01-27,Toronto Raptors,New Orleans Pelicans,113,104,False,False,2025-01-27|New Orleans Pelicans|Toronto Raptors,,,,2025-01-27|New Orleans Pelicans|Toronto Raptors,0.6327107241116158,"[{""p_home_win"": 0.26542144822323155, ""weight"": 0.25}, {""p_home_win"": 0.6327107241116158, ""weight"": 0.5}, {""p_home_win"": 1.0, ""weight"": 0.25}]",4.092621477922588,,elo,"{'home_advantage': 1.3293259005745652, 'scale': 0.04371336457325559, 'error_term': 13.587148942011643, 'win_prob_k': 7.52508845933834}",1.0,9
2025-01-27,Chicago Bulls,Denver Nuggets,129,121,False,False,2025-01-27|Denver Nuggets|Chicago Bulls,,,,2025-01-27|Denver Nuggets|Chicago Bulls,0.23922273208284567,"[{""p_home_win"": 0.0, ""weight"": 0.25}, {""p_home_win"": 0.23922273208284567, ""weight"": 0.5}, {""p_home_win"": 0.47844546416569134, ""weight"": 0.25}]",-8.706117834014437,,elo,"{'home_advantage': 1.3293259005745652, 'scale': 0.04371336457325559, 'error_term': 13.587148942011643, 'win_prob_k': 7.52508845933834}",1.0,8
2025-01-27,Minnesota Timberwolves,Atlanta Hawks,100,92,False,False,2025-01-27|Atlanta Hawks|Minnesota Timberwolves,,,,2025-01-27|Atlanta Hawks|Minnesota Timberwolves,0.6802568553754816,"[{""p_home_win"": 0.3605137107509633, ""weight"": 0.25}, {""p_home_win"": 0.6802568553754816, ""weight"": 0.5}, {""p_home_win"": 1.0, ""weight"": 0.25}]",5.681084005801164,,elo,"{'home_advantage': 1.3293259005745652, 'scale': 0.04371336457325559, 'error_term': 13.587148942011643, 'win_prob_k': 7.52508845933834}",1.0,8
2025-01-27,Dallas Mavericks,Washington Wizards,130,108,False,False,2025-01-27|Washington Wizards|Dallas Mavericks,,,,2025-01-27|Washington Wizards|Dallas Mavericks,0.838315174364817,"[{""p_home_win"": 0.6766303487296339, ""weight"": 0.25}, {""p_home_win"": 0.838315174364817, ""weight"": 0.5}, {""p_home_win"": 1.0, ""weight"": 0.25}]",12.384378312033093,,elo,"{'home_advantage': 1.3293259005745652, 'scale': 0.04371336457325559, 'error_term': 13.587148942011643, 'win_prob_k': 7.52508845933834}",1.0,22
2025-01-27,Utah Jazz,Milwaukee Bucks,110,125,False,False,2025-01-27|Milwaukee Bucks|Utah Jazz,,,,2025-01-27|Milwaukee Bucks|Utah Jazz,0.1832704850541779,"[{""p_home_win"": 0.0, ""weight"": 0.25}, {""p_home_win"": 0.1832704850541779, ""weight"": 0.5}, {""p_home_win"": 0.3665409701083558, ""weight"": 0.25}]",-11.245077162397477,,elo,"{'home_advantage': 1.3293259005745652, 'scale': 0.04371336457325559, 'error_term': 13.587148942011643, 'win_prob_k': 7.52508845933834}",0.0,-15
2025-01-27,Phoenix Suns,Los Angeles Clippers,111,109,False,False,2025-01-27|Los Angeles Clippers|Phoenix Suns,,,,2025-01-27|Los Angeles Clippers|Phoenix Suns,0.438737841335722,"[{""p_home_win"": 0.0, ""weight"": 0.25}, {""p_home_win"": 0.438737841335722, ""weight"": 0.5}, {""p_home_win"": 0.877475682671444, ""weight"": 0.25}]",-1.8533242374914904,,elo,"{'home_advantage': 1.3293259005745652, 'scale': 0.04371336457325559, 'error_term': 13.587148942011643, 'win_prob_k': 7.52508845933834}",1.0,2
2025-01-28,Atlanta Hawks,Houston Rockets,96,100,False,False,2025-01-28|Houston Rockets|Atlanta Hawks,,,,2025-01-28|Houston Rockets|Atlanta Hawks,0.2540409587416923,"[{""p_home_win"": 0.0, ""weight"": 0.25}, {""p_home_win"": 0.2540409587416923, ""weight"": 0.5}, {""p_home_win"": 0.5080819174833846, ""weight"": 0.25}]",-7.9781983527489,,elo,"{'home_advantage': 1.4395105054516553, 'scale': 0.042714694602319976, 'error_term': 13.601583057785462, 'win_prob_k': 7.4065931536033585}",0.0,-4
2025-01-28,Philadelphia 76ers,Los Angeles Lakers,118,104,False,False,2025-01-28|Los Angeles Lakers|Philadelphia 76ers,,,,2025-01-28|Los Angeles Lakers|Philadelphia 76ers,0.36769605610923006,"[{""p_home_win"": 0.0, ""weight"": 0.25}, {""p_home_win"": 0.36769605610923006, ""weight"": 0.5}, {""p_home_win"": 0.7353921122184601, ""weight"": 0.25}]",-4.015214433887847,,elo,"{'home_advantage': 1.4395105054516553, 'scale': 0.042714694602319976, 'error_term': 13.601583057785462, 'win_prob_k': 7.4065931536033585}",1.0,14
2025-01-28,Golden State Warriors,Utah Jazz,114,103,False,False,2025-01-28|Utah Jazz|Golden State Warriors,,,,2025-01-28|Utah Jazz|Golden State Warriors,0.7572946803306215,"[{""p_home_win"": 0.5145893606612431, ""weight"": 0.25}, {""p_home_win"": 0.7572946803306215, ""weight"": 0.5}, {""p_home_win"": 1.0, ""weight"": 0.25}]",8.427995089431098,,elo,"{'home_advantage': 1.4395105054516553, 'scale': 0.042714694602319976, 'error_term': 13.601583057785462, 'win_prob_k': 7.4065931536033585}",1.0,11
2025-01-28,Portland Trail Blazers,Milwaukee Bucks,125,112,False,False,2025-01-28|Milwaukee Bucks|Portland Trail Blazers,,,,2025-01-28|Milwaukee Bucks|Portland Trail Blazers,0.32925739282874067,"[{""p_home_win"": 0.0, ""weight"": 0.25}, {""p_home_win"": 0.32925739282874067, ""weight"": 0.5}, {""p_home_win"": 0.6585147856574813, ""weight"": 0.25}]",-5.270129314536544,,elo,"{'home_advantage': 1.4395105054516553, 'scale': 0.042714694602319976, 'error_term': 13.601583057785462, 'win_prob_k': 7.4065931536033585}",1.0,13
2025-01-29,Charlotte Hornets,Brooklyn Nets,83,104,False,False,2025-01-29|Brooklyn Nets|Charlotte Hornets,,,,2025-01-29|Brooklyn Nets|Charlotte Hornets,0.6189414072750444,"[{""p_home_win"": 0.23788281455008886, ""weight"": 0.25}, {""p_home_win"": 0.6189414072750444, ""weight"": 0.5}, {""p_home_win"": 1.0, ""weight"": 0.25}]",3.568074691208463,,elo,"{'home_advantage': 1.5021801253185398, 'scale': 0.04269839103146988, 'error_term': 13.60823879207707, 'win_prob_k': 7.355983521454631}",0.0,-21
2025-01-29,Indiana Pacers,Detroit Pistons,133,119,False,False,2025-01-29|Detroit Pistons|Indiana Pacers,,,,2025-01-29|Detroit Pistons|Indiana Pacers,0.6622939763783223,"[{""p_home_win"": 0.32458795275664465, ""weight"": 0.25}, {""p_home_win"": 0.6622939763783223, ""weight"": 0.5}, {""p_home_win"": 1.0, ""weight"": 0.25}]",4.954503283946617,,elo,"{'home_advantage': 1.5021801253185398, 'scale': 0.04269839103146988, 'error_term': 13.60823879207707, 'win_prob_k': 7.355983521454631}",1.0,14
2025-01-29,Washington Wizards,Toronto Raptors,82,106,False,False,2025-01-29|Toronto Raptors|Washington Wizards,,,,2025-01-29|Toronto Raptors|Washington Wizards,0.24105835810547113,"[{""p_home_win"": 0.0, ""weight"": 0.25}, {""p_home_win"": 0.24105835810547113, ""weight"": 0.5}, {""p_home_win"": 0.48211671621094226, ""weight"": 0.25}]",-8.436473283371882,,elo,"{'home_advantage': 1.5021801253185398, 'scale': 0.04269839103146988, 'error_term': 13.60823879207707, 'win_prob_k': 7.355983521454631}",0.0,-24
2025-01-29,Boston Celtics,Chicago Bulls,122,100,False,False,2025-01-29|Chicago Bulls|Boston Celtics,,,,2025-01-29|Chicago Bulls|Boston Celtics,0.754359797565559,"[{""p_home_win"": 0.5087195951311181, ""weight"": 0.25}, {""p_home_win"": 0.754359797565559, ""weight"": 0.5}, {""p_home_win"": 1.0, ""weight"": 0.25}]",8.253425028485983,,elo,"{'home_advantage': 1.5021801253185398, 'scale': 0.04269839103146988, 'error_term': 13.60823879207707, 'win_prob_k': 7.355983521454631}",1.0,22
2025-01-29,Miami Heat,Cleveland Cavaliers,106,126,False,False,2025-01-29|Cleveland Cavaliers|Miami Heat,,,,2025-01-29|Cleveland Cavaliers|Miami Heat,0.29504645796084333,"[{""p_home_win"": 0.0, ""weight"": 0.25}, {""p_home_win"": 0.29504645796084333, ""weight"": 0.5}, {""p_home_win"": 0.5900929159216867, ""weight"": 0.25}]",-6.407054837537249,,elo,"{'home_advantage': 1.5021801253185398, 'scale': 0.04269839103146988, 'error_term': 13.60823879207707, 'win_prob_k': 7.355983521454631}",0.0,-20
2025-01-29,New York Knicks,Denver Nuggets,122,112,False,False,2025-01-29|Denver Nuggets|New York Knicks,,,,2025-01-29|Denver Nuggets|New York Knicks,0.6091375178003089,"[{""p_home_win"": 0.21827503560061778, ""weight"": 0.25}, {""p_home_win"": 0.6091375178003089, ""weight"": 0.5}, {""p_home_win"": 1.0, ""weight"": 0.25}]",3.2637635382140946,,elo,"{'home_advantage': 1.5021801253185398, 'scale': 0.04269839103146988, 'error_term': 13.60823879207707, 'win_prob_k': 7.355983521454631}",1.0,10
2025-01-29,Philadelphia 76ers,Sacramento Kings,117,104,False,False,2025-01-29|Sacramento Kings|Philadelphia 76ers,,,,2025-01-29|Sacramento Kings|Philadelphia 76ers,0.41931042395704665,"[{""p_home_win"": 0.0, ""weight"": 0.25}, {""p_home_win"": 0.41931042395704665, ""weight"": 0.5}, {""p_home_win"": 0.8386208479140933, ""weight"": 0.25}]",-2.3951435969665464,,elo,"{'home_advantage': 1.5021801253185398, 'scale': 0.04269839103146988, 'error_term': 13.60823879207707, 'win_prob_k': 7.355983521454631}",1.0,13
2025-01-29,New Orleans Pelicans,Dallas Mavericks,136,137,False,False,2025-01-29|Dallas Mavericks|New Orleans Pelicans,,,,2025-01-29|Dallas Mavericks|New Orleans Pelicans,0.3640551520982397,"[{""p_home_win"": 0.0, ""weight"": 0.25}, {""p_home_win"": 0.3640551520982397, ""weight"": 0.5}, {""p_home_win"": 0.7281103041964794, ""weight"": 0.25}]",-4.1032151980362235,,elo,"{'home_advantage': 1.5021801253185398, 'scale': 0.04269839103146988, 'error_term': 13.60823879207707, 'win_prob_k': 7.355983521454631}",0.0,-1
2025-01-29,San Antonio Spurs,Los Angeles Clippers,116,128,False,False,2025-01-29|Los Angeles Clippers|San Antonio Spurs,,,,2025-01-29|Los Angeles Clippers|San Antonio Spurs,0.43898749982502805,"[{""p_home_win"": 0.0, ""weight"": 0.25}, {""p_home_win"": 0.43898749982502805, ""weight"": 0.5}, {""p_home_win"": 0.8779749996500561, ""weight"": 0.25}]",-1.8042186201426123,,elo,"{'home_advantage': 1.5021801253185398, 'scale': 0.04269839103146988, 'error_term': 13.60823879207707, 'win_prob_k': 7.355983521454631}",0.0,-12
2025-01-29,Phoenix Suns,Minnesota Timberwolves,113,121,False,False,2025-01-29|Minnesota Timberwolves|Phoenix Suns,,,,2025-01-29|Minnesota Timberwolves|Phoenix Suns,0.45846382721447887,"[{""p_home_win"": 0.0, ""weight"": 0.25}, {""p_home_win"": 0.45846382721447887, ""weight"": 0.5}, {""p_home_win"": 0.9169276544289577, ""weight"": 0.25}]",-1.2249806845531521,,elo,"{'home_advantage': 1.5021801253185398, 'scale': 0.04269839103146988, 'error_term': 13.60823879207707, 'win_prob_k': 7.355983521454631}",0.0,-8
2025-01-29,Golden State Warriors,Oklahoma City Thunder,116,109,False,False,2025-01-29|Oklahoma City Thunder|Golden State Warriors,,,,2025-01-29|Oklahoma City Thunder|Golden State Warriors,0.21856902388341404,"[{""p_home_win"": 0.0, ""weight"": 0.25}, {""p_home_win"": 0.21856902388341404, ""weight"": 0.5}, {""p_home_win"": 0.4371380477668281, ""weight"": 0.25}]",-9.371706613323731,,elo,"{'home_advantage': 1.5021801253185398, 'scale': 0.04269839103146988, 'error_term': 13.60823879207707, 'win_prob_k': 7.355983521454631}",1.0,7
2025-01-30,Cleveland Cavaliers,Atlanta Hawks,137,115,False,False,2025-01-30|Atlanta Hawks|Cleveland Cavaliers,,,,2025-01-30|Atlanta Hawks|Cleveland Cavaliers,0.8320741263704546,"[{""p_home_win"": 0.6641482527409093, ""weight"": 0.25}, {""p_home_win"": 0.8320741263704546, ""weight"": 0.5}, {""p_home_win"": 1.0, ""weight"": 0.25}]",11.740268385103343,,elo,"{'home_advantage': 1.5053238340963817, 'scale': 0.04273018578546626, 'error_term': 13.595740951410349, 'win_prob_k': 7.335838927919703}",1.0,22
2025-01-30,Washington Wizards,Los Angeles Lakers,96,134,False,False,2025-01-30|Los Angeles Lakers|Washington Wizards,,,,2025-01-30|Los Angeles Lakers|Washington Wizards,0.14950289104237222,"[{""p_home_win"": 0.0, ""weight"": 0.25}, {""p_home_win"": 0.14950289104237222, ""weight"": 0.5}, {""p_home_win"": 0.29900578208474443, ""weight"": 0.25}]",-12.753394723235235,,elo,"{'home_advantage': 1.5053238340963817, 'scale': 0.04273018578546626, 'error_term': 13.595740951410349, 'win_prob_k': 7.335838927919703}",0.0,-38
2025-01-30,Utah Jazz,Minnesota Timberwolves,113,138,False,False,2025-01-30|Minnesota Timberwolves|Utah Jazz,,,,2025-01-30|Minnesota Timberwolves|Utah Jazz,0.1680240013111277,"[{""p_home_win"": 0.0, ""weight"": 0.25}, {""p_home_win"": 0.1680240013111277, ""weight"": 0.5}, {""p_home_win"": 0.3360480026222554, ""weight"": 0.25}]",-11.735117754085184,,elo,"{'home_advantage': 1.5053238340963817, 'scale': 0.04273018578546626, 'error_term': 13.595740951410349, 'win_prob_k': 7.335838927919703}",0.0,-25
2025-01-30,Memphis Grizzlies,Houston Rockets,120,119,False,False,2025-01-30|Houston Rockets|Memphis Grizzlies,,,,2025-01-30|Houston Rockets|Memphis Grizzlies,0.4488644360540649,"[{""p_home_win"": 0.0, ""weight"": 0.25}, {""p_home_win"": 0.4488644360540649, ""weight"": 0.5}, {""p_home_win"": 0.8977288721081298, ""weight"": 0.25}]",-1.5057535168094447,,elo,"{'home_advantage': 1.5053238340963817, 'scale': 0.04273018578546626, 'error_term': 13.595740951410349, 'win_prob_k': 7.335838927919703}",1.0,1
2025-01-30,Portland Trail Blazers,Orlando Magic,119,90,False,False,2025-01-30|Orlando Magic|Portland Trail Blazers,,,,2025-01-30|Orlando Magic|Portland Trail Blazers,0.6049911796188975,"[{""p_home_win"": 0.20998235923779496, ""weight"": 0.25}, {""p_home_win"": 0.6049911796188975, ""weight"": 0.5}, {""p_home_win"": 1.0, ""weight"": 0.25}]",3.127310565843764,,elo,"{'home_advantage': 1.5053238340963817, 'scale': 0.04273018578546626, 'error_term': 13.595740951410349, 'win_prob_k': 7.335838927919703}",1.0,29
2025-01-31,Charlotte Hornets,Los Angeles Clippers,104,112,False,False,2025-01-31|Los Angeles Clippers|Charlotte Hornets,,,,2025-01-31|Los Angeles Clippers|Charlotte Hornets,0.24847135606710558,"[{""p_home_win"": 0.0, ""weight"": 0.25}, {""p_home_win"": 0.24847135606710558, ""weight"": 0.5}, {""p_home_win"": 0.49694271213421115, ""weight"": 0.25}]",-8.213245079372019,,elo,"{'home_advantage': 1.4941787821878512, 'scale': 0.04266418139000577, 'error_term': 13.647513388630312, 'win_prob_k': 7.420835282261484}",0.0,-8
2025-01-31,Detroit Pistons,Dallas Mavericks,117,102,False,False,2025-01-31|Dallas Mavericks|Detroit Pistons,,,,2025-01-31|Dallas Mavericks|Detroit Pistons,0.5653928475477282,"[{""p_home_win"": 0.13078569509545646, ""weight"": 0.25}, {""p_home_win"": 0.5653928475477282, ""weight"": 0.5}, {""p_home_win"": 1.0, ""weight"": 0.25}]",1.9522605057010376,,elo,"{'home_advantage': 1.4941787821878512, 'scale': 0.04266418139000577, 'error_term': 13.647513388630312, 'win_prob_k': 7.420835282261484}",1.0,15
2025-01-31,Philadelphia 76ers,Denver Nuggets,134,137,False,False,2025-01-31|Denver Nuggets|Philadelphia 76ers,,,,2025-01-31|Denver Nuggets|Philadelphia 76ers,0.44627642994441197,"[{""p_home_win"": 0.0, ""weight"": 0.25}, {""p_home_win"": 0.44627642994441197, ""weight"": 0.5}, {""p_home_win"": 0.8925528598888239, ""weight"": 0.25}]",-1.600874778527654,,elo,"{'home_advantage': 1.4941787821878512, 'scale': 0.04266418139000577, 'error_term': 13.647513388630312, 'win_prob_k': 7.420835282261484}",0.0,-3
2025-01-31,Toronto Raptors,Chicago Bulls,106,122,False,False,2025-01-31|Chicago Bulls|Toronto Raptors,,,,2025-01-31|Chicago Bulls|Toronto Raptors,0.6223723051885148,"[{""p_home_win"": 0.24474461037702966, ""weight"": 0.25}, {""p_home_win"": 0.6223723051885148, ""weight"": 0.5}, {""p_home_win"": 1.0, ""weight"": 0.25}]",3.707669699720031,,elo,"{'home_advantage': 1.4941787821878512, 'scale': 0.04266418139000577, 'error_term': 13.647513388630312, 'win_prob_k': 7.420835282261484}",0.0,-16
2025-01-31,New Orleans Pelicans,Boston Celtics,116,118,False,False,2025-01-31|Boston Celtics|New Orleans Pelicans,,,,2025-01-31|Boston Celtics|New Orleans Pelicans,0.2288827647627423,"[{""p_home_win"": 0.0, ""weight"": 0.25}, {""p_home_win"": 0.2288827647627423, ""weight"": 0.5}, {""p_home_win"": 0.4577655295254846, ""weight"": 0.25}]",-9.013572794248397,,elo,"{'home_advantage': 1.4941787821878512, 'scale': 0.04266418139000577, 'error_term': 13.647513388630312, 'win_prob_k': 7.420835282261484}",0.0,-2
2025-01-31,San Antonio Spurs,Milwaukee Bucks,144,118,False,False,2025-01-31|Milwaukee Bucks|San Antonio Spurs,,,,2025-01-31|Milwaukee Bucks|San Antonio Spurs,0.37738085519326797,"[{""p_home_win"": 0.0, ""weight"": 0.25}, {""p_home_win"": 0.37738085519326797, ""weight"": 0.5}, {""p_home_win"": 0.7547617103865359, ""weight"": 0.25}]",-3.715464579514025,,elo,"{'home_advantage': 1.4941787821878512, 'scale': 0.04266418139000577, 'error_term': 13.647513388630312, 'win_prob_k': 7.420835282261484}",1.0,26
2025-01-31,Golden State Warriors,Phoenix Suns,105,130,False,False,2025-01-31|Phoenix Suns|Golden State Warriors,,,,2025-01-31|Phoenix Suns|Golden State Warriors,0.5576774692077962,"[{""p_home_win"": 0.1153549384155923, ""weight"": 0.25}, {""p_home_win"": 0.5576774692077962, ""weight"": 0.5}, {""p_home_win"": 1.0, ""weight"": 0.25}]",1.7197151986515546,,elo,"{'home_advantage': 1.4941787821878512, 'scale': 0.04266418139000577, 'error_term': 13.647513388630312, 'win_prob_k': 7.420835282261484}",0.0,-25
2025-02-01,Indiana Pacers,Atlanta Hawks,132,127,False,False,2025-02-01|Atlanta Hawks|Indiana Pacers,,,,2025-02-01|Atlanta Hawks|Indiana Pacers,0.7841623789662073,"[{""p_home_win"": 0.5683247579324147, ""weight"": 0.25}, {""p_home_win"": 0.7841623789662073, ""weight"": 0.5}, {""p_home_win"": 1.0, ""weight"": 0.25}]",9.432561509900333,,elo,"{'home_advantage': 1.5071474699451393, 'scale': 0.042048041306430556, 'error_term': 13.689656152452514, 'win_prob_k': 7.311554526044695}",1.0,5
2025-02-01,Utah Jazz,Orlando Magic,113,99,False,False,2025-02-01|Orlando Magic|Utah Jazz,,,,2025-02-01|Orlando Magic|Utah Jazz,0.3637513024029721,"[{""p_home_win"": 0.0, ""weight"": 0.25}, {""p_home_win"": 0.3637513024029721, ""weight"": 0.5}, {""p_home_win"": 0.7275026048059442, ""weight"": 0.25}]",-4.088029946291697,,elo,"{'home_advantage': 1.5071474699451393, 'scale': 0.042048041306430556, 'error_term': 13.689656152452514, 'win_prob_k': 7.311554526044695}",1.0,14
2025-02-01,Charlotte Hornets,Denver Nuggets,104,107,False,False,2025-02-01|Denver Nuggets|Charlotte Hornets,,,,2025-02-01|Denver Nuggets|Charlotte Hornets,0.2110988974007348,"[{""p_home_win"": 0.0, ""weight"": 0.25}, {""p_home_win"": 0.2110988974007348, ""weight"": 0.5}, {""p_home_win"": 0.4221977948014696, ""weight"": 0.25}]",-9.638926419079608,,elo,"{'home_advantage': 1.5071474699451393, 'scale': 0.042048041306430556, 'error_term': 13.689656152452514, 'win_prob_k': 7.311554526044695}",0.0,-3
2025-02-01,Houston Rockets,Brooklyn Nets,98,110,False,False,2025-02-01|Brooklyn Nets|Houston Rockets,,,,2025-02-01|Brooklyn Nets|Houston Rockets,0.8918122267962658,"[{""p_home_win"": 0.7836244535925316, ""weight"": 0.25}, {""p_home_win"": 0.8918122267962658, ""weight"": 0.5}, {""p_home_win"": 1.0, ""weight"": 0.25}]",15.422899852005946,,elo,"{'home_advantage': 1.5071474699451393, 'scale': 0.042048041306430556, 'error_term': 13.689656152452514, 'win_prob_k': 7.311554526044695}",0.0,-12
2025-02-01,Minnesota Timberwolves,Washington Wizards,103,105,False,False,2025-02-01|Washington Wizards|Minnesota Timberwolves,,,,2025-02-01|Washington Wizards|Minnesota Timberwolves,0.92277995469287,"[{""p_home_win"": 0.84555990938574, ""weight"": 0.25}, {""p_home_win"": 0.92277995469287, ""weight"": 0.5}, {""p_home_win"": 1.0, ""weight"": 0.25}]",18.1380052808471,,elo,"{'home_advantage': 1.5071474699451393, 'scale': 0.042048041306430556, 'error_term': 13.689656152452514, 'win_prob_k': 7.311554526044695}",0.0,-2
2025-02-01,Oklahoma City Thunder,Sacramento Kings,144,110,False,False,2025-02-01|Sacramento Kings|Oklahoma City Thunder,,,,2025-02-01|Sacramento Kings|Oklahoma City Thunder,0.7517450557532035,"[{""p_home_win"": 0.503490111506407, ""weight"": 0.25}, {""p_home_win"": 0.7517450557532035, ""weight"": 0.5}, {""p_home_win"": 1.0, ""weight"": 0.25}]",8.100771221305447,,elo,"{'home_advantage': 1.5071474699451393, 'scale': 0.042048041306430556, 'error_term': 13.689656152452514, 'win_prob_k': 7.311554526044695}",1.0,34
2025-02-01,New York Knicks,Los Angeles Lakers,112,128,False,False,2025-02-01|Los Angeles Lakers|New York Knicks,,,,2025-02-01|Los Angeles Lakers|New York Knicks,0.680307024806553,"[{""p_home_win"": 0.36061404961310606, ""weight"": 0.25}, {""p_home_win"": 0.680307024806553, ""weight"": 0.5}, {""p_home_win"": 1.0, ""weight"": 0.25}]",5.521562563677695,,elo,"{'home_advantage': 1.5071474699451393, 'scale': 0.042048041306430556, 'error_term': 13.689656152452514, 'win_prob_k': 7.311554526044695}",0.0,-16
2025-02-01,San Antonio Spurs,Miami Heat,103,105,False,False,2025-02-01|Miami Heat|San Antonio Spurs,,,,2025-02-01|Miami Heat|San Antonio Spurs,0.5481437396016039,"[{""p_home_win"": 0.0962874792032078, ""weight"": 0.25}, {""p_home_win"": 0.5481437396016039, ""weight"": 0.5}, {""p_home_win"": 1.0, ""weight"": 0.25}]",1.4123980650243713,,elo,"{'home_advantage': 1.5071474699451393, 'scale': 0.042048041306430556, 'error_term': 13.689656152452514, 'win_prob_k': 7.311554526044695}",0.0,-2
2025-02-01,Portland Trail Blazers,Phoenix Suns,127,108,False,False,2025-02-01|Phoenix Suns|Portland Trail Blazers,,,,2025-02-01|Phoenix Suns|Portland Trail Blazers,0.504593061194007,"[{""p_home_win"": 0.009186122388014084, ""weight"": 0.25}, {""p_home_win"": 0.504593061194007, ""weight"": 0.5}, {""p_home_win"": 1.0, ""weight"": 0.25}]",0.1343334480998455,,elo,"{'home_advantage': 1.5071474699451393, 'scale': 0.042048041306430556, 'error_term': 13.689656152452514, 'win_prob_k': 7.311554526044695}",1.0,19
2025-02-02,Detroit Pistons,Chicago Bulls,127,119,False,False,2025-02-02|Chicago Bulls|Detroit Pistons,,,,2025-02-02|Chicago Bulls|Detroit Pistons,0.6845879898554643,"[{""p_home_win"": 0.36917597971092864, ""weight"": 0.25}, {""p_home_win"": 0.6845879898554643, ""weight"": 0.5}, {""p_home_win"": 1.0, ""weight"": 0.25}]",5.750113736361927,,elo,"{'home_advantage': 1.5222172595536434, 'scale': 0.04280038814037703, 'error_term': 13.807994459346343, 'win_prob_k': 7.420100663138729}",1.0,8
2025-02-02,Cleveland Cavaliers,Dallas Mavericks,144,101,False,False,2025-02-02|Dallas Mavericks|Cleveland Cavaliers,,,,2025-02-02|Dallas Mavericks|Cleveland Cavaliers,0.8038434480829317,"[{""p_home_win"": 0.6076868961658635, ""weight"": 0.25}, {""p_home_win"": 0.8038434480829317, ""weight"": 0.5}, {""p_home_win"": 1.0, ""weight"": 0.25}]",10.465988611922521,,elo,"{'home_advantage': 1.5222172595536434, 'scale': 0.04280038814037703, 'error_term': 13.807994459346343, 'win_prob_k': 7.420100663138729}",1.0,43
2025-02-02,Toronto Raptors,Los Angeles Clippers,115,108,False,False,2025-02-02|Los Angeles Clippers|Toronto Raptors,,,,2025-02-02|Los Angeles Clippers|Toronto Raptors,0.3715506130224393,"[{""p_home_win"": 0.0, ""weight"": 0.25}, {""p_home_win"": 0.3715506130224393, ""weight"": 0.5}, {""p_home_win"": 0.7431012260448786, ""weight"": 0.25}]",-3.899785276617275,,elo,"{'home_advantage': 1.5222172595536434, 'scale': 0.04280038814037703, 'error_term': 13.807994459346343, 'win_prob_k': 7.420100663138729}",1.0,7
2025-02-02,Philadelphia 76ers,Boston Celtics,110,118,False,False,2025-02-02|Boston Celtics|Philadelphia 76ers,,,,2025-02-02|Boston Celtics|Philadelphia 76ers,0.3846270259433868,"[{""p_home_win"": 0.0, ""weight"": 0.25}, {""p_home_win"": 0.3846270259433868, ""weight"": 0.5}, {""p_home_win"": 0.7692540518867736, ""weight"": 0.25}]",-3.487109288351695,,elo,"{'home_advantage': 1.5222172595536434, 'scale': 0.04280038814037703, 'error_term': 13.807994459346343, 'win_prob_k': 7.420100663138729}",0.0,-8
2025-02-02,Milwaukee Bucks,Memphis Grizzlies,119,132,False,False,2025-02-02|Memphis Grizzlies|Milwaukee Bucks,,,,2025-02-02|Memphis Grizzlies|Milwaukee Bucks,0.4201504116577031,"[{""p_home_win"": 0.0, ""weight"": 0.25}, {""p_home_win"": 0.4201504116577031, ""weight"": 0.5}, {""p_home_win"": 0.8403008233154062, ""weight"": 0.25}]",-2.390429721459166,,elo,"{'home_advantage': 1.5222172595536434, 'scale': 0.04280038814037703, 'error_term': 13.807994459346343, 'win_prob_k': 7.420100663138729}",0.0,-13
2025-02-03,Charlotte Hornets,Washington Wizards,114,124,False,False,2025-02-03|Washington Wizards|Charlotte Hornets,,,,2025-02-03|Washington Wizards|Charlotte Hornets,0.6478840354209234,"[{""p_home_win"": 0.29576807084184686, ""weight"": 0.25}, {""p_home_win"": 0.6478840354209234, ""weight"": 0.5}, {""p_home_win"": 1.0, ""weight"": 0.25}]",4.555077291348628,,elo,"{'home_advantage': 1.5608506590993678, 'scale': 0.042628956033046034, 'error_term': 13.834250421798824, 'win_prob_k': 7.470387293099741}",0.0,-10
2025-02-03,Detroit Pistons,Atlanta Hawks,130,132,False,False,2025-02-03|Atlanta Hawks|Detroit Pistons,,,,2025-02-03|Atlanta Hawks|Detroit Pistons,0.7105021799568261,"[{""p_home_win"": 0.42100435991365215, ""weight"": 0.25}, {""p_home_win"": 0.7105021799568261, ""weight"": 0.5}, {""p_home_win"": 1.0, ""weight"": 0.25}]",6.7070948598528535,,elo,"{'home_advantage': 1.5608506590993678, 'scale': 0.042628956033046034, 'error_term': 13.834250421798824, 'win_prob_k': 7.470387293099741}",0.0,-2
2025-02-03,New York Knicks,Houston Rockets,124,118,False,False,2025-02-03|Houston Rockets|New York Knicks,,,,2025-02-03|Houston Rockets|New York Knicks,0.5500417992490821,"[{""p_home_win"": 0.10008359849816428, ""weight"": 0.25}, {""p_home_win"": 0.5500417992490821, ""weight"": 0.5}, {""p_home_win"": 1.0, ""weight"": 0.25}]",1.5003494668789716,,elo,"{'home_advantage': 1.5608506590993678, 'scale': 0.042628956033046034, 'error_term': 13.834250421798824, 'win_prob_k': 7.470387293099741}",1.0,6
2025-02-03,Memphis Grizzlies,San Antonio Spurs,128,109,False,False,2025-02-03|San Antonio Spurs|Memphis Grizzlies,,,,2025-02-03|San Antonio Spurs|Memphis Grizzlies,0.7892187477662318,"[{""p_home_win"": 0.5784374955324636, ""weight"": 0.25}, {""p_home_win"": 0.7892187477662318, ""weight"": 0.5}, {""p_home_win"": 1.0, ""weight"": 0.25}]",9.862574529781423,,elo,"{'home_advantage': 1.5608506590993678, 'scale': 0.042628956033046034, 'error_term': 13.834250421798824, 'win_prob_k': 7.470387293099741}",1.0,19
2025-02-03,Minnesota Timberwolves,Sacramento Kings,114,116,False,False,2025-02-03|Sacramento Kings|Minnesota Timberwolves,,,,2025-02-03|Sacramento Kings|Minnesota Timberwolves,0.6068672151047333,"[{""p_home_win"": 0.21373443020946659, ""weight"": 0.25}, {""p_home_win"": 0.6068672151047333, ""weight"": 0.5}, {""p_home_win"": 1.0, ""weight"": 0.25}]",3.2433626302559713,,elo,"{'home_advantage': 1.5608506590993678, 'scale': 0.042628956033046034, 'error_term': 13.834250421798824, 'win_prob_k': 7.470387293099741}",0.0,-2
2025-02-03,Oklahoma City Thunder,Milwaukee Bucks,125,96,False,False,2025-02-03|Milwaukee Bucks|Oklahoma City Thunder,,,,2025-02-03|Milwaukee Bucks|Oklahoma City Thunder,0.7730257702430073,"[{""p_home_win"": 0.5460515404860147, ""weight"": 0.25}, {""p_home_win"": 0.7730257702430073, ""weight"": 0.5}, {""p_home_win"": 1.0, ""weight"": 0.25}]",9.15477959325972,,elo,"{'home_advantage': 1.5608506590993678, 'scale': 0.042628956033046034, 'error_term': 13.834250421798824, 'win_prob_k': 7.470387293099741}",1.0,29
2025-02-03,Denver Nuggets,New Orleans Pelicans,125,113,False,False,2025-02-03|New Orleans Pelicans|Denver Nuggets,,,,2025-02-03|New Orleans Pelicans|Denver Nuggets,0.8417792819507178,"[{""p_home_win"": 0.6835585639014357, ""weight"": 0.25}, {""p_home_win"": 0.8417792819507178, ""weight"": 0.5}, {""p_home_win"": 1.0, ""weight"": 0.25}]",12.486952839829774,,elo,"{'home_advantage': 1.5608506590993678, 'scale': 0.042628956033046034, 'error_term': 13.834250421798824, 'win_prob_k': 7.470387293099741}",1.0,12
2025-02-03,Utah Jazz,Indiana Pacers,111,112,False,False,2025-02-03|Indiana Pacers|Utah Jazz,,,,2025-02-03|Indiana Pacers|Utah Jazz,0.16145657907619443,"[{""p_home_win"": 0.0, ""weight"": 0.25}, {""p_home_win"": 0.16145657907619443, ""weight"": 0.5}, {""p_home_win"": 0.32291315815238886, ""weight"": 0.25}]",-12.306941017281785,,elo,"{'home_advantage': 1.5608506590993678, 'scale': 0.042628956033046034, 'error_term': 13.834250421798824, 'win_prob_k': 7.470387293099741}",0.0,-1
2025-02-03,Golden State Warriors,Orlando Magic,104,99,False,False,2025-02-03|Orlando Magic|Golden State Warriors,,,,2025-02-03|Orlando Magic|Golden State Warriors,0.6834183207242159,"[{""p_home_win"": 0.36683664144843187, ""weight"": 0.25}, {""p_home_win"": 0.6834183207242159, ""weight"": 0.5}, {""p_home_win"": 1.0, ""weight"": 0.25}]",5.7486562723755075,,elo,"{'home_advantage': 1.5608506590993678, 'scale': 0.042628956033046034, 'error_term': 13.834250421798824, 'win_prob_k': 7.470387293099741}",1.0,5
2025-02-03,Portland Trail Blazers,Phoenix Suns,121,119,False,False,2025-02-03|Phoenix Suns|Portland Trail Blazers,,,,2025-02-03|Phoenix Suns|Portland Trail Blazers,0.5676511212715287,"[{""p_home_win"": 0.13530224254305745, ""weight"": 0.25}, {""p_home_win"": 0.5676511212715287, ""weight"": 0.5}, {""p_home_win"": 1.0, ""weight"": 0.25}]",2.033993387206565,,elo,"{'home_advantage': 1.5608506590993678, 'scale': 0.042628956033046034, 'error_term': 13.834250421798824, 'win_prob_k': 7.470387293099741}",1.0,2
2025-02-04,Philadelphia 76ers,Dallas Mavericks,118,116,False,False,2025-02-04|Dallas Mavericks|Philadelphia 76ers,,,,2025-02-04|Dallas Mavericks|Philadelphia 76ers,0.5464857122025267,"[{""p_home_win"": 0.09297142440505346, ""weight"": 0.25}, {""p_home_win"": 0.5464857122025267, ""weight"": 0.5}, {""p_home_win"": 1.0, ""weight"": 0.25}]",1.3843208579610162,,elo,"{'home_advantage': 1.5772898405962885, 'scale': 0.04123129058567034, 'error_term': 13.848954781811473, 'win_prob_k': 7.423372754475578}",1.0,2
2025-02-04,Brooklyn Nets,Houston Rockets,99,97,False,False,2025-02-04|Houston Rockets|Brooklyn Nets,,,,2025-02-04|Houston Rockets|Brooklyn Nets,0.244645808255375,"[{""p_home_win"": 0.0, ""weight"": 0.25}, {""p_home_win"": 0.244645808255375, ""weight"": 0.5}, {""p_home_win"": 0.48929161651075, ""weight"": 0.25}]",-8.36892696309391,,elo,"{'home_advantage': 1.5772898405962885, 'scale': 0.04123129058567034, 'error_term': 13.848954781811473, 'win_prob_k': 7.423372754475578}",1.0,2
2025-02-04,Cleveland Cavaliers,Boston Celtics,105,112,False,False,2025-02-04|Boston Celtics|Cleveland Cavaliers,,,,2025-02-04|Boston Celtics|Cleveland Cavaliers,0.6685504796481303,"[{""p_home_win"": 0.3371009592962606, ""weight"": 0.25}, {""p_home_win"": 0.6685504796481303, ""weight"": 0.5}, {""p_home_win"": 1.0, ""weight"": 0.25}]",5.208508416089694,,elo,"{'home_advantage': 1.5772898405962885, 'scale': 0.04123129058567034, 'error_term': 13.848954781811473, 'win_prob_k': 7.423372754475578}",0.0,-7
2025-02-04,Toronto Raptors,New York Knicks,115,121,False,False,2025-02-04|New York Knicks|Toronto Raptors,,,,2025-02-04|New York Knicks|Toronto Raptors,0.31801863917462364,"[{""p_home_win"": 0.0, ""weight"": 0.25}, {""p_home_win"": 0.31801863917462364, ""weight"": 0.5}, {""p_home_win"": 0.6360372783492473, ""weight"": 0.25}]",-5.663234155550997,,elo,"{'home_advantage': 1.5772898405962885, 'scale': 0.04123129058567034, 'error_term': 13.848954781811473, 'win_prob_k': 7.423372754475578}",0.0,-6
2025-02-04,Chicago Bulls,Miami Heat,133,124,False,False,2025-02-04|Miami Heat|Chicago Bulls,,,,2025-02-04|Miami Heat|Chicago Bulls,0.44392861539528994,"[{""p_home_win"": 0.0, ""weight"": 0.25}, {""p_home_win"": 0.44392861539528994, ""weight"": 0.5}, {""p_home_win"": 0.8878572307905799, ""weight"": 0.25}]",-1.6719877897257325,,elo,"{'home_advantage': 1.5772898405962885, 'scale': 0.04123129058567034, 'error_term': 13.848954781811473, 'win_prob_k': 7.423372754475578}",1.0,9
2025-02-04,Los Angeles Clippers,Los Angeles Lakers,97,122,False,False,2025-02-04|Los Angeles Lakers|Los Angeles Clippers,,,,2025-02-04|Los Angeles Lakers|Los Angeles Clippers,0.5002611303567523,"[{""p_home_win"": 0.0005222607135046964, ""weight"": 0.25}, {""p_home_win"": 0.5002611303567523, ""weight"": 0.5}, {""p_home_win"": 1.0, ""weight"": 0.25}]",0.007753872607702661,,elo,"{'home_advantage': 1.5772898405962885, 'scale': 0.04123129058567034, 'error_term': 13.848954781811473, 'win_prob_k': 7.423372754475578}",0.0,-25
2025-02-04,Portland Trail Blazers,Indiana Pacers,112,89,False,False,2025-02-04|Indiana Pacers|Portland Trail Blazers,,,,2025-02-04|Indiana Pacers|Portland Trail Blazers,0.4016187857217366,"[{""p_home_win"": 0.0, ""weight"": 0.25}, {""p_home_win"": 0.4016187857217366, ""weight"": 0.5}, {""p_home_win"": 0.8032375714434732, ""weight"": 0.25}]",-2.9598819886789784,,elo,"{'home_advantage': 1.5772898405962885, 'scale': 0.04123129058567034, 'error_term': 13.848954781811473, 'win_prob_k': 7.423372754475578}",1.0,23
2025-02-05,Atlanta Hawks,San Antonio Spurs,125,126,False,False,2025-02-05|San Antonio Spurs|Atlanta Hawks,,,,2025-02-05|San Antonio Spurs|Atlanta Hawks,0.5621361164319696,"[{""p_home_win"": 0.12427223286393918, ""weight"": 0.25}, {""p_home_win"": 0.5621361164319696, ""weight"": 0.5}, {""p_home_win"": 1.0, ""weight"": 0.25}]",1.8616597854102113,,elo,"{'home_advantage': 1.5879973872357207, 'scale': 0.040923161515691586, 'error_term': 13.931123745986193, 'win_prob_k': 7.4515295311022385}",0.0,-1
2025-02-05,Charlotte Hornets,Milwaukee Bucks,102,112,False,False,2025-02-05|Milwaukee Bucks|Charlotte Hornets,,,,2025-02-05|Milwaukee Bucks|Charlotte Hornets,0.26086853756899075,"[{""p_home_win"": 0.0, ""weight"": 0.25}, {""p_home_win"": 0.26086853756899075, ""weight"": 0.5}, {""p_home_win"": 0.5217370751379815, ""weight"": 0.25}]",-7.760464017782352,,elo,"{'home_advantage': 1.5879973872357207, 'scale': 0.040923161515691586, 'error_term': 13.931123745986193, 'win_prob_k': 7.4515295311022385}",0.0,-10
2025-02-05,Detroit Pistons,Cleveland Cavaliers,115,118,False,False,2025-02-05|Cleveland Cavaliers|Detroit Pistons,,,,2025-02-05|Cleveland Cavaliers|Detroit Pistons,0.3444781977507434,"[{""p_home_win"": 0.0, ""weight"": 0.25}, {""p_home_win"": 0.3444781977507434, ""weight"": 0.5}, {""p_home_win"": 0.6889563955014868, ""weight"": 0.25}]",-4.794319773397628,,elo,"{'home_advantage': 1.5879973872357207, 'scale': 0.040923161515691586, 'error_term': 13.931123745986193, 'win_prob_k': 7.4515295311022385}",0.0,-3
2025-02-05,Brooklyn Nets,Washington Wizards,102,119,False,False,2025-02-05|Washington Wizards|Brooklyn Nets,,,,2025-02-05|Washington Wizards|Brooklyn Nets,0.7118590919252421,"[{""p_home_win"": 0.4237181838504842, ""weight"": 0.25}, {""p_home_win"": 0.7118590919252421, ""weight"": 0.5}, {""p_home_win"": 1.0, ""weight"": 0.25}]",6.739389555688471,,elo,"{'home_advantage': 1.5879973872357207, 'scale': 0.040923161515691586, 'error_term': 13.931123745986193, 'win_prob_k': 7.4515295311022385}",0.0,-17
2025-02-05,Philadelphia 76ers,Miami Heat,101,108,False,False,2025-02-05|Miami Heat|Philadelphia 76ers,,,,2025-02-05|Miami Heat|Philadelphia 76ers,0.5743434166585775,"[{""p_home_win"": 0.14868683331715493, ""weight"": 0.25}, {""p_home_win"": 0.5743434166585775, ""weight"": 0.5}, {""p_home_win"": 1.0, ""weight"": 0.25}]",2.2324381993333886,,elo,"{'home_advantage': 1.5879973872357207, 'scale': 0.040923161515691586, 'error_term': 13.931123745986193, 'win_prob_k': 7.4515295311022385}",0.0,-7
2025-02-05,Toronto Raptors,Memphis Grizzlies,107,138,False,False,2025-02-05|Memphis Grizzlies|Toronto Raptors,,,,2025-02-05|Memphis Grizzlies|Toronto Raptors,0.28682193774305675,"[{""p_home_win"": 0.0, ""weight"": 0.25}, {""p_home_win"": 0.28682193774305675, ""weight"": 0.5}, {""p_home_win"": 0.5736438754861135, ""weight"": 0.25}]",-6.787371191997115,,elo,"{'home_advantage': 1.5879973872357207, 'scale': 0.040923161515691586, 'error_term': 13.931123745986193, 'win_prob_k': 7.4515295311022385}",0.0,-31
2025-02-05,Minnesota Timberwolves,Chicago Bulls,127,108,False,False,2025-02-05|Chicago Bulls|Minnesota Timberwolves,,,,2025-02-05|Chicago Bulls|Minnesota Timberwolves,0.683545994347857,"[{""p_home_win"": 0.367091988695714, ""weight"": 0.25}, {""p_home_win"": 0.683545994347857, ""weight"": 0.5}, {""p_home_win"": 1.0, ""weight"": 0.25}]",5.738542392521447,,elo,"{'home_advantage': 1.5879973872357207, 'scale': 0.040923161515691586, 'error_term': 13.931123745986193, 'win_prob_k': 7.4515295311022385}",1.0,19
2025-02-05,Denver Nuggets,New Orleans Pelicans,144,119,False,False,2025-02-05|New Orleans Pelicans|Denver Nuggets,,,,2025-02-05|New Orleans Pelicans|Denver Nuggets,0.8458608365874002,"[{""p_home_win"": 0.6917216731748004, ""weight"": 0.25}, {""p_home_win"": 0.8458608365874002, ""weight"": 0.5}, {""p_home_win"": 1.0, ""weight"": 0.25}]",12.686221556038651,,elo,"{'home_advantage': 1.5879973872357207, 'scale': 0.040923161515691586, 'error_term': 13.931123745986193, 'win_prob_k': 7.4515295311022385}",1.0,25
2025-02-05,Utah Jazz,Golden State Warriors,131,128,False,False,2025-02-05|Golden State Warriors|Utah Jazz,,,,2025-02-05|Golden State Warriors|Utah Jazz,0.29606188695323404,"[{""p_home_win"": 0.0, ""weight"": 0.25}, {""p_home_win"": 0.29606188695323404, ""weight"": 0.5}, {""p_home_win"": 0.5921237739064681, ""weight"": 0.25}]",-6.4539331737647565,,elo,"{'home_advantage': 1.5879973872357207, 'scale': 0.040923161515691586, 'error_term': 13.931123745986193, 'win_prob_k': 7.4515295311022385}",1.0,3
2025-02-05,Oklahoma City Thunder,Phoenix Suns,140,109,False,False,2025-02-05|Phoenix Suns|Oklahoma City Thunder,,,,2025-02-05|Phoenix Suns|Oklahoma City Thunder,0.8205557752166124,"[{""p_home_win"": 0.6411115504332248, ""weight"": 0.25}, {""p_home_win"": 0.8205557752166124, ""weight"": 0.5}, {""p_home_win"": 1.0, ""weight"": 0.25}]",11.327200077799954,,elo,"{'home_advantage': 1.5879973872357207, 'scale': 0.040923161515691586, 'error_term': 13.931123745986193, 'win_prob_k': 7.4515295311022385}",1.0,31
2025-02-05,Sacramento Kings,Orlando Magic,111,130,False,False,2025-02-05|Orlando Magic|Sacramento Kings,,,,2025-02-05|Orlando Magic|Sacramento Kings,0.7654994467478019,"[{""p_home_win"": 0.5309988934956038, ""weight"": 0.25}, {""p_home_win"": 0.7654994467478019, ""weight"": 0.5}, {""p_home_win"": 1.0, ""weight"": 0.25}]",8.8156851049081,,elo,"{'home_advantage': 1.5879973872357207, 'scale': 0.040923161515691586, 'error_term': 13.931123745986193, 'win_prob_k': 7.4515295311022385}",0.0,-19
2025-02-06,Boston Celtics,Dallas Mavericks,120,127,False,False,2025-02-06|Dallas Mavericks|Boston Celtics,,,,2025-02-06|Dallas Mavericks|Boston Celtics,0.7730459453945555,"[{""p_home_win"": 0.546091890789111, ""weight"": 0.25}, {""p_home_win"": 0.7730459453945555, ""weight"": 0.5}, {""p_home_win"": 1.0, ""weight"": 0.25}]",9.253805675428778,,elo,"{'home_advantage': 1.5595243562567012, 'scale': 0.041679640701273064, 'error_term': 13.910360089841838, 'win_prob_k': 7.550485034872757}",0.0,-7
2025-02-06,Minnesota Timberwolves,Houston Rockets,127,114,False,False,2025-02-06|Houston Rockets|Minnesota Timberwolves,,,,2025-02-06|Houston Rockets|Minnesota Timberwolves,0.5349589905169875,"[{""p_home_win"": 0.06991798103397495, ""weight"": 0.25}, {""p_home_win"": 0.5349589905169875, ""weight"": 0.5}, {""p_home_win"": 1.0, ""weight"": 0.25}]",1.0575548853707248,,elo,"{'home_advantage': 1.5595243562567012, 'scale': 0.041679640701273064, 'error_term': 13.910360089841838, 'win_prob_k': 7.550485034872757}",1.0,13
2025-02-06,Denver Nuggets,Orlando Magic,112,90,False,False,2025-02-06|Orlando Magic|Denver Nuggets,,,,2025-02-06|Orlando Magic|Denver Nuggets,0.7926199402375901,"[{""p_home_win"": 0.5852398804751802, ""weight"": 0.25}, {""p_home_win"": 0.7926199402375901, ""weight"": 0.5}, {""p_home_win"": 1.0, ""weight"": 0.25}]",10.123620048349895,,elo,"{'home_advantage': 1.5595243562567012, 'scale': 0.041679640701273064, 'error_term': 13.910360089841838, 'win_prob_k': 7.550485034872757}",1.0,22
2025-02-06,Los Angeles Lakers,Golden State Warriors,120,112,False,False,2025-02-06|Golden State Warriors|Los Angeles Lakers,,,,2025-02-06|Golden State Warriors|Los Angeles Lakers,0.7098943936374227,"[{""p_home_win"": 0.41978878727484537, ""weight"": 0.25}, {""p_home_win"": 0.7098943936374227, ""weight"": 0.5}, {""p_home_win"": 1.0, ""weight"": 0.25}]",6.756711611705614,,elo,"{'home_advantage': 1.5595243562567012, 'scale': 0.041679640701273064, 'error_term': 13.910360089841838, 'win_prob_k': 7.550485034872757}",1.0,8
2025-02-06,Portland Trail Blazers,Sacramento Kings,108,102,False,False,2025-02-06|Sacramento Kings|Portland Trail Blazers,,,,2025-02-06|Sacramento Kings|Portland Trail Blazers,0.5993253412914213,"[{""p_home_win"": 0.19865068258284269, ""weight"": 0.25}, {""p_home_win"": 0.5993253412914213, ""weight"": 0.5}, {""p_home_win"": 1.0, ""weight"": 0.25}]",3.0402391797937938,,elo,"{'home_advantage': 1.5595243562567012, 'scale': 0.041679640701273064, 'error_term': 13.910360089841838, 'win_prob_k': 7.550485034872757}",1.0,6
2025-02-06,Los Angeles Clippers,Indiana Pacers,112,119,False,False,2025-02-06|Indiana Pacers|Los Angeles Clippers,,,,2025-02-06|Indiana Pacers|Los Angeles Clippers,0.4244570811213452,"[{""p_home_win"": 0.0, ""weight"": 0.25}, {""p_home_win"": 0.4244570811213452, ""weight"": 0.5}, {""p_home_win"": 0.8489141622426905, ""weight"": 0.25}]",-2.2991446345519764,,elo,"{'home_advantage': 1.5595243562567012, 'scale': 0.041679640701273064, 'error_term': 13.910360089841838, 'win_prob_k': 7.550485034872757}",0.0,-7
2025-02-07,Charlotte Hornets,San Antonio Spurs,117,116,False,False,2025-02-07|San Antonio Spurs|Charlotte Hornets,,,,2025-02-07|San Antonio Spurs|Charlotte Hornets,0.3136187535247472,"[{""p_home_win"": 0.0, ""weight"": 0.25}, {""p_home_win"": 0.3136187535247472, ""weight"": 0.5}, {""p_home_win"": 0.6272375070494944, ""weight"": 0.25}]",-5.916511925611102,,elo,"{'home_advantage': 1.5792857199027948, 'scale': 0.04064961565257188, 'error_term': 13.952260957861482, 'win_prob_k': 7.553747984282824}",1.0,1
2025-02-07,Washington Wizards,Cleveland Cavaliers,124,134,False,False,2025-02-07|Cleveland Cavaliers|Washington Wizards,,,,2025-02-07|Cleveland Cavaliers|Washington Wizards,0.12978718482044851,"[{""p_home_win"": 0.0, ""weight"": 0.25}, {""p_home_win"": 0.12978718482044851, ""weight"": 0.5}, {""p_home_win"": 0.25957436964089703, ""weight"": 0.25}]",-14.373586864910884,,elo,"{'home_advantage': 1.5792857199027948, 'scale': 0.04064961565257188, 'error_term': 13.952260957861482, 'win_prob_k': 7.553747984282824}",0.0,-10
2025-02-07,Atlanta Hawks,Milwaukee Bucks,115,110,False,False,2025-02-07|Milwaukee Bucks|Atlanta Hawks,,,,2025-02-07|Milwaukee Bucks|Atlanta Hawks,0.4249591831010225,"[{""p_home_win"": 0.0, ""weight"": 0.25}, {""p_home_win"": 0.4249591831010225, ""weight"": 0.5}, {""p_home_win"": 0.849918366202045, ""weight"": 0.25}]",-2.284615212250419,,elo,"{'home_advantage': 1.5792857199027948, 'scale': 0.04064961565257188, 'error_term': 13.952260957861482, 'win_prob_k': 7.553747984282824}",1.0,5
2025-02-07,Brooklyn Nets,Miami Heat,102,86,False,False,2025-02-07|Miami Heat|Brooklyn Nets,,,,2025-02-07|Miami Heat|Brooklyn Nets,0.38339583492194546,"[{""p_home_win"": 0.0, ""weight"": 0.25}, {""p_home_win"": 0.38339583492194546, ""weight"": 0.5}, {""p_home_win"": 0.7667916698438909, ""weight"": 0.25}]",-3.5892336296613294,,elo,"{'home_advantage': 1.5792857199027948, 'scale': 0.04064961565257188, 'error_term': 13.952260957861482, 'win_prob_k': 7.553747984282824}",1.0,16
2025-02-07,Detroit Pistons,Philadelphia 76ers,125,112,False,False,2025-02-07|Philadelphia 76ers|Detroit Pistons,,,,2025-02-07|Philadelphia 76ers|Detroit Pistons,0.6048471432030382,"[{""p_home_win"": 0.20969428640607646, ""weight"": 0.25}, {""p_home_win"": 0.6048471432030382, ""weight"": 0.5}, {""p_home_win"": 1.0, ""weight"": 0.25}]",3.215653940843304,,elo,"{'home_advantage': 1.5792857199027948, 'scale': 0.04064961565257188, 'error_term': 13.952260957861482, 'win_prob_k': 7.553747984282824}",1.0,13
2025-02-07,Oklahoma City Thunder,Toronto Raptors,121,109,False,False,2025-02-07|Toronto Raptors|Oklahoma City Thunder,,,,2025-02-07|Toronto Raptors|Oklahoma City Thunder,0.8475390136394062,"[{""p_home_win"": 0.6950780272788124, ""weight"": 0.25}, {""p_home_win"": 0.8475390136394062, ""weight"": 0.5}, {""p_home_win"": 1.0, ""weight"": 0.25}]",12.957911823082657,,elo,"{'home_advantage': 1.5792857199027948, 'scale': 0.04064961565257188, 'error_term': 13.952260957861482, 'win_prob_k': 7.553747984282824}",1.0,12
2025-02-07,Phoenix Suns,Utah Jazz,135,127,False,False,2025-02-07|Utah Jazz|Phoenix Suns,,,,2025-02-07|Utah Jazz|Phoenix Suns,0.7211996933046493,"[{""p_home_win"": 0.44239938660929856, ""weight"": 0.25}, {""p_home_win"": 0.7211996933046493, ""weight"": 0.5}, {""p_home_win"": 1.0, ""weight"": 0.25}]",7.179235328139142,,elo,"{'home_advantage': 1.5792857199027948, 'scale': 0.04064961565257188, 'error_term': 13.952260957861482, 'win_prob_k': 7.553747984282824}",1.0,8
2025-02-08,Dallas Mavericks,Houston Rockets,116,105,False,False,2025-02-08|Houston Rockets|Dallas Mavericks,,,,2025-02-08|Houston Rockets|Dallas Mavericks,0.4626970697314489,"[{""p_home_win"": 0.0, ""weight"": 0.25}, {""p_home_win"": 0.4626970697314489, ""weight"": 0.5}, {""p_home_win"": 0.9253941394628978, ""weight"": 0.25}]",-1.1209214829467962,,elo,"{'home_advantage': 1.631282832706222, 'scale': 0.040717460159288045, 'error_term': 13.909167255825468, 'win_prob_k': 7.498329777063148}",1.0,11
2025-02-08,Los Angeles Lakers,Indiana Pacers,124,117,False,False,2025-02-08|Indiana Pacers|Los Angeles Lakers,,,,2025-02-08|Indiana Pacers|Los Angeles Lakers,0.5264577300176908,"[{""p_home_win"": 0.05291546003538161, ""weight"": 0.25}, {""p_home_win"": 0.5264577300176908, ""weight"": 0.5}, {""p_home_win"": 1.0, ""weight"": 0.25}]",0.7942970497375884,,elo,"{'home_advantage': 1.631282832706222, 'scale': 0.040717460159288045, 'error_term': 13.909167255825468, 'win_prob_k': 7.498329777063148}",1.0,7
2025-02-08,Orlando Magic,San Antonio Spurs,112,111,False,False,2025-02-08|San Antonio Spurs|Orlando Magic,,,,2025-02-08|San Antonio Spurs|Orlando Magic,0.49556385158554606,"[{""p_home_win"": 0.0, ""weight"": 0.25}, {""p_home_win"": 0.49556385158554606, ""weight"": 0.5}, {""p_home_win"": 0.9911277031710921, ""weight"": 0.25}]",-0.13305830642535366,,elo,"{'home_advantage': 1.631282832706222, 'scale': 0.040717460159288045, 'error_term': 13.909167255825468, 'win_prob_k': 7.498329777063148}",1.0,1
2025-02-08,Washington Wizards,Atlanta Hawks,111,125,False,False,2025-02-08|Atlanta Hawks|Washington Wizards,,,,2025-02-08|Atlanta Hawks|Washington Wizards,0.3350497209208177,"[{""p_home_win"": 0.0, ""weight"": 0.25}, {""p_home_win"": 0.3350497209208177, ""weight"": 0.5}, {""p_home_win"": 0.6700994418416354, ""weight"": 0.25}]",-5.139605134190868,,elo,"{'home_advantage': 1.631282832706222, 'scale': 0.040717460159288045, 'error_term': 13.909167255825468, 'win_prob_k': 7.498329777063148}",0.0,-14
2025-02-08,Chicago Bulls,Golden State Warriors,111,132,False,False,2025-02-08|Golden State Warriors|Chicago Bulls,,,,2025-02-08|Golden State Warriors|Chicago Bulls,0.5163066591684282,"[{""p_home_win"": 0.032613318336856434, ""weight"": 0.25}, {""p_home_win"": 0.5163066591684282, ""weight"": 0.5}, {""p_home_win"": 1.0, ""weight"": 0.25}]",0.4892643464292843,,elo,"{'home_advantage': 1.631282832706222, 'scale': 0.040717460159288045, 'error_term': 13.909167255825468, 'win_prob_k': 7.498329777063148}",0.0,-21
2025-02-08,Memphis Grizzlies,Oklahoma City Thunder,112,125,False,False,2025-02-08|Oklahoma City Thunder|Memphis Grizzlies,,,,2025-02-08|Oklahoma City Thunder|Memphis Grizzlies,0.4687895243866374,"[{""p_home_win"": 0.0, ""weight"": 0.25}, {""p_home_win"": 0.4687895243866374, ""weight"": 0.5}, {""p_home_win"": 0.9375790487732748, ""weight"": 0.25}]",-0.9373244112699004,,elo,"{'home_advantage': 1.631282832706222, 'scale': 0.040717460159288045, 'error_term': 13.909167255825468, 'win_prob_k': 7.498329777063148}",0.0,-13
2025-02-08,Minnesota Timberwolves,Portland Trail Blazers,114,98,False,False,2025-02-08|Portland Trail Blazers|Minnesota Timberwolves,,,,2025-02-08|Portland Trail Blazers|Minnesota Timberwolves,0.5620011265476988,"[{""p_home_win"": 0.1240022530953977, ""weight"": 0.25}, {""p_home_win"": 0.5620011265476988, ""weight"": 0.5}, {""p_home_win"": 1.0, ""weight"": 0.25}]",1.8692400048617142,,elo,"{'home_advantage': 1.631282832706222, 'scale': 0.040717460159288045, 'error_term': 13.909167255825468, 'win_prob_k': 7.498329777063148}",1.0,16
2025-02-08,New York Knicks,Boston Celtics,104,131,False,False,2025-02-08|Boston Celtics|New York Knicks,,,,2025-02-08|Boston Celtics|New York Knicks,0.612911199073693,"[{""p_home_win"": 0.22582239814738592, ""weight"": 0.25}, {""p_home_win"": 0.612911199073693, ""weight"": 0.5}, {""p_home_win"": 1.0, ""weight"": 0.25}]",3.4459769433922585,,elo,"{'home_advantage': 1.631282832706222, 'scale': 0.040717460159288045, 'error_term': 13.909167255825468, 'win_prob_k': 7.498329777063148}",0.0,-27
2025-02-08,Phoenix Suns,Denver Nuggets,105,122,False,False,2025-02-08|Denver Nuggets|Phoenix Suns,,,,2025-02-08|Denver Nuggets|Phoenix Suns,0.3763726120119609,"[{""p_home_win"": 0.0, ""weight"": 0.25}, {""p_home_win"": 0.3763726120119609, ""weight"": 0.5}, {""p_home_win"": 0.7527452240239219, ""weight"": 0.25}]",-3.7864571815831223,,elo,"{'home_advantage': 1.631282832706222, 'scale': 0.040717460159288045, 'error_term': 13.909167255825468, 'win_prob_k': 7.498329777063148}",0.0,-17
2025-02-08,Sacramento Kings,New Orleans Pelicans,123,118,False,False,2025-02-08|New Orleans Pelicans|Sacramento Kings,,,,2025-02-08|New Orleans Pelicans|Sacramento Kings,0.7671563071274172,"[{""p_home_win"": 0.5343126142548345, ""weight"": 0.25}, {""p_home_win"": 0.7671563071274172, ""weight"": 0.5}, {""p_home_win"": 1.0, ""weight"": 0.25}]",8.940432467873789,,elo,"{'home_advantage': 1.631282832706222, 'scale': 0.040717460159288045, 'error_term': 13.909167255825468, 'win_prob_k': 7.498329777063148}",1.0,5
2025-02-08,Los Angeles Clippers,Utah Jazz,130,110,False,False,2025-02-08|Utah Jazz|Los Angeles Clippers,,,,2025-02-08|Utah Jazz|Los Angeles Clippers,0.7721415841968963,"[{""p_home_win"": 0.5442831683937925, ""weight"": 0.25}, {""p_home_win"": 0.7721415841968963, ""weight"": 0.5}, {""p_home_win"": 1.0, ""weight"": 0.25}]",9.151287684931496,,elo,"{'home_advantage': 1.631282832706222, 'scale': 0.040717460159288045, 'error_term': 13.909167255825468, 'win_prob_k': 7.498329777063148}",1.0,20
2025-02-09,Detroit Pistons,Charlotte Hornets,112,102,False,False,2025-02-09|Charlotte Hornets|Detroit Pistons,,,,2025-02-09|Charlotte Hornets|Detroit Pistons,0.8017387363175092,"[{""p_home_win"": 0.6034774726350185, ""weight"": 0.25}, {""p_home_win"": 0.8017387363175092, ""weight"": 0.5}, {""p_home_win"": 1.0, ""weight"": 0.25}]",10.396135593121606,,elo,"{'home_advantage': 1.5736842648933873, 'scale': 0.0411393355161662, 'error_term': 13.832336568029335, 'win_prob_k': 7.440707886071495}",1.0,10
2025-02-09,Houston Rockets,Toronto Raptors,94,87,False,False,2025-02-09|Toronto Raptors|Houston Rockets,,,,2025-02-09|Toronto Raptors|Houston Rockets,0.6665961145380203,"[{""p_home_win"": 0.3331922290760405, ""weight"": 0.25}, {""p_home_win"": 0.6665961145380203, ""weight"": 0.5}, {""p_home_win"": 1.0, ""weight"": 0.25}]",5.155143507563661,,elo,"{'home_advantage': 1.5736842648933873, 'scale': 0.0411393355161662, 'error_term': 13.832336568029335, 'win_prob_k': 7.440707886071495}",1.0,7
2025-02-09,Milwaukee Bucks,Philadelphia 76ers,135,127,False,False,2025-02-09|Philadelphia 76ers|Milwaukee Bucks,,,,2025-02-09|Philadelphia 76ers|Milwaukee Bucks,0.6215771013936163,"[{""p_home_win"": 0.24315420278723265, ""weight"": 0.25}, {""p_home_win"": 0.6215771013936163, ""weight"": 0.5}, {""p_home_win"": 1.0, ""weight"": 0.25}]",3.6924335094178944,,elo,"{'home_advantage': 1.5736842648933873, 'scale': 0.0411393355161662, 'error_term': 13.832336568029335, 'win_prob_k': 7.440707886071495}",1.0,8
2025-02-10,Cleveland Cavaliers,Minnesota Timberwolves,128,107,False,False,2025-02-10|Minnesota Timberwolves|Cleveland Cavaliers,,,,2025-02-10|Minnesota Timberwolves|Cleveland Cavaliers,0.6735801032428079,"[{""p_home_win"": 0.34716020648561585, ""weight"": 0.25}, {""p_home_win"": 0.6735801032428079, ""weight"": 0.5}, {""p_home_win"": 1.0, ""weight"": 0.25}]",5.341225607972699,,elo,"{'home_advantage': 1.5909787902573282, 'scale': 0.040859822954337224, 'error_term': 13.790165083860634, 'win_prob_k': 7.373082351724573}",1.0,21
2025-02-10,Orlando Magic,Atlanta Hawks,106,112,False,False,2025-02-10|Atlanta Hawks|Orlando Magic,,,,2025-02-10|Atlanta Hawks|Orlando Magic,0.48063402335234806,"[{""p_home_win"": 0.0, ""weight"": 0.25}, {""p_home_win"": 0.48063402335234806, ""weight"": 0.5}, {""p_home_win"": 0.9612680467046961, ""weight"": 0.25}]",-0.571433625070672,,elo,"{'home_advantage': 1.5909787902573282, 'scale': 0.040859822954337224, 'error_term': 13.790165083860634, 'win_prob_k': 7.373082351724573}",0.0,-6
2025-02-10,Washington Wizards,San Antonio Spurs,121,131,False,False,2025-02-10|San Antonio Spurs|Washington Wizards,,,,2025-02-10|San Antonio Spurs|Washington Wizards,0.37135145273490655,"[{""p_home_win"": 0.0, ""weight"": 0.25}, {""p_home_win"": 0.37135145273490655, ""weight"": 0.5}, {""p_home_win"": 0.7427029054698131, ""weight"": 0.25}]",-3.881363271860861,,elo,"{'home_advantage': 1.5909787902573282, 'scale': 0.040859822954337224, 'error_term': 13.790165083860634, 'win_prob_k': 7.373082351724573}",0.0,-10
2025-02-10,Brooklyn Nets,Charlotte Hornets,97,89,False,False,2025-02-10|Charlotte Hornets|Brooklyn Nets,,,,2025-02-10|Charlotte Hornets|Brooklyn Nets,0.6731685104896412,"[{""p_home_win"": 0.34633702097928243, ""weight"": 0.25}, {""p_home_win"": 0.6731685104896412, ""weight"": 0.5}, {""p_home_win"": 1.0, ""weight"": 0.25}]",5.327427804287188,,elo,"{'home_advantage': 1.5909787902573282, 'scale': 0.040859822954337224, 'error_term': 13.790165083860634, 'win_prob_k': 7.373082351724573}",1.0,8
2025-02-10,Miami Heat,Boston Celtics,85,103,False,False,2025-02-10|Boston Celtics|Miami Heat,,,,2025-02-10|Boston Celtics|Miami Heat,0.33406490903300345,"[{""p_home_win"": 0.0, ""weight"": 0.25}, {""p_home_win"": 0.33406490903300345, ""weight"": 0.5}, {""p_home_win"": 0.6681298180660069, ""weight"": 0.25}]",-5.086371677557224,,elo,"{'home_advantage': 1.5909787902573282, 'scale': 0.040859822954337224, 'error_term': 13.790165083860634, 'win_prob_k': 7.373082351724573}",0.0,-18
2025-02-10,Milwaukee Bucks,Golden State Warriors,111,125,False,False,2025-02-10|Golden State Warriors|Milwaukee Bucks,,,,2025-02-10|Golden State Warriors|Milwaukee Bucks,0.6122381676774831,"[{""p_home_win"": 0.22447633535496614, ""weight"": 0.25}, {""p_home_win"": 0.6122381676774831, ""weight"": 0.5}, {""p_home_win"": 1.0, ""weight"": 0.25}]",3.3675082914347376,,elo,"{'home_advantage': 1.5909787902573282, 'scale': 0.040859822954337224, 'error_term': 13.790165083860634, 'win_prob_k': 7.373082351724573}",0.0,-14
2025-02-10,Oklahoma City Thunder,New Orleans Pelicans,137,101,False,False,2025-02-10|New Orleans Pelicans|Oklahoma City Thunder,,,,2025-02-10|New Orleans Pelicans|Oklahoma City Thunder,0.9331340842976804,"[{""p_home_win"": 0.8662681685953608, ""weight"": 0.25}, {""p_home_win"": 0.9331340842976804, ""weight"": 0.5}, {""p_home_win"": 1.0, ""weight"": 0.25}]",19.434409511823766,,elo,"{'home_advantage': 1.5909787902573282, 'scale': 0.040859822954337224, 'error_term': 13.790165083860634, 'win_prob_k': 7.373082351724573}",1.0,36
2025-02-10,Dallas Mavericks,Sacramento Kings,128,129,False,False,2025-02-10|Sacramento Kings|Dallas Mavericks,,,,2025-02-10|Sacramento Kings|Dallas Mavericks,0.5451001066796648,"[{""p_home_win"": 0.0902002133593296, ""weight"": 0.25}, {""p_home_win"": 0.5451001066796648, ""weight"": 0.5}, {""p_home_win"": 1.0, ""weight"": 0.25}]",1.3337322005003172,,elo,"{'home_advantage': 1.5909787902573282, 'scale': 0.040859822954337224, 'error_term': 13.790165083860634, 'win_prob_k': 7.373082351724573}",0.0,-1
2025-02-10,Denver Nuggets,Portland Trail Blazers,146,117,False,False,2025-02-10|Portland Trail Blazers|Denver Nuggets,,,,2025-02-10|Portland Trail Blazers|Denver Nuggets,0.6538844499850757,"[{""p_home_win"": 0.30776889997015133, ""weight"": 0.25}, {""p_home_win"": 0.6538844499850757, ""weight"": 0.5}, {""p_home_win"": 1.0, ""weight"": 0.25}]",4.690445138239414,,elo,"{'home_advantage': 1.5909787902573282, 'scale': 0.040859822954337224, 'error_term': 13.790165083860634, 'win_prob_k': 7.373082351724573}",1.0,29
2025-02-10,Los Angeles Lakers,Utah Jazz,132,113,False,False,2025-02-10|Utah Jazz|Los Angeles Lakers,,,,2025-02-10|Utah Jazz|Los Angeles Lakers,0.8783249314813831,"[{""p_home_win"": 0.7566498629627663, ""weight"": 0.25}, {""p_home_win"": 0.8783249314813831, ""weight"": 0.5}, {""p_home_win"": 1.0, ""weight"": 0.25}]",14.574095303658915,,elo,"{'home_advantage': 1.5909787902573282, 'scale': 0.040859822954337224, 'error_term': 13.790165083860634, 'win_prob_k': 7.373082351724573}",1.0,19
2025-02-11,Philadelphia 76ers,Toronto Raptors,103,106,False,False,2025-02-11|Toronto Raptors|Philadelphia 76ers,,,,2025-02-11|Toronto Raptors|Philadelphia 76ers,0.5667594155156512,"[{""p_home_win"": 0.13351883103130247, ""weight"": 0.25}, {""p_home_win"": 0.5667594155156512, ""weight"": 0.5}, {""p_home_win"": 1.0, ""weight"": 0.25}]",1.9758683331003226,,elo,"{'home_advantage': 1.6180529500338305, 'scale': 0.040328925862708045, 'error_term': 13.77485929543612, 'win_prob_k': 7.3550319490906535}",0.0,-3
2025-02-11,Indiana Pacers,New York Knicks,115,128,False,False,2025-02-11|New York Knicks|Indiana Pacers,,,,2025-02-11|New York Knicks|Indiana Pacers,0.5239383986287324,"[{""p_home_win"": 0.04787679725746474, ""weight"": 0.25}, {""p_home_win"": 0.5239383986287324, ""weight"": 0.5}, {""p_home_win"": 1.0, ""weight"": 0.25}]",0.704809595094846,,elo,"{'home_advantage': 1.6180529500338305, 'scale': 0.040328925862708045, 'error_term': 13.77485929543612, 'win_prob_k': 7.3550319490906535}",0.0,-13
2025-02-11,Chicago Bulls,Detroit Pistons,92,132,False,False,2025-02-11|Detroit Pistons|Chicago Bulls,,,,2025-02-11|Detroit Pistons|Chicago Bulls,0.3864809020835494,"[{""p_home_win"": 0.0, ""weight"": 0.25}, {""p_home_win"": 0.3864809020835494, ""weight"": 0.5}, {""p_home_win"": 0.7729618041670988, ""weight"": 0.25}]",-3.3989731092504316,,elo,"{'home_advantage': 1.6180529500338305, 'scale': 0.040328925862708045, 'error_term': 13.77485929543612, 'win_prob_k': 7.3550319490906535}",0.0,-40
2025-02-11,Phoenix Suns,Memphis Grizzlies,112,119,False,False,2025-02-11|Memphis Grizzlies|Phoenix Suns,,,,2025-02-11|Memphis Grizzlies|Phoenix Suns,0.3152415402627003,"[{""p_home_win"": 0.0, ""weight"": 0.25}, {""p_home_win"": 0.3152415402627003, ""weight"": 0.5}, {""p_home_win"": 0.6304830805254006, ""weight"": 0.25}]",-5.705497038552607,,elo,"{'home_advantage': 1.6180529500338305, 'scale': 0.040328925862708045, 'error_term': 13.77485929543612, 'win_prob_k': 7.3550319490906535}",0.0,-7
2025-02-12,Boston Celtics,San Antonio Spurs,116,103,False,False,2025-02-12|San Antonio Spurs|Boston Celtics,,,,2025-02-12|San Antonio Spurs|Boston Celtics,0.798429535918501,"[{""p_home_win"": 0.5968590718370019, ""weight"": 0.25}, {""p_home_win"": 0.798429535918501, ""weight"": 0.5}, {""p_home_win"": 1.0, ""weight"": 0.25}]",10.194454047282742,,elo,"{'home_advantage': 1.5387690595250134, 'scale': 0.04024418457375399, 'error_term': 13.802635227797547, 'win_prob_k': 7.406027619971766}",1.0,13
2025-02-12,Orlando Magic,Charlotte Hornets,102,86,False,False,2025-02-12|Charlotte Hornets|Orlando Magic,,,,2025-02-12|Charlotte Hornets|Orlando Magic,0.6923170743812648,"[{""p_home_win"": 0.38463414876252955, ""weight"": 0.25}, {""p_home_win"": 0.6923170743812648, ""weight"": 0.5}, {""p_home_win"": 1.0, ""weight"": 0.25}]",6.006097770220276,,elo,"{'home_advantage': 1.5387690595250134, 'scale': 0.04024418457375399, 'error_term': 13.802635227797547, 'win_prob_k': 7.406027619971766}",1.0,16
2025-02-12,Washington Wizards,Indiana Pacers,130,134,False,False,2025-02-12|Indiana Pacers|Washington Wizards,,,,2025-02-12|Indiana Pacers|Washington Wizards,0.17687977991672268,"[{""p_home_win"": 0.0, ""weight"": 0.25}, {""p_home_win"": 0.17687977991672268, ""weight"": 0.5}, {""p_home_win"": 0.35375955983344537, ""weight"": 0.25}]",-11.387744862485132,,elo,"{'home_advantage': 1.5387690595250134, 'scale': 0.04024418457375399, 'error_term': 13.802635227797547, 'win_prob_k': 7.406027619971766}",0.0,-4
2025-02-12,Brooklyn Nets,Philadelphia 76ers,100,96,False,False,2025-02-12|Philadelphia 76ers|Brooklyn Nets,,,,2025-02-12|Philadelphia 76ers|Brooklyn Nets,0.5464293045562713,"[{""p_home_win"": 0.09285860911254251, ""weight"": 0.25}, {""p_home_win"": 0.5464293045562713, ""weight"": 0.5}, {""p_home_win"": 1.0, ""weight"": 0.25}]",1.379400734915114,,elo,"{'home_advantage': 1.5387690595250134, 'scale': 0.04024418457375399, 'error_term': 13.802635227797547, 'win_prob_k': 7.406027619971766}",1.0,4
2025-02-12,New York Knicks,Atlanta Hawks,149,148,False,False,2025-02-12|Atlanta Hawks|New York Knicks,,,,2025-02-12|Atlanta Hawks|New York Knicks,0.7491767953963774,"[{""p_home_win"": 0.49835359079275476, ""weight"": 0.25}, {""p_home_win"": 0.7491767953963774, ""weight"": 0.5}, {""p_home_win"": 1.0, ""weight"": 0.25}]",8.103872946155388,,elo,"{'home_advantage': 1.5387690595250134, 'scale': 0.04024418457375399, 'error_term': 13.802635227797547, 'win_prob_k': 7.406027619971766}",1.0,1
2025-02-12,Toronto Raptors,Cleveland Cavaliers,108,131,False,False,2025-02-12|Cleveland Cavaliers|Toronto Raptors,,,,2025-02-12|Cleveland Cavaliers|Toronto Raptors,0.22951234266910853,"[{""p_home_win"": 0.0, ""weight"": 0.25}, {""p_home_win"": 0.22951234266910853, ""weight"": 0.5}, {""p_home_win"": 0.45902468533821705, ""weight"": 0.25}]",-8.969194369250692,,elo,"{'home_advantage': 1.5387690595250134, 'scale': 0.04024418457375399, 'error_term': 13.802635227797547, 'win_prob_k': 7.406027619971766}",0.0,-23
2025-02-12,Chicago Bulls,Detroit Pistons,110,128,False,False,2025-02-12|Detroit Pistons|Chicago Bulls,,,,2025-02-12|Detroit Pistons|Chicago Bulls,0.3518484153274892,"[{""p_home_win"": 0.0, ""weight"": 0.25}, {""p_home_win"": 0.3518484153274892, ""weight"": 0.5}, {""p_home_win"": 0.7036968306549783, ""weight"": 0.25}]",-4.524521138878099,,elo,"{'home_advantage': 1.5387690595250134, 'scale': 0.04024418457375399, 'error_term': 13.802635227797547, 'win_prob_k': 7.406027619971766}",0.0,-18
2025-02-12,Minnesota Timberwolves,Milwaukee Bucks,101,103,False,False,2025-02-12|Milwaukee Bucks|Minnesota Timberwolves,,,,2025-02-12|Milwaukee Bucks|Minnesota Timberwolves,0.665264557753453,"[{""p_home_win"": 0.3305291155069059, ""weight"": 0.25}, {""p_home_win"": 0.665264557753453, ""weight"": 0.5}, {""p_home_win"": 1.0, ""weight"": 0.25}]",5.086787838342654,,elo,"{'home_advantage': 1.5387690595250134, 'scale': 0.04024418457375399, 'error_term': 13.802635227797547, 'win_prob_k': 7.406027619971766}",0.0,-2
2025-02-12,New Orleans Pelicans,Sacramento Kings,111,119,False,False,2025-02-12|Sacramento Kings|New Orleans Pelicans,,,,2025-02-12|Sacramento Kings|New Orleans Pelicans,0.2680083835516633,"[{""p_home_win"": 0.0, ""weight"": 0.25}, {""p_home_win"": 0.2680083835516633, ""weight"": 0.5}, {""p_home_win"": 0.5360167671033266, ""weight"": 0.25}]",-7.441212168771673,,elo,"{'home_advantage': 1.5387690595250134, 'scale': 0.04024418457375399, 'error_term': 13.802635227797547, 'win_prob_k': 7.406027619971766}",0.0,-8
2025-02-12,Oklahoma City Thunder,Miami Heat,115,101,False,False,2025-02-12|Miami Heat|Oklahoma City Thunder,,,,2025-02-12|Miami Heat|Oklahoma City Thunder,0.8602955517161508,"[{""p_home_win"": 0.7205911034323016, ""weight"": 0.25}, {""p_home_win"": 0.8602955517161508, ""weight"": 0.5}, {""p_home_win"": 1.0, ""weight"": 0.25}]",13.462283655315401,,elo,"{'home_advantage': 1.5387690595250134, 'scale': 0.04024418457375399, 'error_term': 13.802635227797547, 'win_prob_k': 7.406027619971766}",1.0,14
2025-02-12,Houston Rockets,Phoenix Suns,119,111,False,False,2025-02-12|Phoenix Suns|Houston Rockets,,,,2025-02-12|Phoenix Suns|Houston Rockets,0.6558167155042662,"[{""p_home_win"": 0.31163343100853247, ""weight"": 0.25}, {""p_home_win"": 0.6558167155042662, ""weight"": 0.5}, {""p_home_win"": 1.0, ""weight"": 0.25}]",4.774718097318807,,elo,"{'home_advantage': 1.5387690595250134, 'scale': 0.04024418457375399, 'error_term': 13.802635227797547, 'win_prob_k': 7.406027619971766}",1.0,8
2025-02-12,Denver Nuggets,Portland Trail Blazers,132,121,False,False,2025-02-12|Portland Trail Blazers|Denver Nuggets,,,,2025-02-12|Portland Trail Blazers|Denver Nuggets,0.6879634758694293,"[{""p_home_win"": 0.3759269517388586, ""weight"": 0.25}, {""p_home_win"": 0.6879634758694293, ""weight"": 0.5}, {""p_home_win"": 1.0, ""weight"": 0.25}]",5.855320256780512,,elo,"{'home_advantage': 1.5387690595250134, 'scale': 0.04024418457375399, 'error_term': 13.802635227797547, 'win_prob_k': 7.406027619971766}",1.0,11
2025-02-12,Utah Jazz,Los Angeles Lakers,131,119,False,False,2025-02-12|Los Angeles Lakers|Utah Jazz,,,,2025-02-12|Los Angeles Lakers|Utah Jazz,0.1709367857712434,"[{""p_home_win"": 0.0, ""weight"": 0.25}, {""p_home_win"": 0.1709367857712434, ""weight"": 0.5}, {""p_home_win"": 0.3418735715424868, ""weight"": 0.25}]",-11.694136804783906,,elo,"{'home_advantage': 1.5387690595250134, 'scale': 0.04024418457375399, 'error_term': 13.802635227797547, 'win_prob_k': 7.406027619971766}",1.0,12
2025-02-12,Dallas Mavericks,Golden State Warriors,111,107,False,False,2025-02-12|Golden State Warriors|Dallas Mavericks,,,,2025-02-12|Golden State Warriors|Dallas Mavericks,0.5370720753209637,"[{""p_home_win"": 0.07414415064192736, ""weight"": 0.25}, {""p_home_win"": 0.5370720753209637, ""weight"": 0.5}, {""p_home_win"": 1.0, ""weight"": 0.25}]",1.1002463674808594,,elo,"{'home_advantage': 1.5387690595250134, 'scale': 0.04024418457375399, 'error_term': 13.802635227797547, 'win_prob_k': 7.406027619971766}",1.0,4
2025-02-12,Los Angeles Clippers,Memphis Grizzlies,128,114,False,False,2025-02-12|Memphis Grizzlies|Los Angeles Clippers,,,,2025-02-12|Memphis Grizzlies|Los Angeles Clippers,0.35635899763555723,"[{""p_home_win"": 0.0, ""weight"": 0.25}, {""p_home_win"": 0.35635899763555723, ""weight"": 0.5}, {""p_home_win"": 0.7127179952711145, ""weight"": 0.25}]",-4.378461880059522,,elo,"{'home_advantage': 1.5387690595250134, 'scale': 0.04024418457375399, 'error_term': 13.802635227797547, 'win_prob_k': 7.406027619971766}",1.0,14
2025-02-13,Houston Rockets,Golden State Warriors,98,105,False,False,2025-02-13|Golden State Warriors|Houston Rockets,,,,2025-02-13|Golden State Warriors|Houston Rockets,0.6580034103935541,"[{""p_home_win"": 0.3160068207871083, ""weight"": 0.25}, {""p_home_win"": 0.6580034103935541, ""weight"": 0.5}, {""p_home_win"": 1.0, ""weight"": 0.25}]",4.804830392728787,,elo,"{'home_advantage': 1.5913736212146752, 'scale': 0.04025937484669141, 'error_term': 13.685569463968983, 'win_prob_k': 7.342239836208739}",0.0,-7
2025-02-13,New Orleans Pelicans,Sacramento Kings,140,133,False,False,2025-02-13|Sacramento Kings|New Orleans Pelicans,,,,2025-02-13|Sacramento Kings|New Orleans Pelicans,0.24938906155662927,"[{""p_home_win"": 0.0, ""weight"": 0.25}, {""p_home_win"": 0.24938906155662927, ""weight"": 0.5}, {""p_home_win"": 0.49877812311325853, ""weight"": 0.25}]",-8.090217936969106,,elo,"{'home_advantage': 1.5913736212146752, 'scale': 0.04025937484669141, 'error_term': 13.685569463968983, 'win_prob_k': 7.342239836208739}",1.0,7
2025-02-13,Dallas Mavericks,Miami Heat,118,113,False,False,2025-02-13|Miami Heat|Dallas Mavericks,,,,2025-02-13|Miami Heat|Dallas Mavericks,0.630508574897856,"[{""p_home_win"": 0.2610171497957119, ""weight"": 0.25}, {""p_home_win"": 0.630508574897856, ""weight"": 0.5}, {""p_home_win"": 1.0, ""weight"": 0.25}]",3.92368725700633,,elo,"{'home_advantage': 1.5913736212146752, 'scale': 0.04025937484669141, 'error_term': 13.685569463968983, 'win_prob_k': 7.342239836208739}",1.0,5
2025-02-13,Minnesota Timberwolves,Oklahoma City Thunder,116,101,False,False,2025-02-13|Oklahoma City Thunder|Minnesota Timberwolves,,,,2025-02-13|Oklahoma City Thunder|Minnesota Timberwolves,0.29469339768173913,"[{""p_home_win"": 0.0, ""weight"": 0.25}, {""p_home_win"": 0.29469339768173913, ""weight"": 0.5}, {""p_home_win"": 0.5893867953634783, ""weight"": 0.25}]",-6.407551553591953,,elo,"{'home_advantage': 1.5913736212146752, 'scale': 0.04025937484669141, 'error_term': 13.685569463968983, 'win_prob_k': 7.342239836208739}",1.0,15
2025-02-13,Utah Jazz,Los Angeles Clippers,116,120,False,False,2025-02-13|Los Angeles Clippers|Utah Jazz,,,,2025-02-13|Los Angeles Clippers|Utah Jazz,0.28868643937828553,"[{""p_home_win"": 0.0, ""weight"": 0.25}, {""p_home_win"": 0.28868643937828553, ""weight"": 0.5}, {""p_home_win"": 0.5773728787565711, ""weight"": 0.25}]",-6.621028004081154,,elo,"{'home_advantage': 1.5913736212146752, 'scale': 0.04025937484669141, 'error_term': 13.685569463968983, 'win_prob_k': 7.342239836208739}",0.0,-4
2025-02-19,Los Angeles Lakers,Charlotte Hornets,97,100,False,False,2025-02-19|Charlotte Hornets|Los Angeles Lakers,,,,2025-02-19|Charlotte Hornets|Los Angeles Lakers,0.8821230927635979,"[{""p_home_win"": 0.7642461855271958, ""weight"": 0.25}, {""p_home_win"": 0.8821230927635979, ""weight"": 0.5}, {""p_home_win"": 1.0, ""weight"": 0.25}]",14.90847427279565,,elo,"{'home_advantage': 1.6129703403970086, 'scale': 0.04077522980136714, 'error_term': 13.692838699540067, 'win_prob_k': 7.4072356844005345}",0.0,-3
2025-02-20,Indiana Pacers,Memphis Grizzlies,127,113,False,False,2025-02-20|Memphis Grizzlies|Indiana Pacers,,,,2025-02-20|Memphis Grizzlies|Indiana Pacers,0.4945983751243271,"[{""p_home_win"": 0.0, ""weight"": 0.25}, {""p_home_win"": 0.4945983751243271, ""weight"": 0.5}, {""p_home_win"": 0.9891967502486542, ""weight"": 0.25}]",-0.16286333536290276,,elo,"{'home_advantage': 1.5794011501898697, 'scale': 0.041897727743779825, 'error_term': 13.656904516450847, 'win_prob_k': 7.537407862279906}",1.0,14
2025-02-20,Philadelphia 76ers,Boston Celtics,104,124,False,False,2025-02-20|Boston Celtics|Philadelphia 76ers,,,,2025-02-20|Boston Celtics|Philadelphia 76ers,0.22694941701173812,"[{""p_home_win"": 0.0, ""weight"": 0.25}, {""p_home_win"": 0.22694941701173812, ""weight"": 0.5}, {""p_home_win"": 0.45389883402347625, ""weight"": 0.25}]",-9.237977650940707,,elo,"{'home_advantage': 1.5794011501898697, 'scale': 0.041897727743779825, 'error_term': 13.656904516450847, 'win_prob_k': 7.537407862279906}",0.0,-20
2025-02-20,Atlanta Hawks,Orlando Magic,108,114,False,False,2025-02-20|Orlando Magic|Atlanta Hawks,,,,2025-02-20|Orlando Magic|Atlanta Hawks,0.6348644941134617,"[{""p_home_win"": 0.26972898822692337, ""weight"": 0.25}, {""p_home_win"": 0.6348644941134617, ""weight"": 0.5}, {""p_home_win"": 1.0, ""weight"": 0.25}]",4.169264753932933,,elo,"{'home_advantage': 1.5794011501898697, 'scale': 0.041897727743779825, 'error_term': 13.656904516450847, 'win_prob_k': 7.537407862279906}",0.0,-6
2025-02-20,Brooklyn Nets,Cleveland Cavaliers,97,110,False,False,2025-02-20|Cleveland Cavaliers|Brooklyn Nets,,,,2025-02-20|Cleveland Cavaliers|Brooklyn Nets,0.2025254347135869,"[{""p_home_win"": 0.0, ""weight"": 0.25}, {""p_home_win"": 0.2025254347135869, ""weight"": 0.5}, {""p_home_win"": 0.4050508694271738, ""weight"": 0.25}]",-10.330654076503858,,elo,"{'home_advantage': 1.5794011501898697, 'scale': 0.041897727743779825, 'error_term': 13.656904516450847, 'win_prob_k': 7.537407862279906}",0.0,-13
2025-02-20,New York Knicks,Chicago Bulls,113,111,False,False,2025-02-20|Chicago Bulls|New York Knicks,,,,2025-02-20|Chicago Bulls|New York Knicks,0.8499471339681215,"[{""p_home_win"": 0.699894267936243, ""weight"": 0.25}, {""p_home_win"": 0.8499471339681215, ""weight"": 0.5}, {""p_home_win"": 1.0, ""weight"": 0.25}]",13.071270809028205,,elo,"{'home_advantage': 1.5794011501898697, 'scale': 0.041897727743779825, 'error_term': 13.656904516450847, 'win_prob_k': 7.537407862279906}",1.0,2
2025-02-20,Milwaukee Bucks,Los Angeles Clippers,116,110,False,False,2025-02-20|Los Angeles Clippers|Milwaukee Bucks,,,,2025-02-20|Los Angeles Clippers|Milwaukee Bucks,0.5069825013622469,"[{""p_home_win"": 0.013965002724493747, ""weight"": 0.25}, {""p_home_win"": 0.5069825013622469, ""weight"": 0.5}, {""p_home_win"": 1.0, ""weight"": 0.25}]",0.2105335295508357,,elo,"{'home_advantage': 1.5794011501898697, 'scale': 0.041897727743779825, 'error_term': 13.656904516450847, 'win_prob_k': 7.537407862279906}",1.0,6
2025-02-20,Denver Nuggets,Charlotte Hornets,129,115,False,False,2025-02-20|Charlotte Hornets|Denver Nuggets,,,,2025-02-20|Charlotte Hornets|Denver Nuggets,0.8968003817986973,"[{""p_home_win"": 0.7936007635973945, ""weight"": 0.25}, {""p_home_win"": 0.8968003817986973, ""weight"": 0.5}, {""p_home_win"": 1.0, ""weight"": 0.25}]",16.29714316854506,,elo,"{'home_advantage': 1.5794011501898697, 'scale': 0.041897727743779825, 'error_term': 13.656904516450847, 'win_prob_k': 7.537407862279906}",1.0,14
2025-02-20,San Antonio Spurs,Phoenix Suns,120,109,False,False,2025-02-20|Phoenix Suns|San Antonio Spurs,,,,2025-02-20|Phoenix Suns|San Antonio Spurs,0.5133051781158168,"[{""p_home_win"": 0.026610356231633547, ""weight"": 0.25}, {""p_home_win"": 0.5133051781158168, ""weight"": 0.5}, {""p_home_win"": 1.0, ""weight"": 0.25}]",0.40124094216315176,,elo,"{'home_advantage': 1.5794011501898697, 'scale': 0.041897727743779825, 'error_term': 13.656904516450847, 'win_prob_k': 7.537407862279906}",1.0,11
2025-02-20,Portland Trail Blazers,Los Angeles Lakers,102,110,False,False,2025-02-20|Los Angeles Lakers|Portland Trail Blazers,,,,2025-02-20|Los Angeles Lakers|Portland Trail Blazers,0.49583009995627303,"[{""p_home_win"": 0.0, ""weight"": 0.25}, {""p_home_win"": 0.49583009995627303, ""weight"": 0.5}, {""p_home_win"": 0.9916601999125461, ""weight"": 0.25}]",-0.1257238643452976,,elo,"{'home_advantage': 1.5794011501898697, 'scale': 0.041897727743779825, 'error_term': 13.656904516450847, 'win_prob_k': 7.537407862279906}",0.0,-8
2025-02-21,Cleveland Cavaliers,New York Knicks,142,105,False,False,2025-02-21|New York Knicks|Cleveland Cavaliers,,,,2025-02-21|New York Knicks|Cleveland Cavaliers,0.6233410434514007,"[{""p_home_win"": 0.24668208690280147, ""weight"": 0.25}, {""p_home_win"": 0.6233410434514007, ""weight"": 0.5}, {""p_home_win"": 1.0, ""weight"": 0.25}]",3.7509677168026907,,elo,"{'home_advantage': 1.5682301522178888, 'scale': 0.041129407471816364, 'error_term': 13.615646698408922, 'win_prob_k': 7.446036004255449}",1.0,37
2025-02-21,Orlando Magic,Memphis Grizzlies,104,105,False,False,2025-02-21|Memphis Grizzlies|Orlando Magic,,,,2025-02-21|Memphis Grizzlies|Orlando Magic,0.3167919559739381,"[{""p_home_win"": 0.0, ""weight"": 0.25}, {""p_home_win"": 0.3167919559739381, ""weight"": 0.5}, {""p_home_win"": 0.6335839119478762, ""weight"": 0.25}]",-5.722681859658134,,elo,"{'home_advantage': 1.5682301522178888, 'scale': 0.041129407471816364, 'error_term': 13.615646698408922, 'win_prob_k': 7.446036004255449}",0.0,-1
2025-02-21,Washington Wizards,Milwaukee Bucks,101,104,False,False,2025-02-21|Milwaukee Bucks|Washington Wizards,,,,2025-02-21|Milwaukee Bucks|Washington Wizards,0.20701809338872787,"[{""p_home_win"": 0.0, ""weight"": 0.25}, {""p_home_win"": 0.20701809338872787, ""weight"": 0.5}, {""p_home_win"": 0.41403618677745574, ""weight"": 0.25}]",-9.999983225342046,,elo,"{'home_advantage': 1.5682301522178888, 'scale': 0.041129407471816364, 'error_term': 13.615646698408922, 'win_prob_k': 7.446036004255449}",0.0,-3
2025-02-21,Toronto Raptors,Miami Heat,111,120,False,False,2025-02-21|Miami Heat|Toronto Raptors,,,,2025-02-21|Miami Heat|Toronto Raptors,0.5587739092779154,"[{""p_home_win"": 0.11754781855583074, ""weight"": 0.25}, {""p_home_win"": 0.5587739092779154, ""weight"": 0.5}, {""p_home_win"": 1.0, ""weight"": 0.25}]",1.75866073463198,,elo,"{'home_advantage': 1.5682301522178888, 'scale': 0.041129407471816364, 'error_term': 13.615646698408922, 'win_prob_k': 7.446036004255449}",0.0,-9
2025-02-21,Dallas Mavericks,New Orleans Pelicans,111,103,False,False,2025-02-21|New Orleans Pelicans|Dallas Mavericks,,,,2025-02-21|New Orleans Pelicans|Dallas Mavericks,0.7805371223418996,"[{""p_home_win"": 0.5610742446837993, ""weight"": 0.25}, {""p_home_win"": 0.7805371223418996, ""weight"": 0.5}, {""p_home_win"": 1.0, ""weight"": 0.25}]",9.447524563761942,,elo,"{'home_advantage': 1.5682301522178888, 'scale': 0.041129407471816364, 'error_term': 13.615646698408922, 'win_prob_k': 7.446036004255449}",1.0,8
2025-02-21,San Antonio Spurs,Detroit Pistons,110,125,False,False,2025-02-21|Detroit Pistons|San Antonio Spurs,,,,2025-02-21|Detroit Pistons|San Antonio Spurs,0.38794502186463875,"[{""p_home_win"": 0.0, ""weight"": 0.25}, {""p_home_win"": 0.38794502186463875, ""weight"": 0.5}, {""p_home_win"": 0.7758900437292775, ""weight"": 0.25}]",-3.3950832486505726,,elo,"{'home_advantage': 1.5682301522178888, 'scale': 0.041129407471816364, 'error_term': 13.615646698408922, 'win_prob_k': 7.446036004255449}",0.0,-15
2025-02-21,Houston Rockets,Minnesota Timberwolves,121,115,False,False,2025-02-21|Minnesota Timberwolves|Houston Rockets,,,,2025-02-21|Minnesota Timberwolves|Houston Rockets,0.4734816466493028,"[{""p_home_win"": 0.0, ""weight"": 0.25}, {""p_home_win"": 0.4734816466493028, ""weight"": 0.5}, {""p_home_win"": 0.9469632932986056, ""weight"": 0.25}]",-0.7905682732605928,,elo,"{'home_advantage': 1.5682301522178888, 'scale': 0.041129407471816364, 'error_term': 13.615646698408922, 'win_prob_k': 7.446036004255449}",1.0,6
2025-02-21,Utah Jazz,Oklahoma City Thunder,107,130,False,False,2025-02-21|Oklahoma City Thunder|Utah Jazz,,,,2025-02-21|Oklahoma City Thunder|Utah Jazz,0.12120653078629796,"[{""p_home_win"": 0.0, ""weight"": 0.25}, {""p_home_win"": 0.12120653078629796, ""weight"": 0.5}, {""p_home_win"": 0.24241306157259593, ""weight"": 0.25}]",-14.750999056255974,,elo,"{'home_advantage': 1.5682301522178888, 'scale': 0.041129407471816364, 'error_term': 13.615646698408922, 'win_prob_k': 7.446036004255449}",0.0,-23
2025-02-21,Sacramento Kings,Golden State Warriors,108,132,False,False,2025-02-21|Golden State Warriors|Sacramento Kings,,,,2025-02-21|Golden State Warriors|Sacramento Kings,0.5626381015882151,"[{""p_home_win"": 0.1252762031764303, ""weight"": 0.25}, {""p_home_win"": 0.5626381015882151, ""weight"": 0.5}, {""p_home_win"": 1.0, ""weight"": 0.25}]",1.8754749551165144,,elo,"{'home_advantage': 1.5682301522178888, 'scale': 0.041129407471816364, 'error_term': 13.615646698408922, 'win_prob_k': 7.446036004255449}",0.0,-24
2025-02-22,Chicago Bulls,Phoenix Suns,117,121,False,False,2025-02-22|Phoenix Suns|Chicago Bulls,,,,2025-02-22|Phoenix Suns|Chicago Bulls,0.49088907372585033,"[{""p_home_win"": 0.0, ""weight"": 0.25}, {""p_home_win"": 0.49088907372585033, ""weight"": 0.5}, {""p_home_win"": 0.9817781474517007, ""weight"": 0.25}]",-0.2674329396686159,,elo,"{'home_advantage': 1.5785615561797677, 'scale': 0.040678471494743, 'error_term': 13.60087041058017, 'win_prob_k': 7.337435566043382}",0.0,-4
2025-02-22,Philadelphia 76ers,Brooklyn Nets,103,105,False,False,2025-02-22|Brooklyn Nets|Philadelphia 76ers,,,,2025-02-22|Brooklyn Nets|Philadelphia 76ers,0.5020081391905791,"[{""p_home_win"": 0.004016278381158145, ""weight"": 0.25}, {""p_home_win"": 0.5020081391905791, ""weight"": 0.5}, {""p_home_win"": 1.0, ""weight"": 0.25}]",0.058938684578774714,,elo,"{'home_advantage': 1.5785615561797677, 'scale': 0.040678471494743, 'error_term': 13.60087041058017, 'win_prob_k': 7.337435566043382}",0.0,-2
2025-02-22,Denver Nuggets,Los Angeles Lakers,100,123,False,False,2025-02-22|Los Angeles Lakers|Denver Nuggets,,,,2025-02-22|Los Angeles Lakers|Denver Nuggets,0.6609476197884042,"[{""p_home_win"": 0.32189523957680843, ""weight"": 0.25}, {""p_home_win"": 0.6609476197884042, ""weight"": 0.5}, {""p_home_win"": 1.0, ""weight"": 0.25}]",4.897884867818667,,elo,"{'home_advantage': 1.5785615561797677, 'scale': 0.040678471494743, 'error_term': 13.60087041058017, 'win_prob_k': 7.337435566043382}",0.0,-23
2025-02-22,Utah Jazz,Houston Rockets,124,115,False,False,2025-02-22|Houston Rockets|Utah Jazz,,,,2025-02-22|Houston Rockets|Utah Jazz,0.25903350281887283,"[{""p_home_win"": 0.0, ""weight"": 0.25}, {""p_home_win"": 0.25903350281887283, ""weight"": 0.5}, {""p_home_win"": 0.5180670056377457, ""weight"": 0.25}]",-7.711630130325469,,elo,"{'home_advantage': 1.5785615561797677, 'scale': 0.040678471494743, 'error_term': 13.60087041058017, 'win_prob_k': 7.337435566043382}",1.0,9
2025-02-22,Portland Trail Blazers,Charlotte Hornets,141,88,False,False,2025-02-22|Charlotte Hornets|Portland Trail Blazers,,,,2025-02-22|Charlotte Hornets|Portland Trail Blazers,0.7925802777846359,"[{""p_home_win"": 0.5851605555692718, ""weight"": 0.25}, {""p_home_win"": 0.7925802777846359, ""weight"": 0.5}, {""p_home_win"": 1.0, ""weight"": 0.25}]",9.836194945293036,,elo,"{'home_advantage': 1.5785615561797677, 'scale': 0.040678471494743, 'error_term': 13.60087041058017, 'win_prob_k': 7.337435566043382}",1.0,53
2025-02-23,Boston Celtics,New York Knicks,118,105,False,False,2025-02-23|New York Knicks|Boston Celtics,,,,2025-02-23|New York Knicks|Boston Celtics,0.5658708574230652,"[{""p_home_win"": 0.1317417148461304, ""weight"": 0.25}, {""p_home_win"": 0.5658708574230652, ""weight"": 0.5}, {""p_home_win"": 1.0, ""weight"": 0.25}]",1.9581070670708454,,elo,"{'home_advantage': 1.620602383913404, 'scale': 0.0405451019516393, 'error_term': 13.741310907893748, 'win_prob_k': 7.388418824669527}",1.0,13
2025-02-23,Golden State Warriors,Dallas Mavericks,126,102,False,False,2025-02-23|Dallas Mavericks|Golden State Warriors,,,,2025-02-23|Dallas Mavericks|Golden State Warriors,0.5381934523569633,"[{""p_home_win"": 0.0763869047139265, ""weight"": 0.25}, {""p_home_win"": 0.5381934523569633, ""weight"": 0.5}, {""p_home_win"": 1.0, ""weight"": 0.25}]",1.1309600245775497,,elo,"{'home_advantage': 1.620602383913404, 'scale': 0.0405451019516393, 'error_term': 13.741310907893748, 'win_prob_k': 7.388418824669527}",1.0,24
2025-02-23,Indiana Pacers,Los Angeles Clippers,129,111,False,False,2025-02-23|Los Angeles Clippers|Indiana Pacers,,,,2025-02-23|Los Angeles Clippers|Indiana Pacers,0.6641484251190897,"[{""p_home_win"": 0.32829685023817934, ""weight"": 0.25}, {""p_home_win"": 0.6641484251190897, ""weight"": 0.5}, {""p_home_win"": 1.0, ""weight"": 0.25}]",5.037692415531728,,elo,"{'home_advantage': 1.620602383913404, 'scale': 0.0405451019516393, 'error_term': 13.741310907893748, 'win_prob_k': 7.388418824669527}",1.0,18
2025-02-23,Atlanta Hawks,Detroit Pistons,143,148,False,False,2025-02-23|Detroit Pistons|Atlanta Hawks,,,,2025-02-23|Detroit Pistons|Atlanta Hawks,0.38866726783560596,"[{""p_home_win"": 0.0, ""weight"": 0.25}, {""p_home_win"": 0.38866726783560596, ""weight"": 0.5}, {""p_home_win"": 0.7773345356712119, ""weight"": 0.25}]",-3.346346072879622,,elo,"{'home_advantage': 1.620602383913404, 'scale': 0.0405451019516393, 'error_term': 13.741310907893748, 'win_prob_k': 7.388418824669527}",0.0,-5
2025-02-23,Milwaukee Bucks,Miami Heat,120,113,False,False,2025-02-23|Miami Heat|Milwaukee Bucks,,,,2025-02-23|Miami Heat|Milwaukee Bucks,0.6790437092166266,"[{""p_home_win"": 0.3580874184332532, ""weight"": 0.25}, {""p_home_win"": 0.6790437092166266, ""weight"": 0.5}, {""p_home_win"": 1.0, ""weight"": 0.25}]",5.536737364957974,,elo,"{'home_advantage': 1.620602383913404, 'scale': 0.0405451019516393, 'error_term': 13.741310907893748, 'win_prob_k': 7.388418824669527}",1.0,7
2025-02-23,Orlando Magic,Washington Wizards,110,90,False,False,2025-02-23|Washington Wizards|Orlando Magic,,,,2025-02-23|Washington Wizards|Orlando Magic,0.7599514536295975,"[{""p_home_win"": 0.519902907259195, ""weight"": 0.25}, {""p_home_win"": 0.7599514536295975, ""weight"": 0.5}, {""p_home_win"": 1.0, ""weight"": 0.25}]",8.514512673701274,,elo,"{'home_advantage': 1.620602383913404, 'scale': 0.0405451019516393, 'error_term': 13.741310907893748, 'win_prob_k': 7.388418824669527}",1.0,20
2025-02-23,Toronto Raptors,Phoenix Suns,127,109,False,False,2025-02-23|Phoenix Suns|Toronto Raptors,,,,2025-02-23|Phoenix Suns|Toronto Raptors,0.5216213010495578,"[{""p_home_win"": 0.04324260209911568, ""weight"": 0.25}, {""p_home_win"": 0.5216213010495578, ""weight"": 0.5}, {""p_home_win"": 1.0, ""weight"": 0.25}]",0.6393876448199307,,elo,"{'home_advantage': 1.620602383913404, 'scale': 0.0405451019516393, 'error_term': 13.741310907893748, 'win_prob_k': 7.388418824669527}",1.0,18
2025-02-23,Cleveland Cavaliers,Memphis Grizzlies,129,123,False,False,2025-02-23|Memphis Grizzlies|Cleveland Cavaliers,,,,2025-02-23|Memphis Grizzlies|Cleveland Cavaliers,0.6982600032183796,"[{""p_home_win"": 0.3965200064367591, ""weight"": 0.25}, {""p_home_win"": 0.6982600032183796, ""weight"": 0.5}, {""p_home_win"": 1.0, ""weight"": 0.25}]",6.19907417841774,,elo,"{'home_advantage': 1.620602383913404, 'scale': 0.0405451019516393, 'error_term': 13.741310907893748, 'win_prob_k': 7.388418824669527}",1.0,6
2025-02-23,New Orleans Pelicans,San Antonio Spurs,114,96,False,False,2025-02-23|San Antonio Spurs|New Orleans Pelicans,,,,2025-02-23|San Antonio Spurs|New Orleans Pelicans,0.4141534694297403,"[{""p_home_win"": 0.0, ""weight"": 0.25}, {""p_home_win"": 0.4141534694297403, ""weight"": 0.5}, {""p_home_win"": 0.8283069388594806, ""weight"": 0.25}]",-2.5624607100222487,,elo,"{'home_advantage': 1.620602383913404, 'scale': 0.0405451019516393, 'error_term': 13.741310907893748, 'win_prob_k': 7.388418824669527}",1.0,18
2025-02-23,Minnesota Timberwolves,Oklahoma City Thunder,123,130,False,False,2025-02-23|Oklahoma City Thunder|Minnesota Timberwolves,,,,2025-02-23|Oklahoma City Thunder|Minnesota Timberwolves,0.33491435594921687,"[{""p_home_win"": 0.0, ""weight"": 0.25}, {""p_home_win"": 0.33491435594921687, ""weight"": 0.5}, {""p_home_win"": 0.6698287118984337, ""weight"": 0.25}]",-5.06875805531188,,elo,"{'home_advantage': 1.620602383913404, 'scale': 0.0405451019516393, 'error_term': 13.741310907893748, 'win_prob_k': 7.388418824669527}",0.0,-7
2025-02-24,Detroit Pistons,Los Angeles Clippers,106,97,False,False,2025-02-24|Los Angeles Clippers|Detroit Pistons,,,,2025-02-24|Los Angeles Clippers|Detroit Pistons,0.647253327514713,"[{""p_home_win"": 0.29450665502942597, ""weight"": 0.25}, {""p_home_win"": 0.647253327514713, ""weight"": 0.5}, {""p_home_win"": 1.0, ""weight"": 0.25}]",4.467925286772073,,elo,"{'home_advantage': 1.7191590233413794, 'scale': 0.039508610310732085, 'error_term': 13.765725238850907, 'win_prob_k': 7.36081803324754}",1.0,9
2025-02-24,Indiana Pacers,Denver Nuggets,116,125,False,False,2025-02-24|Denver Nuggets|Indiana Pacers,,,,2025-02-24|Denver Nuggets|Indiana Pacers,0.5472748842851206,"[{""p_home_win"": 0.09454976857024122, ""weight"": 0.25}, {""p_home_win"": 0.5472748842851206, ""weight"": 0.5}, {""p_home_win"": 1.0, ""weight"": 0.25}]",1.3960974589554747,,elo,"{'home_advantage': 1.7191590233413794, 'scale': 0.039508610310732085, 'error_term': 13.765725238850907, 'win_prob_k': 7.36081803324754}",0.0,-9
2025-02-24,Philadelphia 76ers,Chicago Bulls,110,142,False,False,2025-02-24|Chicago Bulls|Philadelphia 76ers,,,,2025-02-24|Chicago Bulls|Philadelphia 76ers,0.5659406663801514,"[{""p_home_win"": 0.13188133276030278, ""weight"": 0.25}, {""p_home_win"": 0.5659406663801514, ""weight"": 0.5}, {""p_home_win"": 1.0, ""weight"": 0.25}]",1.952883946283356,,elo,"{'home_advantage': 1.7191590233413794, 'scale': 0.039508610310732085, 'error_term': 13.765725238850907, 'win_prob_k': 7.36081803324754}",0.0,-32
2025-02-24,Washington Wizards,Brooklyn Nets,107,99,False,False,2025-02-24|Brooklyn Nets|Washington Wizards,,,,2025-02-24|Brooklyn Nets|Washington Wizards,0.30617129906270685,"[{""p_home_win"": 0.0, ""weight"": 0.25}, {""p_home_win"": 0.30617129906270685, ""weight"": 0.5}, {""p_home_win"": 0.6123425981254137, ""weight"": 0.25}]",-6.02174063148246,,elo,"{'home_advantage': 1.7191590233413794, 'scale': 0.039508610310732085, 'error_term': 13.765725238850907, 'win_prob_k': 7.36081803324754}",1.0,8
2025-02-24,Atlanta Hawks,Miami Heat,98,86,False,False,2025-02-24|Miami Heat|Atlanta Hawks,,,,2025-02-24|Miami Heat|Atlanta Hawks,0.5566009325757884,"[{""p_home_win"": 0.11320186515157671, ""weight"": 0.25}, {""p_home_win"": 0.5566009325757884, ""weight"": 0.5}, {""p_home_win"": 1.0, ""weight"": 0.25}]",1.673690516508017,,elo,"{'home_advantage': 1.7191590233413794, 'scale': 0.039508610310732085, 'error_term': 13.765725238850907, 'win_prob_k': 7.36081803324754}",1.0,12
2025-02-24,Oklahoma City Thunder,Minnesota Timberwolves,128,131,False,False,2025-02-24|Minnesota Timberwolves|Oklahoma City Thunder,,,,2025-02-24|Minnesota Timberwolves|Oklahoma City Thunder,0.7753685360261597,"[{""p_home_win"": 0.5507370720523195, ""weight"": 0.25}, {""p_home_win"": 0.7753685360261597, ""weight"": 0.5}, {""p_home_win"": 1.0, ""weight"": 0.25}]",9.119150556736338,,elo,"{'home_advantage': 1.7191590233413794, 'scale': 0.039508610310732085, 'error_term': 13.765725238850907, 'win_prob_k': 7.36081803324754}",0.0,-3
2025-02-24,Utah Jazz,Portland Trail Blazers,112,114,False,False,2025-02-24|Portland Trail Blazers|Utah Jazz,,,,2025-02-24|Portland Trail Blazers|Utah Jazz,0.3518560876923706,"[{""p_home_win"": 0.0, ""weight"": 0.25}, {""p_home_win"": 0.3518560876923706, ""weight"": 0.5}, {""p_home_win"": 0.7037121753847412, ""weight"": 0.25}]",-4.49665387036916,,elo,"{'home_advantage': 1.7191590233413794, 'scale': 0.039508610310732085, 'error_term': 13.765725238850907, 'win_prob_k': 7.36081803324754}",0.0,-2
2025-02-24,Sacramento Kings,Charlotte Hornets,130,88,False,False,2025-02-24|Charlotte Hornets|Sacramento Kings,,,,2025-02-24|Charlotte Hornets|Sacramento Kings,0.781998897044191,"[{""p_home_win"": 0.563997794088382, ""weight"": 0.25}, {""p_home_win"": 0.781998897044191, ""weight"": 0.5}, {""p_home_win"": 1.0, ""weight"": 0.25}]",9.402364527597909,,elo,"{'home_advantage': 1.7191590233413794, 'scale': 0.039508610310732085, 'error_term': 13.765725238850907, 'win_prob_k': 7.36081803324754}",1.0,42
2025-02-25,Toronto Raptors,Boston Celtics,101,111,False,False,2025-02-25|Boston Celtics|Toronto Raptors,,,,2025-02-25|Boston Celtics|Toronto Raptors,0.2618069083442244,"[{""p_home_win"": 0.0, ""weight"": 0.25}, {""p_home_win"": 0.2618069083442244, ""weight"": 0.5}, {""p_home_win"": 0.5236138166884488, ""weight"": 0.25}]",-7.724272018358526,,elo,"{'home_advantage': 1.713767305573071, 'scale': 0.03951226637879483, 'error_term': 13.853675382461098, 'win_prob_k': 7.4515584572676925}",0.0,-10
2025-02-25,Orlando Magic,Cleveland Cavaliers,82,122,False,False,2025-02-25|Cleveland Cavaliers|Orlando Magic,,,,2025-02-25|Cleveland Cavaliers|Orlando Magic,0.19217070761241273,"[{""p_home_win"": 0.0, ""weight"": 0.25}, {""p_home_win"": 0.19217070761241273, ""weight"": 0.5}, {""p_home_win"": 0.38434141522482546, ""weight"": 0.25}]",-10.700189697784225,,elo,"{'home_advantage': 1.713767305573071, 'scale': 0.03951226637879483, 'error_term': 13.853675382461098, 'win_prob_k': 7.4515584572676925}",0.0,-40
2025-02-25,Houston Rockets,Milwaukee Bucks,100,97,False,False,2025-02-25|Milwaukee Bucks|Houston Rockets,,,,2025-02-25|Milwaukee Bucks|Houston Rockets,0.5043136196203645,"[{""p_home_win"": 0.008627239240728946, ""weight"": 0.25}, {""p_home_win"": 0.5043136196203645, ""weight"": 0.5}, {""p_home_win"": 1.0, ""weight"": 0.25}]",0.12857594505491732,,elo,"{'home_advantage': 1.713767305573071, 'scale': 0.03951226637879483, 'error_term': 13.853675382461098, 'win_prob_k': 7.4515584572676925}",1.0,3
2025-02-25,Memphis Grizzlies,Phoenix Suns,151,148,False,False,2025-02-25|Phoenix Suns|Memphis Grizzlies,,,,2025-02-25|Phoenix Suns|Memphis Grizzlies,0.7750909680788097,"[{""p_home_win"": 0.5501819361576195, ""weight"": 0.25}, {""p_home_win"": 0.7750909680788097, ""weight"": 0.5}, {""p_home_win"": 1.0, ""weight"": 0.25}]",9.219696906338394,,elo,"{'home_advantage': 1.713767305573071, 'scale': 0.03951226637879483, 'error_term': 13.853675382461098, 'win_prob_k': 7.4515584572676925}",1.0,3
2025-02-25,New Orleans Pelicans,San Antonio Spurs,109,103,False,False,2025-02-25|San Antonio Spurs|New Orleans Pelicans,,,,2025-02-25|San Antonio Spurs|New Orleans Pelicans,0.4890561549751275,"[{""p_home_win"": 0.0, ""weight"": 0.25}, {""p_home_win"": 0.4890561549751275, ""weight"": 0.5}, {""p_home_win"": 0.978112309950255, ""weight"": 0.25}]",-0.3262469089328266,,elo,"{'home_advantage': 1.713767305573071, 'scale': 0.03951226637879483, 'error_term': 13.853675382461098, 'win_prob_k': 7.4515584572676925}",1.0,6
2025-02-25,Golden State Warriors,Charlotte Hornets,128,92,False,False,2025-02-25|Charlotte Hornets|Golden State Warriors,,,,2025-02-25|Charlotte Hornets|Golden State Warriors,0.8320404072214844,"[{""p_home_win"": 0.6640808144429688, ""weight"": 0.25}, {""p_home_win"": 0.8320404072214844, ""weight"": 0.5}, {""p_home_win"": 1.0, ""weight"": 0.25}]",11.92366770883221,,elo,"{'home_advantage': 1.713767305573071, 'scale': 0.03951226637879483, 'error_term': 13.853675382461098, 'win_prob_k': 7.4515584572676925}",1.0,36
2025-02-25,Los Angeles Lakers,Dallas Mavericks,107,99,False,False,2025-02-25|Dallas Mavericks|Los Angeles Lakers,,,,2025-02-25|Dallas Mavericks|Los Angeles Lakers,0.6743294525998087,"[{""p_home_win"": 0.3486589051996174, ""weight"": 0.25}, {""p_home_win"": 0.6743294525998087, ""weight"": 0.5}, {""p_home_win"": 1.0, ""weight"": 0.25}]",5.423486525065169,,elo,"{'home_advantage': 1.713767305573071, 'scale': 0.03951226637879483, 'error_term': 13.853675382461098, 'win_prob_k': 7.4515584572676925}",1.0,8
