date,home_team,away_team,home_score,away_score,neutral,overtime,game_id,sport,season,notes,game_id_pred,p_home_win,win_prob_dist,pred_margin,pred_total,model_id,home_win,actual_margin
2025-10-25,Orlando Magic,Chicago Bulls,98.0,110.0,False,False,2025-10-25|Chicago Bulls|Orlando Magic,,,,2025-10-25|Chicago Bulls|Orlando Magic,0.02620978022637797,"[{""p_home_win"": 0.02620978022637797, ""weight"": 1.0}]",-3.6150632681412933,,bradley_terry_hfa,0.0,-12.0
2025-10-25,Atlanta Hawks,Oklahoma City Thunder,100.0,117.0,False,False,2025-10-25|Oklahoma City Thunder|Atlanta Hawks,,,,2025-10-25|Oklahoma City Thunder|Atlanta Hawks,0.6758523663084459,"[{""p_home_win"": 0.6758523663084459, ""weight"": 1.0}]",0.7347755876040105,,bradley_terry_hfa,0.0,-17.0
2025-10-25,Philadelphia 76ers,Charlotte Hornets,125.0,121.0,False,False,2025-10-25|Charlotte Hornets|Philadelphia 76ers,,,,2025-10-25|Charlotte Hornets|Philadelphia 76ers,0.9920839759223955,"[{""p_home_win"": 0.9920839759223955, ""weight"": 1.0}]",4.83091868747613,,bradley_terry_hfa,1.0,4.0
2025-10-25,Memphis Grizzlies,Indiana Pacers,128.0,103.0,False,False,2025-10-25|Indiana Pacers|Memphis Grizzlies,,,,2025-10-25|Indiana Pacers|Memphis Grizzlies,0.15524106895852208,"[{""p_home_win"": 0.15524106895852208, ""weight"": 1.0}]",-1.6940721056246595,,bradley_terry_hfa,1.0,25.0
2025-10-25,Denver Nuggets,Phoenix Suns,133.0,111.0,False,False,2025-10-25|Phoenix Suns|Denver Nuggets,,,,2025-10-25|Phoenix Suns|Denver Nuggets,0.6475880208329557,"[{""p_home_win"": 0.6475880208329557, ""weight"": 1.0}]",0.6084538372647992,,bradley_terry_hfa,1.0,22.0
2025-10-26,San Antonio Spurs,Brooklyn Nets,118.0,107.0,False,False,2025-10-26|Brooklyn Nets|San Antonio Spurs,,,,2025-10-26|Brooklyn Nets|San Antonio Spurs,0.9999827950518295,"[{""p_home_win"": 0.9999827950518295, ""weight"": 1.0}]",10.970296326090601,,bradley_terry_hfa,1.0,11.0
2025-10-26,Detroit Pistons,Boston Celtics,119.0,113.0,False,False,2025-10-26|Boston Celtics|Detroit Pistons,,,,2025-10-26|Boston Celtics|Detroit Pistons,0.9996347760569835,"[{""p_home_win"": 0.9996347760569835, ""weight"": 1.0}]",7.914634559357659,,bradley_terry_hfa,1.0,6.0
2025-10-26,Washington Wizards,Charlotte Hornets,113.0,139.0,False,False,2025-10-26|Charlotte Hornets|Washington Wizards,,,,2025-10-26|Charlotte Hornets|Washington Wizards,0.9946044119950772,"[{""p_home_win"": 0.9946044119950772, ""weight"": 1.0}]",5.216763498731105,,bradley_terry_hfa,0.0,-26.0
2025-10-26,Miami Heat,New York Knicks,115.0,107.0,False,False,2025-10-26|New York Knicks|Miami Heat,,,,2025-10-26|New York Knicks|Miami Heat,0.033286234033288904,"[{""p_home_win"": 0.033286234033288904, ""weight"": 1.0}]",-3.368758530410868,,bradley_terry_hfa,1.0,8.0
2025-10-26,Cleveland Cavaliers,Milwaukee Bucks,118.0,113.0,False,False,2025-10-26|Milwaukee Bucks|Cleveland Cavaliers,,,,2025-10-26|Milwaukee Bucks|Cleveland Cavaliers,0.0005471691495203439,"[{""p_home_win"": 0.0005471691495203439, ""weight"": 1.0}]",-7.510205253144631,,bradley_terry_hfa,1.0,5.0
2025-10-26,Minnesota Timberwolves,Indiana Pacers,114.0,110.0,False,False,2025-10-26|Indiana Pacers|Minnesota Timberwolves,,,,2025-10-26|Indiana Pacers|Minnesota Timberwolves,0.9999967518244108,"[{""p_home_win"": 0.9999967518244108, ""weight"": 1.0}]",12.637413828272116,,bradley_terry_hfa,1.0,4.0
2025-10-26,Dallas Mavericks,Toronto Raptors,139.0,129.0,False,False,2025-10-26|Toronto Raptors|Dallas Mavericks,,,,2025-10-26|Toronto Raptors|Dallas Mavericks,0.0002115762389934926,"[{""p_home_win"": 0.0002115762389934926, ""weight"": 1.0}]",-8.4607135577522,,bradley_terry_hfa,1.0,10.0
2025-10-26,Sacramento Kings,Los Angeles Lakers,120.0,127.0,False,False,2025-10-26|Los Angeles Lakers|Sacramento Kings,,,,2025-10-26|Los Angeles Lakers|Sacramento Kings,0.8551218211135653,"[{""p_home_win"": 0.8551218211135653, ""weight"": 1.0}]",1.7753506959322494,,bradley_terry_hfa,0.0,-7.0
2025-10-26,Los Angeles Clippers,Portland Trail Blazers,114.0,107.0,False,False,2025-10-26|Portland Trail Blazers|Los Angeles Clippers,,,,2025-10-26|Portland Trail Blazers|Los Angeles Clippers,0.8554740947208599,"[{""p_home_win"": 0.8554740947208599, ""weight"": 1.0}]",1.7781970452370282,,bradley_terry_hfa,1.0,7.0
2025-10-27,Detroit Pistons,Cleveland Cavaliers,95.0,116.0,False,False,2025-10-27|Cleveland Cavaliers|Detroit Pistons,,,,2025-10-27|Cleveland Cavaliers|Detroit Pistons,0.9728114051701625,"[{""p_home_win"": 0.9728114051701625, ""weight"": 1.0}]",3.577392657566575,,bradley_terry_hfa,0.0,-21.0
2025-10-27,Philadelphia 76ers,Orlando Magic,136.0,124.0,False,False,2025-10-27|Orlando Magic|Philadelphia 76ers,,,,2025-10-27|Orlando Magic|Philadelphia 76ers,0.9999999826367986,"[{""p_home_win"": 0.9999999826367986, ""weight"": 1.0}]",17.868912712875964,,bradley_terry_hfa,1.0,12.0
2025-10-27,Chicago Bulls,Atlanta Hawks,128.0,123.0,False,False,2025-10-27|Atlanta Hawks|Chicago Bulls,,,,2025-10-27|Atlanta Hawks|Chicago Bulls,0.9999690646039315,"[{""p_home_win"": 0.9999690646039315, ""weight"": 1.0}]",10.38357858993959,,bradley_terry_hfa,1.0,5.0
2025-10-27,Houston Rockets,Brooklyn Nets,137.0,109.0,False,False,2025-10-27|Brooklyn Nets|Houston Rockets,,,,2025-10-27|Brooklyn Nets|Houston Rockets,0.9712663727570003,"[{""p_home_win"": 0.9712663727570003, ""weight"": 1.0}]",3.520532641123315,,bradley_terry_hfa,1.0,28.0
2025-10-27,New Orleans Pelicans,Boston Celtics,90.0,122.0,False,False,2025-10-27|Boston Celtics|New Orleans Pelicans,,,,2025-10-27|Boston Celtics|New Orleans Pelicans,0.24885764164184604,"[{""p_home_win"": 0.24885764164184604, ""weight"": 1.0}]",-1.1047141795434245,,bradley_terry_hfa,0.0,-32.0
2025-10-27,San Antonio Spurs,Toronto Raptors,121.0,103.0,False,False,2025-10-27|Toronto Raptors|San Antonio Spurs,,,,2025-10-27|Toronto Raptors|San Antonio Spurs,0.9997211965143652,"[{""p_home_win"": 0.9997211965143652, ""weight"": 1.0}]",8.184724534520596,,bradley_terry_hfa,1.0,18.0
2025-10-27,Dallas Mavericks,Oklahoma City Thunder,94.0,101.0,False,False,2025-10-27|Oklahoma City Thunder|Dallas Mavericks,,,,2025-10-27|Oklahoma City Thunder|Dallas Mavericks,0.0559868992788484,"[{""p_home_win"": 0.0559868992788484, ""weight"": 1.0}]",-2.8250223220143353,,bradley_terry_hfa,0.0,-7.0
2025-10-27,Utah Jazz,Phoenix Suns,138.0,134.0,False,False,2025-10-27|Phoenix Suns|Utah Jazz,,,,2025-10-27|Phoenix Suns|Utah Jazz,0.9558660577211979,"[{""p_home_win"": 0.9558660577211979, ""weight"": 1.0}]",3.075388643651645,,bradley_terry_hfa,1.0,4.0
2025-10-27,Minnesota Timberwolves,Denver Nuggets,114.0,127.0,False,False,2025-10-27|Denver Nuggets|Minnesota Timberwolves,,,,2025-10-27|Denver Nuggets|Minnesota Timberwolves,0.9989998732270358,"[{""p_home_win"": 0.9989998732270358, ""weight"": 1.0}]",6.906627886819492,,bradley_terry_hfa,0.0,-13.0
2025-10-27,Golden State Warriors,Memphis Grizzlies,131.0,118.0,False,False,2025-10-27|Memphis Grizzlies|Golden State Warriors,,,,2025-10-27|Memphis Grizzlies|Golden State Warriors,0.9999997290697159,"[{""p_home_win"": 0.9999997290697159, ""weight"": 1.0}]",15.121404032923301,,bradley_terry_hfa,1.0,13.0
2025-10-27,Los Angeles Lakers,Portland Trail Blazers,108.0,122.0,False,False,2025-10-27|Portland Trail Blazers|Los Angeles Lakers,,,,2025-10-27|Portland Trail Blazers|Los Angeles Lakers,0.9814165480881878,"[{""p_home_win"": 0.9814165480881878, ""weight"": 1.0}]",3.966725482673296,,bradley_terry_hfa,0.0,-14.0
2025-10-28,Washington Wizards,Philadelphia 76ers,134.0,139.0,False,False,2025-10-28|Philadelphia 76ers|Washington Wizards,,,,2025-10-28|Philadelphia 76ers|Washington Wizards,0.06620833184403956,"[{""p_home_win"": 0.06620833184403956, ""weight"": 1.0}]",-2.6464470462878147,,bradley_terry_hfa,0.0,-5.0
2025-10-28,Miami Heat,Charlotte Hornets,144.0,117.0,False,False,2025-10-28|Charlotte Hornets|Miami Heat,,,,2025-10-28|Charlotte Hornets|Miami Heat,0.0010574062374239903,"[{""p_home_win"": 0.0010574062374239903, ""weight"": 1.0}]",-6.850878349663426,,bradley_terry_hfa,1.0,27.0
2025-10-28,Milwaukee Bucks,New York Knicks,121.0,111.0,False,False,2025-10-28|New York Knicks|Milwaukee Bucks,,,,2025-10-28|New York Knicks|Milwaukee Bucks,0.9971122475350679,"[{""p_home_win"": 0.9971122475350679, ""weight"": 1.0}]",5.844384843146987,,bradley_terry_hfa,1.0,10.0
2025-10-28,Oklahoma City Thunder,Sacramento Kings,107.0,101.0,False,False,2025-10-28|Sacramento Kings|Oklahoma City Thunder,,,,2025-10-28|Sacramento Kings|Oklahoma City Thunder,0.9999931597572174,"[{""p_home_win"": 0.9999931597572174, ""weight"": 1.0}]",11.892680492153879,,bradley_terry_hfa,1.0,6.0
2025-10-28,Golden State Warriors,Los Angeles Clippers,98.0,79.0,False,False,2025-10-28|Los Angeles Clippers|Golden State Warriors,,,,2025-10-28|Los Angeles Clippers|Golden State Warriors,0.9977004769297775,"[{""p_home_win"": 0.9977004769297775, ""weight"": 1.0}]",6.0727513672885305,,bradley_terry_hfa,1.0,19.0
2025-10-29,Toronto Raptors,Houston Rockets,121.0,139.0,False,False,2025-10-29|Houston Rockets|Toronto Raptors,,,,2025-10-29|Houston Rockets|Toronto Raptors,0.999679303788562,"[{""p_home_win"": 0.999679303788562, ""weight"": 1.0}]",8.044695517103571,,bradley_terry_hfa,0.0,-18.0
2025-10-29,Boston Celtics,Cleveland Cavaliers,125.0,105.0,False,False,2025-10-29|Cleveland Cavaliers|Boston Celtics,,,,2025-10-29|Cleveland Cavaliers|Boston Celtics,0.027056863038080352,"[{""p_home_win"": 0.027056863038080352, ""weight"": 1.0}]",-3.5823849496731355,,bradley_terry_hfa,1.0,20.0
2025-10-29,Detroit Pistons,Orlando Magic,135.0,116.0,False,False,2025-10-29|Orlando Magic|Detroit Pistons,,,,2025-10-29|Orlando Magic|Detroit Pistons,0.9419672931188728,"[{""p_home_win"": 0.9419672931188728, ""weight"": 1.0}]",2.786963789941473,,bradley_terry_hfa,1.0,19.0
2025-10-29,Brooklyn Nets,Atlanta Hawks,112.0,117.0,False,False,2025-10-29|Atlanta Hawks|Brooklyn Nets,,,,2025-10-29|Atlanta Hawks|Brooklyn Nets,0.010973718505306743,"[{""p_home_win"": 0.010973718505306743, ""weight"": 1.0}]",-4.50121771782484,,bradley_terry_hfa,0.0,-5.0
2025-10-29,Chicago Bulls,Sacramento Kings,126.0,113.0,False,False,2025-10-29|Sacramento Kings|Chicago Bulls,,,,2025-10-29|Sacramento Kings|Chicago Bulls,0.9999386100750356,"[{""p_home_win"": 0.9999386100750356, ""weight"": 1.0}]",9.69820343299315,,bradley_terry_hfa,1.0,13.0
2025-10-29,Dallas Mavericks,Indiana Pacers,107.0,105.0,False,False,2025-10-29|Indiana Pacers|Dallas Mavericks,,,,2025-10-29|Indiana Pacers|Dallas Mavericks,0.9981912785794634,"[{""p_home_win"": 0.9981912785794634, ""weight"": 1.0}]",6.313324721682083,,bradley_terry_hfa,1.0,2.0
2025-10-29,Utah Jazz,Portland Trail Blazers,134.0,136.0,False,False,2025-10-29|Portland Trail Blazers|Utah Jazz,,,,2025-10-29|Portland Trail Blazers|Utah Jazz,0.3663778818518174,"[{""p_home_win"": 0.3663778818518174, ""weight"": 1.0}]",-0.5477874837314771,,bradley_terry_hfa,0.0,-2.0
2025-10-29,Denver Nuggets,New Orleans Pelicans,122.0,88.0,False,False,2025-10-29|New Orleans Pelicans|Denver Nuggets,,,,2025-10-29|New Orleans Pelicans|Denver Nuggets,0.9999990735213259,"[{""p_home_win"": 0.9999990735213259, ""weight"": 1.0}]",13.891873882708726,,bradley_terry_hfa,1.0,34.0
2025-10-29,Minnesota Timberwolves,Los Angeles Lakers,115.0,116.0,False,False,2025-10-29|Los Angeles Lakers|Minnesota Timberwolves,,,,2025-10-29|Los Angeles Lakers|Minnesota Timberwolves,0.9787258025281592,"[{""p_home_win"": 0.9787258025281592, ""weight"": 1.0}]",3.8287565720720287,,bradley_terry_hfa,0.0,-1.0
2025-10-29,Phoenix Suns,Memphis Grizzlies,113.0,114.0,False,False,2025-10-29|Memphis Grizzlies|Phoenix Suns,,,,2025-10-29|Memphis Grizzlies|Phoenix Suns,0.969260770507909,"[{""p_home_win"": 0.969260770507909, ""weight"": 1.0}]",3.4509940162204016,,bradley_terry_hfa,0.0,-1.0
2025-10-30,Charlotte Hornets,Orlando Magic,107.0,123.0,False,False,2025-10-30|Orlando Magic|Charlotte Hornets,,,,2025-10-30|Orlando Magic|Charlotte Hornets,0.9687489854975968,"[{""p_home_win"": 0.9687489854975968, ""weight"": 1.0}]",3.4339536937063553,,bradley_terry_hfa,0.0,-16.0
2025-10-30,Milwaukee Bucks,Golden State Warriors,120.0,110.0,False,False,2025-10-30|Golden State Warriors|Milwaukee Bucks,,,,2025-10-30|Golden State Warriors|Milwaukee Bucks,0.9247565846380651,"[{""p_home_win"": 0.9247565846380651, ""weight"": 1.0}]",2.5088021548348483,,bradley_terry_hfa,1.0,10.0
2025-10-30,Oklahoma City Thunder,Washington Wizards,127.0,108.0,False,False,2025-10-30|Washington Wizards|Oklahoma City Thunder,,,,2025-10-30|Washington Wizards|Oklahoma City Thunder,0.9971794825455651,"[{""p_home_win"": 0.9971794825455651, ""weight"": 1.0}]",5.8680104137756475,,bradley_terry_hfa,1.0,19.0
2025-10-30,San Antonio Spurs,Miami Heat,107.0,101.0,False,False,2025-10-30|Miami Heat|San Antonio Spurs,,,,2025-10-30|Miami Heat|San Antonio Spurs,0.9571417716770733,"[{""p_home_win"": 0.9571417716770733, ""weight"": 1.0}]",3.1060538694392648,,bradley_terry_hfa,1.0,6.0
2025-10-31,Indiana Pacers,Atlanta Hawks,108.0,128.0,False,False,2025-10-31|Atlanta Hawks|Indiana Pacers,,,,2025-10-31|Atlanta Hawks|Indiana Pacers,0.003923528897333599,"[{""p_home_win"": 0.003923528897333599, ""weight"": 1.0}]",-5.536832555101852,,bradley_terry_hfa,0.0,-20.0
2025-10-31,Philadelphia 76ers,Boston Celtics,108.0,109.0,False,False,2025-10-31|Boston Celtics|Philadelphia 76ers,,,,2025-10-31|Boston Celtics|Philadelphia 76ers,0.9958619196893174,"[{""p_home_win"": 0.9958619196893174, ""weight"": 1.0}]",5.483376625897307,,bradley_terry_hfa,0.0,-1.0
2025-10-31,Cleveland Cavaliers,Toronto Raptors,101.0,112.0,False,False,2025-10-31|Toronto Raptors|Cleveland Cavaliers,,,,2025-10-31|Toronto Raptors|Cleveland Cavaliers,0.986556309375551,"[{""p_home_win"": 0.986556309375551, ""weight"": 1.0}]",4.295710506355885,,bradley_terry_hfa,0.0,-11.0
2025-10-31,Chicago Bulls,New York Knicks,135.0,125.0,False,False,2025-10-31|New York Knicks|Chicago Bulls,,,,2025-10-31|New York Knicks|Chicago Bulls,0.9919175910867077,"[{""p_home_win"": 0.9919175910867077, ""weight"": 1.0}]",4.8099500693993384,,bradley_terry_hfa,1.0,10.0
2025-10-31,Memphis Grizzlies,Los Angeles Lakers,112.0,117.0,False,False,2025-10-31|Los Angeles Lakers|Memphis Grizzlies,,,,2025-10-31|Los Angeles Lakers|Memphis Grizzlies,0.6600242854634055,"[{""p_home_win"": 0.6600242854634055, ""weight"": 1.0}]",0.6634024432746123,,bradley_terry_hfa,0.0,-5.0
2025-10-31,Phoenix Suns,Utah Jazz,118.0,96.0,False,False,2025-10-31|Utah Jazz|Phoenix Suns,,,,2025-10-31|Utah Jazz|Phoenix Suns,0.4296168427081106,"[{""p_home_win"": 0.4296168427081106, ""weight"": 1.0}]",-0.28341459278968106,,bradley_terry_hfa,1.0,22.0
2025-10-31,Portland Trail Blazers,Denver Nuggets,109.0,107.0,False,False,2025-10-31|Denver Nuggets|Portland Trail Blazers,,,,2025-10-31|Denver Nuggets|Portland Trail Blazers,0.4792892132412221,"[{""p_home_win"": 0.4792892132412221, ""weight"": 1.0}]",-0.08289057515631648,,bradley_terry_hfa,1.0,2.0
2025-10-31,Los Angeles Clippers,New Orleans Pelicans,126.0,124.0,False,False,2025-10-31|New Orleans Pelicans|Los Angeles Clippers,,,,2025-10-31|New Orleans Pelicans|Los Angeles Clippers,0.9835233561520321,"[{""p_home_win"": 0.9835233561520321, ""weight"": 1.0}]",4.089197531801168,,bradley_terry_hfa,1.0,2.0
2025-11-01,Milwaukee Bucks,Sacramento Kings,133.0,135.0,False,False,2025-11-01|Sacramento Kings|Milwaukee Bucks,,,,2025-11-01|Sacramento Kings|Milwaukee Bucks,0.9966982615246773,"[{""p_home_win"": 0.9966982615246773, ""weight"": 1.0}]",5.709998937280372,,bradley_terry_hfa,0.0,-2.0
2025-11-01,Charlotte Hornets,Minnesota Timberwolves,105.0,122.0,False,False,2025-11-01|Minnesota Timberwolves|Charlotte Hornets,,,,2025-11-01|Minnesota Timberwolves|Charlotte Hornets,0.8745713560161978,"[{""p_home_win"": 0.8745713560161978, ""weight"": 1.0}]",1.9419968644509487,,bradley_terry_hfa,0.0,-17.0
2025-11-01,Indiana Pacers,Golden State Warriors,114.0,109.0,False,False,2025-11-01|Golden State Warriors|Indiana Pacers,,,,2025-11-01|Golden State Warriors|Indiana Pacers,0.0014979360409524392,"[{""p_home_win"": 0.0014979360409524392, ""weight"": 1.0}]",-6.502168032023287,,bradley_terry_hfa,1.0,5.0
2025-11-01,Washington Wizards,Orlando Magic,94.0,125.0,False,False,2025-11-01|Orlando Magic|Washington Wizards,,,,2025-11-01|Orlando Magic|Washington Wizards,0.26357556394767206,"[{""p_home_win"": 0.26357556394767206, ""weight"": 1.0}]",-1.0274665348615266,,bradley_terry_hfa,0.0,-31.0
2025-11-01,Boston Celtics,Houston Rockets,101.0,128.0,False,False,2025-11-01|Houston Rockets|Boston Celtics,,,,2025-11-01|Houston Rockets|Boston Celtics,0.5923779711492992,"[{""p_home_win"": 0.5923779711492992, ""weight"": 1.0}]",0.37380455077644104,,bradley_terry_hfa,0.0,-27.0
2025-11-01,Detroit Pistons,Dallas Mavericks,122.0,110.0,False,False,2025-11-01|Dallas Mavericks|Detroit Pistons,,,,2025-11-01|Dallas Mavericks|Detroit Pistons,0.9413003089958445,"[{""p_home_win"": 0.9413003089958445, ""weight"": 1.0}]",2.774827763981647,,bradley_terry_hfa,1.0,12.0
2025-11-02,Oklahoma City Thunder,New Orleans Pelicans,137.0,106.0,False,False,2025-11-02|New Orleans Pelicans|Oklahoma City Thunder,,,,2025-11-02|New Orleans Pelicans|Oklahoma City Thunder,0.9999954077073058,"[{""p_home_win"": 0.9999954077073058, ""weight"": 1.0}]",12.291126568636487,,bradley_terry_hfa,1.0,31.0
2025-11-02,Brooklyn Nets,Philadelphia 76ers,105.0,129.0,False,False,2025-11-02|Philadelphia 76ers|Brooklyn Nets,,,,2025-11-02|Philadelphia 76ers|Brooklyn Nets,0.0009330635896243572,"[{""p_home_win"": 0.0009330635896243572, ""weight"": 1.0}]",-6.9761037041931875,,bradley_terry_hfa,0.0,-24.0
2025-11-02,Charlotte Hornets,Utah Jazz,126.0,103.0,False,False,2025-11-02|Utah Jazz|Charlotte Hornets,,,,2025-11-02|Utah Jazz|Charlotte Hornets,0.4033105308760525,"[{""p_home_win"": 0.4033105308760525, ""weight"": 1.0}]",-0.39169001253885194,,bradley_terry_hfa,1.0,23.0
2025-11-02,Cleveland Cavaliers,Atlanta Hawks,117.0,109.0,False,False,2025-11-02|Atlanta Hawks|Cleveland Cavaliers,,,,2025-11-02|Atlanta Hawks|Cleveland Cavaliers,0.4901777362874962,"[{""p_home_win"": 0.4901777362874962, ""weight"": 1.0}]",-0.039294110000316934,,bradley_terry_hfa,1.0,8.0
2025-11-02,Toronto Raptors,Memphis Grizzlies,117.0,104.0,False,False,2025-11-02|Memphis Grizzlies|Toronto Raptors,,,,2025-11-02|Memphis Grizzlies|Toronto Raptors,0.7109729916635684,"[{""p_home_win"": 0.7109729916635684, ""weight"": 1.0}]",0.9001143044760982,,bradley_terry_hfa,1.0,13.0
2025-11-02,New York Knicks,Chicago Bulls,128.0,116.0,False,False,2025-11-02|Chicago Bulls|New York Knicks,,,,2025-11-02|Chicago Bulls|New York Knicks,0.00274868824820907,"[{""p_home_win"": 0.00274868824820907, ""weight"": 1.0}]",-5.893879008927475,,bradley_terry_hfa,1.0,12.0
2025-11-02,Phoenix Suns,San Antonio Spurs,130.0,118.0,False,False,2025-11-02|San Antonio Spurs|Phoenix Suns,,,,2025-11-02|San Antonio Spurs|Phoenix Suns,0.001274952067336939,"[{""p_home_win"": 0.001274952067336939, ""weight"": 1.0}]",-6.663570929813769,,bradley_terry_hfa,1.0,12.0
2025-11-02,Los Angeles Lakers,Miami Heat,130.0,120.0,False,False,2025-11-02|Miami Heat|Los Angeles Lakers,,,,2025-11-02|Miami Heat|Los Angeles Lakers,0.4927903652656861,"[{""p_home_win"": 0.4927903652656861, ""weight"": 1.0}]",-0.02884053784475618,,bradley_terry_hfa,1.0,10.0
2025-11-03,Brooklyn Nets,Minnesota Timberwolves,109.0,125.0,False,False,2025-11-03|Minnesota Timberwolves|Brooklyn Nets,,,,2025-11-03|Minnesota Timberwolves|Brooklyn Nets,0.002621962056171125,"[{""p_home_win"": 0.002621962056171125, ""weight"": 1.0}]",-5.941206959657045,,bradley_terry_hfa,0.0,-16.0
2025-11-03,Indiana Pacers,Milwaukee Bucks,115.0,117.0,False,False,2025-11-03|Milwaukee Bucks|Indiana Pacers,,,,2025-11-03|Milwaukee Bucks|Indiana Pacers,0.1263781387754109,"[{""p_home_win"": 0.1263781387754109, ""weight"": 1.0}]",-1.9333691149445542,,bradley_terry_hfa,0.0,-2.0
2025-11-03,Boston Celtics,Utah Jazz,103.0,105.0,False,False,2025-11-03|Utah Jazz|Boston Celtics,,,,2025-11-03|Utah Jazz|Boston Celtics,0.8500198197652497,"[{""p_home_win"": 0.8500198197652497, ""weight"": 1.0}]",1.7347565129856442,,bradley_terry_hfa,0.0,-2.0
2025-11-03,New York Knicks,Washington Wizards,119.0,102.0,False,False,2025-11-03|Washington Wizards|New York Knicks,,,,2025-11-03|Washington Wizards|New York Knicks,0.970284507708823,"[{""p_home_win"": 0.970284507708823, ""weight"": 1.0}]",3.4859207996329964,,bradley_terry_hfa,1.0,17.0
2025-11-03,Houston Rockets,Dallas Mavericks,110.0,102.0,False,False,2025-11-03|Dallas Mavericks|Houston Rockets,,,,2025-11-03|Dallas Mavericks|Houston Rockets,0.9606447830022486,"[{""p_home_win"": 0.9606447830022486, ""weight"": 1.0}]",3.194976162533434,,bradley_terry_hfa,1.0,8.0
2025-11-03,Memphis Grizzlies,Detroit Pistons,106.0,114.0,False,False,2025-11-03|Detroit Pistons|Memphis Grizzlies,,,,2025-11-03|Detroit Pistons|Memphis Grizzlies,0.17028481176361557,"[{""p_home_win"": 0.17028481176361557, ""weight"": 1.0}]",-1.5836100966891355,,bradley_terry_hfa,0.0,-8.0
2025-11-03,Denver Nuggets,Sacramento Kings,130.0,124.0,False,False,2025-11-03|Sacramento Kings|Denver Nuggets,,,,2025-11-03|Sacramento Kings|Denver Nuggets,0.759486377021606,"[{""p_home_win"": 0.759486377021606, ""weight"": 1.0}]",1.1498656527604942,,bradley_terry_hfa,1.0,6.0
2025-11-03,Portland Trail Blazers,Los Angeles Lakers,115.0,123.0,False,False,2025-11-03|Los Angeles Lakers|Portland Trail Blazers,,,,2025-11-03|Los Angeles Lakers|Portland Trail Blazers,0.6043555879261319,"[{""p_home_win"": 0.6043555879261319, ""weight"": 1.0}]",0.4236468878900871,,bradley_terry_hfa,0.0,-8.0
2025-11-03,Los Angeles Clippers,Miami Heat,119.0,120.0,False,False,2025-11-03|Miami Heat|Los Angeles Clippers,,,,2025-11-03|Miami Heat|Los Angeles Clippers,0.5496052507322241,"[{""p_home_win"": 0.5496052507322241, ""weight"": 1.0}]",0.19907587577023467,,bradley_terry_hfa,0.0,-1.0
2025-11-04,Toronto Raptors,Milwaukee Bucks,128.0,100.0,False,False,2025-11-04|Milwaukee Bucks|Toronto Raptors,,,,2025-11-04|Milwaukee Bucks|Toronto Raptors,0.3661561290062166,"[{""p_home_win"": 0.3661561290062166, ""weight"": 1.0}]",-0.5487428394226803,,bradley_terry_hfa,1.0,28.0
2025-11-04,Atlanta Hawks,Orlando Magic,127.0,112.0,False,False,2025-11-04|Orlando Magic|Atlanta Hawks,,,,2025-11-04|Orlando Magic|Atlanta Hawks,0.5649091505652787,"[{""p_home_win"": 0.5649091505652787, ""weight"": 1.0}]",0.2611100641998497,,bradley_terry_hfa,1.0,15.0
2025-11-04,Chicago Bulls,Philadelphia 76ers,113.0,111.0,False,False,2025-11-04|Philadelphia 76ers|Chicago Bulls,,,,2025-11-04|Philadelphia 76ers|Chicago Bulls,0.8775705786508787,"[{""p_home_win"": 0.8775705786508787, ""weight"": 1.0}]",1.9696226719233307,,bradley_terry_hfa,1.0,2.0
2025-11-04,New Orleans Pelicans,Charlotte Hornets,116.0,112.0,False,False,2025-11-04|Charlotte Hornets|New Orleans Pelicans,,,,2025-11-04|Charlotte Hornets|New Orleans Pelicans,0.008728342518546374,"[{""p_home_win"": 0.008728342518546374, ""weight"": 1.0}]",-4.732413129960357,,bradley_terry_hfa,1.0,4.0
2025-11-04,Golden State Warriors,Phoenix Suns,118.0,107.0,False,False,2025-11-04|Phoenix Suns|Golden State Warriors,,,,2025-11-04|Phoenix Suns|Golden State Warriors,0.822032853434364,"[{""p_home_win"": 0.822032853434364, ""weight"": 1.0}]",1.530181398538206,,bradley_terry_hfa,1.0,11.0
2025-11-04,Los Angeles Clippers,Oklahoma City Thunder,107.0,126.0,False,False,2025-11-04|Oklahoma City Thunder|Los Angeles Clippers,,,,2025-11-04|Oklahoma City Thunder|Los Angeles Clippers,0.0033650700563568814,"[{""p_home_win"": 0.0033650700563568814, ""weight"": 1.0}]",-5.690935752338368,,bradley_terry_hfa,0.0,-19.0
2025-11-05,Cleveland Cavaliers,Philadelphia 76ers,132.0,121.0,False,False,2025-11-05|Philadelphia 76ers|Cleveland Cavaliers,,,,2025-11-05|Philadelphia 76ers|Cleveland Cavaliers,0.6752687509663073,"[{""p_home_win"": 0.6752687509663073, ""weight"": 1.0}]",0.7321128470241212,,bradley_terry_hfa,1.0,11.0
2025-11-05,Detroit Pistons,Utah Jazz,114.0,103.0,False,False,2025-11-05|Utah Jazz|Detroit Pistons,,,,2025-11-05|Utah Jazz|Detroit Pistons,0.9305211024672553,"[{""p_home_win"": 0.9305211024672553, ""weight"": 1.0}]",2.5947216806146907,,bradley_terry_hfa,1.0,11.0
2025-11-05,Indiana Pacers,Brooklyn Nets,103.0,112.0,False,False,2025-11-05|Brooklyn Nets|Indiana Pacers,,,,2025-11-05|Brooklyn Nets|Indiana Pacers,0.9952800416165608,"[{""p_home_win"": 0.9952800416165608, ""weight"": 1.0}]",5.351224163929548,,bradley_terry_hfa,0.0,-9.0
2025-11-05,Boston Celtics,Washington Wizards,136.0,107.0,False,False,2025-11-05|Washington Wizards|Boston Celtics,,,,2025-11-05|Washington Wizards|Boston Celtics,0.9267899568772445,"[{""p_home_win"": 0.9267899568772445, ""weight"": 1.0}]",2.538394343469848,,bradley_terry_hfa,1.0,29.0
2025-11-05,New York Knicks,Minnesota Timberwolves,137.0,114.0,False,False,2025-11-05|Minnesota Timberwolves|New York Knicks,,,,2025-11-05|Minnesota Timberwolves|New York Knicks,0.7753816789763184,"[{""p_home_win"": 0.7753816789763184, ""weight"": 1.0}]",1.2389527863561651,,bradley_terry_hfa,1.0,23.0
2025-11-05,Memphis Grizzlies,Houston Rockets,109.0,124.0,False,False,2025-11-05|Houston Rockets|Memphis Grizzlies,,,,2025-11-05|Houston Rockets|Memphis Grizzlies,0.1849960129857209,"[{""p_home_win"": 0.1849960129857209, ""weight"": 1.0}]",-1.482858731853403,,bradley_terry_hfa,0.0,-15.0
2025-11-05,Dallas Mavericks,New Orleans Pelicans,99.0,101.0,False,False,2025-11-05|New Orleans Pelicans|Dallas Mavericks,,,,2025-11-05|New Orleans Pelicans|Dallas Mavericks,0.8054704270434435,"[{""p_home_win"": 0.8054704270434435, ""weight"": 1.0}]",1.4208422906048561,,bradley_terry_hfa,0.0,-2.0
2025-11-05,Denver Nuggets,Miami Heat,122.0,112.0,False,False,2025-11-05|Miami Heat|Denver Nuggets,,,,2025-11-05|Miami Heat|Denver Nuggets,0.6833185222423708,"[{""p_home_win"": 0.6833185222423708, ""weight"": 1.0}]",0.7690646417632759,,bradley_terry_hfa,1.0,10.0
2025-11-05,Los Angeles Lakers,San Antonio Spurs,118.0,116.0,False,False,2025-11-05|San Antonio Spurs|Los Angeles Lakers,,,,2025-11-05|San Antonio Spurs|Los Angeles Lakers,0.7550300773893649,"[{""p_home_win"": 0.7550300773893649, ""weight"": 1.0}]",1.1256221479033817,,bradley_terry_hfa,1.0,2.0
2025-11-05,Portland Trail Blazers,Oklahoma City Thunder,121.0,119.0,False,False,2025-11-05|Oklahoma City Thunder|Portland Trail Blazers,,,,2025-11-05|Oklahoma City Thunder|Portland Trail Blazers,0.007177258035658612,"[{""p_home_win"": 0.007177258035658612, ""weight"": 1.0}]",-4.929634719584166,,bradley_terry_hfa,1.0,2.0
2025-11-05,Sacramento Kings,Golden State Warriors,121.0,116.0,False,False,2025-11-05|Golden State Warriors|Sacramento Kings,,,,2025-11-05|Golden State Warriors|Sacramento Kings,0.44891025985872723,"[{""p_home_win"": 0.44891025985872723, ""weight"": 1.0}]",-0.20507466257950646,,bradley_terry_hfa,1.0,5.0
2025-11-06,Phoenix Suns,Los Angeles Clippers,115.0,102.0,False,False,2025-11-06|Los Angeles Clippers|Phoenix Suns,,,,2025-11-06|Los Angeles Clippers|Phoenix Suns,0.6012074351733161,"[{""p_home_win"": 0.6012074351733161, ""weight"": 1.0}]",0.41049863097443107,,bradley_terry_hfa,1.0,13.0
2025-11-07,Orlando Magic,Boston Celtics,123.0,110.0,False,False,2025-11-07|Boston Celtics|Orlando Magic,,,,2025-11-07|Boston Celtics|Orlando Magic,0.6156653926506905,"[{""p_home_win"": 0.6156653926506905, ""weight"": 1.0}]",0.47119007573356997,,bradley_terry_hfa,1.0,13.0
2025-11-07,Washington Wizards,Cleveland Cavaliers,115.0,148.0,False,False,2025-11-07|Cleveland Cavaliers|Washington Wizards,,,,2025-11-07|Cleveland Cavaliers|Washington Wizards,0.05274080497116151,"[{""p_home_win"": 0.05274080497116151, ""weight"": 1.0}]",-2.888183313109826,,bradley_terry_hfa,0.0,-33.0
2025-11-07,Atlanta Hawks,Toronto Raptors,97.0,109.0,False,False,2025-11-07|Toronto Raptors|Atlanta Hawks,,,,2025-11-07|Toronto Raptors|Atlanta Hawks,0.6228894141555025,"[{""p_home_win"": 0.6228894141555025, ""weight"": 1.0}]",0.5018305220757828,,bradley_terry_hfa,0.0,-12.0
2025-11-07,Brooklyn Nets,Detroit Pistons,107.0,125.0,False,False,2025-11-07|Detroit Pistons|Brooklyn Nets,,,,2025-11-07|Detroit Pistons|Brooklyn Nets,0.02853605148275365,"[{""p_home_win"": 0.02853605148275365, ""weight"": 1.0}]",-3.527635906848597,,bradley_terry_hfa,0.0,-18.0
2025-11-07,San Antonio Spurs,Houston Rockets,121.0,110.0,False,False,2025-11-07|Houston Rockets|San Antonio Spurs,,,,2025-11-07|Houston Rockets|San Antonio Spurs,0.5088477774090469,"[{""p_home_win"": 0.5088477774090469, ""weight"": 1.0}]",0.03539480436781406,,bradley_terry_hfa,1.0,11.0
2025-11-07,Memphis Grizzlies,Dallas Mavericks,118.0,104.0,False,False,2025-11-07|Dallas Mavericks|Memphis Grizzlies,,,,2025-11-07|Dallas Mavericks|Memphis Grizzlies,0.9325555150048873,"[{""p_home_win"": 0.9325555150048873, ""weight"": 1.0}]",2.626623868294637,,bradley_terry_hfa,1.0,14.0
2025-11-07,Miami Heat,Charlotte Hornets,126.0,108.0,False,False,2025-11-07|Charlotte Hornets|Miami Heat,,,,2025-11-07|Charlotte Hornets|Miami Heat,0.9475114466010535,"[{""p_home_win"": 0.9475114466010535, ""weight"": 1.0}]",2.89324390239983,,bradley_terry_hfa,1.0,18.0
2025-11-07,Milwaukee Bucks,Chicago Bulls,126.0,110.0,False,False,2025-11-07|Chicago Bulls|Milwaukee Bucks,,,,2025-11-07|Chicago Bulls|Milwaukee Bucks,0.2542854524181234,"[{""p_home_win"": 0.2542854524181234, ""weight"": 1.0}]",-1.0758854185708269,,bradley_terry_hfa,1.0,16.0
2025-11-07,Minnesota Timberwolves,Utah Jazz,137.0,97.0,False,False,2025-11-07|Utah Jazz|Minnesota Timberwolves,,,,2025-11-07|Utah Jazz|Minnesota Timberwolves,0.844213901160529,"[{""p_home_win"": 0.844213901160529, ""weight"": 1.0}]",1.6899219948178414,,bradley_terry_hfa,1.0,40.0
2025-11-07,Denver Nuggets,Golden State Warriors,129.0,104.0,False,False,2025-11-07|Golden State Warriors|Denver Nuggets,,,,2025-11-07|Golden State Warriors|Denver Nuggets,0.8224228550911551,"[{""p_home_win"": 0.8224228550911551, ""weight"": 1.0}]",1.5328495513377653,,bradley_terry_hfa,1.0,25.0
2025-11-07,Sacramento Kings,Oklahoma City Thunder,101.0,132.0,False,False,2025-11-07|Oklahoma City Thunder|Sacramento Kings,,,,2025-11-07|Oklahoma City Thunder|Sacramento Kings,0.2558192487597835,"[{""p_home_win"": 0.2558192487597835, ""weight"": 1.0}]",-1.0678128149719819,,bradley_terry_hfa,0.0,-31.0
2025-11-08,Washington Wizards,Dallas Mavericks,105.0,111.0,False,False,2025-11-08|Dallas Mavericks|Washington Wizards,,,,2025-11-08|Dallas Mavericks|Washington Wizards,0.6705469413226565,"[{""p_home_win"": 0.6705469413226565, ""weight"": 1.0}]",0.7106598281913424,,bradley_terry_hfa,0.0,-6.0
2025-11-08,Philadelphia 76ers,Toronto Raptors,130.0,120.0,False,False,2025-11-08|Toronto Raptors|Philadelphia 76ers,,,,2025-11-08|Toronto Raptors|Philadelphia 76ers,0.552002849066358,"[{""p_home_win"": 0.552002849066358, ""weight"": 1.0}]",0.20876633474423067,,bradley_terry_hfa,1.0,10.0
2025-11-08,Atlanta Hawks,Los Angeles Lakers,122.0,102.0,False,False,2025-11-08|Los Angeles Lakers|Atlanta Hawks,,,,2025-11-08|Los Angeles Lakers|Atlanta Hawks,0.1517701064461263,"[{""p_home_win"": 0.1517701064461263, ""weight"": 1.0}]",-1.7207847816032529,,bradley_terry_hfa,1.0,20.0
2025-11-08,Cleveland Cavaliers,Chicago Bulls,128.0,122.0,False,False,2025-11-08|Chicago Bulls|Cleveland Cavaliers,,,,2025-11-08|Chicago Bulls|Cleveland Cavaliers,0.44505120320976715,"[{""p_home_win"": 0.44505120320976715, ""weight"": 1.0}]",-0.22068651251509275,,bradley_terry_hfa,1.0,6.0
2025-11-08,Miami Heat,Portland Trail Blazers,136.0,131.0,False,False,2025-11-08|Portland Trail Blazers|Miami Heat,,,,2025-11-08|Portland Trail Blazers|Miami Heat,0.5176583174510042,"[{""p_home_win"": 0.5176583174510042, ""weight"": 1.0}]",0.07066265792805826,,bradley_terry_hfa,1.0,5.0
2025-11-08,San Antonio Spurs,New Orleans Pelicans,126.0,119.0,False,False,2025-11-08|New Orleans Pelicans|San Antonio Spurs,,,,2025-11-08|New Orleans Pelicans|San Antonio Spurs,0.9784149176295515,"[{""p_home_win"": 0.9784149176295515, ""weight"": 1.0}]",3.813931386123779,,bradley_terry_hfa,1.0,7.0
2025-11-08,Denver Nuggets,Indiana Pacers,117.0,100.0,False,False,2025-11-08|Indiana Pacers|Denver Nuggets,,,,2025-11-08|Indiana Pacers|Denver Nuggets,0.9970795079577827,"[{""p_home_win"": 0.9970795079577827, ""weight"": 1.0}]",5.833078404288545,,bradley_terry_hfa,1.0,17.0
2025-11-08,Los Angeles Clippers,Phoenix Suns,103.0,114.0,False,False,2025-11-08|Phoenix Suns|Los Angeles Clippers,,,,2025-11-08|Phoenix Suns|Los Angeles Clippers,0.642010437817266,"[{""p_home_win"": 0.642010437817266, ""weight"": 1.0}]",0.5841007317786345,,bradley_terry_hfa,0.0,-11.0
2025-11-09,Milwaukee Bucks,Houston Rockets,115.0,122.0,False,False,2025-11-09|Houston Rockets|Milwaukee Bucks,,,,2025-11-09|Houston Rockets|Milwaukee Bucks,0.5555133904247853,"[{""p_home_win"": 0.5555133904247853, ""weight"": 1.0}]",0.2229727841542697,,bradley_terry_hfa,0.0,-7.0
2025-11-09,Memphis Grizzlies,Oklahoma City Thunder,100.0,114.0,False,False,2025-11-09|Oklahoma City Thunder|Memphis Grizzlies,,,,2025-11-09|Oklahoma City Thunder|Memphis Grizzlies,0.04815925293124495,"[{""p_home_win"": 0.04815925293124495, ""weight"": 1.0}]",-2.983884449652016,,bradley_terry_hfa,0.0,-14.0
2025-11-09,New York Knicks,Brooklyn Nets,134.0,98.0,False,False,2025-11-09|Brooklyn Nets|New York Knicks,,,,2025-11-09|Brooklyn Nets|New York Knicks,0.9867036953038769,"[{""p_home_win"": 0.9867036953038769, ""weight"": 1.0}]",4.3068836327444044,,bradley_terry_hfa,1.0,36.0
2025-11-09,Orlando Magic,Boston Celtics,107.0,111.0,False,False,2025-11-09|Boston Celtics|Orlando Magic,,,,2025-11-09|Boston Celtics|Orlando Magic,0.6326001728952168,"[{""p_home_win"": 0.6326001728952168, ""weight"": 1.0}]",0.5433878819907343,,bradley_terry_hfa,0.0,-4.0
2025-11-09,Philadelphia 76ers,Detroit Pistons,108.0,111.0,False,False,2025-11-09|Detroit Pistons|Philadelphia 76ers,,,,2025-11-09|Detroit Pistons|Philadelphia 76ers,0.34652815520138114,"[{""p_home_win"": 0.34652815520138114, ""weight"": 1.0}]",-0.6343353771095861,,bradley_terry_hfa,0.0,-3.0
2025-11-09,Golden State Warriors,Indiana Pacers,114.0,83.0,False,False,2025-11-09|Indiana Pacers|Golden State Warriors,,,,2025-11-09|Indiana Pacers|Golden State Warriors,0.983127904809709,"[{""p_home_win"": 0.983127904809709, ""weight"": 1.0}]",4.065078143408247,,bradley_terry_hfa,1.0,31.0
2025-11-09,Sacramento Kings,Minnesota Timberwolves,117.0,144.0,False,False,2025-11-09|Minnesota Timberwolves|Sacramento Kings,,,,2025-11-09|Minnesota Timberwolves|Sacramento Kings,0.5542427291007407,"[{""p_home_win"": 0.5542427291007407, ""weight"": 1.0}]",0.2178281617451538,,bradley_terry_hfa,0.0,-27.0
2025-11-10,Charlotte Hornets,Los Angeles Lakers,111.0,121.0,False,False,2025-11-10|Los Angeles Lakers|Charlotte Hornets,,,,2025-11-10|Los Angeles Lakers|Charlotte Hornets,0.029278204749117052,"[{""p_home_win"": 0.029278204749117052, ""weight"": 1.0}]",-3.5011965395934688,,bradley_terry_hfa,0.0,-10.0
2025-11-10,Detroit Pistons,Washington Wizards,137.0,135.0,False,False,2025-11-10|Washington Wizards|Detroit Pistons,,,,2025-11-10|Washington Wizards|Detroit Pistons,0.9975166396210526,"[{""p_home_win"": 0.9975166396210526, ""weight"": 1.0}]",5.99565619543393,,bradley_terry_hfa,1.0,2.0
2025-11-10,Orlando Magic,Portland Trail Blazers,115.0,112.0,False,False,2025-11-10|Portland Trail Blazers|Orlando Magic,,,,2025-11-10|Portland Trail Blazers|Orlando Magic,0.143264472596011,"[{""p_home_win"": 0.143264472596011, ""weight"": 1.0}]",-1.7884368873440522,,bradley_terry_hfa,1.0,3.0
2025-11-10,Miami Heat,Cleveland Cavaliers,140.0,138.0,False,False,2025-11-10|Cleveland Cavaliers|Miami Heat,,,,2025-11-10|Cleveland Cavaliers|Miami Heat,0.4357291845356367,"[{""p_home_win"": 0.4357291845356367, ""weight"": 1.0}]",-0.25851339153898634,,bradley_terry_hfa,1.0,2.0
2025-11-10,Chicago Bulls,San Antonio Spurs,117.0,121.0,False,False,2025-11-10|San Antonio Spurs|Chicago Bulls,,,,2025-11-10|San Antonio Spurs|Chicago Bulls,0.5298289536372485,"[{""p_home_win"": 0.5298289536372485, ""weight"": 1.0}]",0.11945766854203632,,bradley_terry_hfa,0.0,-4.0
2025-11-10,Dallas Mavericks,Milwaukee Bucks,114.0,116.0,False,False,2025-11-10|Milwaukee Bucks|Dallas Mavericks,,,,2025-11-10|Milwaukee Bucks|Dallas Mavericks,0.032499670921386274,"[{""p_home_win"": 0.032499670921386274, ""weight"": 1.0}]",-3.3934858012481914,,bradley_terry_hfa,0.0,-2.0
2025-11-10,Phoenix Suns,New Orleans Pelicans,121.0,98.0,False,False,2025-11-10|New Orleans Pelicans|Phoenix Suns,,,,2025-11-10|New Orleans Pelicans|Phoenix Suns,0.8356634167592641,"[{""p_home_win"": 0.8356634167592641, ""weight"": 1.0}]",1.6263092589911123,,bradley_terry_hfa,1.0,23.0
2025-11-10,Utah Jazz,Minnesota Timberwolves,113.0,120.0,False,False,2025-11-10|Minnesota Timberwolves|Utah Jazz,,,,2025-11-10|Minnesota Timberwolves|Utah Jazz,0.17220052257597437,"[{""p_home_win"": 0.17220052257597437, ""weight"": 1.0}]",-1.5701113213388356,,bradley_terry_hfa,0.0,-7.0
2025-11-10,Los Angeles Clippers,Atlanta Hawks,102.0,105.0,False,False,2025-11-10|Atlanta Hawks|Los Angeles Clippers,,,,2025-11-10|Atlanta Hawks|Los Angeles Clippers,0.2601925807842856,"[{""p_home_win"": 0.2601925807842856, ""weight"": 1.0}]",-1.0449678558653999,,bradley_terry_hfa,0.0,-3.0
2025-11-11,Brooklyn Nets,Toronto Raptors,109.0,119.0,False,False,2025-11-11|Toronto Raptors|Brooklyn Nets,,,,2025-11-11|Toronto Raptors|Brooklyn Nets,0.02178275298072501,"[{""p_home_win"": 0.02178275298072501, ""weight"": 1.0}]",-3.804613270333863,,bradley_terry_hfa,0.0,-10.0
2025-11-11,New York Knicks,Memphis Grizzlies,133.0,120.0,False,False,2025-11-11|Memphis Grizzlies|New York Knicks,,,,2025-11-11|Memphis Grizzlies|New York Knicks,0.8895284569368432,"[{""p_home_win"": 0.8895284569368432, ""weight"": 1.0}]",2.085933539702211,,bradley_terry_hfa,1.0,13.0
2025-11-11,Oklahoma City Thunder,Golden State Warriors,126.0,102.0,False,False,2025-11-11|Golden State Warriors|Oklahoma City Thunder,,,,2025-11-11|Golden State Warriors|Oklahoma City Thunder,0.9215342108008415,"[{""p_home_win"": 0.9215342108008415, ""weight"": 1.0}]",2.463377178126739,,bradley_terry_hfa,1.0,24.0
2025-11-11,Philadelphia 76ers,Boston Celtics,102.0,100.0,False,False,2025-11-11|Boston Celtics|Philadelphia 76ers,,,,2025-11-11|Boston Celtics|Philadelphia 76ers,0.5609410664776894,"[{""p_home_win"": 0.5609410664776894, ""weight"": 1.0}]",0.24498220017189704,,bradley_terry_hfa,1.0,2.0
2025-11-11,Utah Jazz,Indiana Pacers,152.0,128.0,False,False,2025-11-11|Indiana Pacers|Utah Jazz,,,,2025-11-11|Indiana Pacers|Utah Jazz,0.9157764061294605,"[{""p_home_win"": 0.9157764061294605, ""weight"": 1.0}]",2.3862971425300437,,bradley_terry_hfa,1.0,24.0
2025-11-11,Sacramento Kings,Denver Nuggets,108.0,122.0,False,False,2025-11-11|Denver Nuggets|Sacramento Kings,,,,2025-11-11|Denver Nuggets|Sacramento Kings,0.11284324186932056,"[{""p_home_win"": 0.11284324186932056, ""weight"": 1.0}]",-2.0620220796304265,,bradley_terry_hfa,0.0,-14.0
2025-11-12,Charlotte Hornets,Milwaukee Bucks,111.0,100.0,False,False,2025-11-12|Milwaukee Bucks|Charlotte Hornets,,,,2025-11-12|Milwaukee Bucks|Charlotte Hornets,0.04545834052555003,"[{""p_home_win"": 0.04545834052555003, ""weight"": 1.0}]",-3.044434973849974,,bradley_terry_hfa,1.0,11.0
2025-11-12,Detroit Pistons,Chicago Bulls,124.0,113.0,False,False,2025-11-12|Chicago Bulls|Detroit Pistons,,,,2025-11-12|Chicago Bulls|Detroit Pistons,0.6620314006748348,"[{""p_home_win"": 0.6620314006748348, ""weight"": 1.0}]",0.6723599980930748,,bradley_terry_hfa,1.0,11.0
2025-11-12,New York Knicks,Orlando Magic,107.0,124.0,False,False,2025-11-12|Orlando Magic|New York Knicks,,,,2025-11-12|Orlando Magic|New York Knicks,0.8299352301578905,"[{""p_home_win"": 0.8299352301578905, ""weight"": 1.0}]",1.5851682982315531,,bradley_terry_hfa,0.0,-17.0
2025-11-12,Boston Celtics,Memphis Grizzlies,131.0,95.0,False,False,2025-11-12|Memphis Grizzlies|Boston Celtics,,,,2025-11-12|Memphis Grizzlies|Boston Celtics,0.6554113759099891,"[{""p_home_win"": 0.6554113759099891, ""weight"": 1.0}]",0.6429117816936887,,bradley_terry_hfa,1.0,36.0
2025-11-12,Miami Heat,Cleveland Cavaliers,116.0,130.0,False,False,2025-11-12|Cleveland Cavaliers|Miami Heat,,,,2025-11-12|Cleveland Cavaliers|Miami Heat,0.5151344306964476,"[{""p_home_win"": 0.5151344306964476, ""weight"": 1.0}]",0.060556221256529597,,bradley_terry_hfa,0.0,-14.0
2025-11-12,Houston Rockets,Washington Wizards,135.0,112.0,False,False,2025-11-12|Washington Wizards|Houston Rockets,,,,2025-11-12|Washington Wizards|Houston Rockets,0.998061884972478,"[{""p_home_win"": 0.998061884972478, ""weight"": 1.0}]",6.244099417945788,,bradley_terry_hfa,1.0,23.0
2025-11-12,New Orleans Pelicans,Portland Trail Blazers,117.0,125.0,False,False,2025-11-12|Portland Trail Blazers|New Orleans Pelicans,,,,2025-11-12|Portland Trail Blazers|New Orleans Pelicans,0.042774488457187766,"[{""p_home_win"": 0.042774488457187766, ""weight"": 1.0}]",-3.1080971471520398,,bradley_terry_hfa,0.0,-8.0
2025-11-12,San Antonio Spurs,Golden State Warriors,120.0,125.0,False,False,2025-11-12|Golden State Warriors|San Antonio Spurs,,,,2025-11-12|Golden State Warriors|San Antonio Spurs,0.8598308433484402,"[{""p_home_win"": 0.8598308433484402, ""weight"": 1.0}]",1.8138857210745891,,bradley_terry_hfa,0.0,-5.0
2025-11-12,Dallas Mavericks,Phoenix Suns,114.0,123.0,False,False,2025-11-12|Phoenix Suns|Dallas Mavericks,,,,2025-11-12|Phoenix Suns|Dallas Mavericks,0.0588649792746678,"[{""p_home_win"": 0.0588649792746678, ""weight"": 1.0}]",-2.7718402812688883,,bradley_terry_hfa,0.0,-9.0
2025-11-12,Oklahoma City Thunder,Los Angeles Lakers,121.0,92.0,False,False,2025-11-12|Los Angeles Lakers|Oklahoma City Thunder,,,,2025-11-12|Los Angeles Lakers|Oklahoma City Thunder,0.7161399799033047,"[{""p_home_win"": 0.7161399799033047, ""weight"": 1.0}]",0.9253944208417164,,bradley_terry_hfa,1.0,29.0
2025-11-12,Sacramento Kings,Atlanta Hawks,100.0,133.0,False,False,2025-11-12|Atlanta Hawks|Sacramento Kings,,,,2025-11-12|Atlanta Hawks|Sacramento Kings,0.2809443908288561,"[{""p_home_win"": 0.2809443908288561, ""weight"": 1.0}]",-0.9397819447669089,,bradley_terry_hfa,0.0,-33.0
2025-11-12,Los Angeles Clippers,Denver Nuggets,116.0,130.0,False,False,2025-11-12|Denver Nuggets|Los Angeles Clippers,,,,2025-11-12|Denver Nuggets|Los Angeles Clippers,0.025589624020822505,"[{""p_home_win"": 0.025589624020822505, ""weight"": 1.0}]",-3.6396455878439236,,bradley_terry_hfa,0.0,-14.0
2025-11-13,Cleveland Cavaliers,Toronto Raptors,113.0,126.0,False,False,2025-11-13|Toronto Raptors|Cleveland Cavaliers,,,,2025-11-13|Toronto Raptors|Cleveland Cavaliers,0.5996645566290717,"[{""p_home_win"": 0.5996645566290717, ""weight"": 1.0}]",0.4040676224923634,,bradley_terry_hfa,0.0,-13.0
2025-11-13,Phoenix Suns,Indiana Pacers,133.0,98.0,False,False,2025-11-13|Indiana Pacers|Phoenix Suns,,,,2025-11-13|Indiana Pacers|Phoenix Suns,0.9637695015609407,"[{""p_home_win"": 0.9637695015609407, ""weight"": 1.0}]",3.280950897309713,,bradley_terry_hfa,1.0,35.0
2025-11-13,Utah Jazz,Atlanta Hawks,122.0,132.0,False,False,2025-11-13|Atlanta Hawks|Utah Jazz,,,,2025-11-13|Atlanta Hawks|Utah Jazz,0.06880313618531259,"[{""p_home_win"": 0.06880313618531259, ""weight"": 1.0}]",-2.605221381085683,,bradley_terry_hfa,0.0,-10.0
2025-11-14,New York Knicks,Miami Heat,140.0,132.0,False,False,2025-11-14|Miami Heat|New York Knicks,,,,2025-11-14|Miami Heat|New York Knicks,0.26776008851933564,"[{""p_home_win"": 0.26776008851933564, ""weight"": 1.0}]",-1.0060168206930005,,bradley_terry_hfa,1.0,8.0
2025-11-14,Orlando Magic,Brooklyn Nets,105.0,98.0,False,False,2025-11-14|Brooklyn Nets|Orlando Magic,,,,2025-11-14|Brooklyn Nets|Orlando Magic,0.9524576123770958,"[{""p_home_win"": 0.9524576123770958, ""weight"": 1.0}]",2.99742392044646,,bradley_terry_hfa,1.0,7.0
2025-11-14,Detroit Pistons,Philadelphia 76ers,114.0,105.0,False,False,2025-11-14|Philadelphia 76ers|Detroit Pistons,,,,2025-11-14|Philadelphia 76ers|Detroit Pistons,0.7807272971879364,"[{""p_home_win"": 0.7807272971879364, ""weight"": 1.0}]",1.2699097440358211,,bradley_terry_hfa,1.0,9.0
2025-11-14,Houston Rockets,Portland Trail Blazers,140.0,116.0,False,False,2025-11-14|Portland Trail Blazers|Houston Rockets,,,,2025-11-14|Portland Trail Blazers|Houston Rockets,0.641607537937565,"[{""p_home_win"": 0.641607537937565, ""weight"": 1.0}]",0.5823481564513666,,bradley_terry_hfa,1.0,24.0
2025-11-14,Milwaukee Bucks,Charlotte Hornets,147.0,134.0,False,False,2025-11-14|Charlotte Hornets|Milwaukee Bucks,,,,2025-11-14|Charlotte Hornets|Milwaukee Bucks,0.7938437393024219,"[{""p_home_win"": 0.7938437393024219, ""weight"": 1.0}]",1.3482522116792097,,bradley_terry_hfa,1.0,13.0
2025-11-14,Minnesota Timberwolves,Sacramento Kings,124.0,110.0,False,False,2025-11-14|Sacramento Kings|Minnesota Timberwolves,,,,2025-11-14|Sacramento Kings|Minnesota Timberwolves,0.7884954880707723,"[{""p_home_win"": 0.7884954880707723, ""weight"": 1.0}]",1.315880352961526,,bradley_terry_hfa,1.0,14.0
2025-11-14,New Orleans Pelicans,Los Angeles Lakers,104.0,118.0,False,False,2025-11-14|Los Angeles Lakers|New Orleans Pelicans,,,,2025-11-14|Los Angeles Lakers|New Orleans Pelicans,0.0047947055255067,"[{""p_home_win"": 0.0047947055255067, ""weight"": 1.0}]",-5.335436748356214,,bradley_terry_hfa,0.0,-14.0
2025-11-14,Dallas Mavericks,Los Angeles Clippers,127.0,133.0,False,False,2025-11-14|Los Angeles Clippers|Dallas Mavericks,,,,2025-11-14|Los Angeles Clippers|Dallas Mavericks,0.07781803125913428,"[{""p_home_win"": 0.07781803125913428, ""weight"": 1.0}]",-2.4723693985551902,,bradley_terry_hfa,0.0,-6.0
2025-11-14,San Antonio Spurs,Golden State Warriors,108.0,109.0,False,False,2025-11-14|Golden State Warriors|San Antonio Spurs,,,,2025-11-14|Golden State Warriors|San Antonio Spurs,0.5408885226619917,"[{""p_home_win"": 0.5408885226619917, ""weight"": 1.0}]",0.16392014909770802,,bradley_terry_hfa,0.0,-1.0
2025-11-15,Cleveland Cavaliers,Memphis Grizzlies,108.0,100.0,False,False,2025-11-15|Memphis Grizzlies|Cleveland Cavaliers,,,,2025-11-15|Memphis Grizzlies|Cleveland Cavaliers,0.8882706006742767,"[{""p_home_win"": 0.8882706006742767, ""weight"": 1.0}]",2.0731965566390023,,bradley_terry_hfa,1.0,8.0
2025-11-15,Charlotte Hornets,Oklahoma City Thunder,96.0,109.0,False,False,2025-11-15|Oklahoma City Thunder|Charlotte Hornets,,,,2025-11-15|Oklahoma City Thunder|Charlotte Hornets,0.0014804928726659173,"[{""p_home_win"": 0.0014804928726659173, ""weight"": 1.0}]",-6.513898634688971,,bradley_terry_hfa,0.0,-13.0
2025-11-15,Indiana Pacers,Toronto Raptors,111.0,129.0,False,False,2025-11-15|Toronto Raptors|Indiana Pacers,,,,2025-11-15|Toronto Raptors|Indiana Pacers,0.0015294476068279858,"[{""p_home_win"": 0.0015294476068279858, ""weight"": 1.0}]",-6.481318031652034,,bradley_terry_hfa,0.0,-18.0
2025-11-15,Milwaukee Bucks,Los Angeles Lakers,95.0,119.0,False,False,2025-11-15|Los Angeles Lakers|Milwaukee Bucks,,,,2025-11-15|Los Angeles Lakers|Milwaukee Bucks,0.07897520660135383,"[{""p_home_win"": 0.07897520660135383, ""weight"": 1.0}]",-2.456352993258763,,bradley_terry_hfa,0.0,-24.0
2025-11-15,Minnesota Timberwolves,Denver Nuggets,112.0,123.0,False,False,2025-11-15|Denver Nuggets|Minnesota Timberwolves,,,,2025-11-15|Denver Nuggets|Minnesota Timberwolves,0.11699979133281203,"[{""p_home_win"": 0.11699979133281203, ""weight"": 1.0}]",-2.0211532856041865,,bradley_terry_hfa,0.0,-11.0
2025-11-16,Boston Celtics,Los Angeles Clippers,121.0,118.0,False,False,2025-11-16|Los Angeles Clippers|Boston Celtics,,,,2025-11-16|Los Angeles Clippers|Boston Celtics,0.6705411766637842,"[{""p_home_win"": 0.6705411766637842, ""weight"": 1.0}]",0.7106337336931148,,bradley_terry_hfa,1.0,3.0
2025-11-16,San Antonio Spurs,Sacramento Kings,123.0,110.0,False,False,2025-11-16|Sacramento Kings|San Antonio Spurs,,,,2025-11-16|Sacramento Kings|San Antonio Spurs,0.7851057953594204,"[{""p_home_win"": 0.7851057953594204, ""weight"": 1.0}]",1.2956726442784716,,bradley_terry_hfa,1.0,13.0
2025-11-16,Washington Wizards,Brooklyn Nets,106.0,129.0,False,False,2025-11-16|Brooklyn Nets|Washington Wizards,,,,2025-11-16|Brooklyn Nets|Washington Wizards,0.09343907851182652,"[{""p_home_win"": 0.09343907851182652, ""weight"": 1.0}]",-2.2723485758941058,,bradley_terry_hfa,0.0,-23.0
2025-11-16,Houston Rockets,Orlando Magic,117.0,113.0,False,False,2025-11-16|Orlando Magic|Houston Rockets,,,,2025-11-16|Orlando Magic|Houston Rockets,0.823522891628988,"[{""p_home_win"": 0.823522891628988, ""weight"": 1.0}]",1.5404001768549538,,bradley_terry_hfa,1.0,4.0
2025-11-16,New Orleans Pelicans,Golden State Warriors,106.0,124.0,False,False,2025-11-16|Golden State Warriors|New Orleans Pelicans,,,,2025-11-16|Golden State Warriors|New Orleans Pelicans,0.006055008237422715,"[{""p_home_win"": 0.006055008237422715, ""weight"": 1.0}]",-5.100796127408868,,bradley_terry_hfa,0.0,-18.0
2025-11-16,Dallas Mavericks,Portland Trail Blazers,138.0,133.0,False,False,2025-11-16|Portland Trail Blazers|Dallas Mavericks,,,,2025-11-16|Portland Trail Blazers|Dallas Mavericks,0.0020395914116183435,"[{""p_home_win"": 0.0020395914116183435, ""weight"": 1.0}]",-6.192964105398095,,bradley_terry_hfa,1.0,5.0
2025-11-16,Phoenix Suns,Atlanta Hawks,122.0,124.0,False,False,2025-11-16|Atlanta Hawks|Phoenix Suns,,,,2025-11-16|Atlanta Hawks|Phoenix Suns,0.08666382354671753,"[{""p_home_win"": 0.08666382354671753, ""weight"": 1.0}]",-2.3550674870350825,,bradley_terry_hfa,0.0,-2.0
2025-11-16,Utah Jazz,Chicago Bulls,150.0,147.0,False,False,2025-11-16|Chicago Bulls|Utah Jazz,,,,2025-11-16|Chicago Bulls|Utah Jazz,0.025576753989869635,"[{""p_home_win"": 0.025576753989869635, ""weight"": 1.0}]",-3.64016186172368,,bradley_terry_hfa,1.0,3.0
2025-11-17,Cleveland Cavaliers,Milwaukee Bucks,118.0,106.0,False,False,2025-11-17|Milwaukee Bucks|Cleveland Cavaliers,,,,2025-11-17|Milwaukee Bucks|Cleveland Cavaliers,0.5947399781294724,"[{""p_home_win"": 0.5947399781294724, ""weight"": 1.0}]",0.3835954080773101,,bradley_terry_hfa,1.0,12.0
2025-11-17,Detroit Pistons,Indiana Pacers,127.0,112.0,False,False,2025-11-17|Indiana Pacers|Detroit Pistons,,,,2025-11-17|Indiana Pacers|Detroit Pistons,0.9987053059950138,"[{""p_home_win"": 0.9987053059950138, ""weight"": 1.0}]",6.648185368492036,,bradley_terry_hfa,1.0,15.0
2025-11-17,Philadelphia 76ers,Los Angeles Clippers,110.0,108.0,False,False,2025-11-17|Los Angeles Clippers|Philadelphia 76ers,,,,2025-11-17|Los Angeles Clippers|Philadelphia 76ers,0.8375216373382834,"[{""p_home_win"": 0.8375216373382834, ""weight"": 1.0}]",1.639902258940099,,bradley_terry_hfa,1.0,2.0
2025-11-17,Miami Heat,New York Knicks,115.0,113.0,False,False,2025-11-17|New York Knicks|Miami Heat,,,,2025-11-17|New York Knicks|Miami Heat,0.2920846319821379,"[{""p_home_win"": 0.2920846319821379, ""weight"": 1.0}]",-0.8852809540213664,,bradley_terry_hfa,1.0,2.0
2025-11-17,Toronto Raptors,Charlotte Hornets,110.0,108.0,False,False,2025-11-17|Charlotte Hornets|Toronto Raptors,,,,2025-11-17|Charlotte Hornets|Toronto Raptors,0.9282510867184461,"[{""p_home_win"": 0.9282510867184461, ""weight"": 1.0}]",2.5601295551505827,,bradley_terry_hfa,1.0,2.0
2025-11-17,Minnesota Timberwolves,Dallas Mavericks,120.0,96.0,False,False,2025-11-17|Dallas Mavericks|Minnesota Timberwolves,,,,2025-11-17|Dallas Mavericks|Minnesota Timberwolves,0.9818048751017002,"[{""p_home_win"": 0.9818048751017002, ""weight"": 1.0}]",3.9882388916145954,,bradley_terry_hfa,1.0,24.0
2025-11-17,New Orleans Pelicans,Oklahoma City Thunder,109.0,126.0,False,False,2025-11-17|Oklahoma City Thunder|New Orleans Pelicans,,,,2025-11-17|Oklahoma City Thunder|New Orleans Pelicans,0.00025769186213919597,"[{""p_home_win"": 0.00025769186213919597, ""weight"": 1.0}]",-8.263488294549877,,bradley_terry_hfa,0.0,-17.0
2025-11-17,Denver Nuggets,Chicago Bulls,127.0,130.0,False,False,2025-11-17|Chicago Bulls|Denver Nuggets,,,,2025-11-17|Chicago Bulls|Denver Nuggets,0.8105540336667687,"[{""p_home_win"": 0.8105540336667687, ""weight"": 1.0}]",1.4536141602519645,,bradley_terry_hfa,0.0,-3.0
2025-11-18,Orlando Magic,Golden State Warriors,121.0,113.0,False,False,2025-11-18|Golden State Warriors|Orlando Magic,,,,2025-11-18|Golden State Warriors|Orlando Magic,0.1243626364530277,"[{""p_home_win"": 0.1243626364530277, ""weight"": 1.0}]",-1.9517502515391505,,bradley_terry_hfa,1.0,8.0
2025-11-18,Atlanta Hawks,Detroit Pistons,112.0,120.0,False,False,2025-11-18|Detroit Pistons|Atlanta Hawks,,,,2025-11-18|Detroit Pistons|Atlanta Hawks,0.0731668189456395,"[{""p_home_win"": 0.0731668189456395, ""weight"": 1.0}]",-2.539031568552681,,bradley_terry_hfa,0.0,-8.0
2025-11-18,Brooklyn Nets,Boston Celtics,99.0,113.0,False,False,2025-11-18|Boston Celtics|Brooklyn Nets,,,,2025-11-18|Boston Celtics|Brooklyn Nets,0.015046010420715126,"[{""p_home_win"": 0.015046010420715126, ""weight"": 1.0}]",-4.181482061265884,,bradley_terry_hfa,0.0,-14.0
2025-11-18,San Antonio Spurs,Memphis Grizzlies,111.0,101.0,False,False,2025-11-18|Memphis Grizzlies|San Antonio Spurs,,,,2025-11-18|Memphis Grizzlies|San Antonio Spurs,0.8899256216743286,"[{""p_home_win"": 0.8899256216743286, ""weight"": 1.0}]",2.089981584189691,,bradley_terry_hfa,1.0,10.0
2025-11-18,Los Angeles Lakers,Utah Jazz,140.0,126.0,False,False,2025-11-18|Utah Jazz|Los Angeles Lakers,,,,2025-11-18|Utah Jazz|Los Angeles Lakers,0.949812856779496,"[{""p_home_win"": 0.949812856779496, ""weight"": 1.0}]",2.9405060895749715,,bradley_terry_hfa,1.0,14.0
2025-11-18,Portland Trail Blazers,Phoenix Suns,110.0,127.0,False,False,2025-11-18|Phoenix Suns|Portland Trail Blazers,,,,2025-11-18|Phoenix Suns|Portland Trail Blazers,0.5649344655274918,"[{""p_home_win"": 0.5649344655274918, ""weight"": 1.0}]",0.26121306050092197,,bradley_terry_hfa,0.0,-17.0
2025-11-19,Cleveland Cavaliers,Houston Rockets,104.0,114.0,False,False,2025-11-19|Houston Rockets|Cleveland Cavaliers,,,,2025-11-19|Houston Rockets|Cleveland Cavaliers,0.09188629252041512,"[{""p_home_win"": 0.09188629252041512, ""weight"": 1.0}]",-2.290817737495807,,bradley_terry_hfa,0.0,-10.0
2025-11-19,Indiana Pacers,Charlotte Hornets,127.0,118.0,False,False,2025-11-19|Charlotte Hornets|Indiana Pacers,,,,2025-11-19|Charlotte Hornets|Indiana Pacers,0.02272215383596452,"[{""p_home_win"": 0.02272215383596452, ""weight"": 1.0}]",-3.7614306102010575,,bradley_terry_hfa,1.0,9.0
2025-11-19,Philadelphia 76ers,Toronto Raptors,112.0,121.0,False,False,2025-11-19|Toronto Raptors|Philadelphia 76ers,,,,2025-11-19|Toronto Raptors|Philadelphia 76ers,0.20152870989534025,"[{""p_home_win"": 0.20152870989534025, ""weight"": 1.0}]",-1.3767671601168048,,bradley_terry_hfa,0.0,-9.0
2025-11-19,Miami Heat,Golden State Warriors,110.0,96.0,False,False,2025-11-19|Golden State Warriors|Miami Heat,,,,2025-11-19|Golden State Warriors|Miami Heat,0.27824697927068126,"[{""p_home_win"": 0.27824697927068126, ""weight"": 1.0}]",-0.953173869892439,,bradley_terry_hfa,1.0,14.0
2025-11-19,Minnesota Timberwolves,Washington Wizards,120.0,109.0,False,False,2025-11-19|Washington Wizards|Minnesota Timberwolves,,,,2025-11-19|Washington Wizards|Minnesota Timberwolves,0.99732167870997,"[{""p_home_win"": 0.99732167870997, ""weight"": 1.0}]",5.919883150627531,,bradley_terry_hfa,1.0,11.0
2025-11-19,New Orleans Pelicans,Denver Nuggets,118.0,125.0,False,False,2025-11-19|Denver Nuggets|New Orleans Pelicans,,,,2025-11-19|Denver Nuggets|New Orleans Pelicans,0.0010622357953041259,"[{""p_home_win"": 0.0010622357953041259, ""weight"": 1.0}]",-6.84631655096312,,bradley_terry_hfa,0.0,-7.0
2025-11-19,Oklahoma City Thunder,Sacramento Kings,113.0,99.0,False,False,2025-11-19|Sacramento Kings|Oklahoma City Thunder,,,,2025-11-19|Sacramento Kings|Oklahoma City Thunder,0.9885681859085531,"[{""p_home_win"": 0.9885681859085531, ""weight"": 1.0}]",4.459857441025146,,bradley_terry_hfa,1.0,14.0
2025-11-19,Dallas Mavericks,New York Knicks,111.0,113.0,False,False,2025-11-19|New York Knicks|Dallas Mavericks,,,,2025-11-19|New York Knicks|Dallas Mavericks,0.0027175225895274967,"[{""p_home_win"": 0.0027175225895274967, ""weight"": 1.0}]",-5.905313404632571,,bradley_terry_hfa,0.0,-2.0
2025-11-19,Portland Trail Blazers,Chicago Bulls,121.0,122.0,False,False,2025-11-19|Chicago Bulls|Portland Trail Blazers,,,,2025-11-19|Chicago Bulls|Portland Trail Blazers,0.0579621707877404,"[{""p_home_win"": 0.0579621707877404, ""weight"": 1.0}]",-2.7882548622137038,,bradley_terry_hfa,0.0,-1.0
2025-11-20,Orlando Magic,Los Angeles Clippers,129.0,101.0,False,False,2025-11-20|Los Angeles Clippers|Orlando Magic,,,,2025-11-20|Los Angeles Clippers|Orlando Magic,0.8343049064080952,"[{""p_home_win"": 0.8343049064080952, ""weight"": 1.0}]",1.6164496169521767,,bradley_terry_hfa,1.0,28.0
2025-11-20,Memphis Grizzlies,Sacramento Kings,137.0,96.0,False,False,2025-11-20|Sacramento Kings|Memphis Grizzlies,,,,2025-11-20|Sacramento Kings|Memphis Grizzlies,0.1887446439592302,"[{""p_home_win"": 0.1887446439592302, ""weight"": 1.0}]",-1.4581878588523478,,bradley_terry_hfa,1.0,41.0
2025-11-20,Milwaukee Bucks,Philadelphia 76ers,114.0,123.0,False,False,2025-11-20|Philadelphia 76ers|Milwaukee Bucks,,,,2025-11-20|Philadelphia 76ers|Milwaukee Bucks,0.1452542000800301,"[{""p_home_win"": 0.1452542000800301, ""weight"": 1.0}]",-1.7723188031686594,,bradley_terry_hfa,0.0,-9.0
2025-11-20,San Antonio Spurs,Atlanta Hawks,135.0,126.0,False,False,2025-11-20|Atlanta Hawks|San Antonio Spurs,,,,2025-11-20|Atlanta Hawks|San Antonio Spurs,0.22505196048871773,"[{""p_home_win"": 0.22505196048871773, ""weight"": 1.0}]",-1.2364646702654505,,bradley_terry_hfa,1.0,9.0
2025-11-21,Cleveland Cavaliers,Indiana Pacers,120.0,109.0,False,False,2025-11-21|Indiana Pacers|Cleveland Cavaliers,,,,2025-11-21|Indiana Pacers|Cleveland Cavaliers,0.9918566944307181,"[{""p_home_win"": 0.9918566944307181, ""weight"": 1.0}]",4.802382448415234,,bradley_terry_hfa,1.0,11.0
2025-11-21,Boston Celtics,Brooklyn Nets,105.0,113.0,False,False,2025-11-21|Brooklyn Nets|Boston Celtics,,,,2025-11-21|Brooklyn Nets|Boston Celtics,0.9448054827829455,"[{""p_home_win"": 0.9448054827829455, ""weight"": 1.0}]",2.8401154454092827,,bradley_terry_hfa,0.0,-8.0
2025-11-21,Toronto Raptors,Washington Wizards,140.0,110.0,False,False,2025-11-21|Washington Wizards|Toronto Raptors,,,,2025-11-21|Washington Wizards|Toronto Raptors,0.9994212106606251,"[{""p_home_win"": 0.9994212106606251, ""weight"": 1.0}]",7.453993024969054,,bradley_terry_hfa,1.0,30.0
2025-11-21,Chicago Bulls,Miami Heat,107.0,143.0,False,False,2025-11-21|Miami Heat|Chicago Bulls,,,,2025-11-21|Miami Heat|Chicago Bulls,0.38334829935476633,"[{""p_home_win"": 0.38334829935476633, ""weight"": 1.0}]",-0.47536038616369547,,bradley_terry_hfa,0.0,-36.0
2025-11-21,Dallas Mavericks,New Orleans Pelicans,118.0,115.0,False,False,2025-11-21|New Orleans Pelicans|Dallas Mavericks,,,,2025-11-21|New Orleans Pelicans|Dallas Mavericks,0.16821549430520835,"[{""p_home_win"": 0.16821549430520835, ""weight"": 1.0}]",-1.5983275380558646,,bradley_terry_hfa,1.0,3.0
2025-11-21,Phoenix Suns,Minnesota Timberwolves,114.0,113.0,False,False,2025-11-21|Minnesota Timberwolves|Phoenix Suns,,,,2025-11-21|Minnesota Timberwolves|Phoenix Suns,0.09255874420245705,"[{""p_home_win"": 0.09255874420245705, ""weight"": 1.0}]",-2.2827853167360734,,bradley_terry_hfa,1.0,1.0
2025-11-21,Houston Rockets,Denver Nuggets,109.0,112.0,False,False,2025-11-21|Denver Nuggets|Houston Rockets,,,,2025-11-21|Denver Nuggets|Houston Rockets,0.5671423271719956,"[{""p_home_win"": 0.5671423271719956, ""weight"": 1.0}]",0.2702013163655699,,bradley_terry_hfa,0.0,-3.0
2025-11-21,Golden State Warriors,Portland Trail Blazers,123.0,127.0,False,False,2025-11-21|Portland Trail Blazers|Golden State Warriors,,,,2025-11-21|Portland Trail Blazers|Golden State Warriors,0.4779814568128058,"[{""p_home_win"": 0.4779814568128058, ""weight"": 1.0}]",-0.08813117213848654,,bradley_terry_hfa,0.0,-4.0
2025-11-21,Utah Jazz,Oklahoma City Thunder,112.0,144.0,False,False,2025-11-21|Oklahoma City Thunder|Utah Jazz,,,,2025-11-21|Oklahoma City Thunder|Utah Jazz,0.000643872454757654,"[{""p_home_win"": 0.000643872454757654, ""weight"": 1.0}]",-7.347365823263635,,bradley_terry_hfa,0.0,-32.0
2025-11-22,Charlotte Hornets,Los Angeles Clippers,116.0,131.0,False,False,2025-11-22|Los Angeles Clippers|Charlotte Hornets,,,,2025-11-22|Los Angeles Clippers|Charlotte Hornets,0.09763527351444722,"[{""p_home_win"": 0.09763527351444722, ""weight"": 1.0}]",-2.2237799543360803,,bradley_terry_hfa,0.0,-15.0
2025-11-22,Orlando Magic,New York Knicks,133.0,121.0,False,False,2025-11-22|New York Knicks|Orlando Magic,,,,2025-11-22|New York Knicks|Orlando Magic,0.1019563059323135,"[{""p_home_win"": 0.1019563059323135, ""weight"": 1.0}]",-2.175674375915804,,bradley_terry_hfa,1.0,12.0
2025-11-22,New Orleans Pelicans,Atlanta Hawks,98.0,115.0,False,False,2025-11-22|Atlanta Hawks|New Orleans Pelicans,,,,2025-11-22|Atlanta Hawks|New Orleans Pelicans,0.0005545749490345978,"[{""p_home_win"": 0.0005545749490345978, ""weight"": 1.0}]",-7.496753866449309,,bradley_terry_hfa,0.0,-17.0
2025-11-22,Chicago Bulls,Washington Wizards,121.0,120.0,False,False,2025-11-22|Washington Wizards|Chicago Bulls,,,,2025-11-22|Washington Wizards|Chicago Bulls,0.998926659359345,"[{""p_home_win"": 0.998926659359345, ""weight"": 1.0}]",6.83590548297012,,bradley_terry_hfa,1.0,1.0
2025-11-22,Milwaukee Bucks,Detroit Pistons,116.0,129.0,False,False,2025-11-22|Detroit Pistons|Milwaukee Bucks,,,,2025-11-22|Detroit Pistons|Milwaukee Bucks,0.0018891435862291757,"[{""p_home_win"": 0.0018891435862291757, ""weight"": 1.0}]",-6.26974075131529,,bradley_terry_hfa,0.0,-13.0
2025-11-22,Dallas Mavericks,Memphis Grizzlies,96.0,102.0,False,False,2025-11-22|Memphis Grizzlies|Dallas Mavericks,,,,2025-11-22|Memphis Grizzlies|Dallas Mavericks,0.019181492485012868,"[{""p_home_win"": 0.019181492485012868, ""weight"": 1.0}]",-3.93444155374012,,bradley_terry_hfa,0.0,-6.0
2025-11-22,Denver Nuggets,Sacramento Kings,123.0,128.0,False,False,2025-11-22|Sacramento Kings|Denver Nuggets,,,,2025-11-22|Sacramento Kings|Denver Nuggets,0.9702641961804803,"[{""p_home_win"": 0.9702641961804803, ""weight"": 1.0}]",3.4852165660419194,,bradley_terry_hfa,0.0,-5.0
2025-11-23,Philadelphia 76ers,Miami Heat,117.0,127.0,False,False,2025-11-23|Miami Heat|Philadelphia 76ers,,,,2025-11-23|Miami Heat|Philadelphia 76ers,0.07113056464052064,"[{""p_home_win"": 0.07113056464052064, ""weight"": 1.0}]",-2.569451058865738,,bradley_terry_hfa,0.0,-10.0
2025-11-23,Atlanta Hawks,Charlotte Hornets,113.0,110.0,False,False,2025-11-23|Charlotte Hornets|Atlanta Hawks,,,,2025-11-23|Charlotte Hornets|Atlanta Hawks,0.9737948646683332,"[{""p_home_win"": 0.9737948646683332, ""weight"": 1.0}]",3.615245273651375,,bradley_terry_hfa,1.0,3.0
2025-11-23,Boston Celtics,Orlando Magic,138.0,129.0,False,False,2025-11-23|Orlando Magic|Boston Celtics,,,,2025-11-23|Orlando Magic|Boston Celtics,0.03835042216101413,"[{""p_home_win"": 0.03835042216101413, ""weight"": 1.0}]",-3.2218845842421864,,bradley_terry_hfa,1.0,9.0
2025-11-23,Cleveland Cavaliers,Los Angeles Clippers,120.0,105.0,False,False,2025-11-23|Los Angeles Clippers|Cleveland Cavaliers,,,,2025-11-23|Los Angeles Clippers|Cleveland Cavaliers,0.9099779473794898,"[{""p_home_win"": 0.9099779473794898, ""weight"": 1.0}]",2.31336569613603,,bradley_terry_hfa,1.0,15.0
2025-11-23,Toronto Raptors,Brooklyn Nets,119.0,109.0,False,False,2025-11-23|Brooklyn Nets|Toronto Raptors,,,,2025-11-23|Brooklyn Nets|Toronto Raptors,0.9694781665349068,"[{""p_home_win"": 0.9694781665349068, ""weight"": 1.0}]",3.4583156752652426,,bradley_terry_hfa,1.0,10.0
2025-11-23,Oklahoma City Thunder,Portland Trail Blazers,122.0,95.0,False,False,2025-11-23|Portland Trail Blazers|Oklahoma City Thunder,,,,2025-11-23|Portland Trail Blazers|Oklahoma City Thunder,0.9618447010482821,"[{""p_home_win"": 0.9618447010482821, ""weight"": 1.0}]",3.227188358310146,,bradley_terry_hfa,1.0,27.0
2025-11-23,Phoenix Suns,San Antonio Spurs,111.0,102.0,False,False,2025-11-23|San Antonio Spurs|Phoenix Suns,,,,2025-11-23|San Antonio Spurs|Phoenix Suns,0.020509136931518797,"[{""p_home_win"": 0.020509136931518797, ""weight"": 1.0}]",-3.866162418357939,,bradley_terry_hfa,1.0,9.0
2025-11-23,Utah Jazz,Los Angeles Lakers,106.0,108.0,False,False,2025-11-23|Los Angeles Lakers|Utah Jazz,,,,2025-11-23|Los Angeles Lakers|Utah Jazz,0.0014105688301364247,"[{""p_home_win"": 0.0014105688301364247, ""weight"": 1.0}]",-6.562350665698752,,bradley_terry_hfa,0.0,-2.0
2025-11-24,Indiana Pacers,Detroit Pistons,117.0,122.0,False,False,2025-11-24|Detroit Pistons|Indiana Pacers,,,,2025-11-24|Detroit Pistons|Indiana Pacers,1.0443948295278865e-05,"[{""p_home_win"": 1.0443948295278865e-05, ""weight"": 1.0}]",-11.469477413799503,,bradley_terry_hfa,0.0,-5.0
2025-11-24,Toronto Raptors,Cleveland Cavaliers,110.0,99.0,False,False,2025-11-24|Cleveland Cavaliers|Toronto Raptors,,,,2025-11-24|Cleveland Cavaliers|Toronto Raptors,0.12626688092042646,"[{""p_home_win"": 0.12626688092042646, ""weight"": 1.0}]",-1.9343772038029297,,bradley_terry_hfa,1.0,11.0
2025-11-24,Brooklyn Nets,New York Knicks,100.0,113.0,False,False,2025-11-24|New York Knicks|Brooklyn Nets,,,,2025-11-24|New York Knicks|Brooklyn Nets,0.0019054051173411685,"[{""p_home_win"": 0.0019054051173411685, ""weight"": 1.0}]",-6.261153410279926,,bradley_terry_hfa,0.0,-13.0
2025-11-24,Miami Heat,Dallas Mavericks,106.0,102.0,False,False,2025-11-24|Dallas Mavericks|Miami Heat,,,,2025-11-24|Dallas Mavericks|Miami Heat,0.9940805480672028,"[{""p_home_win"": 0.9940805480672028, ""weight"": 1.0}]",5.123574371955494,,bradley_terry_hfa,1.0,4.0
2025-11-24,Memphis Grizzlies,Denver Nuggets,115.0,125.0,False,False,2025-11-24|Denver Nuggets|Memphis Grizzlies,,,,2025-11-24|Denver Nuggets|Memphis Grizzlies,0.0029832166432190847,"[{""p_home_win"": 0.0029832166432190847, ""weight"": 1.0}]",-5.811765474829601,,bradley_terry_hfa,0.0,-10.0
2025-11-24,Milwaukee Bucks,Portland Trail Blazers,103.0,115.0,False,False,2025-11-24|Portland Trail Blazers|Milwaukee Bucks,,,,2025-11-24|Portland Trail Blazers|Milwaukee Bucks,0.07768450321823617,"[{""p_home_win"": 0.07768450321823617, ""weight"": 1.0}]",-2.4742315587214128,,bradley_terry_hfa,0.0,-12.0
2025-11-24,New Orleans Pelicans,Chicago Bulls,143.0,130.0,False,False,2025-11-24|Chicago Bulls|New Orleans Pelicans,,,,2025-11-24|Chicago Bulls|New Orleans Pelicans,0.00018931537882016758,"[{""p_home_win"": 0.00018931537882016758, ""weight"": 1.0}]",-8.57190692928183,,bradley_terry_hfa,1.0,13.0
2025-11-24,Phoenix Suns,Houston Rockets,92.0,114.0,False,False,2025-11-24|Houston Rockets|Phoenix Suns,,,,2025-11-24|Houston Rockets|Phoenix Suns,0.008876213970323508,"[{""p_home_win"": 0.008876213970323508, ""weight"": 1.0}]",-4.715464325355252,,bradley_terry_hfa,0.0,-22.0
2025-11-24,Golden State Warriors,Utah Jazz,134.0,117.0,False,False,2025-11-24|Utah Jazz|Golden State Warriors,,,,2025-11-24|Utah Jazz|Golden State Warriors,0.6422791075898352,"[{""p_home_win"": 0.6422791075898352, ""weight"": 1.0}]",0.5852699040476521,,bradley_terry_hfa,1.0,17.0
2025-11-24,Sacramento Kings,Minnesota Timberwolves,117.0,112.0,False,False,2025-11-24|Minnesota Timberwolves|Sacramento Kings,,,,2025-11-24|Minnesota Timberwolves|Sacramento Kings,0.0243497314210868,"[{""p_home_win"": 0.0243497314210868, ""weight"": 1.0}]",-3.6905833712900655,,bradley_terry_hfa,1.0,5.0
2025-11-25,Washington Wizards,Atlanta Hawks,132.0,113.0,False,False,2025-11-25|Atlanta Hawks|Washington Wizards,,,,2025-11-25|Atlanta Hawks|Washington Wizards,8.639145026853524e-06,"[{""p_home_win"": 8.639145026853524e-06, ""weight"": 1.0}]",-11.659198296087643,,bradley_terry_hfa,1.0,19.0
2025-11-25,Philadelphia 76ers,Orlando Magic,103.0,144.0,False,False,2025-11-25|Orlando Magic|Philadelphia 76ers,,,,2025-11-25|Orlando Magic|Philadelphia 76ers,0.12695725619567347,"[{""p_home_win"": 0.12695725619567347, ""weight"": 1.0}]",-1.928134052196826,,bradley_terry_hfa,0.0,-41.0
2025-11-25,Los Angeles Lakers,Los Angeles Clippers,135.0,118.0,False,False,2025-11-25|Los Angeles Clippers|Los Angeles Lakers,,,,2025-11-25|Los Angeles Clippers|Los Angeles Lakers,0.9762646160002301,"[{""p_home_win"": 0.9762646160002301, ""weight"": 1.0}]",3.7167667421151087,,bradley_terry_hfa,1.0,17.0
2025-11-26,Boston Celtics,Detroit Pistons,117.0,114.0,False,False,2025-11-26|Detroit Pistons|Boston Celtics,,,,2025-11-26|Detroit Pistons|Boston Celtics,0.0008829852059311676,"[{""p_home_win"": 0.0008829852059311676, ""weight"": 1.0}]",-7.031318736558511,,bradley_terry_hfa,1.0,3.0
2025-11-26,Charlotte Hornets,New York Knicks,101.0,129.0,False,False,2025-11-26|New York Knicks|Charlotte Hornets,,,,2025-11-26|New York Knicks|Charlotte Hornets,0.0007205533355449616,"[{""p_home_win"": 0.0007205533355449616, ""weight"": 1.0}]",-7.23477030646658,,bradley_terry_hfa,0.0,-28.0
2025-11-26,Miami Heat,Milwaukee Bucks,106.0,103.0,False,False,2025-11-26|Milwaukee Bucks|Miami Heat,,,,2025-11-26|Milwaukee Bucks|Miami Heat,0.8403284127017581,"[{""p_home_win"": 0.8403284127017581, ""weight"": 1.0}]",1.6606736565118085,,bradley_terry_hfa,1.0,3.0
2025-11-26,Oklahoma City Thunder,Minnesota Timberwolves,113.0,105.0,False,False,2025-11-26|Minnesota Timberwolves|Oklahoma City Thunder,,,,2025-11-26|Minnesota Timberwolves|Oklahoma City Thunder,0.9710630239572979,"[{""p_home_win"": 0.9710630239572979, ""weight"": 1.0}]",3.5132711472563782,,bradley_terry_hfa,1.0,8.0
2025-11-26,Toronto Raptors,Indiana Pacers,97.0,95.0,False,False,2025-11-26|Indiana Pacers|Toronto Raptors,,,,2025-11-26|Indiana Pacers|Toronto Raptors,0.9963126711084989,"[{""p_home_win"": 0.9963126711084989, ""weight"": 1.0}]",5.599158816851117,,bradley_terry_hfa,1.0,2.0
2025-11-26,New Orleans Pelicans,Memphis Grizzlies,128.0,133.0,False,False,2025-11-26|Memphis Grizzlies|New Orleans Pelicans,,,,2025-11-26|Memphis Grizzlies|New Orleans Pelicans,0.008575571685015429,"[{""p_home_win"": 0.008575571685015429, ""weight"": 1.0}]",-4.750225065867591,,bradley_terry_hfa,0.0,-5.0
2025-11-26,Golden State Warriors,Houston Rockets,100.0,104.0,False,False,2025-11-26|Houston Rockets|Golden State Warriors,,,,2025-11-26|Houston Rockets|Golden State Warriors,0.00412478220333049,"[{""p_home_win"": 0.00412478220333049, ""weight"": 1.0}]",-5.486608747199199,,bradley_terry_hfa,0.0,-4.0
2025-11-26,Portland Trail Blazers,San Antonio Spurs,102.0,115.0,False,False,2025-11-26|San Antonio Spurs|Portland Trail Blazers,,,,2025-11-26|San Antonio Spurs|Portland Trail Blazers,0.03462392212211548,"[{""p_home_win"": 0.03462392212211548, ""weight"": 1.0}]",-3.3279729094510717,,bradley_terry_hfa,0.0,-13.0
2025-11-26,Sacramento Kings,Phoenix Suns,100.0,112.0,False,False,2025-11-26|Phoenix Suns|Sacramento Kings,,,,2025-11-26|Phoenix Suns|Sacramento Kings,0.026382780545630726,"[{""p_home_win"": 0.026382780545630726, ""weight"": 1.0}]",-3.6083066826076635,,bradley_terry_hfa,0.0,-12.0
2025-11-28,Atlanta Hawks,Cleveland Cavaliers,130.0,123.0,False,False,2025-11-28|Cleveland Cavaliers|Atlanta Hawks,,,,2025-11-28|Cleveland Cavaliers|Atlanta Hawks,0.053876138205045554,"[{""p_home_win"": 0.053876138205045554, ""weight"": 1.0}]",-2.8656858176344557,,bradley_terry_hfa,1.0,7.0
2025-11-28,Brooklyn Nets,Philadelphia 76ers,103.0,115.0,False,False,2025-11-28|Philadelphia 76ers|Brooklyn Nets,,,,2025-11-28|Philadelphia 76ers|Brooklyn Nets,0.001909187097213643,"[{""p_home_win"": 0.001909187097213643, ""weight"": 1.0}]",-6.2591667191536775,,bradley_terry_hfa,0.0,-12.0
2025-11-28,Charlotte Hornets,Chicago Bulls,123.0,116.0,False,False,2025-11-28|Chicago Bulls|Charlotte Hornets,,,,2025-11-28|Chicago Bulls|Charlotte Hornets,0.0005487500677005231,"[{""p_home_win"": 0.0005487500677005231, ""weight"": 1.0}]",-7.507318569516526,,bradley_terry_hfa,1.0,7.0
2025-11-28,Detroit Pistons,Orlando Magic,109.0,112.0,False,False,2025-11-28|Orlando Magic|Detroit Pistons,,,,2025-11-28|Orlando Magic|Detroit Pistons,0.6818370969006445,"[{""p_home_win"": 0.6818370969006445, ""weight"": 1.0}]",0.7622272429521293,,bradley_terry_hfa,0.0,-3.0
2025-11-28,Indiana Pacers,Washington Wizards,119.0,86.0,False,False,2025-11-28|Washington Wizards|Indiana Pacers,,,,2025-11-28|Washington Wizards|Indiana Pacers,0.14197975708494553,"[{""p_home_win"": 0.14197975708494553, ""weight"": 1.0}]",-1.7989432006513324,,bradley_terry_hfa,1.0,33.0
2025-11-28,New York Knicks,Milwaukee Bucks,118.0,109.0,False,False,2025-11-28|Milwaukee Bucks|New York Knicks,,,,2025-11-28|Milwaukee Bucks|New York Knicks,0.5830460956868381,"[{""p_home_win"": 0.5830460956868381, ""weight"": 1.0}]",0.3352905751098936,,bradley_terry_hfa,1.0,9.0
2025-11-28,Denver Nuggets,San Antonio Spurs,136.0,139.0,False,False,2025-11-28|San Antonio Spurs|Denver Nuggets,,,,2025-11-28|San Antonio Spurs|Denver Nuggets,0.1837300757372765,"[{""p_home_win"": 0.1837300757372765, ""weight"": 1.0}]",-1.491277388950881,,bradley_terry_hfa,0.0,-3.0
2025-11-28,Oklahoma City Thunder,Phoenix Suns,123.0,119.0,False,False,2025-11-28|Phoenix Suns|Oklahoma City Thunder,,,,2025-11-28|Phoenix Suns|Oklahoma City Thunder,0.9490876689520653,"[{""p_home_win"": 0.9490876689520653, ""weight"": 1.0}]",2.9253960202030767,,bradley_terry_hfa,1.0,4.0
2025-11-28,Utah Jazz,Sacramento Kings,128.0,119.0,False,False,2025-11-28|Sacramento Kings|Utah Jazz,,,,2025-11-28|Sacramento Kings|Utah Jazz,0.044922998702213224,"[{""p_home_win"": 0.044922998702213224, ""weight"": 1.0}]",-3.0568420827142084,,bradley_terry_hfa,1.0,9.0
2025-11-28,Los Angeles Clippers,Memphis Grizzlies,107.0,112.0,False,False,2025-11-28|Memphis Grizzlies|Los Angeles Clippers,,,,2025-11-28|Memphis Grizzlies|Los Angeles Clippers,0.03406921379730119,"[{""p_home_win"": 0.03406921379730119, ""weight"": 1.0}]",-3.34469802644441,,bradley_terry_hfa,0.0,-5.0
2025-11-28,Los Angeles Lakers,Dallas Mavericks,129.0,119.0,False,False,2025-11-28|Dallas Mavericks|Los Angeles Lakers,,,,2025-11-28|Dallas Mavericks|Los Angeles Lakers,0.9967353569381746,"[{""p_home_win"": 0.9967353569381746, ""weight"": 1.0}]",5.721334861159311,,bradley_terry_hfa,1.0,10.0
2025-11-29,Minnesota Timberwolves,Boston Celtics,119.0,115.0,False,False,2025-11-29|Boston Celtics|Minnesota Timberwolves,,,,2025-11-29|Boston Celtics|Minnesota Timberwolves,0.0821752730435251,"[{""p_home_win"": 0.0821752730435251, ""weight"": 1.0}]",-2.413152000897165,,bradley_terry_hfa,1.0,4.0
2025-11-29,Charlotte Hornets,Toronto Raptors,118.0,111.0,False,False,2025-11-29|Toronto Raptors|Charlotte Hornets,,,,2025-11-29|Toronto Raptors|Charlotte Hornets,0.00018845508426203704,"[{""p_home_win"": 0.00018845508426203704, ""weight"": 1.0}]",-8.576462386402184,,bradley_terry_hfa,1.0,7.0
2025-11-29,Indiana Pacers,Chicago Bulls,103.0,101.0,False,False,2025-11-29|Chicago Bulls|Indiana Pacers,,,,2025-11-29|Chicago Bulls|Indiana Pacers,0.00039631659499178676,"[{""p_home_win"": 0.00039631659499178676, ""weight"": 1.0}]",-7.832900788673875,,bradley_terry_hfa,1.0,2.0
2025-11-29,Miami Heat,Detroit Pistons,135.0,138.0,False,False,2025-11-29|Detroit Pistons|Miami Heat,,,,2025-11-29|Detroit Pistons|Miami Heat,0.042988791190695826,"[{""p_home_win"": 0.042988791190695826, ""weight"": 1.0}]",-3.102875692099359,,bradley_terry_hfa,0.0,-3.0
2025-11-29,Milwaukee Bucks,Brooklyn Nets,116.0,99.0,False,False,2025-11-29|Brooklyn Nets|Milwaukee Bucks,,,,2025-11-29|Brooklyn Nets|Milwaukee Bucks,0.672777292947507,"[{""p_home_win"": 0.672777292947507, ""weight"": 1.0}]",0.720773357608322,,bradley_terry_hfa,1.0,17.0
2025-11-29,Golden State Warriors,New Orleans Pelicans,104.0,96.0,False,False,2025-11-29|New Orleans Pelicans|Golden State Warriors,,,,2025-11-29|New Orleans Pelicans|Golden State Warriors,0.9613518951368631,"[{""p_home_win"": 0.9613518951368631, ""weight"": 1.0}]",3.213842777409157,,bradley_terry_hfa,1.0,8.0
2025-11-29,Phoenix Suns,Denver Nuggets,112.0,130.0,False,False,2025-11-29|Denver Nuggets|Phoenix Suns,,,,2025-11-29|Denver Nuggets|Phoenix Suns,0.0117349880744569,"[{""p_home_win"": 0.0117349880744569, ""weight"": 1.0}]",-4.433376079409008,,bradley_terry_hfa,0.0,-18.0
2025-11-29,Los Angeles Clippers,Dallas Mavericks,110.0,114.0,False,False,2025-11-29|Dallas Mavericks|Los Angeles Clippers,,,,2025-11-29|Dallas Mavericks|Los Angeles Clippers,0.3617425982862841,"[{""p_home_win"": 0.3617425982862841, ""weight"": 1.0}]",-0.5678087484934,,bradley_terry_hfa,0.0,-4.0
2025-11-30,Utah Jazz,Houston Rockets,101.0,129.0,False,False,2025-11-30|Houston Rockets|Utah Jazz,,,,2025-11-30|Houston Rockets|Utah Jazz,4.5673489081258384e-05,"[{""p_home_win"": 4.5673489081258384e-05, ""weight"": 1.0}]",-9.99394686149061,,bradley_terry_hfa,0.0,-28.0
2025-11-30,Cleveland Cavaliers,Boston Celtics,115.0,117.0,False,False,2025-11-30|Boston Celtics|Cleveland Cavaliers,,,,2025-11-30|Boston Celtics|Cleveland Cavaliers,0.24788807943006597,"[{""p_home_win"": 0.24788807943006597, ""weight"": 1.0}]",-1.1099077917396802,,bradley_terry_hfa,0.0,-2.0
2025-11-30,New York Knicks,Toronto Raptors,116.0,94.0,False,False,2025-11-30|Toronto Raptors|New York Knicks,,,,2025-11-30|Toronto Raptors|New York Knicks,0.07031557805772173,"[{""p_home_win"": 0.07031557805772173, ""weight"": 1.0}]",-2.5818518290550716,,bradley_terry_hfa,1.0,22.0
2025-11-30,Philadelphia 76ers,Atlanta Hawks,134.0,142.0,False,False,2025-11-30|Atlanta Hawks|Philadelphia 76ers,,,,2025-11-30|Atlanta Hawks|Philadelphia 76ers,0.021328214798953433,"[{""p_home_win"": 0.021328214798953433, ""weight"": 1.0}]",-3.8261654965582954,,bradley_terry_hfa,0.0,-8.0
2025-11-30,Portland Trail Blazers,Oklahoma City Thunder,115.0,123.0,False,False,2025-11-30|Oklahoma City Thunder|Portland Trail Blazers,,,,2025-11-30|Oklahoma City Thunder|Portland Trail Blazers,0.00015936373651109244,"[{""p_home_win"": 0.00015936373651109244, ""weight"": 1.0}]",-8.744161940984345,,bradley_terry_hfa,0.0,-8.0
2025-11-30,Minnesota Timberwolves,San Antonio Spurs,125.0,112.0,False,False,2025-11-30|San Antonio Spurs|Minnesota Timberwolves,,,,2025-11-30|San Antonio Spurs|Minnesota Timberwolves,0.005153115863691932,"[{""p_home_win"": 0.005153115863691932, ""weight"": 1.0}]",-5.2629872862272125,,bradley_terry_hfa,1.0,13.0
2025-11-30,Sacramento Kings,Memphis Grizzlies,107.0,115.0,False,False,2025-11-30|Memphis Grizzlies|Sacramento Kings,,,,2025-11-30|Memphis Grizzlies|Sacramento Kings,0.02359231221552292,"[{""p_home_win"": 0.02359231221552292, ""weight"": 1.0}]",-3.7229593067064757,,bradley_terry_hfa,0.0,-8.0
2025-11-30,Los Angeles Lakers,New Orleans Pelicans,133.0,121.0,False,False,2025-11-30|New Orleans Pelicans|Los Angeles Lakers,,,,2025-11-30|New Orleans Pelicans|Los Angeles Lakers,0.998873458729486,"[{""p_home_win"": 0.998873458729486, ""weight"": 1.0}]",6.787475986414676,,bradley_terry_hfa,1.0,12.0
2025-12-01,Detroit Pistons,Atlanta Hawks,99.0,98.0,False,False,2025-12-01|Atlanta Hawks|Detroit Pistons,,,,2025-12-01|Atlanta Hawks|Detroit Pistons,0.4797354311677172,"[{""p_home_win"": 0.4797354311677172, ""weight"": 1.0}]",-0.0811027015272292,,bradley_terry_hfa,1.0,1.0
2025-12-01,Indiana Pacers,Cleveland Cavaliers,119.0,135.0,False,False,2025-12-01|Cleveland Cavaliers|Indiana Pacers,,,,2025-12-01|Cleveland Cavaliers|Indiana Pacers,0.00026770771730707203,"[{""p_home_win"": 0.00026770771730707203, ""weight"": 1.0}]",-8.225347036103802,,bradley_terry_hfa,0.0,-16.0
2025-12-01,Washington Wizards,Milwaukee Bucks,129.0,126.0,False,False,2025-12-01|Milwaukee Bucks|Washington Wizards,,,,2025-12-01|Milwaukee Bucks|Washington Wizards,0.00023116828415823342,"[{""p_home_win"": 0.00023116828415823342, ""weight"": 1.0}]",-8.372133414814716,,bradley_terry_hfa,1.0,3.0
2025-12-01,Brooklyn Nets,Charlotte Hornets,116.0,103.0,False,False,2025-12-01|Charlotte Hornets|Brooklyn Nets,,,,2025-12-01|Charlotte Hornets|Brooklyn Nets,0.016336459393054396,"[{""p_home_win"": 0.016336459393054396, ""weight"": 1.0}]",-4.097884525762262,,bradley_terry_hfa,1.0,13.0
2025-12-01,Miami Heat,Los Angeles Clippers,140.0,123.0,False,False,2025-12-01|Los Angeles Clippers|Miami Heat,,,,2025-12-01|Los Angeles Clippers|Miami Heat,0.9781326208046959,"[{""p_home_win"": 0.9781326208046959, ""weight"": 1.0}]",3.800649273034037,,bradley_terry_hfa,1.0,17.0
2025-12-01,Orlando Magic,Chicago Bulls,125.0,120.0,False,False,2025-12-01|Chicago Bulls|Orlando Magic,,,,2025-12-01|Chicago Bulls|Orlando Magic,0.4475686200012758,"[{""p_home_win"": 0.4475686200012758, ""weight"": 1.0}]",-0.2104993598368421,,bradley_terry_hfa,1.0,5.0
2025-12-01,Denver Nuggets,Dallas Mavericks,121.0,131.0,False,False,2025-12-01|Dallas Mavericks|Denver Nuggets,,,,2025-12-01|Dallas Mavericks|Denver Nuggets,0.9948739254573874,"[{""p_home_win"": 0.9948739254573874, ""weight"": 1.0}]",5.268275851148706,,bradley_terry_hfa,0.0,-10.0
2025-12-01,Utah Jazz,Houston Rockets,133.0,125.0,False,False,2025-12-01|Houston Rockets|Utah Jazz,,,,2025-12-01|Houston Rockets|Utah Jazz,3.246929528863236e-05,"[{""p_home_win"": 3.246929528863236e-05, ""weight"": 1.0}]",-10.335183205723276,,bradley_terry_hfa,1.0,8.0
2025-12-01,Los Angeles Lakers,Phoenix Suns,108.0,125.0,False,False,2025-12-01|Phoenix Suns|Los Angeles Lakers,,,,2025-12-01|Phoenix Suns|Los Angeles Lakers,0.7604882918175611,"[{""p_home_win"": 0.7604882918175611, ""weight"": 1.0}]",1.1553584146108702,,bradley_terry_hfa,0.0,-17.0
2025-12-02,Philadelphia 76ers,Washington Wizards,121.0,102.0,False,False,2025-12-02|Washington Wizards|Philadelphia 76ers,,,,2025-12-02|Washington Wizards|Philadelphia 76ers,0.9542992832270007,"[{""p_home_win"": 0.9542992832270007, ""weight"": 1.0}]",3.0388633542368693,,bradley_terry_hfa,1.0,19.0
2025-12-02,Toronto Raptors,Portland Trail Blazers,121.0,118.0,False,False,2025-12-02|Portland Trail Blazers|Toronto Raptors,,,,2025-12-02|Portland Trail Blazers|Toronto Raptors,0.1592304351642454,"[{""p_home_win"": 0.1592304351642454, ""weight"": 1.0}]",-1.6639651902499983,,bradley_terry_hfa,1.0,3.0
2025-12-02,Boston Celtics,New York Knicks,123.0,117.0,False,False,2025-12-02|New York Knicks|Boston Celtics,,,,2025-12-02|New York Knicks|Boston Celtics,0.007391535653311452,"[{""p_home_win"": 0.007391535653311452, ""weight"": 1.0}]",-4.900000775663793,,bradley_terry_hfa,1.0,6.0
2025-12-02,New Orleans Pelicans,Minnesota Timberwolves,142.0,149.0,False,False,2025-12-02|Minnesota Timberwolves|New Orleans Pelicans,,,,2025-12-02|Minnesota Timberwolves|New Orleans Pelicans,6.048558564164046e-05,"[{""p_home_win"": 6.048558564164046e-05, ""weight"": 1.0}]",-9.713044987756652,,bradley_terry_hfa,0.0,-7.0
2025-12-02,San Antonio Spurs,Memphis Grizzlies,126.0,119.0,False,False,2025-12-02|Memphis Grizzlies|San Antonio Spurs,,,,2025-12-02|Memphis Grizzlies|San Antonio Spurs,0.7881925894705439,"[{""p_home_win"": 0.7881925894705439, ""weight"": 1.0}]",1.314065041987046,,bradley_terry_hfa,1.0,7.0
2025-12-02,Golden State Warriors,Oklahoma City Thunder,112.0,124.0,False,False,2025-12-02|Oklahoma City Thunder|Golden State Warriors,,,,2025-12-02|Oklahoma City Thunder|Golden State Warriors,6.416339850375136e-05,"[{""p_home_win"": 6.416339850375136e-05, ""weight"": 1.0}]",-9.654013461153651,,bradley_terry_hfa,0.0,-12.0
2025-12-03,Cleveland Cavaliers,Portland Trail Blazers,110.0,122.0,False,False,2025-12-03|Portland Trail Blazers|Cleveland Cavaliers,,,,2025-12-03|Portland Trail Blazers|Cleveland Cavaliers,0.1400029139289376,"[{""p_home_win"": 0.1400029139289376, ""weight"": 1.0}]",-1.8152657647815245,,bradley_terry_hfa,0.0,-12.0
2025-12-03,Indiana Pacers,Denver Nuggets,120.0,135.0,False,False,2025-12-03|Denver Nuggets|Indiana Pacers,,,,2025-12-03|Denver Nuggets|Indiana Pacers,2.346612274659554e-05,"[{""p_home_win"": 2.346612274659554e-05, ""weight"": 1.0}]",-10.659929295751052,,bradley_terry_hfa,0.0,-15.0
2025-12-03,Orlando Magic,San Antonio Spurs,112.0,114.0,False,False,2025-12-03|San Antonio Spurs|Orlando Magic,,,,2025-12-03|San Antonio Spurs|Orlando Magic,0.024078521760724902,"[{""p_home_win"": 0.024078521760724902, ""weight"": 1.0}]",-3.7020619006708695,,bradley_terry_hfa,0.0,-2.0
2025-12-03,Atlanta Hawks,Los Angeles Clippers,92.0,115.0,False,False,2025-12-03|Los Angeles Clippers|Atlanta Hawks,,,,2025-12-03|Los Angeles Clippers|Atlanta Hawks,0.9468025037761008,"[{""p_home_win"": 0.9468025037761008, ""weight"": 1.0}]",2.8790791903182438,,bradley_terry_hfa,0.0,-23.0
2025-12-03,New York Knicks,Charlotte Hornets,119.0,104.0,False,False,2025-12-03|Charlotte Hornets|New York Knicks,,,,2025-12-03|Charlotte Hornets|New York Knicks,0.9579205257858173,"[{""p_home_win"": 0.9579205257858173, ""weight"": 1.0}]",3.1252047426184104,,bradley_terry_hfa,1.0,15.0
2025-12-03,Chicago Bulls,Brooklyn Nets,103.0,113.0,False,False,2025-12-03|Brooklyn Nets|Chicago Bulls,,,,2025-12-03|Brooklyn Nets|Chicago Bulls,0.7880451133337619,"[{""p_home_win"": 0.7880451133337619, ""weight"": 1.0}]",1.3131818853597048,,bradley_terry_hfa,0.0,-10.0
2025-12-03,Houston Rockets,Sacramento Kings,121.0,95.0,False,False,2025-12-03|Sacramento Kings|Houston Rockets,,,,2025-12-03|Sacramento Kings|Houston Rockets,0.9951344561564335,"[{""p_home_win"": 0.9951344561564335, ""weight"": 1.0}]",5.320699363493084,,bradley_terry_hfa,1.0,26.0
2025-12-03,Milwaukee Bucks,Detroit Pistons,113.0,109.0,False,False,2025-12-03|Detroit Pistons|Milwaukee Bucks,,,,2025-12-03|Detroit Pistons|Milwaukee Bucks,5.998084881563424e-05,"[{""p_home_win"": 5.998084881563424e-05, ""weight"": 1.0}]",-9.721425250451354,,bradley_terry_hfa,1.0,4.0
2025-12-03,Dallas Mavericks,Miami Heat,118.0,108.0,False,False,2025-12-03|Miami Heat|Dallas Mavericks,,,,2025-12-03|Miami Heat|Dallas Mavericks,8.182707345627969e-05,"[{""p_home_win"": 8.182707345627969e-05, ""weight"": 1.0}]",-9.41082056734487,,bradley_terry_hfa,1.0,10.0
2025-12-04,Philadelphia 76ers,Golden State Warriors,99.0,98.0,False,False,2025-12-04|Golden State Warriors|Philadelphia 76ers,,,,2025-12-04|Golden State Warriors|Philadelphia 76ers,0.01753014539100588,"[{""p_home_win"": 0.01753014539100588, ""weight"": 1.0}]",-4.026147668202674,,bradley_terry_hfa,1.0,1.0
2025-12-04,Washington Wizards,Boston Celtics,101.0,146.0,False,False,2025-12-04|Boston Celtics|Washington Wizards,,,,2025-12-04|Boston Celtics|Washington Wizards,2.5155540719877482e-05,"[{""p_home_win"": 2.5155540719877482e-05, ""weight"": 1.0}]",-10.590407222872035,,bradley_terry_hfa,0.0,-45.0
2025-12-04,Brooklyn Nets,Utah Jazz,110.0,123.0,False,False,2025-12-04|Utah Jazz|Brooklyn Nets,,,,2025-12-04|Utah Jazz|Brooklyn Nets,0.0031022060238507622,"[{""p_home_win"": 0.0031022060238507622, ""weight"": 1.0}]",-5.7725347721361775,,bradley_terry_hfa,0.0,-13.0
2025-12-04,Toronto Raptors,Los Angeles Lakers,120.0,123.0,False,False,2025-12-04|Los Angeles Lakers|Toronto Raptors,,,,2025-12-04|Los Angeles Lakers|Toronto Raptors,0.0049356179608975054,"[{""p_home_win"": 0.0049356179608975054, ""weight"": 1.0}]",-5.306329555546124,,bradley_terry_hfa,0.0,-3.0
2025-12-04,New Orleans Pelicans,Minnesota Timberwolves,116.0,125.0,False,False,2025-12-04|Minnesota Timberwolves|New Orleans Pelicans,,,,2025-12-04|Minnesota Timberwolves|New Orleans Pelicans,2.1020308109819995e-05,"[{""p_home_win"": 2.1020308109819995e-05, ""weight"": 1.0}]",-10.770000514157605,,bradley_terry_hfa,0.0,-9.0
2025-12-05,Boston Celtics,Los Angeles Lakers,126.0,105.0,False,False,2025-12-05|Los Angeles Lakers|Boston Celtics,,,,2025-12-05|Los Angeles Lakers|Boston Celtics,0.0007728737641716916,"[{""p_home_win"": 0.0007728737641716916, ""weight"": 1.0}]",-7.164621656503274,,bradley_terry_hfa,1.0,21.0
2025-12-05,Orlando Magic,Miami Heat,106.0,105.0,False,False,2025-12-05|Miami Heat|Orlando Magic,,,,2025-12-05|Miami Heat|Orlando Magic,0.021866397704900866,"[{""p_home_win"": 0.021866397704900866, ""weight"": 1.0}]",-3.8006951612430067,,bradley_terry_hfa,1.0,1.0
2025-12-05,Atlanta Hawks,Denver Nuggets,133.0,134.0,False,False,2025-12-05|Denver Nuggets|Atlanta Hawks,,,,2025-12-05|Denver Nuggets|Atlanta Hawks,0.006119992983596045,"[{""p_home_win"": 0.006119992983596045, ""weight"": 1.0}]",-5.090055532029993,,bradley_terry_hfa,0.0,-1.0
2025-12-05,Cleveland Cavaliers,San Antonio Spurs,130.0,117.0,False,False,2025-12-05|San Antonio Spurs|Cleveland Cavaliers,,,,2025-12-05|San Antonio Spurs|Cleveland Cavaliers,0.0011249362755614617,"[{""p_home_win"": 0.0011249362755614617, ""weight"": 1.0}]",-6.788903319384147,,bradley_terry_hfa,1.0,13.0
2025-12-05,Detroit Pistons,Portland Trail Blazers,122.0,116.0,False,False,2025-12-05|Portland Trail Blazers|Detroit Pistons,,,,2025-12-05|Portland Trail Blazers|Detroit Pistons,0.6641672532685549,"[{""p_home_win"": 0.6641672532685549, ""weight"": 1.0}]",0.6819207467649298,,bradley_terry_hfa,1.0,6.0
2025-12-05,New York Knicks,Utah Jazz,146.0,112.0,False,False,2025-12-05|Utah Jazz|New York Knicks,,,,2025-12-05|Utah Jazz|New York Knicks,0.5980568420247423,"[{""p_home_win"": 0.5980568420247423, ""weight"": 1.0}]",0.3973751224365367,,bradley_terry_hfa,1.0,34.0
2025-12-05,Toronto Raptors,Charlotte Hornets,86.0,111.0,False,False,2025-12-05|Charlotte Hornets|Toronto Raptors,,,,2025-12-05|Charlotte Hornets|Toronto Raptors,0.9317325540855929,"[{""p_home_win"": 0.9317325540855929, ""weight"": 1.0}]",2.6136127951753902,,bradley_terry_hfa,0.0,-25.0
2025-12-05,Chicago Bulls,Indiana Pacers,105.0,120.0,False,False,2025-12-05|Indiana Pacers|Chicago Bulls,,,,2025-12-05|Indiana Pacers|Chicago Bulls,0.6938123859477147,"[{""p_home_win"": 0.6938123859477147, ""weight"": 1.0}]",0.8180035548176026,,bradley_terry_hfa,0.0,-15.0
2025-12-05,Houston Rockets,Phoenix Suns,117.0,98.0,False,False,2025-12-05|Phoenix Suns|Houston Rockets,,,,2025-12-05|Phoenix Suns|Houston Rockets,0.6118174565546306,"[{""p_home_win"": 0.6118174565546306, ""weight"": 1.0}]",0.45495826263337147,,bradley_terry_hfa,1.0,19.0
2025-12-05,Memphis Grizzlies,Los Angeles Clippers,107.0,98.0,False,False,2025-12-05|Los Angeles Clippers|Memphis Grizzlies,,,,2025-12-05|Los Angeles Clippers|Memphis Grizzlies,0.2650400858527154,"[{""p_home_win"": 0.2650400858527154, ""weight"": 1.0}]",-1.0199348772352268,,bradley_terry_hfa,1.0,9.0
2025-12-05,Milwaukee Bucks,Philadelphia 76ers,101.0,116.0,False,False,2025-12-05|Philadelphia 76ers|Milwaukee Bucks,,,,2025-12-05|Philadelphia 76ers|Milwaukee Bucks,0.005217222922768034,"[{""p_home_win"": 0.005217222922768034, ""weight"": 1.0}]",-5.250559145633289,,bradley_terry_hfa,0.0,-15.0
2025-12-05,Oklahoma City Thunder,Dallas Mavericks,132.0,111.0,False,False,2025-12-05|Dallas Mavericks|Oklahoma City Thunder,,,,2025-12-05|Dallas Mavericks|Oklahoma City Thunder,0.9995840827060126,"[{""p_home_win"": 0.9995840827060126, ""weight"": 1.0}]",7.784608126187427,,bradley_terry_hfa,1.0,21.0
2025-12-06,Brooklyn Nets,New Orleans Pelicans,119.0,101.0,False,False,2025-12-06|New Orleans Pelicans|Brooklyn Nets,,,,2025-12-06|New Orleans Pelicans|Brooklyn Nets,0.12625199608796148,"[{""p_home_win"": 0.12625199608796148, ""weight"": 1.0}]",-1.9345121304102468,,bradley_terry_hfa,1.0,18.0
2025-12-06,Washington Wizards,Atlanta Hawks,116.0,131.0,False,False,2025-12-06|Atlanta Hawks|Washington Wizards,,,,2025-12-06|Atlanta Hawks|Washington Wizards,1.2098800641745014e-05,"[{""p_home_win"": 1.2098800641745014e-05, ""weight"": 1.0}]",-11.32239213191745,,bradley_terry_hfa,0.0,-15.0
2025-12-06,Cleveland Cavaliers,Golden State Warriors,94.0,99.0,False,False,2025-12-06|Golden State Warriors|Cleveland Cavaliers,,,,2025-12-06|Golden State Warriors|Cleveland Cavaliers,0.059267435668634016,"[{""p_home_win"": 0.059267435668634016, ""weight"": 1.0}]",-2.7645988858919393,,bradley_terry_hfa,0.0,-5.0
2025-12-06,Detroit Pistons,Milwaukee Bucks,124.0,112.0,False,False,2025-12-06|Milwaukee Bucks|Detroit Pistons,,,,2025-12-06|Milwaukee Bucks|Detroit Pistons,0.9658834662795526,"[{""p_home_win"": 0.9658834662795526, ""weight"": 1.0}]",3.3432610649940253,,bradley_terry_hfa,1.0,12.0
2025-12-06,Miami Heat,Sacramento Kings,111.0,127.0,False,False,2025-12-06|Sacramento Kings|Miami Heat,,,,2025-12-06|Sacramento Kings|Miami Heat,0.9056651637758966,"[{""p_home_win"": 0.9056651637758966, ""weight"": 1.0}]",2.261819120773997,,bradley_terry_hfa,0.0,-16.0
2025-12-06,Minnesota Timberwolves,Los Angeles Clippers,109.0,106.0,False,False,2025-12-06|Los Angeles Clippers|Minnesota Timberwolves,,,,2025-12-06|Los Angeles Clippers|Minnesota Timberwolves,0.8815803224617427,"[{""p_home_win"": 0.8815803224617427, ""weight"": 1.0}]",2.0074812138274583,,bradley_terry_hfa,1.0,3.0
2025-12-06,Dallas Mavericks,Houston Rockets,122.0,109.0,False,False,2025-12-06|Houston Rockets|Dallas Mavericks,,,,2025-12-06|Houston Rockets|Dallas Mavericks,2.6930386130889267e-06,"[{""p_home_win"": 2.6930386130889267e-06, ""weight"": 1.0}]",-12.824837712877903,,bradley_terry_hfa,1.0,13.0
2025-12-07,New York Knicks,Orlando Magic,106.0,100.0,False,False,2025-12-07|Orlando Magic|New York Knicks,,,,2025-12-07|Orlando Magic|New York Knicks,0.02456414206715274,"[{""p_home_win"": 0.02456414206715274, ""weight"": 1.0}]",-3.6815966648836245,,bradley_terry_hfa,1.0,6.0
2025-12-07,Toronto Raptors,Boston Celtics,113.0,121.0,False,False,2025-12-07|Boston Celtics|Toronto Raptors,,,,2025-12-07|Boston Celtics|Toronto Raptors,0.016300585328292434,"[{""p_home_win"": 0.016300585328292434, ""weight"": 1.0}]",-4.100119360612128,,bradley_terry_hfa,0.0,-8.0
2025-12-07,Charlotte Hornets,Denver Nuggets,106.0,115.0,False,False,2025-12-07|Denver Nuggets|Charlotte Hornets,,,,2025-12-07|Denver Nuggets|Charlotte Hornets,1.1841054151630504e-05,"[{""p_home_win"": 1.1841054151630504e-05, ""weight"": 1.0}]",-11.343926058270466,,bradley_terry_hfa,0.0,-9.0
2025-12-07,Memphis Grizzlies,Portland Trail Blazers,119.0,96.0,False,False,2025-12-07|Portland Trail Blazers|Memphis Grizzlies,,,,2025-12-07|Portland Trail Blazers|Memphis Grizzlies,0.007497212405710465,"[{""p_home_win"": 0.007497212405710465, ""weight"": 1.0}]",-4.885698549002823,,bradley_terry_hfa,1.0,23.0
2025-12-07,Chicago Bulls,Golden State Warriors,91.0,123.0,False,False,2025-12-07|Golden State Warriors|Chicago Bulls,,,,2025-12-07|Golden State Warriors|Chicago Bulls,0.0017545416284074327,"[{""p_home_win"": 0.0017545416284074327, ""weight"": 1.0}]",-6.343791553933126,,bradley_terry_hfa,0.0,-32.0
2025-12-07,Philadelphia 76ers,Los Angeles Lakers,108.0,112.0,False,False,2025-12-07|Los Angeles Lakers|Philadelphia 76ers,,,,2025-12-07|Los Angeles Lakers|Philadelphia 76ers,0.000698410845331457,"[{""p_home_win"": 0.000698410845331457, ""weight"": 1.0}]",-7.266004369886541,,bradley_terry_hfa,0.0,-4.0
2025-12-07,Utah Jazz,Oklahoma City Thunder,101.0,131.0,False,False,2025-12-07|Oklahoma City Thunder|Utah Jazz,,,,2025-12-07|Oklahoma City Thunder|Utah Jazz,9.769738918699877e-07,"[{""p_home_win"": 9.769738918699877e-07, ""weight"": 1.0}]",-13.838804931039657,,bradley_terry_hfa,0.0,-30.0
2025-12-08,Indiana Pacers,Sacramento Kings,116.0,105.0,False,False,2025-12-08|Sacramento Kings|Indiana Pacers,,,,2025-12-08|Sacramento Kings|Indiana Pacers,0.0013329140968133637,"[{""p_home_win"": 0.0013329140968133637, ""weight"": 1.0}]",-6.619053880146013,,bradley_terry_hfa,1.0,11.0
2025-12-08,Minnesota Timberwolves,Phoenix Suns,105.0,108.0,False,False,2025-12-08|Phoenix Suns|Minnesota Timberwolves,,,,2025-12-08|Phoenix Suns|Minnesota Timberwolves,0.03239205568396032,"[{""p_home_win"": 0.03239205568396032, ""weight"": 1.0}]",-3.39691379123933,,bradley_terry_hfa,0.0,-3.0
2025-12-08,New Orleans Pelicans,San Antonio Spurs,132.0,135.0,False,False,2025-12-08|San Antonio Spurs|New Orleans Pelicans,,,,2025-12-08|San Antonio Spurs|New Orleans Pelicans,3.131959693298895e-07,"[{""p_home_win"": 3.131959693298895e-07, ""weight"": 1.0}]",-14.976436429033638,,bradley_terry_hfa,0.0,-3.0
2025-12-09,Orlando Magic,Miami Heat,117.0,108.0,False,False,2025-12-09|Miami Heat|Orlando Magic,,,,2025-12-09|Miami Heat|Orlando Magic,0.03521846012495466,"[{""p_home_win"": 0.03521846012495466, ""weight"": 1.0}]",-3.3103313116572726,,bradley_terry_hfa,1.0,9.0
2025-12-09,Toronto Raptors,New York Knicks,101.0,117.0,False,False,2025-12-09|New York Knicks|Toronto Raptors,,,,2025-12-09|New York Knicks|Toronto Raptors,0.0019299575822406118,"[{""p_home_win"": 0.0019299575822406118, ""weight"": 1.0}]",-6.248325432070494,,bradley_terry_hfa,0.0,-16.0
2025-12-10,Oklahoma City Thunder,Phoenix Suns,138.0,89.0,False,False,2025-12-10|Phoenix Suns|Oklahoma City Thunder,,,,2025-12-10|Phoenix Suns|Oklahoma City Thunder,0.9343729737638791,"[{""p_home_win"": 0.9343729737638791, ""weight"": 1.0}]",2.6558880916155605,,bradley_terry_hfa,1.0,49.0
2025-12-10,Los Angeles Lakers,San Antonio Spurs,119.0,132.0,False,False,2025-12-10|San Antonio Spurs|Los Angeles Lakers,,,,2025-12-10|San Antonio Spurs|Los Angeles Lakers,0.05105823645382702,"[{""p_home_win"": 0.05105823645382702, ""weight"": 1.0}]",-2.922380558086777,,bradley_terry_hfa,0.0,-13.0
2025-12-11,Houston Rockets,Los Angeles Clippers,115.0,113.0,False,False,2025-12-11|Los Angeles Clippers|Houston Rockets,,,,2025-12-11|Los Angeles Clippers|Houston Rockets,0.9970787467130455,"[{""p_home_win"": 0.9970787467130455, ""weight"": 1.0}]",5.832817018448836,,bradley_terry_hfa,1.0,2.0
2025-12-11,Milwaukee Bucks,Boston Celtics,116.0,101.0,False,False,2025-12-11|Boston Celtics|Milwaukee Bucks,,,,2025-12-11|Boston Celtics|Milwaukee Bucks,0.00017848620996497856,"[{""p_home_win"": 0.00017848620996497856, ""weight"": 1.0}]",-8.630820712686544,,bradley_terry_hfa,1.0,15.0
2025-12-11,New Orleans Pelicans,Portland Trail Blazers,143.0,120.0,False,False,2025-12-11|Portland Trail Blazers|New Orleans Pelicans,,,,2025-12-11|Portland Trail Blazers|New Orleans Pelicans,2.276245664381529e-05,"[{""p_home_win"": 2.276245664381529e-05, ""weight"": 1.0}]",-10.69037525491646,,bradley_terry_hfa,1.0,23.0
2025-12-11,Sacramento Kings,Denver Nuggets,105.0,136.0,False,False,2025-12-11|Denver Nuggets|Sacramento Kings,,,,2025-12-11|Denver Nuggets|Sacramento Kings,8.828897013442152e-06,"[{""p_home_win"": 8.828897013442152e-06, ""weight"": 1.0}]",-11.637471635754723,,bradley_terry_hfa,0.0,-31.0
2025-12-12,Charlotte Hornets,Chicago Bulls,126.0,129.0,False,False,2025-12-12|Chicago Bulls|Charlotte Hornets,,,,2025-12-12|Chicago Bulls|Charlotte Hornets,0.0026956882503904912,"[{""p_home_win"": 0.0026956882503904912, ""weight"": 1.0}]",-5.913402398585564,,bradley_terry_hfa,0.0,-3.0
2025-12-12,Detroit Pistons,Atlanta Hawks,142.0,115.0,False,False,2025-12-12|Atlanta Hawks|Detroit Pistons,,,,2025-12-12|Atlanta Hawks|Detroit Pistons,0.5617437867501044,"[{""p_home_win"": 0.5617437867501044, ""weight"": 1.0}]",0.2482421493685507,,bradley_terry_hfa,1.0,27.0
2025-12-12,Philadelphia 76ers,Indiana Pacers,115.0,105.0,False,False,2025-12-12|Indiana Pacers|Philadelphia 76ers,,,,2025-12-12|Indiana Pacers|Philadelphia 76ers,0.8500579878002412,"[{""p_home_win"": 0.8500579878002412, ""weight"": 1.0}]",1.7350559340809397,,bradley_terry_hfa,1.0,10.0
2025-12-12,Washington Wizards,Cleveland Cavaliers,126.0,130.0,False,False,2025-12-12|Cleveland Cavaliers|Washington Wizards,,,,2025-12-12|Cleveland Cavaliers|Washington Wizards,4.55704526805608e-06,"[{""p_home_win"": 4.55704526805608e-06, ""weight"": 1.0}]",-12.29883155493558,,bradley_terry_hfa,0.0,-4.0
2025-12-12,Memphis Grizzlies,Utah Jazz,126.0,130.0,False,False,2025-12-12|Utah Jazz|Memphis Grizzlies,,,,2025-12-12|Utah Jazz|Memphis Grizzlies,0.049856302905538226,"[{""p_home_win"": 0.049856302905538226, ""weight"": 1.0}]",-2.947468307417021,,bradley_terry_hfa,0.0,-4.0
2025-12-12,Dallas Mavericks,Brooklyn Nets,119.0,111.0,False,False,2025-12-12|Brooklyn Nets|Dallas Mavericks,,,,2025-12-12|Brooklyn Nets|Dallas Mavericks,0.17368170693763402,"[{""p_home_win"": 0.17368170693763402, ""weight"": 1.0}]",-1.5597556884033281,,bradley_terry_hfa,1.0,8.0
2025-12-12,Golden State Warriors,Minnesota Timberwolves,120.0,127.0,False,False,2025-12-12|Minnesota Timberwolves|Golden State Warriors,,,,2025-12-12|Minnesota Timberwolves|Golden State Warriors,0.011313467890633323,"[{""p_home_win"": 0.011313467890633323, ""weight"": 1.0}]",-4.470383462234093,,bradley_terry_hfa,0.0,-7.0
2025-12-13,Orlando Magic,New York Knicks,120.0,132.0,False,False,2025-12-13|New York Knicks|Orlando Magic,,,,2025-12-13|New York Knicks|Orlando Magic,0.004747516081546461,"[{""p_home_win"": 0.004747516081546461, ""weight"": 1.0}]",-5.345374906580567,,bradley_terry_hfa,0.0,-12.0
2025-12-13,Oklahoma City Thunder,San Antonio Spurs,109.0,111.0,False,False,2025-12-13|San Antonio Spurs|Oklahoma City Thunder,,,,2025-12-13|San Antonio Spurs|Oklahoma City Thunder,0.5026777410659428,"[{""p_home_win"": 0.5026777410659428, ""weight"": 1.0}]",0.01071106666659638,,bradley_terry_hfa,0.0,-2.0
2025-12-14,Indiana Pacers,Washington Wizards,89.0,108.0,False,False,2025-12-14|Washington Wizards|Indiana Pacers,,,,2025-12-14|Washington Wizards|Indiana Pacers,0.10353448074777408,"[{""p_home_win"": 0.10353448074777408, ""weight"": 1.0}]",-2.1585551262453313,,bradley_terry_hfa,0.0,-19.0
2025-12-14,Cleveland Cavaliers,Charlotte Hornets,111.0,119.0,False,False,2025-12-14|Charlotte Hornets|Cleveland Cavaliers,,,,2025-12-14|Charlotte Hornets|Cleveland Cavaliers,0.7950712571705635,"[{""p_home_win"": 0.7950712571705635, ""weight"": 1.0}]",1.3557694195397767,,bradley_terry_hfa,0.0,-8.0
2025-12-14,Atlanta Hawks,Philadelphia 76ers,120.0,117.0,False,False,2025-12-14|Philadelphia 76ers|Atlanta Hawks,,,,2025-12-14|Philadelphia 76ers|Atlanta Hawks,0.017328988281950536,"[{""p_home_win"": 0.017328988281950536, ""weight"": 1.0}]",-4.03789366387791,,bradley_terry_hfa,1.0,3.0
2025-12-14,Brooklyn Nets,Milwaukee Bucks,127.0,82.0,False,False,2025-12-14|Milwaukee Bucks|Brooklyn Nets,,,,2025-12-14|Milwaukee Bucks|Brooklyn Nets,0.00037335321152296086,"[{""p_home_win"": 0.00037335321152296086, ""weight"": 1.0}]",-7.892612215684743,,bradley_terry_hfa,1.0,45.0
2025-12-14,Chicago Bulls,New Orleans Pelicans,104.0,114.0,False,False,2025-12-14|New Orleans Pelicans|Chicago Bulls,,,,2025-12-14|New Orleans Pelicans|Chicago Bulls,0.6618682138875763,"[{""p_home_win"": 0.6618682138875763, ""weight"": 1.0}]",0.6716307442092706,,bradley_terry_hfa,0.0,-10.0
2025-12-14,Minnesota Timberwolves,Sacramento Kings,117.0,103.0,False,False,2025-12-14|Sacramento Kings|Minnesota Timberwolves,,,,2025-12-14|Sacramento Kings|Minnesota Timberwolves,0.810317566984371,"[{""p_home_win"": 0.810317566984371, ""weight"": 1.0}]",1.452074960213639,,bradley_terry_hfa,1.0,14.0
2025-12-14,Phoenix Suns,Los Angeles Lakers,114.0,116.0,False,False,2025-12-14|Los Angeles Lakers|Phoenix Suns,,,,2025-12-14|Los Angeles Lakers|Phoenix Suns,0.0008025641183057316,"[{""p_home_win"": 0.0008025641183057316, ""weight"": 1.0}]",-7.126895921606201,,bradley_terry_hfa,0.0,-2.0
2025-12-14,Portland Trail Blazers,Golden State Warriors,136.0,131.0,False,False,2025-12-14|Golden State Warriors|Portland Trail Blazers,,,,2025-12-14|Golden State Warriors|Portland Trail Blazers,0.0019278089312960542,"[{""p_home_win"": 0.0019278089312960542, ""weight"": 1.0}]",-6.249441520182989,,bradley_terry_hfa,1.0,5.0
2025-12-15,Boston Celtics,Detroit Pistons,105.0,112.0,False,False,2025-12-15|Detroit Pistons|Boston Celtics,,,,2025-12-15|Detroit Pistons|Boston Celtics,0.00021236929409203744,"[{""p_home_win"": 0.00021236929409203744, ""weight"": 1.0}]",-8.456971453621248,,bradley_terry_hfa,0.0,-7.0
2025-12-15,Miami Heat,Toronto Raptors,96.0,106.0,False,False,2025-12-15|Toronto Raptors|Miami Heat,,,,2025-12-15|Toronto Raptors|Miami Heat,0.021686022395010763,"[{""p_home_win"": 0.021686022395010763, ""weight"": 1.0}]",-3.809162735264386,,bradley_terry_hfa,0.0,-10.0
2025-12-15,Utah Jazz,Dallas Mavericks,140.0,133.0,False,False,2025-12-15|Dallas Mavericks|Utah Jazz,,,,2025-12-15|Dallas Mavericks|Utah Jazz,0.0226528973779719,"[{""p_home_win"": 0.0226528973779719, ""weight"": 1.0}]",-3.7645540995648936,,bradley_terry_hfa,1.0,7.0
2025-12-15,Denver Nuggets,Houston Rockets,128.0,125.0,False,False,2025-12-15|Houston Rockets|Denver Nuggets,,,,2025-12-15|Houston Rockets|Denver Nuggets,0.0023544654991302896,"[{""p_home_win"": 0.0023544654991302896, ""weight"": 1.0}]",-6.049084299938544,,bradley_terry_hfa,1.0,3.0
2025-12-15,Los Angeles Clippers,Memphis Grizzlies,103.0,121.0,False,False,2025-12-15|Memphis Grizzlies|Los Angeles Clippers,,,,2025-12-15|Memphis Grizzlies|Los Angeles Clippers,0.00022419978545415437,"[{""p_home_win"": 0.00022419978545415437, ""weight"": 1.0}]",-8.402748779344233,,bradley_terry_hfa,0.0,-18.0
2025-12-16,New York Knicks,San Antonio Spurs,124.0,113.0,False,False,2025-12-16|San Antonio Spurs|New York Knicks,,,,2025-12-16|San Antonio Spurs|New York Knicks,0.0032821655133456794,"[{""p_home_win"": 0.0032821655133456794, ""weight"": 1.0}]",-5.715964293316836,,bradley_terry_hfa,1.0,11.0
2025-12-17,Chicago Bulls,Cleveland Cavaliers,127.0,111.0,False,False,2025-12-17|Cleveland Cavaliers|Chicago Bulls,,,,2025-12-17|Cleveland Cavaliers|Chicago Bulls,0.0005388403494885484,"[{""p_home_win"": 0.0005388403494885484, ""weight"": 1.0}]",-7.525552242963704,,bradley_terry_hfa,1.0,16.0
2025-12-17,Minnesota Timberwolves,Memphis Grizzlies,110.0,116.0,False,False,2025-12-17|Memphis Grizzlies|Minnesota Timberwolves,,,,2025-12-17|Memphis Grizzlies|Minnesota Timberwolves,0.16483862651362388,"[{""p_home_win"": 0.16483862651362388, ""weight"": 1.0}]",-1.6226579936422567,,bradley_terry_hfa,0.0,-6.0
2025-12-18,Charlotte Hornets,Atlanta Hawks,133.0,126.0,False,False,2025-12-18|Atlanta Hawks|Charlotte Hornets,,,,2025-12-18|Atlanta Hawks|Charlotte Hornets,3.049491059768726e-05,"[{""p_home_win"": 3.049491059768726e-05, ""weight"": 1.0}]",-10.39792025854855,,bradley_terry_hfa,1.0,7.0
2025-12-18,Indiana Pacers,New York Knicks,113.0,114.0,False,False,2025-12-18|New York Knicks|Indiana Pacers,,,,2025-12-18|New York Knicks|Indiana Pacers,8.266081296612306e-08,"[{""p_home_win"": 8.266081296612306e-08, ""weight"": 1.0}]",-16.308520110189605,,bradley_terry_hfa,0.0,-1.0
2025-12-18,Brooklyn Nets,Miami Heat,95.0,106.0,False,False,2025-12-18|Miami Heat|Brooklyn Nets,,,,2025-12-18|Miami Heat|Brooklyn Nets,9.179959644385098e-06,"[{""p_home_win"": 9.179959644385098e-06, ""weight"": 1.0}]",-11.598478569376239,,bradley_terry_hfa,0.0,-11.0
2025-12-18,Milwaukee Bucks,Toronto Raptors,105.0,111.0,False,False,2025-12-18|Toronto Raptors|Milwaukee Bucks,,,,2025-12-18|Toronto Raptors|Milwaukee Bucks,0.0002491882276220031,"[{""p_home_win"": 0.0002491882276220031, ""weight"": 1.0}]",-8.297052793568856,,bradley_terry_hfa,0.0,-6.0
2025-12-18,New Orleans Pelicans,Houston Rockets,133.0,128.0,False,False,2025-12-18|Houston Rockets|New Orleans Pelicans,,,,2025-12-18|Houston Rockets|New Orleans Pelicans,3.309727170389772e-08,"[{""p_home_win"": 3.309727170389772e-08, ""weight"": 1.0}]",-17.223814950727437,,bradley_terry_hfa,1.0,5.0
2025-12-18,Oklahoma City Thunder,Los Angeles Clippers,122.0,101.0,False,False,2025-12-18|Los Angeles Clippers|Oklahoma City Thunder,,,,2025-12-18|Los Angeles Clippers|Oklahoma City Thunder,0.9998806355322425,"[{""p_home_win"": 0.9998806355322425, ""weight"": 1.0}]",9.03320961967181,,bradley_terry_hfa,1.0,21.0
2025-12-18,San Antonio Spurs,Washington Wizards,119.0,94.0,False,False,2025-12-18|Washington Wizards|San Antonio Spurs,,,,2025-12-18|Washington Wizards|San Antonio Spurs,0.9997801347324731,"[{""p_home_win"": 0.9997801347324731, ""weight"": 1.0}]",8.42227573010849,,bradley_terry_hfa,1.0,25.0
2025-12-18,Dallas Mavericks,Detroit Pistons,116.0,114.0,False,False,2025-12-18|Detroit Pistons|Dallas Mavericks,,,,2025-12-18|Detroit Pistons|Dallas Mavericks,9.411396768390351e-07,"[{""p_home_win"": 9.411396768390351e-07, ""weight"": 1.0}]",-13.87617333276328,,bradley_terry_hfa,1.0,2.0
2025-12-18,Denver Nuggets,Orlando Magic,126.0,115.0,False,False,2025-12-18|Orlando Magic|Denver Nuggets,,,,2025-12-18|Orlando Magic|Denver Nuggets,0.08963075616881307,"[{""p_home_win"": 0.08963075616881307, ""weight"": 1.0}]",-2.3181517577704116,,bradley_terry_hfa,1.0,11.0
2025-12-18,Phoenix Suns,Golden State Warriors,99.0,98.0,False,False,2025-12-18|Golden State Warriors|Phoenix Suns,,,,2025-12-18|Golden State Warriors|Phoenix Suns,0.027011749337831698,"[{""p_home_win"": 0.027011749337831698, ""weight"": 1.0}]",-3.584100074730376,,bradley_terry_hfa,1.0,1.0
2025-12-18,Utah Jazz,Los Angeles Lakers,135.0,143.0,False,False,2025-12-18|Los Angeles Lakers|Utah Jazz,,,,2025-12-18|Los Angeles Lakers|Utah Jazz,8.357605389794943e-06,"[{""p_home_win"": 8.357605389794943e-06, ""weight"": 1.0}]",-11.692330250885554,,bradley_terry_hfa,0.0,-8.0
2025-12-18,Portland Trail Blazers,Sacramento Kings,134.0,133.0,False,False,2025-12-18|Sacramento Kings|Portland Trail Blazers,,,,2025-12-18|Sacramento Kings|Portland Trail Blazers,0.20717707471797606,"[{""p_home_win"": 0.20717707471797606, ""weight"": 1.0}]",-1.3420260384410114,,bradley_terry_hfa,1.0,1.0
2025-12-19,Boston Celtics,Miami Heat,129.0,116.0,False,False,2025-12-19|Miami Heat|Boston Celtics,,,,2025-12-19|Miami Heat|Boston Celtics,0.006895894506930808,"[{""p_home_win"": 0.006895894506930808, ""weight"": 1.0}]",-4.969909262393029,,bradley_terry_hfa,1.0,13.0
2025-12-19,New York Knicks,Philadelphia 76ers,107.0,116.0,False,False,2025-12-19|Philadelphia 76ers|New York Knicks,,,,2025-12-19|Philadelphia 76ers|New York Knicks,0.6042466097041771,"[{""p_home_win"": 0.6042466097041771, ""weight"": 1.0}]",0.4231911433318034,,bradley_terry_hfa,0.0,-9.0
2025-12-19,Atlanta Hawks,San Antonio Spurs,98.0,126.0,False,False,2025-12-19|San Antonio Spurs|Atlanta Hawks,,,,2025-12-19|San Antonio Spurs|Atlanta Hawks,6.564295477011335e-05,"[{""p_home_win"": 6.564295477011335e-05, ""weight"": 1.0}]",-9.631214632866854,,bradley_terry_hfa,0.0,-28.0
2025-12-19,Cleveland Cavaliers,Chicago Bulls,125.0,136.0,False,False,2025-12-19|Chicago Bulls|Cleveland Cavaliers,,,,2025-12-19|Chicago Bulls|Cleveland Cavaliers,0.0632021919202234,"[{""p_home_win"": 0.0632021919202234, ""weight"": 1.0}]",-2.6961284896520734,,bradley_terry_hfa,0.0,-11.0
2025-12-19,Minnesota Timberwolves,Oklahoma City Thunder,112.0,107.0,False,False,2025-12-19|Oklahoma City Thunder|Minnesota Timberwolves,,,,2025-12-19|Oklahoma City Thunder|Minnesota Timberwolves,1.049563866510126e-05,"[{""p_home_win"": 1.049563866510126e-05, ""weight"": 1.0}]",-11.464540256623534,,bradley_terry_hfa,1.0,5.0
2025-12-20,Denver Nuggets,Houston Rockets,101.0,115.0,False,False,2025-12-20|Houston Rockets|Denver Nuggets,,,,2025-12-20|Houston Rockets|Denver Nuggets,0.015329497463224234,"[{""p_home_win"": 0.015329497463224234, ""weight"": 1.0}]",-4.162528158935817,,bradley_terry_hfa,0.0,-14.0
2025-12-20,New Orleans Pelicans,Indiana Pacers,128.0,109.0,False,False,2025-12-20|Indiana Pacers|New Orleans Pelicans,,,,2025-12-20|Indiana Pacers|New Orleans Pelicans,0.012953806787396034,"[{""p_home_win"": 0.012953806787396034, ""weight"": 1.0}]",-4.333327134607832,,bradley_terry_hfa,1.0,19.0
2025-12-20,Philadelphia 76ers,Dallas Mavericks,121.0,114.0,False,False,2025-12-20|Dallas Mavericks|Philadelphia 76ers,,,,2025-12-20|Dallas Mavericks|Philadelphia 76ers,0.13313076341588914,"[{""p_home_win"": 0.13313076341588914, ""weight"": 1.0}]",-1.8735563137584763,,bradley_terry_hfa,1.0,7.0
2025-12-20,Toronto Raptors,Boston Celtics,96.0,112.0,False,False,2025-12-20|Boston Celtics|Toronto Raptors,,,,2025-12-20|Boston Celtics|Toronto Raptors,0.004633569310890415,"[{""p_home_win"": 0.004633569310890415, ""weight"": 1.0}]",-5.369783460832812,,bradley_terry_hfa,0.0,-16.0
2025-12-20,Detroit Pistons,Charlotte Hornets,112.0,86.0,False,False,2025-12-20|Charlotte Hornets|Detroit Pistons,,,,2025-12-20|Charlotte Hornets|Detroit Pistons,0.9945100947365042,"[{""p_home_win"": 0.9945100947365042, ""weight"": 1.0}]",5.19933924962843,,bradley_terry_hfa,1.0,26.0
2025-12-20,Memphis Grizzlies,Washington Wizards,122.0,130.0,False,False,2025-12-20|Washington Wizards|Memphis Grizzlies,,,,2025-12-20|Washington Wizards|Memphis Grizzlies,0.9603018543920554,"[{""p_home_win"": 0.9603018543920554, ""weight"": 1.0}]",3.185943190222144,,bradley_terry_hfa,0.0,-8.0
2025-12-20,Golden State Warriors,Phoenix Suns,119.0,116.0,False,False,2025-12-20|Phoenix Suns|Golden State Warriors,,,,2025-12-20|Phoenix Suns|Golden State Warriors,0.0009947421774385986,"[{""p_home_win"": 0.0009947421774385986, ""weight"": 1.0}]",-6.912031735272966,,bradley_terry_hfa,1.0,3.0
2025-12-20,Utah Jazz,Orlando Magic,127.0,128.0,False,False,2025-12-20|Orlando Magic|Utah Jazz,,,,2025-12-20|Orlando Magic|Utah Jazz,0.00012007467823710305,"[{""p_home_win"": 0.00012007467823710305, ""weight"": 1.0}]",-9.02727660821187,,bradley_terry_hfa,0.0,-1.0
2025-12-20,Sacramento Kings,Portland Trail Blazers,93.0,98.0,False,False,2025-12-20|Portland Trail Blazers|Sacramento Kings,,,,2025-12-20|Portland Trail Blazers|Sacramento Kings,9.8416752821378e-05,"[{""p_home_win"": 9.8416752821378e-05, ""weight"": 1.0}]",-9.226201094551492,,bradley_terry_hfa,0.0,-5.0
2025-12-20,Los Angeles Clippers,Los Angeles Lakers,103.0,88.0,False,False,2025-12-20|Los Angeles Lakers|Los Angeles Clippers,,,,2025-12-20|Los Angeles Lakers|Los Angeles Clippers,4.13231821839097e-08,"[{""p_home_win"": 4.13231821839097e-08, ""weight"": 1.0}]",-17.0018421411738,,bradley_terry_hfa,1.0,15.0
2025-12-21,Atlanta Hawks,Chicago Bulls,150.0,152.0,False,False,2025-12-21|Chicago Bulls|Atlanta Hawks,,,,2025-12-21|Chicago Bulls|Atlanta Hawks,0.06582854335449576,"[{""p_home_win"": 0.06582854335449576, ""weight"": 1.0}]",-2.6526064599533066,,bradley_terry_hfa,0.0,-2.0
2025-12-21,Brooklyn Nets,Toronto Raptors,96.0,81.0,False,False,2025-12-21|Toronto Raptors|Brooklyn Nets,,,,2025-12-21|Toronto Raptors|Brooklyn Nets,2.6231647467830074e-06,"[{""p_home_win"": 2.6231647467830074e-06, ""weight"": 1.0}]",-12.851126427350362,,bradley_terry_hfa,1.0,15.0
2025-12-21,New York Knicks,Miami Heat,132.0,125.0,False,False,2025-12-21|Miami Heat|New York Knicks,,,,2025-12-21|Miami Heat|New York Knicks,0.23638052870126716,"[{""p_home_win"": 0.23638052870126716, ""weight"": 1.0}]",-1.1726266746302363,,bradley_terry_hfa,1.0,7.0
2025-12-21,Minnesota Timberwolves,Milwaukee Bucks,103.0,100.0,False,False,2025-12-21|Milwaukee Bucks|Minnesota Timberwolves,,,,2025-12-21|Milwaukee Bucks|Minnesota Timberwolves,0.5891350717749096,"[{""p_home_win"": 0.5891350717749096, ""weight"": 1.0}]",0.36039096256357617,,bradley_terry_hfa,1.0,3.0
2025-12-21,Washington Wizards,San Antonio Spurs,113.0,124.0,False,False,2025-12-21|San Antonio Spurs|Washington Wizards,,,,2025-12-21|San Antonio Spurs|Washington Wizards,3.641125171027508e-09,"[{""p_home_win"": 3.641125171027508e-09, ""weight"": 1.0}]",-19.430973086502547,,bradley_terry_hfa,0.0,-11.0
2025-12-21,Sacramento Kings,Houston Rockets,125.0,124.0,False,False,2025-12-21|Houston Rockets|Sacramento Kings,,,,2025-12-21|Houston Rockets|Sacramento Kings,6.851992924791164e-08,"[{""p_home_win"": 6.851992924791164e-08, ""weight"": 1.0}]",-16.496141127546814,,bradley_terry_hfa,1.0,1.0
2025-12-22,Cleveland Cavaliers,Charlotte Hornets,139.0,132.0,False,False,2025-12-22|Charlotte Hornets|Cleveland Cavaliers,,,,2025-12-22|Charlotte Hornets|Cleveland Cavaliers,0.2265426544733552,"[{""p_home_win"": 0.2265426544733552, ""weight"": 1.0}]",-1.2279372765668874,,bradley_terry_hfa,1.0,7.0
2025-12-22,Boston Celtics,Indiana Pacers,103.0,95.0,False,False,2025-12-22|Indiana Pacers|Boston Celtics,,,,2025-12-22|Indiana Pacers|Boston Celtics,0.9956123598408566,"[{""p_home_win"": 0.9956123598408566, ""weight"": 1.0}]",5.424566451495197,,bradley_terry_hfa,1.0,8.0
2025-12-22,New Orleans Pelicans,Dallas Mavericks,119.0,113.0,False,False,2025-12-22|Dallas Mavericks|New Orleans Pelicans,,,,2025-12-22|Dallas Mavericks|New Orleans Pelicans,0.0001343886661094566,"[{""p_home_win"": 0.0001343886661094566, ""weight"": 1.0}]",-8.914640065276819,,bradley_terry_hfa,1.0,6.0
2025-12-22,Denver Nuggets,Utah Jazz,135.0,112.0,False,False,2025-12-22|Utah Jazz|Denver Nuggets,,,,2025-12-22|Utah Jazz|Denver Nuggets,0.9515179144718288,"[{""p_home_win"": 0.9515179144718288, ""weight"": 1.0}]",2.9768641550137644,,bradley_terry_hfa,1.0,23.0
2025-12-22,Oklahoma City Thunder,Memphis Grizzlies,119.0,103.0,False,False,2025-12-22|Memphis Grizzlies|Oklahoma City Thunder,,,,2025-12-22|Memphis Grizzlies|Oklahoma City Thunder,0.9876004623429732,"[{""p_home_win"": 0.9876004623429732, ""weight"": 1.0}]",4.377619039426708,,bradley_terry_hfa,1.0,16.0
2025-12-22,Golden State Warriors,Orlando Magic,120.0,97.0,False,False,2025-12-22|Orlando Magic|Golden State Warriors,,,,2025-12-22|Orlando Magic|Golden State Warriors,0.00027982670524205524,"[{""p_home_win"": 0.00027982670524205524, ""weight"": 1.0}]",-8.18106019038455,,bradley_terry_hfa,1.0,23.0
2025-12-22,Portland Trail Blazers,Detroit Pistons,102.0,110.0,False,False,2025-12-22|Detroit Pistons|Portland Trail Blazers,,,,2025-12-22|Detroit Pistons|Portland Trail Blazers,6.039607309325959e-06,"[{""p_home_win"": 6.039607309325959e-06, ""weight"": 1.0}]",-12.017165523517829,,bradley_terry_hfa,0.0,-8.0
2025-12-23,Charlotte Hornets,Washington Wizards,126.0,109.0,False,False,2025-12-23|Washington Wizards|Charlotte Hornets,,,,2025-12-23|Washington Wizards|Charlotte Hornets,0.09065147602404611,"[{""p_home_win"": 0.09065147602404611, ""weight"": 1.0}]",-2.305706215669445,,bradley_terry_hfa,1.0,17.0
2025-12-23,Philadelphia 76ers,Brooklyn Nets,106.0,114.0,False,False,2025-12-23|Brooklyn Nets|Philadelphia 76ers,,,,2025-12-23|Brooklyn Nets|Philadelphia 76ers,0.9227713947086065,"[{""p_home_win"": 0.9227713947086065, ""weight"": 1.0}]",2.4806116041917035,,bradley_terry_hfa,0.0,-8.0
2025-12-23,Atlanta Hawks,Chicago Bulls,123.0,126.0,False,False,2025-12-23|Chicago Bulls|Atlanta Hawks,,,,2025-12-23|Chicago Bulls|Atlanta Hawks,0.03237746781905482,"[{""p_home_win"": 0.03237746781905482, ""weight"": 1.0}]",-3.3973793219479296,,bradley_terry_hfa,0.0,-3.0
2025-12-23,Cleveland Cavaliers,New Orleans Pelicans,141.0,118.0,False,False,2025-12-23|New Orleans Pelicans|Cleveland Cavaliers,,,,2025-12-23|New Orleans Pelicans|Cleveland Cavaliers,0.5344488891779386,"[{""p_home_win"": 0.5344488891779386, ""weight"": 1.0}]",0.13801421390402346,,bradley_terry_hfa,1.0,23.0
2025-12-23,Indiana Pacers,Milwaukee Bucks,94.0,111.0,False,False,2025-12-23|Milwaukee Bucks|Indiana Pacers,,,,2025-12-23|Milwaukee Bucks|Indiana Pacers,6.173473427454788e-05,"[{""p_home_win"": 6.173473427454788e-05, ""weight"": 1.0}]",-9.692602094605654,,bradley_terry_hfa,0.0,-17.0
2025-12-23,Miami Heat,Toronto Raptors,91.0,112.0,False,False,2025-12-23|Toronto Raptors|Miami Heat,,,,2025-12-23|Toronto Raptors|Miami Heat,0.005762628374444609,"[{""p_home_win"": 0.005762628374444609, ""weight"": 1.0}]",-5.150582296964086,,bradley_terry_hfa,0.0,-21.0
2025-12-23,Dallas Mavericks,Denver Nuggets,131.0,130.0,False,False,2025-12-23|Denver Nuggets|Dallas Mavericks,,,,2025-12-23|Denver Nuggets|Dallas Mavericks,6.430923218731949e-07,"[{""p_home_win"": 6.430923218731949e-07, ""weight"": 1.0}]",-14.256976900026766,,bradley_terry_hfa,1.0,1.0
2025-12-23,Minnesota Timberwolves,New York Knicks,115.0,104.0,False,False,2025-12-23|New York Knicks|Minnesota Timberwolves,,,,2025-12-23|New York Knicks|Minnesota Timberwolves,0.0003517610358170934,"[{""p_home_win"": 0.0003517610358170934, ""weight"": 1.0}]",-7.952206665507886,,bradley_terry_hfa,1.0,11.0
2025-12-23,San Antonio Spurs,Oklahoma City Thunder,130.0,110.0,False,False,2025-12-23|Oklahoma City Thunder|San Antonio Spurs,,,,2025-12-23|Oklahoma City Thunder|San Antonio Spurs,0.0004286138651778349,"[{""p_home_win"": 0.0004286138651778349, ""weight"": 1.0}]",-7.754525419776736,,bradley_terry_hfa,1.0,20.0
2025-12-23,Phoenix Suns,Los Angeles Lakers,132.0,108.0,False,False,2025-12-23|Los Angeles Lakers|Phoenix Suns,,,,2025-12-23|Los Angeles Lakers|Phoenix Suns,7.654607484255396e-05,"[{""p_home_win"": 7.654607484255396e-05, ""weight"": 1.0}]",-9.477541163904693,,bradley_terry_hfa,1.0,24.0
2025-12-23,Utah Jazz,Memphis Grizzlies,128.0,137.0,False,False,2025-12-23|Memphis Grizzlies|Utah Jazz,,,,2025-12-23|Memphis Grizzlies|Utah Jazz,0.0008503208566666571,"[{""p_home_win"": 0.0008503208566666571, ""weight"": 1.0}]",-7.069046118691093,,bradley_terry_hfa,0.0,-9.0
2025-12-23,Portland Trail Blazers,Orlando Magic,106.0,110.0,False,False,2025-12-23|Orlando Magic|Portland Trail Blazers,,,,2025-12-23|Orlando Magic|Portland Trail Blazers,0.0002310415390316555,"[{""p_home_win"": 0.0002310415390316555, ""weight"": 1.0}]",-8.372681972727536,,bradley_terry_hfa,0.0,-4.0
2025-12-23,Sacramento Kings,Detroit Pistons,127.0,136.0,False,False,2025-12-23|Detroit Pistons|Sacramento Kings,,,,2025-12-23|Detroit Pistons|Sacramento Kings,4.0900728881604825e-08,"[{""p_home_win"": 4.0900728881604825e-08, ""weight"": 1.0}]",-17.012117912089586,,bradley_terry_hfa,0.0,-9.0
2025-12-23,Los Angeles Clippers,Houston Rockets,128.0,108.0,False,False,2025-12-23|Houston Rockets|Los Angeles Clippers,,,,2025-12-23|Houston Rockets|Los Angeles Clippers,1.4401360066579176e-07,"[{""p_home_win"": 1.4401360066579176e-07, ""weight"": 1.0}]",-15.753357948748834,,bradley_terry_hfa,1.0,20.0
2025-12-25,New York Knicks,Cleveland Cavaliers,126.0,124.0,False,False,2025-12-25|Cleveland Cavaliers|New York Knicks,,,,2025-12-25|Cleveland Cavaliers|New York Knicks,0.4919361161509751,"[{""p_home_win"": 0.4919361161509751, ""weight"": 1.0}]",-0.032258332440132875,,bradley_terry_hfa,1.0,2.0
2025-12-25,Oklahoma City Thunder,San Antonio Spurs,102.0,117.0,False,False,2025-12-25|San Antonio Spurs|Oklahoma City Thunder,,,,2025-12-25|San Antonio Spurs|Oklahoma City Thunder,0.012768548745650766,"[{""p_home_win"": 0.012768548745650766, ""weight"": 1.0}]",-4.347919493710445,,bradley_terry_hfa,0.0,-15.0
2025-12-25,Golden State Warriors,Dallas Mavericks,126.0,116.0,False,False,2025-12-25|Dallas Mavericks|Golden State Warriors,,,,2025-12-25|Dallas Mavericks|Golden State Warriors,0.0998399316104168,"[{""p_home_win"": 0.0998399316104168, ""weight"": 1.0}]",-2.1990043816473444,,bradley_terry_hfa,1.0,10.0
2025-12-25,Los Angeles Lakers,Houston Rockets,96.0,119.0,False,False,2025-12-25|Houston Rockets|Los Angeles Lakers,,,,2025-12-25|Houston Rockets|Los Angeles Lakers,0.012235831388880649,"[{""p_home_win"": 0.012235831388880649, ""weight"": 1.0}]",-4.39107532724555,,bradley_terry_hfa,0.0,-23.0
2025-12-25,Denver Nuggets,Minnesota Timberwolves,142.0,138.0,False,False,2025-12-25|Minnesota Timberwolves|Denver Nuggets,,,,2025-12-25|Minnesota Timberwolves|Denver Nuggets,0.022849007078927206,"[{""p_home_win"": 0.022849007078927206, ""weight"": 1.0}]",-3.7557335250956427,,bradley_terry_hfa,1.0,4.0
2025-12-26,Atlanta Hawks,Miami Heat,111.0,126.0,False,False,2025-12-26|Miami Heat|Atlanta Hawks,,,,2025-12-26|Miami Heat|Atlanta Hawks,0.0016530208011655177,"[{""p_home_win"": 0.0016530208011655177, ""weight"": 1.0}]",-6.403496487787708,,bradley_terry_hfa,0.0,-15.0
2025-12-26,Indiana Pacers,Boston Celtics,122.0,140.0,False,False,2025-12-26|Boston Celtics|Indiana Pacers,,,,2025-12-26|Boston Celtics|Indiana Pacers,1.5382811075727467e-08,"[{""p_home_win"": 1.5382811075727467e-08, ""weight"": 1.0}]",-17.99001509943266,,bradley_terry_hfa,0.0,-18.0
2025-12-26,Orlando Magic,Charlotte Hornets,105.0,120.0,False,False,2025-12-26|Charlotte Hornets|Orlando Magic,,,,2025-12-26|Charlotte Hornets|Orlando Magic,0.9400337995297665,"[{""p_home_win"": 0.9400337995297665, ""weight"": 1.0}]",2.7521347535656027,,bradley_terry_hfa,0.0,-15.0
2025-12-26,Washington Wizards,Toronto Raptors,138.0,117.0,False,False,2025-12-26|Toronto Raptors|Washington Wizards,,,,2025-12-26|Toronto Raptors|Washington Wizards,7.97567668087323e-08,"[{""p_home_win"": 7.97567668087323e-08, ""weight"": 1.0}]",-16.34428416885803,,bradley_terry_hfa,1.0,21.0
2025-12-26,Chicago Bulls,Philadelphia 76ers,109.0,102.0,False,False,2025-12-26|Philadelphia 76ers|Chicago Bulls,,,,2025-12-26|Philadelphia 76ers|Chicago Bulls,0.00042161404718306096,"[{""p_home_win"": 0.00042161404718306096, ""weight"": 1.0}]",-7.770998539595403,,bradley_terry_hfa,1.0,7.0
2025-12-26,Memphis Grizzlies,Milwaukee Bucks,125.0,104.0,False,False,2025-12-26|Milwaukee Bucks|Memphis Grizzlies,,,,2025-12-26|Milwaukee Bucks|Memphis Grizzlies,0.047354493182074596,"[{""p_home_win"": 0.047354493182074596, ""weight"": 1.0}]",-3.0015811502983314,,bradley_terry_hfa,1.0,21.0
2025-12-26,New Orleans Pelicans,Phoenix Suns,108.0,115.0,False,False,2025-12-26|Phoenix Suns|New Orleans Pelicans,,,,2025-12-26|Phoenix Suns|New Orleans Pelicans,7.418415221247332e-07,"[{""p_home_win"": 7.418415221247332e-07, ""weight"": 1.0}]",-14.114129456791265,,bradley_terry_hfa,0.0,-7.0
2025-12-26,Utah Jazz,Detroit Pistons,131.0,129.0,False,False,2025-12-26|Detroit Pistons|Utah Jazz,,,,2025-12-26|Detroit Pistons|Utah Jazz,5.0380994204971595e-08,"[{""p_home_win"": 5.0380994204971595e-08, ""weight"": 1.0}]",-16.803651781715548,,bradley_terry_hfa,1.0,2.0
2025-12-26,Portland Trail Blazers,Los Angeles Clippers,103.0,119.0,False,False,2025-12-26|Los Angeles Clippers|Portland Trail Blazers,,,,2025-12-26|Los Angeles Clippers|Portland Trail Blazers,0.13717192338364415,"[{""p_home_win"": 0.13717192338364415, ""weight"": 1.0}]",-1.838980400976265,,bradley_terry_hfa,0.0,-16.0
2025-12-27,Sacramento Kings,Dallas Mavericks,113.0,107.0,False,False,2025-12-27|Dallas Mavericks|Sacramento Kings,,,,2025-12-27|Dallas Mavericks|Sacramento Kings,0.0002803441100047502,"[{""p_home_win"": 0.0002803441100047502, ""weight"": 1.0}]",-8.17921236163706,,bradley_terry_hfa,1.0,6.0
2025-12-27,New Orleans Pelicans,Phoenix Suns,114.0,123.0,False,False,2025-12-27|Phoenix Suns|New Orleans Pelicans,,,,2025-12-27|Phoenix Suns|New Orleans Pelicans,2.1524938945662123e-07,"[{""p_home_win"": 2.1524938945662123e-07, ""weight"": 1.0}]",-15.351468314831642,,bradley_terry_hfa,0.0,-9.0
2025-12-27,Orlando Magic,Denver Nuggets,127.0,126.0,False,False,2025-12-27|Denver Nuggets|Orlando Magic,,,,2025-12-27|Denver Nuggets|Orlando Magic,4.4858996580794264e-05,"[{""p_home_win"": 4.4858996580794264e-05, ""weight"": 1.0}]",-10.011941536912861,,bradley_terry_hfa,1.0,1.0
2025-12-27,Atlanta Hawks,New York Knicks,125.0,128.0,False,False,2025-12-27|New York Knicks|Atlanta Hawks,,,,2025-12-27|New York Knicks|Atlanta Hawks,3.977450677798851e-06,"[{""p_home_win"": 3.977450677798851e-06, ""weight"": 1.0}]",-12.434865499654752,,bradley_terry_hfa,0.0,-3.0
2025-12-27,Chicago Bulls,Milwaukee Bucks,103.0,112.0,False,False,2025-12-27|Milwaukee Bucks|Chicago Bulls,,,,2025-12-27|Milwaukee Bucks|Chicago Bulls,0.06442480777198203,"[{""p_home_win"": 0.06442480777198203, ""weight"": 1.0}]",-2.6756627462120854,,bradley_terry_hfa,0.0,-9.0
2025-12-27,Houston Rockets,Cleveland Cavaliers,117.0,100.0,False,False,2025-12-27|Cleveland Cavaliers|Houston Rockets,,,,2025-12-27|Cleveland Cavaliers|Houston Rockets,0.25902925090430856,"[{""p_home_win"": 0.25902925090430856, ""weight"": 1.0}]",-1.051020156435321,,bradley_terry_hfa,1.0,17.0
2025-12-27,Miami Heat,Indiana Pacers,142.0,116.0,False,False,2025-12-27|Indiana Pacers|Miami Heat,,,,2025-12-27|Indiana Pacers|Miami Heat,0.9868269402963041,"[{""p_home_win"": 0.9868269402963041, ""weight"": 1.0}]",4.316320872432383,,bradley_terry_hfa,1.0,26.0
2025-12-27,Minnesota Timberwolves,Brooklyn Nets,107.0,123.0,False,False,2025-12-27|Brooklyn Nets|Minnesota Timberwolves,,,,2025-12-27|Brooklyn Nets|Minnesota Timberwolves,0.9696812481749744,"[{""p_home_win"": 0.9696812481749744, ""weight"": 1.0}]",3.465201014158385,,bradley_terry_hfa,0.0,-16.0
2025-12-27,San Antonio Spurs,Utah Jazz,114.0,127.0,False,False,2025-12-27|Utah Jazz|San Antonio Spurs,,,,2025-12-27|Utah Jazz|San Antonio Spurs,0.9945063160682778,"[{""p_home_win"": 0.9945063160682778, ""weight"": 1.0}]",5.198647392973724,,bradley_terry_hfa,0.0,-13.0
2025-12-28,Oklahoma City Thunder,Philadelphia 76ers,129.0,104.0,False,False,2025-12-28|Philadelphia 76ers|Oklahoma City Thunder,,,,2025-12-28|Philadelphia 76ers|Oklahoma City Thunder,0.8771000857524526,"[{""p_home_win"": 0.8771000857524526, ""weight"": 1.0}]",1.9652507898954266,,bradley_terry_hfa,1.0,25.0
2025-12-28,Toronto Raptors,Golden State Warriors,141.0,127.0,False,False,2025-12-28|Golden State Warriors|Toronto Raptors,,,,2025-12-28|Golden State Warriors|Toronto Raptors,0.0017092522470470797,"[{""p_home_win"": 0.0017092522470470797, ""weight"": 1.0}]",-6.369988571846662,,bradley_terry_hfa,1.0,14.0
2025-12-28,Portland Trail Blazers,Boston Celtics,114.0,108.0,False,False,2025-12-28|Boston Celtics|Portland Trail Blazers,,,,2025-12-28|Boston Celtics|Portland Trail Blazers,3.233566416012085e-06,"[{""p_home_win"": 3.233566416012085e-06, ""weight"": 1.0}]",-12.641921642723158,,bradley_terry_hfa,1.0,6.0
2025-12-28,Washington Wizards,Memphis Grizzlies,116.0,112.0,False,False,2025-12-28|Memphis Grizzlies|Washington Wizards,,,,2025-12-28|Memphis Grizzlies|Washington Wizards,2.4672172335764635e-07,"[{""p_home_win"": 2.4672172335764635e-07, ""weight"": 1.0}]",-15.215004514799322,,bradley_terry_hfa,1.0,4.0
2025-12-28,Los Angeles Clippers,Detroit Pistons,112.0,99.0,False,False,2025-12-28|Detroit Pistons|Los Angeles Clippers,,,,2025-12-28|Detroit Pistons|Los Angeles Clippers,1.0366958793080649e-08,"[{""p_home_win"": 1.0366958793080649e-08, ""weight"": 1.0}]",-18.38464211706256,,bradley_terry_hfa,1.0,13.0
2025-12-28,Los Angeles Lakers,Sacramento Kings,125.0,101.0,False,False,2025-12-28|Sacramento Kings|Los Angeles Lakers,,,,2025-12-28|Sacramento Kings|Los Angeles Lakers,0.9907391945150305,"[{""p_home_win"": 0.9907391945150305, ""weight"": 1.0}]",4.672660295349219,,bradley_terry_hfa,1.0,24.0
2025-12-29,Charlotte Hornets,Milwaukee Bucks,113.0,123.0,False,False,2025-12-29|Milwaukee Bucks|Charlotte Hornets,,,,2025-12-29|Milwaukee Bucks|Charlotte Hornets,0.0007107197126218203,"[{""p_home_win"": 0.0007107197126218203, ""weight"": 1.0}]",-7.248521449212642,,bradley_terry_hfa,0.0,-10.0
2025-12-29,Washington Wizards,Phoenix Suns,101.0,115.0,False,False,2025-12-29|Phoenix Suns|Washington Wizards,,,,2025-12-29|Phoenix Suns|Washington Wizards,9.74315517710001e-09,"[{""p_home_win"": 9.74315517710001e-09, ""weight"": 1.0}]",-18.44670082185209,,bradley_terry_hfa,0.0,-14.0
2025-12-29,Brooklyn Nets,Golden State Warriors,107.0,120.0,False,False,2025-12-29|Golden State Warriors|Brooklyn Nets,,,,2025-12-29|Golden State Warriors|Brooklyn Nets,4.645805243794285e-06,"[{""p_home_win"": 4.645805243794285e-06, ""weight"": 1.0}]",-12.279541197793097,,bradley_terry_hfa,0.0,-13.0
2025-12-29,Miami Heat,Denver Nuggets,147.0,123.0,False,False,2025-12-29|Denver Nuggets|Miami Heat,,,,2025-12-29|Denver Nuggets|Miami Heat,1.5168835462869015e-05,"[{""p_home_win"": 1.5168835462869015e-05, ""weight"": 1.0}]",-11.09625236439634,,bradley_terry_hfa,1.0,24.0
2025-12-29,Toronto Raptors,Orlando Magic,107.0,106.0,False,False,2025-12-29|Orlando Magic|Toronto Raptors,,,,2025-12-29|Orlando Magic|Toronto Raptors,0.00036108217784529273,"[{""p_home_win"": 0.00036108217784529273, ""weight"": 1.0}]",-7.9260438386929675,,bradley_terry_hfa,1.0,1.0
2025-12-29,Chicago Bulls,Minnesota Timberwolves,101.0,136.0,False,False,2025-12-29|Minnesota Timberwolves|Chicago Bulls,,,,2025-12-29|Minnesota Timberwolves|Chicago Bulls,2.292083072723442e-05,"[{""p_home_win"": 2.292083072723442e-05, ""weight"": 1.0}]",-10.683441501037407,,bradley_terry_hfa,0.0,-35.0
2025-12-29,Houston Rockets,Indiana Pacers,126.0,119.0,False,False,2025-12-29|Indiana Pacers|Houston Rockets,,,,2025-12-29|Indiana Pacers|Houston Rockets,0.9999092501309376,"[{""p_home_win"": 0.9999092501309376, ""weight"": 1.0}]",9.307312773672091,,bradley_terry_hfa,1.0,7.0
2025-12-29,New Orleans Pelicans,New York Knicks,125.0,130.0,False,False,2025-12-29|New York Knicks|New Orleans Pelicans,,,,2025-12-29|New York Knicks|New Orleans Pelicans,1.1079722947253006e-09,"[{""p_home_win"": 1.1079722947253006e-09, ""weight"": 1.0}]",-20.62073425258653,,bradley_terry_hfa,0.0,-5.0
2025-12-29,Oklahoma City Thunder,Atlanta Hawks,140.0,129.0,False,False,2025-12-29|Atlanta Hawks|Oklahoma City Thunder,,,,2025-12-29|Atlanta Hawks|Oklahoma City Thunder,0.9806810493986808,"[{""p_home_win"": 0.9806810493986808, ""weight"": 1.0}]",3.9271607680585614,,bradley_terry_hfa,1.0,11.0
2025-12-29,San Antonio Spurs,Cleveland Cavaliers,101.0,113.0,False,False,2025-12-29|Cleveland Cavaliers|San Antonio Spurs,,,,2025-12-29|Cleveland Cavaliers|San Antonio Spurs,0.7750084079885208,"[{""p_home_win"": 0.7750084079885208, ""weight"": 1.0}]",1.2368108456436255,,bradley_terry_hfa,0.0,-12.0
2025-12-29,Portland Trail Blazers,Dallas Mavericks,125.0,122.0,False,False,2025-12-29|Dallas Mavericks|Portland Trail Blazers,,,,2025-12-29|Dallas Mavericks|Portland Trail Blazers,0.014814830161233378,"[{""p_home_win"": 0.014814830161233378, ""weight"": 1.0}]",-4.1972008962019,,bradley_terry_hfa,1.0,3.0
2025-12-30,Memphis Grizzlies,Philadelphia 76ers,136.0,139.0,False,False,2025-12-30|Philadelphia 76ers|Memphis Grizzlies,,,,2025-12-30|Philadelphia 76ers|Memphis Grizzlies,0.0003050945972707743,"[{""p_home_win"": 0.0003050945972707743, ""weight"": 1.0}]",-8.094583533310736,,bradley_terry_hfa,0.0,-3.0
2025-12-30,Utah Jazz,Boston Celtics,119.0,129.0,False,False,2025-12-30|Boston Celtics|Utah Jazz,,,,2025-12-30|Boston Celtics|Utah Jazz,5.384916438480898e-06,"[{""p_home_win"": 5.384916438480898e-06, ""weight"": 1.0}]",-12.131903380004825,,bradley_terry_hfa,0.0,-10.0
2025-12-30,Los Angeles Lakers,Detroit Pistons,106.0,128.0,False,False,2025-12-30|Detroit Pistons|Los Angeles Lakers,,,,2025-12-30|Detroit Pistons|Los Angeles Lakers,0.00108549909690808,"[{""p_home_win"": 0.00108549909690808, ""weight"": 1.0}]",-6.824629311927914,,bradley_terry_hfa,0.0,-22.0
2025-12-30,Los Angeles Clippers,Sacramento Kings,131.0,90.0,False,False,2025-12-30|Sacramento Kings|Los Angeles Clippers,,,,2025-12-30|Sacramento Kings|Los Angeles Clippers,0.003887555100169745,"[{""p_home_win"": 0.003887555100169745, ""weight"": 1.0}]",-5.546079696616031,,bradley_terry_hfa,1.0,41.0
2025-12-31,Charlotte Hornets,Golden State Warriors,125.0,132.0,False,False,2025-12-31|Golden State Warriors|Charlotte Hornets,,,,2025-12-31|Golden State Warriors|Charlotte Hornets,2.871557660801866e-06,"[{""p_home_win"": 2.871557660801866e-06, ""weight"": 1.0}]",-12.760653064905124,,bradley_terry_hfa,0.0,-7.0
2025-12-31,Atlanta Hawks,Minnesota Timberwolves,126.0,102.0,False,False,2025-12-31|Minnesota Timberwolves|Atlanta Hawks,,,,2025-12-31|Minnesota Timberwolves|Atlanta Hawks,2.0081570084261962e-05,"[{""p_home_win"": 2.0081570084261962e-05, ""weight"": 1.0}]",-10.815687992978507,,bradley_terry_hfa,1.0,24.0
2025-12-31,Indiana Pacers,Orlando Magic,110.0,112.0,False,False,2025-12-31|Orlando Magic|Indiana Pacers,,,,2025-12-31|Orlando Magic|Indiana Pacers,4.429868226968816e-09,"[{""p_home_win"": 4.429868226968816e-09, ""weight"": 1.0}]",-19.23489599450714,,bradley_terry_hfa,0.0,-2.0
2025-12-31,Cleveland Cavaliers,Phoenix Suns,129.0,113.0,False,False,2025-12-31|Phoenix Suns|Cleveland Cavaliers,,,,2025-12-31|Phoenix Suns|Cleveland Cavaliers,9.68654444913647e-05,"[{""p_home_win"": 9.68654444913647e-05, ""weight"": 1.0}]",-9.242090842528004,,bradley_terry_hfa,1.0,16.0
2025-12-31,Chicago Bulls,New Orleans Pelicans,134.0,118.0,False,False,2025-12-31|New Orleans Pelicans|Chicago Bulls,,,,2025-12-31|New Orleans Pelicans|Chicago Bulls,0.26857347607788906,"[{""p_home_win"": 0.26857347607788906, ""weight"": 1.0}]",-1.001872239215194,,bradley_terry_hfa,1.0,16.0
2025-12-31,San Antonio Spurs,New York Knicks,134.0,132.0,False,False,2025-12-31|New York Knicks|San Antonio Spurs,,,,2025-12-31|New York Knicks|San Antonio Spurs,0.0010528266218514965,"[{""p_home_win"": 0.0010528266218514965, ""weight"": 1.0}]",-6.855223329766771,,bradley_terry_hfa,1.0,2.0
2025-12-31,Toronto Raptors,Denver Nuggets,103.0,106.0,False,False,2025-12-31|Denver Nuggets|Toronto Raptors,,,,2025-12-31|Denver Nuggets|Toronto Raptors,3.7128949831799246e-05,"[{""p_home_win"": 3.7128949831799246e-05, ""weight"": 1.0}]",-10.201076444085855,,bradley_terry_hfa,0.0,-3.0
2025-12-31,Milwaukee Bucks,Washington Wizards,113.0,114.0,False,False,2025-12-31|Washington Wizards|Milwaukee Bucks,,,,2025-12-31|Washington Wizards|Milwaukee Bucks,0.32901593895949593,"[{""p_home_win"": 0.32901593895949593, ""weight"": 1.0}]",-0.712639186374286,,bradley_terry_hfa,0.0,-1.0
2025-12-31,Oklahoma City Thunder,Portland Trail Blazers,124.0,95.0,False,False,2025-12-31|Portland Trail Blazers|Oklahoma City Thunder,,,,2025-12-31|Portland Trail Blazers|Oklahoma City Thunder,0.9880550250686476,"[{""p_home_win"": 0.9880550250686476, ""weight"": 1.0}]",4.41542770748368,,bradley_terry_hfa,1.0,29.0
2026-01-01,Brooklyn Nets,Houston Rockets,96.0,120.0,False,False,2026-01-01|Houston Rockets|Brooklyn Nets,,,,2026-01-01|Houston Rockets|Brooklyn Nets,6.529145019989664e-09,"[{""p_home_win"": 6.529145019989664e-09, ""weight"": 1.0}]",-18.846989826790022,,bradley_terry_hfa,0.0,-24.0
2026-01-01,Detroit Pistons,Miami Heat,112.0,118.0,False,False,2026-01-01|Miami Heat|Detroit Pistons,,,,2026-01-01|Miami Heat|Detroit Pistons,0.29730495885364794,"[{""p_home_win"": 0.29730495885364794, ""weight"": 1.0}]",-0.8601645918221514,,bradley_terry_hfa,0.0,-6.0
2026-01-01,Dallas Mavericks,Philadelphia 76ers,108.0,123.0,False,False,2026-01-01|Philadelphia 76ers|Dallas Mavericks,,,,2026-01-01|Philadelphia 76ers|Dallas Mavericks,4.341020011187947e-06,"[{""p_home_win"": 4.341020011187947e-06, ""weight"": 1.0}]",-12.347396870817379,,bradley_terry_hfa,0.0,-15.0
2026-01-01,Sacramento Kings,Boston Celtics,106.0,120.0,False,False,2026-01-01|Boston Celtics|Sacramento Kings,,,,2026-01-01|Boston Celtics|Sacramento Kings,3.7881058203183403e-08,"[{""p_home_win"": 3.7881058203183403e-08, ""weight"": 1.0}]",-17.088814595467568,,bradley_terry_hfa,0.0,-14.0
2026-01-01,Los Angeles Clippers,Utah Jazz,118.0,101.0,False,False,2026-01-01|Utah Jazz|Los Angeles Clippers,,,,2026-01-01|Utah Jazz|Los Angeles Clippers,0.00032465039173758226,"[{""p_home_win"": 0.00032465039173758226, ""weight"": 1.0}]",-8.03243696926255,,bradley_terry_hfa,1.0,17.0
2026-01-02,Indiana Pacers,San Antonio Spurs,,,False,False,2026-01-02|San Antonio Spurs|Indiana Pacers,,,,2026-01-02|San Antonio Spurs|Indiana Pacers,1.5077029166595098e-11,"[{""p_home_win"": 1.5077029166595098e-11, ""weight"": 1.0}]",-24.91784877760937,,bradley_terry_hfa,0.5,
2026-01-02,Washington Wizards,Brooklyn Nets,,,False,False,2026-01-02|Brooklyn Nets|Washington Wizards,,,,2026-01-02|Brooklyn Nets|Washington Wizards,8.152547383485205e-05,"[{""p_home_win"": 8.152547383485205e-05, ""weight"": 1.0}]",-9.414513495366865,,bradley_terry_hfa,0.5,
2026-01-02,Cleveland Cavaliers,Denver Nuggets,,,False,False,2026-01-02|Denver Nuggets|Cleveland Cavaliers,,,,2026-01-02|Denver Nuggets|Cleveland Cavaliers,4.405168387060557e-06,"[{""p_home_win"": 4.405168387060557e-06, ""weight"": 1.0}]",-12.33272766778119,,bradley_terry_hfa,0.5,
2026-01-02,New York Knicks,Atlanta Hawks,,,False,False,2026-01-02|Atlanta Hawks|New York Knicks,,,,2026-01-02|Atlanta Hawks|New York Knicks,0.6934745651155027,"[{""p_home_win"": 0.6934745651155027, ""weight"": 1.0}]",0.8164138260946405,,bradley_terry_hfa,0.5,
2026-01-02,Chicago Bulls,Orlando Magic,,,False,False,2026-01-02|Orlando Magic|Chicago Bulls,,,,2026-01-02|Orlando Magic|Chicago Bulls,1.0769250737067896e-05,"[{""p_home_win"": 1.0769250737067896e-05, ""weight"": 1.0}]",-11.438804869353195,,bradley_terry_hfa,0.5,
2026-01-02,Milwaukee Bucks,Charlotte Hornets,,,False,False,2026-01-02|Charlotte Hornets|Milwaukee Bucks,,,,2026-01-02|Charlotte Hornets|Milwaukee Bucks,0.006107104457704083,"[{""p_home_win"": 0.006107104457704083, ""weight"": 1.0}]",-5.09217669120725,,bradley_terry_hfa,0.5,
2026-01-02,New Orleans Pelicans,Portland Trail Blazers,,,False,False,2026-01-02|Portland Trail Blazers|New Orleans Pelicans,,,,2026-01-02|Portland Trail Blazers|New Orleans Pelicans,1.2528806607553737e-06,"[{""p_home_win"": 1.2528806607553737e-06, ""weight"": 1.0}]",-13.590063876517732,,bradley_terry_hfa,0.5,
2026-01-02,Phoenix Suns,Sacramento Kings,,,False,False,2026-01-02|Sacramento Kings|Phoenix Suns,,,,2026-01-02|Sacramento Kings|Phoenix Suns,0.9288832493112382,"[{""p_home_win"": 0.9288832493112382, ""weight"": 1.0}]",2.569660154974832,,bradley_terry_hfa,0.5,
2026-01-02,Golden State Warriors,Oklahoma City Thunder,,,False,False,2026-01-02|Oklahoma City Thunder|Golden State Warriors,,,,2026-01-02|Oklahoma City Thunder|Golden State Warriors,3.123854362149261e-07,"[{""p_home_win"": 3.123854362149261e-07, ""weight"": 1.0}]",-14.979027726712422,,bradley_terry_hfa,0.5,
2026-01-02,Los Angeles Lakers,Memphis Grizzlies,,,False,False,2026-01-02|Memphis Grizzlies|Los Angeles Lakers,,,,2026-01-02|Memphis Grizzlies|Los Angeles Lakers,0.6155867997189081,"[{""p_home_win"": 0.6155867997189081, ""weight"": 1.0}]",0.4708579423153276,,bradley_terry_hfa,0.5,
