date,home_team,away_team,home_score,away_score,neutral,overtime,game_id,sport,season,notes,game_id_pred,p_home_win,win_prob_dist,pred_margin,pred_total,model_id,home_win,actual_margin
2024-10-23,Detroit Pistons,Indiana Pacers,109,115,False,False,2024-10-23|Indiana Pacers|Detroit Pistons,,,,2024-10-23|Indiana Pacers|Detroit Pistons,0.8979314585495295,"[{""p_home_win"": 0.8979314585495295, ""weight"": 1.0}]",2.1744491759921285,,bradley_terry_hfa,0.0,-6
2024-10-23,Atlanta Hawks,Brooklyn Nets,120,116,False,False,2024-10-23|Brooklyn Nets|Atlanta Hawks,,,,2024-10-23|Brooklyn Nets|Atlanta Hawks,0.8979314585495295,"[{""p_home_win"": 0.8979314585495295, ""weight"": 1.0}]",2.1744491759921285,,bradley_terry_hfa,1.0,4
2024-10-23,Miami Heat,Orlando Magic,97,116,False,False,2024-10-23|Orlando Magic|Miami Heat,,,,2024-10-23|Orlando Magic|Miami Heat,0.8979314585495295,"[{""p_home_win"": 0.8979314585495295, ""weight"": 1.0}]",2.1744491759921285,,bradley_terry_hfa,0.0,-19
2024-10-23,Philadelphia 76ers,Milwaukee Bucks,109,124,False,False,2024-10-23|Milwaukee Bucks|Philadelphia 76ers,,,,2024-10-23|Milwaukee Bucks|Philadelphia 76ers,0.8979314585495295,"[{""p_home_win"": 0.8979314585495295, ""weight"": 1.0}]",2.1744491759921285,,bradley_terry_hfa,0.0,-15
2024-10-23,Toronto Raptors,Cleveland Cavaliers,106,136,False,False,2024-10-23|Cleveland Cavaliers|Toronto Raptors,,,,2024-10-23|Cleveland Cavaliers|Toronto Raptors,0.8979314585495295,"[{""p_home_win"": 0.8979314585495295, ""weight"": 1.0}]",2.1744491759921285,,bradley_terry_hfa,0.0,-30
2024-10-23,Houston Rockets,Charlotte Hornets,105,110,False,False,2024-10-23|Charlotte Hornets|Houston Rockets,,,,2024-10-23|Charlotte Hornets|Houston Rockets,0.8979314585495295,"[{""p_home_win"": 0.8979314585495295, ""weight"": 1.0}]",2.1744491759921285,,bradley_terry_hfa,0.0,-5
2024-10-23,New Orleans Pelicans,Chicago Bulls,123,111,False,False,2024-10-23|Chicago Bulls|New Orleans Pelicans,,,,2024-10-23|Chicago Bulls|New Orleans Pelicans,0.8979314585495295,"[{""p_home_win"": 0.8979314585495295, ""weight"": 1.0}]",2.1744491759921285,,bradley_terry_hfa,1.0,12
2024-10-23,Utah Jazz,Memphis Grizzlies,124,126,False,False,2024-10-23|Memphis Grizzlies|Utah Jazz,,,,2024-10-23|Memphis Grizzlies|Utah Jazz,0.8979314585495295,"[{""p_home_win"": 0.8979314585495295, ""weight"": 1.0}]",2.1744491759921285,,bradley_terry_hfa,0.0,-2
2024-10-23,Los Angeles Clippers,Phoenix Suns,113,116,False,False,2024-10-23|Phoenix Suns|Los Angeles Clippers,,,,2024-10-23|Phoenix Suns|Los Angeles Clippers,0.8979314585495295,"[{""p_home_win"": 0.8979314585495295, ""weight"": 1.0}]",2.1744491759921285,,bradley_terry_hfa,0.0,-3
2024-10-23,Portland Trail Blazers,Golden State Warriors,104,140,False,False,2024-10-23|Golden State Warriors|Portland Trail Blazers,,,,2024-10-23|Golden State Warriors|Portland Trail Blazers,0.8979314585495295,"[{""p_home_win"": 0.8979314585495295, ""weight"": 1.0}]",2.1744491759921285,,bradley_terry_hfa,0.0,-36
2024-10-24,Washington Wizards,Boston Celtics,102,122,False,False,2024-10-24|Boston Celtics|Washington Wizards,,,,2024-10-24|Boston Celtics|Washington Wizards,0.02545271261926458,"[{""p_home_win"": 0.02545271261926458, ""weight"": 1.0}]",-3.6451507189972263,,bradley_terry_hfa,0.0,-20
2024-10-24,Dallas Mavericks,San Antonio Spurs,120,109,False,False,2024-10-24|San Antonio Spurs|Dallas Mavericks,,,,2024-10-24|San Antonio Spurs|Dallas Mavericks,0.21281957814645935,"[{""p_home_win"": 0.21281957814645935, ""weight"": 1.0}]",-1.3080127190124238,,bradley_terry_hfa,1.0,11
2024-10-24,Sacramento Kings,Minnesota Timberwolves,115,117,False,False,2024-10-24|Minnesota Timberwolves|Sacramento Kings,,,,2024-10-24|Minnesota Timberwolves|Sacramento Kings,0.7367462781648869,"[{""p_home_win"": 0.7367462781648869, ""weight"": 1.0}]",1.0291252809723785,,bradley_terry_hfa,0.0,-2
2024-10-24,Denver Nuggets,Oklahoma City Thunder,87,102,False,False,2024-10-24|Oklahoma City Thunder|Denver Nuggets,,,,2024-10-24|Oklahoma City Thunder|Denver Nuggets,0.21281957814645935,"[{""p_home_win"": 0.21281957814645935, ""weight"": 1.0}]",-1.3080127190124238,,bradley_terry_hfa,0.0,-15
2024-10-25,Orlando Magic,Brooklyn Nets,116,101,False,False,2024-10-25|Brooklyn Nets|Orlando Magic,,,,2024-10-25|Brooklyn Nets|Orlando Magic,0.8948793760211221,"[{""p_home_win"": 0.8948793760211221, ""weight"": 1.0}]",2.1415804432056316,,bradley_terry_hfa,1.0,15
2024-10-25,Toronto Raptors,Philadelphia 76ers,115,107,False,False,2024-10-25|Philadelphia 76ers|Toronto Raptors,,,,2024-10-25|Philadelphia 76ers|Toronto Raptors,0.176163388027358,"[{""p_home_win"": 0.176163388027358, ""weight"": 1.0}]",-1.5425603183465268,,bradley_terry_hfa,1.0,8
2024-10-25,Atlanta Hawks,Charlotte Hornets,125,120,False,False,2024-10-25|Charlotte Hornets|Atlanta Hawks,,,,2024-10-25|Charlotte Hornets|Atlanta Hawks,0.41267586274435114,"[{""p_home_win"": 0.41267586274435114, ""weight"": 1.0}]",-0.3529144115195033,,bradley_terry_hfa,1.0,5
2024-10-25,Cleveland Cavaliers,Detroit Pistons,113,101,False,False,2024-10-25|Detroit Pistons|Cleveland Cavaliers,,,,2024-10-25|Detroit Pistons|Cleveland Cavaliers,0.7215040624472024,"[{""p_home_win"": 0.7215040624472024, ""weight"": 1.0}]",0.9519345363786083,,bradley_terry_hfa,1.0,12
2024-10-25,New York Knicks,Indiana Pacers,123,98,False,False,2024-10-25|Indiana Pacers|New York Knicks,,,,2024-10-25|Indiana Pacers|New York Knicks,0.007183190607423445,"[{""p_home_win"": 0.007183190607423445, ""weight"": 1.0}]",-4.92880250639691,,bradley_terry_hfa,1.0,25
2024-10-25,Houston Rockets,Memphis Grizzlies,128,108,False,False,2024-10-25|Memphis Grizzlies|Houston Rockets,,,,2024-10-25|Memphis Grizzlies|Houston Rockets,0.01734327246587635,"[{""p_home_win"": 0.01734327246587635, ""weight"": 1.0}]",-4.037055173071662,,bradley_terry_hfa,1.0,20
2024-10-25,Milwaukee Bucks,Chicago Bulls,122,133,False,False,2024-10-25|Chicago Bulls|Milwaukee Bucks,,,,2024-10-25|Chicago Bulls|Milwaukee Bucks,0.8948793760211221,"[{""p_home_win"": 0.8948793760211221, ""weight"": 1.0}]",2.1415804432056316,,bradley_terry_hfa,0.0,-11
2024-10-25,Utah Jazz,Golden State Warriors,86,127,False,False,2024-10-25|Golden State Warriors|Utah Jazz,,,,2024-10-25|Golden State Warriors|Utah Jazz,0.01734327246587635,"[{""p_home_win"": 0.01734327246587635, ""weight"": 1.0}]",-4.037055173071662,,bradley_terry_hfa,0.0,-41
2024-10-25,Los Angeles Lakers,Phoenix Suns,123,116,False,False,2024-10-25|Phoenix Suns|Los Angeles Lakers,,,,2024-10-25|Phoenix Suns|Los Angeles Lakers,0.6445494379598165,"[{""p_home_win"": 0.6445494379598165, ""weight"": 1.0}]",0.5951653533185608,,bradley_terry_hfa,1.0,7
2024-10-25,Portland Trail Blazers,New Orleans Pelicans,103,105,False,False,2024-10-25|New Orleans Pelicans|Portland Trail Blazers,,,,2024-10-25|New Orleans Pelicans|Portland Trail Blazers,0.005342519495275081,"[{""p_home_win"": 0.005342519495275081, ""weight"": 1.0}]",-5.226701079898685,,bradley_terry_hfa,0.0,-2
2024-10-26,Denver Nuggets,Los Angeles Clippers,104,109,False,False,2024-10-26|Los Angeles Clippers|Denver Nuggets,,,,2024-10-26|Los Angeles Clippers|Denver Nuggets,0.6013448304997937,"[{""p_home_win"": 0.6013448304997937, ""weight"": 1.0}]",0.4110717248477959,,bradley_terry_hfa,0.0,-5
2024-10-26,Washington Wizards,Cleveland Cavaliers,116,135,False,False,2024-10-26|Cleveland Cavaliers|Washington Wizards,,,,2024-10-26|Cleveland Cavaliers|Washington Wizards,0.016008096944123126,"[{""p_home_win"": 0.016008096944123126, ""weight"": 1.0}]",-4.118523015173847,,bradley_terry_hfa,0.0,-19
2024-10-26,Detroit Pistons,Boston Celtics,118,124,False,False,2024-10-26|Boston Celtics|Detroit Pistons,,,,2024-10-26|Boston Celtics|Detroit Pistons,0.0002837038115075651,"[{""p_home_win"": 0.0002837038115075651, ""weight"": 1.0}]",-8.16729603718349,,bradley_terry_hfa,0.0,-6
2024-10-26,Charlotte Hornets,Miami Heat,106,114,False,False,2024-10-26|Miami Heat|Charlotte Hornets,,,,2024-10-26|Miami Heat|Charlotte Hornets,0.9290602150902231,"[{""p_home_win"": 0.9290602150902231, ""weight"": 1.0}]",2.572342136479093,,bradley_terry_hfa,0.0,-8
2024-10-26,Memphis Grizzlies,Orlando Magic,124,111,False,False,2024-10-26|Orlando Magic|Memphis Grizzlies,,,,2024-10-26|Orlando Magic|Memphis Grizzlies,0.007687218535664155,"[{""p_home_win"": 0.007687218535664155, ""weight"": 1.0}]",-4.86047934226713,,bradley_terry_hfa,1.0,13
2024-10-26,Minnesota Timberwolves,Toronto Raptors,112,101,False,False,2024-10-26|Toronto Raptors|Minnesota Timberwolves,,,,2024-10-26|Toronto Raptors|Minnesota Timberwolves,0.5317474555218421,"[{""p_home_win"": 0.5317474555218421, ""weight"": 1.0}]",0.12716089364079125,,bradley_terry_hfa,1.0,11
2024-10-26,Chicago Bulls,Oklahoma City Thunder,95,114,False,False,2024-10-26|Oklahoma City Thunder|Chicago Bulls,,,,2024-10-26|Oklahoma City Thunder|Chicago Bulls,0.20260355898469706,"[{""p_home_win"": 0.20260355898469706, ""weight"": 1.0}]",-1.3701008134823836,,bradley_terry_hfa,0.0,-19
2024-10-26,San Antonio Spurs,Houston Rockets,109,106,False,False,2024-10-26|Houston Rockets|San Antonio Spurs,,,,2024-10-26|Houston Rockets|San Antonio Spurs,0.07713836635099286,"[{""p_home_win"": 0.07713836635099286, ""weight"": 1.0}]",-2.4818785390527323,,bradley_terry_hfa,1.0,3
2024-10-26,Phoenix Suns,Dallas Mavericks,114,102,False,False,2024-10-26|Dallas Mavericks|Phoenix Suns,,,,2024-10-26|Dallas Mavericks|Phoenix Suns,0.12510585771520666,"[{""p_home_win"": 0.12510585771520666, ""weight"": 1.0}]",-1.9449426581540763,,bradley_terry_hfa,1.0,12
2024-10-26,Los Angeles Lakers,Sacramento Kings,131,127,False,False,2024-10-26|Sacramento Kings|Los Angeles Lakers,,,,2024-10-26|Sacramento Kings|Los Angeles Lakers,0.9980398877666771,"[{""p_home_win"": 0.9980398877666771, ""weight"": 1.0}]",6.232791509712325,,bradley_terry_hfa,1.0,4
2024-10-27,Indiana Pacers,Philadelphia 76ers,114,118,False,False,2024-10-27|Philadelphia 76ers|Indiana Pacers,,,,2024-10-27|Philadelphia 76ers|Indiana Pacers,0.9899277572093818,"[{""p_home_win"": 0.9899277572093818, ""weight"": 1.0}]",4.587848565996524,,bradley_terry_hfa,0.0,-4
2024-10-27,Portland Trail Blazers,New Orleans Pelicans,125,103,False,False,2024-10-27|New Orleans Pelicans|Portland Trail Blazers,,,,2024-10-27|New Orleans Pelicans|Portland Trail Blazers,0.007320693323720048,"[{""p_home_win"": 0.007320693323720048, ""weight"": 1.0}]",-4.909702618039459,,bradley_terry_hfa,1.0,22
2024-10-27,Brooklyn Nets,Milwaukee Bucks,115,102,False,False,2024-10-27|Milwaukee Bucks|Brooklyn Nets,,,,2024-10-27|Milwaukee Bucks|Brooklyn Nets,0.4709055780430664,"[{""p_home_win"": 0.4709055780430664, ""weight"": 1.0}]",-0.11650930466934756,,bradley_terry_hfa,1.0,13
2024-10-27,Oklahoma City Thunder,Atlanta Hawks,128,104,False,False,2024-10-27|Atlanta Hawks|Oklahoma City Thunder,,,,2024-10-27|Atlanta Hawks|Oklahoma City Thunder,0.8045523724279854,"[{""p_home_win"": 0.8045523724279854, ""weight"": 1.0}]",1.4149936097853362,,bradley_terry_hfa,1.0,24
2024-10-27,Golden State Warriors,Los Angeles Clippers,104,112,False,False,2024-10-27|Los Angeles Clippers|Golden State Warriors,,,,2024-10-27|Los Angeles Clippers|Golden State Warriors,0.9365531515200933,"[{""p_home_win"": 0.9365531515200933, ""weight"": 1.0}]",2.6920037521881475,,bradley_terry_hfa,0.0,-8
2024-10-28,Orlando Magic,Indiana Pacers,119,115,False,False,2024-10-28|Indiana Pacers|Orlando Magic,,,,2024-10-28|Indiana Pacers|Orlando Magic,0.9930209404402022,"[{""p_home_win"": 0.9930209404402022, ""weight"": 1.0}]",4.957837577735825,,bradley_terry_hfa,1.0,4
2024-10-28,Atlanta Hawks,Washington Wizards,119,121,False,False,2024-10-28|Washington Wizards|Atlanta Hawks,,,,2024-10-28|Washington Wizards|Atlanta Hawks,0.9793954094484425,"[{""p_home_win"": 0.9793954094484425, ""weight"": 1.0}]",3.8614215588727996,,bradley_terry_hfa,0.0,-2
2024-10-28,Boston Celtics,Milwaukee Bucks,119,108,False,False,2024-10-28|Milwaukee Bucks|Boston Celtics,,,,2024-10-28|Milwaukee Bucks|Boston Celtics,0.997107198044666,"[{""p_home_win"": 0.997107198044666, ""weight"": 1.0}]",5.842632717641613,,bradley_terry_hfa,1.0,11
2024-10-28,Toronto Raptors,Denver Nuggets,125,127,False,False,2024-10-28|Denver Nuggets|Toronto Raptors,,,,2024-10-28|Denver Nuggets|Toronto Raptors,0.8077947176396103,"[{""p_home_win"": 0.8077947176396103, ""weight"": 1.0}]",1.435743984091178,,bradley_terry_hfa,0.0,-2
2024-10-28,Miami Heat,Detroit Pistons,106,98,False,False,2024-10-28|Detroit Pistons|Miami Heat,,,,2024-10-28|Detroit Pistons|Miami Heat,0.998011317615723,"[{""p_home_win"": 0.998011317615723, ""weight"": 1.0}]",6.21829231555812,,bradley_terry_hfa,1.0,8
2024-10-28,New York Knicks,Cleveland Cavaliers,104,110,False,False,2024-10-28|Cleveland Cavaliers|New York Knicks,,,,2024-10-28|Cleveland Cavaliers|New York Knicks,0.04764690650089572,"[{""p_home_win"": 0.04764690650089572, ""weight"": 1.0}]",-2.9951181558485445,,bradley_terry_hfa,0.0,-6
2024-10-28,San Antonio Spurs,Houston Rockets,101,106,False,False,2024-10-28|Houston Rockets|San Antonio Spurs,,,,2024-10-28|Houston Rockets|San Antonio Spurs,0.8117831904388031,"[{""p_home_win"": 0.8117831904388031, ""weight"": 1.0}]",1.4616387569566356,,bradley_terry_hfa,0.0,-5
2024-10-28,Memphis Grizzlies,Chicago Bulls,123,126,False,False,2024-10-28|Chicago Bulls|Memphis Grizzlies,,,,2024-10-28|Chicago Bulls|Memphis Grizzlies,0.7058780681106074,"[{""p_home_win"": 0.7058780681106074, ""weight"": 1.0}]",0.8754480988410206,,bradley_terry_hfa,0.0,-3
2024-10-28,Dallas Mavericks,Utah Jazz,110,102,False,False,2024-10-28|Utah Jazz|Dallas Mavericks,,,,2024-10-28|Utah Jazz|Dallas Mavericks,0.9962845137471884,"[{""p_home_win"": 0.9962845137471884, ""weight"": 1.0}]",5.591523314513241,,bradley_terry_hfa,1.0,8
2024-10-28,Sacramento Kings,Portland Trail Blazers,111,98,False,False,2024-10-28|Portland Trail Blazers|Sacramento Kings,,,,2024-10-28|Portland Trail Blazers|Sacramento Kings,0.1910855872189728,"[{""p_home_win"": 0.1910855872189728, ""weight"": 1.0}]",-1.4429716893165239,,bradley_terry_hfa,1.0,13
2024-10-28,Phoenix Suns,Los Angeles Lakers,109,105,False,False,2024-10-28|Los Angeles Lakers|Phoenix Suns,,,,2024-10-28|Los Angeles Lakers|Phoenix Suns,0.1520123754729108,"[{""p_home_win"": 0.1520123754729108, ""weight"": 1.0}]",-1.7189041068503743,,bradley_terry_hfa,1.0,4
2024-10-29,Brooklyn Nets,Denver Nuggets,139,144,False,False,2024-10-29|Denver Nuggets|Brooklyn Nets,,,,2024-10-29|Denver Nuggets|Brooklyn Nets,0.16610980652418242,"[{""p_home_win"": 0.16610980652418242, ""weight"": 1.0}]",-1.6134526764343065,,bradley_terry_hfa,0.0,-5
2024-10-29,Minnesota Timberwolves,Dallas Mavericks,114,120,False,False,2024-10-29|Dallas Mavericks|Minnesota Timberwolves,,,,2024-10-29|Dallas Mavericks|Minnesota Timberwolves,0.8183914396156099,"[{""p_home_win"": 0.8183914396156099, ""weight"": 1.0}]",1.5054871509432237,,bradley_terry_hfa,0.0,-6
2024-10-29,Utah Jazz,Sacramento Kings,96,113,False,False,2024-10-29|Sacramento Kings|Utah Jazz,,,,2024-10-29|Sacramento Kings|Utah Jazz,0.01340137578127706,"[{""p_home_win"": 0.01340137578127706, ""weight"": 1.0}]",-4.298905922400335,,bradley_terry_hfa,0.0,-17
2024-10-29,Golden State Warriors,New Orleans Pelicans,124,106,False,False,2024-10-29|New Orleans Pelicans|Golden State Warriors,,,,2024-10-29|New Orleans Pelicans|Golden State Warriors,0.743893420058952,"[{""p_home_win"": 0.743893420058952, ""weight"": 1.0}]",1.0663040862286515,,bradley_terry_hfa,1.0,18
2024-10-30,Philadelphia 76ers,Detroit Pistons,95,105,False,False,2024-10-30|Detroit Pistons|Philadelphia 76ers,,,,2024-10-30|Detroit Pistons|Philadelphia 76ers,0.9466622118737787,"[{""p_home_win"": 0.9466622118737787, ""weight"": 1.0}]",2.876297286264785,,bradley_terry_hfa,0.0,-10
2024-10-30,Washington Wizards,Atlanta Hawks,133,120,False,False,2024-10-30|Atlanta Hawks|Washington Wizards,,,,2024-10-30|Atlanta Hawks|Washington Wizards,0.8351436759085495,"[{""p_home_win"": 0.8351436759085495, ""weight"": 1.0}]",1.6225294455213146,,bradley_terry_hfa,1.0,13
2024-10-30,Indiana Pacers,Boston Celtics,135,132,False,False,2024-10-30|Boston Celtics|Indiana Pacers,,,,2024-10-30|Boston Celtics|Indiana Pacers,8.603914253815238e-05,"[{""p_home_win"": 8.603914253815238e-05, ""weight"": 1.0}]",-9.360622176621607,,bradley_terry_hfa,1.0,3
2024-10-30,Cleveland Cavaliers,Los Angeles Lakers,134,110,False,False,2024-10-30|Los Angeles Lakers|Cleveland Cavaliers,,,,2024-10-30|Los Angeles Lakers|Cleveland Cavaliers,0.30457978201250147,"[{""p_home_win"": 0.30457978201250147, ""weight"": 1.0}]",-0.8255832303228136,,bradley_terry_hfa,1.0,24
2024-10-30,Charlotte Hornets,Toronto Raptors,138,133,False,False,2024-10-30|Toronto Raptors|Charlotte Hornets,,,,2024-10-30|Toronto Raptors|Charlotte Hornets,0.6370119535671847,"[{""p_home_win"": 0.6370119535671847, ""weight"": 1.0}]",0.5624185170221875,,bradley_terry_hfa,1.0,5
2024-10-30,Miami Heat,New York Knicks,107,116,False,False,2024-10-30|New York Knicks|Miami Heat,,,,2024-10-30|New York Knicks|Miami Heat,0.4228064032794169,"[{""p_home_win"": 0.4228064032794169, ""weight"": 1.0}]",-0.3112633343269717,,bradley_terry_hfa,0.0,-9
2024-10-30,Chicago Bulls,Orlando Magic,102,99,False,False,2024-10-30|Orlando Magic|Chicago Bulls,,,,2024-10-30|Orlando Magic|Chicago Bulls,0.5375466250602952,"[{""p_home_win"": 0.5375466250602952, ""weight"": 1.0}]",0.15046975960843567,,bradley_terry_hfa,1.0,3
2024-10-30,Memphis Grizzlies,Brooklyn Nets,106,119,False,False,2024-10-30|Brooklyn Nets|Memphis Grizzlies,,,,2024-10-30|Brooklyn Nets|Memphis Grizzlies,0.6876428138947981,"[{""p_home_win"": 0.6876428138947981, ""weight"": 1.0}]",0.789122177014771,,bradley_terry_hfa,0.0,-13
2024-10-30,Oklahoma City Thunder,San Antonio Spurs,105,93,False,False,2024-10-30|San Antonio Spurs|Oklahoma City Thunder,,,,2024-10-30|San Antonio Spurs|Oklahoma City Thunder,0.9970289085456032,"[{""p_home_win"": 0.9970289085456032, ""weight"": 1.0}]",5.815850386705253,,bradley_terry_hfa,1.0,12
2024-10-30,Golden State Warriors,New Orleans Pelicans,104,89,False,False,2024-10-30|New Orleans Pelicans|Golden State Warriors,,,,2024-10-30|New Orleans Pelicans|Golden State Warriors,0.893775348023097,"[{""p_home_win"": 0.893775348023097, ""weight"": 1.0}]",2.129898245317367,,bradley_terry_hfa,1.0,15
2024-10-30,Los Angeles Clippers,Portland Trail Blazers,105,106,False,False,2024-10-30|Portland Trail Blazers|Los Angeles Clippers,,,,2024-10-30|Portland Trail Blazers|Los Angeles Clippers,0.9920000541217683,"[{""p_home_win"": 0.9920000541217683, ""weight"": 1.0}]",4.820288385407191,,bradley_terry_hfa,0.0,-1
2024-10-31,Memphis Grizzlies,Milwaukee Bucks,122,99,False,False,2024-10-31|Milwaukee Bucks|Memphis Grizzlies,,,,2024-10-31|Milwaukee Bucks|Memphis Grizzlies,0.6512356691349503,"[{""p_home_win"": 0.6512356691349503, ""weight"": 1.0}]",0.624475163280914,,bradley_terry_hfa,1.0,23
2024-10-31,Dallas Mavericks,Houston Rockets,102,108,False,False,2024-10-31|Houston Rockets|Dallas Mavericks,,,,2024-10-31|Houston Rockets|Dallas Mavericks,0.9905445726604537,"[{""p_home_win"": 0.9905445726604537, ""weight"": 1.0}]",4.651665966996913,,bradley_terry_hfa,0.0,-6
2024-10-31,Utah Jazz,San Antonio Spurs,88,106,False,False,2024-10-31|San Antonio Spurs|Utah Jazz,,,,2024-10-31|San Antonio Spurs|Utah Jazz,0.04839735830269711,"[{""p_home_win"": 0.04839735830269711, ""weight"": 1.0}]",-2.978702322773257,,bradley_terry_hfa,0.0,-18
2024-10-31,Los Angeles Clippers,Phoenix Suns,119,125,False,False,2024-10-31|Phoenix Suns|Los Angeles Clippers,,,,2024-10-31|Phoenix Suns|Los Angeles Clippers,0.055893972995584885,"[{""p_home_win"": 0.055893972995584885, ""weight"": 1.0}]",-2.826781919842384,,bradley_terry_hfa,0.0,-6
2024-11-01,Charlotte Hornets,Boston Celtics,109,124,False,False,2024-11-01|Boston Celtics|Charlotte Hornets,,,,2024-11-01|Boston Celtics|Charlotte Hornets,0.13720438836656593,"[{""p_home_win"": 0.13720438836656593, ""weight"": 1.0}]",-1.8387061283506192,,bradley_terry_hfa,0.0,-15
2024-11-01,Cleveland Cavaliers,Orlando Magic,120,109,False,False,2024-11-01|Orlando Magic|Cleveland Cavaliers,,,,2024-11-01|Orlando Magic|Cleveland Cavaliers,0.9987175639654613,"[{""p_home_win"": 0.9987175639654613, ""weight"": 1.0}]",6.657710598707172,,bradley_terry_hfa,1.0,11
2024-11-01,Detroit Pistons,New York Knicks,98,128,False,False,2024-11-01|New York Knicks|Detroit Pistons,,,,2024-11-01|New York Knicks|Detroit Pistons,0.02994366552866378,"[{""p_home_win"": 0.02994366552866378, ""weight"": 1.0}]",-3.4780363459408785,,bradley_terry_hfa,0.0,-30
2024-11-01,Atlanta Hawks,Sacramento Kings,115,123,False,False,2024-11-01|Sacramento Kings|Atlanta Hawks,,,,2024-11-01|Sacramento Kings|Atlanta Hawks,0.3644029974767343,"[{""p_home_win"": 0.3644029974767343, ""weight"": 1.0}]",-0.5563043275328436,,bradley_terry_hfa,0.0,-8
2024-11-01,Brooklyn Nets,Chicago Bulls,120,112,False,False,2024-11-01|Chicago Bulls|Brooklyn Nets,,,,2024-11-01|Chicago Bulls|Brooklyn Nets,0.1350298553610317,"[{""p_home_win"": 0.1350298553610317, ""weight"": 1.0}]",-1.8571990866573347,,bradley_terry_hfa,1.0,8
2024-11-01,Toronto Raptors,Los Angeles Lakers,125,131,False,False,2024-11-01|Los Angeles Lakers|Toronto Raptors,,,,2024-11-01|Los Angeles Lakers|Toronto Raptors,0.0014753638163726508,"[{""p_home_win"": 0.0014753638163726508, ""weight"": 1.0}]",-6.517374211199612,,bradley_terry_hfa,0.0,-6
2024-11-01,New Orleans Pelicans,Indiana Pacers,125,118,False,False,2024-11-01|Indiana Pacers|New Orleans Pelicans,,,,2024-11-01|Indiana Pacers|New Orleans Pelicans,0.8944975728294686,"[{""p_home_win"": 0.8944975728294686, ""weight"": 1.0}]",2.1375282304995973,,bradley_terry_hfa,1.0,7
2024-11-01,Minnesota Timberwolves,Denver Nuggets,119,116,False,False,2024-11-01|Denver Nuggets|Minnesota Timberwolves,,,,2024-11-01|Denver Nuggets|Minnesota Timberwolves,0.5896541470719389,"[{""p_home_win"": 0.5896541470719389, ""weight"": 1.0}]",0.36253582577664445,,bradley_terry_hfa,1.0,3
2024-11-01,Portland Trail Blazers,Oklahoma City Thunder,114,137,False,False,2024-11-01|Oklahoma City Thunder|Portland Trail Blazers,,,,2024-11-01|Oklahoma City Thunder|Portland Trail Blazers,0.015285075812837407,"[{""p_home_win"": 0.015285075812837407, ""weight"": 1.0}]",-4.16547526693341,,bradley_terry_hfa,0.0,-23
2024-11-02,Charlotte Hornets,Boston Celtics,103,113,False,False,2024-11-02|Boston Celtics|Charlotte Hornets,,,,2024-11-02|Boston Celtics|Charlotte Hornets,0.10237889981166366,"[{""p_home_win"": 0.10237889981166366, ""weight"": 1.0}]",-2.171067406985963,,bradley_terry_hfa,0.0,-10
2024-11-02,Philadelphia 76ers,Memphis Grizzlies,107,124,False,False,2024-11-02|Memphis Grizzlies|Philadelphia 76ers,,,,2024-11-02|Memphis Grizzlies|Philadelphia 76ers,0.06262079492918189,"[{""p_home_win"": 0.06262079492918189, ""weight"": 1.0}]",-2.7059904913073303,,bradley_terry_hfa,0.0,-17
2024-11-02,Toronto Raptors,Sacramento Kings,131,128,False,False,2024-11-02|Sacramento Kings|Toronto Raptors,,,,2024-11-02|Sacramento Kings|Toronto Raptors,0.014528635733957797,"[{""p_home_win"": 0.014528635733957797, ""weight"": 1.0}]",-4.216998488987069,,bradley_terry_hfa,1.0,3
2024-11-02,Houston Rockets,Golden State Warriors,121,127,False,False,2024-11-02|Golden State Warriors|Houston Rockets,,,,2024-11-02|Golden State Warriors|Houston Rockets,0.11973419387621848,"[{""p_home_win"": 0.11973419387621848, ""weight"": 1.0}]",-1.9949496793807056,,bradley_terry_hfa,0.0,-6
2024-11-02,Milwaukee Bucks,Cleveland Cavaliers,113,114,False,False,2024-11-02|Cleveland Cavaliers|Milwaukee Bucks,,,,2024-11-02|Cleveland Cavaliers|Milwaukee Bucks,4.5215380595874376e-05,"[{""p_home_win"": 4.5215380595874376e-05, ""weight"": 1.0}]",-10.004028033935116,,bradley_terry_hfa,0.0,-1
2024-11-02,San Antonio Spurs,Minnesota Timberwolves,113,103,False,False,2024-11-02|Minnesota Timberwolves|San Antonio Spurs,,,,2024-11-02|Minnesota Timberwolves|San Antonio Spurs,0.13021602901373855,"[{""p_home_win"": 0.13021602901373855, ""weight"": 1.0}]",-1.899050038702034,,bradley_terry_hfa,1.0,10
2024-11-02,Washington Wizards,Miami Heat,98,118,False,False,2024-11-02|Miami Heat|Washington Wizards,,,,2024-11-02|Miami Heat|Washington Wizards,0.8785161343327044,"[{""p_home_win"": 0.8785161343327044, ""weight"": 1.0}]",1.9784528121316969,,bradley_terry_hfa,0.0,-20
2024-11-02,Denver Nuggets,Utah Jazz,129,103,False,False,2024-11-02|Utah Jazz|Denver Nuggets,,,,2024-11-02|Utah Jazz|Denver Nuggets,0.9850568463897115,"[{""p_home_win"": 0.9850568463897115, ""weight"": 1.0}]",4.188446109122224,,bradley_terry_hfa,1.0,26
2024-11-02,Phoenix Suns,Portland Trail Blazers,103,97,False,False,2024-11-02|Portland Trail Blazers|Phoenix Suns,,,,2024-11-02|Portland Trail Blazers|Phoenix Suns,0.9741011344063618,"[{""p_home_win"": 0.9741011344063618, ""weight"": 1.0}]",3.6273159640720847,,bradley_terry_hfa,1.0,6
2024-11-02,Los Angeles Clippers,Oklahoma City Thunder,92,105,False,False,2024-11-02|Oklahoma City Thunder|Los Angeles Clippers,,,,2024-11-02|Oklahoma City Thunder|Los Angeles Clippers,0.03690634873313075,"[{""p_home_win"": 0.03690634873313075, ""weight"": 1.0}]",-3.2617670679324724,,bradley_terry_hfa,0.0,-13
2024-11-03,Brooklyn Nets,Detroit Pistons,92,106,False,False,2024-11-03|Detroit Pistons|Brooklyn Nets,,,,2024-11-03|Detroit Pistons|Brooklyn Nets,0.878095945199552,"[{""p_home_win"": 0.878095945199552, ""weight"": 1.0}]",1.9745215653891908,,bradley_terry_hfa,0.0,-14
2024-11-03,New Orleans Pelicans,Atlanta Hawks,111,126,False,False,2024-11-03|Atlanta Hawks|New Orleans Pelicans,,,,2024-11-03|Atlanta Hawks|New Orleans Pelicans,0.8042552341790471,"[{""p_home_win"": 0.8042552341790471, ""weight"": 1.0}]",1.4131050788349422,,bradley_terry_hfa,0.0,-15
2024-11-03,Dallas Mavericks,Orlando Magic,108,85,False,False,2024-11-03|Orlando Magic|Dallas Mavericks,,,,2024-11-03|Orlando Magic|Dallas Mavericks,0.8092042007948724,"[{""p_home_win"": 0.8092042007948724, ""weight"": 1.0}]",1.4448475545466282,,bradley_terry_hfa,1.0,23
2024-11-04,Cleveland Cavaliers,Milwaukee Bucks,116,114,False,False,2024-11-04|Milwaukee Bucks|Cleveland Cavaliers,,,,2024-11-04|Milwaukee Bucks|Cleveland Cavaliers,0.9999213876209554,"[{""p_home_win"": 0.9999213876209554, ""weight"": 1.0}]",9.450902761253566,,bradley_terry_hfa,1.0,2
2024-11-04,Washington Wizards,Golden State Warriors,112,125,False,False,2024-11-04|Golden State Warriors|Washington Wizards,,,,2024-11-04|Golden State Warriors|Washington Wizards,0.19340241111684384,"[{""p_home_win"": 0.19340241111684384, ""weight"": 1.0}]",-1.4280518432633953,,bradley_terry_hfa,0.0,-13
2024-11-04,Detroit Pistons,Los Angeles Lakers,115,103,False,False,2024-11-04|Los Angeles Lakers|Detroit Pistons,,,,2024-11-04|Los Angeles Lakers|Detroit Pistons,0.00259907320346374,"[{""p_home_win"": 0.00259907320346374, ""weight"": 1.0}]",-5.9499979010499375,,bradley_terry_hfa,1.0,12
2024-11-04,Atlanta Hawks,Boston Celtics,93,123,False,False,2024-11-04|Boston Celtics|Atlanta Hawks,,,,2024-11-04|Boston Celtics|Atlanta Hawks,0.1402454184294623,"[{""p_home_win"": 0.1402454184294623, ""weight"": 1.0}]",-1.813253101555281,,bradley_terry_hfa,0.0,-30
2024-11-04,Brooklyn Nets,Memphis Grizzlies,106,104,False,False,2024-11-04|Memphis Grizzlies|Brooklyn Nets,,,,2024-11-04|Memphis Grizzlies|Brooklyn Nets,0.42719361499884245,"[{""p_home_win"": 0.42719361499884245, ""weight"": 1.0}]",-0.2933104212130042,,bradley_terry_hfa,1.0,2
2024-11-04,Miami Heat,Sacramento Kings,110,111,False,False,2024-11-04|Sacramento Kings|Miami Heat,,,,2024-11-04|Sacramento Kings|Miami Heat,0.5637394813389339,"[{""p_home_win"": 0.5637394813389339, ""weight"": 1.0}]",0.25635264749403774,,bradley_terry_hfa,0.0,-1
2024-11-04,Chicago Bulls,Utah Jazz,126,135,False,False,2024-11-04|Utah Jazz|Chicago Bulls,,,,2024-11-04|Utah Jazz|Chicago Bulls,0.9730643128903756,"[{""p_home_win"": 0.9730643128903756, ""weight"": 1.0}]",3.5869981118006735,,bradley_terry_hfa,0.0,-9
2024-11-04,Houston Rockets,New York Knicks,109,97,False,False,2024-11-04|New York Knicks|Houston Rockets,,,,2024-11-04|New York Knicks|Houston Rockets,0.35699205690348823,"[{""p_home_win"": 0.35699205690348823, ""weight"": 1.0}]",-0.588443545382022,,bradley_terry_hfa,1.0,12
2024-11-04,Minnesota Timberwolves,Charlotte Hornets,114,93,False,False,2024-11-04|Charlotte Hornets|Minnesota Timberwolves,,,,2024-11-04|Charlotte Hornets|Minnesota Timberwolves,0.693105322787065,"[{""p_home_win"": 0.693105322787065, ""weight"": 1.0}]",0.814677350818436,,bradley_terry_hfa,1.0,21
2024-11-04,Oklahoma City Thunder,Orlando Magic,102,86,False,False,2024-11-04|Orlando Magic|Oklahoma City Thunder,,,,2024-11-04|Orlando Magic|Oklahoma City Thunder,0.9960071765281568,"[{""p_home_win"": 0.9960071765281568, ""weight"": 1.0}]",5.519255845210063,,bradley_terry_hfa,1.0,16
2024-11-04,New Orleans Pelicans,Portland Trail Blazers,100,118,False,False,2024-11-04|Portland Trail Blazers|New Orleans Pelicans,,,,2024-11-04|Portland Trail Blazers|New Orleans Pelicans,0.40061015468174227,"[{""p_home_win"": 0.40061015468174227, ""weight"": 1.0}]",-0.4029234417362948,,bradley_terry_hfa,0.0,-18
2024-11-04,Dallas Mavericks,Indiana Pacers,127,134,False,False,2024-11-04|Indiana Pacers|Dallas Mavericks,,,,2024-11-04|Indiana Pacers|Dallas Mavericks,0.9533096780314603,"[{""p_home_win"": 0.9533096780314603, ""weight"": 1.0}]",3.0164028967472403,,bradley_terry_hfa,0.0,-7
2024-11-04,Denver Nuggets,Toronto Raptors,121,119,False,False,2024-11-04|Toronto Raptors|Denver Nuggets,,,,2024-11-04|Toronto Raptors|Denver Nuggets,0.63820020182508,"[{""p_home_win"": 0.63820020182508, ""weight"": 1.0}]",0.5675610149602117,,bradley_terry_hfa,1.0,2
2024-11-04,Phoenix Suns,Philadelphia 76ers,118,116,False,False,2024-11-04|Philadelphia 76ers|Phoenix Suns,,,,2024-11-04|Philadelphia 76ers|Phoenix Suns,0.9993414083727233,"[{""p_home_win"": 0.9993414083727233, ""weight"": 1.0}]",7.3247480924200765,,bradley_terry_hfa,1.0,2
2024-11-04,Los Angeles Clippers,San Antonio Spurs,113,104,False,False,2024-11-04|San Antonio Spurs|Los Angeles Clippers,,,,2024-11-04|San Antonio Spurs|Los Angeles Clippers,0.48484459410645997,"[{""p_home_win"": 0.48484459410645997, ""weight"": 1.0}]",-0.06064019909240978,,bradley_terry_hfa,1.0,9
2024-11-06,Charlotte Hornets,Detroit Pistons,108,107,False,False,2024-11-06|Detroit Pistons|Charlotte Hornets,,,,2024-11-06|Detroit Pistons|Charlotte Hornets,0.41393044886395497,"[{""p_home_win"": 0.41393044886395497, ""weight"": 1.0}]",-0.34774050868069295,,bradley_terry_hfa,1.0,1
2024-11-06,Indiana Pacers,Orlando Magic,118,111,False,False,2024-11-06|Orlando Magic|Indiana Pacers,,,,2024-11-06|Orlando Magic|Indiana Pacers,0.5241771958014104,"[{""p_home_win"": 0.5241771958014104, ""weight"": 1.0}]",0.09678426224577977,,bradley_terry_hfa,1.0,7
2024-11-06,Atlanta Hawks,New York Knicks,121,116,False,False,2024-11-06|New York Knicks|Atlanta Hawks,,,,2024-11-06|New York Knicks|Atlanta Hawks,0.26364062479983374,"[{""p_home_win"": 0.26364062479983374, ""weight"": 1.0}]",-1.0271313750007833,,bradley_terry_hfa,1.0,5
2024-11-06,Boston Celtics,Golden State Warriors,112,118,False,False,2024-11-06|Golden State Warriors|Boston Celtics,,,,2024-11-06|Golden State Warriors|Boston Celtics,0.36193505418640537,"[{""p_home_win"": 0.36193505418640537, ""weight"": 1.0}]",-0.5669752867046818,,bradley_terry_hfa,0.0,-6
2024-11-06,Houston Rockets,San Antonio Spurs,127,100,False,False,2024-11-06|San Antonio Spurs|Houston Rockets,,,,2024-11-06|San Antonio Spurs|Houston Rockets,0.5424893413680218,"[{""p_home_win"": 0.5424893413680218, ""weight"": 1.0}]",0.1703682559732903,,bradley_terry_hfa,1.0,27
2024-11-06,Memphis Grizzlies,Los Angeles Lakers,131,114,False,False,2024-11-06|Los Angeles Lakers|Memphis Grizzlies,,,,2024-11-06|Los Angeles Lakers|Memphis Grizzlies,0.03487100027001504,"[{""p_home_win"": 0.03487100027001504, ""weight"": 1.0}]",-3.3206062249152137,,bradley_terry_hfa,1.0,17
2024-11-06,New Orleans Pelicans,Cleveland Cavaliers,122,131,False,False,2024-11-06|Cleveland Cavaliers|New Orleans Pelicans,,,,2024-11-06|Cleveland Cavaliers|New Orleans Pelicans,0.0034956330941346325,"[{""p_home_win"": 0.0034956330941346325, ""weight"": 1.0}]",-5.652739019791656,,bradley_terry_hfa,0.0,-9
2024-11-06,Dallas Mavericks,Chicago Bulls,119,99,False,False,2024-11-06|Chicago Bulls|Dallas Mavericks,,,,2024-11-06|Chicago Bulls|Dallas Mavericks,0.8661182790775706,"[{""p_home_win"": 0.8661182790775706, ""weight"": 1.0}]",1.8670647496806465,,bradley_terry_hfa,1.0,20
2024-11-06,Denver Nuggets,Oklahoma City Thunder,124,122,False,False,2024-11-06|Oklahoma City Thunder|Denver Nuggets,,,,2024-11-06|Oklahoma City Thunder|Denver Nuggets,0.006626018344323174,"[{""p_home_win"": 0.006626018344323174, ""weight"": 1.0}]",-5.010103138713549,,bradley_terry_hfa,1.0,2
2024-11-06,Phoenix Suns,Miami Heat,115,112,False,False,2024-11-06|Miami Heat|Phoenix Suns,,,,2024-11-06|Miami Heat|Phoenix Suns,0.9556890750328001,"[{""p_home_win"": 0.9556890750328001, ""weight"": 1.0}]",3.071201364927466,,bradley_terry_hfa,1.0,3
2024-11-06,Los Angeles Clippers,Philadelphia 76ers,110,98,False,False,2024-11-06|Philadelphia 76ers|Los Angeles Clippers,,,,2024-11-06|Philadelphia 76ers|Los Angeles Clippers,0.9869068805417637,"[{""p_home_win"": 0.9869068805417637, ""weight"": 1.0}]",4.322488828998303,,bradley_terry_hfa,1.0,12
2024-11-06,Sacramento Kings,Toronto Raptors,122,107,False,False,2024-11-06|Toronto Raptors|Sacramento Kings,,,,2024-11-06|Toronto Raptors|Sacramento Kings,0.7947105760961438,"[{""p_home_win"": 0.7947105760961438, ""weight"": 1.0}]",1.353557185771853,,bradley_terry_hfa,1.0,15
2024-11-07,Chicago Bulls,Minnesota Timberwolves,119,135,False,False,2024-11-07|Minnesota Timberwolves|Chicago Bulls,,,,2024-11-07|Minnesota Timberwolves|Chicago Bulls,0.17711742288133497,"[{""p_home_win"": 0.17711742288133497, ""weight"": 1.0}]",-1.5360005951232427,,bradley_terry_hfa,0.0,-16
2024-11-07,Milwaukee Bucks,Utah Jazz,123,100,False,False,2024-11-07|Utah Jazz|Milwaukee Bucks,,,,2024-11-07|Utah Jazz|Milwaukee Bucks,0.34924949911121167,"[{""p_home_win"": 0.34924949911121167, ""weight"": 1.0}]",-0.62233974963242,,bradley_terry_hfa,1.0,23
2024-11-07,San Antonio Spurs,Portland Trail Blazers,118,105,False,False,2024-11-07|Portland Trail Blazers|San Antonio Spurs,,,,2024-11-07|Portland Trail Blazers|San Antonio Spurs,0.47533268171552034,"[{""p_home_win"": 0.47533268171552034, ""weight"": 1.0}]",-0.09874944083357587,,bradley_terry_hfa,1.0,13
2024-11-08,Charlotte Hornets,Indiana Pacers,103,83,False,False,2024-11-08|Indiana Pacers|Charlotte Hornets,,,,2024-11-08|Indiana Pacers|Charlotte Hornets,0.5050859523269821,"[{""p_home_win"": 0.5050859523269821, ""weight"": 1.0}]",0.0203445109934981,,bradley_terry_hfa,1.0,20
2024-11-08,Detroit Pistons,Atlanta Hawks,122,121,False,False,2024-11-08|Atlanta Hawks|Detroit Pistons,,,,2024-11-08|Atlanta Hawks|Detroit Pistons,0.3648969904371063,"[{""p_home_win"": 0.3648969904371063, ""weight"": 1.0}]",-0.5541721097495976,,bradley_terry_hfa,1.0,1
2024-11-08,Orlando Magic,New Orleans Pelicans,115,88,False,False,2024-11-08|New Orleans Pelicans|Orlando Magic,,,,2024-11-08|New Orleans Pelicans|Orlando Magic,0.46457173758214504,"[{""p_home_win"": 0.46457173758214504, ""weight"": 1.0}]",-0.141950930410642,,bradley_terry_hfa,1.0,27
2024-11-08,Boston Celtics,Brooklyn Nets,108,104,False,False,2024-11-08|Brooklyn Nets|Boston Celtics,,,,2024-11-08|Brooklyn Nets|Boston Celtics,0.9078311232361141,"[{""p_home_win"": 0.9078311232361141, ""weight"": 1.0}]",2.287435862316246,,bradley_terry_hfa,1.0,4
2024-11-08,Cleveland Cavaliers,Golden State Warriors,136,117,False,False,2024-11-08|Golden State Warriors|Cleveland Cavaliers,,,,2024-11-08|Golden State Warriors|Cleveland Cavaliers,0.9378949150579222,"[{""p_home_win"": 0.9378949150579222, ""weight"": 1.0}]",2.714810043162767,,bradley_terry_hfa,1.0,19
2024-11-08,Dallas Mavericks,Phoenix Suns,113,114,False,False,2024-11-08|Phoenix Suns|Dallas Mavericks,,,,2024-11-08|Phoenix Suns|Dallas Mavericks,0.1436890782781876,"[{""p_home_win"": 0.1436890782781876, ""weight"": 1.0}]",-1.7849817499362692,,bradley_terry_hfa,0.0,-1
2024-11-08,New York Knicks,Milwaukee Bucks,116,94,False,False,2024-11-08|Milwaukee Bucks|New York Knicks,,,,2024-11-08|Milwaukee Bucks|New York Knicks,0.9171227701254959,"[{""p_home_win"": 0.9171227701254959, ""weight"": 1.0}]",2.4038809910327794,,bradley_terry_hfa,1.0,22
2024-11-08,Memphis Grizzlies,Washington Wizards,128,104,False,False,2024-11-08|Washington Wizards|Memphis Grizzlies,,,,2024-11-08|Washington Wizards|Memphis Grizzlies,0.35549061339169874,"[{""p_home_win"": 0.35549061339169874, ""weight"": 1.0}]",-0.5949905415110895,,bradley_terry_hfa,1.0,24
2024-11-08,Oklahoma City Thunder,Houston Rockets,126,107,False,False,2024-11-08|Houston Rockets|Oklahoma City Thunder,,,,2024-11-08|Houston Rockets|Oklahoma City Thunder,0.8391757280249105,"[{""p_home_win"": 0.8391757280249105, ""weight"": 1.0}]",1.6521078434373826,,bradley_terry_hfa,1.0,19
2024-11-08,Denver Nuggets,Miami Heat,135,122,False,False,2024-11-08|Miami Heat|Denver Nuggets,,,,2024-11-08|Miami Heat|Denver Nuggets,0.8074420624376145,"[{""p_home_win"": 0.8074420624376145, ""weight"": 1.0}]",1.4334742204252442,,bradley_terry_hfa,1.0,13
2024-11-08,Minnesota Timberwolves,Portland Trail Blazers,127,102,False,False,2024-11-08|Portland Trail Blazers|Minnesota Timberwolves,,,,2024-11-08|Portland Trail Blazers|Minnesota Timberwolves,0.6919530663489549,"[{""p_home_win"": 0.6919530663489549, ""weight"": 1.0}]",0.8092659767738888,,bradley_terry_hfa,1.0,25
2024-11-08,Los Angeles Lakers,Philadelphia 76ers,116,106,False,False,2024-11-08|Philadelphia 76ers|Los Angeles Lakers,,,,2024-11-08|Philadelphia 76ers|Los Angeles Lakers,0.9706596658539047,"[{""p_home_win"": 0.9706596658539047, ""weight"": 1.0}]",3.4990127468408843,,bradley_terry_hfa,1.0,10
2024-11-08,Sacramento Kings,Los Angeles Clippers,98,107,False,False,2024-11-08|Los Angeles Clippers|Sacramento Kings,,,,2024-11-08|Los Angeles Clippers|Sacramento Kings,0.29459392949858126,"[{""p_home_win"": 0.29459392949858126, ""weight"": 1.0}]",-0.8731757256174374,,bradley_terry_hfa,0.0,-9
2024-11-09,San Antonio Spurs,Utah Jazz,110,111,False,False,2024-11-09|Utah Jazz|San Antonio Spurs,,,,2024-11-09|Utah Jazz|San Antonio Spurs,0.9319226927249035,"[{""p_home_win"": 0.9319226927249035, ""weight"": 1.0}]",2.6166059324057205,,bradley_terry_hfa,0.0,-1
2024-11-09,Atlanta Hawks,Chicago Bulls,113,125,False,False,2024-11-09|Chicago Bulls|Atlanta Hawks,,,,2024-11-09|Chicago Bulls|Atlanta Hawks,0.5918230176217273,"[{""p_home_win"": 0.5918230176217273, ""weight"": 1.0}]",0.37150677277990907,,bradley_terry_hfa,0.0,-12
2024-11-09,Cleveland Cavaliers,Brooklyn Nets,105,100,False,False,2024-11-09|Brooklyn Nets|Cleveland Cavaliers,,,,2024-11-09|Brooklyn Nets|Cleveland Cavaliers,0.998321792984784,"[{""p_home_win"": 0.998321792984784, ""weight"": 1.0}]",6.388349691552334,,bradley_terry_hfa,1.0,5
2024-11-09,Los Angeles Clippers,Toronto Raptors,105,103,False,False,2024-11-09|Toronto Raptors|Los Angeles Clippers,,,,2024-11-09|Toronto Raptors|Los Angeles Clippers,0.9293603552547146,"[{""p_home_win"": 0.9293603552547146, ""weight"": 1.0}]",2.5769050322665903,,bradley_terry_hfa,1.0,2
2024-11-10,Detroit Pistons,Houston Rockets,99,101,False,False,2024-11-10|Houston Rockets|Detroit Pistons,,,,2024-11-10|Houston Rockets|Detroit Pistons,0.11290588865985347,"[{""p_home_win"": 0.11290588865985347, ""weight"": 1.0}]",-2.061396449415776,,bradley_terry_hfa,0.0,-2
2024-11-10,Milwaukee Bucks,Boston Celtics,107,113,False,False,2024-11-10|Boston Celtics|Milwaukee Bucks,,,,2024-11-10|Boston Celtics|Milwaukee Bucks,0.017832774089451706,"[{""p_home_win"": 0.017832774089451706, ""weight"": 1.0}]",-4.00872357973571,,bradley_terry_hfa,0.0,-6
2024-11-10,Indiana Pacers,New York Knicks,132,121,False,False,2024-11-10|New York Knicks|Indiana Pacers,,,,2024-11-10|New York Knicks|Indiana Pacers,0.21257424862854551,"[{""p_home_win"": 0.21257424862854551, ""weight"": 1.0}]",-1.3094777496345653,,bradley_terry_hfa,1.0,11
2024-11-10,Orlando Magic,Washington Wizards,121,94,False,False,2024-11-10|Washington Wizards|Orlando Magic,,,,2024-11-10|Washington Wizards|Orlando Magic,0.49229786730670944,"[{""p_home_win"": 0.49229786730670944, ""weight"": 1.0}]",-0.030810967986554694,,bradley_terry_hfa,1.0,27
2024-11-10,Minnesota Timberwolves,Miami Heat,94,95,False,False,2024-11-10|Miami Heat|Minnesota Timberwolves,,,,2024-11-10|Miami Heat|Minnesota Timberwolves,0.710690642617781,"[{""p_home_win"": 0.710690642617781, ""weight"": 1.0}]",0.8987406769474224,,bradley_terry_hfa,0.0,-1
2024-11-10,Oklahoma City Thunder,Golden State Warriors,116,127,False,False,2024-11-10|Golden State Warriors|Oklahoma City Thunder,,,,2024-11-10|Golden State Warriors|Oklahoma City Thunder,0.48341406159432737,"[{""p_home_win"": 0.48341406159432737, ""weight"": 1.0}]",-0.06636810400224769,,bradley_terry_hfa,0.0,-11
2024-11-10,Philadelphia 76ers,Charlotte Hornets,107,105,False,False,2024-11-10|Charlotte Hornets|Philadelphia 76ers,,,,2024-11-10|Charlotte Hornets|Philadelphia 76ers,0.047916075984114896,"[{""p_home_win"": 0.047916075984114896, ""weight"": 1.0}]",-2.9892021227394387,,bradley_terry_hfa,1.0,2
2024-11-10,Denver Nuggets,Dallas Mavericks,122,120,False,False,2024-11-10|Dallas Mavericks|Denver Nuggets,,,,2024-11-10|Dallas Mavericks|Denver Nuggets,0.5593433950854493,"[{""p_home_win"": 0.5593433950854493, ""weight"": 1.0}]",0.2384976885671224,,bradley_terry_hfa,1.0,2
2024-11-10,Phoenix Suns,Sacramento Kings,118,127,False,False,2024-11-10|Sacramento Kings|Phoenix Suns,,,,2024-11-10|Sacramento Kings|Phoenix Suns,0.9359494277272022,"[{""p_home_win"": 0.9359494277272022, ""weight"": 1.0}]",2.681888481726933,,bradley_terry_hfa,0.0,-9
2024-11-10,Portland Trail Blazers,Memphis Grizzlies,89,134,False,False,2024-11-10|Memphis Grizzlies|Portland Trail Blazers,,,,2024-11-10|Memphis Grizzlies|Portland Trail Blazers,0.31060316682565264,"[{""p_home_win"": 0.31060316682565264, ""weight"": 1.0}]",-0.7973009539800261,,bradley_terry_hfa,0.0,-45
2024-11-10,Los Angeles Lakers,Toronto Raptors,123,103,False,False,2024-11-10|Toronto Raptors|Los Angeles Lakers,,,,2024-11-10|Toronto Raptors|Los Angeles Lakers,0.8673870995391602,"[{""p_home_win"": 0.8673870995391602, ""weight"": 1.0}]",1.878050997165196,,bradley_terry_hfa,1.0,20
2024-11-11,Chicago Bulls,Cleveland Cavaliers,113,119,False,False,2024-11-11|Cleveland Cavaliers|Chicago Bulls,,,,2024-11-11|Cleveland Cavaliers|Chicago Bulls,9.448322054992725e-05,"[{""p_home_win"": 9.448322054992725e-05, ""weight"": 1.0}]",-9.266993811864136,,bradley_terry_hfa,0.0,-6
2024-11-11,Houston Rockets,Washington Wizards,107,92,False,False,2024-11-11|Washington Wizards|Houston Rockets,,,,2024-11-11|Washington Wizards|Houston Rockets,0.781486530138594,"[{""p_home_win"": 0.781486530138594, ""weight"": 1.0}]",1.2743502542073766,,bradley_terry_hfa,1.0,15
2024-11-11,New Orleans Pelicans,Brooklyn Nets,105,107,False,False,2024-11-11|Brooklyn Nets|New Orleans Pelicans,,,,2024-11-11|Brooklyn Nets|New Orleans Pelicans,0.12845661989842455,"[{""p_home_win"": 0.12845661989842455, ""weight"": 1.0}]",-1.9146743810852795,,bradley_terry_hfa,0.0,-2
2024-11-11,Oklahoma City Thunder,Los Angeles Clippers,134,128,False,False,2024-11-11|Los Angeles Clippers|Oklahoma City Thunder,,,,2024-11-11|Los Angeles Clippers|Oklahoma City Thunder,0.5623998699187988,"[{""p_home_win"": 0.5623998699187988, ""weight"": 1.0}]",0.2509075608315978,,bradley_terry_hfa,1.0,6
2024-11-11,San Antonio Spurs,Sacramento Kings,116,96,False,False,2024-11-11|Sacramento Kings|San Antonio Spurs,,,,2024-11-11|Sacramento Kings|San Antonio Spurs,0.1111497704729969,"[{""p_home_win"": 0.1111497704729969, ""weight"": 1.0}]",-2.0790501752100345,,bradley_terry_hfa,1.0,20
2024-11-12,Boston Celtics,Atlanta Hawks,116,117,False,False,2024-11-12|Atlanta Hawks|Boston Celtics,,,,2024-11-12|Atlanta Hawks|Boston Celtics,0.9043123923497973,"[{""p_home_win"": 0.9043123923497973, ""weight"": 1.0}]",2.246086069020645,,bradley_terry_hfa,0.0,-1
2024-11-12,Detroit Pistons,Miami Heat,123,121,False,False,2024-11-12|Miami Heat|Detroit Pistons,,,,2024-11-12|Miami Heat|Detroit Pistons,0.13912611345351628,"[{""p_home_win"": 0.13912611345351628, ""weight"": 1.0}]",-1.822567207643133,,bradley_terry_hfa,1.0,2
2024-11-12,Orlando Magic,Charlotte Hornets,114,89,False,False,2024-11-12|Charlotte Hornets|Orlando Magic,,,,2024-11-12|Charlotte Hornets|Orlando Magic,0.3984986121564549,"[{""p_home_win"": 0.3984986121564549, ""weight"": 1.0}]",-0.41172482716105196,,bradley_terry_hfa,1.0,25
2024-11-12,Philadelphia 76ers,New York Knicks,99,111,False,False,2024-11-12|New York Knicks|Philadelphia 76ers,,,,2024-11-12|New York Knicks|Philadelphia 76ers,0.030989582567145832,"[{""p_home_win"": 0.030989582567145832, ""weight"": 1.0}]",-3.4426242607498176,,bradley_terry_hfa,0.0,-12
2024-11-12,Milwaukee Bucks,Toronto Raptors,99,85,False,False,2024-11-12|Toronto Raptors|Milwaukee Bucks,,,,2024-11-12|Toronto Raptors|Milwaukee Bucks,0.1820121014590405,"[{""p_home_win"": 0.1820121014590405, ""weight"": 1.0}]",-1.502774366134087,,bradley_terry_hfa,1.0,14
2024-11-12,Utah Jazz,Phoenix Suns,112,120,False,False,2024-11-12|Phoenix Suns|Utah Jazz,,,,2024-11-12|Phoenix Suns|Utah Jazz,0.004045392081961716,"[{""p_home_win"": 0.004045392081961716, ""weight"": 1.0}]",-5.506123206325913,,bradley_terry_hfa,0.0,-8
2024-11-12,Golden State Warriors,Dallas Mavericks,120,117,False,False,2024-11-12|Dallas Mavericks|Golden State Warriors,,,,2024-11-12|Dallas Mavericks|Golden State Warriors,0.9164784596483643,"[{""p_home_win"": 0.9164784596483643, ""weight"": 1.0}]",2.3954339972931247,,bradley_terry_hfa,1.0,3
2024-11-12,Portland Trail Blazers,Minnesota Timberwolves,122,108,False,False,2024-11-12|Minnesota Timberwolves|Portland Trail Blazers,,,,2024-11-12|Minnesota Timberwolves|Portland Trail Blazers,0.05354447073509891,"[{""p_home_win"": 0.05354447073509891, ""weight"": 1.0}]",-2.8722114478288967,,bradley_terry_hfa,1.0,14
2024-11-13,Orlando Magic,Indiana Pacers,94,90,False,False,2024-11-13|Indiana Pacers|Orlando Magic,,,,2024-11-13|Indiana Pacers|Orlando Magic,0.27170551541608595,"[{""p_home_win"": 0.27170551541608595, ""weight"": 1.0}]",-0.9859866623143254,,bradley_terry_hfa,1.0,4
2024-11-13,Brooklyn Nets,Boston Celtics,114,139,False,False,2024-11-13|Boston Celtics|Brooklyn Nets,,,,2024-11-13|Boston Celtics|Brooklyn Nets,0.04495733720209645,"[{""p_home_win"": 0.04495733720209645, ""weight"": 1.0}]",-3.0560420346702353,,bradley_terry_hfa,0.0,-25
2024-11-13,New York Knicks,Chicago Bulls,123,124,False,False,2024-11-13|Chicago Bulls|New York Knicks,,,,2024-11-13|Chicago Bulls|New York Knicks,0.44782094286769814,"[{""p_home_win"": 0.44782094286769814, ""weight"": 1.0}]",-0.20947890111819412,,bradley_terry_hfa,0.0,-1
2024-11-13,Oklahoma City Thunder,New Orleans Pelicans,106,88,False,False,2024-11-13|New Orleans Pelicans|Oklahoma City Thunder,,,,2024-11-13|New Orleans Pelicans|Oklahoma City Thunder,0.9809407132888436,"[{""p_home_win"": 0.9809407132888436, ""weight"": 1.0}]",3.940957548576732,,bradley_terry_hfa,1.0,18
2024-11-13,Philadelphia 76ers,Cleveland Cavaliers,106,114,False,False,2024-11-13|Cleveland Cavaliers|Philadelphia 76ers,,,,2024-11-13|Cleveland Cavaliers|Philadelphia 76ers,6.545094347654087e-06,"[{""p_home_win"": 6.545094347654087e-06, ""weight"": 1.0}]",-11.936788198364555,,bradley_terry_hfa,0.0,-8
2024-11-13,Houston Rockets,Los Angeles Clippers,111,103,False,False,2024-11-13|Los Angeles Clippers|Houston Rockets,,,,2024-11-13|Los Angeles Clippers|Houston Rockets,0.20393370356194537,"[{""p_home_win"": 0.20393370356194537, ""weight"": 1.0}]",-1.3618875108722317,,bradley_terry_hfa,1.0,8
2024-11-13,Milwaukee Bucks,Detroit Pistons,127,120,False,False,2024-11-13|Detroit Pistons|Milwaukee Bucks,,,,2024-11-13|Detroit Pistons|Milwaukee Bucks,0.08209514820743533,"[{""p_home_win"": 0.08209514820743533, ""weight"": 1.0}]",-2.414214819385367,,bradley_terry_hfa,1.0,7
2024-11-13,San Antonio Spurs,Washington Wizards,139,130,False,False,2024-11-13|Washington Wizards|San Antonio Spurs,,,,2024-11-13|Washington Wizards|San Antonio Spurs,0.546005482563898,"[{""p_home_win"": 0.546005482563898, ""weight"": 1.0}]",0.18454389518381498,,bradley_terry_hfa,1.0,9
2024-11-13,Los Angeles Lakers,Memphis Grizzlies,128,123,False,False,2024-11-13|Memphis Grizzlies|Los Angeles Lakers,,,,2024-11-13|Memphis Grizzlies|Los Angeles Lakers,0.3659315553318491,"[{""p_home_win"": 0.3659315553318491, ""weight"": 1.0}]",-0.5497105968768351,,bradley_terry_hfa,1.0,5
2024-11-13,Portland Trail Blazers,Minnesota Timberwolves,106,98,False,False,2024-11-13|Minnesota Timberwolves|Portland Trail Blazers,,,,2024-11-13|Minnesota Timberwolves|Portland Trail Blazers,0.10295418320364144,"[{""p_home_win"": 0.10295418320364144, ""weight"": 1.0}]",-2.164822872564447,,bradley_terry_hfa,1.0,8
2024-11-13,Sacramento Kings,Phoenix Suns,127,104,False,False,2024-11-13|Phoenix Suns|Sacramento Kings,,,,2024-11-13|Phoenix Suns|Sacramento Kings,0.017525025210112302,"[{""p_home_win"": 0.017525025210112302, ""weight"": 1.0}]",-4.026445001024825,,bradley_terry_hfa,1.0,23
2024-11-14,Utah Jazz,Dallas Mavericks,115,113,False,False,2024-11-14|Dallas Mavericks|Utah Jazz,,,,2024-11-14|Dallas Mavericks|Utah Jazz,0.02637880416722962,"[{""p_home_win"": 0.02637880416722962, ""weight"": 1.0}]",-3.6084614967881747,,bradley_terry_hfa,1.0,2
2024-11-15,Indiana Pacers,Miami Heat,111,124,False,False,2024-11-15|Miami Heat|Indiana Pacers,,,,2024-11-15|Miami Heat|Indiana Pacers,0.2193022430988197,"[{""p_home_win"": 0.2193022430988197, ""weight"": 1.0}]",-1.2697371961125807,,bradley_terry_hfa,0.0,-13
2024-11-15,Orlando Magic,Philadelphia 76ers,98,86,False,False,2024-11-15|Philadelphia 76ers|Orlando Magic,,,,2024-11-15|Philadelphia 76ers|Orlando Magic,0.8970014599226953,"[{""p_home_win"": 0.8970014599226953, ""weight"": 1.0}]",2.164342675496571,,bradley_terry_hfa,1.0,12
2024-11-15,Toronto Raptors,Detroit Pistons,95,99,False,False,2024-11-15|Detroit Pistons|Toronto Raptors,,,,2024-11-15|Detroit Pistons|Toronto Raptors,0.06625475894337177,"[{""p_home_win"": 0.06625475894337177, ""weight"": 1.0}]",-2.6456963444474497,,bradley_terry_hfa,0.0,-4
2024-11-15,Atlanta Hawks,Washington Wizards,129,117,False,False,2024-11-15|Washington Wizards|Atlanta Hawks,,,,2024-11-15|Washington Wizards|Atlanta Hawks,0.33464546180802746,"[{""p_home_win"": 0.33464546180802746, ""weight"": 1.0}]",-0.6872483902806765,,bradley_terry_hfa,1.0,12
2024-11-15,Cleveland Cavaliers,Chicago Bulls,144,126,False,False,2024-11-15|Chicago Bulls|Cleveland Cavaliers,,,,2024-11-15|Chicago Bulls|Cleveland Cavaliers,0.9992881369789688,"[{""p_home_win"": 0.9992881369789688, ""weight"": 1.0}]",7.24691293473711,,bradley_terry_hfa,1.0,18
2024-11-15,New York Knicks,Brooklyn Nets,124,122,False,False,2024-11-15|Brooklyn Nets|New York Knicks,,,,2024-11-15|Brooklyn Nets|New York Knicks,0.2181261653925158,"[{""p_home_win"": 0.2181261653925158, ""weight"": 1.0}]",-1.2766197549939222,,bradley_terry_hfa,1.0,2
2024-11-15,San Antonio Spurs,Los Angeles Lakers,115,120,False,False,2024-11-15|Los Angeles Lakers|San Antonio Spurs,,,,2024-11-15|Los Angeles Lakers|San Antonio Spurs,0.07816478828723114,"[{""p_home_win"": 0.07816478828723114, ""weight"": 1.0}]",-2.467547209931829,,bradley_terry_hfa,0.0,-5
2024-11-15,Houston Rockets,Los Angeles Clippers,125,104,False,False,2024-11-15|Los Angeles Clippers|Houston Rockets,,,,2024-11-15|Los Angeles Clippers|Houston Rockets,0.3206417681688204,"[{""p_home_win"": 0.3206417681688204, ""weight"": 1.0}]",-0.7508240628738337,,bradley_terry_hfa,1.0,21
2024-11-15,New Orleans Pelicans,Denver Nuggets,101,94,False,False,2024-11-15|Denver Nuggets|New Orleans Pelicans,,,,2024-11-15|Denver Nuggets|New Orleans Pelicans,0.007501714899316189,"[{""p_home_win"": 0.007501714899316189, ""weight"": 1.0}]",-4.885093637054345,,bradley_terry_hfa,1.0,7
2024-11-15,Oklahoma City Thunder,Phoenix Suns,99,83,False,False,2024-11-15|Phoenix Suns|Oklahoma City Thunder,,,,2024-11-15|Phoenix Suns|Oklahoma City Thunder,0.5137954309789203,"[{""p_home_win"": 0.5137954309789203, ""weight"": 1.0}]",0.055195732781454065,,bradley_terry_hfa,1.0,16
2024-11-15,Golden State Warriors,Memphis Grizzlies,123,118,False,False,2024-11-15|Memphis Grizzlies|Golden State Warriors,,,,2024-11-15|Memphis Grizzlies|Golden State Warriors,0.9573732972445381,"[{""p_home_win"": 0.9573732972445381, ""weight"": 1.0}]",3.1117125035132815,,bradley_terry_hfa,1.0,5
2024-11-15,Sacramento Kings,Minnesota Timberwolves,126,130,False,False,2024-11-15|Minnesota Timberwolves|Sacramento Kings,,,,2024-11-15|Minnesota Timberwolves|Sacramento Kings,0.4050592739796878,"[{""p_home_win"": 0.4050592739796878, ""weight"": 1.0}]",-0.3844283685462666,,bradley_terry_hfa,0.0,-4
2024-11-16,Charlotte Hornets,Milwaukee Bucks,115,114,False,False,2024-11-16|Milwaukee Bucks|Charlotte Hornets,,,,2024-11-16|Milwaukee Bucks|Charlotte Hornets,0.15118741651562356,"[{""p_home_win"": 0.15118741651562356, ""weight"": 1.0}]",-1.7253181760395064,,bradley_terry_hfa,1.0,1
2024-11-16,Boston Celtics,Toronto Raptors,126,123,False,False,2024-11-16|Toronto Raptors|Boston Celtics,,,,2024-11-16|Toronto Raptors|Boston Celtics,0.9776043764324651,"[{""p_home_win"": 0.9776043764324651, ""weight"": 1.0}]",3.776239501794903,,bradley_terry_hfa,1.0,3
2024-11-16,New Orleans Pelicans,Los Angeles Lakers,99,104,False,False,2024-11-16|Los Angeles Lakers|New Orleans Pelicans,,,,2024-11-16|Los Angeles Lakers|New Orleans Pelicans,0.009461160127120618,"[{""p_home_win"": 0.009461160127120618, ""weight"": 1.0}]",-4.651054067213501,,bradley_terry_hfa,0.0,-5
2024-11-16,Dallas Mavericks,San Antonio Spurs,110,93,False,False,2024-11-16|San Antonio Spurs|Dallas Mavericks,,,,2024-11-16|San Antonio Spurs|Dallas Mavericks,0.13117228823277963,"[{""p_home_win"": 0.13117228823277963, ""weight"": 1.0}]",-1.8906332088098772,,bradley_terry_hfa,1.0,17
2024-11-16,Sacramento Kings,Utah Jazz,121,117,False,False,2024-11-16|Utah Jazz|Sacramento Kings,,,,2024-11-16|Utah Jazz|Sacramento Kings,0.6291226087214046,"[{""p_home_win"": 0.6291226087214046, ""weight"": 1.0}]",0.5284546378724193,,bradley_terry_hfa,1.0,4
2024-11-17,Minnesota Timberwolves,Phoenix Suns,120,117,False,False,2024-11-17|Phoenix Suns|Minnesota Timberwolves,,,,2024-11-17|Phoenix Suns|Minnesota Timberwolves,0.021580451556395906,"[{""p_home_win"": 0.021580451556395906, ""weight"": 1.0}]",-3.814150679810676,,bradley_terry_hfa,1.0,3
2024-11-17,Indiana Pacers,Miami Heat,119,110,False,False,2024-11-17|Miami Heat|Indiana Pacers,,,,2024-11-17|Miami Heat|Indiana Pacers,0.09110972287556014,"[{""p_home_win"": 0.09110972287556014, ""weight"": 1.0}]",-2.3001598535835925,,bradley_terry_hfa,1.0,9
2024-11-17,Cleveland Cavaliers,Charlotte Hornets,128,114,False,False,2024-11-17|Charlotte Hornets|Cleveland Cavaliers,,,,2024-11-17|Charlotte Hornets|Cleveland Cavaliers,0.9998314797136046,"[{""p_home_win"": 0.9998314797136046, ""weight"": 1.0}]",8.688285886893318,,bradley_terry_hfa,1.0,14
2024-11-17,Memphis Grizzlies,Denver Nuggets,105,90,False,False,2024-11-17|Denver Nuggets|Memphis Grizzlies,,,,2024-11-17|Denver Nuggets|Memphis Grizzlies,0.09689863505640021,"[{""p_home_win"": 0.09689863505640021, ""weight"": 1.0}]",-2.2321693679614345,,bradley_terry_hfa,1.0,15
2024-11-17,Portland Trail Blazers,Atlanta Hawks,114,110,False,False,2024-11-17|Atlanta Hawks|Portland Trail Blazers,,,,2024-11-17|Atlanta Hawks|Portland Trail Blazers,0.2453623547633043,"[{""p_home_win"": 0.2453623547633043, ""weight"": 1.0}]",-1.1235015770203098,,bradley_terry_hfa,1.0,4
2024-11-17,Washington Wizards,Detroit Pistons,104,124,False,False,2024-11-17|Detroit Pistons|Washington Wizards,,,,2024-11-17|Detroit Pistons|Washington Wizards,0.054964763313385234,"[{""p_home_win"": 0.054964763313385234, ""weight"": 1.0}]",-2.8445299014093512,,bradley_terry_hfa,0.0,-20
2024-11-17,Chicago Bulls,Houston Rockets,107,143,False,False,2024-11-17|Houston Rockets|Chicago Bulls,,,,2024-11-17|Houston Rockets|Chicago Bulls,0.015839329068424373,"[{""p_home_win"": 0.015839329068424373, ""weight"": 1.0}]",-4.1292931384921925,,bradley_terry_hfa,0.0,-36
2024-11-17,New York Knicks,Brooklyn Nets,114,104,False,False,2024-11-17|Brooklyn Nets|New York Knicks,,,,2024-11-17|Brooklyn Nets|New York Knicks,0.33488168407659813,"[{""p_home_win"": 0.33488168407659813, ""weight"": 1.0}]",-0.6861876559312466,,bradley_terry_hfa,1.0,10
2024-11-17,Oklahoma City Thunder,Dallas Mavericks,119,121,False,False,2024-11-17|Dallas Mavericks|Oklahoma City Thunder,,,,2024-11-17|Dallas Mavericks|Oklahoma City Thunder,0.939621160977615,"[{""p_home_win"": 0.939621160977615, ""weight"": 1.0}]",2.744838077549683,,bradley_terry_hfa,0.0,-2
2024-11-17,Los Angeles Clippers,Utah Jazz,116,105,False,False,2024-11-17|Utah Jazz|Los Angeles Clippers,,,,2024-11-17|Utah Jazz|Los Angeles Clippers,0.7849066407951808,"[{""p_home_win"": 0.7849066407951808, ""weight"": 1.0}]",1.2944926190492483,,bradley_terry_hfa,1.0,11
2024-11-18,Detroit Pistons,Chicago Bulls,112,122,False,False,2024-11-18|Chicago Bulls|Detroit Pistons,,,,2024-11-18|Chicago Bulls|Detroit Pistons,0.14340011787134985,"[{""p_home_win"": 0.14340011787134985, ""weight"": 1.0}]",-1.7873321774364146,,bradley_terry_hfa,0.0,-10
2024-11-18,Miami Heat,Philadelphia 76ers,106,89,False,False,2024-11-18|Philadelphia 76ers|Miami Heat,,,,2024-11-18|Philadelphia 76ers|Miami Heat,0.7806255167477415,"[{""p_home_win"": 0.7806255167477415, ""weight"": 1.0}]",1.26931530417421,,bradley_terry_hfa,1.0,17
2024-11-18,New York Knicks,Washington Wizards,134,106,False,False,2024-11-18|Washington Wizards|New York Knicks,,,,2024-11-18|Washington Wizards|New York Knicks,0.8709787114583571,"[{""p_home_win"": 0.8709787114583571, ""weight"": 1.0}]",1.9096401168586454,,bradley_terry_hfa,1.0,28
2024-11-18,Toronto Raptors,Indiana Pacers,130,119,False,False,2024-11-18|Indiana Pacers|Toronto Raptors,,,,2024-11-18|Indiana Pacers|Toronto Raptors,0.011196550872774035,"[{""p_home_win"": 0.011196550872774035, ""weight"": 1.0}]",-4.480889801808074,,bradley_terry_hfa,1.0,11
2024-11-18,Milwaukee Bucks,Houston Rockets,101,100,False,False,2024-11-18|Houston Rockets|Milwaukee Bucks,,,,2024-11-18|Houston Rockets|Milwaukee Bucks,0.001715683891645763,"[{""p_home_win"": 0.001715683891645763, ""weight"": 1.0}]",-6.36622634985035,,bradley_terry_hfa,1.0,1
2024-11-18,Phoenix Suns,Orlando Magic,99,109,False,False,2024-11-18|Orlando Magic|Phoenix Suns,,,,2024-11-18|Orlando Magic|Phoenix Suns,0.5238532408201154,"[{""p_home_win"": 0.5238532408201154, ""weight"": 1.0}]",0.09548544600589248,,bradley_terry_hfa,0.0,-10
2024-11-18,Sacramento Kings,Atlanta Hawks,108,109,False,False,2024-11-18|Atlanta Hawks|Sacramento Kings,,,,2024-11-18|Atlanta Hawks|Sacramento Kings,0.5460018105780665,"[{""p_home_win"": 0.5460018105780665, ""weight"": 1.0}]",0.18452908184047123,,bradley_terry_hfa,0.0,-1
2024-11-18,Los Angeles Clippers,Golden State Warriors,102,99,False,False,2024-11-18|Golden State Warriors|Los Angeles Clippers,,,,2024-11-18|Golden State Warriors|Los Angeles Clippers,0.001383828714531287,"[{""p_home_win"": 0.001383828714531287, ""weight"": 1.0}]",-6.581516403532781,,bradley_terry_hfa,1.0,3
2024-11-19,Boston Celtics,Cleveland Cavaliers,120,117,False,False,2024-11-19|Cleveland Cavaliers|Boston Celtics,,,,2024-11-19|Cleveland Cavaliers|Boston Celtics,0.0002490227453765406,"[{""p_home_win"": 0.0002490227453765406, ""weight"": 1.0}]",-8.297717265021014,,bradley_terry_hfa,1.0,3
2024-11-19,Brooklyn Nets,Charlotte Hornets,116,115,False,False,2024-11-19|Charlotte Hornets|Brooklyn Nets,,,,2024-11-19|Charlotte Hornets|Brooklyn Nets,0.17327123575626172,"[{""p_home_win"": 0.17327123575626172, ""weight"": 1.0}]",-1.5626184622401968,,bradley_terry_hfa,1.0,1
2024-11-19,Memphis Grizzlies,Denver Nuggets,110,122,False,False,2024-11-19|Denver Nuggets|Memphis Grizzlies,,,,2024-11-19|Denver Nuggets|Memphis Grizzlies,0.1504309832382668,"[{""p_home_win"": 0.1504309832382668, ""weight"": 1.0}]",-1.731224785919637,,bradley_terry_hfa,0.0,-12
2024-11-19,Dallas Mavericks,New Orleans Pelicans,132,91,False,False,2024-11-19|New Orleans Pelicans|Dallas Mavericks,,,,2024-11-19|New Orleans Pelicans|Dallas Mavericks,0.5697537370885766,"[{""p_home_win"": 0.5697537370885766, ""weight"": 1.0}]",0.2808464780766857,,bradley_terry_hfa,1.0,41
2024-11-19,San Antonio Spurs,Oklahoma City Thunder,110,104,False,False,2024-11-19|Oklahoma City Thunder|San Antonio Spurs,,,,2024-11-19|Oklahoma City Thunder|San Antonio Spurs,0.001800106150968656,"[{""p_home_win"": 0.001800106150968656, ""weight"": 1.0}]",-6.31810791476946,,bradley_terry_hfa,1.0,6
2024-11-19,Los Angeles Lakers,Utah Jazz,124,118,False,False,2024-11-19|Utah Jazz|Los Angeles Lakers,,,,2024-11-19|Utah Jazz|Los Angeles Lakers,0.9581725508456148,"[{""p_home_win"": 0.9581725508456148, ""weight"": 1.0}]",3.1314750751107976,,bradley_terry_hfa,1.0,6
2024-11-20,Cleveland Cavaliers,New Orleans Pelicans,128,100,False,False,2024-11-20|New Orleans Pelicans|Cleveland Cavaliers,,,,2024-11-20|New Orleans Pelicans|Cleveland Cavaliers,0.9979132818509671,"[{""p_home_win"": 0.9979132818509671, ""weight"": 1.0}]",6.170073812403171,,bradley_terry_hfa,1.0,28
2024-11-20,Milwaukee Bucks,Chicago Bulls,122,106,False,False,2024-11-20|Chicago Bulls|Milwaukee Bucks,,,,2024-11-20|Chicago Bulls|Milwaukee Bucks,0.050440276128661046,"[{""p_home_win"": 0.050440276128661046, ""weight"": 1.0}]",-2.9352084431323786,,bradley_terry_hfa,1.0,16
2024-11-20,Houston Rockets,Indiana Pacers,130,113,False,False,2024-11-20|Indiana Pacers|Houston Rockets,,,,2024-11-20|Indiana Pacers|Houston Rockets,0.8399432986465972,"[{""p_home_win"": 0.8399432986465972, ""weight"": 1.0}]",1.6578062520342218,,bradley_terry_hfa,1.0,17
2024-11-20,Memphis Grizzlies,Philadelphia 76ers,117,111,False,False,2024-11-20|Philadelphia 76ers|Memphis Grizzlies,,,,2024-11-20|Philadelphia 76ers|Memphis Grizzlies,0.9516501672940157,"[{""p_home_win"": 0.9516501672940157, ""weight"": 1.0}]",2.979734734096474,,bradley_terry_hfa,1.0,6
2024-11-20,Oklahoma City Thunder,Portland Trail Blazers,109,99,False,False,2024-11-20|Portland Trail Blazers|Oklahoma City Thunder,,,,2024-11-20|Portland Trail Blazers|Oklahoma City Thunder,0.8925660418669873,"[{""p_home_win"": 0.8925660418669873, ""weight"": 1.0}]",2.117224191572765,,bradley_terry_hfa,1.0,10
2024-11-20,Golden State Warriors,Atlanta Hawks,120,97,False,False,2024-11-20|Atlanta Hawks|Golden State Warriors,,,,2024-11-20|Atlanta Hawks|Golden State Warriors,0.9667696989401171,"[{""p_home_win"": 0.9667696989401171, ""weight"": 1.0}]",3.3704981645295504,,bradley_terry_hfa,1.0,23
2024-11-20,Phoenix Suns,New York Knicks,122,138,False,False,2024-11-20|New York Knicks|Phoenix Suns,,,,2024-11-20|New York Knicks|Phoenix Suns,0.280211300130044,"[{""p_home_win"": 0.280211300130044, ""weight"": 1.0}]",-0.9434137346450733,,bradley_terry_hfa,0.0,-16
2024-11-20,Los Angeles Clippers,Orlando Magic,104,93,False,False,2024-11-20|Orlando Magic|Los Angeles Clippers,,,,2024-11-20|Orlando Magic|Los Angeles Clippers,0.14041684156016027,"[{""p_home_win"": 0.14041684156016027, ""weight"": 1.0}]",-1.8118321337242418,,bradley_terry_hfa,1.0,11
2024-11-21,Charlotte Hornets,Detroit Pistons,123,121,False,False,2024-11-21|Detroit Pistons|Charlotte Hornets,,,,2024-11-21|Detroit Pistons|Charlotte Hornets,0.07930542739937001,"[{""p_home_win"": 0.07930542739937001, ""weight"": 1.0}]",-2.451821787761733,,bradley_terry_hfa,1.0,2
2024-11-21,Toronto Raptors,Minnesota Timberwolves,110,105,False,False,2024-11-21|Minnesota Timberwolves|Toronto Raptors,,,,2024-11-21|Minnesota Timberwolves|Toronto Raptors,0.0025031047021936113,"[{""p_home_win"": 0.0025031047021936113, ""weight"": 1.0}]",-5.987717194020386,,bradley_terry_hfa,1.0,5
2024-11-21,San Antonio Spurs,Utah Jazz,126,118,False,False,2024-11-21|Utah Jazz|San Antonio Spurs,,,,2024-11-21|Utah Jazz|San Antonio Spurs,0.6622811305219127,"[{""p_home_win"": 0.6622811305219127, ""weight"": 1.0}]",0.6734763319697592,,bradley_terry_hfa,1.0,8
2024-11-21,Los Angeles Lakers,Orlando Magic,118,119,False,False,2024-11-21|Orlando Magic|Los Angeles Lakers,,,,2024-11-21|Orlando Magic|Los Angeles Lakers,0.5082808495851131,"[{""p_home_win"": 0.5082808495851131, ""weight"": 1.0}]",0.033126427309936535,,bradley_terry_hfa,0.0,-1
2024-11-22,Philadelphia 76ers,Brooklyn Nets,113,98,False,False,2024-11-22|Brooklyn Nets|Philadelphia 76ers,,,,2024-11-22|Brooklyn Nets|Philadelphia 76ers,0.0022598240471426987,"[{""p_home_win"": 0.0022598240471426987, ""weight"": 1.0}]",-6.09020594267255,,bradley_terry_hfa,1.0,15
2024-11-22,Washington Wizards,Boston Celtics,96,108,False,False,2024-11-22|Boston Celtics|Washington Wizards,,,,2024-11-22|Boston Celtics|Washington Wizards,0.00010276492432248645,"[{""p_home_win"": 0.00010276492432248645, ""weight"": 1.0}]",-9.182963696049882,,bradley_terry_hfa,0.0,-12
2024-11-22,New Orleans Pelicans,Golden State Warriors,108,112,False,False,2024-11-22|Golden State Warriors|New Orleans Pelicans,,,,2024-11-22|Golden State Warriors|New Orleans Pelicans,0.00010570563766591979,"[{""p_home_win"": 0.00010570563766591979, ""weight"": 1.0}]",-9.154746618805675,,bradley_terry_hfa,0.0,-4
2024-11-22,Chicago Bulls,Atlanta Hawks,136,122,False,False,2024-11-22|Atlanta Hawks|Chicago Bulls,,,,2024-11-22|Atlanta Hawks|Chicago Bulls,0.12879060402376008,"[{""p_home_win"": 0.12879060402376008, ""weight"": 1.0}]",-1.9116944957741089,,bradley_terry_hfa,1.0,14
2024-11-22,Houston Rockets,Portland Trail Blazers,116,88,False,False,2024-11-22|Portland Trail Blazers|Houston Rockets,,,,2024-11-22|Portland Trail Blazers|Houston Rockets,0.8342321984103529,"[{""p_home_win"": 0.8342321984103529, ""weight"": 1.0}]",1.6159237554303405,,bradley_terry_hfa,1.0,28
2024-11-22,Milwaukee Bucks,Indiana Pacers,129,117,False,False,2024-11-22|Indiana Pacers|Milwaukee Bucks,,,,2024-11-22|Indiana Pacers|Milwaukee Bucks,0.15217278639669907,"[{""p_home_win"": 0.15217278639669907, ""weight"": 1.0}]",-1.717660229645124,,bradley_terry_hfa,1.0,12
2024-11-22,Denver Nuggets,Dallas Mavericks,120,123,False,False,2024-11-22|Dallas Mavericks|Denver Nuggets,,,,2024-11-22|Dallas Mavericks|Denver Nuggets,0.20045016698398804,"[{""p_home_win"": 0.20045016698398804, ""weight"": 1.0}]",-1.3834831884242107,,bradley_terry_hfa,0.0,-3
2024-11-22,Los Angeles Clippers,Sacramento Kings,104,88,False,False,2024-11-22|Sacramento Kings|Los Angeles Clippers,,,,2024-11-22|Sacramento Kings|Los Angeles Clippers,0.43320543051394084,"[{""p_home_win"": 0.43320543051394084, ""weight"": 1.0}]",-0.2687848759044018,,bradley_terry_hfa,1.0,16
2024-11-23,Utah Jazz,New York Knicks,121,106,False,False,2024-11-23|New York Knicks|Utah Jazz,,,,2024-11-23|New York Knicks|Utah Jazz,0.0017866771633459307,"[{""p_home_win"": 0.0017866771633459307, ""weight"": 1.0}]",-6.32560944240305,,bradley_terry_hfa,1.0,15
2024-11-23,Orlando Magic,Detroit Pistons,111,100,False,False,2024-11-23|Detroit Pistons|Orlando Magic,,,,2024-11-23|Detroit Pistons|Orlando Magic,0.665260587365115,"[{""p_home_win"": 0.665260587365115, ""weight"": 1.0}]",0.6868264682045209,,bradley_terry_hfa,1.0,11
2024-11-23,Chicago Bulls,Memphis Grizzlies,131,142,False,False,2024-11-23|Memphis Grizzlies|Chicago Bulls,,,,2024-11-23|Memphis Grizzlies|Chicago Bulls,0.044591077872694354,"[{""p_home_win"": 0.044591077872694354, ""weight"": 1.0}]",-3.064605648226097,,bradley_terry_hfa,0.0,-11
2024-11-23,Houston Rockets,Portland Trail Blazers,98,104,False,False,2024-11-23|Portland Trail Blazers|Houston Rockets,,,,2024-11-23|Portland Trail Blazers|Houston Rockets,0.8778227236879149,"[{""p_home_win"": 0.8778227236879149, ""weight"": 1.0}]",1.9719715894566052,,bradley_terry_hfa,0.0,-6
2024-11-23,Milwaukee Bucks,Charlotte Hornets,125,119,False,False,2024-11-23|Charlotte Hornets|Milwaukee Bucks,,,,2024-11-23|Charlotte Hornets|Milwaukee Bucks,0.22269633823303434,"[{""p_home_win"": 0.22269633823303434, ""weight"": 1.0}]",-1.2500219555766179,,bradley_terry_hfa,1.0,6
2024-11-23,San Antonio Spurs,Golden State Warriors,104,94,False,False,2024-11-23|Golden State Warriors|San Antonio Spurs,,,,2024-11-23|Golden State Warriors|San Antonio Spurs,0.0008690510485596516,"[{""p_home_win"": 0.0008690510485596516, ""weight"": 1.0}]",-7.0472392615046795,,bradley_terry_hfa,1.0,10
2024-11-23,Los Angeles Lakers,Denver Nuggets,102,127,False,False,2024-11-23|Denver Nuggets|Los Angeles Lakers,,,,2024-11-23|Denver Nuggets|Los Angeles Lakers,0.3423542460453904,"[{""p_home_win"": 0.3423542460453904, ""weight"": 1.0}]",-0.6528204103683808,,bradley_terry_hfa,0.0,-25
2024-11-24,Boston Celtics,Minnesota Timberwolves,107,105,False,False,2024-11-24|Minnesota Timberwolves|Boston Celtics,,,,2024-11-24|Minnesota Timberwolves|Boston Celtics,0.7915872720259758,"[{""p_home_win"": 0.7915872720259758, ""weight"": 1.0}]",1.33451975205864,,bradley_terry_hfa,1.0,2
2024-11-24,Indiana Pacers,Washington Wizards,115,103,False,False,2024-11-24|Washington Wizards|Indiana Pacers,,,,2024-11-24|Washington Wizards|Indiana Pacers,0.5733086640375562,"[{""p_home_win"": 0.5733086640375562, ""weight"": 1.0}]",0.2953633671360967,,bradley_terry_hfa,1.0,12
2024-11-24,Miami Heat,Dallas Mavericks,123,118,False,False,2024-11-24|Dallas Mavericks|Miami Heat,,,,2024-11-24|Dallas Mavericks|Miami Heat,0.0066793581379818185,"[{""p_home_win"": 0.0066793581379818185, ""weight"": 1.0}]",-5.002031618297323,,bradley_terry_hfa,1.0,5
2024-11-24,Philadelphia 76ers,Los Angeles Clippers,99,125,False,False,2024-11-24|Los Angeles Clippers|Philadelphia 76ers,,,,2024-11-24|Los Angeles Clippers|Philadelphia 76ers,0.0001983598933966543,"[{""p_home_win"": 0.0001983598933966543, ""weight"": 1.0}]",-8.525229154197765,,bradley_terry_hfa,0.0,-26
2024-11-24,Cleveland Cavaliers,Toronto Raptors,122,108,False,False,2024-11-24|Toronto Raptors|Cleveland Cavaliers,,,,2024-11-24|Toronto Raptors|Cleveland Cavaliers,0.9995469085190724,"[{""p_home_win"": 0.9995469085190724, ""weight"": 1.0}]",7.698963314058599,,bradley_terry_hfa,1.0,14
2024-11-24,Sacramento Kings,Brooklyn Nets,103,108,False,False,2024-11-24|Brooklyn Nets|Sacramento Kings,,,,2024-11-24|Brooklyn Nets|Sacramento Kings,0.20138015291883846,"[{""p_home_win"": 0.20138015291883846, ""weight"": 1.0}]",-1.377690616821533,,bradley_terry_hfa,0.0,-5
2024-11-25,Charlotte Hornets,Orlando Magic,84,95,False,False,2024-11-25|Orlando Magic|Charlotte Hornets,,,,2024-11-25|Orlando Magic|Charlotte Hornets,0.005036718350215855,"[{""p_home_win"": 0.005036718350215855, ""weight"": 1.0}]",-5.285951084590099,,bradley_terry_hfa,0.0,-11
2024-11-25,Detroit Pistons,Toronto Raptors,102,100,False,False,2024-11-25|Toronto Raptors|Detroit Pistons,,,,2024-11-25|Toronto Raptors|Detroit Pistons,0.30718738102849413,"[{""p_home_win"": 0.30718738102849413, ""weight"": 1.0}]",-0.8133016484845177,,bradley_terry_hfa,1.0,2
2024-11-25,Indiana Pacers,New Orleans Pelicans,114,110,False,False,2024-11-25|New Orleans Pelicans|Indiana Pacers,,,,2024-11-25|New Orleans Pelicans|Indiana Pacers,0.25707595801390976,"[{""p_home_win"": 0.25707595801390976, ""weight"": 1.0}]",-1.0612222102777311,,bradley_terry_hfa,1.0,4
2024-11-25,Atlanta Hawks,Dallas Mavericks,119,129,False,False,2024-11-25|Dallas Mavericks|Atlanta Hawks,,,,2024-11-25|Dallas Mavericks|Atlanta Hawks,0.007055529368747012,"[{""p_home_win"": 0.007055529368747012, ""weight"": 1.0}]",-4.94686312462773,,bradley_terry_hfa,0.0,-10
2024-11-25,Boston Celtics,Los Angeles Clippers,126,94,False,False,2024-11-25|Los Angeles Clippers|Boston Celtics,,,,2024-11-25|Los Angeles Clippers|Boston Celtics,0.44614531246982503,"[{""p_home_win"": 0.44614531246982503, ""weight"": 1.0}]",-0.21625764379726053,,bradley_terry_hfa,1.0,32
2024-11-25,Memphis Grizzlies,Portland Trail Blazers,123,98,False,False,2024-11-25|Portland Trail Blazers|Memphis Grizzlies,,,,2024-11-25|Portland Trail Blazers|Memphis Grizzlies,0.34358575427898713,"[{""p_home_win"": 0.34358575427898713, ""weight"": 1.0}]",-0.6473553327237531,,bradley_terry_hfa,1.0,25
2024-11-25,Denver Nuggets,New York Knicks,118,145,False,False,2024-11-25|New York Knicks|Denver Nuggets,,,,2024-11-25|New York Knicks|Denver Nuggets,0.14841138545033455,"[{""p_home_win"": 0.14841138545033455, ""weight"": 1.0}]",-1.7471155142947952,,bradley_terry_hfa,0.0,-27
2024-11-25,Golden State Warriors,Brooklyn Nets,120,128,False,False,2024-11-25|Brooklyn Nets|Golden State Warriors,,,,2024-11-25|Brooklyn Nets|Golden State Warriors,0.9529131711420535,"[{""p_home_win"": 0.9529131711420535, ""weight"": 1.0}]",3.007530468591277,,bradley_terry_hfa,0.0,-8
2024-11-25,Sacramento Kings,Oklahoma City Thunder,109,130,False,False,2024-11-25|Oklahoma City Thunder|Sacramento Kings,,,,2024-11-25|Oklahoma City Thunder|Sacramento Kings,0.0005826325064475172,"[{""p_home_win"": 0.0005826325064475172, ""weight"": 1.0}]",-7.447371117211236,,bradley_terry_hfa,0.0,-21
2024-11-26,Washington Wizards,Chicago Bulls,108,127,False,False,2024-11-26|Chicago Bulls|Washington Wizards,,,,2024-11-26|Chicago Bulls|Washington Wizards,0.0016470439631842016,"[{""p_home_win"": 0.0016470439631842016, ""weight"": 1.0}]",-6.407124733425023,,bradley_terry_hfa,0.0,-19
2024-11-26,Miami Heat,Milwaukee Bucks,103,106,False,False,2024-11-26|Milwaukee Bucks|Miami Heat,,,,2024-11-26|Milwaukee Bucks|Miami Heat,0.0387179187633351,"[{""p_home_win"": 0.0387179187633351, ""weight"": 1.0}]",-3.2119653847446004,,bradley_terry_hfa,0.0,-3
2024-11-26,Minnesota Timberwolves,Houston Rockets,111,117,False,False,2024-11-26|Houston Rockets|Minnesota Timberwolves,,,,2024-11-26|Houston Rockets|Minnesota Timberwolves,0.004188013196214236,"[{""p_home_win"": 0.004188013196214236, ""weight"": 1.0}]",-5.471332027534499,,bradley_terry_hfa,0.0,-6
2024-11-26,Utah Jazz,San Antonio Spurs,115,128,False,False,2024-11-26|San Antonio Spurs|Utah Jazz,,,,2024-11-26|San Antonio Spurs|Utah Jazz,0.003351623015002704,"[{""p_home_win"": 0.003351623015002704, ""weight"": 1.0}]",-5.694953316093291,,bradley_terry_hfa,0.0,-13
2024-11-26,Phoenix Suns,Los Angeles Lakers,127,100,False,False,2024-11-26|Los Angeles Lakers|Phoenix Suns,,,,2024-11-26|Los Angeles Lakers|Phoenix Suns,0.07182790199560787,"[{""p_home_win"": 0.07182790199560787, ""weight"": 1.0}]",-2.5589441582810295,,bradley_terry_hfa,1.0,27
2024-11-27,Charlotte Hornets,Miami Heat,94,98,False,False,2024-11-27|Miami Heat|Charlotte Hornets,,,,2024-11-27|Miami Heat|Charlotte Hornets,0.048758516366731314,"[{""p_home_win"": 0.048758516366731314, ""weight"": 1.0}]",-2.970888079430587,,bradley_terry_hfa,0.0,-4
2024-11-27,Cleveland Cavaliers,Atlanta Hawks,124,135,False,False,2024-11-27|Atlanta Hawks|Cleveland Cavaliers,,,,2024-11-27|Atlanta Hawks|Cleveland Cavaliers,0.999247408362976,"[{""p_home_win"": 0.999247408362976, ""weight"": 1.0}]",7.191234917003173,,bradley_terry_hfa,0.0,-11
2024-11-27,Indiana Pacers,Portland Trail Blazers,121,114,False,False,2024-11-27|Portland Trail Blazers|Indiana Pacers,,,,2024-11-27|Portland Trail Blazers|Indiana Pacers,0.05869259823183695,"[{""p_home_win"": 0.05869259823183695, ""weight"": 1.0}]",-2.7749561378434153,,bradley_terry_hfa,1.0,7
2024-11-27,Orlando Magic,Chicago Bulls,133,119,False,False,2024-11-27|Chicago Bulls|Orlando Magic,,,,2024-11-27|Chicago Bulls|Orlando Magic,0.520074248150709,"[{""p_home_win"": 0.520074248150709, ""weight"": 1.0}]",0.08034017799801152,,bradley_terry_hfa,1.0,14
2024-11-27,Philadelphia 76ers,Houston Rockets,115,122,False,False,2024-11-27|Houston Rockets|Philadelphia 76ers,,,,2024-11-27|Houston Rockets|Philadelphia 76ers,3.768275743519236e-05,"[{""p_home_win"": 3.768275743519236e-05, ""weight"": 1.0}]",-10.186270247126714,,bradley_terry_hfa,0.0,-7
2024-11-27,Washington Wizards,Los Angeles Clippers,96,121,False,False,2024-11-27|Los Angeles Clippers|Washington Wizards,,,,2024-11-27|Los Angeles Clippers|Washington Wizards,5.0927917135684294e-05,"[{""p_home_win"": 5.0927917135684294e-05, ""weight"": 1.0}]",-9.885048385299424,,bradley_terry_hfa,0.0,-25
2024-11-27,Dallas Mavericks,New York Knicks,129,114,False,False,2024-11-27|New York Knicks|Dallas Mavericks,,,,2024-11-27|New York Knicks|Dallas Mavericks,0.04135454969961736,"[{""p_home_win"": 0.04135454969961736, ""weight"": 1.0}]",-3.143338854380464,,bradley_terry_hfa,1.0,15
2024-11-27,Memphis Grizzlies,Detroit Pistons,131,111,False,False,2024-11-27|Detroit Pistons|Memphis Grizzlies,,,,2024-11-27|Detroit Pistons|Memphis Grizzlies,0.6569445666784755,"[{""p_home_win"": 0.6569445666784755, ""weight"": 1.0}]",0.6497075942382153,,bradley_terry_hfa,1.0,20
2024-11-27,Minnesota Timberwolves,Sacramento Kings,104,115,False,False,2024-11-27|Sacramento Kings|Minnesota Timberwolves,,,,2024-11-27|Sacramento Kings|Minnesota Timberwolves,0.12421856160102203,"[{""p_home_win"": 0.12421856160102203, ""weight"": 1.0}]",-1.9530739526451182,,bradley_terry_hfa,0.0,-11
2024-11-27,New Orleans Pelicans,Toronto Raptors,93,119,False,False,2024-11-27|Toronto Raptors|New Orleans Pelicans,,,,2024-11-27|Toronto Raptors|New Orleans Pelicans,0.13772180803811243,"[{""p_home_win"": 0.13772180803811243, ""weight"": 1.0}]",-1.8343421803452666,,bradley_terry_hfa,0.0,-26
2024-11-27,San Antonio Spurs,Los Angeles Lakers,101,119,False,False,2024-11-27|Los Angeles Lakers|San Antonio Spurs,,,,2024-11-27|Los Angeles Lakers|San Antonio Spurs,0.06088897296538144,"[{""p_home_win"": 0.06088897296538144, ""weight"": 1.0}]",-2.735881621442836,,bradley_terry_hfa,0.0,-18
2024-11-27,Phoenix Suns,Brooklyn Nets,117,127,False,False,2024-11-27|Brooklyn Nets|Phoenix Suns,,,,2024-11-27|Brooklyn Nets|Phoenix Suns,0.21805043778547764,"[{""p_home_win"": 0.21805043778547764, ""weight"": 1.0}]",-1.2770638380017585,,bradley_terry_hfa,0.0,-10
2024-11-27,Utah Jazz,Denver Nuggets,103,122,False,False,2024-11-27|Denver Nuggets|Utah Jazz,,,,2024-11-27|Denver Nuggets|Utah Jazz,0.0017359004854925104,"[{""p_home_win"": 0.0017359004854925104, ""weight"": 1.0}]",-6.354491579505476,,bradley_terry_hfa,0.0,-19
2024-11-27,Golden State Warriors,Oklahoma City Thunder,101,105,False,False,2024-11-27|Oklahoma City Thunder|Golden State Warriors,,,,2024-11-27|Oklahoma City Thunder|Golden State Warriors,0.03171955629828782,"[{""p_home_win"": 0.03171955629828782, ""weight"": 1.0}]",-3.418588351290641,,bradley_terry_hfa,0.0,-4
2024-11-29,Charlotte Hornets,New York Knicks,98,99,False,False,2024-11-29|New York Knicks|Charlotte Hornets,,,,2024-11-29|New York Knicks|Charlotte Hornets,0.0007726148173875697,"[{""p_home_win"": 0.0007726148173875697, ""weight"": 1.0}]",-7.164957015876396,,bradley_terry_hfa,0.0,-1
2024-11-29,Atlanta Hawks,Cleveland Cavaliers,117,101,False,False,2024-11-29|Cleveland Cavaliers|Atlanta Hawks,,,,2024-11-29|Cleveland Cavaliers|Atlanta Hawks,3.245362405923632e-05,"[{""p_home_win"": 3.245362405923632e-05, ""weight"": 1.0}]",-10.335665985566983,,bradley_terry_hfa,1.0,16
2024-11-29,Memphis Grizzlies,New Orleans Pelicans,120,109,False,False,2024-11-29|New Orleans Pelicans|Memphis Grizzlies,,,,2024-11-29|New Orleans Pelicans|Memphis Grizzlies,0.9589806517462044,"[{""p_home_win"": 0.9589806517462044, ""weight"": 1.0}]",3.1518270352131754,,bradley_terry_hfa,1.0,11
2024-11-29,Brooklyn Nets,Orlando Magic,100,123,False,False,2024-11-29|Orlando Magic|Brooklyn Nets,,,,2024-11-29|Orlando Magic|Brooklyn Nets,0.00800635374377827,"[{""p_home_win"": 0.00800635374377827, ""weight"": 1.0}]",-4.819481257852794,,bradley_terry_hfa,0.0,-23
2024-11-29,Minnesota Timberwolves,Los Angeles Clippers,93,92,False,False,2024-11-29|Los Angeles Clippers|Minnesota Timberwolves,,,,2024-11-29|Los Angeles Clippers|Minnesota Timberwolves,0.0017193924896196074,"[{""p_home_win"": 0.0017193924896196074, ""weight"": 1.0}]",-6.364063381916001,,bradley_terry_hfa,1.0,1
2024-11-29,Chicago Bulls,Boston Celtics,129,138,False,False,2024-11-29|Boston Celtics|Chicago Bulls,,,,2024-11-29|Boston Celtics|Chicago Bulls,0.0001800672098416244,"[{""p_home_win"": 0.0001800672098416244, ""weight"": 1.0}]",-8.622000305333106,,bradley_terry_hfa,0.0,-9
2024-11-29,Indiana Pacers,Detroit Pistons,106,130,False,False,2024-11-29|Detroit Pistons|Indiana Pacers,,,,2024-11-29|Detroit Pistons|Indiana Pacers,0.11178703715140584,"[{""p_home_win"": 0.11178703715140584, ""weight"": 1.0}]",-2.0726159300356577,,bradley_terry_hfa,0.0,-24
2024-11-29,Miami Heat,Toronto Raptors,121,111,False,False,2024-11-29|Toronto Raptors|Miami Heat,,,,2024-11-29|Toronto Raptors|Miami Heat,0.49539537051829796,"[{""p_home_win"": 0.49539537051829796, ""weight"": 1.0}]",-0.01841903864757466,,bradley_terry_hfa,1.0,10
2024-11-29,Los Angeles Lakers,Oklahoma City Thunder,93,101,False,False,2024-11-29|Oklahoma City Thunder|Los Angeles Lakers,,,,2024-11-29|Oklahoma City Thunder|Los Angeles Lakers,0.0009711425461602421,"[{""p_home_win"": 0.0009711425461602421, ""weight"": 1.0}]",-6.936065682576317,,bradley_terry_hfa,0.0,-8
2024-11-29,Portland Trail Blazers,Sacramento Kings,115,106,False,False,2024-11-29|Sacramento Kings|Portland Trail Blazers,,,,2024-11-29|Sacramento Kings|Portland Trail Blazers,0.02887784233650551,"[{""p_home_win"": 0.02887784233650551, ""weight"": 1.0}]",-3.515377666523266,,bradley_terry_hfa,1.0,9
2024-11-30,Charlotte Hornets,Atlanta Hawks,104,107,False,False,2024-11-30|Atlanta Hawks|Charlotte Hornets,,,,2024-11-30|Atlanta Hawks|Charlotte Hornets,0.003414463289821348,"[{""p_home_win"": 0.003414463289821348, ""weight"": 1.0}]",-5.676314655008415,,bradley_terry_hfa,0.0,-3
2024-11-30,Detroit Pistons,Philadelphia 76ers,96,111,False,False,2024-11-30|Philadelphia 76ers|Detroit Pistons,,,,2024-11-30|Philadelphia 76ers|Detroit Pistons,0.5812552587338105,"[{""p_home_win"": 0.5812552587338105, ""weight"": 1.0}]",0.3279284792544863,,bradley_terry_hfa,0.0,-15
2024-11-30,Milwaukee Bucks,Washington Wizards,124,114,False,False,2024-11-30|Washington Wizards|Milwaukee Bucks,,,,2024-11-30|Washington Wizards|Milwaukee Bucks,0.9206962901992258,"[{""p_home_win"": 0.9206962901992258, ""weight"": 1.0}]",2.4518453115618906,,bradley_terry_hfa,1.0,10
2024-11-30,Phoenix Suns,Golden State Warriors,113,105,False,False,2024-11-30|Golden State Warriors|Phoenix Suns,,,,2024-11-30|Golden State Warriors|Phoenix Suns,0.00570189895543556,"[{""p_home_win"": 0.00570189895543556, ""weight"": 1.0}]",-5.161237792707918,,bradley_terry_hfa,1.0,8
2024-11-30,Utah Jazz,Dallas Mavericks,94,106,False,False,2024-11-30|Dallas Mavericks|Utah Jazz,,,,2024-11-30|Dallas Mavericks|Utah Jazz,0.00012245100935189454,"[{""p_home_win"": 0.00012245100935189454, ""weight"": 1.0}]",-9.0076770731212,,bradley_terry_hfa,0.0,-12
2024-12-01,Brooklyn Nets,Orlando Magic,92,100,False,False,2024-12-01|Orlando Magic|Brooklyn Nets,,,,2024-12-01|Orlando Magic|Brooklyn Nets,0.002765830379722639,"[{""p_home_win"": 0.002765830379722639, ""weight"": 1.0}]",-5.88764470857468,,bradley_terry_hfa,0.0,-8
2024-12-01,Memphis Grizzlies,Indiana Pacers,136,121,False,False,2024-12-01|Indiana Pacers|Memphis Grizzlies,,,,2024-12-01|Indiana Pacers|Memphis Grizzlies,0.4542887149519019,"[{""p_home_win"": 0.4542887149519019, ""weight"": 1.0}]",-0.18335712199009846,,bradley_terry_hfa,1.0,15
2024-12-01,Cleveland Cavaliers,Boston Celtics,115,111,False,False,2024-12-01|Boston Celtics|Cleveland Cavaliers,,,,2024-12-01|Boston Celtics|Cleveland Cavaliers,0.03397893575613964,"[{""p_home_win"": 0.03397893575613964, ""weight"": 1.0}]",-3.347444843570303,,bradley_terry_hfa,1.0,4
2024-12-01,New York Knicks,New Orleans Pelicans,118,85,False,False,2024-12-01|New Orleans Pelicans|New York Knicks,,,,2024-12-01|New Orleans Pelicans|New York Knicks,0.9623238174640812,"[{""p_home_win"": 0.9623238174640812, ""weight"": 1.0}]",3.240322870781595,,bradley_terry_hfa,1.0,33
2024-12-01,Toronto Raptors,Miami Heat,119,116,False,False,2024-12-01|Miami Heat|Toronto Raptors,,,,2024-12-01|Miami Heat|Toronto Raptors,0.0006914480756753307,"[{""p_home_win"": 0.0006914480756753307, ""weight"": 1.0}]",-7.276030811849273,,bradley_terry_hfa,1.0,3
2024-12-01,Houston Rockets,Oklahoma City Thunder,119,116,False,False,2024-12-01|Oklahoma City Thunder|Houston Rockets,,,,2024-12-01|Oklahoma City Thunder|Houston Rockets,0.003761741964373031,"[{""p_home_win"": 0.003761741964373031, ""weight"": 1.0}]",-5.579104305358534,,bradley_terry_hfa,1.0,3
2024-12-01,Utah Jazz,Los Angeles Lakers,104,105,False,False,2024-12-01|Los Angeles Lakers|Utah Jazz,,,,2024-12-01|Los Angeles Lakers|Utah Jazz,0.00022059218470088827,"[{""p_home_win"": 0.00022059218470088827, ""weight"": 1.0}]",-8.418974262720212,,bradley_terry_hfa,0.0,-1
2024-12-01,Portland Trail Blazers,Dallas Mavericks,131,137,False,False,2024-12-01|Dallas Mavericks|Portland Trail Blazers,,,,2024-12-01|Dallas Mavericks|Portland Trail Blazers,0.0011841745410367795,"[{""p_home_win"": 0.0011841745410367795, ""weight"": 1.0}]",-6.737524460739145,,bradley_terry_hfa,0.0,-6
2024-12-01,Sacramento Kings,San Antonio Spurs,125,127,False,False,2024-12-01|San Antonio Spurs|Sacramento Kings,,,,2024-12-01|San Antonio Spurs|Sacramento Kings,0.005088758605061001,"[{""p_home_win"": 0.005088758605061001, ""weight"": 1.0}]",-5.275619616720796,,bradley_terry_hfa,0.0,-2
2024-12-01,Los Angeles Clippers,Denver Nuggets,126,122,False,False,2024-12-01|Denver Nuggets|Los Angeles Clippers,,,,2024-12-01|Denver Nuggets|Los Angeles Clippers,0.04299036781052466,"[{""p_home_win"": 0.04299036781052466, ""weight"": 1.0}]",-3.1028373701916556,,bradley_terry_hfa,1.0,4
2024-12-02,Atlanta Hawks,New Orleans Pelicans,124,112,False,False,2024-12-02|New Orleans Pelicans|Atlanta Hawks,,,,2024-12-02|New Orleans Pelicans|Atlanta Hawks,0.7920183935544983,"[{""p_home_win"": 0.7920183935544983, ""weight"": 1.0}]",1.337134970489088,,bradley_terry_hfa,1.0,12
2024-12-02,Boston Celtics,Miami Heat,108,89,False,False,2024-12-02|Miami Heat|Boston Celtics,,,,2024-12-02|Miami Heat|Boston Celtics,0.9473549035345048,"[{""p_home_win"": 0.9473549035345048, ""weight"": 1.0}]",2.8901006894345134,,bradley_terry_hfa,1.0,19
2024-12-02,Chicago Bulls,Brooklyn Nets,128,102,False,False,2024-12-02|Brooklyn Nets|Chicago Bulls,,,,2024-12-02|Brooklyn Nets|Chicago Bulls,0.015614468760652764,"[{""p_home_win"": 0.015614468760652764, ""weight"": 1.0}]",-4.1438196512940575,,bradley_terry_hfa,1.0,26
2024-12-02,Minnesota Timberwolves,Los Angeles Lakers,109,80,False,False,2024-12-02|Los Angeles Lakers|Minnesota Timberwolves,,,,2024-12-02|Los Angeles Lakers|Minnesota Timberwolves,0.002684694472643342,"[{""p_home_win"": 0.002684694472643342, ""weight"": 1.0}]",-5.917500043217422,,bradley_terry_hfa,1.0,29
2024-12-03,Charlotte Hornets,Philadelphia 76ers,104,110,False,False,2024-12-03|Philadelphia 76ers|Charlotte Hornets,,,,2024-12-03|Philadelphia 76ers|Charlotte Hornets,0.06295138342519327,"[{""p_home_win"": 0.06295138342519327, ""weight"": 1.0}]",-2.700372429423755,,bradley_terry_hfa,0.0,-6
2024-12-03,Cleveland Cavaliers,Washington Wizards,118,87,False,False,2024-12-03|Washington Wizards|Cleveland Cavaliers,,,,2024-12-03|Washington Wizards|Cleveland Cavaliers,0.9997465459820314,"[{""p_home_win"": 0.9997465459820314, ""weight"": 1.0}]",8.280074653927041,,bradley_terry_hfa,1.0,31
2024-12-03,Detroit Pistons,Milwaukee Bucks,107,128,False,False,2024-12-03|Milwaukee Bucks|Detroit Pistons,,,,2024-12-03|Milwaukee Bucks|Detroit Pistons,0.003349270118445686,"[{""p_home_win"": 0.003349270118445686, ""weight"": 1.0}]",-5.695657940495473,,bradley_terry_hfa,0.0,-21
2024-12-03,New York Knicks,Orlando Magic,121,106,False,False,2024-12-03|Orlando Magic|New York Knicks,,,,2024-12-03|Orlando Magic|New York Knicks,0.008524380053976759,"[{""p_home_win"": 0.008524380053976759, ""weight"": 1.0}]",-4.7562640590123975,,bradley_terry_hfa,1.0,15
2024-12-03,Toronto Raptors,Indiana Pacers,122,111,False,False,2024-12-03|Indiana Pacers|Toronto Raptors,,,,2024-12-03|Indiana Pacers|Toronto Raptors,0.0014766898211029775,"[{""p_home_win"": 0.0014766898211029775, ""weight"": 1.0}]",-6.516474522308889,,bradley_terry_hfa,1.0,11
2024-12-03,Oklahoma City Thunder,Utah Jazz,133,106,False,False,2024-12-03|Utah Jazz|Oklahoma City Thunder,,,,2024-12-03|Utah Jazz|Oklahoma City Thunder,0.9990730630007062,"[{""p_home_win"": 0.9990730630007062, ""weight"": 1.0}]",6.98269758976382,,bradley_terry_hfa,1.0,27
2024-12-03,Dallas Mavericks,Memphis Grizzlies,121,116,False,False,2024-12-03|Memphis Grizzlies|Dallas Mavericks,,,,2024-12-03|Memphis Grizzlies|Dallas Mavericks,0.06042594280970408,"[{""p_home_win"": 0.06042594280970408, ""weight"": 1.0}]",-2.7440081124788884,,bradley_terry_hfa,1.0,5
2024-12-03,Phoenix Suns,San Antonio Spurs,104,93,False,False,2024-12-03|San Antonio Spurs|Phoenix Suns,,,,2024-12-03|San Antonio Spurs|Phoenix Suns,0.08372606701202283,"[{""p_home_win"": 0.08372606701202283, ""weight"": 1.0}]",-2.3927650106014986,,bradley_terry_hfa,1.0,11
2024-12-03,Denver Nuggets,Golden State Warriors,119,115,False,False,2024-12-03|Golden State Warriors|Denver Nuggets,,,,2024-12-03|Golden State Warriors|Denver Nuggets,0.0032274482461522886,"[{""p_home_win"": 0.0032274482461522886, ""weight"": 1.0}]",-5.732830802955721,,bradley_terry_hfa,1.0,4
2024-12-03,Sacramento Kings,Houston Rockets,120,111,False,False,2024-12-03|Houston Rockets|Sacramento Kings,,,,2024-12-03|Houston Rockets|Sacramento Kings,4.7239990223272675e-05,"[{""p_home_win"": 4.7239990223272675e-05, ""weight"": 1.0}]",-9.960222532487732,,bradley_terry_hfa,1.0,9
2024-12-03,Los Angeles Clippers,Portland Trail Blazers,127,105,False,False,2024-12-03|Portland Trail Blazers|Los Angeles Clippers,,,,2024-12-03|Portland Trail Blazers|Los Angeles Clippers,0.5414685246998562,"[{""p_home_win"": 0.5414685246998562, ""weight"": 1.0}]",0.16625600086087866,,bradley_terry_hfa,1.0,22
2024-12-04,Boston Celtics,Detroit Pistons,130,120,False,False,2024-12-04|Detroit Pistons|Boston Celtics,,,,2024-12-04|Detroit Pistons|Boston Celtics,0.9894074681623507,"[{""p_home_win"": 0.9894074681623507, ""weight"": 1.0}]",4.536957037745557,,bradley_terry_hfa,1.0,10
2024-12-04,Brooklyn Nets,Indiana Pacers,99,90,False,False,2024-12-04|Indiana Pacers|Brooklyn Nets,,,,2024-12-04|Indiana Pacers|Brooklyn Nets,0.09406748008894032,"[{""p_home_win"": 0.09406748008894032, ""weight"": 1.0}]",-2.26495242392591,,bradley_terry_hfa,1.0,9
2024-12-04,Miami Heat,Los Angeles Lakers,134,93,False,False,2024-12-04|Los Angeles Lakers|Miami Heat,,,,2024-12-04|Los Angeles Lakers|Miami Heat,0.0026011150221530235,"[{""p_home_win"": 0.0026011150221530235, ""weight"": 1.0}]",-5.949210567412837,,bradley_terry_hfa,1.0,41
2024-12-04,Philadelphia 76ers,Orlando Magic,102,106,False,False,2024-12-04|Orlando Magic|Philadelphia 76ers,,,,2024-12-04|Orlando Magic|Philadelphia 76ers,2.8339600921976622e-05,"[{""p_home_win"": 2.8339600921976622e-05, ""weight"": 1.0}]",-10.471222065591737,,bradley_terry_hfa,0.0,-4
2024-12-04,Milwaukee Bucks,Atlanta Hawks,104,119,False,False,2024-12-04|Atlanta Hawks|Milwaukee Bucks,,,,2024-12-04|Atlanta Hawks|Milwaukee Bucks,0.06488654376912677,"[{""p_home_win"": 0.06488654376912677, ""weight"": 1.0}]",-2.6680276011949404,,bradley_terry_hfa,0.0,-15
2024-12-04,Los Angeles Clippers,Minnesota Timberwolves,80,108,False,False,2024-12-04|Minnesota Timberwolves|Los Angeles Clippers,,,,2024-12-04|Minnesota Timberwolves|Los Angeles Clippers,0.3292070783436699,"[{""p_home_win"": 0.3292070783436699, ""weight"": 1.0}]",-0.711773507577603,,bradley_terry_hfa,0.0,-28
2024-12-05,Cleveland Cavaliers,Denver Nuggets,126,114,False,False,2024-12-05|Denver Nuggets|Cleveland Cavaliers,,,,2024-12-05|Denver Nuggets|Cleveland Cavaliers,0.731475301767917,"[{""p_home_win"": 0.731475301767917, ""weight"": 1.0}]",1.002120560387981,,bradley_terry_hfa,1.0,12
2024-12-05,Washington Wizards,Dallas Mavericks,101,137,False,False,2024-12-05|Dallas Mavericks|Washington Wizards,,,,2024-12-05|Dallas Mavericks|Washington Wizards,1.786256693971082e-06,"[{""p_home_win"": 1.786256693971082e-06, ""weight"": 1.0}]",-13.23538657395151,,bradley_terry_hfa,0.0,-36
2024-12-05,New York Knicks,Charlotte Hornets,125,101,False,False,2024-12-05|Charlotte Hornets|New York Knicks,,,,2024-12-05|Charlotte Hornets|New York Knicks,0.9641433790145275,"[{""p_home_win"": 0.9641433790145275, ""weight"": 1.0}]",3.2917117811878427,,bradley_terry_hfa,1.0,24
2024-12-05,Toronto Raptors,Oklahoma City Thunder,92,129,False,False,2024-12-05|Oklahoma City Thunder|Toronto Raptors,,,,2024-12-05|Oklahoma City Thunder|Toronto Raptors,8.6840833090092e-07,"[{""p_home_win"": 8.6840833090092e-07, ""weight"": 1.0}]",-13.95660293718838,,bradley_terry_hfa,0.0,-37
2024-12-05,Memphis Grizzlies,Sacramento Kings,115,110,False,False,2024-12-05|Sacramento Kings|Memphis Grizzlies,,,,2024-12-05|Sacramento Kings|Memphis Grizzlies,0.37650874865574757,"[{""p_home_win"": 0.37650874865574757, ""weight"": 1.0}]",-0.5043934497253604,,bradley_terry_hfa,1.0,5
2024-12-05,New Orleans Pelicans,Phoenix Suns,126,124,False,False,2024-12-05|Phoenix Suns|New Orleans Pelicans,,,,2024-12-05|Phoenix Suns|New Orleans Pelicans,5.906859325437813e-06,"[{""p_home_win"": 5.906859325437813e-06, ""weight"": 1.0}]",-12.039390377937162,,bradley_terry_hfa,1.0,2
2024-12-05,San Antonio Spurs,Chicago Bulls,124,139,False,False,2024-12-05|Chicago Bulls|San Antonio Spurs,,,,2024-12-05|Chicago Bulls|San Antonio Spurs,0.10924026422162052,"[{""p_home_win"": 0.10924026422162052, ""weight"": 1.0}]",-2.0985250189639757,,bradley_terry_hfa,0.0,-15
2024-12-05,Golden State Warriors,Houston Rockets,99,93,False,False,2024-12-05|Houston Rockets|Golden State Warriors,,,,2024-12-05|Houston Rockets|Golden State Warriors,0.008038842169968632,"[{""p_home_win"": 0.008038842169968632, ""weight"": 1.0}]",-4.815398886994749,,bradley_terry_hfa,1.0,6
2024-12-06,Philadelphia 76ers,Orlando Magic,102,94,False,False,2024-12-06|Orlando Magic|Philadelphia 76ers,,,,2024-12-06|Orlando Magic|Philadelphia 76ers,9.290104712667467e-06,"[{""p_home_win"": 9.290104712667467e-06, ""weight"": 1.0}]",-11.586551443507632,,bradley_terry_hfa,1.0,8
2024-12-06,Atlanta Hawks,Los Angeles Lakers,134,132,False,False,2024-12-06|Los Angeles Lakers|Atlanta Hawks,,,,2024-12-06|Los Angeles Lakers|Atlanta Hawks,0.019591708629019797,"[{""p_home_win"": 0.019591708629019797, ""weight"": 1.0}]",-3.9128626611461756,,bradley_terry_hfa,1.0,2
2024-12-06,Boston Celtics,Milwaukee Bucks,111,105,False,False,2024-12-06|Milwaukee Bucks|Boston Celtics,,,,2024-12-06|Milwaukee Bucks|Boston Celtics,0.8863451906533142,"[{""p_home_win"": 0.8863451906533142, ""weight"": 1.0}]",2.053940613856021,,bradley_terry_hfa,1.0,6
2024-12-06,Chicago Bulls,Indiana Pacers,123,132,False,False,2024-12-06|Indiana Pacers|Chicago Bulls,,,,2024-12-06|Indiana Pacers|Chicago Bulls,0.16721826565105624,"[{""p_home_win"": 0.16721826565105624, ""weight"": 1.0}]",-1.6054716452335864,,bradley_terry_hfa,0.0,-9
2024-12-06,San Antonio Spurs,Sacramento Kings,113,140,False,False,2024-12-06|Sacramento Kings|San Antonio Spurs,,,,2024-12-06|Sacramento Kings|San Antonio Spurs,0.14943030920079456,"[{""p_home_win"": 0.14943030920079456, ""weight"": 1.0}]",-1.739076224501143,,bradley_terry_hfa,0.0,-27
2024-12-06,Golden State Warriors,Minnesota Timberwolves,90,107,False,False,2024-12-06|Minnesota Timberwolves|Golden State Warriors,,,,2024-12-06|Minnesota Timberwolves|Golden State Warriors,0.423530750213598,"[{""p_home_win"": 0.423530750213598, ""weight"": 1.0}]",-0.3082958776311653,,bradley_terry_hfa,0.0,-17
2024-12-06,Portland Trail Blazers,Utah Jazz,99,141,False,False,2024-12-06|Utah Jazz|Portland Trail Blazers,,,,2024-12-06|Utah Jazz|Portland Trail Blazers,0.3455178136371354,"[{""p_home_win"": 0.3455178136371354, ""weight"": 1.0}]",-0.6388001669242902,,bradley_terry_hfa,0.0,-42
2024-12-07,Charlotte Hornets,Cleveland Cavaliers,102,116,False,False,2024-12-07|Cleveland Cavaliers|Charlotte Hornets,,,,2024-12-07|Cleveland Cavaliers|Charlotte Hornets,2.08608931386887e-07,"[{""p_home_win"": 2.08608931386887e-07, ""weight"": 1.0}]",-15.382804270834592,,bradley_terry_hfa,0.0,-14
2024-12-07,New Orleans Pelicans,Oklahoma City Thunder,109,119,False,False,2024-12-07|Oklahoma City Thunder|New Orleans Pelicans,,,,2024-12-07|Oklahoma City Thunder|New Orleans Pelicans,1.4159647821465615e-07,"[{""p_home_win"": 1.4159647821465615e-07, ""weight"": 1.0}]",-15.770284385765024,,bradley_terry_hfa,0.0,-10
2024-12-07,Washington Wizards,Denver Nuggets,122,113,False,False,2024-12-07|Denver Nuggets|Washington Wizards,,,,2024-12-07|Denver Nuggets|Washington Wizards,5.826891025282627e-06,"[{""p_home_win"": 5.826891025282627e-06, ""weight"": 1.0}]",-12.053021144755022,,bradley_terry_hfa,1.0,9
2024-12-07,New York Knicks,Detroit Pistons,111,120,False,False,2024-12-07|Detroit Pistons|New York Knicks,,,,2024-12-07|Detroit Pistons|New York Knicks,0.8722258744410035,"[{""p_home_win"": 0.8722258744410035, ""weight"": 1.0}]",1.9207843596578495,,bradley_terry_hfa,0.0,-9
2024-12-07,Toronto Raptors,Dallas Mavericks,118,125,False,False,2024-12-07|Dallas Mavericks|Toronto Raptors,,,,2024-12-07|Dallas Mavericks|Toronto Raptors,1.1250374372239054e-05,"[{""p_home_win"": 1.1250374372239054e-05, ""weight"": 1.0}]",-11.395097901897511,,bradley_terry_hfa,0.0,-7
2024-12-07,Boston Celtics,Memphis Grizzlies,121,127,False,False,2024-12-07|Memphis Grizzlies|Boston Celtics,,,,2024-12-07|Memphis Grizzlies|Boston Celtics,0.4929334448524404,"[{""p_home_win"": 0.4929334448524404, ""weight"": 1.0}]",-0.028268102826078945,,bradley_terry_hfa,0.0,-6
2024-12-07,Miami Heat,Phoenix Suns,121,111,False,False,2024-12-07|Phoenix Suns|Miami Heat,,,,2024-12-07|Phoenix Suns|Miami Heat,0.0016916889760372083,"[{""p_home_win"": 0.0016916889760372083, ""weight"": 1.0}]",-6.3803347335064595,,bradley_terry_hfa,1.0,10
2024-12-08,Chicago Bulls,Philadelphia 76ers,100,108,False,False,2024-12-08|Philadelphia 76ers|Chicago Bulls,,,,2024-12-08|Philadelphia 76ers|Chicago Bulls,0.38723131120463883,"[{""p_home_win"": 0.38723131120463883, ""weight"": 1.0}]",-0.4589653039657149,,bradley_terry_hfa,0.0,-8
2024-12-08,Brooklyn Nets,Milwaukee Bucks,113,118,False,False,2024-12-08|Milwaukee Bucks|Brooklyn Nets,,,,2024-12-08|Milwaukee Bucks|Brooklyn Nets,0.008953287175932427,"[{""p_home_win"": 0.008953287175932427, ""weight"": 1.0}]",-4.706740923194413,,bradley_terry_hfa,0.0,-5
2024-12-08,Indiana Pacers,Charlotte Hornets,109,113,False,False,2024-12-08|Charlotte Hornets|Indiana Pacers,,,,2024-12-08|Charlotte Hornets|Indiana Pacers,0.26027221095454167,"[{""p_home_win"": 0.26027221095454167, ""weight"": 1.0}]",-1.0445542173430966,,bradley_terry_hfa,0.0,-4
2024-12-08,Atlanta Hawks,Denver Nuggets,111,141,False,False,2024-12-08|Denver Nuggets|Atlanta Hawks,,,,2024-12-08|Denver Nuggets|Atlanta Hawks,0.0191288348856302,"[{""p_home_win"": 0.0191288348856302, ""weight"": 1.0}]",-3.9372442442746878,,bradley_terry_hfa,0.0,-30
2024-12-08,Miami Heat,Cleveland Cavaliers,122,113,False,False,2024-12-08|Cleveland Cavaliers|Miami Heat,,,,2024-12-08|Cleveland Cavaliers|Miami Heat,1.9744944222259418e-05,"[{""p_home_win"": 1.9744944222259418e-05, ""weight"": 1.0}]",-10.832593342995057,,bradley_terry_hfa,1.0,9
2024-12-08,Orlando Magic,Phoenix Suns,115,110,False,False,2024-12-08|Phoenix Suns|Orlando Magic,,,,2024-12-08|Phoenix Suns|Orlando Magic,0.06320810371011568,"[{""p_home_win"": 0.06320810371011568, ""weight"": 1.0}]",-2.696028645635422,,bradley_terry_hfa,1.0,5
2024-12-08,San Antonio Spurs,New Orleans Pelicans,121,116,False,False,2024-12-08|New Orleans Pelicans|San Antonio Spurs,,,,2024-12-08|New Orleans Pelicans|San Antonio Spurs,0.7597563961904461,"[{""p_home_win"": 0.7597563961904461, ""weight"": 1.0}]",1.1513444261360384,,bradley_terry_hfa,1.0,5
2024-12-08,Washington Wizards,Memphis Grizzlies,112,140,False,False,2024-12-08|Memphis Grizzlies|Washington Wizards,,,,2024-12-08|Memphis Grizzlies|Washington Wizards,3.534732840114278e-06,"[{""p_home_win"": 3.534732840114278e-06, ""weight"": 1.0}]",-12.552869302372159,,bradley_terry_hfa,0.0,-28
2024-12-08,Golden State Warriors,Minnesota Timberwolves,114,106,False,False,2024-12-08|Minnesota Timberwolves|Golden State Warriors,,,,2024-12-08|Minnesota Timberwolves|Golden State Warriors,0.1011781866641204,"[{""p_home_win"": 0.1011781866641204, ""weight"": 1.0}]",-2.1842016225931555,,bradley_terry_hfa,1.0,8
2024-12-08,Los Angeles Clippers,Houston Rockets,106,117,False,False,2024-12-08|Houston Rockets|Los Angeles Clippers,,,,2024-12-08|Houston Rockets|Los Angeles Clippers,0.001968026557013807,"[{""p_home_win"": 0.001968026557013807, ""weight"": 1.0}]",-6.228754020359698,,bradley_terry_hfa,0.0,-11
2024-12-08,Sacramento Kings,Utah Jazz,141,97,False,False,2024-12-08|Utah Jazz|Sacramento Kings,,,,2024-12-08|Utah Jazz|Sacramento Kings,0.4012983345169348,"[{""p_home_win"": 0.4012983345169348, ""weight"": 1.0}]",-0.40005829271504023,,bradley_terry_hfa,1.0,44
2024-12-08,Los Angeles Lakers,Portland Trail Blazers,107,98,False,False,2024-12-08|Portland Trail Blazers|Los Angeles Lakers,,,,2024-12-08|Portland Trail Blazers|Los Angeles Lakers,0.26939475947084063,"[{""p_home_win"": 0.26939475947084063, ""weight"": 1.0}]",-0.997695476055168,,bradley_terry_hfa,1.0,9
2024-12-09,Toronto Raptors,New York Knicks,108,113,False,False,2024-12-09|New York Knicks|Toronto Raptors,,,,2024-12-09|New York Knicks|Toronto Raptors,1.938104108662349e-05,"[{""p_home_win"": 1.938104108662349e-05, ""weight"": 1.0}]",-10.851195852075586,,bradley_terry_hfa,0.0,-5
2024-12-10,Milwaukee Bucks,Orlando Magic,114,109,False,False,2024-12-10|Orlando Magic|Milwaukee Bucks,,,,2024-12-10|Orlando Magic|Milwaukee Bucks,0.0009200497912796032,"[{""p_home_win"": 0.0009200497912796032, ""weight"": 1.0}]",-6.990162295132711,,bradley_terry_hfa,1.0,5
2024-12-10,Oklahoma City Thunder,Dallas Mavericks,118,104,False,False,2024-12-10|Dallas Mavericks|Oklahoma City Thunder,,,,2024-12-10|Dallas Mavericks|Oklahoma City Thunder,0.28041705960655366,"[{""p_home_win"": 0.28041705960655366, ""weight"": 1.0}]",-0.9423938011654163,,bradley_terry_hfa,1.0,14
2024-12-11,New York Knicks,Atlanta Hawks,100,108,False,False,2024-12-11|Atlanta Hawks|New York Knicks,,,,2024-12-11|Atlanta Hawks|New York Knicks,0.09560769098619797,"[{""p_home_win"": 0.09560769098619797, ""weight"": 1.0}]",-2.2470099699344988,,bradley_terry_hfa,0.0,-8
2024-12-11,Houston Rockets,Golden State Warriors,91,90,False,False,2024-12-11|Golden State Warriors|Houston Rockets,,,,2024-12-11|Golden State Warriors|Houston Rockets,0.06061398437539602,"[{""p_home_win"": 0.06061398437539602, ""weight"": 1.0}]",-2.7407008552613474,,bradley_terry_hfa,1.0,1
2024-12-12,Boston Celtics,Detroit Pistons,123,99,False,False,2024-12-12|Detroit Pistons|Boston Celtics,,,,2024-12-12|Detroit Pistons|Boston Celtics,0.9770544637730727,"[{""p_home_win"": 0.9770544637730727, ""weight"": 1.0}]",3.7514189787455177,,bradley_terry_hfa,1.0,24
2024-12-12,Miami Heat,Toronto Raptors,114,104,False,False,2024-12-12|Toronto Raptors|Miami Heat,,,,2024-12-12|Toronto Raptors|Miami Heat,0.8593712025493198,"[{""p_home_win"": 0.8593712025493198, ""weight"": 1.0}]",1.8100771853056665,,bradley_terry_hfa,1.0,10
2024-12-12,New Orleans Pelicans,Sacramento Kings,109,111,False,False,2024-12-12|Sacramento Kings|New Orleans Pelicans,,,,2024-12-12|Sacramento Kings|New Orleans Pelicans,9.763908759949609e-05,"[{""p_home_win"": 9.763908759949609e-05, ""weight"": 1.0}]",-9.23413501316466,,bradley_terry_hfa,0.0,-2
2024-12-13,Cleveland Cavaliers,Washington Wizards,115,105,False,False,2024-12-13|Washington Wizards|Cleveland Cavaliers,,,,2024-12-13|Washington Wizards|Cleveland Cavaliers,0.9997985235843436,"[{""p_home_win"": 0.9997985235843436, ""weight"": 1.0}]",8.509636730602368,,bradley_terry_hfa,1.0,10
2024-12-13,Philadelphia 76ers,Indiana Pacers,107,121,False,False,2024-12-13|Indiana Pacers|Philadelphia 76ers,,,,2024-12-13|Indiana Pacers|Philadelphia 76ers,0.0027973095888578652,"[{""p_home_win"": 0.0027973095888578652, ""weight"": 1.0}]",-5.876295955475209,,bradley_terry_hfa,0.0,-14
2024-12-13,Chicago Bulls,Charlotte Hornets,109,95,False,False,2024-12-13|Charlotte Hornets|Chicago Bulls,,,,2024-12-13|Charlotte Hornets|Chicago Bulls,0.2044111969479732,"[{""p_home_win"": 0.2044111969479732, ""weight"": 1.0}]",-1.358948836872961,,bradley_terry_hfa,1.0,14
2024-12-13,Memphis Grizzlies,Brooklyn Nets,135,119,False,False,2024-12-13|Brooklyn Nets|Memphis Grizzlies,,,,2024-12-13|Brooklyn Nets|Memphis Grizzlies,0.47683276107768574,"[{""p_home_win"": 0.47683276107768574, ""weight"": 1.0}]",-0.09273535773915054,,bradley_terry_hfa,1.0,16
2024-12-13,Minnesota Timberwolves,Los Angeles Lakers,97,87,False,False,2024-12-13|Los Angeles Lakers|Minnesota Timberwolves,,,,2024-12-13|Los Angeles Lakers|Minnesota Timberwolves,0.012420095790718089,"[{""p_home_win"": 0.012420095790718089, ""weight"": 1.0}]",-4.375941620062957,,bradley_terry_hfa,1.0,10
2024-12-13,Denver Nuggets,Los Angeles Clippers,120,98,False,False,2024-12-13|Los Angeles Clippers|Denver Nuggets,,,,2024-12-13|Los Angeles Clippers|Denver Nuggets,0.008990750300220186,"[{""p_home_win"": 0.008990750300220186, ""weight"": 1.0}]",-4.702527563564727,,bradley_terry_hfa,1.0,22
2024-12-13,Utah Jazz,Phoenix Suns,126,134,False,False,2024-12-13|Phoenix Suns|Utah Jazz,,,,2024-12-13|Phoenix Suns|Utah Jazz,1.931535277912511e-05,"[{""p_home_win"": 1.931535277912511e-05, ""weight"": 1.0}]",-10.854590981957575,,bradley_terry_hfa,0.0,-8
2024-12-13,Portland Trail Blazers,San Antonio Spurs,116,118,False,False,2024-12-13|San Antonio Spurs|Portland Trail Blazers,,,,2024-12-13|San Antonio Spurs|Portland Trail Blazers,0.0007141439673143931,"[{""p_home_win"": 0.0007141439673143931, ""weight"": 1.0}]",-7.243711581966577,,bradley_terry_hfa,0.0,-2
2024-12-14,Milwaukee Bucks,Atlanta Hawks,110,102,False,False,2024-12-14|Atlanta Hawks|Milwaukee Bucks,,,,2024-12-14|Atlanta Hawks|Milwaukee Bucks,0.014782658633802997,"[{""p_home_win"": 0.014782658633802997, ""weight"": 1.0}]",-4.199407488121025,,bradley_terry_hfa,1.0,8
2024-12-14,Oklahoma City Thunder,Houston Rockets,111,96,False,False,2024-12-14|Houston Rockets|Oklahoma City Thunder,,,,2024-12-14|Houston Rockets|Oklahoma City Thunder,0.08856603228224608,"[{""p_home_win"": 0.08856603228224608, ""weight"": 1.0}]",-2.331270746677295,,bradley_terry_hfa,1.0,15
2024-12-15,Indiana Pacers,New Orleans Pelicans,119,104,False,False,2024-12-15|New Orleans Pelicans|Indiana Pacers,,,,2024-12-15|New Orleans Pelicans|Indiana Pacers,0.6166664072064697,"[{""p_home_win"": 0.6166664072064697, ""weight"": 1.0}]",0.4754225991162624,,bradley_terry_hfa,1.0,15
2024-12-15,Orlando Magic,New York Knicks,91,100,False,False,2024-12-15|New York Knicks|Orlando Magic,,,,2024-12-15|New York Knicks|Orlando Magic,0.032649985698597145,"[{""p_home_win"": 0.032649985698597145, ""weight"": 1.0}]",-3.3887159712077826,,bradley_terry_hfa,0.0,-9
2024-12-15,Washington Wizards,Boston Celtics,98,112,False,False,2024-12-15|Boston Celtics|Washington Wizards,,,,2024-12-15|Boston Celtics|Washington Wizards,5.5067061317983284e-08,"[{""p_home_win"": 5.5067061317983284e-08, ""weight"": 1.0}]",-16.714714042694798,,bradley_terry_hfa,0.0,-14
2024-12-15,San Antonio Spurs,Minnesota Timberwolves,92,106,False,False,2024-12-15|Minnesota Timberwolves|San Antonio Spurs,,,,2024-12-15|Minnesota Timberwolves|San Antonio Spurs,0.0033845882665582893,"[{""p_home_win"": 0.0033845882665582893, ""weight"": 1.0}]",-5.685132685768441,,bradley_terry_hfa,0.0,-14
2024-12-15,Phoenix Suns,Portland Trail Blazers,116,109,False,False,2024-12-15|Portland Trail Blazers|Phoenix Suns,,,,2024-12-15|Portland Trail Blazers|Phoenix Suns,0.6790295165512704,"[{""p_home_win"": 0.6790295165512704, ""weight"": 1.0}]",0.7493154302052369,,bradley_terry_hfa,1.0,7
2024-12-15,Golden State Warriors,Dallas Mavericks,133,143,False,False,2024-12-15|Dallas Mavericks|Golden State Warriors,,,,2024-12-15|Dallas Mavericks|Golden State Warriors,0.006484384830326457,"[{""p_home_win"": 0.006484384830326457, ""weight"": 1.0}]",-5.0318528263286595,,bradley_terry_hfa,0.0,-10
2024-12-15,Los Angeles Lakers,Memphis Grizzlies,116,110,False,False,2024-12-15|Memphis Grizzlies|Los Angeles Lakers,,,,2024-12-15|Memphis Grizzlies|Los Angeles Lakers,0.0005570647163067062,"[{""p_home_win"": 0.0005570647163067062, ""weight"": 1.0}]",-7.492271917586523,,bradley_terry_hfa,1.0,6
2024-12-16,Charlotte Hornets,Philadelphia 76ers,108,121,False,False,2024-12-16|Philadelphia 76ers|Charlotte Hornets,,,,2024-12-16|Philadelphia 76ers|Charlotte Hornets,0.009713124409106858,"[{""p_home_win"": 0.009713124409106858, ""weight"": 1.0}]",-4.624516671623356,,bradley_terry_hfa,0.0,-13
2024-12-16,Detroit Pistons,Miami Heat,125,124,False,False,2024-12-16|Miami Heat|Detroit Pistons,,,,2024-12-16|Miami Heat|Detroit Pistons,0.0003511030438098184,"[{""p_home_win"": 0.0003511030438098184, ""weight"": 1.0}]",-7.954079640779608,,bradley_terry_hfa,1.0,1
2024-12-16,Brooklyn Nets,Cleveland Cavaliers,101,130,False,False,2024-12-16|Cleveland Cavaliers|Brooklyn Nets,,,,2024-12-16|Cleveland Cavaliers|Brooklyn Nets,2.2487309094018963e-06,"[{""p_home_win"": 2.2487309094018963e-06, ""weight"": 1.0}]",-13.005142292410882,,bradley_terry_hfa,0.0,-29
2024-12-16,Toronto Raptors,Chicago Bulls,121,122,False,False,2024-12-16|Chicago Bulls|Toronto Raptors,,,,2024-12-16|Chicago Bulls|Toronto Raptors,0.00031839949873671016,"[{""p_home_win"": 0.00031839949873671016, ""weight"": 1.0}]",-8.051885228116044,,bradley_terry_hfa,0.0,-1
2024-12-16,Sacramento Kings,Denver Nuggets,129,130,False,False,2024-12-16|Denver Nuggets|Sacramento Kings,,,,2024-12-16|Denver Nuggets|Sacramento Kings,0.0005767151808280002,"[{""p_home_win"": 0.0005767151808280002, ""weight"": 1.0}]",-7.457585152530709,,bradley_terry_hfa,0.0,-1
2024-12-16,Los Angeles Clippers,Utah Jazz,144,107,False,False,2024-12-16|Utah Jazz|Los Angeles Clippers,,,,2024-12-16|Utah Jazz|Los Angeles Clippers,0.9289306259770609,"[{""p_home_win"": 0.9289306259770609, ""weight"": 1.0}]",2.5703775610995283,,bradley_terry_hfa,1.0,37
2024-12-17,Oklahoma City Thunder,Milwaukee Bucks,81,97,False,False,2024-12-17|Milwaukee Bucks|Oklahoma City Thunder,,,,2024-12-17|Milwaukee Bucks|Oklahoma City Thunder,0.8502433223142883,"[{""p_home_win"": 0.8502433223142883, ""weight"": 1.0}]",1.7365107418390897,,bradley_terry_hfa,0.0,-16
2024-12-19,Detroit Pistons,Utah Jazz,119,126,False,False,2024-12-19|Utah Jazz|Detroit Pistons,,,,2024-12-19|Utah Jazz|Detroit Pistons,0.4485928136343743,"[{""p_home_win"": 0.4485928136343743, ""weight"": 1.0}]",-0.2063579290314852,,bradley_terry_hfa,0.0,-7
2024-12-19,Orlando Magic,Oklahoma City Thunder,99,105,False,False,2024-12-19|Oklahoma City Thunder|Orlando Magic,,,,2024-12-19|Oklahoma City Thunder|Orlando Magic,9.221576808679212e-05,"[{""p_home_win"": 9.221576808679212e-05, ""weight"": 1.0}]",-9.291287201539713,,bradley_terry_hfa,0.0,-6
2024-12-19,Washington Wizards,Charlotte Hornets,123,114,False,False,2024-12-19|Charlotte Hornets|Washington Wizards,,,,2024-12-19|Charlotte Hornets|Washington Wizards,0.0033019600826289966,"[{""p_home_win"": 0.0033019600826289966, ""weight"": 1.0}]",-5.709931598820751,,bradley_terry_hfa,1.0,9
2024-12-19,Boston Celtics,Chicago Bulls,108,117,False,False,2024-12-19|Chicago Bulls|Boston Celtics,,,,2024-12-19|Chicago Bulls|Boston Celtics,0.9460599142535799,"[{""p_home_win"": 0.9460599142535799, ""weight"": 1.0}]",2.864431993979176,,bradley_terry_hfa,0.0,-9
2024-12-19,Toronto Raptors,Brooklyn Nets,94,101,False,False,2024-12-19|Brooklyn Nets|Toronto Raptors,,,,2024-12-19|Brooklyn Nets|Toronto Raptors,0.00019685795044764806,"[{""p_home_win"": 0.00019685795044764806, ""weight"": 1.0}]",-8.53283127570577,,bradley_terry_hfa,0.0,-7
2024-12-19,Houston Rockets,New Orleans Pelicans,133,113,False,False,2024-12-19|New Orleans Pelicans|Houston Rockets,,,,2024-12-19|New Orleans Pelicans|Houston Rockets,0.9995888767595374,"[{""p_home_win"": 0.9995888767595374, ""weight"": 1.0}]",7.796206325501048,,bradley_terry_hfa,1.0,20
2024-12-19,Memphis Grizzlies,Golden State Warriors,144,93,False,False,2024-12-19|Golden State Warriors|Memphis Grizzlies,,,,2024-12-19|Golden State Warriors|Memphis Grizzlies,0.017605878918726548,"[{""p_home_win"": 0.017605878918726548, ""weight"": 1.0}]",-4.021759697391817,,bradley_terry_hfa,1.0,51
2024-12-19,San Antonio Spurs,Atlanta Hawks,133,126,False,False,2024-12-19|Atlanta Hawks|San Antonio Spurs,,,,2024-12-19|Atlanta Hawks|San Antonio Spurs,0.00301274867649621,"[{""p_home_win"": 0.00301274867649621, ""weight"": 1.0}]",-5.801885139218108,,bradley_terry_hfa,1.0,7
2024-12-19,Dallas Mavericks,Los Angeles Clippers,95,118,False,False,2024-12-19|Los Angeles Clippers|Dallas Mavericks,,,,2024-12-19|Los Angeles Clippers|Dallas Mavericks,0.13756978859256486,"[{""p_home_win"": 0.13756978859256486, ""weight"": 1.0}]",-1.8356228895761175,,bradley_terry_hfa,0.0,-23
2024-12-19,Phoenix Suns,Indiana Pacers,111,120,False,False,2024-12-19|Indiana Pacers|Phoenix Suns,,,,2024-12-19|Indiana Pacers|Phoenix Suns,0.21502280079660369,"[{""p_home_win"": 0.21502280079660369, ""weight"": 1.0}]",-1.2949105990383103,,bradley_terry_hfa,0.0,-9
2024-12-19,Minnesota Timberwolves,New York Knicks,107,133,False,False,2024-12-19|New York Knicks|Minnesota Timberwolves,,,,2024-12-19|New York Knicks|Minnesota Timberwolves,0.004561922456639737,"[{""p_home_win"": 0.004561922456639737, ""weight"": 1.0}]",-5.385438793152324,,bradley_terry_hfa,0.0,-26
2024-12-19,Portland Trail Blazers,Denver Nuggets,126,124,False,False,2024-12-19|Denver Nuggets|Portland Trail Blazers,,,,2024-12-19|Denver Nuggets|Portland Trail Blazers,1.202286335952526e-05,"[{""p_home_win"": 1.202286335952526e-05, ""weight"": 1.0}]",-11.328688418023907,,bradley_terry_hfa,1.0,2
2024-12-19,Sacramento Kings,Los Angeles Lakers,100,113,False,False,2024-12-19|Los Angeles Lakers|Sacramento Kings,,,,2024-12-19|Los Angeles Lakers|Sacramento Kings,0.0009972050567003783,"[{""p_home_win"": 0.0009972050567003783, ""weight"": 1.0}]",-6.909556432832376,,bradley_terry_hfa,0.0,-13
2024-12-20,Philadelphia 76ers,Charlotte Hornets,108,98,False,False,2024-12-20|Charlotte Hornets|Philadelphia 76ers,,,,2024-12-20|Charlotte Hornets|Philadelphia 76ers,0.030523953326743153,"[{""p_home_win"": 0.030523953326743153, ""weight"": 1.0}]",-3.458244037131994,,bradley_terry_hfa,1.0,10
2024-12-20,Cleveland Cavaliers,Milwaukee Bucks,124,101,False,False,2024-12-20|Milwaukee Bucks|Cleveland Cavaliers,,,,2024-12-20|Milwaukee Bucks|Cleveland Cavaliers,0.5380254797238132,"[{""p_home_win"": 0.5380254797238132, ""weight"": 1.0}]",0.15239618047824166,,bradley_terry_hfa,1.0,23
2024-12-20,Miami Heat,Oklahoma City Thunder,97,104,False,False,2024-12-20|Oklahoma City Thunder|Miami Heat,,,,2024-12-20|Oklahoma City Thunder|Miami Heat,2.354456991367352e-06,"[{""p_home_win"": 2.354456991367352e-06, ""weight"": 1.0}]",-12.959198079537149,,bradley_terry_hfa,0.0,-7
2024-12-21,Sacramento Kings,Los Angeles Lakers,99,103,False,False,2024-12-21|Los Angeles Lakers|Sacramento Kings,,,,2024-12-21|Los Angeles Lakers|Sacramento Kings,0.00018061214477383173,"[{""p_home_win"": 0.00018061214477383173, ""weight"": 1.0}]",-8.618978043975543,,bradley_terry_hfa,0.0,-4
2024-12-21,Orlando Magic,Miami Heat,121,114,False,False,2024-12-21|Miami Heat|Orlando Magic,,,,2024-12-21|Miami Heat|Orlando Magic,0.06716330234742254,"[{""p_home_win"": 0.06716330234742254, ""weight"": 1.0}]",-2.631103153872782,,bradley_terry_hfa,1.0,7
2024-12-21,Atlanta Hawks,Memphis Grizzlies,112,128,False,False,2024-12-21|Memphis Grizzlies|Atlanta Hawks,,,,2024-12-21|Memphis Grizzlies|Atlanta Hawks,9.735833936931267e-05,"[{""p_home_win"": 9.735833936931267e-05, ""weight"": 1.0}]",-9.237014802952611,,bradley_terry_hfa,0.0,-16
2024-12-21,Brooklyn Nets,Utah Jazz,94,105,False,False,2024-12-21|Utah Jazz|Brooklyn Nets,,,,2024-12-21|Utah Jazz|Brooklyn Nets,0.31314047814444096,"[{""p_home_win"": 0.31314047814444096, ""weight"": 1.0}]",-0.7854778889364962,,bradley_terry_hfa,0.0,-11
2024-12-21,Chicago Bulls,Boston Celtics,98,123,False,False,2024-12-21|Boston Celtics|Chicago Bulls,,,,2024-12-21|Boston Celtics|Chicago Bulls,7.983655408241857e-06,"[{""p_home_win"": 7.983655408241857e-06, ""weight"": 1.0}]",-11.738106196489614,,bradley_terry_hfa,0.0,-25
2024-12-21,Cleveland Cavaliers,Philadelphia 76ers,126,99,False,False,2024-12-21|Philadelphia 76ers|Cleveland Cavaliers,,,,2024-12-21|Philadelphia 76ers|Cleveland Cavaliers,0.9990288868041932,"[{""p_home_win"": 0.9990288868041932, ""weight"": 1.0}]",6.936095934909751,,bradley_terry_hfa,1.0,27
2024-12-21,Milwaukee Bucks,Washington Wizards,112,101,False,False,2024-12-21|Washington Wizards|Milwaukee Bucks,,,,2024-12-21|Washington Wizards|Milwaukee Bucks,0.9711577195419382,"[{""p_home_win"": 0.9711577195419382, ""weight"": 1.0}]",3.5166465030743055,,bradley_terry_hfa,1.0,11
2024-12-21,Minnesota Timberwolves,Golden State Warriors,103,113,False,False,2024-12-21|Golden State Warriors|Minnesota Timberwolves,,,,2024-12-21|Golden State Warriors|Minnesota Timberwolves,0.0015006168158958483,"[{""p_home_win"": 0.0015006168158958483, ""weight"": 1.0}]",-6.50037730093168,,bradley_terry_hfa,0.0,-10
2024-12-21,New Orleans Pelicans,New York Knicks,93,104,False,False,2024-12-21|New York Knicks|New Orleans Pelicans,,,,2024-12-21|New York Knicks|New Orleans Pelicans,1.2493030365707123e-07,"[{""p_home_win"": 1.2493030365707123e-07, ""weight"": 1.0}]",-15.8955097009576,,bradley_terry_hfa,0.0,-11
2024-12-21,Dallas Mavericks,Los Angeles Clippers,113,97,False,False,2024-12-21|Los Angeles Clippers|Dallas Mavericks,,,,2024-12-21|Los Angeles Clippers|Dallas Mavericks,0.05227804387739381,"[{""p_home_win"": 0.05227804387739381, ""weight"": 1.0}]",-2.8974846922204334,,bradley_terry_hfa,1.0,16
2024-12-21,San Antonio Spurs,Portland Trail Blazers,114,94,False,False,2024-12-21|Portland Trail Blazers|San Antonio Spurs,,,,2024-12-21|Portland Trail Blazers|San Antonio Spurs,0.23922207561541894,"[{""p_home_win"": 0.23922207561541894, ""weight"": 1.0}]",-1.1569491873111044,,bradley_terry_hfa,1.0,20
2024-12-21,Phoenix Suns,Detroit Pistons,125,133,False,False,2024-12-21|Detroit Pistons|Phoenix Suns,,,,2024-12-21|Detroit Pistons|Phoenix Suns,0.18858632589706803,"[{""p_home_win"": 0.18858632589706803, ""weight"": 1.0}]",-1.4592221387371676,,bradley_terry_hfa,0.0,-8
2024-12-22,Sacramento Kings,Indiana Pacers,95,122,False,False,2024-12-22|Indiana Pacers|Sacramento Kings,,,,2024-12-22|Indiana Pacers|Sacramento Kings,0.0017069282840999418,"[{""p_home_win"": 0.0017069282840999418, ""weight"": 1.0}]",-6.371351462135877,,bradley_terry_hfa,0.0,-27
2024-12-22,Toronto Raptors,Houston Rockets,110,114,False,False,2024-12-22|Houston Rockets|Toronto Raptors,,,,2024-12-22|Houston Rockets|Toronto Raptors,1.2541197799134575e-08,"[{""p_home_win"": 1.2541197799134575e-08, ""weight"": 1.0}]",-18.194246775489724,,bradley_terry_hfa,0.0,-4
2024-12-22,New Orleans Pelicans,Denver Nuggets,129,132,False,False,2024-12-22|Denver Nuggets|New Orleans Pelicans,,,,2024-12-22|Denver Nuggets|New Orleans Pelicans,2.1170859899723603e-07,"[{""p_home_win"": 2.1170859899723603e-07, ""weight"": 1.0}]",-15.368054829134758,,bradley_terry_hfa,0.0,-3
2024-12-23,Charlotte Hornets,Houston Rockets,101,114,False,False,2024-12-23|Houston Rockets|Charlotte Hornets,,,,2024-12-23|Houston Rockets|Charlotte Hornets,1.1411117227788327e-08,"[{""p_home_win"": 1.1411117227788327e-08, ""weight"": 1.0}]",-18.288677749908956,,bradley_terry_hfa,0.0,-13
2024-12-23,Cleveland Cavaliers,Utah Jazz,124,113,False,False,2024-12-23|Utah Jazz|Cleveland Cavaliers,,,,2024-12-23|Utah Jazz|Cleveland Cavaliers,0.9997535544475045,"[{""p_home_win"": 0.9997535544475045, ""weight"": 1.0}]",8.30812299532536,,bradley_terry_hfa,1.0,11
2024-12-23,Orlando Magic,Boston Celtics,108,104,False,False,2024-12-23|Boston Celtics|Orlando Magic,,,,2024-12-23|Boston Celtics|Orlando Magic,0.00013238424563416618,"[{""p_home_win"": 0.00013238424563416618, ""weight"": 1.0}]",-8.92966951921062,,bradley_terry_hfa,1.0,4
2024-12-23,Philadelphia 76ers,San Antonio Spurs,111,106,False,False,2024-12-23|San Antonio Spurs|Philadelphia 76ers,,,,2024-12-23|San Antonio Spurs|Philadelphia 76ers,3.939971514521936e-05,"[{""p_home_win"": 3.939971514521936e-05, ""weight"": 1.0}]",-10.141712571011954,,bradley_terry_hfa,1.0,5
2024-12-23,Atlanta Hawks,Minnesota Timberwolves,117,104,False,False,2024-12-23|Minnesota Timberwolves|Atlanta Hawks,,,,2024-12-23|Minnesota Timberwolves|Atlanta Hawks,0.0026380198062315344,"[{""p_home_win"": 0.0026380198062315344, ""weight"": 1.0}]",-5.935085211154783,,bradley_terry_hfa,1.0,13
2024-12-23,Miami Heat,Brooklyn Nets,110,95,False,False,2024-12-23|Brooklyn Nets|Miami Heat,,,,2024-12-23|Brooklyn Nets|Miami Heat,0.021686881501274,"[{""p_home_win"": 0.021686881501274, ""weight"": 1.0}]",-3.8091222422308495,,bradley_terry_hfa,1.0,15
2024-12-23,New York Knicks,Toronto Raptors,139,125,False,False,2024-12-23|Toronto Raptors|New York Knicks,,,,2024-12-23|Toronto Raptors|New York Knicks,0.99113347891785,"[{""p_home_win"": 0.99113347891785, ""weight"": 1.0}]",4.716566708719682,,bradley_terry_hfa,1.0,14
2024-12-23,Chicago Bulls,Milwaukee Bucks,91,112,False,False,2024-12-23|Milwaukee Bucks|Chicago Bulls,,,,2024-12-23|Milwaukee Bucks|Chicago Bulls,0.0002531818921386584,"[{""p_home_win"": 0.0002531818921386584, ""weight"": 1.0}]",-8.281149172343616,,bradley_terry_hfa,0.0,-21
2024-12-23,Memphis Grizzlies,Los Angeles Clippers,110,114,False,False,2024-12-23|Los Angeles Clippers|Memphis Grizzlies,,,,2024-12-23|Los Angeles Clippers|Memphis Grizzlies,0.07237885138604427,"[{""p_home_win"": 0.07237885138604427, ""weight"": 1.0}]",-2.5507092556111726,,bradley_terry_hfa,0.0,-4
2024-12-23,Oklahoma City Thunder,Washington Wizards,123,105,False,False,2024-12-23|Washington Wizards|Oklahoma City Thunder,,,,2024-12-23|Washington Wizards|Oklahoma City Thunder,0.9999516391213035,"[{""p_home_win"": 0.9999516391213035, ""weight"": 1.0}]",9.936771000432438,,bradley_terry_hfa,1.0,18
2024-12-23,Dallas Mavericks,Portland Trail Blazers,132,108,False,False,2024-12-23|Portland Trail Blazers|Dallas Mavericks,,,,2024-12-23|Portland Trail Blazers|Dallas Mavericks,0.9759477524458593,"[{""p_home_win"": 0.9759477524458593, ""weight"": 1.0}]",3.703180607070223,,bradley_terry_hfa,1.0,24
2024-12-23,Denver Nuggets,Phoenix Suns,117,90,False,False,2024-12-23|Phoenix Suns|Denver Nuggets,,,,2024-12-23|Phoenix Suns|Denver Nuggets,0.018881325790119023,"[{""p_home_win"": 0.018881325790119023, ""weight"": 1.0}]",-3.950520044753587,,bradley_terry_hfa,1.0,27
2024-12-23,Golden State Warriors,Indiana Pacers,105,111,False,False,2024-12-23|Indiana Pacers|Golden State Warriors,,,,2024-12-23|Indiana Pacers|Golden State Warriors,0.20221648384176696,"[{""p_home_win"": 0.20221648384176696, ""weight"": 1.0}]",-1.3724984519108325,,bradley_terry_hfa,0.0,-6
2024-12-23,Los Angeles Lakers,Detroit Pistons,114,117,False,False,2024-12-23|Detroit Pistons|Los Angeles Lakers,,,,2024-12-23|Detroit Pistons|Los Angeles Lakers,0.1378541132475813,"[{""p_home_win"": 0.1378541132475813, ""weight"": 1.0}]",-1.8332285229162602,,bradley_terry_hfa,0.0,-3
2024-12-25,New York Knicks,San Antonio Spurs,117,114,False,False,2024-12-25|San Antonio Spurs|New York Knicks,,,,2024-12-25|San Antonio Spurs|New York Knicks,0.1023615371511747,"[{""p_home_win"": 0.1023615371511747, ""weight"": 1.0}]",-2.1712563563309413,,bradley_terry_hfa,1.0,3
2024-12-25,Dallas Mavericks,Minnesota Timberwolves,99,105,False,False,2024-12-25|Minnesota Timberwolves|Dallas Mavericks,,,,2024-12-25|Minnesota Timberwolves|Dallas Mavericks,0.5553292694153382,"[{""p_home_win"": 0.5553292694153382, ""weight"": 1.0}]",0.22222713904075597,,bradley_terry_hfa,0.0,-6
2024-12-25,Boston Celtics,Philadelphia 76ers,114,118,False,False,2024-12-25|Philadelphia 76ers|Boston Celtics,,,,2024-12-25|Philadelphia 76ers|Boston Celtics,0.9939024458058685,"[{""p_home_win"": 0.9939024458058685, ""weight"": 1.0}]",5.093751319792892,,bradley_terry_hfa,0.0,-4
2024-12-25,Golden State Warriors,Los Angeles Lakers,113,115,False,False,2024-12-25|Los Angeles Lakers|Golden State Warriors,,,,2024-12-25|Los Angeles Lakers|Golden State Warriors,0.009016087272251113,"[{""p_home_win"": 0.009016087272251113, ""weight"": 1.0}]",-4.699687844426574,,bradley_terry_hfa,0.0,-2
2024-12-25,Phoenix Suns,Denver Nuggets,110,100,False,False,2024-12-25|Denver Nuggets|Phoenix Suns,,,,2024-12-25|Denver Nuggets|Phoenix Suns,0.0002654943311391843,"[{""p_home_win"": 0.0002654943311391843, ""weight"": 1.0}]",-8.233651539570722,,bradley_terry_hfa,1.0,10
2024-12-26,Indiana Pacers,Oklahoma City Thunder,114,120,False,False,2024-12-26|Oklahoma City Thunder|Indiana Pacers,,,,2024-12-26|Oklahoma City Thunder|Indiana Pacers,8.819237100681322e-08,"[{""p_home_win"": 8.819237100681322e-08, ""weight"": 1.0}]",-16.243745286003723,,bradley_terry_hfa,0.0,-6
2024-12-26,Orlando Magic,Miami Heat,88,89,False,False,2024-12-26|Miami Heat|Orlando Magic,,,,2024-12-26|Miami Heat|Orlando Magic,0.12177873236358804,"[{""p_home_win"": 0.12177873236358804, ""weight"": 1.0}]",-1.9756928462453174,,bradley_terry_hfa,0.0,-1
2024-12-26,Washington Wizards,Charlotte Hornets,113,110,False,False,2024-12-26|Charlotte Hornets|Washington Wizards,,,,2024-12-26|Charlotte Hornets|Washington Wizards,0.00281900894970165,"[{""p_home_win"": 0.00281900894970165, ""weight"": 1.0}]",-5.868546902237694,,bradley_terry_hfa,1.0,3
2024-12-26,Atlanta Hawks,Chicago Bulls,141,133,False,False,2024-12-26|Chicago Bulls|Atlanta Hawks,,,,2024-12-26|Chicago Bulls|Atlanta Hawks,0.005107523729122739,"[{""p_home_win"": 0.005107523729122739, ""weight"": 1.0}]",-5.271919973634131,,bradley_terry_hfa,1.0,8
2024-12-26,Memphis Grizzlies,Toronto Raptors,155,126,False,False,2024-12-26|Toronto Raptors|Memphis Grizzlies,,,,2024-12-26|Toronto Raptors|Memphis Grizzlies,0.9961931319325277,"[{""p_home_win"": 0.9961931319325277, ""weight"": 1.0}]",5.567134324797465,,bradley_terry_hfa,1.0,29
2024-12-26,Milwaukee Bucks,Brooklyn Nets,105,111,False,False,2024-12-26|Brooklyn Nets|Milwaukee Bucks,,,,2024-12-26|Brooklyn Nets|Milwaukee Bucks,0.44168997456412273,"[{""p_home_win"": 0.44168997456412273, ""weight"": 1.0}]",-0.2343061882739068,,bradley_terry_hfa,0.0,-6
2024-12-26,New Orleans Pelicans,Houston Rockets,111,128,False,False,2024-12-26|Houston Rockets|New Orleans Pelicans,,,,2024-12-26|Houston Rockets|New Orleans Pelicans,1.0315520457379782e-09,"[{""p_home_win"": 1.0315520457379782e-09, ""weight"": 1.0}]",-20.69220132729601,,bradley_terry_hfa,0.0,-17
2024-12-26,Portland Trail Blazers,Utah Jazz,122,120,False,False,2024-12-26|Utah Jazz|Portland Trail Blazers,,,,2024-12-26|Utah Jazz|Portland Trail Blazers,0.00990653069713838,"[{""p_home_win"": 0.00990653069713838, ""weight"": 1.0}]",-4.604605146075269,,bradley_terry_hfa,1.0,2
2024-12-26,Sacramento Kings,Detroit Pistons,113,114,False,False,2024-12-26|Detroit Pistons|Sacramento Kings,,,,2024-12-26|Detroit Pistons|Sacramento Kings,0.00028944117504397897,"[{""p_home_win"": 0.00028944117504397897, ""weight"": 1.0}]",-8.147268993539065,,bradley_terry_hfa,0.0,-1
2024-12-27,Orlando Magic,New York Knicks,85,108,False,False,2024-12-27|New York Knicks|Orlando Magic,,,,2024-12-27|New York Knicks|Orlando Magic,0.0019973622605164547,"[{""p_home_win"": 0.0019973622605164547, ""weight"": 1.0}]",-6.213928478989477,,bradley_terry_hfa,0.0,-23
2024-12-27,Boston Celtics,Indiana Pacers,142,105,False,False,2024-12-27|Indiana Pacers|Boston Celtics,,,,2024-12-27|Indiana Pacers|Boston Celtics,0.8343789762241478,"[{""p_home_win"": 0.8343789762241478, ""weight"": 1.0}]",1.6169855180281232,,bradley_terry_hfa,1.0,37
2024-12-27,Brooklyn Nets,San Antonio Spurs,87,96,False,False,2024-12-27|San Antonio Spurs|Brooklyn Nets,,,,2024-12-27|San Antonio Spurs|Brooklyn Nets,0.0004833837388768959,"[{""p_home_win"": 0.0004833837388768959, ""weight"": 1.0}]",-7.634216228717341,,bradley_terry_hfa,0.0,-9
2024-12-27,Houston Rockets,Minnesota Timberwolves,112,113,False,False,2024-12-27|Minnesota Timberwolves|Houston Rockets,,,,2024-12-27|Minnesota Timberwolves|Houston Rockets,0.6090401418098372,"[{""p_home_win"": 0.6090401418098372, ""weight"": 1.0}]",0.4432792895997917,,bradley_terry_hfa,0.0,-1
2024-12-27,New Orleans Pelicans,Memphis Grizzlies,124,132,False,False,2024-12-27|Memphis Grizzlies|New Orleans Pelicans,,,,2024-12-27|Memphis Grizzlies|New Orleans Pelicans,4.617401304504355e-09,"[{""p_home_win"": 4.617401304504355e-09, ""weight"": 1.0}]",-19.19343377369372,,bradley_terry_hfa,0.0,-8
2024-12-27,Denver Nuggets,Cleveland Cavaliers,135,149,False,False,2024-12-27|Cleveland Cavaliers|Denver Nuggets,,,,2024-12-27|Cleveland Cavaliers|Denver Nuggets,2.7984847411465414e-06,"[{""p_home_win"": 2.7984847411465414e-06, ""weight"": 1.0}]",-12.786429652652714,,bradley_terry_hfa,0.0,-14
2024-12-27,Phoenix Suns,Dallas Mavericks,89,98,False,False,2024-12-27|Dallas Mavericks|Phoenix Suns,,,,2024-12-27|Dallas Mavericks|Phoenix Suns,6.18531178004194e-05,"[{""p_home_win"": 6.18531178004194e-05, ""weight"": 1.0}]",-9.690686196304544,,bradley_terry_hfa,0.0,-9
2024-12-27,Los Angeles Clippers,Golden State Warriors,102,92,False,False,2024-12-27|Golden State Warriors|Los Angeles Clippers,,,,2024-12-27|Golden State Warriors|Los Angeles Clippers,0.0035777171449868366,"[{""p_home_win"": 0.0035777171449868366, ""weight"": 1.0}]",-5.629446218483918,,bradley_terry_hfa,1.0,10
2024-12-28,Atlanta Hawks,Miami Heat,120,110,False,False,2024-12-28|Miami Heat|Atlanta Hawks,,,,2024-12-28|Miami Heat|Atlanta Hawks,0.0009443289229750331,"[{""p_home_win"": 0.0009443289229750331, ""weight"": 1.0}]",-6.964091242070931,,bradley_terry_hfa,1.0,10
2024-12-28,Charlotte Hornets,Oklahoma City Thunder,94,106,False,False,2024-12-28|Oklahoma City Thunder|Charlotte Hornets,,,,2024-12-28|Oklahoma City Thunder|Charlotte Hornets,5.6047720591848444e-11,"[{""p_home_win"": 5.6047720591848444e-11, ""weight"": 1.0}]",-23.60481763458808,,bradley_terry_hfa,0.0,-12
2024-12-28,Washington Wizards,New York Knicks,132,136,False,False,2024-12-28|New York Knicks|Washington Wizards,,,,2024-12-28|New York Knicks|Washington Wizards,1.9263390484521117e-08,"[{""p_home_win"": 1.9263390484521117e-08, ""weight"": 1.0}]",-17.765059389187925,,bradley_terry_hfa,0.0,-4
2024-12-28,Chicago Bulls,Milwaukee Bucks,116,111,False,False,2024-12-28|Milwaukee Bucks|Chicago Bulls,,,,2024-12-28|Milwaukee Bucks|Chicago Bulls,3.534540894972232e-05,"[{""p_home_win"": 3.534540894972232e-05, ""weight"": 1.0}]",-10.250306702146291,,bradley_terry_hfa,1.0,5
2024-12-28,Golden State Warriors,Phoenix Suns,109,105,False,False,2024-12-28|Phoenix Suns|Golden State Warriors,,,,2024-12-28|Phoenix Suns|Golden State Warriors,0.004238024152430702,"[{""p_home_win"": 0.004238024152430702, ""weight"": 1.0}]",-5.45941109010551,,bradley_terry_hfa,1.0,4
2024-12-28,Denver Nuggets,Detroit Pistons,134,121,False,False,2024-12-28|Detroit Pistons|Denver Nuggets,,,,2024-12-28|Detroit Pistons|Denver Nuggets,0.028231980528173037,"[{""p_home_win"": 0.028231980528173037, ""weight"": 1.0}]",-3.538661716215982,,bradley_terry_hfa,1.0,13
2024-12-28,Utah Jazz,Philadelphia 76ers,111,114,False,False,2024-12-28|Philadelphia 76ers|Utah Jazz,,,,2024-12-28|Philadelphia 76ers|Utah Jazz,5.01698388055761e-05,"[{""p_home_win"": 5.01698388055761e-05, ""weight"": 1.0}]",-9.90004636134032,,bradley_terry_hfa,0.0,-3
2024-12-28,Portland Trail Blazers,Dallas Mavericks,126,122,False,False,2024-12-28|Dallas Mavericks|Portland Trail Blazers,,,,2024-12-28|Dallas Mavericks|Portland Trail Blazers,1.0143825251767591e-07,"[{""p_home_win"": 1.0143825251767591e-07, ""weight"": 1.0}]",-16.103815471725547,,bradley_terry_hfa,1.0,4
2024-12-28,Los Angeles Lakers,Sacramento Kings,132,122,False,False,2024-12-28|Sacramento Kings|Los Angeles Lakers,,,,2024-12-28|Sacramento Kings|Los Angeles Lakers,0.5073334594236838,"[{""p_home_win"": 0.5073334594236838, ""weight"": 1.0}]",0.029335941383404673,,bradley_terry_hfa,1.0,10
2024-12-29,Orlando Magic,Brooklyn Nets,102,101,False,False,2024-12-29|Brooklyn Nets|Orlando Magic,,,,2024-12-29|Brooklyn Nets|Orlando Magic,0.463733690735677,"[{""p_home_win"": 0.463733690735677, ""weight"": 1.0}]",-0.14532043824799423,,bradley_terry_hfa,1.0,1
2024-12-29,Boston Celtics,Indiana Pacers,114,123,False,False,2024-12-29|Indiana Pacers|Boston Celtics,,,,2024-12-29|Indiana Pacers|Boston Celtics,0.861664584107531,"[{""p_home_win"": 0.861664584107531, ""weight"": 1.0}]",1.8291847952813942,,bradley_terry_hfa,0.0,-9
2024-12-29,Toronto Raptors,Atlanta Hawks,107,136,False,False,2024-12-29|Atlanta Hawks|Toronto Raptors,,,,2024-12-29|Atlanta Hawks|Toronto Raptors,5.11408578055815e-07,"[{""p_home_win"": 5.11408578055815e-07, ""weight"": 1.0}]",-14.486096489149382,,bradley_terry_hfa,0.0,-29
2024-12-29,Houston Rockets,Miami Heat,100,104,False,False,2024-12-29|Miami Heat|Houston Rockets,,,,2024-12-29|Miami Heat|Houston Rockets,0.32674104932315196,"[{""p_home_win"": 0.32674104932315196, ""weight"": 1.0}]",-0.7229620672471606,,bradley_terry_hfa,0.0,-4
2024-12-29,Oklahoma City Thunder,Memphis Grizzlies,130,106,False,False,2024-12-29|Memphis Grizzlies|Oklahoma City Thunder,,,,2024-12-29|Memphis Grizzlies|Oklahoma City Thunder,0.22071603191893488,"[{""p_home_win"": 0.22071603191893488, ""weight"": 1.0}]",-1.261498556581385,,bradley_terry_hfa,1.0,24
2024-12-29,Minnesota Timberwolves,San Antonio Spurs,112,110,False,False,2024-12-29|San Antonio Spurs|Minnesota Timberwolves,,,,2024-12-29|San Antonio Spurs|Minnesota Timberwolves,0.00565908291009376,"[{""p_home_win"": 0.00565908291009376, ""weight"": 1.0}]",-5.168818273725618,,bradley_terry_hfa,1.0,2
2024-12-30,Charlotte Hornets,Chicago Bulls,108,115,False,False,2024-12-30|Chicago Bulls|Charlotte Hornets,,,,2024-12-30|Chicago Bulls|Charlotte Hornets,2.094089704062338e-06,"[{""p_home_win"": 2.094089704062338e-06, ""weight"": 1.0}]",-13.076389513725372,,bradley_terry_hfa,0.0,-7
2024-12-30,Washington Wizards,New York Knicks,106,126,False,False,2024-12-30|New York Knicks|Washington Wizards,,,,2024-12-30|New York Knicks|Washington Wizards,1.2996549350927028e-08,"[{""p_home_win"": 1.2996549350927028e-08, ""weight"": 1.0}]",-18.158581936266383,,bradley_terry_hfa,0.0,-20
2024-12-30,New Orleans Pelicans,Los Angeles Clippers,113,116,False,False,2024-12-30|Los Angeles Clippers|New Orleans Pelicans,,,,2024-12-30|Los Angeles Clippers|New Orleans Pelicans,1.2558347047561215e-08,"[{""p_home_win"": 1.2558347047561215e-08, ""weight"": 1.0}]",-18.192880276502176,,bradley_terry_hfa,0.0,-3
2024-12-30,Utah Jazz,Denver Nuggets,121,132,False,False,2024-12-30|Denver Nuggets|Utah Jazz,,,,2024-12-30|Denver Nuggets|Utah Jazz,8.0555181192094e-08,"[{""p_home_win"": 8.0555181192094e-08, ""weight"": 1.0}]",-16.334323326154127,,bradley_terry_hfa,0.0,-11
2024-12-30,Golden State Warriors,Cleveland Cavaliers,95,113,False,False,2024-12-30|Cleveland Cavaliers|Golden State Warriors,,,,2024-12-30|Cleveland Cavaliers|Golden State Warriors,3.633646801180088e-07,"[{""p_home_win"": 3.633646801180088e-07, ""weight"": 1.0}]",-14.827858515193954,,bradley_terry_hfa,0.0,-18
2024-12-30,Portland Trail Blazers,Philadelphia 76ers,103,125,False,False,2024-12-30|Philadelphia 76ers|Portland Trail Blazers,,,,2024-12-30|Philadelphia 76ers|Portland Trail Blazers,0.000355106181222221,"[{""p_home_win"": 0.000355106181222221, ""weight"": 1.0}]",-7.942738541930177,,bradley_terry_hfa,0.0,-22
2024-12-30,Sacramento Kings,Dallas Mavericks,110,100,False,False,2024-12-30|Dallas Mavericks|Sacramento Kings,,,,2024-12-30|Dallas Mavericks|Sacramento Kings,1.5511782352996474e-07,"[{""p_home_win"": 1.5511782352996474e-07, ""weight"": 1.0}]",-15.67908070187216,,bradley_terry_hfa,1.0,10
2024-12-31,Boston Celtics,Toronto Raptors,125,71,False,False,2024-12-31|Toronto Raptors|Boston Celtics,,,,2024-12-31|Toronto Raptors|Boston Celtics,0.9995317760687004,"[{""p_home_win"": 0.9995317760687004, ""weight"": 1.0}]",7.666095557218743,,bradley_terry_hfa,1.0,54
2024-12-31,Indiana Pacers,Milwaukee Bucks,112,120,False,False,2024-12-31|Milwaukee Bucks|Indiana Pacers,,,,2024-12-31|Milwaukee Bucks|Indiana Pacers,5.8872972820945376e-05,"[{""p_home_win"": 5.8872972820945376e-05, ""weight"": 1.0}]",-9.740069563430584,,bradley_terry_hfa,0.0,-8
2024-12-31,San Antonio Spurs,Los Angeles Clippers,122,86,False,False,2024-12-31|Los Angeles Clippers|San Antonio Spurs,,,,2024-12-31|Los Angeles Clippers|San Antonio Spurs,3.7077057473860866e-05,"[{""p_home_win"": 3.7077057473860866e-05, ""weight"": 1.0}]",-10.20247509882326,,bradley_terry_hfa,1.0,36
2024-12-31,Oklahoma City Thunder,Minnesota Timberwolves,113,105,False,False,2024-12-31|Minnesota Timberwolves|Oklahoma City Thunder,,,,2024-12-31|Minnesota Timberwolves|Oklahoma City Thunder,0.8755758251449973,"[{""p_home_win"": 0.8755758251449973, ""weight"": 1.0}]",1.9511852627370647,,bradley_terry_hfa,1.0,8
2024-12-31,Los Angeles Lakers,Cleveland Cavaliers,110,122,False,False,2024-12-31|Cleveland Cavaliers|Los Angeles Lakers,,,,2024-12-31|Cleveland Cavaliers|Los Angeles Lakers,4.708508814047677e-07,"[{""p_home_win"": 4.708508814047677e-07, ""weight"": 1.0}]",-14.568723922197236,,bradley_terry_hfa,0.0,-12
2024-12-31,Phoenix Suns,Memphis Grizzlies,112,117,False,False,2024-12-31|Memphis Grizzlies|Phoenix Suns,,,,2024-12-31|Memphis Grizzlies|Phoenix Suns,5.305315325771737e-06,"[{""p_home_win"": 5.305315325771737e-06, ""weight"": 1.0}]",-12.14679604298161,,bradley_terry_hfa,0.0,-5
2025-01-01,Detroit Pistons,Orlando Magic,105,96,False,False,2025-01-01|Orlando Magic|Detroit Pistons,,,,2025-01-01|Orlando Magic|Detroit Pistons,3.4610292272889685e-06,"[{""p_home_win"": 3.4610292272889685e-06, ""weight"": 1.0}]",-12.573941087558843,,bradley_terry_hfa,1.0,9
2025-01-01,Washington Wizards,Chicago Bulls,125,107,False,False,2025-01-01|Chicago Bulls|Washington Wizards,,,,2025-01-01|Chicago Bulls|Washington Wizards,2.2778362903468767e-06,"[{""p_home_win"": 2.2778362903468767e-06, ""weight"": 1.0}]",-12.992282283202218,,bradley_terry_hfa,1.0,18
2025-01-01,Miami Heat,New Orleans Pelicans,119,108,False,False,2025-01-01|New Orleans Pelicans|Miami Heat,,,,2025-01-01|New Orleans Pelicans|Miami Heat,0.9786668311413133,"[{""p_home_win"": 0.9786668311413133, ""weight"": 1.0}]",3.8259281842134207,,bradley_terry_hfa,1.0,11
2025-01-01,New York Knicks,Utah Jazz,119,103,False,False,2025-01-01|Utah Jazz|New York Knicks,,,,2025-01-01|Utah Jazz|New York Knicks,0.9982789772202009,"[{""p_home_win"": 0.9982789772202009, ""weight"": 1.0}]",6.363114020025762,,bradley_terry_hfa,1.0,16
2025-01-01,Toronto Raptors,Brooklyn Nets,130,113,False,False,2025-01-01|Brooklyn Nets|Toronto Raptors,,,,2025-01-01|Brooklyn Nets|Toronto Raptors,8.0936574055706e-06,"[{""p_home_win"": 8.0936574055706e-06, ""weight"": 1.0}]",-11.724421745678125,,bradley_terry_hfa,1.0,17
2025-01-01,Houston Rockets,Dallas Mavericks,110,99,False,False,2025-01-01|Dallas Mavericks|Houston Rockets,,,,2025-01-01|Dallas Mavericks|Houston Rockets,0.0076584434331695254,"[{""p_home_win"": 0.0076584434331695254, ""weight"": 1.0}]",-4.864258603133594,,bradley_terry_hfa,1.0,11
2025-01-01,Denver Nuggets,Atlanta Hawks,139,120,False,False,2025-01-01|Atlanta Hawks|Denver Nuggets,,,,2025-01-01|Atlanta Hawks|Denver Nuggets,0.003784674170018798,"[{""p_home_win"": 0.003784674170018798, ""weight"": 1.0}]",-5.573003626166492,,bradley_terry_hfa,1.0,19
2025-01-01,Sacramento Kings,Philadelphia 76ers,113,107,False,False,2025-01-01|Philadelphia 76ers|Sacramento Kings,,,,2025-01-01|Philadelphia 76ers|Sacramento Kings,0.00014655625470014614,"[{""p_home_win"": 0.00014655625470014614, ""weight"": 1.0}]",-8.827954645090482,,bradley_terry_hfa,1.0,6
2025-01-02,Miami Heat,Indiana Pacers,115,128,False,False,2025-01-02|Indiana Pacers|Miami Heat,,,,2025-01-02|Indiana Pacers|Miami Heat,0.01665955194812628,"[{""p_home_win"": 0.01665955194812628, ""weight"": 1.0}]",-4.0779716534394925,,bradley_terry_hfa,0.0,-13
2025-01-02,Minnesota Timberwolves,Boston Celtics,115,118,False,False,2025-01-02|Boston Celtics|Minnesota Timberwolves,,,,2025-01-02|Boston Celtics|Minnesota Timberwolves,9.787071486886558e-06,"[{""p_home_win"": 9.787071486886558e-06, ""weight"": 1.0}]",-11.534438492158289,,bradley_terry_hfa,0.0,-3
2025-01-02,Milwaukee Bucks,Brooklyn Nets,110,113,False,False,2025-01-02|Brooklyn Nets|Milwaukee Bucks,,,,2025-01-02|Brooklyn Nets|Milwaukee Bucks,0.4434875634277556,"[{""p_home_win"": 0.4434875634277556, ""weight"": 1.0}]",-0.22701975882468872,,bradley_terry_hfa,0.0,-3
2025-01-02,Oklahoma City Thunder,Los Angeles Clippers,116,98,False,False,2025-01-02|Los Angeles Clippers|Oklahoma City Thunder,,,,2025-01-02|Los Angeles Clippers|Oklahoma City Thunder,0.8213761227337977,"[{""p_home_win"": 0.8213761227337977, ""weight"": 1.0}]",1.5256987813059677,,bradley_terry_hfa,1.0,18
2025-01-02,Golden State Warriors,Philadelphia 76ers,139,105,False,False,2025-01-02|Philadelphia 76ers|Golden State Warriors,,,,2025-01-02|Philadelphia 76ers|Golden State Warriors,0.08605413237304,"[{""p_home_win"": 0.08605413237304, ""weight"": 1.0}]",-2.362794799475682,,bradley_terry_hfa,1.0,34
2025-01-02,Los Angeles Lakers,Portland Trail Blazers,114,106,False,False,2025-01-02|Portland Trail Blazers|Los Angeles Lakers,,,,2025-01-02|Portland Trail Blazers|Los Angeles Lakers,0.6929774434472875,"[{""p_home_win"": 0.6929774434472875, ""weight"": 1.0}]",0.8140762305208789,,bradley_terry_hfa,1.0,8
2025-01-03,Detroit Pistons,Charlotte Hornets,98,94,False,False,2025-01-03|Charlotte Hornets|Detroit Pistons,,,,2025-01-03|Charlotte Hornets|Detroit Pistons,0.6884837048461607,"[{""p_home_win"": 0.6884837048461607, ""weight"": 1.0}]",0.7930400015226793,,bradley_terry_hfa,1.0,4
2025-01-03,Toronto Raptors,Orlando Magic,97,106,False,False,2025-01-03|Orlando Magic|Toronto Raptors,,,,2025-01-03|Orlando Magic|Toronto Raptors,1.3743090863101304e-08,"[{""p_home_win"": 1.3743090863101304e-08, ""weight"": 1.0}]",-18.10272960806101,,bradley_terry_hfa,0.0,-9
2025-01-03,Houston Rockets,Boston Celtics,86,109,False,False,2025-01-03|Boston Celtics|Houston Rockets,,,,2025-01-03|Boston Celtics|Houston Rockets,0.0005124063783819498,"[{""p_home_win"": 0.0005124063783819498, ""weight"": 1.0}]",-7.575880002263573,,bradley_terry_hfa,0.0,-23
2025-01-03,New Orleans Pelicans,Washington Wizards,132,120,False,False,2025-01-03|Washington Wizards|New Orleans Pelicans,,,,2025-01-03|Washington Wizards|New Orleans Pelicans,7.244691615373314e-05,"[{""p_home_win"": 7.244691615373314e-05, ""weight"": 1.0}]",-9.532584005728811,,bradley_terry_hfa,1.0,12
2025-01-03,Oklahoma City Thunder,New York Knicks,117,107,False,False,2025-01-03|New York Knicks|Oklahoma City Thunder,,,,2025-01-03|New York Knicks|Oklahoma City Thunder,0.18555214932284045,"[{""p_home_win"": 0.18555214932284045, ""weight"": 1.0}]",-1.4791744288499666,,bradley_terry_hfa,1.0,10
2025-01-03,Dallas Mavericks,Cleveland Cavaliers,122,134,False,False,2025-01-03|Cleveland Cavaliers|Dallas Mavericks,,,,2025-01-03|Cleveland Cavaliers|Dallas Mavericks,6.37768832341526e-07,"[{""p_home_win"": 6.37768832341526e-07, ""weight"": 1.0}]",-14.26528931324369,,bradley_terry_hfa,0.0,-12
2025-01-03,Denver Nuggets,San Antonio Spurs,110,113,False,False,2025-01-03|San Antonio Spurs|Denver Nuggets,,,,2025-01-03|San Antonio Spurs|Denver Nuggets,0.03119075813576501,"[{""p_home_win"": 0.03119075813576501, ""weight"": 1.0}]",-3.43594589435166,,bradley_terry_hfa,0.0,-3
2025-01-03,Sacramento Kings,Memphis Grizzlies,138,133,False,False,2025-01-03|Memphis Grizzlies|Sacramento Kings,,,,2025-01-03|Memphis Grizzlies|Sacramento Kings,1.2565051926251946e-07,"[{""p_home_win"": 1.2565051926251946e-07, ""weight"": 1.0}]",-15.889761314704241,,bradley_terry_hfa,1.0,5
2025-01-03,Los Angeles Lakers,Atlanta Hawks,119,102,False,False,2025-01-03|Atlanta Hawks|Los Angeles Lakers,,,,2025-01-03|Atlanta Hawks|Los Angeles Lakers,0.004103856072061058,"[{""p_home_win"": 0.004103856072061058, ""weight"": 1.0}]",-5.491715941890119,,bradley_terry_hfa,1.0,17
2025-01-04,Brooklyn Nets,Philadelphia 76ers,94,123,False,False,2025-01-04|Philadelphia 76ers|Brooklyn Nets,,,,2025-01-04|Philadelphia 76ers|Brooklyn Nets,0.0016555342271244906,"[{""p_home_win"": 0.0016555342271244906, ""weight"": 1.0}]",-6.401974620256581,,bradley_terry_hfa,0.0,-29
2025-01-04,Detroit Pistons,Minnesota Timberwolves,119,105,False,False,2025-01-04|Minnesota Timberwolves|Detroit Pistons,,,,2025-01-04|Minnesota Timberwolves|Detroit Pistons,0.0001059873062752719,"[{""p_home_win"": 0.0001059873062752719, ""weight"": 1.0}]",-9.152085230219814,,bradley_terry_hfa,1.0,14
2025-01-04,Indiana Pacers,Phoenix Suns,126,108,False,False,2025-01-04|Phoenix Suns|Indiana Pacers,,,,2025-01-04|Phoenix Suns|Indiana Pacers,0.0035669505371571614,"[{""p_home_win"": 0.0035669505371571614, ""weight"": 1.0}]",-5.632470912218934,,bradley_terry_hfa,1.0,18
2025-01-04,Chicago Bulls,New York Knicks,139,126,False,False,2025-01-04|New York Knicks|Chicago Bulls,,,,2025-01-04|New York Knicks|Chicago Bulls,1.709737687622316e-06,"[{""p_home_win"": 1.709737687622316e-06, ""weight"": 1.0}]",-13.279168888528671,,bradley_terry_hfa,1.0,13
2025-01-04,Miami Heat,Utah Jazz,100,136,False,False,2025-01-04|Utah Jazz|Miami Heat,,,,2025-01-04|Utah Jazz|Miami Heat,0.8736788847797041,"[{""p_home_win"": 0.8736788847797041, ""weight"": 1.0}]",1.933885700984069,,bradley_terry_hfa,0.0,-36
2025-01-04,Milwaukee Bucks,Portland Trail Blazers,102,105,False,False,2025-01-04|Portland Trail Blazers|Milwaukee Bucks,,,,2025-01-04|Portland Trail Blazers|Milwaukee Bucks,0.7544284713096726,"[{""p_home_win"": 0.7544284713096726, ""weight"": 1.0}]",1.1223722069182358,,bradley_terry_hfa,0.0,-3
2025-01-04,San Antonio Spurs,Denver Nuggets,111,122,False,False,2025-01-04|Denver Nuggets|San Antonio Spurs,,,,2025-01-04|Denver Nuggets|San Antonio Spurs,7.972131262931029e-05,"[{""p_home_win"": 7.972131262931029e-05, ""weight"": 1.0}]",-9.43689387276908,,bradley_terry_hfa,0.0,-11
2025-01-04,Golden State Warriors,Memphis Grizzlies,121,113,False,False,2025-01-04|Memphis Grizzlies|Golden State Warriors,,,,2025-01-04|Memphis Grizzlies|Golden State Warriors,5.382571783241494e-05,"[{""p_home_win"": 5.382571783241494e-05, ""weight"": 1.0}]",-9.829705351223563,,bradley_terry_hfa,1.0,8
2025-01-04,Los Angeles Clippers,Atlanta Hawks,131,105,False,False,2025-01-04|Atlanta Hawks|Los Angeles Clippers,,,,2025-01-04|Atlanta Hawks|Los Angeles Clippers,0.005734085357974755,"[{""p_home_win"": 0.005734085357974755, ""weight"": 1.0}]",-5.155576437001865,,bradley_terry_hfa,1.0,26
2025-01-05,Oklahoma City Thunder,Boston Celtics,105,92,False,False,2025-01-05|Boston Celtics|Oklahoma City Thunder,,,,2025-01-05|Boston Celtics|Oklahoma City Thunder,0.02989313479271277,"[{""p_home_win"": 0.02989313479271277, ""weight"": 1.0}]",-3.479777387307566,,bradley_terry_hfa,1.0,13
2025-01-05,Cleveland Cavaliers,Charlotte Hornets,115,105,False,False,2025-01-05|Charlotte Hornets|Cleveland Cavaliers,,,,2025-01-05|Charlotte Hornets|Cleveland Cavaliers,0.9999995135811547,"[{""p_home_win"": 0.9999995135811547, ""weight"": 1.0}]",14.536195276034928,,bradley_terry_hfa,1.0,10
2025-01-05,Washington Wizards,New Orleans Pelicans,98,110,False,False,2025-01-05|New Orleans Pelicans|Washington Wizards,,,,2025-01-05|New Orleans Pelicans|Washington Wizards,0.0036236549075804817,"[{""p_home_win"": 0.0036236549075804817, ""weight"": 1.0}]",-5.6166418832642435,,bradley_terry_hfa,0.0,-12
2025-01-05,Orlando Magic,Utah Jazz,92,105,False,False,2025-01-05|Utah Jazz|Orlando Magic,,,,2025-01-05|Utah Jazz|Orlando Magic,0.9864217294235491,"[{""p_home_win"": 0.9864217294235491, ""weight"": 1.0}]",4.285613217381755,,bradley_terry_hfa,0.0,-13
2025-01-05,Houston Rockets,Los Angeles Lakers,119,115,False,False,2025-01-05|Los Angeles Lakers|Houston Rockets,,,,2025-01-05|Los Angeles Lakers|Houston Rockets,0.016999016285476967,"[{""p_home_win"": 0.016999016285476967, ""weight"": 1.0}]",-4.057454644051784,,bradley_terry_hfa,1.0,4
2025-01-05,Golden State Warriors,Sacramento Kings,99,129,False,False,2025-01-05|Sacramento Kings|Golden State Warriors,,,,2025-01-05|Sacramento Kings|Golden State Warriors,0.2074911093185992,"[{""p_home_win"": 0.2074911093185992, ""weight"": 1.0}]",-1.34011523211848,,bradley_terry_hfa,0.0,-30
2025-01-06,Detroit Pistons,Portland Trail Blazers,118,115,False,False,2025-01-06|Portland Trail Blazers|Detroit Pistons,,,,2025-01-06|Portland Trail Blazers|Detroit Pistons,0.043185165689898206,"[{""p_home_win"": 0.043185165689898206, ""weight"": 1.0}]",-3.0981128376914224,,bradley_terry_hfa,1.0,3
2025-01-06,Philadelphia 76ers,Phoenix Suns,99,109,False,False,2025-01-06|Phoenix Suns|Philadelphia 76ers,,,,2025-01-06|Phoenix Suns|Philadelphia 76ers,0.0004325393565067514,"[{""p_home_win"": 0.0004325393565067514, ""weight"": 1.0}]",-7.745404605100271,,bradley_terry_hfa,0.0,-10
2025-01-06,Brooklyn Nets,Indiana Pacers,99,113,False,False,2025-01-06|Indiana Pacers|Brooklyn Nets,,,,2025-01-06|Indiana Pacers|Brooklyn Nets,1.3899309053237748e-05,"[{""p_home_win"": 1.3899309053237748e-05, ""weight"": 1.0}]",-11.183657528057644,,bradley_terry_hfa,0.0,-14
2025-01-06,New York Knicks,Orlando Magic,94,103,False,False,2025-01-06|Orlando Magic|New York Knicks,,,,2025-01-06|Orlando Magic|New York Knicks,0.0038643436708892817,"[{""p_home_win"": 0.0038643436708892817, ""weight"": 1.0}]",-5.552091595306989,,bradley_terry_hfa,0.0,-9
2025-01-06,Toronto Raptors,Milwaukee Bucks,104,128,False,False,2025-01-06|Milwaukee Bucks|Toronto Raptors,,,,2025-01-06|Milwaukee Bucks|Toronto Raptors,2.9685284707162005e-08,"[{""p_home_win"": 2.9685284707162005e-08, ""weight"": 1.0}]",-17.33261434864084,,bradley_terry_hfa,0.0,-24
2025-01-06,Chicago Bulls,San Antonio Spurs,114,110,False,False,2025-01-06|San Antonio Spurs|Chicago Bulls,,,,2025-01-06|San Antonio Spurs|Chicago Bulls,0.00015583891432776023,"[{""p_home_win"": 0.00015583891432776023, ""weight"": 1.0}]",-8.76653183361849,,bradley_terry_hfa,1.0,4
2025-01-06,Memphis Grizzlies,Dallas Mavericks,119,104,False,False,2025-01-06|Dallas Mavericks|Memphis Grizzlies,,,,2025-01-06|Dallas Mavericks|Memphis Grizzlies,0.0015212983370234637,"[{""p_home_win"": 0.0015212983370234637, ""weight"": 1.0}]",-6.486668682938102,,bradley_terry_hfa,1.0,15
2025-01-06,Minnesota Timberwolves,Los Angeles Clippers,108,106,False,False,2025-01-06|Los Angeles Clippers|Minnesota Timberwolves,,,,2025-01-06|Los Angeles Clippers|Minnesota Timberwolves,3.164353716716524e-05,"[{""p_home_win"": 3.164353716716524e-05, ""weight"": 1.0}]",-10.360944983117294,,bradley_terry_hfa,1.0,2
2025-01-06,Sacramento Kings,Miami Heat,123,118,False,False,2025-01-06|Miami Heat|Sacramento Kings,,,,2025-01-06|Miami Heat|Sacramento Kings,4.7193676476870235e-05,"[{""p_home_win"": 4.7193676476870235e-05, ""weight"": 1.0}]",-9.961203452505472,,bradley_terry_hfa,1.0,5
2025-01-07,Charlotte Hornets,Phoenix Suns,115,104,False,False,2025-01-07|Phoenix Suns|Charlotte Hornets,,,,2025-01-07|Phoenix Suns|Charlotte Hornets,2.975036898090744e-07,"[{""p_home_win"": 2.975036898090744e-07, ""weight"": 1.0}]",-15.027838911814328,,bradley_terry_hfa,1.0,11
2025-01-07,Washington Wizards,Houston Rockets,112,135,False,False,2025-01-07|Houston Rockets|Washington Wizards,,,,2025-01-07|Houston Rockets|Washington Wizards,6.0017900532377e-11,"[{""p_home_win"": 6.0017900532377e-11, ""weight"": 1.0}]",-23.536378255935333,,bradley_terry_hfa,0.0,-23
2025-01-07,Dallas Mavericks,Los Angeles Lakers,118,97,False,False,2025-01-07|Los Angeles Lakers|Dallas Mavericks,,,,2025-01-07|Los Angeles Lakers|Dallas Mavericks,0.000692099378354725,"[{""p_home_win"": 0.000692099378354725, ""weight"": 1.0}]",-7.275088663328692,,bradley_terry_hfa,1.0,21
2025-01-07,New Orleans Pelicans,Minnesota Timberwolves,97,104,False,False,2025-01-07|Minnesota Timberwolves|New Orleans Pelicans,,,,2025-01-07|Minnesota Timberwolves|New Orleans Pelicans,1.6041204316565306e-08,"[{""p_home_win"": 1.6041204316565306e-08, ""weight"": 1.0}]",-17.948105139205225,,bradley_terry_hfa,0.0,-7
2025-01-07,Utah Jazz,Atlanta Hawks,121,124,False,False,2025-01-07|Atlanta Hawks|Utah Jazz,,,,2025-01-07|Atlanta Hawks|Utah Jazz,3.914312741491945e-07,"[{""p_home_win"": 3.914312741491945e-07, ""weight"": 1.0}]",-14.75345549045138,,bradley_terry_hfa,0.0,-3
2025-01-07,Denver Nuggets,Boston Celtics,106,118,False,False,2025-01-07|Boston Celtics|Denver Nuggets,,,,2025-01-07|Boston Celtics|Denver Nuggets,7.03599710100349e-06,"[{""p_home_win"": 7.03599710100349e-06, ""weight"": 1.0}]",-11.864464107090575,,bradley_terry_hfa,0.0,-12
2025-01-07,Golden State Warriors,Miami Heat,98,114,False,False,2025-01-07|Miami Heat|Golden State Warriors,,,,2025-01-07|Miami Heat|Golden State Warriors,0.0063402508618987325,"[{""p_home_win"": 0.0063402508618987325, ""weight"": 1.0}]",-5.054476507577746,,bradley_terry_hfa,0.0,-16
2025-01-08,Cleveland Cavaliers,Oklahoma City Thunder,129,122,False,False,2025-01-08|Oklahoma City Thunder|Cleveland Cavaliers,,,,2025-01-08|Oklahoma City Thunder|Cleveland Cavaliers,0.0005264413840584831,"[{""p_home_win"": 0.0005264413840584831, ""weight"": 1.0}]",-7.548843983907979,,bradley_terry_hfa,1.0,7
2025-01-08,Indiana Pacers,Chicago Bulls,129,113,False,False,2025-01-08|Chicago Bulls|Indiana Pacers,,,,2025-01-08|Chicago Bulls|Indiana Pacers,0.0005599914458939846,"[{""p_home_win"": 0.0005599914458939846, ""weight"": 1.0}]",-7.487028901241395,,bradley_terry_hfa,1.0,16
2025-01-08,Philadelphia 76ers,Washington Wizards,109,103,False,False,2025-01-08|Washington Wizards|Philadelphia 76ers,,,,2025-01-08|Washington Wizards|Philadelphia 76ers,0.03632654314025342,"[{""p_home_win"": 0.03632654314025342, ""weight"": 1.0}]",-3.278203809481025,,bradley_terry_hfa,1.0,6
2025-01-08,Brooklyn Nets,Detroit Pistons,98,113,False,False,2025-01-08|Detroit Pistons|Brooklyn Nets,,,,2025-01-08|Detroit Pistons|Brooklyn Nets,3.1036858707849075e-06,"[{""p_home_win"": 3.1036858707849075e-06, ""weight"": 1.0}]",-12.682917058496212,,bradley_terry_hfa,0.0,-15
2025-01-08,New York Knicks,Toronto Raptors,112,98,False,False,2025-01-08|Toronto Raptors|New York Knicks,,,,2025-01-08|Toronto Raptors|New York Knicks,0.9941702575657133,"[{""p_home_win"": 0.9941702575657133, ""weight"": 1.0}]",5.138935657247496,,bradley_terry_hfa,1.0,14
2025-01-08,New Orleans Pelicans,Portland Trail Blazers,100,119,False,False,2025-01-08|Portland Trail Blazers|New Orleans Pelicans,,,,2025-01-08|Portland Trail Blazers|New Orleans Pelicans,1.0210534487658587e-05,"[{""p_home_win"": 1.0210534487658587e-05, ""weight"": 1.0}]",-11.492080367143394,,bradley_terry_hfa,0.0,-19
2025-01-08,Denver Nuggets,Los Angeles Clippers,126,103,False,False,2025-01-08|Los Angeles Clippers|Denver Nuggets,,,,2025-01-08|Los Angeles Clippers|Denver Nuggets,0.0005637436263953061,"[{""p_home_win"": 0.0005637436263953061, ""weight"": 1.0}]",-7.480347070350664,,bradley_terry_hfa,1.0,23
2025-01-08,Milwaukee Bucks,San Antonio Spurs,121,105,False,False,2025-01-08|San Antonio Spurs|Milwaukee Bucks,,,,2025-01-08|San Antonio Spurs|Milwaukee Bucks,0.004196139919298971,"[{""p_home_win"": 0.004196139919298971, ""weight"": 1.0}]",-5.469385274707118,,bradley_terry_hfa,1.0,16
2025-01-09,Cleveland Cavaliers,Toronto Raptors,132,126,False,False,2025-01-09|Toronto Raptors|Cleveland Cavaliers,,,,2025-01-09|Toronto Raptors|Cleveland Cavaliers,0.9999994161539631,"[{""p_home_win"": 0.9999994161539631, ""weight"": 1.0}]",14.353627940557445,,bradley_terry_hfa,1.0,6
2025-01-09,Detroit Pistons,Golden State Warriors,104,107,False,False,2025-01-09|Golden State Warriors|Detroit Pistons,,,,2025-01-09|Golden State Warriors|Detroit Pistons,0.00022132258983474995,"[{""p_home_win"": 0.00022132258983474995, ""weight"": 1.0}]",-8.415667891151994,,bradley_terry_hfa,0.0,-3
2025-01-09,Orlando Magic,Minnesota Timberwolves,89,104,False,False,2025-01-09|Minnesota Timberwolves|Orlando Magic,,,,2025-01-09|Minnesota Timberwolves|Orlando Magic,0.0022148797036761,"[{""p_home_win"": 0.0022148797036761, ""weight"": 1.0}]",-6.110339850635055,,bradley_terry_hfa,0.0,-15
2025-01-09,Dallas Mavericks,Portland Trail Blazers,117,111,False,False,2025-01-09|Portland Trail Blazers|Dallas Mavericks,,,,2025-01-09|Portland Trail Blazers|Dallas Mavericks,0.8192743719172558,"[{""p_home_win"": 0.8192743719172558, ""weight"": 1.0}]",1.5114390219652876,,bradley_terry_hfa,1.0,6
2025-01-09,Memphis Grizzlies,Houston Rockets,115,119,False,False,2025-01-09|Houston Rockets|Memphis Grizzlies,,,,2025-01-09|Houston Rockets|Memphis Grizzlies,5.979705790877903e-05,"[{""p_home_win"": 5.979705790877903e-05, ""weight"": 1.0}]",-9.724494298222016,,bradley_terry_hfa,0.0,-4
2025-01-09,Phoenix Suns,Atlanta Hawks,123,115,False,False,2025-01-09|Atlanta Hawks|Phoenix Suns,,,,2025-01-09|Atlanta Hawks|Phoenix Suns,7.207561144284053e-06,"[{""p_home_win"": 7.207561144284053e-06, ""weight"": 1.0}]",-11.840372716457946,,bradley_terry_hfa,1.0,8
2025-01-09,Utah Jazz,Miami Heat,92,97,False,False,2025-01-09|Miami Heat|Utah Jazz,,,,2025-01-09|Miami Heat|Utah Jazz,1.237112527257742e-07,"[{""p_home_win"": 1.237112527257742e-07, ""weight"": 1.0}]",-15.905315470101971,,bradley_terry_hfa,0.0,-5
2025-01-10,Indiana Pacers,Golden State Warriors,108,96,False,False,2025-01-10|Golden State Warriors|Indiana Pacers,,,,2025-01-10|Golden State Warriors|Indiana Pacers,9.74865348221343e-05,"[{""p_home_win"": 9.74865348221343e-05, ""weight"": 1.0}]",-9.235698802599185,,bradley_terry_hfa,1.0,12
2025-01-10,Orlando Magic,Milwaukee Bucks,106,109,False,False,2025-01-10|Milwaukee Bucks|Orlando Magic,,,,2025-01-10|Milwaukee Bucks|Orlando Magic,0.0006040846496321084,"[{""p_home_win"": 0.0006040846496321084, ""weight"": 1.0}]",-7.41119195426952,,bradley_terry_hfa,0.0,-3
2025-01-10,Philadelphia 76ers,New Orleans Pelicans,115,123,False,False,2025-01-10|New Orleans Pelicans|Philadelphia 76ers,,,,2025-01-10|New Orleans Pelicans|Philadelphia 76ers,0.204020485933966,"[{""p_home_win"": 0.204020485933966, ""weight"": 1.0}]",-1.3613530393679847,,bradley_terry_hfa,0.0,-8
2025-01-10,Boston Celtics,Sacramento Kings,97,114,False,False,2025-01-10|Sacramento Kings|Boston Celtics,,,,2025-01-10|Sacramento Kings|Boston Celtics,0.9627606868719514,"[{""p_home_win"": 0.9627606868719514, ""weight"": 1.0}]",3.25243986522203,,bradley_terry_hfa,0.0,-17
2025-01-10,New York Knicks,Oklahoma City Thunder,101,126,False,False,2025-01-10|Oklahoma City Thunder|New York Knicks,,,,2025-01-10|Oklahoma City Thunder|New York Knicks,1.213645962738953e-07,"[{""p_home_win"": 1.213645962738953e-07, ""weight"": 1.0}]",-15.924466508204187,,bradley_terry_hfa,0.0,-25
2025-01-10,Chicago Bulls,Washington Wizards,138,105,False,False,2025-01-10|Washington Wizards|Chicago Bulls,,,,2025-01-10|Washington Wizards|Chicago Bulls,0.6713206965687546,"[{""p_home_win"": 0.6713206965687546, ""weight"": 1.0}]",0.7141644472808828,,bradley_terry_hfa,1.0,33
2025-01-10,Denver Nuggets,Brooklyn Nets,124,105,False,False,2025-01-10|Brooklyn Nets|Denver Nuggets,,,,2025-01-10|Brooklyn Nets|Denver Nuggets,0.7522364329201873,"[{""p_home_win"": 0.7522364329201873, ""weight"": 1.0}]",1.110575747133229,,bradley_terry_hfa,1.0,19
2025-01-11,Phoenix Suns,Utah Jazz,114,106,False,False,2025-01-11|Utah Jazz|Phoenix Suns,,,,2025-01-11|Utah Jazz|Phoenix Suns,0.050772437266272764,"[{""p_home_win"": 0.050772437266272764, ""weight"": 1.0}]",-2.9282949281572694,,bradley_terry_hfa,1.0,8
2025-01-11,Detroit Pistons,Toronto Raptors,123,114,False,False,2025-01-11|Toronto Raptors|Detroit Pistons,,,,2025-01-11|Toronto Raptors|Detroit Pistons,0.634297291769736,"[{""p_home_win"": 0.634297291769736, ""weight"": 1.0}]",0.5506970282601777,,bradley_terry_hfa,1.0,9
2025-01-11,Minnesota Timberwolves,Memphis Grizzlies,125,127,False,False,2025-01-11|Memphis Grizzlies|Minnesota Timberwolves,,,,2025-01-11|Memphis Grizzlies|Minnesota Timberwolves,4.085648529773022e-05,"[{""p_home_win"": 4.085648529773022e-05, ""weight"": 1.0}]",-10.105404133120798,,bradley_terry_hfa,0.0,-2
2025-01-11,Portland Trail Blazers,Miami Heat,98,119,False,False,2025-01-11|Miami Heat|Portland Trail Blazers,,,,2025-01-11|Miami Heat|Portland Trail Blazers,5.022682158617854e-07,"[{""p_home_win"": 5.022682158617854e-07, ""weight"": 1.0}]",-14.50413106312546,,bradley_terry_hfa,0.0,-21
2025-01-12,Dallas Mavericks,Denver Nuggets,101,112,False,False,2025-01-12|Denver Nuggets|Dallas Mavericks,,,,2025-01-12|Denver Nuggets|Dallas Mavericks,0.0003667678657133098,"[{""p_home_win"": 0.0003667678657133098, ""weight"": 1.0}]",-7.910414593384765,,bradley_terry_hfa,0.0,-11
2025-01-12,New York Knicks,Milwaukee Bucks,140,106,False,False,2025-01-12|Milwaukee Bucks|New York Knicks,,,,2025-01-12|Milwaukee Bucks|New York Knicks,0.0005608364966918827,"[{""p_home_win"": 0.0005608364966918827, ""weight"": 1.0}]",-7.485520150844093,,bradley_terry_hfa,1.0,34
2025-01-12,Chicago Bulls,Sacramento Kings,119,124,False,False,2025-01-12|Sacramento Kings|Chicago Bulls,,,,2025-01-12|Sacramento Kings|Chicago Bulls,0.0002430077692679442,"[{""p_home_win"": 0.0002430077692679442, ""weight"": 1.0}]",-8.322174105538322,,bradley_terry_hfa,0.0,-5
2025-01-12,Boston Celtics,New Orleans Pelicans,120,119,False,False,2025-01-12|New Orleans Pelicans|Boston Celtics,,,,2025-01-12|New Orleans Pelicans|Boston Celtics,0.999971175242843,"[{""p_home_win"": 0.999971175242843, ""weight"": 1.0}]",10.454247091402518,,bradley_terry_hfa,1.0,1
2025-01-12,Cleveland Cavaliers,Indiana Pacers,93,108,False,False,2025-01-12|Indiana Pacers|Cleveland Cavaliers,,,,2025-01-12|Indiana Pacers|Cleveland Cavaliers,0.9847108085242812,"[{""p_home_win"": 0.9847108085242812, ""weight"": 1.0}]",4.165201863400769,,bradley_terry_hfa,0.0,-15
2025-01-12,Orlando Magic,Philadelphia 76ers,104,99,False,False,2025-01-12|Philadelphia 76ers|Orlando Magic,,,,2025-01-12|Philadelphia 76ers|Orlando Magic,0.20765668631060505,"[{""p_home_win"": 0.20765668631060505, ""weight"": 1.0}]",-1.339108605306059,,bradley_terry_hfa,1.0,5
2025-01-12,Washington Wizards,Oklahoma City Thunder,95,136,False,False,2025-01-12|Oklahoma City Thunder|Washington Wizards,,,,2025-01-12|Oklahoma City Thunder|Washington Wizards,5.426712802746549e-14,"[{""p_home_win"": 5.426712802746549e-14, ""weight"": 1.0}]",-30.54485772831182,,bradley_terry_hfa,0.0,-41
2025-01-12,Utah Jazz,Brooklyn Nets,112,111,False,False,2025-01-12|Brooklyn Nets|Utah Jazz,,,,2025-01-12|Brooklyn Nets|Utah Jazz,1.7922848016848785e-05,"[{""p_home_win"": 1.7922848016848785e-05, ""weight"": 1.0}]",-10.929416310525163,,bradley_terry_hfa,1.0,1
2025-01-12,Phoenix Suns,Charlotte Hornets,120,113,False,False,2025-01-12|Charlotte Hornets|Phoenix Suns,,,,2025-01-12|Charlotte Hornets|Phoenix Suns,0.4026043535384782,"[{""p_home_win"": 0.4026043535384782, ""weight"": 1.0}]",-0.39462529157363413,,bradley_terry_hfa,1.0,7
2025-01-13,Washington Wizards,Minnesota Timberwolves,106,120,False,False,2025-01-13|Minnesota Timberwolves|Washington Wizards,,,,2025-01-13|Minnesota Timberwolves|Washington Wizards,1.4941532840790563e-09,"[{""p_home_win"": 1.4941532840790563e-09, ""weight"": 1.0}]",-20.321706154219452,,bradley_terry_hfa,0.0,-14
2025-01-13,New York Knicks,Detroit Pistons,119,124,False,False,2025-01-13|Detroit Pistons|New York Knicks,,,,2025-01-13|Detroit Pistons|New York Knicks,0.010244516211278244,"[{""p_home_win"": 0.010244516211278244, ""weight"": 1.0}]",-4.570715367909456,,bradley_terry_hfa,0.0,-5
2025-01-13,Toronto Raptors,Golden State Warriors,104,101,False,False,2025-01-13|Golden State Warriors|Toronto Raptors,,,,2025-01-13|Golden State Warriors|Toronto Raptors,6.145008739960006e-09,"[{""p_home_win"": 6.145008739960006e-09, ""weight"": 1.0}]",-18.907625665496376,,bradley_terry_hfa,1.0,3
2025-01-13,Houston Rockets,Memphis Grizzlies,120,118,False,False,2025-01-13|Memphis Grizzlies|Houston Rockets,,,,2025-01-13|Memphis Grizzlies|Houston Rockets,0.007157525392422361,"[{""p_home_win"": 0.007157525392422361, ""weight"": 1.0}]",-4.932407709967596,,bradley_terry_hfa,1.0,2
2025-01-13,Los Angeles Clippers,Miami Heat,109,98,False,False,2025-01-13|Miami Heat|Los Angeles Clippers,,,,2025-01-13|Miami Heat|Los Angeles Clippers,0.0007851171897729857,"[{""p_home_win"": 0.0007851171897729857, ""weight"": 1.0}]",-7.148892139433261,,bradley_terry_hfa,1.0,11
2025-01-13,Los Angeles Lakers,San Antonio Spurs,102,126,False,False,2025-01-13|San Antonio Spurs|Los Angeles Lakers,,,,2025-01-13|San Antonio Spurs|Los Angeles Lakers,0.008161790316603388,"[{""p_home_win"": 0.008161790316603388, ""weight"": 1.0}]",-4.800096452450654,,bradley_terry_hfa,0.0,-24
2025-01-14,Indiana Pacers,Cleveland Cavaliers,117,127,False,False,2025-01-14|Cleveland Cavaliers|Indiana Pacers,,,,2025-01-14|Cleveland Cavaliers|Indiana Pacers,4.960079985325734e-09,"[{""p_home_win"": 4.960079985325734e-09, ""weight"": 1.0}]",-19.121843965305782,,bradley_terry_hfa,0.0,-10
2025-01-14,Philadelphia 76ers,Oklahoma City Thunder,102,118,False,False,2025-01-14|Oklahoma City Thunder|Philadelphia 76ers,,,,2025-01-14|Oklahoma City Thunder|Philadelphia 76ers,1.9107975648413587e-12,"[{""p_home_win"": 1.9107975648413587e-12, ""weight"": 1.0}]",-26.98350038781216,,bradley_terry_hfa,0.0,-16
2025-01-14,Atlanta Hawks,Phoenix Suns,122,117,False,False,2025-01-14|Phoenix Suns|Atlanta Hawks,,,,2025-01-14|Phoenix Suns|Atlanta Hawks,0.0004861037809248956,"[{""p_home_win"": 0.0004861037809248956, ""weight"": 1.0}]",-7.628602193895016,,bradley_terry_hfa,1.0,5
2025-01-14,Chicago Bulls,New Orleans Pelicans,113,119,False,False,2025-01-14|New Orleans Pelicans|Chicago Bulls,,,,2025-01-14|New Orleans Pelicans|Chicago Bulls,0.5367427212261984,"[{""p_home_win"": 0.5367427212261984, ""weight"": 1.0}]",0.14723629838836239,,bradley_terry_hfa,0.0,-6
2025-01-14,Milwaukee Bucks,Sacramento Kings,130,115,False,False,2025-01-14|Sacramento Kings|Milwaukee Bucks,,,,2025-01-14|Sacramento Kings|Milwaukee Bucks,0.0010460784166407406,"[{""p_home_win"": 0.0010460784166407406, ""weight"": 1.0}]",-6.861660322103057,,bradley_terry_hfa,1.0,15
2025-01-14,Dallas Mavericks,Denver Nuggets,99,118,False,False,2025-01-14|Denver Nuggets|Dallas Mavericks,,,,2025-01-14|Denver Nuggets|Dallas Mavericks,0.00010272392624790471,"[{""p_home_win"": 0.00010272392624790471, ""weight"": 1.0}]",-9.183362766731998,,bradley_terry_hfa,0.0,-19
2025-01-14,Portland Trail Blazers,Brooklyn Nets,114,132,False,False,2025-01-14|Brooklyn Nets|Portland Trail Blazers,,,,2025-01-14|Brooklyn Nets|Portland Trail Blazers,0.00025102190278872435,"[{""p_home_win"": 0.00025102190278872435, ""weight"": 1.0}]",-8.289719307119075,,bradley_terry_hfa,0.0,-18
2025-01-15,Philadelphia 76ers,New York Knicks,119,125,False,False,2025-01-15|New York Knicks|Philadelphia 76ers,,,,2025-01-15|New York Knicks|Philadelphia 76ers,1.8253806905847593e-08,"[{""p_home_win"": 1.8253806905847593e-08, ""weight"": 1.0}]",-17.818892162836864,,bradley_terry_hfa,0.0,-6
2025-01-15,Toronto Raptors,Boston Celtics,110,97,False,False,2025-01-15|Boston Celtics|Toronto Raptors,,,,2025-01-15|Boston Celtics|Toronto Raptors,1.6888325424209028e-12,"[{""p_home_win"": 1.6888325424209028e-12, ""weight"": 1.0}]",-27.10698362900766,,bradley_terry_hfa,1.0,13
2025-01-15,Chicago Bulls,Atlanta Hawks,94,110,False,False,2025-01-15|Atlanta Hawks|Chicago Bulls,,,,2025-01-15|Atlanta Hawks|Chicago Bulls,1.4807003663856012e-05,"[{""p_home_win"": 1.4807003663856012e-05, ""weight"": 1.0}]",-11.120395461483628,,bradley_terry_hfa,0.0,-16
2025-01-15,Milwaukee Bucks,Orlando Magic,122,93,False,False,2025-01-15|Orlando Magic|Milwaukee Bucks,,,,2025-01-15|Orlando Magic|Milwaukee Bucks,0.00016646152144742424,"[{""p_home_win"": 0.00016646152144742424, ""weight"": 1.0}]",-8.700579902292223,,bradley_terry_hfa,1.0,29
2025-01-15,New Orleans Pelicans,Dallas Mavericks,119,116,False,False,2025-01-15|Dallas Mavericks|New Orleans Pelicans,,,,2025-01-15|Dallas Mavericks|New Orleans Pelicans,6.651406578507928e-10,"[{""p_home_win"": 6.651406578507928e-10, ""weight"": 1.0}]",-21.131022581408715,,bradley_terry_hfa,1.0,3
2025-01-15,San Antonio Spurs,Memphis Grizzlies,115,129,False,False,2025-01-15|Memphis Grizzlies|San Antonio Spurs,,,,2025-01-15|Memphis Grizzlies|San Antonio Spurs,1.2933547276137613e-06,"[{""p_home_win"": 1.2933547276137613e-06, ""weight"": 1.0}]",-13.558269857809051,,bradley_terry_hfa,0.0,-14
2025-01-15,Denver Nuggets,Houston Rockets,108,128,False,False,2025-01-15|Houston Rockets|Denver Nuggets,,,,2025-01-15|Houston Rockets|Denver Nuggets,1.202700898807015e-06,"[{""p_home_win"": 1.202700898807015e-06, ""weight"": 1.0}]",-13.630939578604131,,bradley_terry_hfa,0.0,-20
2025-01-15,Utah Jazz,Charlotte Hornets,112,117,False,False,2025-01-15|Charlotte Hornets|Utah Jazz,,,,2025-01-15|Charlotte Hornets|Utah Jazz,0.0007160798269200232,"[{""p_home_win"": 0.0007160798269200232, ""weight"": 1.0}]",-7.241002570771885,,bradley_terry_hfa,0.0,-5
2025-01-15,Minnesota Timberwolves,Golden State Warriors,115,116,False,False,2025-01-15|Golden State Warriors|Minnesota Timberwolves,,,,2025-01-15|Golden State Warriors|Minnesota Timberwolves,0.0005021074334816811,"[{""p_home_win"": 0.0005021074334816811, ""weight"": 1.0}]",-7.596194216718301,,bradley_terry_hfa,0.0,-1
2025-01-15,Los Angeles Lakers,Miami Heat,117,108,False,False,2025-01-15|Miami Heat|Los Angeles Lakers,,,,2025-01-15|Miami Heat|Los Angeles Lakers,0.0007198089819340998,"[{""p_home_win"": 0.0007198089819340998, ""weight"": 1.0}]",-7.2358046158537075,,bradley_terry_hfa,1.0,9
2025-01-15,Los Angeles Clippers,Brooklyn Nets,126,67,False,False,2025-01-15|Brooklyn Nets|Los Angeles Clippers,,,,2025-01-15|Brooklyn Nets|Los Angeles Clippers,0.5801909314668742,"[{""p_home_win"": 0.5801909314668742, ""weight"": 1.0}]",0.32355723236744005,,bradley_terry_hfa,1.0,59
2025-01-16,Detroit Pistons,Indiana Pacers,100,111,False,False,2025-01-16|Indiana Pacers|Detroit Pistons,,,,2025-01-16|Indiana Pacers|Detroit Pistons,3.132657653438676e-05,"[{""p_home_win"": 3.132657653438676e-05, ""weight"": 1.0}]",-10.37101240306892,,bradley_terry_hfa,0.0,-11
2025-01-16,Washington Wizards,Phoenix Suns,123,130,False,False,2025-01-16|Phoenix Suns|Washington Wizards,,,,2025-01-16|Phoenix Suns|Washington Wizards,4.682790253465934e-08,"[{""p_home_win"": 4.682790253465934e-08, ""weight"": 1.0}]",-16.876786556850746,,bradley_terry_hfa,0.0,-7
2025-01-16,Oklahoma City Thunder,Cleveland Cavaliers,134,114,False,False,2025-01-16|Cleveland Cavaliers|Oklahoma City Thunder,,,,2025-01-16|Cleveland Cavaliers|Oklahoma City Thunder,0.00010342269598618475,"[{""p_home_win"": 0.00010342269598618475, ""weight"": 1.0}]",-9.176582694966362,,bradley_terry_hfa,1.0,20
2025-01-16,Portland Trail Blazers,Los Angeles Clippers,89,118,False,False,2025-01-16|Los Angeles Clippers|Portland Trail Blazers,,,,2025-01-16|Los Angeles Clippers|Portland Trail Blazers,3.997116744621128e-09,"[{""p_home_win"": 3.997116744621128e-09, ""weight"": 1.0}]",-19.337692545585327,,bradley_terry_hfa,0.0,-29
2025-01-16,Sacramento Kings,Houston Rockets,132,127,False,False,2025-01-16|Houston Rockets|Sacramento Kings,,,,2025-01-16|Houston Rockets|Sacramento Kings,3.16803386326766e-09,"[{""p_home_win"": 3.16803386326766e-09, ""weight"": 1.0}]",-19.570154670720555,,bradley_terry_hfa,1.0,5
2025-01-17,Boston Celtics,Orlando Magic,121,94,False,False,2025-01-17|Orlando Magic|Boston Celtics,,,,2025-01-17|Orlando Magic|Boston Celtics,0.07005777418667514,"[{""p_home_win"": 0.07005777418667514, ""weight"": 1.0}]",-2.585802214273267,,bradley_terry_hfa,1.0,27
2025-01-17,New York Knicks,Minnesota Timberwolves,99,116,False,False,2025-01-17|Minnesota Timberwolves|New York Knicks,,,,2025-01-17|Minnesota Timberwolves|New York Knicks,0.0011907875734450118,"[{""p_home_win"": 0.0011907875734450118, ""weight"": 1.0}]",-6.731948867220539,,bradley_terry_hfa,0.0,-17
2025-01-17,Chicago Bulls,Charlotte Hornets,123,125,False,False,2025-01-17|Charlotte Hornets|Chicago Bulls,,,,2025-01-17|Charlotte Hornets|Chicago Bulls,0.18040381891579327,"[{""p_home_win"": 0.18040381891579327, ""weight"": 1.0}]",-1.5136139803058448,,bradley_terry_hfa,0.0,-2
2025-01-17,Miami Heat,Denver Nuggets,113,133,False,False,2025-01-17|Denver Nuggets|Miami Heat,,,,2025-01-17|Denver Nuggets|Miami Heat,2.5316293378748995e-06,"[{""p_home_win"": 2.5316293378748995e-06, ""weight"": 1.0}]",-12.886644923810685,,bradley_terry_hfa,0.0,-20
2025-01-17,Milwaukee Bucks,Toronto Raptors,130,112,False,False,2025-01-17|Toronto Raptors|Milwaukee Bucks,,,,2025-01-17|Toronto Raptors|Milwaukee Bucks,0.941881715441056,"[{""p_home_win"": 0.941881715441056, ""weight"": 1.0}]",2.785399376456649,,bradley_terry_hfa,1.0,18
2025-01-17,New Orleans Pelicans,Utah Jazz,136,123,False,False,2025-01-17|Utah Jazz|New Orleans Pelicans,,,,2025-01-17|Utah Jazz|New Orleans Pelicans,0.00012413455186892849,"[{""p_home_win"": 0.00012413455186892849, ""weight"": 1.0}]",-8.9940203426757,,bradley_terry_hfa,1.0,13
2025-01-17,Dallas Mavericks,Oklahoma City Thunder,106,98,False,False,2025-01-17|Oklahoma City Thunder|Dallas Mavericks,,,,2025-01-17|Oklahoma City Thunder|Dallas Mavericks,7.944542837655777e-10,"[{""p_home_win"": 7.944542837655777e-10, ""weight"": 1.0}]",-20.953365671699487,,bradley_terry_hfa,1.0,8
2025-01-17,San Antonio Spurs,Memphis Grizzlies,112,140,False,False,2025-01-17|Memphis Grizzlies|San Antonio Spurs,,,,2025-01-17|Memphis Grizzlies|San Antonio Spurs,2.1856403447831685e-07,"[{""p_home_win"": 2.1856403447831685e-07, ""weight"": 1.0}]",-15.336186582807576,,bradley_terry_hfa,0.0,-28
2025-01-17,Los Angeles Lakers,Brooklyn Nets,102,101,False,False,2025-01-17|Brooklyn Nets|Los Angeles Lakers,,,,2025-01-17|Brooklyn Nets|Los Angeles Lakers,0.585479242948197,"[{""p_home_win"": 0.585479242948197, ""weight"": 1.0}]",0.34530767992227673,,bradley_terry_hfa,1.0,1
2025-01-18,Detroit Pistons,Phoenix Suns,121,125,False,False,2025-01-18|Phoenix Suns|Detroit Pistons,,,,2025-01-18|Phoenix Suns|Detroit Pistons,0.00038641891489727857,"[{""p_home_win"": 0.00038641891489727857, ""weight"": 1.0}]",-7.858202011632565,,bradley_terry_hfa,0.0,-4
2025-01-18,Boston Celtics,Atlanta Hawks,115,119,False,False,2025-01-18|Atlanta Hawks|Boston Celtics,,,,2025-01-18|Atlanta Hawks|Boston Celtics,0.24791829954536132,"[{""p_home_win"": 0.24791829954536132, ""weight"": 1.0}]",-1.1097457076985808,,bradley_terry_hfa,0.0,-4
2025-01-18,Indiana Pacers,Philadelphia 76ers,115,102,False,False,2025-01-18|Philadelphia 76ers|Indiana Pacers,,,,2025-01-18|Philadelphia 76ers|Indiana Pacers,0.35259878548927753,"[{""p_home_win"": 0.35259878548927753, ""weight"": 1.0}]",-0.6076353919578512,,bradley_terry_hfa,1.0,13
2025-01-18,Golden State Warriors,Washington Wizards,122,114,False,False,2025-01-18|Washington Wizards|Golden State Warriors,,,,2025-01-18|Washington Wizards|Golden State Warriors,0.9778660773811871,"[{""p_home_win"": 0.9778660773811871, ""weight"": 1.0}]",3.7882613336614632,,bradley_terry_hfa,1.0,8
2025-01-18,Minnesota Timberwolves,Cleveland Cavaliers,117,124,False,False,2025-01-18|Cleveland Cavaliers|Minnesota Timberwolves,,,,2025-01-18|Cleveland Cavaliers|Minnesota Timberwolves,1.5667582644122914e-09,"[{""p_home_win"": 1.5667582644122914e-09, ""weight"": 1.0}]",-20.274257150394714,,bradley_terry_hfa,0.0,-7
2025-01-18,Portland Trail Blazers,Houston Rockets,103,125,False,False,2025-01-18|Houston Rockets|Portland Trail Blazers,,,,2025-01-18|Houston Rockets|Portland Trail Blazers,3.0176597977810086e-12,"[{""p_home_win"": 3.0176597977810086e-12, ""weight"": 1.0}]",-26.52653948632705,,bradley_terry_hfa,0.0,-22
2025-01-19,Miami Heat,San Antonio Spurs,128,107,False,False,2025-01-19|San Antonio Spurs|Miami Heat,,,,2025-01-19|San Antonio Spurs|Miami Heat,0.00041362596211615713,"[{""p_home_win"": 0.00041362596211615713, ""weight"": 1.0}]",-7.790134754137265,,bradley_terry_hfa,1.0,21
2025-01-19,Orlando Magic,Denver Nuggets,100,113,False,False,2025-01-19|Denver Nuggets|Orlando Magic,,,,2025-01-19|Denver Nuggets|Orlando Magic,3.343827041519202e-06,"[{""p_home_win"": 3.343827041519202e-06, ""weight"": 1.0}]",-12.608391242280549,,bradley_terry_hfa,0.0,-13
2025-01-19,Milwaukee Bucks,Philadelphia 76ers,123,109,False,False,2025-01-19|Philadelphia 76ers|Milwaukee Bucks,,,,2025-01-19|Philadelphia 76ers|Milwaukee Bucks,0.6063572033326879,"[{""p_home_win"": 0.6063572033326879, ""weight"": 1.0}]",0.43202536622107957,,bradley_terry_hfa,1.0,14
2025-01-19,Oklahoma City Thunder,Brooklyn Nets,127,101,False,False,2025-01-19|Brooklyn Nets|Oklahoma City Thunder,,,,2025-01-19|Brooklyn Nets|Oklahoma City Thunder,0.9999875818663613,"[{""p_home_win"": 0.9999875818663613, ""weight"": 1.0}]",11.296340345179807,,bradley_terry_hfa,1.0,26
2025-01-19,Los Angeles Clippers,Los Angeles Lakers,116,102,False,False,2025-01-19|Los Angeles Lakers|Los Angeles Clippers,,,,2025-01-19|Los Angeles Lakers|Los Angeles Clippers,0.0001163963000586511,"[{""p_home_win"": 0.0001163963000586511, ""weight"": 1.0}]",-9.058393406535208,,bradley_terry_hfa,1.0,14
2025-01-19,Portland Trail Blazers,Chicago Bulls,113,102,False,False,2025-01-19|Chicago Bulls|Portland Trail Blazers,,,,2025-01-19|Chicago Bulls|Portland Trail Blazers,1.286156349334464e-06,"[{""p_home_win"": 1.286156349334464e-06, ""weight"": 1.0}]",-13.5638510753611,,bradley_terry_hfa,1.0,11
2025-01-19,Sacramento Kings,Washington Wizards,123,100,False,False,2025-01-19|Washington Wizards|Sacramento Kings,,,,2025-01-19|Washington Wizards|Sacramento Kings,0.8973535721509538,"[{""p_home_win"": 0.8973535721509538, ""weight"": 1.0}]",2.1681596127130884,,bradley_terry_hfa,1.0,23
2025-01-20,Charlotte Hornets,Dallas Mavericks,110,105,False,False,2025-01-20|Dallas Mavericks|Charlotte Hornets,,,,2025-01-20|Dallas Mavericks|Charlotte Hornets,1.8059848592163712e-10,"[{""p_home_win"": 1.8059848592163712e-10, ""weight"": 1.0}]",-22.43474485840133,,bradley_terry_hfa,1.0,5
2025-01-20,Houston Rockets,Detroit Pistons,96,107,False,False,2025-01-20|Detroit Pistons|Houston Rockets,,,,2025-01-20|Detroit Pistons|Houston Rockets,0.7360922192669042,"[{""p_home_win"": 0.7360922192669042, ""weight"": 1.0}]",1.0257556820801987,,bradley_terry_hfa,0.0,-11
2025-01-20,Memphis Grizzlies,Minnesota Timberwolves,108,106,False,False,2025-01-20|Minnesota Timberwolves|Memphis Grizzlies,,,,2025-01-20|Minnesota Timberwolves|Memphis Grizzlies,0.004272555213560897,"[{""p_home_win"": 0.004272555213560897, ""weight"": 1.0}]",-5.451261511388579,,bradley_terry_hfa,1.0,2
2025-01-20,New York Knicks,Atlanta Hawks,119,110,False,False,2025-01-20|Atlanta Hawks|New York Knicks,,,,2025-01-20|Atlanta Hawks|New York Knicks,0.0005844270721432161,"[{""p_home_win"": 0.0005844270721432161, ""weight"": 1.0}]",-7.444293956564089,,bradley_terry_hfa,1.0,9
2025-01-20,Cleveland Cavaliers,Phoenix Suns,118,92,False,False,2025-01-20|Phoenix Suns|Cleveland Cavaliers,,,,2025-01-20|Phoenix Suns|Cleveland Cavaliers,0.9951036467372074,"[{""p_home_win"": 0.9951036467372074, ""weight"": 1.0}]",5.314356203353352,,bradley_terry_hfa,1.0,26
2025-01-20,Golden State Warriors,Boston Celtics,85,125,False,False,2025-01-20|Boston Celtics|Golden State Warriors,,,,2025-01-20|Boston Celtics|Golden State Warriors,9.231419453841021e-08,"[{""p_home_win"": 9.231419453841021e-08, ""weight"": 1.0}]",-16.19806782796572,,bradley_terry_hfa,0.0,-40
2025-01-20,New Orleans Pelicans,Utah Jazz,123,119,False,False,2025-01-20|Utah Jazz|New Orleans Pelicans,,,,2025-01-20|Utah Jazz|New Orleans Pelicans,0.0002218188529590967,"[{""p_home_win"": 0.0002218188529590967, ""weight"": 1.0}]",-8.413427643386303,,bradley_terry_hfa,1.0,4
2025-01-20,Los Angeles Clippers,Chicago Bulls,99,112,False,False,2025-01-20|Chicago Bulls|Los Angeles Clippers,,,,2025-01-20|Chicago Bulls|Los Angeles Clippers,0.26484538748394226,"[{""p_home_win"": 0.26484538748394226, ""weight"": 1.0}]",-1.02093462199554,,bradley_terry_hfa,0.0,-13
2025-01-21,Brooklyn Nets,New York Knicks,95,99,False,False,2025-01-21|New York Knicks|Brooklyn Nets,,,,2025-01-21|New York Knicks|Brooklyn Nets,1.1620559332431151e-09,"[{""p_home_win"": 1.1620559332431151e-09, ""weight"": 1.0}]",-20.573075043192006,,bradley_terry_hfa,0.0,-4
2025-01-21,Miami Heat,Portland Trail Blazers,107,116,False,False,2025-01-21|Portland Trail Blazers|Miami Heat,,,,2025-01-21|Portland Trail Blazers|Miami Heat,0.16448082424130706,"[{""p_home_win"": 0.16448082424130706, ""weight"": 1.0}]",-1.6252593055603262,,bradley_terry_hfa,0.0,-9
2025-01-21,Toronto Raptors,Orlando Magic,109,93,False,False,2025-01-21|Orlando Magic|Toronto Raptors,,,,2025-01-21|Orlando Magic|Toronto Raptors,1.7985101911626526e-09,"[{""p_home_win"": 1.7985101911626526e-09, ""weight"": 1.0}]",-20.13630718453132,,bradley_terry_hfa,1.0,16
2025-01-21,Denver Nuggets,Philadelphia 76ers,144,109,False,False,2025-01-21|Philadelphia 76ers|Denver Nuggets,,,,2025-01-21|Philadelphia 76ers|Denver Nuggets,0.9643967581370311,"[{""p_home_win"": 0.9643967581370311, ""weight"": 1.0}]",3.2990660874893063,,bradley_terry_hfa,1.0,35
2025-01-21,Los Angeles Lakers,Washington Wizards,111,88,False,False,2025-01-21|Washington Wizards|Los Angeles Lakers,,,,2025-01-21|Washington Wizards|Los Angeles Lakers,0.9952804082984661,"[{""p_home_win"": 0.9952804082984661, ""weight"": 1.0}]",5.351302222897452,,bradley_terry_hfa,1.0,23
2025-01-22,Atlanta Hawks,Detroit Pistons,104,114,False,False,2025-01-22|Detroit Pistons|Atlanta Hawks,,,,2025-01-22|Detroit Pistons|Atlanta Hawks,0.00019854297948380573,"[{""p_home_win"": 0.00019854297948380573, ""weight"": 1.0}]",-8.524306397253643,,bradley_terry_hfa,0.0,-10
2025-01-22,Brooklyn Nets,Phoenix Suns,84,108,False,False,2025-01-22|Phoenix Suns|Brooklyn Nets,,,,2025-01-22|Phoenix Suns|Brooklyn Nets,6.18678817807691e-08,"[{""p_home_win"": 6.18678817807691e-08, ""weight"": 1.0}]",-16.598264602734467,,bradley_terry_hfa,0.0,-24
2025-01-22,Dallas Mavericks,Minnesota Timberwolves,114,115,False,False,2025-01-22|Minnesota Timberwolves|Dallas Mavericks,,,,2025-01-22|Minnesota Timberwolves|Dallas Mavericks,0.00014364405749495214,"[{""p_home_win"": 0.00014364405749495214, ""weight"": 1.0}]",-8.848028486962612,,bradley_terry_hfa,0.0,-1
2025-01-22,Houston Rockets,Cleveland Cavaliers,109,108,False,False,2025-01-22|Cleveland Cavaliers|Houston Rockets,,,,2025-01-22|Cleveland Cavaliers|Houston Rockets,3.0203843897766197e-07,"[{""p_home_win"": 3.0203843897766197e-07, ""weight"": 1.0}]",-15.012711244249658,,bradley_terry_hfa,1.0,1
2025-01-22,Memphis Grizzlies,Charlotte Hornets,132,120,False,False,2025-01-22|Charlotte Hornets|Memphis Grizzlies,,,,2025-01-22|Charlotte Hornets|Memphis Grizzlies,0.9992788294493958,"[{""p_home_win"": 0.9992788294493958, ""weight"": 1.0}]",7.2339134706317125,,bradley_terry_hfa,1.0,12
2025-01-22,Oklahoma City Thunder,Utah Jazz,123,114,False,False,2025-01-22|Utah Jazz|Oklahoma City Thunder,,,,2025-01-22|Utah Jazz|Oklahoma City Thunder,0.9999998252335484,"[{""p_home_win"": 0.9999998252335484, ""weight"": 1.0}]",15.55981514107,,bradley_terry_hfa,1.0,9
2025-01-22,Sacramento Kings,Golden State Warriors,123,117,False,False,2025-01-22|Golden State Warriors|Sacramento Kings,,,,2025-01-22|Golden State Warriors|Sacramento Kings,2.6498536665771202e-05,"[{""p_home_win"": 2.6498536665771202e-05, ""weight"": 1.0}]",-10.538394547768606,,bradley_terry_hfa,1.0,6
2025-01-22,Los Angeles Clippers,Boston Celtics,113,117,False,False,2025-01-22|Boston Celtics|Los Angeles Clippers,,,,2025-01-22|Boston Celtics|Los Angeles Clippers,2.0927574151680803e-07,"[{""p_home_win"": 2.0927574151680803e-07, ""weight"": 1.0}]",-15.379612907865685,,bradley_terry_hfa,0.0,-4
2025-01-23,Indiana Pacers,San Antonio Spurs,110,140,False,False,2025-01-23|San Antonio Spurs|Indiana Pacers,,,,2025-01-23|San Antonio Spurs|Indiana Pacers,0.010524136430301303,"[{""p_home_win"": 0.010524136430301303, ""weight"": 1.0}]",-4.543504045368357,,bradley_terry_hfa,0.0,-30
2025-01-23,Orlando Magic,Portland Trail Blazers,79,101,False,False,2025-01-23|Portland Trail Blazers|Orlando Magic,,,,2025-01-23|Portland Trail Blazers|Orlando Magic,0.1527078822327316,"[{""p_home_win"": 0.1527078822327316, ""weight"": 1.0}]",-1.7135186904289785,,bradley_terry_hfa,0.0,-22
2025-01-23,Atlanta Hawks,Toronto Raptors,119,122,False,False,2025-01-23|Toronto Raptors|Atlanta Hawks,,,,2025-01-23|Toronto Raptors|Atlanta Hawks,0.5119892733264875,"[{""p_home_win"": 0.5119892733264875, ""weight"": 1.0}]",0.047966287785921935,,bradley_terry_hfa,0.0,-3
2025-01-23,Oklahoma City Thunder,Dallas Mavericks,115,121,False,False,2025-01-23|Dallas Mavericks|Oklahoma City Thunder,,,,2025-01-23|Dallas Mavericks|Oklahoma City Thunder,0.9230023680383129,"[{""p_home_win"": 0.9230023680383129, ""weight"": 1.0}]",2.483857132451746,,bradley_terry_hfa,0.0,-6
2025-01-23,Milwaukee Bucks,Miami Heat,125,96,False,False,2025-01-23|Miami Heat|Milwaukee Bucks,,,,2025-01-23|Miami Heat|Milwaukee Bucks,0.001575588874103623,"[{""p_home_win"": 0.001575588874103623, ""weight"": 1.0}]",-6.451549356844015,,bradley_terry_hfa,1.0,29
2025-01-23,Denver Nuggets,Sacramento Kings,132,123,False,False,2025-01-23|Sacramento Kings|Denver Nuggets,,,,2025-01-23|Sacramento Kings|Denver Nuggets,0.009083021236248585,"[{""p_home_win"": 0.009083021236248585, ""weight"": 1.0}]",-4.692223883068715,,bradley_terry_hfa,1.0,9
2025-01-23,Golden State Warriors,Chicago Bulls,131,106,False,False,2025-01-23|Chicago Bulls|Golden State Warriors,,,,2025-01-23|Chicago Bulls|Golden State Warriors,0.002357356578530084,"[{""p_home_win"": 0.002357356578530084, ""weight"": 1.0}]",-6.047854242043736,,bradley_terry_hfa,1.0,25
2025-01-23,Los Angeles Lakers,Boston Celtics,117,96,False,False,2025-01-23|Boston Celtics|Los Angeles Lakers,,,,2025-01-23|Boston Celtics|Los Angeles Lakers,3.0807238012690826e-08,"[{""p_home_win"": 3.0807238012690826e-08, ""weight"": 1.0}]",-17.295516143355876,,bradley_terry_hfa,1.0,21
2025-01-23,Los Angeles Clippers,Washington Wizards,110,93,False,False,2025-01-23|Washington Wizards|Los Angeles Clippers,,,,2025-01-23|Washington Wizards|Los Angeles Clippers,0.9950687688021982,"[{""p_home_win"": 0.9950687688021982, ""weight"": 1.0}]",5.307223156406122,,bradley_terry_hfa,1.0,17
2025-01-24,Charlotte Hornets,Portland Trail Blazers,97,102,False,False,2025-01-24|Portland Trail Blazers|Charlotte Hornets,,,,2025-01-24|Portland Trail Blazers|Charlotte Hornets,1.5997006938041066e-06,"[{""p_home_win"": 1.5997006938041066e-06, ""weight"": 1.0}]",-13.345692412888095,,bradley_terry_hfa,0.0,-5
2025-01-24,Philadelphia 76ers,Cleveland Cavaliers,132,129,False,False,2025-01-24|Cleveland Cavaliers|Philadelphia 76ers,,,,2025-01-24|Cleveland Cavaliers|Philadelphia 76ers,1.4218730542121685e-14,"[{""p_home_win"": 1.4218730542121685e-14, ""weight"": 1.0}]",-31.88421624722655,,bradley_terry_hfa,1.0,3
2025-01-24,Memphis Grizzlies,New Orleans Pelicans,139,126,False,False,2025-01-24|New Orleans Pelicans|Memphis Grizzlies,,,,2025-01-24|New Orleans Pelicans|Memphis Grizzlies,0.9991209709310575,"[{""p_home_win"": 0.9991209709310575, ""weight"": 1.0}]",7.035813174715187,,bradley_terry_hfa,1.0,13
2025-01-25,San Antonio Spurs,Indiana Pacers,98,136,False,False,2025-01-25|Indiana Pacers|San Antonio Spurs,,,,2025-01-25|Indiana Pacers|San Antonio Spurs,6.413952987647119e-07,"[{""p_home_win"": 6.413952987647119e-07, ""weight"": 1.0}]",-14.25961923796525,,bradley_terry_hfa,0.0,-38
2025-01-25,Minnesota Timberwolves,Denver Nuggets,133,104,False,False,2025-01-25|Denver Nuggets|Minnesota Timberwolves,,,,2025-01-25|Denver Nuggets|Minnesota Timberwolves,3.8547656157362395e-07,"[{""p_home_win"": 3.8547656157362395e-07, ""weight"": 1.0}]",-14.76878506038321,,bradley_terry_hfa,1.0,29
2025-01-25,Dallas Mavericks,Boston Celtics,107,122,False,False,2025-01-25|Boston Celtics|Dallas Mavericks,,,,2025-01-25|Boston Celtics|Dallas Mavericks,6.258290101628165e-08,"[{""p_home_win"": 6.258290101628165e-08, ""weight"": 1.0}]",-16.586773680273577,,bradley_terry_hfa,0.0,-15
2025-01-25,Brooklyn Nets,Miami Heat,97,106,False,False,2025-01-25|Miami Heat|Brooklyn Nets,,,,2025-01-25|Miami Heat|Brooklyn Nets,2.4633530468853813e-08,"[{""p_home_win"": 2.4633530468853813e-08, ""weight"": 1.0}]",-17.519157270263708,,bradley_terry_hfa,0.0,-9
2025-01-25,Charlotte Hornets,New Orleans Pelicans,123,92,False,False,2025-01-25|New Orleans Pelicans|Charlotte Hornets,,,,2025-01-25|New Orleans Pelicans|Charlotte Hornets,2.207502254175095e-05,"[{""p_home_win"": 2.207502254175095e-05, ""weight"": 1.0}]",-10.721041715064702,,bradley_terry_hfa,1.0,31
2025-01-25,Orlando Magic,Detroit Pistons,121,113,False,False,2025-01-25|Detroit Pistons|Orlando Magic,,,,2025-01-25|Detroit Pistons|Orlando Magic,1.4090065497275796e-05,"[{""p_home_win"": 1.4090065497275796e-05, ""weight"": 1.0}]",-11.170026493406057,,bradley_terry_hfa,1.0,8
2025-01-25,Atlanta Hawks,Toronto Raptors,94,117,False,False,2025-01-25|Toronto Raptors|Atlanta Hawks,,,,2025-01-25|Toronto Raptors|Atlanta Hawks,0.19642668605322283,"[{""p_home_win"": 0.19642668605322283, ""weight"": 1.0}]",-1.4087791615346408,,bradley_terry_hfa,0.0,-23
2025-01-25,Cleveland Cavaliers,Houston Rockets,131,135,False,False,2025-01-25|Houston Rockets|Cleveland Cavaliers,,,,2025-01-25|Houston Rockets|Cleveland Cavaliers,0.001817301512002798,"[{""p_home_win"": 0.001817301512002798, ""weight"": 1.0}]",-6.30858360906462,,bradley_terry_hfa,0.0,-4
2025-01-25,New York Knicks,Sacramento Kings,143,120,False,False,2025-01-25|Sacramento Kings|New York Knicks,,,,2025-01-25|Sacramento Kings|New York Knicks,0.005372983062362688,"[{""p_home_win"": 0.005372983062362688, ""weight"": 1.0}]",-5.220984550152498,,bradley_terry_hfa,1.0,23
2025-01-25,Chicago Bulls,Philadelphia 76ers,97,109,False,False,2025-01-25|Philadelphia 76ers|Chicago Bulls,,,,2025-01-25|Philadelphia 76ers|Chicago Bulls,0.00045411549787356453,"[{""p_home_win"": 0.00045411549787356453, ""weight"": 1.0}]",-7.696704773035164,,bradley_terry_hfa,0.0,-12
2025-01-25,Memphis Grizzlies,Utah Jazz,125,103,False,False,2025-01-25|Utah Jazz|Memphis Grizzlies,,,,2025-01-25|Utah Jazz|Memphis Grizzlies,0.999827460175656,"[{""p_home_win"": 0.999827460175656, ""weight"": 1.0}]",8.664709927665111,,bradley_terry_hfa,1.0,22
2025-01-25,Golden State Warriors,Los Angeles Lakers,108,118,False,False,2025-01-25|Los Angeles Lakers|Golden State Warriors,,,,2025-01-25|Los Angeles Lakers|Golden State Warriors,3.1560607580830985e-06,"[{""p_home_win"": 3.1560607580830985e-06, ""weight"": 1.0}]",-12.666182747489604,,bradley_terry_hfa,0.0,-10
2025-01-25,Phoenix Suns,Washington Wizards,119,109,False,False,2025-01-25|Washington Wizards|Phoenix Suns,,,,2025-01-25|Washington Wizards|Phoenix Suns,0.9715410962630308,"[{""p_home_win"": 0.9715410962630308, ""weight"": 1.0}]",3.5304224973010623,,bradley_terry_hfa,1.0,10
2025-01-25,Los Angeles Clippers,Milwaukee Bucks,127,117,False,False,2025-01-25|Milwaukee Bucks|Los Angeles Clippers,,,,2025-01-25|Milwaukee Bucks|Los Angeles Clippers,2.712990137453146e-05,"[{""p_home_win"": 2.712990137453146e-05, ""weight"": 1.0}]",-10.514846936322519,,bradley_terry_hfa,1.0,10
2025-01-26,Portland Trail Blazers,Oklahoma City Thunder,108,118,False,False,2025-01-26|Oklahoma City Thunder|Portland Trail Blazers,,,,2025-01-26|Oklahoma City Thunder|Portland Trail Blazers,3.045668554739333e-14,"[{""p_home_win"": 3.045668554739333e-14, ""weight"": 1.0}]",-31.122470866647447,,bradley_terry_hfa,0.0,-10
2025-01-27,Charlotte Hornets,Los Angeles Lakers,107,112,False,False,2025-01-27|Los Angeles Lakers|Charlotte Hornets,,,,2025-01-27|Los Angeles Lakers|Charlotte Hornets,1.1316605688679209e-11,"[{""p_home_win"": 1.1316605688679209e-11, ""weight"": 1.0}]",-25.204749938929833,,bradley_terry_hfa,0.0,-5
2025-01-27,Cleveland Cavaliers,Detroit Pistons,110,91,False,False,2025-01-27|Detroit Pistons|Cleveland Cavaliers,,,,2025-01-27|Detroit Pistons|Cleveland Cavaliers,0.9294230554986478,"[{""p_home_win"": 0.9294230554986478, ""weight"": 1.0}]",2.5778604971778467,,bradley_terry_hfa,1.0,19
2025-01-27,Boston Celtics,Houston Rockets,112,114,False,False,2025-01-27|Houston Rockets|Boston Celtics,,,,2025-01-27|Houston Rockets|Boston Celtics,1.710573955218208e-05,"[{""p_home_win"": 1.710573955218208e-05, ""weight"": 1.0}]",-10.976079398559992,,bradley_terry_hfa,0.0,-2
2025-01-27,Brooklyn Nets,Sacramento Kings,96,110,False,False,2025-01-27|Sacramento Kings|Brooklyn Nets,,,,2025-01-27|Sacramento Kings|Brooklyn Nets,9.847447894682778e-09,"[{""p_home_win"": 9.847447894682778e-09, ""weight"": 1.0}]",-18.43605350247291,,bradley_terry_hfa,0.0,-14
2025-01-27,Miami Heat,Orlando Magic,125,119,False,False,2025-01-27|Orlando Magic|Miami Heat,,,,2025-01-27|Orlando Magic|Miami Heat,2.3358418235126835e-05,"[{""p_home_win"": 2.3358418235126835e-05, ""weight"": 1.0}]",-10.664529756143176,,bradley_terry_hfa,1.0,6
2025-01-27,New York Knicks,Memphis Grizzlies,143,106,False,False,2025-01-27|Memphis Grizzlies|New York Knicks,,,,2025-01-27|Memphis Grizzlies|New York Knicks,3.953872654300165e-06,"[{""p_home_win"": 3.953872654300165e-06, ""weight"": 1.0}]",-12.440811086657224,,bradley_terry_hfa,1.0,37
2025-01-27,Toronto Raptors,New Orleans Pelicans,113,104,False,False,2025-01-27|New Orleans Pelicans|Toronto Raptors,,,,2025-01-27|New Orleans Pelicans|Toronto Raptors,0.00027230355174165535,"[{""p_home_win"": 0.00027230355174165535, ""weight"": 1.0}]",-8.208320774249007,,bradley_terry_hfa,1.0,9
2025-01-27,Chicago Bulls,Denver Nuggets,129,121,False,False,2025-01-27|Denver Nuggets|Chicago Bulls,,,,2025-01-27|Denver Nuggets|Chicago Bulls,4.856009259186335e-10,"[{""p_home_win"": 4.856009259186335e-10, ""weight"": 1.0}]",-21.44563396894776,,bradley_terry_hfa,1.0,8
2025-01-27,Minnesota Timberwolves,Atlanta Hawks,100,92,False,False,2025-01-27|Atlanta Hawks|Minnesota Timberwolves,,,,2025-01-27|Atlanta Hawks|Minnesota Timberwolves,0.0026805581664472284,"[{""p_home_win"": 0.0026805581664472284, ""weight"": 1.0}]",-5.9190460777866685,,bradley_terry_hfa,1.0,8
2025-01-27,Dallas Mavericks,Washington Wizards,130,108,False,False,2025-01-27|Washington Wizards|Dallas Mavericks,,,,2025-01-27|Washington Wizards|Dallas Mavericks,0.9954190822108698,"[{""p_home_win"": 0.9954190822108698, ""weight"": 1.0}]",5.3812644679450266,,bradley_terry_hfa,1.0,22
2025-01-27,Utah Jazz,Milwaukee Bucks,110,125,False,False,2025-01-27|Milwaukee Bucks|Utah Jazz,,,,2025-01-27|Milwaukee Bucks|Utah Jazz,8.116876317272038e-12,"[{""p_home_win"": 8.116876317272038e-12, ""weight"": 1.0}]",-25.53707572575015,,bradley_terry_hfa,0.0,-15
2025-01-27,Phoenix Suns,Los Angeles Clippers,111,109,False,False,2025-01-27|Los Angeles Clippers|Phoenix Suns,,,,2025-01-27|Los Angeles Clippers|Phoenix Suns,1.1952599068528784e-06,"[{""p_home_win"": 1.1952599068528784e-06, ""weight"": 1.0}]",-13.637145705694472,,bradley_terry_hfa,1.0,2
2025-01-28,Atlanta Hawks,Houston Rockets,96,100,False,False,2025-01-28|Houston Rockets|Atlanta Hawks,,,,2025-01-28|Houston Rockets|Atlanta Hawks,8.271680228414214e-11,"[{""p_home_win"": 8.271680228414214e-11, ""weight"": 1.0}]",-23.215598362939517,,bradley_terry_hfa,0.0,-4
2025-01-28,Philadelphia 76ers,Los Angeles Lakers,118,104,False,False,2025-01-28|Los Angeles Lakers|Philadelphia 76ers,,,,2025-01-28|Los Angeles Lakers|Philadelphia 76ers,1.0737366962145993e-09,"[{""p_home_win"": 1.0737366962145993e-09, ""weight"": 1.0}]",-20.65212103165443,,bradley_terry_hfa,1.0,14
2025-01-28,Golden State Warriors,Utah Jazz,114,103,False,False,2025-01-28|Utah Jazz|Golden State Warriors,,,,2025-01-28|Utah Jazz|Golden State Warriors,0.8688191600988215,"[{""p_home_win"": 0.8688191600988215, ""weight"": 1.0}]",1.8905581739503194,,bradley_terry_hfa,1.0,11
2025-01-28,Portland Trail Blazers,Milwaukee Bucks,125,112,False,False,2025-01-28|Milwaukee Bucks|Portland Trail Blazers,,,,2025-01-28|Milwaukee Bucks|Portland Trail Blazers,1.2373419701773869e-09,"[{""p_home_win"": 1.2373419701773869e-09, ""weight"": 1.0}]",-20.51030032926957,,bradley_terry_hfa,1.0,13
2025-01-29,Charlotte Hornets,Brooklyn Nets,83,104,False,False,2025-01-29|Brooklyn Nets|Charlotte Hornets,,,,2025-01-29|Brooklyn Nets|Charlotte Hornets,6.25996890501363e-06,"[{""p_home_win"": 6.25996890501363e-06, ""weight"": 1.0}]",-11.981329080126324,,bradley_terry_hfa,0.0,-21
2025-01-29,Indiana Pacers,Detroit Pistons,133,119,False,False,2025-01-29|Detroit Pistons|Indiana Pacers,,,,2025-01-29|Detroit Pistons|Indiana Pacers,0.0004463209813192051,"[{""p_home_win"": 0.0004463209813192051, ""weight"": 1.0}]",-7.714025755127503,,bradley_terry_hfa,1.0,14
2025-01-29,Washington Wizards,Toronto Raptors,82,106,False,False,2025-01-29|Toronto Raptors|Washington Wizards,,,,2025-01-29|Toronto Raptors|Washington Wizards,1.598888204820786e-07,"[{""p_home_win"": 1.598888204820786e-07, ""weight"": 1.0}]",-15.648786975346196,,bradley_terry_hfa,0.0,-24
2025-01-29,Boston Celtics,Chicago Bulls,122,100,False,False,2025-01-29|Chicago Bulls|Boston Celtics,,,,2025-01-29|Chicago Bulls|Boston Celtics,0.9763758698845324,"[{""p_home_win"": 0.9763758698845324, ""weight"": 1.0}]",3.7215789726702724,,bradley_terry_hfa,1.0,22
2025-01-29,Miami Heat,Cleveland Cavaliers,106,126,False,False,2025-01-29|Cleveland Cavaliers|Miami Heat,,,,2025-01-29|Cleveland Cavaliers|Miami Heat,5.85849794621852e-11,"[{""p_home_win"": 5.85849794621852e-11, ""weight"": 1.0}]",-23.560542775314296,,bradley_terry_hfa,0.0,-20
2025-01-29,New York Knicks,Denver Nuggets,122,112,False,False,2025-01-29|Denver Nuggets|New York Knicks,,,,2025-01-29|Denver Nuggets|New York Knicks,4.327906004383519e-05,"[{""p_home_win"": 4.327906004383519e-05, ""weight"": 1.0}]",-10.047798361691267,,bradley_terry_hfa,1.0,10
2025-01-29,Philadelphia 76ers,Sacramento Kings,117,104,False,False,2025-01-29|Sacramento Kings|Philadelphia 76ers,,,,2025-01-29|Sacramento Kings|Philadelphia 76ers,1.9457011538757252e-07,"[{""p_home_win"": 1.9457011538757252e-07, ""weight"": 1.0}]",-15.4524730538543,,bradley_terry_hfa,1.0,13
2025-01-29,New Orleans Pelicans,Dallas Mavericks,136,137,False,False,2025-01-29|Dallas Mavericks|New Orleans Pelicans,,,,2025-01-29|Dallas Mavericks|New Orleans Pelicans,4.1908860586652415e-11,"[{""p_home_win"": 4.1908860586652415e-11, ""weight"": 1.0}]",-23.895523841466638,,bradley_terry_hfa,0.0,-1
2025-01-29,San Antonio Spurs,Los Angeles Clippers,116,128,False,False,2025-01-29|Los Angeles Clippers|San Antonio Spurs,,,,2025-01-29|Los Angeles Clippers|San Antonio Spurs,6.016217726972711e-08,"[{""p_home_win"": 6.016217726972711e-08, ""weight"": 1.0}]",-16.626221906478936,,bradley_terry_hfa,0.0,-12
2025-01-29,Phoenix Suns,Minnesota Timberwolves,113,121,False,False,2025-01-29|Minnesota Timberwolves|Phoenix Suns,,,,2025-01-29|Minnesota Timberwolves|Phoenix Suns,1.2401869908267883e-06,"[{""p_home_win"": 1.2401869908267883e-06, ""weight"": 1.0}]",-13.600247150474742,,bradley_terry_hfa,0.0,-8
2025-01-29,Golden State Warriors,Oklahoma City Thunder,116,109,False,False,2025-01-29|Oklahoma City Thunder|Golden State Warriors,,,,2025-01-29|Oklahoma City Thunder|Golden State Warriors,2.041713178748861e-11,"[{""p_home_win"": 2.041713178748861e-11, ""weight"": 1.0}]",-24.614646773982884,,bradley_terry_hfa,1.0,7
2025-01-30,Cleveland Cavaliers,Atlanta Hawks,137,115,False,False,2025-01-30|Atlanta Hawks|Cleveland Cavaliers,,,,2025-01-30|Atlanta Hawks|Cleveland Cavaliers,0.9980766366261522,"[{""p_home_win"": 0.9980766366261522, ""weight"": 1.0}]",6.251754652854832,,bradley_terry_hfa,1.0,22
2025-01-30,Washington Wizards,Los Angeles Lakers,96,134,False,False,2025-01-30|Los Angeles Lakers|Washington Wizards,,,,2025-01-30|Los Angeles Lakers|Washington Wizards,2.2323781755424615e-13,"[{""p_home_win"": 2.2323781755424615e-13, ""weight"": 1.0}]",-29.130538745268773,,bradley_terry_hfa,0.0,-38
2025-01-30,Utah Jazz,Minnesota Timberwolves,113,138,False,False,2025-01-30|Minnesota Timberwolves|Utah Jazz,,,,2025-01-30|Minnesota Timberwolves|Utah Jazz,4.3564378690981235e-13,"[{""p_home_win"": 4.3564378690981235e-13, ""weight"": 1.0}]",-28.46195148799008,,bradley_terry_hfa,0.0,-25
2025-01-30,Memphis Grizzlies,Houston Rockets,120,119,False,False,2025-01-30|Houston Rockets|Memphis Grizzlies,,,,2025-01-30|Houston Rockets|Memphis Grizzlies,3.814109117491655e-07,"[{""p_home_win"": 3.814109117491655e-07, ""weight"": 1.0}]",-14.779388153053226,,bradley_terry_hfa,1.0,1
2025-01-30,Portland Trail Blazers,Orlando Magic,119,90,False,False,2025-01-30|Orlando Magic|Portland Trail Blazers,,,,2025-01-30|Orlando Magic|Portland Trail Blazers,2.0639445156576982e-07,"[{""p_home_win"": 2.0639445156576982e-07, ""weight"": 1.0}]",-15.393476479254646,,bradley_terry_hfa,1.0,29
2025-01-31,Charlotte Hornets,Los Angeles Clippers,104,112,False,False,2025-01-31|Los Angeles Clippers|Charlotte Hornets,,,,2025-01-31|Los Angeles Clippers|Charlotte Hornets,2.0115423805964656e-12,"[{""p_home_win"": 2.0115423805964656e-12, ""weight"": 1.0}]",-26.932119334590165,,bradley_terry_hfa,0.0,-8
2025-01-31,Detroit Pistons,Dallas Mavericks,117,102,False,False,2025-01-31|Dallas Mavericks|Detroit Pistons,,,,2025-01-31|Dallas Mavericks|Detroit Pistons,2.3841148277322954e-06,"[{""p_home_win"": 2.3841148277322954e-06, ""weight"": 1.0}]",-12.946680259808355,,bradley_terry_hfa,1.0,15
2025-01-31,Philadelphia 76ers,Denver Nuggets,134,137,False,False,2025-01-31|Denver Nuggets|Philadelphia 76ers,,,,2025-01-31|Denver Nuggets|Philadelphia 76ers,1.1590328534420474e-09,"[{""p_home_win"": 1.1590328534420474e-09, ""weight"": 1.0}]",-20.57567992546219,,bradley_terry_hfa,0.0,-3
2025-01-31,Toronto Raptors,Chicago Bulls,106,122,False,False,2025-01-31|Chicago Bulls|Toronto Raptors,,,,2025-01-31|Chicago Bulls|Toronto Raptors,1.6721873989007868e-06,"[{""p_home_win"": 1.6721873989007868e-06, ""weight"": 1.0}]",-13.301376296711249,,bradley_terry_hfa,0.0,-16
2025-01-31,New Orleans Pelicans,Boston Celtics,116,118,False,False,2025-01-31|Boston Celtics|New Orleans Pelicans,,,,2025-01-31|Boston Celtics|New Orleans Pelicans,3.281501986377152e-14,"[{""p_home_win"": 3.281501986377152e-14, ""weight"": 1.0}]",-31.047890061659185,,bradley_terry_hfa,0.0,-2
2025-01-31,San Antonio Spurs,Milwaukee Bucks,144,118,False,False,2025-01-31|Milwaukee Bucks|San Antonio Spurs,,,,2025-01-31|Milwaukee Bucks|San Antonio Spurs,2.6448369852297454e-08,"[{""p_home_win"": 2.6448369852297454e-08, ""weight"": 1.0}]",-17.44807128538612,,bradley_terry_hfa,1.0,26
2025-01-31,Golden State Warriors,Phoenix Suns,105,130,False,False,2025-01-31|Phoenix Suns|Golden State Warriors,,,,2025-01-31|Phoenix Suns|Golden State Warriors,6.0837295865306654e-05,"[{""p_home_win"": 6.0837295865306654e-05, ""weight"": 1.0}]",-9.707246699072774,,bradley_terry_hfa,0.0,-25
2025-02-01,Indiana Pacers,Atlanta Hawks,132,127,False,False,2025-02-01|Atlanta Hawks|Indiana Pacers,,,,2025-02-01|Atlanta Hawks|Indiana Pacers,0.01694293098289946,"[{""p_home_win"": 0.01694293098289946, ""weight"": 1.0}]",-4.0608164787504855,,bradley_terry_hfa,1.0,5
2025-02-01,Utah Jazz,Orlando Magic,113,99,False,False,2025-02-01|Orlando Magic|Utah Jazz,,,,2025-02-01|Orlando Magic|Utah Jazz,3.852784457910166e-10,"[{""p_home_win"": 3.852784457910166e-10, ""weight"": 1.0}]",-21.677054806843657,,bradley_terry_hfa,1.0,14
2025-02-01,Charlotte Hornets,Denver Nuggets,104,107,False,False,2025-02-01|Denver Nuggets|Charlotte Hornets,,,,2025-02-01|Denver Nuggets|Charlotte Hornets,2.4023580494805947e-13,"[{""p_home_win"": 2.4023580494805947e-13, ""weight"": 1.0}]",-29.057155433308996,,bradley_terry_hfa,0.0,-3
2025-02-01,Houston Rockets,Brooklyn Nets,98,110,False,False,2025-02-01|Brooklyn Nets|Houston Rockets,,,,2025-02-01|Brooklyn Nets|Houston Rockets,0.9999786683869526,"[{""p_home_win"": 0.9999786683869526, ""weight"": 1.0}]",10.755299073084146,,bradley_terry_hfa,0.0,-12
2025-02-01,Minnesota Timberwolves,Washington Wizards,103,105,False,False,2025-02-01|Washington Wizards|Minnesota Timberwolves,,,,2025-02-01|Washington Wizards|Minnesota Timberwolves,0.999958880455188,"[{""p_home_win"": 0.999958880455188, ""weight"": 1.0}]",10.09898588623673,,bradley_terry_hfa,0.0,-2
2025-02-01,Oklahoma City Thunder,Sacramento Kings,144,110,False,False,2025-02-01|Sacramento Kings|Oklahoma City Thunder,,,,2025-02-01|Sacramento Kings|Oklahoma City Thunder,0.9948853204057422,"[{""p_home_win"": 0.9948853204057422, ""weight"": 1.0}]",5.270512717619708,,bradley_terry_hfa,1.0,34
2025-02-01,New York Knicks,Los Angeles Lakers,112,128,False,False,2025-02-01|Los Angeles Lakers|New York Knicks,,,,2025-02-01|Los Angeles Lakers|New York Knicks,0.000369330432229594,"[{""p_home_win"": 0.000369330432229594, ""weight"": 1.0}]",-7.903449435678517,,bradley_terry_hfa,0.0,-16
2025-02-01,San Antonio Spurs,Miami Heat,103,105,False,False,2025-02-01|Miami Heat|San Antonio Spurs,,,,2025-02-01|Miami Heat|San Antonio Spurs,1.8642738259311161e-06,"[{""p_home_win"": 1.8642738259311161e-06, ""weight"": 1.0}]",-13.19263708589084,,bradley_terry_hfa,0.0,-2
2025-02-01,Portland Trail Blazers,Phoenix Suns,127,108,False,False,2025-02-01|Phoenix Suns|Portland Trail Blazers,,,,2025-02-01|Phoenix Suns|Portland Trail Blazers,3.9359284213798904e-08,"[{""p_home_win"": 3.9359284213798904e-08, ""weight"": 1.0}]",-17.05053391119346,,bradley_terry_hfa,1.0,19
2025-02-02,Detroit Pistons,Chicago Bulls,127,119,False,False,2025-02-02|Chicago Bulls|Detroit Pistons,,,,2025-02-02|Chicago Bulls|Detroit Pistons,0.0028794346937969016,"[{""p_home_win"": 0.0028794346937969016, ""weight"": 1.0}]",-5.847277702736112,,bradley_terry_hfa,1.0,8
2025-02-02,Cleveland Cavaliers,Dallas Mavericks,144,101,False,False,2025-02-02|Dallas Mavericks|Cleveland Cavaliers,,,,2025-02-02|Dallas Mavericks|Cleveland Cavaliers,0.8734842606812944,"[{""p_home_win"": 0.8734842606812944, ""weight"": 1.0}]",1.93212338881019,,bradley_terry_hfa,1.0,43
2025-02-02,Toronto Raptors,Los Angeles Clippers,115,108,False,False,2025-02-02|Los Angeles Clippers|Toronto Raptors,,,,2025-02-02|Los Angeles Clippers|Toronto Raptors,3.5177163797312625e-11,"[{""p_home_win"": 3.5177163797312625e-11, ""weight"": 1.0}]",-24.07062399958056,,bradley_terry_hfa,1.0,7
2025-02-02,Philadelphia 76ers,Boston Celtics,110,118,False,False,2025-02-02|Boston Celtics|Philadelphia 76ers,,,,2025-02-02|Boston Celtics|Philadelphia 76ers,6.888935842184913e-12,"[{""p_home_win"": 6.888935842184913e-12, ""weight"": 1.0}]",-25.70110449243498,,bradley_terry_hfa,0.0,-8
2025-02-02,Milwaukee Bucks,Memphis Grizzlies,119,132,False,False,2025-02-02|Memphis Grizzlies|Milwaukee Bucks,,,,2025-02-02|Memphis Grizzlies|Milwaukee Bucks,1.305767019862608e-07,"[{""p_home_win"": 1.305767019862608e-07, ""weight"": 1.0}]",-15.851304897583095,,bradley_terry_hfa,0.0,-13
2025-02-03,Charlotte Hornets,Washington Wizards,114,124,False,False,2025-02-03|Washington Wizards|Charlotte Hornets,,,,2025-02-03|Washington Wizards|Charlotte Hornets,0.0001003358216555695,"[{""p_home_win"": 0.0001003358216555695, ""weight"": 1.0}]",-9.206887440781557,,bradley_terry_hfa,0.0,-10
2025-02-03,Detroit Pistons,Atlanta Hawks,130,132,False,False,2025-02-03|Atlanta Hawks|Detroit Pistons,,,,2025-02-03|Atlanta Hawks|Detroit Pistons,0.001643351381689498,"[{""p_home_win"": 0.001643351381689498, ""weight"": 1.0}]",-6.4093728937187,,bradley_terry_hfa,0.0,-2
2025-02-03,New York Knicks,Houston Rockets,124,118,False,False,2025-02-03|Houston Rockets|New York Knicks,,,,2025-02-03|Houston Rockets|New York Knicks,1.7782257128952465e-07,"[{""p_home_win"": 1.7782257128952465e-07, ""weight"": 1.0}]",-15.542479396466067,,bradley_terry_hfa,1.0,6
2025-02-03,Memphis Grizzlies,San Antonio Spurs,128,109,False,False,2025-02-03|San Antonio Spurs|Memphis Grizzlies,,,,2025-02-03|San Antonio Spurs|Memphis Grizzlies,0.915242248049828,"[{""p_home_win"": 0.915242248049828, ""weight"": 1.0}]",2.379391571685744,,bradley_terry_hfa,1.0,19
2025-02-03,Minnesota Timberwolves,Sacramento Kings,114,116,False,False,2025-02-03|Sacramento Kings|Minnesota Timberwolves,,,,2025-02-03|Sacramento Kings|Minnesota Timberwolves,0.0030766367844735137,"[{""p_home_win"": 0.0030766367844735137, ""weight"": 1.0}]",-5.780836852343423,,bradley_terry_hfa,0.0,-2
2025-02-03,Oklahoma City Thunder,Milwaukee Bucks,125,96,False,False,2025-02-03|Milwaukee Bucks|Oklahoma City Thunder,,,,2025-02-03|Milwaukee Bucks|Oklahoma City Thunder,0.7257404415317571,"[{""p_home_win"": 0.7257404415317571, ""weight"": 1.0}]",0.9731174806802176,,bradley_terry_hfa,1.0,29
2025-02-03,Denver Nuggets,New Orleans Pelicans,125,113,False,False,2025-02-03|New Orleans Pelicans|Denver Nuggets,,,,2025-02-03|New Orleans Pelicans|Denver Nuggets,0.9996976163502398,"[{""p_home_win"": 0.9996976163502398, ""weight"": 1.0}]",8.103511553996963,,bradley_terry_hfa,1.0,12
2025-02-03,Utah Jazz,Indiana Pacers,111,112,False,False,2025-02-03|Indiana Pacers|Utah Jazz,,,,2025-02-03|Indiana Pacers|Utah Jazz,4.404531021677596e-13,"[{""p_home_win"": 4.404531021677596e-13, ""weight"": 1.0}]",-28.45097242020122,,bradley_terry_hfa,0.0,-1
2025-02-03,Golden State Warriors,Orlando Magic,104,99,False,False,2025-02-03|Orlando Magic|Golden State Warriors,,,,2025-02-03|Orlando Magic|Golden State Warriors,0.00017755074054105044,"[{""p_home_win"": 0.00017755074054105044, ""weight"": 1.0}]",-8.636076561191977,,bradley_terry_hfa,1.0,5
2025-02-03,Portland Trail Blazers,Phoenix Suns,121,119,False,False,2025-02-03|Phoenix Suns|Portland Trail Blazers,,,,2025-02-03|Phoenix Suns|Portland Trail Blazers,4.680966314216117e-08,"[{""p_home_win"": 4.680966314216117e-08, ""weight"": 1.0}]",-16.877176131130064,,bradley_terry_hfa,1.0,2
2025-02-04,Philadelphia 76ers,Dallas Mavericks,118,116,False,False,2025-02-04|Dallas Mavericks|Philadelphia 76ers,,,,2025-02-04|Dallas Mavericks|Philadelphia 76ers,7.043029256595876e-09,"[{""p_home_win"": 7.043029256595876e-09, ""weight"": 1.0}]",-18.771227460152446,,bradley_terry_hfa,1.0,2
2025-02-04,Brooklyn Nets,Houston Rockets,99,97,False,False,2025-02-04|Houston Rockets|Brooklyn Nets,,,,2025-02-04|Houston Rockets|Brooklyn Nets,4.187845706569117e-14,"[{""p_home_win"": 4.187845706569117e-14, ""weight"": 1.0}]",-30.804004851380412,,bradley_terry_hfa,1.0,2
2025-02-04,Cleveland Cavaliers,Boston Celtics,105,112,False,False,2025-02-04|Boston Celtics|Cleveland Cavaliers,,,,2025-02-04|Boston Celtics|Cleveland Cavaliers,0.002884049042079439,"[{""p_home_win"": 0.002884049042079439, ""weight"": 1.0}]",-5.845671838896992,,bradley_terry_hfa,0.0,-7
2025-02-04,Toronto Raptors,New York Knicks,115,121,False,False,2025-02-04|New York Knicks|Toronto Raptors,,,,2025-02-04|New York Knicks|Toronto Raptors,3.3396196637611936e-12,"[{""p_home_win"": 3.3396196637611936e-12, ""weight"": 1.0}]",-26.425164188546027,,bradley_terry_hfa,0.0,-6
2025-02-04,Chicago Bulls,Miami Heat,133,124,False,False,2025-02-04|Miami Heat|Chicago Bulls,,,,2025-02-04|Miami Heat|Chicago Bulls,9.933198573489822e-08,"[{""p_home_win"": 9.933198573489822e-08, ""weight"": 1.0}]",-16.12479810629635,,bradley_terry_hfa,1.0,9
2025-02-04,Los Angeles Clippers,Los Angeles Lakers,97,122,False,False,2025-02-04|Los Angeles Lakers|Los Angeles Clippers,,,,2025-02-04|Los Angeles Lakers|Los Angeles Clippers,5.366250024925852e-06,"[{""p_home_win"": 5.366250024925852e-06, ""weight"": 1.0}]",-12.135375846498288,,bradley_terry_hfa,0.0,-25
2025-02-04,Portland Trail Blazers,Indiana Pacers,112,89,False,False,2025-02-04|Indiana Pacers|Portland Trail Blazers,,,,2025-02-04|Indiana Pacers|Portland Trail Blazers,8.521715094740518e-10,"[{""p_home_win"": 8.521715094740518e-10, ""weight"": 1.0}]",-20.88323330630604,,bradley_terry_hfa,1.0,23
2025-02-05,Atlanta Hawks,San Antonio Spurs,125,126,False,False,2025-02-05|San Antonio Spurs|Atlanta Hawks,,,,2025-02-05|San Antonio Spurs|Atlanta Hawks,7.333656191432142e-05,"[{""p_home_win"": 7.333656191432142e-05, ""weight"": 1.0}]",-9.520377935893588,,bradley_terry_hfa,0.0,-1
2025-02-05,Charlotte Hornets,Milwaukee Bucks,102,112,False,False,2025-02-05|Milwaukee Bucks|Charlotte Hornets,,,,2025-02-05|Milwaukee Bucks|Charlotte Hornets,5.586145032665542e-13,"[{""p_home_win"": 5.586145032665542e-13, ""weight"": 1.0}]",-28.213316778136825,,bradley_terry_hfa,0.0,-10
2025-02-05,Detroit Pistons,Cleveland Cavaliers,115,118,False,False,2025-02-05|Cleveland Cavaliers|Detroit Pistons,,,,2025-02-05|Cleveland Cavaliers|Detroit Pistons,1.0643604197706473e-11,"[{""p_home_win"": 1.0643604197706473e-11, ""weight"": 1.0}]",-25.26606194897803,,bradley_terry_hfa,0.0,-3
2025-02-05,Brooklyn Nets,Washington Wizards,102,119,False,False,2025-02-05|Washington Wizards|Brooklyn Nets,,,,2025-02-05|Washington Wizards|Brooklyn Nets,0.01160803059445491,"[{""p_home_win"": 0.01160803059445491, ""weight"": 1.0}]",-4.4443821980250755,,bradley_terry_hfa,0.0,-17
2025-02-05,Philadelphia 76ers,Miami Heat,101,108,False,False,2025-02-05|Miami Heat|Philadelphia 76ers,,,,2025-02-05|Miami Heat|Philadelphia 76ers,1.0271303243988059e-07,"[{""p_home_win"": 1.0271303243988059e-07, ""weight"": 1.0}]",-16.09132672720096,,bradley_terry_hfa,0.0,-7
2025-02-05,Toronto Raptors,Memphis Grizzlies,107,138,False,False,2025-02-05|Memphis Grizzlies|Toronto Raptors,,,,2025-02-05|Memphis Grizzlies|Toronto Raptors,9.62874933624964e-14,"[{""p_home_win"": 9.62874933624964e-14, ""weight"": 1.0}]",-29.971437956165726,,bradley_terry_hfa,0.0,-31
2025-02-05,Minnesota Timberwolves,Chicago Bulls,127,108,False,False,2025-02-05|Chicago Bulls|Minnesota Timberwolves,,,,2025-02-05|Chicago Bulls|Minnesota Timberwolves,0.02714669085285039,"[{""p_home_win"": 0.02714669085285039, ""weight"": 1.0}]",-3.5789781543308274,,bradley_terry_hfa,1.0,19
2025-02-05,Denver Nuggets,New Orleans Pelicans,144,119,False,False,2025-02-05|New Orleans Pelicans|Denver Nuggets,,,,2025-02-05|New Orleans Pelicans|Denver Nuggets,0.9998491654453473,"[{""p_home_win"": 0.9998491654453473, ""weight"": 1.0}]",8.799176140448747,,bradley_terry_hfa,1.0,25
2025-02-05,Utah Jazz,Golden State Warriors,131,128,False,False,2025-02-05|Golden State Warriors|Utah Jazz,,,,2025-02-05|Golden State Warriors|Utah Jazz,1.0801035060376902e-11,"[{""p_home_win"": 1.0801035060376902e-11, ""weight"": 1.0}]",-25.251379147456042,,bradley_terry_hfa,1.0,3
2025-02-05,Oklahoma City Thunder,Phoenix Suns,140,109,False,False,2025-02-05|Phoenix Suns|Oklahoma City Thunder,,,,2025-02-05|Phoenix Suns|Oklahoma City Thunder,0.9903437279089788,"[{""p_home_win"": 0.9903437279089788, ""weight"": 1.0}]",4.630444420938055,,bradley_terry_hfa,1.0,31
2025-02-05,Sacramento Kings,Orlando Magic,111,130,False,False,2025-02-05|Orlando Magic|Sacramento Kings,,,,2025-02-05|Orlando Magic|Sacramento Kings,0.00015990486681078522,"[{""p_home_win"": 0.00015990486681078522, ""weight"": 1.0}]",-8.740771584344316,,bradley_terry_hfa,0.0,-19
2025-02-06,Boston Celtics,Dallas Mavericks,120,127,False,False,2025-02-06|Dallas Mavericks|Boston Celtics,,,,2025-02-06|Dallas Mavericks|Boston Celtics,0.08332006964907078,"[{""p_home_win"": 0.08332006964907078, ""weight"": 1.0}]",-2.3980689190465476,,bradley_terry_hfa,0.0,-7
2025-02-06,Minnesota Timberwolves,Houston Rockets,127,114,False,False,2025-02-06|Houston Rockets|Minnesota Timberwolves,,,,2025-02-06|Houston Rockets|Minnesota Timberwolves,2.273984384129974e-08,"[{""p_home_win"": 2.273984384129974e-08, ""weight"": 1.0}]",-17.59914719304497,,bradley_terry_hfa,1.0,13
2025-02-06,Denver Nuggets,Orlando Magic,112,90,False,False,2025-02-06|Orlando Magic|Denver Nuggets,,,,2025-02-06|Orlando Magic|Denver Nuggets,0.07091257078717425,"[{""p_home_win"": 0.07091257078717425, ""weight"": 1.0}]",-2.572755124601805,,bradley_terry_hfa,1.0,22
2025-02-06,Los Angeles Lakers,Golden State Warriors,120,112,False,False,2025-02-06|Golden State Warriors|Los Angeles Lakers,,,,2025-02-06|Golden State Warriors|Los Angeles Lakers,0.007536852663600859,"[{""p_home_win"": 0.007536852663600859, ""weight"": 1.0}]",-4.880385204468877,,bradley_terry_hfa,1.0,8
2025-02-06,Portland Trail Blazers,Sacramento Kings,108,102,False,False,2025-02-06|Sacramento Kings|Portland Trail Blazers,,,,2025-02-06|Sacramento Kings|Portland Trail Blazers,2.7351719863718835e-07,"[{""p_home_win"": 2.7351719863718835e-07, ""weight"": 1.0}]",-15.111901060044449,,bradley_terry_hfa,1.0,6
2025-02-06,Los Angeles Clippers,Indiana Pacers,112,119,False,False,2025-02-06|Indiana Pacers|Los Angeles Clippers,,,,2025-02-06|Indiana Pacers|Los Angeles Clippers,5.1150094785121695e-06,"[{""p_home_win"": 5.1150094785121695e-06, ""weight"": 1.0}]",-12.183326190458283,,bradley_terry_hfa,0.0,-7
2025-02-07,Charlotte Hornets,San Antonio Spurs,117,116,False,False,2025-02-07|San Antonio Spurs|Charlotte Hornets,,,,2025-02-07|San Antonio Spurs|Charlotte Hornets,1.5014271750930133e-10,"[{""p_home_win"": 1.5014271750930133e-10, ""weight"": 1.0}]",-22.619434823961853,,bradley_terry_hfa,1.0,1
2025-02-07,Washington Wizards,Cleveland Cavaliers,124,134,False,False,2025-02-07|Cleveland Cavaliers|Washington Wizards,,,,2025-02-07|Cleveland Cavaliers|Washington Wizards,9.749398825905574e-19,"[{""p_home_win"": 9.749398825905574e-19, ""weight"": 1.0}]",-41.47191114265958,,bradley_terry_hfa,0.0,-10
2025-02-07,Atlanta Hawks,Milwaukee Bucks,115,110,False,False,2025-02-07|Milwaukee Bucks|Atlanta Hawks,,,,2025-02-07|Milwaukee Bucks|Atlanta Hawks,2.6555074068110954e-08,"[{""p_home_win"": 2.6555074068110954e-08, ""weight"": 1.0}]",-17.444044967286786,,bradley_terry_hfa,1.0,5
2025-02-07,Brooklyn Nets,Miami Heat,102,86,False,False,2025-02-07|Miami Heat|Brooklyn Nets,,,,2025-02-07|Miami Heat|Brooklyn Nets,1.4904571756623253e-09,"[{""p_home_win"": 1.4904571756623253e-09, ""weight"": 1.0}]",-20.324182933257497,,bradley_terry_hfa,1.0,16
2025-02-07,Detroit Pistons,Philadelphia 76ers,125,112,False,False,2025-02-07|Philadelphia 76ers|Detroit Pistons,,,,2025-02-07|Philadelphia 76ers|Detroit Pistons,0.0039815799385608955,"[{""p_home_win"": 0.0039815799385608955, ""weight"": 1.0}]",-5.5220870414387075,,bradley_terry_hfa,1.0,13
2025-02-07,Oklahoma City Thunder,Toronto Raptors,121,109,False,False,2025-02-07|Toronto Raptors|Oklahoma City Thunder,,,,2025-02-07|Toronto Raptors|Oklahoma City Thunder,0.9999977960038414,"[{""p_home_win"": 0.9999977960038414, ""weight"": 1.0}]",13.025236205599168,,bradley_terry_hfa,1.0,12
2025-02-07,Phoenix Suns,Utah Jazz,135,127,False,False,2025-02-07|Utah Jazz|Phoenix Suns,,,,2025-02-07|Utah Jazz|Phoenix Suns,0.8373404023812254,"[{""p_home_win"": 0.8373404023812254, ""weight"": 1.0}]",1.638571022239498,,bradley_terry_hfa,1.0,8
2025-02-08,Dallas Mavericks,Houston Rockets,116,105,False,False,2025-02-08|Houston Rockets|Dallas Mavericks,,,,2025-02-08|Houston Rockets|Dallas Mavericks,9.037448492783719e-09,"[{""p_home_win"": 9.037448492783719e-09, ""weight"": 1.0}]",-18.521888939717364,,bradley_terry_hfa,1.0,11
2025-02-08,Los Angeles Lakers,Indiana Pacers,124,117,False,False,2025-02-08|Indiana Pacers|Los Angeles Lakers,,,,2025-02-08|Indiana Pacers|Los Angeles Lakers,0.00010484766894829894,"[{""p_home_win"": 0.00010484766894829894, ""weight"": 1.0}]",-9.162897179950388,,bradley_terry_hfa,1.0,7
2025-02-08,Orlando Magic,San Antonio Spurs,112,111,False,False,2025-02-08|San Antonio Spurs|Orlando Magic,,,,2025-02-08|San Antonio Spurs|Orlando Magic,5.757932167937726e-05,"[{""p_home_win"": 5.757932167937726e-05, ""weight"": 1.0}]",-9.76228947236035,,bradley_terry_hfa,1.0,1
2025-02-08,Washington Wizards,Atlanta Hawks,111,125,False,False,2025-02-08|Atlanta Hawks|Washington Wizards,,,,2025-02-08|Atlanta Hawks|Washington Wizards,6.925441523536846e-11,"[{""p_home_win"": 6.925441523536846e-11, ""weight"": 1.0}]",-23.393234214912837,,bradley_terry_hfa,0.0,-14
2025-02-08,Chicago Bulls,Golden State Warriors,111,132,False,False,2025-02-08|Golden State Warriors|Chicago Bulls,,,,2025-02-08|Golden State Warriors|Chicago Bulls,1.2298701675935082e-07,"[{""p_home_win"": 1.2298701675935082e-07, ""weight"": 1.0}]",-15.911186918960295,,bradley_terry_hfa,0.0,-21
2025-02-08,Memphis Grizzlies,Oklahoma City Thunder,112,125,False,False,2025-02-08|Oklahoma City Thunder|Memphis Grizzlies,,,,2025-02-08|Oklahoma City Thunder|Memphis Grizzlies,5.0514231944429285e-08,"[{""p_home_win"": 5.0514231944429285e-08, ""weight"": 1.0}]",-16.801010669173085,,bradley_terry_hfa,0.0,-13
2025-02-08,Minnesota Timberwolves,Portland Trail Blazers,114,98,False,False,2025-02-08|Portland Trail Blazers|Minnesota Timberwolves,,,,2025-02-08|Portland Trail Blazers|Minnesota Timberwolves,0.08532581410784017,"[{""p_home_win"": 0.08532581410784017, ""weight"": 1.0}]",-2.3720908848661875,,bradley_terry_hfa,1.0,16
2025-02-08,New York Knicks,Boston Celtics,104,131,False,False,2025-02-08|Boston Celtics|New York Knicks,,,,2025-02-08|Boston Celtics|New York Knicks,1.0048166030809288e-06,"[{""p_home_win"": 1.0048166030809288e-06, ""weight"": 1.0}]",-13.810704512785037,,bradley_terry_hfa,0.0,-27
2025-02-08,Phoenix Suns,Denver Nuggets,105,122,False,False,2025-02-08|Denver Nuggets|Phoenix Suns,,,,2025-02-08|Denver Nuggets|Phoenix Suns,5.2641156563450465e-09,"[{""p_home_win"": 5.2641156563450465e-09, ""weight"": 1.0}]",-19.062352666710474,,bradley_terry_hfa,0.0,-17
2025-02-08,Sacramento Kings,New Orleans Pelicans,123,118,False,False,2025-02-08|New Orleans Pelicans|Sacramento Kings,,,,2025-02-08|New Orleans Pelicans|Sacramento Kings,0.5578204737190833,"[{""p_home_win"": 0.5578204737190833, ""weight"": 1.0}]",0.23232121125818317,,bradley_terry_hfa,1.0,5
2025-02-08,Los Angeles Clippers,Utah Jazz,130,110,False,False,2025-02-08|Utah Jazz|Los Angeles Clippers,,,,2025-02-08|Utah Jazz|Los Angeles Clippers,0.9959373496725863,"[{""p_home_win"": 0.9959373496725863, ""weight"": 1.0}]",5.501848803028764,,bradley_terry_hfa,1.0,20
2025-02-09,Detroit Pistons,Charlotte Hornets,112,102,False,False,2025-02-09|Charlotte Hornets|Detroit Pistons,,,,2025-02-09|Charlotte Hornets|Detroit Pistons,0.9712882629084382,"[{""p_home_win"": 0.9712882629084382, ""weight"": 1.0}]",3.521317299376568,,bradley_terry_hfa,1.0,10
2025-02-09,Houston Rockets,Toronto Raptors,94,87,False,False,2025-02-09|Toronto Raptors|Houston Rockets,,,,2025-02-09|Toronto Raptors|Houston Rockets,0.999151516822908,"[{""p_home_win"": 0.999151516822908, ""weight"": 1.0}]",7.071211456788497,,bradley_terry_hfa,1.0,7
2025-02-09,Milwaukee Bucks,Philadelphia 76ers,135,127,False,False,2025-02-09|Philadelphia 76ers|Milwaukee Bucks,,,,2025-02-09|Philadelphia 76ers|Milwaukee Bucks,0.1703758144780425,"[{""p_home_win"": 0.1703758144780425, ""weight"": 1.0}]",-1.5829661392158485,,bradley_terry_hfa,1.0,8
2025-02-10,Cleveland Cavaliers,Minnesota Timberwolves,128,107,False,False,2025-02-10|Minnesota Timberwolves|Cleveland Cavaliers,,,,2025-02-10|Minnesota Timberwolves|Cleveland Cavaliers,0.1993612677562226,"[{""p_home_win"": 0.1993612677562226, ""weight"": 1.0}]",-1.3902912296995034,,bradley_terry_hfa,1.0,21
2025-02-10,Orlando Magic,Atlanta Hawks,106,112,False,False,2025-02-10|Atlanta Hawks|Orlando Magic,,,,2025-02-10|Atlanta Hawks|Orlando Magic,1.113728391575437e-05,"[{""p_home_win"": 1.113728391575437e-05, ""weight"": 1.0}]",-11.405201029513158,,bradley_terry_hfa,0.0,-6
2025-02-10,Washington Wizards,San Antonio Spurs,121,131,False,False,2025-02-10|San Antonio Spurs|Washington Wizards,,,,2025-02-10|San Antonio Spurs|Washington Wizards,2.686611971012742e-10,"[{""p_home_win"": 2.686611971012742e-10, ""weight"": 1.0}]",-22.037570020212442,,bradley_terry_hfa,0.0,-10
2025-02-10,Brooklyn Nets,Charlotte Hornets,97,89,False,False,2025-02-10|Charlotte Hornets|Brooklyn Nets,,,,2025-02-10|Charlotte Hornets|Brooklyn Nets,0.0036138117383107816,"[{""p_home_win"": 0.0036138117383107816, ""weight"": 1.0}]",-5.6193718231709315,,bradley_terry_hfa,1.0,8
2025-02-10,Miami Heat,Boston Celtics,85,103,False,False,2025-02-10|Boston Celtics|Miami Heat,,,,2025-02-10|Boston Celtics|Miami Heat,1.5887518318624092e-10,"[{""p_home_win"": 1.5887518318624092e-10, ""weight"": 1.0}]",-22.562902233239534,,bradley_terry_hfa,0.0,-18
2025-02-10,Milwaukee Bucks,Golden State Warriors,111,125,False,False,2025-02-10|Golden State Warriors|Milwaukee Bucks,,,,2025-02-10|Golden State Warriors|Milwaukee Bucks,0.0003306797978865852,"[{""p_home_win"": 0.0003306797978865852, ""weight"": 1.0}]",-8.014029294300919,,bradley_terry_hfa,0.0,-14
2025-02-10,Oklahoma City Thunder,New Orleans Pelicans,137,101,False,False,2025-02-10|New Orleans Pelicans|Oklahoma City Thunder,,,,2025-02-10|New Orleans Pelicans|Oklahoma City Thunder,0.999999986114334,"[{""p_home_win"": 0.999999986114334, ""weight"": 1.0}]",18.09240873428312,,bradley_terry_hfa,1.0,36
2025-02-10,Dallas Mavericks,Sacramento Kings,128,129,False,False,2025-02-10|Sacramento Kings|Dallas Mavericks,,,,2025-02-10|Sacramento Kings|Dallas Mavericks,0.0009119293391521725,"[{""p_home_win"": 0.0009119293391521725, ""weight"": 1.0}]",-6.99903570449173,,bradley_terry_hfa,0.0,-1
2025-02-10,Denver Nuggets,Portland Trail Blazers,146,117,False,False,2025-02-10|Portland Trail Blazers|Denver Nuggets,,,,2025-02-10|Portland Trail Blazers|Denver Nuggets,0.747087769399428,"[{""p_home_win"": 0.747087769399428, ""weight"": 1.0}]",1.0831401601635449,,bradley_terry_hfa,1.0,29
2025-02-10,Los Angeles Lakers,Utah Jazz,132,113,False,False,2025-02-10|Utah Jazz|Los Angeles Lakers,,,,2025-02-10|Utah Jazz|Los Angeles Lakers,0.9999580937329798,"[{""p_home_win"": 0.9999580937329798, ""weight"": 1.0}]",10.080033264189787,,bradley_terry_hfa,1.0,19
2025-02-11,Philadelphia 76ers,Toronto Raptors,103,106,False,False,2025-02-11|Toronto Raptors|Philadelphia 76ers,,,,2025-02-11|Toronto Raptors|Philadelphia 76ers,6.483430028930599e-05,"[{""p_home_win"": 6.483430028930599e-05, ""weight"": 1.0}]",-9.643610932794969,,bradley_terry_hfa,0.0,-3
2025-02-11,Indiana Pacers,New York Knicks,115,128,False,False,2025-02-11|New York Knicks|Indiana Pacers,,,,2025-02-11|New York Knicks|Indiana Pacers,3.863685094720907e-07,"[{""p_home_win"": 3.863685094720907e-07, ""weight"": 1.0}]",-14.766473848785981,,bradley_terry_hfa,0.0,-13
2025-02-11,Chicago Bulls,Detroit Pistons,92,132,False,False,2025-02-11|Detroit Pistons|Chicago Bulls,,,,2025-02-11|Detroit Pistons|Chicago Bulls,1.32393502058657e-08,"[{""p_home_win"": 1.32393502058657e-08, ""weight"": 1.0}]",-18.14007235250939,,bradley_terry_hfa,0.0,-40
2025-02-11,Phoenix Suns,Memphis Grizzlies,112,119,False,False,2025-02-11|Memphis Grizzlies|Phoenix Suns,,,,2025-02-11|Memphis Grizzlies|Phoenix Suns,1.1839769060959514e-10,"[{""p_home_win"": 1.1839769060959514e-10, ""weight"": 1.0}]",-22.856971898536997,,bradley_terry_hfa,0.0,-7
2025-02-12,Boston Celtics,San Antonio Spurs,116,103,False,False,2025-02-12|San Antonio Spurs|Boston Celtics,,,,2025-02-12|San Antonio Spurs|Boston Celtics,0.97938786231456,"[{""p_home_win"": 0.97938786231456, ""weight"": 1.0}]",3.8610476358988706,,bradley_terry_hfa,1.0,13
2025-02-12,Orlando Magic,Charlotte Hornets,102,86,False,False,2025-02-12|Charlotte Hornets|Orlando Magic,,,,2025-02-12|Charlotte Hornets|Orlando Magic,0.7042544646702101,"[{""p_home_win"": 0.7042544646702101, ""weight"": 1.0}]",0.8676403396970347,,bradley_terry_hfa,1.0,16
2025-02-12,Washington Wizards,Indiana Pacers,130,134,False,False,2025-02-12|Indiana Pacers|Washington Wizards,,,,2025-02-12|Indiana Pacers|Washington Wizards,2.5601806728017335e-14,"[{""p_home_win"": 2.5601806728017335e-14, ""weight"": 1.0}]",-31.296113470602286,,bradley_terry_hfa,0.0,-4
2025-02-12,Brooklyn Nets,Philadelphia 76ers,100,96,False,False,2025-02-12|Philadelphia 76ers|Brooklyn Nets,,,,2025-02-12|Philadelphia 76ers|Brooklyn Nets,5.233721456236704e-06,"[{""p_home_win"": 5.233721456236704e-06, ""weight"": 1.0}]",-12.160382739680845,,bradley_terry_hfa,1.0,4
2025-02-12,New York Knicks,Atlanta Hawks,149,148,False,False,2025-02-12|Atlanta Hawks|New York Knicks,,,,2025-02-12|Atlanta Hawks|New York Knicks,0.07849276853551308,"[{""p_home_win"": 0.07849276853551308, ""weight"": 1.0}]",-2.463004124593457,,bradley_terry_hfa,1.0,1
2025-02-12,Toronto Raptors,Cleveland Cavaliers,108,131,False,False,2025-02-12|Cleveland Cavaliers|Toronto Raptors,,,,2025-02-12|Cleveland Cavaliers|Toronto Raptors,9.654067990280651e-17,"[{""p_home_win"": 9.654067990280651e-17, ""weight"": 1.0}]",-36.87656720097959,,bradley_terry_hfa,0.0,-23
2025-02-12,Chicago Bulls,Detroit Pistons,110,128,False,False,2025-02-12|Detroit Pistons|Chicago Bulls,,,,2025-02-12|Detroit Pistons|Chicago Bulls,3.5934461715965454e-09,"[{""p_home_win"": 3.5934461715965454e-09, ""weight"": 1.0}]",-19.444154154919193,,bradley_terry_hfa,0.0,-18
2025-02-12,Minnesota Timberwolves,Milwaukee Bucks,101,103,False,False,2025-02-12|Milwaukee Bucks|Minnesota Timberwolves,,,,2025-02-12|Milwaukee Bucks|Minnesota Timberwolves,7.248923800974997e-05,"[{""p_home_win"": 7.248923800974997e-05, ""weight"": 1.0}]",-9.531999956501483,,bradley_terry_hfa,0.0,-2
2025-02-12,New Orleans Pelicans,Sacramento Kings,111,119,False,False,2025-02-12|Sacramento Kings|New Orleans Pelicans,,,,2025-02-12|Sacramento Kings|New Orleans Pelicans,1.518242014141594e-11,"[{""p_home_win"": 1.518242014141594e-11, ""weight"": 1.0}]",-24.910882927047638,,bradley_terry_hfa,0.0,-8
2025-02-12,Oklahoma City Thunder,Miami Heat,115,101,False,False,2025-02-12|Miami Heat|Oklahoma City Thunder,,,,2025-02-12|Miami Heat|Oklahoma City Thunder,0.9949256351317132,"[{""p_home_win"": 0.9949256351317132, ""weight"": 1.0}]",5.278466627814449,,bradley_terry_hfa,1.0,14
2025-02-12,Houston Rockets,Phoenix Suns,119,111,False,False,2025-02-12|Phoenix Suns|Houston Rockets,,,,2025-02-12|Phoenix Suns|Houston Rockets,0.5109235670079243,"[{""p_home_win"": 0.5109235670079243, ""weight"": 1.0}]",0.04370122174140256,,bradley_terry_hfa,1.0,8
2025-02-12,Denver Nuggets,Portland Trail Blazers,132,121,False,False,2025-02-12|Portland Trail Blazers|Denver Nuggets,,,,2025-02-12|Portland Trail Blazers|Denver Nuggets,0.8003626419838291,"[{""p_home_win"": 0.8003626419838291, ""weight"": 1.0}]",1.388562416663218,,bradley_terry_hfa,1.0,11
2025-02-12,Utah Jazz,Los Angeles Lakers,131,119,False,False,2025-02-12|Los Angeles Lakers|Utah Jazz,,,,2025-02-12|Los Angeles Lakers|Utah Jazz,1.4347251166306264e-15,"[{""p_home_win"": 1.4347251166306264e-15, ""weight"": 1.0}]",-34.177803120403325,,bradley_terry_hfa,1.0,12
2025-02-12,Dallas Mavericks,Golden State Warriors,111,107,False,False,2025-02-12|Golden State Warriors|Dallas Mavericks,,,,2025-02-12|Golden State Warriors|Dallas Mavericks,4.332709833264683e-05,"[{""p_home_win"": 4.332709833264683e-05, ""weight"": 1.0}]",-10.046688963123437,,bradley_terry_hfa,1.0,4
2025-02-12,Los Angeles Clippers,Memphis Grizzlies,128,114,False,False,2025-02-12|Memphis Grizzlies|Los Angeles Clippers,,,,2025-02-12|Memphis Grizzlies|Los Angeles Clippers,6.562096083526716e-09,"[{""p_home_win"": 6.562096083526716e-09, ""weight"": 1.0}]",-18.841955753537682,,bradley_terry_hfa,1.0,14
2025-02-13,Houston Rockets,Golden State Warriors,98,105,False,False,2025-02-13|Golden State Warriors|Houston Rockets,,,,2025-02-13|Golden State Warriors|Houston Rockets,0.11889180564574583,"[{""p_home_win"": 0.11889180564574583, ""weight"": 1.0}]",-2.0029665436827777,,bradley_terry_hfa,0.0,-7
2025-02-13,New Orleans Pelicans,Sacramento Kings,140,133,False,False,2025-02-13|Sacramento Kings|New Orleans Pelicans,,,,2025-02-13|Sacramento Kings|New Orleans Pelicans,4.0819717660866366e-12,"[{""p_home_win"": 4.0819717660866366e-12, ""weight"": 1.0}]",-26.224440968247006,,bradley_terry_hfa,1.0,7
2025-02-13,Dallas Mavericks,Miami Heat,118,113,False,False,2025-02-13|Miami Heat|Dallas Mavericks,,,,2025-02-13|Miami Heat|Dallas Mavericks,0.00029872164272875775,"[{""p_home_win"": 0.00029872164272875775, ""weight"": 1.0}]",-8.115699612691166,,bradley_terry_hfa,1.0,5
2025-02-13,Minnesota Timberwolves,Oklahoma City Thunder,116,101,False,False,2025-02-13|Oklahoma City Thunder|Minnesota Timberwolves,,,,2025-02-13|Oklahoma City Thunder|Minnesota Timberwolves,3.799994468316712e-11,"[{""p_home_win"": 3.799994468316712e-11, ""weight"": 1.0}]",-23.99343641187135,,bradley_terry_hfa,1.0,15
2025-02-13,Utah Jazz,Los Angeles Clippers,116,120,False,False,2025-02-13|Los Angeles Clippers|Utah Jazz,,,,2025-02-13|Los Angeles Clippers|Utah Jazz,1.7226413742579152e-13,"[{""p_home_win"": 1.7226413742579152e-13, ""weight"": 1.0}]",-29.389747413343837,,bradley_terry_hfa,0.0,-4
2025-02-19,Los Angeles Lakers,Charlotte Hornets,97,100,False,False,2025-02-19|Charlotte Hornets|Los Angeles Lakers,,,,2025-02-19|Charlotte Hornets|Los Angeles Lakers,0.9999595190743414,"[{""p_home_win"": 0.9999595190743414, ""weight"": 1.0}]",10.1146391844424,,bradley_terry_hfa,0.0,-3
2025-02-20,Indiana Pacers,Memphis Grizzlies,127,113,False,False,2025-02-20|Memphis Grizzlies|Indiana Pacers,,,,2025-02-20|Memphis Grizzlies|Indiana Pacers,1.2622318213378676e-08,"[{""p_home_win"": 1.2622318213378676e-08, ""weight"": 1.0}]",-18.18779929046901,,bradley_terry_hfa,1.0,14
2025-02-20,Philadelphia 76ers,Boston Celtics,104,124,False,False,2025-02-20|Boston Celtics|Philadelphia 76ers,,,,2025-02-20|Boston Celtics|Philadelphia 76ers,1.129243663181443e-14,"[{""p_home_win"": 1.129243663181443e-14, ""weight"": 1.0}]",-32.114643217908295,,bradley_terry_hfa,0.0,-20
2025-02-20,Atlanta Hawks,Orlando Magic,108,114,False,False,2025-02-20|Orlando Magic|Atlanta Hawks,,,,2025-02-20|Orlando Magic|Atlanta Hawks,9.195411101177196e-06,"[{""p_home_win"": 9.195411101177196e-06, ""weight"": 1.0}]",-11.59679679624499,,bradley_terry_hfa,0.0,-6
2025-02-20,Brooklyn Nets,Cleveland Cavaliers,97,110,False,False,2025-02-20|Cleveland Cavaliers|Brooklyn Nets,,,,2025-02-20|Cleveland Cavaliers|Brooklyn Nets,1.5478117333501953e-16,"[{""p_home_win"": 1.5478117333501953e-16, ""weight"": 1.0}]",-36.40451933941624,,bradley_terry_hfa,0.0,-13
2025-02-20,New York Knicks,Chicago Bulls,113,111,False,False,2025-02-20|Chicago Bulls|New York Knicks,,,,2025-02-20|Chicago Bulls|New York Knicks,0.977529013876543,"[{""p_home_win"": 0.977529013876543, ""weight"": 1.0}]",3.7728030016757295,,bradley_terry_hfa,1.0,2
2025-02-20,Milwaukee Bucks,Los Angeles Clippers,116,110,False,False,2025-02-20|Los Angeles Clippers|Milwaukee Bucks,,,,2025-02-20|Los Angeles Clippers|Milwaukee Bucks,3.6872555820580373e-06,"[{""p_home_win"": 3.6872555820580373e-06, ""weight"": 1.0}]",-12.510624434064479,,bradley_terry_hfa,1.0,6
2025-02-20,Denver Nuggets,Charlotte Hornets,129,115,False,False,2025-02-20|Charlotte Hornets|Denver Nuggets,,,,2025-02-20|Charlotte Hornets|Denver Nuggets,0.9999889159631477,"[{""p_home_win"": 0.9999889159631477, ""weight"": 1.0}]",11.409993522052645,,bradley_terry_hfa,1.0,14
2025-02-20,San Antonio Spurs,Phoenix Suns,120,109,False,False,2025-02-20|Phoenix Suns|San Antonio Spurs,,,,2025-02-20|Phoenix Suns|San Antonio Spurs,1.1029748698325142e-06,"[{""p_home_win"": 1.1029748698325142e-06, ""weight"": 1.0}]",-13.717498498447046,,bradley_terry_hfa,1.0,11
2025-02-20,Portland Trail Blazers,Los Angeles Lakers,102,110,False,False,2025-02-20|Los Angeles Lakers|Portland Trail Blazers,,,,2025-02-20|Los Angeles Lakers|Portland Trail Blazers,1.3413609652328468e-10,"[{""p_home_win"": 1.3413609652328468e-10, ""weight"": 1.0}]",-22.732166185566477,,bradley_terry_hfa,0.0,-8
2025-02-21,Cleveland Cavaliers,New York Knicks,142,105,False,False,2025-02-21|New York Knicks|Cleveland Cavaliers,,,,2025-02-21|New York Knicks|Cleveland Cavaliers,0.01736863285079627,"[{""p_home_win"": 0.01736863285079627, ""weight"": 1.0}]",-4.035568172168,,bradley_terry_hfa,1.0,37
2025-02-21,Orlando Magic,Memphis Grizzlies,104,105,False,False,2025-02-21|Memphis Grizzlies|Orlando Magic,,,,2025-02-21|Memphis Grizzlies|Orlando Magic,6.754172937336832e-11,"[{""p_home_win"": 6.754172937336832e-11, ""weight"": 1.0}]",-23.41827549605863,,bradley_terry_hfa,0.0,-1
2025-02-21,Washington Wizards,Milwaukee Bucks,101,104,False,False,2025-02-21|Milwaukee Bucks|Washington Wizards,,,,2025-02-21|Milwaukee Bucks|Washington Wizards,7.775280818544042e-15,"[{""p_home_win"": 7.775280818544042e-15, ""weight"": 1.0}]",-32.48782681935691,,bradley_terry_hfa,0.0,-3
2025-02-21,Toronto Raptors,Miami Heat,111,120,False,False,2025-02-21|Miami Heat|Toronto Raptors,,,,2025-02-21|Miami Heat|Toronto Raptors,2.6815111504939816e-09,"[{""p_home_win"": 2.6815111504939816e-09, ""weight"": 1.0}]",-19.73688533652803,,bradley_terry_hfa,0.0,-9
2025-02-21,Dallas Mavericks,New Orleans Pelicans,111,103,False,False,2025-02-21|New Orleans Pelicans|Dallas Mavericks,,,,2025-02-21|New Orleans Pelicans|Dallas Mavericks,0.9956847757177961,"[{""p_home_win"": 0.9956847757177961, ""weight"": 1.0}]",5.441281416727403,,bradley_terry_hfa,1.0,8
2025-02-21,San Antonio Spurs,Detroit Pistons,110,125,False,False,2025-02-21|Detroit Pistons|San Antonio Spurs,,,,2025-02-21|Detroit Pistons|San Antonio Spurs,1.3836664571715488e-08,"[{""p_home_win"": 1.3836664571715488e-08, ""weight"": 1.0}]",-18.09594390111869,,bradley_terry_hfa,0.0,-15
2025-02-21,Houston Rockets,Minnesota Timberwolves,121,115,False,False,2025-02-21|Minnesota Timberwolves|Houston Rockets,,,,2025-02-21|Minnesota Timberwolves|Houston Rockets,0.00032719889885265497,"[{""p_home_win"": 0.00032719889885265497, ""weight"": 1.0}]",-8.024615066166,,bradley_terry_hfa,1.0,6
2025-02-21,Utah Jazz,Oklahoma City Thunder,107,130,False,False,2025-02-21|Oklahoma City Thunder|Utah Jazz,,,,2025-02-21|Oklahoma City Thunder|Utah Jazz,1.9721895817634106e-19,"[{""p_home_win"": 1.9721895817634106e-19, ""weight"": 1.0}]",-43.06997237853041,,bradley_terry_hfa,0.0,-23
2025-02-21,Sacramento Kings,Golden State Warriors,108,132,False,False,2025-02-21|Golden State Warriors|Sacramento Kings,,,,2025-02-21|Golden State Warriors|Sacramento Kings,1.8556169832735996e-06,"[{""p_home_win"": 1.8556169832735996e-06, ""weight"": 1.0}]",-13.197291456048802,,bradley_terry_hfa,0.0,-24
2025-02-22,Chicago Bulls,Phoenix Suns,117,121,False,False,2025-02-22|Phoenix Suns|Chicago Bulls,,,,2025-02-22|Phoenix Suns|Chicago Bulls,1.1887789933925136e-07,"[{""p_home_win"": 1.1887789933925136e-07, ""weight"": 1.0}]",-15.945168807685434,,bradley_terry_hfa,0.0,-4
2025-02-22,Philadelphia 76ers,Brooklyn Nets,103,105,False,False,2025-02-22|Brooklyn Nets|Philadelphia 76ers,,,,2025-02-22|Brooklyn Nets|Philadelphia 76ers,3.020514044328107e-06,"[{""p_home_win"": 3.020514044328107e-06, ""weight"": 1.0}]",-12.710080507189861,,bradley_terry_hfa,0.0,-2
2025-02-22,Denver Nuggets,Los Angeles Lakers,100,123,False,False,2025-02-22|Los Angeles Lakers|Denver Nuggets,,,,2025-02-22|Los Angeles Lakers|Denver Nuggets,9.441075221928282e-05,"[{""p_home_win"": 9.441075221928282e-05, ""weight"": 1.0}]",-9.267761175461812,,bradley_terry_hfa,0.0,-23
2025-02-22,Utah Jazz,Houston Rockets,124,115,False,False,2025-02-22|Houston Rockets|Utah Jazz,,,,2025-02-22|Houston Rockets|Utah Jazz,1.5785483643944648e-16,"[{""p_home_win"": 1.5785483643944648e-16, ""weight"": 1.0}]",-36.38485581989386,,bradley_terry_hfa,1.0,9
2025-02-22,Portland Trail Blazers,Charlotte Hornets,141,88,False,False,2025-02-22|Charlotte Hornets|Portland Trail Blazers,,,,2025-02-22|Charlotte Hornets|Portland Trail Blazers,0.02099767746851204,"[{""p_home_win"": 0.02099767746851204, ""weight"": 1.0}]",-3.8421221800089214,,bradley_terry_hfa,1.0,53
2025-02-23,Boston Celtics,New York Knicks,118,105,False,False,2025-02-23|New York Knicks|Boston Celtics,,,,2025-02-23|New York Knicks|Boston Celtics,0.00021706601455567323,"[{""p_home_win"": 0.00021706601455567323, ""weight"": 1.0}]",-8.43509194656861,,bradley_terry_hfa,1.0,13
2025-02-23,Golden State Warriors,Dallas Mavericks,126,102,False,False,2025-02-23|Dallas Mavericks|Golden State Warriors,,,,2025-02-23|Dallas Mavericks|Golden State Warriors,3.5832517009065133e-07,"[{""p_home_win"": 3.5832517009065133e-07, ""weight"": 1.0}]",-14.841824608129386,,bradley_terry_hfa,1.0,24
2025-02-23,Indiana Pacers,Los Angeles Clippers,129,111,False,False,2025-02-23|Los Angeles Clippers|Indiana Pacers,,,,2025-02-23|Los Angeles Clippers|Indiana Pacers,8.151752270340927e-06,"[{""p_home_win"": 8.151752270340927e-06, ""weight"": 1.0}]",-11.717269499539912,,bradley_terry_hfa,1.0,18
2025-02-23,Atlanta Hawks,Detroit Pistons,143,148,False,False,2025-02-23|Detroit Pistons|Atlanta Hawks,,,,2025-02-23|Detroit Pistons|Atlanta Hawks,2.7396665938352012e-08,"[{""p_home_win"": 2.7396665938352012e-08, ""weight"": 1.0}]",-17.412844484641507,,bradley_terry_hfa,0.0,-5
2025-02-23,Milwaukee Bucks,Miami Heat,120,113,False,False,2025-02-23|Miami Heat|Milwaukee Bucks,,,,2025-02-23|Miami Heat|Milwaukee Bucks,0.0003574541224524077,"[{""p_home_win"": 0.0003574541224524077, ""weight"": 1.0}]",-7.9361460148451055,,bradley_terry_hfa,1.0,7
2025-02-23,Orlando Magic,Washington Wizards,110,90,False,False,2025-02-23|Washington Wizards|Orlando Magic,,,,2025-02-23|Washington Wizards|Orlando Magic,0.8837652420188667,"[{""p_home_win"": 0.8837652420188667, ""weight"": 1.0}]",2.0285795423119186,,bradley_terry_hfa,1.0,20
2025-02-23,Toronto Raptors,Phoenix Suns,127,109,False,False,2025-02-23|Phoenix Suns|Toronto Raptors,,,,2025-02-23|Phoenix Suns|Toronto Raptors,4.107715079253338e-09,"[{""p_home_win"": 4.107715079253338e-09, ""weight"": 1.0}]",-19.310398900710997,,bradley_terry_hfa,1.0,18
2025-02-23,Cleveland Cavaliers,Memphis Grizzlies,129,123,False,False,2025-02-23|Memphis Grizzlies|Cleveland Cavaliers,,,,2025-02-23|Memphis Grizzlies|Cleveland Cavaliers,0.009344886108328843,"[{""p_home_win"": 0.009344886108328843, ""weight"": 1.0}]",-4.663537202096279,,bradley_terry_hfa,1.0,6
2025-02-23,New Orleans Pelicans,San Antonio Spurs,114,96,False,False,2025-02-23|San Antonio Spurs|New Orleans Pelicans,,,,2025-02-23|San Antonio Spurs|New Orleans Pelicans,3.3398180765316914e-10,"[{""p_home_win"": 3.3398180765316914e-10, ""weight"": 1.0}]",-21.81993459220559,,bradley_terry_hfa,1.0,18
2025-02-23,Minnesota Timberwolves,Oklahoma City Thunder,123,130,False,False,2025-02-23|Oklahoma City Thunder|Minnesota Timberwolves,,,,2025-02-23|Oklahoma City Thunder|Minnesota Timberwolves,1.6532995316100803e-11,"[{""p_home_win"": 1.6532995316100803e-11, ""weight"": 1.0}]",-24.825663015648914,,bradley_terry_hfa,0.0,-7
2025-02-24,Detroit Pistons,Los Angeles Clippers,106,97,False,False,2025-02-24|Los Angeles Clippers|Detroit Pistons,,,,2025-02-24|Los Angeles Clippers|Detroit Pistons,2.7639812551320224e-06,"[{""p_home_win"": 2.7639812551320224e-06, ""weight"": 1.0}]",-12.798835669886923,,bradley_terry_hfa,1.0,9
2025-02-24,Indiana Pacers,Denver Nuggets,116,125,False,False,2025-02-24|Denver Nuggets|Indiana Pacers,,,,2025-02-24|Denver Nuggets|Indiana Pacers,1.5369630530401285e-07,"[{""p_home_win"": 1.5369630530401285e-07, ""weight"": 1.0}]",-15.688287071354829,,bradley_terry_hfa,0.0,-9
2025-02-24,Philadelphia 76ers,Chicago Bulls,110,142,False,False,2025-02-24|Chicago Bulls|Philadelphia 76ers,,,,2025-02-24|Chicago Bulls|Philadelphia 76ers,1.2283628740527595e-06,"[{""p_home_win"": 1.2283628740527595e-06, ""weight"": 1.0}]",-13.60982704348427,,bradley_terry_hfa,0.0,-32
2025-02-24,Washington Wizards,Brooklyn Nets,107,99,False,False,2025-02-24|Brooklyn Nets|Washington Wizards,,,,2025-02-24|Brooklyn Nets|Washington Wizards,2.6389182395244117e-10,"[{""p_home_win"": 2.6389182395244117e-10, ""weight"": 1.0}]",-22.055481854247894,,bradley_terry_hfa,1.0,8
2025-02-24,Atlanta Hawks,Miami Heat,98,86,False,False,2025-02-24|Miami Heat|Atlanta Hawks,,,,2025-02-24|Miami Heat|Atlanta Hawks,3.575829109340029e-07,"[{""p_home_win"": 3.575829109340029e-07, ""weight"": 1.0}]",-14.843898225421846,,bradley_terry_hfa,1.0,12
2025-02-24,Oklahoma City Thunder,Minnesota Timberwolves,128,131,False,False,2025-02-24|Minnesota Timberwolves|Oklahoma City Thunder,,,,2025-02-24|Minnesota Timberwolves|Oklahoma City Thunder,0.7226341898061839,"[{""p_home_win"": 0.7226341898061839, ""weight"": 1.0}]",0.9575658832152918,,bradley_terry_hfa,0.0,-3
2025-02-24,Utah Jazz,Portland Trail Blazers,112,114,False,False,2025-02-24|Portland Trail Blazers|Utah Jazz,,,,2025-02-24|Portland Trail Blazers|Utah Jazz,1.1510421470001797e-09,"[{""p_home_win"": 1.1510421470001797e-09, ""weight"": 1.0}]",-20.58259808900216,,bradley_terry_hfa,0.0,-2
2025-02-24,Sacramento Kings,Charlotte Hornets,130,88,False,False,2025-02-24|Charlotte Hornets|Sacramento Kings,,,,2025-02-24|Charlotte Hornets|Sacramento Kings,0.8496048222331387,"[{""p_home_win"": 0.8496048222331387, ""weight"": 1.0}]",1.7315049780766465,,bradley_terry_hfa,1.0,42
2025-02-25,Toronto Raptors,Boston Celtics,101,111,False,False,2025-02-25|Boston Celtics|Toronto Raptors,,,,2025-02-25|Boston Celtics|Toronto Raptors,4.574394949440472e-16,"[{""p_home_win"": 4.574394949440472e-16, ""weight"": 1.0}]",-35.32088704941167,,bradley_terry_hfa,0.0,-10
2025-02-25,Orlando Magic,Cleveland Cavaliers,82,122,False,False,2025-02-25|Cleveland Cavaliers|Orlando Magic,,,,2025-02-25|Cleveland Cavaliers|Orlando Magic,1.9316507998931105e-15,"[{""p_home_win"": 1.9316507998931105e-15, ""weight"": 1.0}]",-33.880401420853715,,bradley_terry_hfa,0.0,-40
2025-02-25,Houston Rockets,Milwaukee Bucks,100,97,False,False,2025-02-25|Milwaukee Bucks|Houston Rockets,,,,2025-02-25|Milwaukee Bucks|Houston Rockets,0.0003204008285782946,"[{""p_home_win"": 0.0003204008285782946, ""weight"": 1.0}]",-8.045617304530946,,bradley_terry_hfa,1.0,3
2025-02-25,Memphis Grizzlies,Phoenix Suns,151,148,False,False,2025-02-25|Phoenix Suns|Memphis Grizzlies,,,,2025-02-25|Phoenix Suns|Memphis Grizzlies,0.7101505040023574,"[{""p_home_win"": 0.7101505040023574, ""weight"": 1.0}]",0.8961151160937533,,bradley_terry_hfa,1.0,3
2025-02-25,New Orleans Pelicans,San Antonio Spurs,109,103,False,False,2025-02-25|San Antonio Spurs|New Orleans Pelicans,,,,2025-02-25|San Antonio Spurs|New Orleans Pelicans,4.79249856354281e-10,"[{""p_home_win"": 4.79249856354281e-10, ""weight"": 1.0}]",-21.458799033253833,,bradley_terry_hfa,1.0,6
2025-02-25,Golden State Warriors,Charlotte Hornets,128,92,False,False,2025-02-25|Charlotte Hornets|Golden State Warriors,,,,2025-02-25|Charlotte Hornets|Golden State Warriors,0.9935778242913837,"[{""p_home_win"": 0.9935778242913837, ""weight"": 1.0}]",5.041555436669952,,bradley_terry_hfa,1.0,36
2025-02-25,Los Angeles Lakers,Dallas Mavericks,107,99,False,False,2025-02-25|Dallas Mavericks|Los Angeles Lakers,,,,2025-02-25|Dallas Mavericks|Los Angeles Lakers,0.00011604356289149265,"[{""p_home_win"": 0.00011604356289149265, ""weight"": 1.0}]",-9.061428844891713,,bradley_terry_hfa,1.0,8
