date,home_team,away_team,home_score,away_score,neutral,overtime,game_id,sport,season,notes,game_id_pred,p_home_win,win_prob_dist,pred_margin,pred_total,model_id,extra,home_win,actual_margin
2025-10-25,Orlando Magic,Chicago Bulls,98.0,110.0,False,False,2025-10-25|Chicago Bulls|Orlando Magic,,,,2025-10-25|Chicago Bulls|Orlando Magic,0.21615431142949365,"[{""p_home_win"": 0.0, ""weight"": 0.25}, {""p_home_win"": 0.21615431142949365, ""weight"": 0.5}, {""p_home_win"": 0.4323086228589873, ""weight"": 0.25}]",-2.140113894253956,,elo,"{'home_advantage': 2.095284401915426, 'scale': 0.16895661809911897, 'error_term': 12.25759065306768, 'win_prob_k': 1.6612958417178865}",0.0,-12.0
2025-10-25,Atlanta Hawks,Oklahoma City Thunder,100.0,117.0,False,False,2025-10-25|Oklahoma City Thunder|Atlanta Hawks,,,,2025-10-25|Oklahoma City Thunder|Atlanta Hawks,0.0770437182827477,"[{""p_home_win"": 0.0, ""weight"": 0.25}, {""p_home_win"": 0.0770437182827477, ""weight"": 0.5}, {""p_home_win"": 0.1540874365654954, ""weight"": 0.25}]",-4.125344515559867,,elo,"{'home_advantage': 2.095284401915426, 'scale': 0.16895661809911897, 'error_term': 12.25759065306768, 'win_prob_k': 1.6612958417178865}",0.0,-17.0
2025-10-25,Philadelphia 76ers,Charlotte Hornets,125.0,121.0,False,False,2025-10-25|Charlotte Hornets|Philadelphia 76ers,,,,2025-10-25|Charlotte Hornets|Philadelphia 76ers,0.8632640160079914,"[{""p_home_win"": 0.7265280320159828, ""weight"": 0.25}, {""p_home_win"": 0.8632640160079914, ""weight"": 0.5}, {""p_home_win"": 1.0, ""weight"": 0.25}]",3.061217732806666,,elo,"{'home_advantage': 2.095284401915426, 'scale': 0.16895661809911897, 'error_term': 12.25759065306768, 'win_prob_k': 1.6612958417178865}",1.0,4.0
2025-10-25,Memphis Grizzlies,Indiana Pacers,128.0,103.0,False,False,2025-10-25|Indiana Pacers|Memphis Grizzlies,,,,2025-10-25|Indiana Pacers|Memphis Grizzlies,0.9377530455786903,"[{""p_home_win"": 0.8755060911573807, ""weight"": 0.25}, {""p_home_win"": 0.9377530455786903, ""weight"": 0.5}, {""p_home_win"": 1.0, ""weight"": 0.25}]",4.506060676988195,,elo,"{'home_advantage': 2.095284401915426, 'scale': 0.16895661809911897, 'error_term': 12.25759065306768, 'win_prob_k': 1.6612958417178865}",1.0,25.0
2025-10-25,Denver Nuggets,Phoenix Suns,133.0,111.0,False,False,2025-10-25|Phoenix Suns|Denver Nuggets,,,,2025-10-25|Phoenix Suns|Denver Nuggets,0.4616669205729238,"[{""p_home_win"": 0.0, ""weight"": 0.25}, {""p_home_win"": 0.4616669205729238, ""weight"": 0.5}, {""p_home_win"": 0.9233338411458476, ""weight"": 0.25}]",-0.2552311854543534,,elo,"{'home_advantage': 2.095284401915426, 'scale': 0.16895661809911897, 'error_term': 12.25759065306768, 'win_prob_k': 1.6612958417178865}",1.0,22.0
2025-10-26,San Antonio Spurs,Brooklyn Nets,118.0,107.0,False,False,2025-10-26|Brooklyn Nets|San Antonio Spurs,,,,2025-10-26|Brooklyn Nets|San Antonio Spurs,0.9991819012936823,"[{""p_home_win"": 0.9983638025873647, ""weight"": 0.25}, {""p_home_win"": 0.9991819012936823, ""weight"": 0.5}, {""p_home_win"": 1.0, ""weight"": 0.25}]",16.789125680076022,,elo,"{'home_advantage': 2.9046998107044604, 'scale': 0.16641206057419047, 'error_term': 12.316141352753966, 'win_prob_k': 2.362100837206991}",1.0,11.0
2025-10-26,Detroit Pistons,Boston Celtics,119.0,113.0,False,False,2025-10-26|Boston Celtics|Detroit Pistons,,,,2025-10-26|Boston Celtics|Detroit Pistons,0.9865450164776703,"[{""p_home_win"": 0.9730900329553407, ""weight"": 0.25}, {""p_home_win"": 0.9865450164776703, ""weight"": 0.5}, {""p_home_win"": 1.0, ""weight"": 0.25}]",10.144890978309439,,elo,"{'home_advantage': 2.9046998107044604, 'scale': 0.16641206057419047, 'error_term': 12.316141352753966, 'win_prob_k': 2.362100837206991}",1.0,6.0
2025-10-26,Washington Wizards,Charlotte Hornets,113.0,139.0,False,False,2025-10-26|Charlotte Hornets|Washington Wizards,,,,2025-10-26|Charlotte Hornets|Washington Wizards,0.8302023186312828,"[{""p_home_win"": 0.6604046372625656, ""weight"": 0.25}, {""p_home_win"": 0.8302023186312828, ""weight"": 0.5}, {""p_home_win"": 1.0, ""weight"": 0.25}]",3.7488000295381743,,elo,"{'home_advantage': 2.9046998107044604, 'scale': 0.16641206057419047, 'error_term': 12.316141352753966, 'win_prob_k': 2.362100837206991}",0.0,-26.0
2025-10-26,Miami Heat,New York Knicks,115.0,107.0,False,False,2025-10-26|New York Knicks|Miami Heat,,,,2025-10-26|New York Knicks|Miami Heat,0.3791273017489435,"[{""p_home_win"": 0.0, ""weight"": 0.25}, {""p_home_win"": 0.3791273017489435, ""weight"": 0.5}, {""p_home_win"": 0.758254603497887, ""weight"": 0.25}]",-1.1651157547390594,,elo,"{'home_advantage': 2.9046998107044604, 'scale': 0.16641206057419047, 'error_term': 12.316141352753966, 'win_prob_k': 2.362100837206991}",1.0,8.0
2025-10-26,Cleveland Cavaliers,Milwaukee Bucks,118.0,113.0,False,False,2025-10-26|Milwaukee Bucks|Cleveland Cavaliers,,,,2025-10-26|Milwaukee Bucks|Cleveland Cavaliers,0.2300179602892428,"[{""p_home_win"": 0.0, ""weight"": 0.25}, {""p_home_win"": 0.2300179602892428, ""weight"": 0.5}, {""p_home_win"": 0.4600359205784856, ""weight"": 0.25}]",-2.853913369321448,,elo,"{'home_advantage': 2.9046998107044604, 'scale': 0.16641206057419047, 'error_term': 12.316141352753966, 'win_prob_k': 2.362100837206991}",1.0,5.0
2025-10-26,Minnesota Timberwolves,Indiana Pacers,114.0,110.0,False,False,2025-10-26|Indiana Pacers|Minnesota Timberwolves,,,,2025-10-26|Indiana Pacers|Minnesota Timberwolves,0.9843521955168956,"[{""p_home_win"": 0.9687043910337911, ""weight"": 0.25}, {""p_home_win"": 0.9843521955168956, ""weight"": 0.5}, {""p_home_win"": 1.0, ""weight"": 0.25}]",9.783002341764966,,elo,"{'home_advantage': 2.9046998107044604, 'scale': 0.16641206057419047, 'error_term': 12.316141352753966, 'win_prob_k': 2.362100837206991}",1.0,4.0
2025-10-26,Dallas Mavericks,Toronto Raptors,139.0,129.0,False,False,2025-10-26|Toronto Raptors|Dallas Mavericks,,,,2025-10-26|Toronto Raptors|Dallas Mavericks,0.12502561588798589,"[{""p_home_win"": 0.0, ""weight"": 0.25}, {""p_home_win"": 0.12502561588798589, ""weight"": 0.5}, {""p_home_win"": 0.25005123177597177, ""weight"": 0.25}]",-4.595882831096873,,elo,"{'home_advantage': 2.9046998107044604, 'scale': 0.16641206057419047, 'error_term': 12.316141352753966, 'win_prob_k': 2.362100837206991}",1.0,10.0
2025-10-26,Sacramento Kings,Los Angeles Lakers,120.0,127.0,False,False,2025-10-26|Los Angeles Lakers|Sacramento Kings,,,,2025-10-26|Los Angeles Lakers|Sacramento Kings,0.8300742064182879,"[{""p_home_win"": 0.6601484128365758, ""weight"": 0.25}, {""p_home_win"": 0.8300742064182879, ""weight"": 0.5}, {""p_home_win"": 1.0, ""weight"": 0.25}]",3.7466539639527623,,elo,"{'home_advantage': 2.9046998107044604, 'scale': 0.16641206057419047, 'error_term': 12.316141352753966, 'win_prob_k': 2.362100837206991}",0.0,-7.0
2025-10-26,Los Angeles Clippers,Portland Trail Blazers,114.0,107.0,False,False,2025-10-26|Portland Trail Blazers|Los Angeles Clippers,,,,2025-10-26|Portland Trail Blazers|Los Angeles Clippers,0.820807202253457,"[{""p_home_win"": 0.6416144045069141, ""weight"": 0.25}, {""p_home_win"": 0.820807202253457, ""weight"": 0.5}, {""p_home_win"": 1.0, ""weight"": 0.25}]",3.594706328059595,,elo,"{'home_advantage': 2.9046998107044604, 'scale': 0.16641206057419047, 'error_term': 12.316141352753966, 'win_prob_k': 2.362100837206991}",1.0,7.0
2025-10-27,Detroit Pistons,Cleveland Cavaliers,95.0,116.0,False,False,2025-10-27|Cleveland Cavaliers|Detroit Pistons,,,,2025-10-27|Cleveland Cavaliers|Detroit Pistons,0.6508683490714648,"[{""p_home_win"": 0.3017366981429297, ""weight"": 0.25}, {""p_home_win"": 0.6508683490714648, ""weight"": 0.5}, {""p_home_win"": 1.0, ""weight"": 0.25}]",1.4966407409657223,,elo,"{'home_advantage': 2.0844270899772988, 'scale': 0.1344811955567879, 'error_term': 11.9443010352778, 'win_prob_k': 2.40285903906182}",0.0,-21.0
2025-10-27,Philadelphia 76ers,Orlando Magic,136.0,124.0,False,False,2025-10-27|Orlando Magic|Philadelphia 76ers,,,,2025-10-27|Orlando Magic|Philadelphia 76ers,0.9912621821959712,"[{""p_home_win"": 0.9825243643919424, ""weight"": 0.25}, {""p_home_win"": 0.9912621821959712, ""weight"": 0.5}, {""p_home_win"": 1.0, ""weight"": 0.25}]",11.368691624527877,,elo,"{'home_advantage': 2.0844270899772988, 'scale': 0.1344811955567879, 'error_term': 11.9443010352778, 'win_prob_k': 2.40285903906182}",1.0,12.0
2025-10-27,Chicago Bulls,Atlanta Hawks,128.0,123.0,False,False,2025-10-27|Atlanta Hawks|Chicago Bulls,,,,2025-10-27|Atlanta Hawks|Chicago Bulls,0.9831183684761661,"[{""p_home_win"": 0.9662367369523321, ""weight"": 0.25}, {""p_home_win"": 0.9831183684761661, ""weight"": 0.5}, {""p_home_win"": 1.0, ""weight"": 0.25}]",9.766428709203211,,elo,"{'home_advantage': 2.0844270899772988, 'scale': 0.1344811955567879, 'error_term': 11.9443010352778, 'win_prob_k': 2.40285903906182}",1.0,5.0
2025-10-27,Houston Rockets,Brooklyn Nets,137.0,109.0,False,False,2025-10-27|Brooklyn Nets|Houston Rockets,,,,2025-10-27|Brooklyn Nets|Houston Rockets,0.8287638931764143,"[{""p_home_win"": 0.6575277863528286, ""weight"": 0.25}, {""p_home_win"": 0.8287638931764143, ""weight"": 0.5}, {""p_home_win"": 1.0, ""weight"": 0.25}]",3.789049098651472,,elo,"{'home_advantage': 2.0844270899772988, 'scale': 0.1344811955567879, 'error_term': 11.9443010352778, 'win_prob_k': 2.40285903906182}",1.0,28.0
2025-10-27,New Orleans Pelicans,Boston Celtics,90.0,122.0,False,False,2025-10-27|Boston Celtics|New Orleans Pelicans,,,,2025-10-27|Boston Celtics|New Orleans Pelicans,0.8451101920731454,"[{""p_home_win"": 0.6902203841462908, ""weight"": 0.25}, {""p_home_win"": 0.8451101920731454, ""weight"": 0.5}, {""p_home_win"": 1.0, ""weight"": 0.25}]",4.077058466150792,,elo,"{'home_advantage': 2.0844270899772988, 'scale': 0.1344811955567879, 'error_term': 11.9443010352778, 'win_prob_k': 2.40285903906182}",0.0,-32.0
2025-10-27,San Antonio Spurs,Toronto Raptors,121.0,103.0,False,False,2025-10-27|Toronto Raptors|San Antonio Spurs,,,,2025-10-27|Toronto Raptors|San Antonio Spurs,0.9941137793281878,"[{""p_home_win"": 0.9882275586563756, ""weight"": 0.25}, {""p_home_win"": 0.9941137793281878, ""weight"": 0.5}, {""p_home_win"": 1.0, ""weight"": 0.25}]",12.324834753225247,,elo,"{'home_advantage': 2.0844270899772988, 'scale': 0.1344811955567879, 'error_term': 11.9443010352778, 'win_prob_k': 2.40285903906182}",1.0,18.0
2025-10-27,Dallas Mavericks,Oklahoma City Thunder,94.0,101.0,False,False,2025-10-27|Oklahoma City Thunder|Dallas Mavericks,,,,2025-10-27|Oklahoma City Thunder|Dallas Mavericks,0.019537954471430568,"[{""p_home_win"": 0.0, ""weight"": 0.25}, {""p_home_win"": 0.019537954471430568, ""weight"": 0.5}, {""p_home_win"": 0.039075908942861136, ""weight"": 0.25}]",-9.408790987799792,,elo,"{'home_advantage': 2.0844270899772988, 'scale': 0.1344811955567879, 'error_term': 11.9443010352778, 'win_prob_k': 2.40285903906182}",0.0,-7.0
2025-10-27,Utah Jazz,Phoenix Suns,138.0,134.0,False,False,2025-10-27|Phoenix Suns|Utah Jazz,,,,2025-10-27|Phoenix Suns|Utah Jazz,0.8665706482566738,"[{""p_home_win"": 0.7331412965133477, ""weight"": 0.25}, {""p_home_win"": 0.8665706482566738, ""weight"": 0.5}, {""p_home_win"": 1.0, ""weight"": 0.25}]",4.4956807839440955,,elo,"{'home_advantage': 2.0844270899772988, 'scale': 0.1344811955567879, 'error_term': 11.9443010352778, 'win_prob_k': 2.40285903906182}",1.0,4.0
2025-10-27,Minnesota Timberwolves,Denver Nuggets,114.0,127.0,False,False,2025-10-27|Denver Nuggets|Minnesota Timberwolves,,,,2025-10-27|Denver Nuggets|Minnesota Timberwolves,0.8528898345187701,"[{""p_home_win"": 0.7057796690375402, ""weight"": 0.25}, {""p_home_win"": 0.8528898345187701, ""weight"": 0.5}, {""p_home_win"": 1.0, ""weight"": 0.25}]",4.222901392086646,,elo,"{'home_advantage': 2.0844270899772988, 'scale': 0.1344811955567879, 'error_term': 11.9443010352778, 'win_prob_k': 2.40285903906182}",0.0,-13.0
2025-10-27,Golden State Warriors,Memphis Grizzlies,131.0,118.0,False,False,2025-10-27|Memphis Grizzlies|Golden State Warriors,,,,2025-10-27|Memphis Grizzlies|Golden State Warriors,0.800568325517873,"[{""p_home_win"": 0.6011366510357461, ""weight"": 0.25}, {""p_home_win"": 0.800568325517873, ""weight"": 0.5}, {""p_home_win"": 1.0, ""weight"": 0.25}]",3.339614088320486,,elo,"{'home_advantage': 2.0844270899772988, 'scale': 0.1344811955567879, 'error_term': 11.9443010352778, 'win_prob_k': 2.40285903906182}",1.0,13.0
2025-10-27,Los Angeles Lakers,Portland Trail Blazers,108.0,122.0,False,False,2025-10-27|Portland Trail Blazers|Los Angeles Lakers,,,,2025-10-27|Portland Trail Blazers|Los Angeles Lakers,0.9551237394363644,"[{""p_home_win"": 0.9102474788727288, ""weight"": 0.25}, {""p_home_win"": 0.9551237394363644, ""weight"": 0.5}, {""p_home_win"": 1.0, ""weight"": 0.25}]",7.34777946343905,,elo,"{'home_advantage': 2.0844270899772988, 'scale': 0.1344811955567879, 'error_term': 11.9443010352778, 'win_prob_k': 2.40285903906182}",0.0,-14.0
2025-10-28,Washington Wizards,Philadelphia 76ers,134.0,139.0,False,False,2025-10-28|Philadelphia 76ers|Washington Wizards,,,,2025-10-28|Philadelphia 76ers|Washington Wizards,0.04998930608524423,"[{""p_home_win"": 0.0, ""weight"": 0.25}, {""p_home_win"": 0.04998930608524423, ""weight"": 0.5}, {""p_home_win"": 0.09997861217048847, ""weight"": 0.25}]",-8.119719745824826,,elo,"{'home_advantage': 1.4840099078740452, 'scale': 0.13558433362494315, 'error_term': 11.949179938979666, 'win_prob_k': 2.7574349290734377}",0.0,-5.0
2025-10-28,Miami Heat,Charlotte Hornets,144.0,117.0,False,False,2025-10-28|Charlotte Hornets|Miami Heat,,,,2025-10-28|Charlotte Hornets|Miami Heat,0.661538215046156,"[{""p_home_win"": 0.3230764300923119, ""weight"": 0.25}, {""p_home_win"": 0.661538215046156, ""weight"": 0.5}, {""p_home_win"": 1.0, ""weight"": 0.25}]",1.8479131105122422,,elo,"{'home_advantage': 1.4840099078740452, 'scale': 0.13558433362494315, 'error_term': 11.949179938979666, 'win_prob_k': 2.7574349290734377}",1.0,27.0
2025-10-28,Milwaukee Bucks,New York Knicks,121.0,111.0,False,False,2025-10-28|New York Knicks|Milwaukee Bucks,,,,2025-10-28|New York Knicks|Milwaukee Bucks,0.7140474918525169,"[{""p_home_win"": 0.42809498370503385, ""weight"": 0.25}, {""p_home_win"": 0.7140474918525169, ""weight"": 0.5}, {""p_home_win"": 1.0, ""weight"": 0.25}]",2.5233941477957806,,elo,"{'home_advantage': 1.4840099078740452, 'scale': 0.13558433362494315, 'error_term': 11.949179938979666, 'win_prob_k': 2.7574349290734377}",1.0,10.0
2025-10-28,Oklahoma City Thunder,Sacramento Kings,107.0,101.0,False,False,2025-10-28|Sacramento Kings|Oklahoma City Thunder,,,,2025-10-28|Sacramento Kings|Oklahoma City Thunder,0.9955176779679404,"[{""p_home_win"": 0.9910353559358809, ""weight"": 0.25}, {""p_home_win"": 0.9955176779679404, ""weight"": 0.5}, {""p_home_win"": 1.0, ""weight"": 0.25}]",14.898756386759537,,elo,"{'home_advantage': 1.4840099078740452, 'scale': 0.13558433362494315, 'error_term': 11.949179938979666, 'win_prob_k': 2.7574349290734377}",1.0,6.0
2025-10-28,Golden State Warriors,Los Angeles Clippers,98.0,79.0,False,False,2025-10-28|Los Angeles Clippers|Golden State Warriors,,,,2025-10-28|Los Angeles Clippers|Golden State Warriors,0.7884695878261293,"[{""p_home_win"": 0.5769391756522586, ""weight"": 0.25}, {""p_home_win"": 0.7884695878261293, ""weight"": 0.5}, {""p_home_win"": 1.0, ""weight"": 0.25}]",3.6280262239063163,,elo,"{'home_advantage': 1.4840099078740452, 'scale': 0.13558433362494315, 'error_term': 11.949179938979666, 'win_prob_k': 2.7574349290734377}",1.0,19.0
2025-10-29,Toronto Raptors,Houston Rockets,121.0,139.0,False,False,2025-10-29|Houston Rockets|Toronto Raptors,,,,2025-10-29|Houston Rockets|Toronto Raptors,0.5801831785667735,"[{""p_home_win"": 0.16036635713354697, ""weight"": 0.25}, {""p_home_win"": 0.5801831785667735, ""weight"": 0.5}, {""p_home_win"": 1.0, ""weight"": 0.25}]",0.9554260963490453,,elo,"{'home_advantage': 2.0987511779217063, 'scale': 0.12022118516895686, 'error_term': 12.129508846842985, 'win_prob_k': 2.953171807085217}",0.0,-18.0
2025-10-29,Boston Celtics,Cleveland Cavaliers,125.0,105.0,False,False,2025-10-29|Cleveland Cavaliers|Boston Celtics,,,,2025-10-29|Cleveland Cavaliers|Boston Celtics,0.08355689507711345,"[{""p_home_win"": 0.0, ""weight"": 0.25}, {""p_home_win"": 0.08355689507711345, ""weight"": 0.5}, {""p_home_win"": 0.1671137901542269, ""weight"": 0.25}]",-7.072764405532112,,elo,"{'home_advantage': 2.0987511779217063, 'scale': 0.12022118516895686, 'error_term': 12.129508846842985, 'win_prob_k': 2.953171807085217}",1.0,20.0
2025-10-29,Detroit Pistons,Orlando Magic,135.0,116.0,False,False,2025-10-29|Orlando Magic|Detroit Pistons,,,,2025-10-29|Orlando Magic|Detroit Pistons,0.9140372273221202,"[{""p_home_win"": 0.8280744546442405, ""weight"": 0.25}, {""p_home_win"": 0.9140372273221202, ""weight"": 0.5}, {""p_home_win"": 1.0, ""weight"": 0.25}]",6.981171088895405,,elo,"{'home_advantage': 2.0987511779217063, 'scale': 0.12022118516895686, 'error_term': 12.129508846842985, 'win_prob_k': 2.953171807085217}",1.0,19.0
2025-10-29,Brooklyn Nets,Atlanta Hawks,112.0,117.0,False,False,2025-10-29|Atlanta Hawks|Brooklyn Nets,,,,2025-10-29|Atlanta Hawks|Brooklyn Nets,0.3150414978138887,"[{""p_home_win"": 0.0, ""weight"": 0.25}, {""p_home_win"": 0.3150414978138887, ""weight"": 0.5}, {""p_home_win"": 0.6300829956277774, ""weight"": 0.25}]",-2.2935923612872116,,elo,"{'home_advantage': 2.0987511779217063, 'scale': 0.12022118516895686, 'error_term': 12.129508846842985, 'win_prob_k': 2.953171807085217}",0.0,-5.0
2025-10-29,Chicago Bulls,Sacramento Kings,126.0,113.0,False,False,2025-10-29|Sacramento Kings|Chicago Bulls,,,,2025-10-29|Sacramento Kings|Chicago Bulls,0.9852182130600131,"[{""p_home_win"": 0.9704364261200262, ""weight"": 0.25}, {""p_home_win"": 0.9852182130600131, ""weight"": 0.5}, {""p_home_win"": 1.0, ""weight"": 0.25}]",12.40174855903968,,elo,"{'home_advantage': 2.0987511779217063, 'scale': 0.12022118516895686, 'error_term': 12.129508846842985, 'win_prob_k': 2.953171807085217}",1.0,13.0
2025-10-29,Dallas Mavericks,Indiana Pacers,107.0,105.0,False,False,2025-10-29|Indiana Pacers|Dallas Mavericks,,,,2025-10-29|Indiana Pacers|Dallas Mavericks,0.7493549466574208,"[{""p_home_win"": 0.4987098933148415, ""weight"": 0.25}, {""p_home_win"": 0.7493549466574208, ""weight"": 0.5}, {""p_home_win"": 1.0, ""weight"": 0.25}]",3.234239807241651,,elo,"{'home_advantage': 2.0987511779217063, 'scale': 0.12022118516895686, 'error_term': 12.129508846842985, 'win_prob_k': 2.953171807085217}",1.0,2.0
2025-10-29,Utah Jazz,Portland Trail Blazers,134.0,136.0,False,False,2025-10-29|Portland Trail Blazers|Utah Jazz,,,,2025-10-29|Portland Trail Blazers|Utah Jazz,0.7402082245340601,"[{""p_home_win"": 0.4804164490681202, ""weight"": 0.25}, {""p_home_win"": 0.7402082245340601, ""weight"": 0.5}, {""p_home_win"": 1.0, ""weight"": 0.25}]",3.0921217435067585,,elo,"{'home_advantage': 2.0987511779217063, 'scale': 0.12022118516895686, 'error_term': 12.129508846842985, 'win_prob_k': 2.953171807085217}",0.0,-2.0
2025-10-29,Denver Nuggets,New Orleans Pelicans,122.0,88.0,False,False,2025-10-29|New Orleans Pelicans|Denver Nuggets,,,,2025-10-29|New Orleans Pelicans|Denver Nuggets,0.9860914547399658,"[{""p_home_win"": 0.9721829094799317, ""weight"": 0.25}, {""p_home_win"": 0.9860914547399658, ""weight"": 0.5}, {""p_home_win"": 1.0, ""weight"": 0.25}]",12.584190621285645,,elo,"{'home_advantage': 2.0987511779217063, 'scale': 0.12022118516895686, 'error_term': 12.129508846842985, 'win_prob_k': 2.953171807085217}",1.0,34.0
2025-10-29,Minnesota Timberwolves,Los Angeles Lakers,115.0,116.0,False,False,2025-10-29|Los Angeles Lakers|Minnesota Timberwolves,,,,2025-10-29|Los Angeles Lakers|Minnesota Timberwolves,0.663316370727948,"[{""p_home_win"": 0.32663274145589605, ""weight"": 0.25}, {""p_home_win"": 0.663316370727948, ""weight"": 0.5}, {""p_home_win"": 1.0, ""weight"": 0.25}]",2.002570470471327,,elo,"{'home_advantage': 2.0987511779217063, 'scale': 0.12022118516895686, 'error_term': 12.129508846842985, 'win_prob_k': 2.953171807085217}",0.0,-1.0
2025-10-29,Phoenix Suns,Memphis Grizzlies,113.0,114.0,False,False,2025-10-29|Memphis Grizzlies|Phoenix Suns,,,,2025-10-29|Memphis Grizzlies|Phoenix Suns,0.39305299991308335,"[{""p_home_win"": 0.0, ""weight"": 0.25}, {""p_home_win"": 0.39305299991308335, ""weight"": 0.5}, {""p_home_win"": 0.7861059998261667, ""weight"": 0.25}]",-1.2831443205552882,,elo,"{'home_advantage': 2.0987511779217063, 'scale': 0.12022118516895686, 'error_term': 12.129508846842985, 'win_prob_k': 2.953171807085217}",0.0,-1.0
2025-10-30,Charlotte Hornets,Orlando Magic,107.0,123.0,False,False,2025-10-30|Orlando Magic|Charlotte Hornets,,,,2025-10-30|Orlando Magic|Charlotte Hornets,0.9460044135964887,"[{""p_home_win"": 0.8920088271929774, ""weight"": 0.25}, {""p_home_win"": 0.9460044135964887, ""weight"": 0.5}, {""p_home_win"": 1.0, ""weight"": 0.25}]",9.734352625556532,,elo,"{'home_advantage': 2.2145844043903553, 'scale': 0.11724486705642875, 'error_term': 11.878203959735323, 'win_prob_k': 3.399643732005413}",0.0,-16.0
2025-10-30,Milwaukee Bucks,Golden State Warriors,120.0,110.0,False,False,2025-10-30|Golden State Warriors|Milwaukee Bucks,,,,2025-10-30|Golden State Warriors|Milwaukee Bucks,0.5504776003711104,"[{""p_home_win"": 0.10095520074222075, ""weight"": 0.25}, {""p_home_win"": 0.5504776003711104, ""weight"": 0.5}, {""p_home_win"": 1.0, ""weight"": 0.25}]",0.6887697943965359,,elo,"{'home_advantage': 2.2145844043903553, 'scale': 0.11724486705642875, 'error_term': 11.878203959735323, 'win_prob_k': 3.399643732005413}",1.0,10.0
2025-10-30,Oklahoma City Thunder,Washington Wizards,127.0,108.0,False,False,2025-10-30|Washington Wizards|Oklahoma City Thunder,,,,2025-10-30|Washington Wizards|Oklahoma City Thunder,0.9933362676197649,"[{""p_home_win"": 0.9866725352395298, ""weight"": 0.25}, {""p_home_win"": 0.9933362676197649, ""weight"": 0.5}, {""p_home_win"": 1.0, ""weight"": 0.25}]",17.013141395429873,,elo,"{'home_advantage': 2.2145844043903553, 'scale': 0.11724486705642875, 'error_term': 11.878203959735323, 'win_prob_k': 3.399643732005413}",1.0,19.0
2025-10-30,San Antonio Spurs,Miami Heat,107.0,101.0,False,False,2025-10-30|Miami Heat|San Antonio Spurs,,,,2025-10-30|Miami Heat|San Antonio Spurs,0.8246936772733233,"[{""p_home_win"": 0.6493873545466466, ""weight"": 0.25}, {""p_home_win"": 0.8246936772733233, ""weight"": 0.5}, {""p_home_win"": 1.0, ""weight"": 0.25}]",5.264270663662712,,elo,"{'home_advantage': 2.2145844043903553, 'scale': 0.11724486705642875, 'error_term': 11.878203959735323, 'win_prob_k': 3.399643732005413}",1.0,6.0
2025-10-31,Indiana Pacers,Atlanta Hawks,108.0,128.0,False,False,2025-10-31|Atlanta Hawks|Indiana Pacers,,,,2025-10-31|Atlanta Hawks|Indiana Pacers,0.19969687490531485,"[{""p_home_win"": 0.0, ""weight"": 0.25}, {""p_home_win"": 0.19969687490531485, ""weight"": 0.5}, {""p_home_win"": 0.3993937498106297, ""weight"": 0.25}]",-4.4705347207295585,,elo,"{'home_advantage': 1.9280479825826058, 'scale': 0.11050480931572085, 'error_term': 12.018944199076838, 'win_prob_k': 3.220405574445057}",0.0,-20.0
2025-10-31,Philadelphia 76ers,Boston Celtics,108.0,109.0,False,False,2025-10-31|Boston Celtics|Philadelphia 76ers,,,,2025-10-31|Boston Celtics|Philadelphia 76ers,0.9650086169704932,"[{""p_home_win"": 0.9300172339409865, ""weight"": 0.25}, {""p_home_win"": 0.9650086169704932, ""weight"": 0.5}, {""p_home_win"": 1.0, ""weight"": 0.25}]",10.682198644787196,,elo,"{'home_advantage': 1.9280479825826058, 'scale': 0.11050480931572085, 'error_term': 12.018944199076838, 'win_prob_k': 3.220405574445057}",0.0,-1.0
2025-10-31,Cleveland Cavaliers,Toronto Raptors,101.0,112.0,False,False,2025-10-31|Toronto Raptors|Cleveland Cavaliers,,,,2025-10-31|Toronto Raptors|Cleveland Cavaliers,0.967375725638054,"[{""p_home_win"": 0.9347514512761079, ""weight"": 0.25}, {""p_home_win"": 0.967375725638054, ""weight"": 0.5}, {""p_home_win"": 1.0, ""weight"": 0.25}]",10.915662414840956,,elo,"{'home_advantage': 1.9280479825826058, 'scale': 0.11050480931572085, 'error_term': 12.018944199076838, 'win_prob_k': 3.220405574445057}",0.0,-11.0
2025-10-31,Chicago Bulls,New York Knicks,135.0,125.0,False,False,2025-10-31|New York Knicks|Chicago Bulls,,,,2025-10-31|New York Knicks|Chicago Bulls,0.9499461381065193,"[{""p_home_win"": 0.8998922762130386, ""weight"": 0.25}, {""p_home_win"": 0.9499461381065193, ""weight"": 0.5}, {""p_home_win"": 1.0, ""weight"": 0.25}]",9.478637834844298,,elo,"{'home_advantage': 1.9280479825826058, 'scale': 0.11050480931572085, 'error_term': 12.018944199076838, 'win_prob_k': 3.220405574445057}",1.0,10.0
2025-10-31,Memphis Grizzlies,Los Angeles Lakers,112.0,117.0,False,False,2025-10-31|Los Angeles Lakers|Memphis Grizzlies,,,,2025-10-31|Los Angeles Lakers|Memphis Grizzlies,0.6095626460525255,"[{""p_home_win"": 0.21912529210505105, ""weight"": 0.25}, {""p_home_win"": 0.6095626460525255, ""weight"": 0.5}, {""p_home_win"": 1.0, ""weight"": 0.25}]",1.4346075813476935,,elo,"{'home_advantage': 1.9280479825826058, 'scale': 0.11050480931572085, 'error_term': 12.018944199076838, 'win_prob_k': 3.220405574445057}",0.0,-5.0
2025-10-31,Phoenix Suns,Utah Jazz,118.0,96.0,False,False,2025-10-31|Utah Jazz|Phoenix Suns,,,,2025-10-31|Utah Jazz|Phoenix Suns,0.25860310531687847,"[{""p_home_win"": 0.0, ""weight"": 0.25}, {""p_home_win"": 0.25860310531687847, ""weight"": 0.5}, {""p_home_win"": 0.5172062106337569, ""weight"": 0.25}]",-3.3918652094247275,,elo,"{'home_advantage': 1.9280479825826058, 'scale': 0.11050480931572085, 'error_term': 12.018944199076838, 'win_prob_k': 3.220405574445057}",1.0,22.0
2025-10-31,Portland Trail Blazers,Denver Nuggets,109.0,107.0,False,False,2025-10-31|Denver Nuggets|Portland Trail Blazers,,,,2025-10-31|Denver Nuggets|Portland Trail Blazers,0.5714950675224079,"[{""p_home_win"": 0.14299013504481572, ""weight"": 0.25}, {""p_home_win"": 0.5714950675224079, ""weight"": 0.5}, {""p_home_win"": 1.0, ""weight"": 0.25}]",0.9273273896875065,,elo,"{'home_advantage': 1.9280479825826058, 'scale': 0.11050480931572085, 'error_term': 12.018944199076838, 'win_prob_k': 3.220405574445057}",1.0,2.0
2025-10-31,Los Angeles Clippers,New Orleans Pelicans,126.0,124.0,False,False,2025-10-31|New Orleans Pelicans|Los Angeles Clippers,,,,2025-10-31|New Orleans Pelicans|Los Angeles Clippers,0.9617162861234185,"[{""p_home_win"": 0.9234325722468371, ""weight"": 0.25}, {""p_home_win"": 0.9617162861234185, ""weight"": 0.5}, {""p_home_win"": 1.0, ""weight"": 0.25}]",10.381605044626898,,elo,"{'home_advantage': 1.9280479825826058, 'scale': 0.11050480931572085, 'error_term': 12.018944199076838, 'win_prob_k': 3.220405574445057}",1.0,2.0
2025-11-01,Milwaukee Bucks,Sacramento Kings,133.0,135.0,False,False,2025-11-01|Sacramento Kings|Milwaukee Bucks,,,,2025-11-01|Sacramento Kings|Milwaukee Bucks,0.9687682985666887,"[{""p_home_win"": 0.9375365971333773, ""weight"": 0.25}, {""p_home_win"": 0.9687682985666887, ""weight"": 0.5}, {""p_home_win"": 1.0, ""weight"": 0.25}]",12.568689916765138,,elo,"{'home_advantage': 1.5767369878234028, 'scale': 0.10833349667376808, 'error_term': 11.992131695568567, 'win_prob_k': 3.6594421054673796}",0.0,-2.0
2025-11-01,Charlotte Hornets,Minnesota Timberwolves,105.0,122.0,False,False,2025-11-01|Minnesota Timberwolves|Charlotte Hornets,,,,2025-11-01|Minnesota Timberwolves|Charlotte Hornets,0.6658022734041938,"[{""p_home_win"": 0.3316045468083877, ""weight"": 0.25}, {""p_home_win"": 0.6658022734041938, ""weight"": 0.5}, {""p_home_win"": 1.0, ""weight"": 0.25}]",2.5223067950651314,,elo,"{'home_advantage': 1.5767369878234028, 'scale': 0.10833349667376808, 'error_term': 11.992131695568567, 'win_prob_k': 3.6594421054673796}",0.0,-17.0
2025-11-01,Indiana Pacers,Golden State Warriors,114.0,109.0,False,False,2025-11-01|Golden State Warriors|Indiana Pacers,,,,2025-11-01|Golden State Warriors|Indiana Pacers,0.03955898609052522,"[{""p_home_win"": 0.0, ""weight"": 0.25}, {""p_home_win"": 0.03955898609052522, ""weight"": 0.5}, {""p_home_win"": 0.07911797218105043, ""weight"": 0.25}]",-11.672155411396304,,elo,"{'home_advantage': 1.5767369878234028, 'scale': 0.10833349667376808, 'error_term': 11.992131695568567, 'win_prob_k': 3.6594421054673796}",1.0,5.0
2025-11-01,Washington Wizards,Orlando Magic,94.0,125.0,False,False,2025-11-01|Orlando Magic|Washington Wizards,,,,2025-11-01|Orlando Magic|Washington Wizards,0.49020113344122174,"[{""p_home_win"": 0.0, ""weight"": 0.25}, {""p_home_win"": 0.49020113344122174, ""weight"": 0.5}, {""p_home_win"": 0.9804022668824435, ""weight"": 0.25}]",-0.14345190661145502,,elo,"{'home_advantage': 1.5767369878234028, 'scale': 0.10833349667376808, 'error_term': 11.992131695568567, 'win_prob_k': 3.6594421054673796}",0.0,-31.0
2025-11-01,Boston Celtics,Houston Rockets,101.0,128.0,False,False,2025-11-01|Houston Rockets|Boston Celtics,,,,2025-11-01|Houston Rockets|Boston Celtics,0.7414184300962683,"[{""p_home_win"": 0.4828368601925366, ""weight"": 0.25}, {""p_home_win"": 0.7414184300962683, ""weight"": 0.5}, {""p_home_win"": 1.0, ""weight"": 0.25}]",3.854687810700968,,elo,"{'home_advantage': 1.5767369878234028, 'scale': 0.10833349667376808, 'error_term': 11.992131695568567, 'win_prob_k': 3.6594421054673796}",0.0,-27.0
2025-11-01,Detroit Pistons,Dallas Mavericks,122.0,110.0,False,False,2025-11-01|Dallas Mavericks|Detroit Pistons,,,,2025-11-01|Dallas Mavericks|Detroit Pistons,0.8332050545364759,"[{""p_home_win"": 0.6664101090729517, ""weight"": 0.25}, {""p_home_win"": 0.8332050545364759, ""weight"": 0.5}, {""p_home_win"": 1.0, ""weight"": 0.25}]",5.886266015320248,,elo,"{'home_advantage': 1.5767369878234028, 'scale': 0.10833349667376808, 'error_term': 11.992131695568567, 'win_prob_k': 3.6594421054673796}",1.0,12.0
2025-11-02,Oklahoma City Thunder,New Orleans Pelicans,137.0,106.0,False,False,2025-11-02|New Orleans Pelicans|Oklahoma City Thunder,,,,2025-11-02|New Orleans Pelicans|Oklahoma City Thunder,0.9965642739700311,"[{""p_home_win"": 0.9931285479400622, ""weight"": 0.25}, {""p_home_win"": 0.9965642739700311, ""weight"": 0.5}, {""p_home_win"": 1.0, ""weight"": 0.25}]",23.00196306264821,,elo,"{'home_advantage': 0.8488303852054101, 'scale': 0.11832129527271519, 'error_term': 12.41160797781037, 'win_prob_k': 4.056722528059895}",1.0,31.0
2025-11-02,Brooklyn Nets,Philadelphia 76ers,105.0,129.0,False,False,2025-11-02|Philadelphia 76ers|Brooklyn Nets,,,,2025-11-02|Philadelphia 76ers|Brooklyn Nets,0.02370418544550859,"[{""p_home_win"": 0.0, ""weight"": 0.25}, {""p_home_win"": 0.02370418544550859, ""weight"": 0.5}, {""p_home_win"": 0.04740837089101718, ""weight"": 0.25}]",-15.08335680763685,,elo,"{'home_advantage': 0.8488303852054101, 'scale': 0.11832129527271519, 'error_term': 12.41160797781037, 'win_prob_k': 4.056722528059895}",0.0,-24.0
2025-11-02,Charlotte Hornets,Utah Jazz,126.0,103.0,False,False,2025-11-02|Utah Jazz|Charlotte Hornets,,,,2025-11-02|Utah Jazz|Charlotte Hornets,0.4490493356770602,"[{""p_home_win"": 0.0, ""weight"": 0.25}, {""p_home_win"": 0.4490493356770602, ""weight"": 0.5}, {""p_home_win"": 0.8980986713541204, ""weight"": 0.25}]",-0.8296504903226548,,elo,"{'home_advantage': 0.8488303852054101, 'scale': 0.11832129527271519, 'error_term': 12.41160797781037, 'win_prob_k': 4.056722528059895}",1.0,23.0
2025-11-02,Cleveland Cavaliers,Atlanta Hawks,117.0,109.0,False,False,2025-11-02|Atlanta Hawks|Cleveland Cavaliers,,,,2025-11-02|Atlanta Hawks|Cleveland Cavaliers,0.48642638202071226,"[{""p_home_win"": 0.0, ""weight"": 0.25}, {""p_home_win"": 0.48642638202071226, ""weight"": 0.5}, {""p_home_win"": 0.9728527640414245, ""weight"": 0.25}]",-0.2203117392409778,,elo,"{'home_advantage': 0.8488303852054101, 'scale': 0.11832129527271519, 'error_term': 12.41160797781037, 'win_prob_k': 4.056722528059895}",1.0,8.0
2025-11-02,Toronto Raptors,Memphis Grizzlies,117.0,104.0,False,False,2025-11-02|Memphis Grizzlies|Toronto Raptors,,,,2025-11-02|Memphis Grizzlies|Toronto Raptors,0.4150472240391041,"[{""p_home_win"": 0.0, ""weight"": 0.25}, {""p_home_win"": 0.4150472240391041, ""weight"": 0.5}, {""p_home_win"": 0.8300944480782082, ""weight"": 0.25}]",-1.39201895091304,,elo,"{'home_advantage': 0.8488303852054101, 'scale': 0.11832129527271519, 'error_term': 12.41160797781037, 'win_prob_k': 4.056722528059895}",1.0,13.0
2025-11-02,New York Knicks,Chicago Bulls,128.0,116.0,False,False,2025-11-02|Chicago Bulls|New York Knicks,,,,2025-11-02|Chicago Bulls|New York Knicks,0.07124770900410524,"[{""p_home_win"": 0.0, ""weight"": 0.25}, {""p_home_win"": 0.07124770900410524, ""weight"": 0.5}, {""p_home_win"": 0.14249541800821047, ""weight"": 0.25}]",-10.416362860638746,,elo,"{'home_advantage': 0.8488303852054101, 'scale': 0.11832129527271519, 'error_term': 12.41160797781037, 'win_prob_k': 4.056722528059895}",1.0,12.0
2025-11-02,Phoenix Suns,San Antonio Spurs,130.0,118.0,False,False,2025-11-02|San Antonio Spurs|Phoenix Suns,,,,2025-11-02|San Antonio Spurs|Phoenix Suns,0.033704225296434395,"[{""p_home_win"": 0.0, ""weight"": 0.25}, {""p_home_win"": 0.033704225296434395, ""weight"": 0.5}, {""p_home_win"": 0.06740845059286879, ""weight"": 0.25}]",-13.613739164688937,,elo,"{'home_advantage': 0.8488303852054101, 'scale': 0.11832129527271519, 'error_term': 12.41160797781037, 'win_prob_k': 4.056722528059895}",1.0,12.0
2025-11-02,Los Angeles Lakers,Miami Heat,130.0,120.0,False,False,2025-11-02|Miami Heat|Los Angeles Lakers,,,,2025-11-02|Miami Heat|Los Angeles Lakers,0.6429292415763247,"[{""p_home_win"": 0.2858584831526494, ""weight"": 0.25}, {""p_home_win"": 0.6429292415763247, ""weight"": 0.5}, {""p_home_win"": 1.0, ""weight"": 0.25}]",2.3857613948467797,,elo,"{'home_advantage': 0.8488303852054101, 'scale': 0.11832129527271519, 'error_term': 12.41160797781037, 'win_prob_k': 4.056722528059895}",1.0,10.0
2025-11-03,Brooklyn Nets,Minnesota Timberwolves,109.0,125.0,False,False,2025-11-03|Minnesota Timberwolves|Brooklyn Nets,,,,2025-11-03|Minnesota Timberwolves|Brooklyn Nets,0.1062179299141361,"[{""p_home_win"": 0.0, ""weight"": 0.25}, {""p_home_win"": 0.1062179299141361, ""weight"": 0.5}, {""p_home_win"": 0.2124358598282722, ""weight"": 0.25}]",-9.558972860295158,,elo,"{'home_advantage': 1.8530759195818785, 'scale': 0.11428705360063104, 'error_term': 12.609637786718572, 'win_prob_k': 4.487845896645693}",0.0,-16.0
2025-11-03,Indiana Pacers,Milwaukee Bucks,115.0,117.0,False,False,2025-11-03|Milwaukee Bucks|Indiana Pacers,,,,2025-11-03|Milwaukee Bucks|Indiana Pacers,0.12470428862739286,"[{""p_home_win"": 0.0, ""weight"": 0.25}, {""p_home_win"": 0.12470428862739286, ""weight"": 0.5}, {""p_home_win"": 0.2494085772547857, ""weight"": 0.25}]",-8.745090749746513,,elo,"{'home_advantage': 1.8530759195818785, 'scale': 0.11428705360063104, 'error_term': 12.609637786718572, 'win_prob_k': 4.487845896645693}",0.0,-2.0
2025-11-03,Boston Celtics,Utah Jazz,103.0,105.0,False,False,2025-11-03|Utah Jazz|Boston Celtics,,,,2025-11-03|Utah Jazz|Boston Celtics,0.8177062139493406,"[{""p_home_win"": 0.6354124278986812, ""weight"": 0.25}, {""p_home_win"": 0.8177062139493406, ""weight"": 0.5}, {""p_home_win"": 1.0, ""weight"": 0.25}]",6.735733972290248,,elo,"{'home_advantage': 1.8530759195818785, 'scale': 0.11428705360063104, 'error_term': 12.609637786718572, 'win_prob_k': 4.487845896645693}",0.0,-2.0
2025-11-03,New York Knicks,Washington Wizards,119.0,102.0,False,False,2025-11-03|Washington Wizards|New York Knicks,,,,2025-11-03|Washington Wizards|New York Knicks,0.9110274541250892,"[{""p_home_win"": 0.8220549082501785, ""weight"": 0.25}, {""p_home_win"": 0.9110274541250892, ""weight"": 0.5}, {""p_home_win"": 1.0, ""weight"": 0.25}]",10.439829904631628,,elo,"{'home_advantage': 1.8530759195818785, 'scale': 0.11428705360063104, 'error_term': 12.609637786718572, 'win_prob_k': 4.487845896645693}",1.0,17.0
2025-11-03,Houston Rockets,Dallas Mavericks,110.0,102.0,False,False,2025-11-03|Dallas Mavericks|Houston Rockets,,,,2025-11-03|Dallas Mavericks|Houston Rockets,0.8871618884105583,"[{""p_home_win"": 0.7743237768211166, ""weight"": 0.25}, {""p_home_win"": 0.8871618884105583, ""weight"": 0.5}, {""p_home_win"": 1.0, ""weight"": 0.25}]",9.254267320312163,,elo,"{'home_advantage': 1.8530759195818785, 'scale': 0.11428705360063104, 'error_term': 12.609637786718572, 'win_prob_k': 4.487845896645693}",1.0,8.0
2025-11-03,Memphis Grizzlies,Detroit Pistons,106.0,114.0,False,False,2025-11-03|Detroit Pistons|Memphis Grizzlies,,,,2025-11-03|Detroit Pistons|Memphis Grizzlies,0.2706078019680134,"[{""p_home_win"": 0.0, ""weight"": 0.25}, {""p_home_win"": 0.2706078019680134, ""weight"": 0.5}, {""p_home_win"": 0.5412156039360267, ""weight"": 0.25}]",-4.44988336290583,,elo,"{'home_advantage': 1.8530759195818785, 'scale': 0.11428705360063104, 'error_term': 12.609637786718572, 'win_prob_k': 4.487845896645693}",0.0,-8.0
2025-11-03,Denver Nuggets,Sacramento Kings,130.0,124.0,False,False,2025-11-03|Sacramento Kings|Denver Nuggets,,,,2025-11-03|Sacramento Kings|Denver Nuggets,0.7995302241901024,"[{""p_home_win"": 0.5990604483802049, ""weight"": 0.25}, {""p_home_win"": 0.7995302241901024, ""weight"": 0.5}, {""p_home_win"": 1.0, ""weight"": 0.25}]",6.208310287914527,,elo,"{'home_advantage': 1.8530759195818785, 'scale': 0.11428705360063104, 'error_term': 12.609637786718572, 'win_prob_k': 4.487845896645693}",1.0,6.0
2025-11-03,Portland Trail Blazers,Los Angeles Lakers,115.0,123.0,False,False,2025-11-03|Los Angeles Lakers|Portland Trail Blazers,,,,2025-11-03|Los Angeles Lakers|Portland Trail Blazers,0.5397878352766416,"[{""p_home_win"": 0.0795756705532833, ""weight"": 0.25}, {""p_home_win"": 0.5397878352766416, ""weight"": 0.5}, {""p_home_win"": 1.0, ""weight"": 0.25}]",0.7157600522185976,,elo,"{'home_advantage': 1.8530759195818785, 'scale': 0.11428705360063104, 'error_term': 12.609637786718572, 'win_prob_k': 4.487845896645693}",0.0,-8.0
2025-11-03,Los Angeles Clippers,Miami Heat,119.0,120.0,False,False,2025-11-03|Miami Heat|Los Angeles Clippers,,,,2025-11-03|Miami Heat|Los Angeles Clippers,0.6294740796072791,"[{""p_home_win"": 0.25894815921455816, ""weight"": 0.25}, {""p_home_win"": 0.6294740796072791, ""weight"": 0.5}, {""p_home_win"": 1.0, ""weight"": 0.25}]",2.3783845271673774,,elo,"{'home_advantage': 1.8530759195818785, 'scale': 0.11428705360063104, 'error_term': 12.609637786718572, 'win_prob_k': 4.487845896645693}",0.0,-1.0
2025-11-04,Toronto Raptors,Milwaukee Bucks,128.0,100.0,False,False,2025-11-04|Milwaukee Bucks|Toronto Raptors,,,,2025-11-04|Milwaukee Bucks|Toronto Raptors,0.3009385003758447,"[{""p_home_win"": 0.0, ""weight"": 0.25}, {""p_home_win"": 0.3009385003758447, ""weight"": 0.5}, {""p_home_win"": 0.6018770007516894, ""weight"": 0.25}]",-3.828491998770172,,elo,"{'home_advantage': 1.8900532462758155, 'scale': 0.10377138436306796, 'error_term': 12.000668739707482, 'win_prob_k': 4.542409863348297}",1.0,28.0
2025-11-04,Atlanta Hawks,Orlando Magic,127.0,112.0,False,False,2025-11-04|Orlando Magic|Atlanta Hawks,,,,2025-11-04|Orlando Magic|Atlanta Hawks,0.5995715407916195,"[{""p_home_win"": 0.1991430815832389, ""weight"": 0.25}, {""p_home_win"": 0.5995715407916195, ""weight"": 0.5}, {""p_home_win"": 1.0, ""weight"": 0.25}]",1.8336808293913658,,elo,"{'home_advantage': 1.8900532462758155, 'scale': 0.10377138436306796, 'error_term': 12.000668739707482, 'win_prob_k': 4.542409863348297}",1.0,15.0
2025-11-04,Chicago Bulls,Philadelphia 76ers,113.0,111.0,False,False,2025-11-04|Philadelphia 76ers|Chicago Bulls,,,,2025-11-04|Philadelphia 76ers|Chicago Bulls,0.5805774647249669,"[{""p_home_win"": 0.1611549294499337, ""weight"": 0.25}, {""p_home_win"": 0.5805774647249669, ""weight"": 0.5}, {""p_home_win"": 1.0, ""weight"": 0.25}]",1.47693907445334,,elo,"{'home_advantage': 1.8900532462758155, 'scale': 0.10377138436306796, 'error_term': 12.000668739707482, 'win_prob_k': 4.542409863348297}",1.0,2.0
2025-11-04,New Orleans Pelicans,Charlotte Hornets,116.0,112.0,False,False,2025-11-04|Charlotte Hornets|New Orleans Pelicans,,,,2025-11-04|Charlotte Hornets|New Orleans Pelicans,0.23541224812239736,"[{""p_home_win"": 0.0, ""weight"": 0.25}, {""p_home_win"": 0.23541224812239736, ""weight"": 0.5}, {""p_home_win"": 0.4708244962447947, ""weight"": 0.25}]",-5.350952357726773,,elo,"{'home_advantage': 1.8900532462758155, 'scale': 0.10377138436306796, 'error_term': 12.000668739707482, 'win_prob_k': 4.542409863348297}",1.0,4.0
2025-11-04,Golden State Warriors,Phoenix Suns,118.0,107.0,False,False,2025-11-04|Phoenix Suns|Golden State Warriors,,,,2025-11-04|Phoenix Suns|Golden State Warriors,0.7158823326258229,"[{""p_home_win"": 0.4317646652516458, ""weight"": 0.25}, {""p_home_win"": 0.7158823326258229, ""weight"": 0.5}, {""p_home_win"": 1.0, ""weight"": 0.25}]",4.197765141723763,,elo,"{'home_advantage': 1.8900532462758155, 'scale': 0.10377138436306796, 'error_term': 12.000668739707482, 'win_prob_k': 4.542409863348297}",1.0,11.0
2025-11-04,Los Angeles Clippers,Oklahoma City Thunder,107.0,126.0,False,False,2025-11-04|Oklahoma City Thunder|Los Angeles Clippers,,,,2025-11-04|Oklahoma City Thunder|Los Angeles Clippers,0.09687991255914019,"[{""p_home_win"": 0.0, ""weight"": 0.25}, {""p_home_win"": 0.09687991255914019, ""weight"": 0.5}, {""p_home_win"": 0.19375982511828038, ""weight"": 0.25}]",-10.140400080125636,,elo,"{'home_advantage': 1.8900532462758155, 'scale': 0.10377138436306796, 'error_term': 12.000668739707482, 'win_prob_k': 4.542409863348297}",0.0,-19.0
2025-11-05,Cleveland Cavaliers,Philadelphia 76ers,132.0,121.0,False,False,2025-11-05|Philadelphia 76ers|Cleveland Cavaliers,,,,2025-11-05|Philadelphia 76ers|Cleveland Cavaliers,0.48232870357814805,"[{""p_home_win"": 0.0, ""weight"": 0.25}, {""p_home_win"": 0.48232870357814805, ""weight"": 0.5}, {""p_home_win"": 0.9646574071562961, ""weight"": 0.25}]",-0.30988714371008097,,elo,"{'home_advantage': 2.3737256407690173, 'scale': 0.10219423726480273, 'error_term': 12.155753513570918, 'win_prob_k': 4.382220561939329}",1.0,11.0
2025-11-05,Detroit Pistons,Utah Jazz,114.0,103.0,False,False,2025-11-05|Utah Jazz|Detroit Pistons,,,,2025-11-05|Utah Jazz|Detroit Pistons,0.8960845761222415,"[{""p_home_win"": 0.7921691522444829, ""weight"": 0.25}, {""p_home_win"": 0.8960845761222415, ""weight"": 0.5}, {""p_home_win"": 1.0, ""weight"": 0.25}]",9.441307803689492,,elo,"{'home_advantage': 2.3737256407690173, 'scale': 0.10219423726480273, 'error_term': 12.155753513570918, 'win_prob_k': 4.382220561939329}",1.0,11.0
2025-11-05,Indiana Pacers,Brooklyn Nets,103.0,112.0,False,False,2025-11-05|Brooklyn Nets|Indiana Pacers,,,,2025-11-05|Brooklyn Nets|Indiana Pacers,0.8121691892722294,"[{""p_home_win"": 0.6243383785444587, ""weight"": 0.25}, {""p_home_win"": 0.8121691892722294, ""weight"": 0.5}, {""p_home_win"": 1.0, ""weight"": 0.25}]",6.416303018047994,,elo,"{'home_advantage': 2.3737256407690173, 'scale': 0.10219423726480273, 'error_term': 12.155753513570918, 'win_prob_k': 4.382220561939329}",0.0,-9.0
2025-11-05,Boston Celtics,Washington Wizards,136.0,107.0,False,False,2025-11-05|Washington Wizards|Boston Celtics,,,,2025-11-05|Washington Wizards|Boston Celtics,0.8547669561962896,"[{""p_home_win"": 0.7095339123925792, ""weight"": 0.25}, {""p_home_win"": 0.8547669561962896, ""weight"": 0.5}, {""p_home_win"": 1.0, ""weight"": 0.25}]",7.767438683904201,,elo,"{'home_advantage': 2.3737256407690173, 'scale': 0.10219423726480273, 'error_term': 12.155753513570918, 'win_prob_k': 4.382220561939329}",1.0,29.0
2025-11-05,New York Knicks,Minnesota Timberwolves,137.0,114.0,False,False,2025-11-05|Minnesota Timberwolves|New York Knicks,,,,2025-11-05|Minnesota Timberwolves|New York Knicks,0.670150121948859,"[{""p_home_win"": 0.34030024389771807, ""weight"": 0.25}, {""p_home_win"": 0.670150121948859, ""weight"": 0.5}, {""p_home_win"": 1.0, ""weight"": 0.25}]",3.1063988957209143,,elo,"{'home_advantage': 2.3737256407690173, 'scale': 0.10219423726480273, 'error_term': 12.155753513570918, 'win_prob_k': 4.382220561939329}",1.0,23.0
2025-11-05,Memphis Grizzlies,Houston Rockets,109.0,124.0,False,False,2025-11-05|Houston Rockets|Memphis Grizzlies,,,,2025-11-05|Houston Rockets|Memphis Grizzlies,0.19667802884864316,"[{""p_home_win"": 0.0, ""weight"": 0.25}, {""p_home_win"": 0.19667802884864316, ""weight"": 0.5}, {""p_home_win"": 0.3933560576972863, ""weight"": 0.25}]",-6.166606319325531,,elo,"{'home_advantage': 2.3737256407690173, 'scale': 0.10219423726480273, 'error_term': 12.155753513570918, 'win_prob_k': 4.382220561939329}",0.0,-15.0
2025-11-05,Dallas Mavericks,New Orleans Pelicans,99.0,101.0,False,False,2025-11-05|New Orleans Pelicans|Dallas Mavericks,,,,2025-11-05|New Orleans Pelicans|Dallas Mavericks,0.7248657413762313,"[{""p_home_win"": 0.44973148275246255, ""weight"": 0.25}, {""p_home_win"": 0.7248657413762313, ""weight"": 0.5}, {""p_home_win"": 1.0, ""weight"": 0.25}]",4.245176525092006,,elo,"{'home_advantage': 2.3737256407690173, 'scale': 0.10219423726480273, 'error_term': 12.155753513570918, 'win_prob_k': 4.382220561939329}",0.0,-2.0
2025-11-05,Denver Nuggets,Miami Heat,122.0,112.0,False,False,2025-11-05|Miami Heat|Denver Nuggets,,,,2025-11-05|Miami Heat|Denver Nuggets,0.6404552871691307,"[{""p_home_win"": 0.2809105743382614, ""weight"": 0.25}, {""p_home_win"": 0.6404552871691307, ""weight"": 0.5}, {""p_home_win"": 1.0, ""weight"": 0.25}]",2.530034572338689,,elo,"{'home_advantage': 2.3737256407690173, 'scale': 0.10219423726480273, 'error_term': 12.155753513570918, 'win_prob_k': 4.382220561939329}",1.0,10.0
2025-11-05,Los Angeles Lakers,San Antonio Spurs,118.0,116.0,False,False,2025-11-05|San Antonio Spurs|Los Angeles Lakers,,,,2025-11-05|San Antonio Spurs|Los Angeles Lakers,0.7252711401332893,"[{""p_home_win"": 0.4505422802665786, ""weight"": 0.25}, {""p_home_win"": 0.7252711401332893, ""weight"": 0.5}, {""p_home_win"": 1.0, ""weight"": 0.25}]",4.254088482610864,,elo,"{'home_advantage': 2.3737256407690173, 'scale': 0.10219423726480273, 'error_term': 12.155753513570918, 'win_prob_k': 4.382220561939329}",1.0,2.0
2025-11-05,Portland Trail Blazers,Oklahoma City Thunder,121.0,119.0,False,False,2025-11-05|Oklahoma City Thunder|Portland Trail Blazers,,,,2025-11-05|Oklahoma City Thunder|Portland Trail Blazers,0.1427682580985183,"[{""p_home_win"": 0.0, ""weight"": 0.25}, {""p_home_win"": 0.1427682580985183, ""weight"": 0.5}, {""p_home_win"": 0.2855365161970366, ""weight"": 0.25}]",-7.855067032829391,,elo,"{'home_advantage': 2.3737256407690173, 'scale': 0.10219423726480273, 'error_term': 12.155753513570918, 'win_prob_k': 4.382220561939329}",1.0,2.0
2025-11-05,Sacramento Kings,Golden State Warriors,121.0,116.0,False,False,2025-11-05|Golden State Warriors|Sacramento Kings,,,,2025-11-05|Golden State Warriors|Sacramento Kings,0.3109551774348547,"[{""p_home_win"": 0.0, ""weight"": 0.25}, {""p_home_win"": 0.3109551774348547, ""weight"": 0.5}, {""p_home_win"": 0.6219103548697094, ""weight"": 0.25}]",-3.486746856723156,,elo,"{'home_advantage': 2.3737256407690173, 'scale': 0.10219423726480273, 'error_term': 12.155753513570918, 'win_prob_k': 4.382220561939329}",1.0,5.0
2025-11-06,Phoenix Suns,Los Angeles Clippers,115.0,102.0,False,False,2025-11-06|Los Angeles Clippers|Phoenix Suns,,,,2025-11-06|Los Angeles Clippers|Phoenix Suns,0.6102214618625446,"[{""p_home_win"": 0.2204429237250891, ""weight"": 0.25}, {""p_home_win"": 0.6102214618625446, ""weight"": 0.5}, {""p_home_win"": 1.0, ""weight"": 0.25}]",2.0999181088805443,,elo,"{'home_advantage': 2.6819560187952174, 'scale': 0.10675598918751834, 'error_term': 11.935086297856998, 'win_prob_k': 4.684773870694775}",1.0,13.0
2025-11-07,Orlando Magic,Boston Celtics,123.0,110.0,False,False,2025-11-07|Boston Celtics|Orlando Magic,,,,2025-11-07|Boston Celtics|Orlando Magic,0.5831717751416267,"[{""p_home_win"": 0.16634355028325332, ""weight"": 0.25}, {""p_home_win"": 0.5831717751416267, ""weight"": 0.5}, {""p_home_win"": 1.0, ""weight"": 0.25}]",1.58621414229626,,elo,"{'home_advantage': 2.7870869565925953, 'scale': 0.10613880941061397, 'error_term': 11.925012916783361, 'win_prob_k': 4.723580561109934}",1.0,13.0
2025-11-07,Washington Wizards,Cleveland Cavaliers,115.0,148.0,False,False,2025-11-07|Cleveland Cavaliers|Washington Wizards,,,,2025-11-07|Cleveland Cavaliers|Washington Wizards,0.08589996908770771,"[{""p_home_win"": 0.0, ""weight"": 0.25}, {""p_home_win"": 0.08589996908770771, ""weight"": 0.5}, {""p_home_win"": 0.17179993817541542, ""weight"": 0.25}]",-11.170118021033723,,elo,"{'home_advantage': 2.7870869565925953, 'scale': 0.10613880941061397, 'error_term': 11.925012916783361, 'win_prob_k': 4.723580561109934}",0.0,-33.0
2025-11-07,Atlanta Hawks,Toronto Raptors,97.0,109.0,False,False,2025-11-07|Toronto Raptors|Atlanta Hawks,,,,2025-11-07|Toronto Raptors|Atlanta Hawks,0.6274360359381158,"[{""p_home_win"": 0.2548720718762316, ""weight"": 0.25}, {""p_home_win"": 0.6274360359381158, ""weight"": 0.5}, {""p_home_win"": 1.0, ""weight"": 0.25}]",2.462086030566735,,elo,"{'home_advantage': 2.7870869565925953, 'scale': 0.10613880941061397, 'error_term': 11.925012916783361, 'win_prob_k': 4.723580561109934}",0.0,-12.0
2025-11-07,Brooklyn Nets,Detroit Pistons,107.0,125.0,False,False,2025-11-07|Detroit Pistons|Brooklyn Nets,,,,2025-11-07|Detroit Pistons|Brooklyn Nets,0.049254754370586226,"[{""p_home_win"": 0.0, ""weight"": 0.25}, {""p_home_win"": 0.049254754370586226, ""weight"": 0.5}, {""p_home_win"": 0.09850950874117245, ""weight"": 0.25}]",-13.982933290444194,,elo,"{'home_advantage': 2.7870869565925953, 'scale': 0.10613880941061397, 'error_term': 11.925012916783361, 'win_prob_k': 4.723580561109934}",0.0,-18.0
2025-11-07,San Antonio Spurs,Houston Rockets,121.0,110.0,False,False,2025-11-07|Houston Rockets|San Antonio Spurs,,,,2025-11-07|Houston Rockets|San Antonio Spurs,0.5911514490873963,"[{""p_home_win"": 0.1823028981747925, ""weight"": 0.25}, {""p_home_win"": 0.5911514490873963, ""weight"": 0.5}, {""p_home_win"": 1.0, ""weight"": 0.25}]",1.7417138024499508,,elo,"{'home_advantage': 2.7870869565925953, 'scale': 0.10613880941061397, 'error_term': 11.925012916783361, 'win_prob_k': 4.723580561109934}",1.0,11.0
2025-11-07,Memphis Grizzlies,Dallas Mavericks,118.0,104.0,False,False,2025-11-07|Dallas Mavericks|Memphis Grizzlies,,,,2025-11-07|Dallas Mavericks|Memphis Grizzlies,0.7130352110677588,"[{""p_home_win"": 0.4260704221355176, ""weight"": 0.25}, {""p_home_win"": 0.7130352110677588, ""weight"": 0.5}, {""p_home_win"": 1.0, ""weight"": 0.25}]",4.299267374916485,,elo,"{'home_advantage': 2.7870869565925953, 'scale': 0.10613880941061397, 'error_term': 11.925012916783361, 'win_prob_k': 4.723580561109934}",1.0,14.0
2025-11-07,Miami Heat,Charlotte Hornets,126.0,108.0,False,False,2025-11-07|Charlotte Hornets|Miami Heat,,,,2025-11-07|Charlotte Hornets|Miami Heat,0.8825686247976708,"[{""p_home_win"": 0.7651372495953417, ""weight"": 0.25}, {""p_home_win"": 0.8825686247976708, ""weight"": 0.5}, {""p_home_win"": 1.0, ""weight"": 0.25}]",9.527378977002563,,elo,"{'home_advantage': 2.7870869565925953, 'scale': 0.10613880941061397, 'error_term': 11.925012916783361, 'win_prob_k': 4.723580561109934}",1.0,18.0
2025-11-07,Milwaukee Bucks,Chicago Bulls,126.0,110.0,False,False,2025-11-07|Chicago Bulls|Milwaukee Bucks,,,,2025-11-07|Chicago Bulls|Milwaukee Bucks,0.37745062968983545,"[{""p_home_win"": 0.0, ""weight"": 0.25}, {""p_home_win"": 0.37745062968983545, ""weight"": 0.5}, {""p_home_win"": 0.7549012593796709, ""weight"": 0.25}]",-2.3636001538495957,,elo,"{'home_advantage': 2.7870869565925953, 'scale': 0.10613880941061397, 'error_term': 11.925012916783361, 'win_prob_k': 4.723580561109934}",1.0,16.0
2025-11-07,Minnesota Timberwolves,Utah Jazz,137.0,97.0,False,False,2025-11-07|Utah Jazz|Minnesota Timberwolves,,,,2025-11-07|Utah Jazz|Minnesota Timberwolves,0.780983947542206,"[{""p_home_win"": 0.561967895084412, ""weight"": 0.25}, {""p_home_win"": 0.780983947542206, ""weight"": 0.5}, {""p_home_win"": 1.0, ""weight"": 0.25}]",6.005605529498954,,elo,"{'home_advantage': 2.7870869565925953, 'scale': 0.10613880941061397, 'error_term': 11.925012916783361, 'win_prob_k': 4.723580561109934}",1.0,40.0
2025-11-07,Denver Nuggets,Golden State Warriors,129.0,104.0,False,False,2025-11-07|Golden State Warriors|Denver Nuggets,,,,2025-11-07|Golden State Warriors|Denver Nuggets,0.8423093211004667,"[{""p_home_win"": 0.6846186422009335, ""weight"": 0.25}, {""p_home_win"": 0.8423093211004667, ""weight"": 0.5}, {""p_home_win"": 1.0, ""weight"": 0.25}]",7.914415562711399,,elo,"{'home_advantage': 2.7870869565925953, 'scale': 0.10613880941061397, 'error_term': 11.925012916783361, 'win_prob_k': 4.723580561109934}",1.0,25.0
2025-11-07,Sacramento Kings,Oklahoma City Thunder,101.0,132.0,False,False,2025-11-07|Oklahoma City Thunder|Sacramento Kings,,,,2025-11-07|Oklahoma City Thunder|Sacramento Kings,0.12245540661269123,"[{""p_home_win"": 0.0, ""weight"": 0.25}, {""p_home_win"": 0.12245540661269123, ""weight"": 0.5}, {""p_home_win"": 0.24491081322538247, ""weight"": 0.25}]",-9.302529037491604,,elo,"{'home_advantage': 2.7870869565925953, 'scale': 0.10613880941061397, 'error_term': 11.925012916783361, 'win_prob_k': 4.723580561109934}",0.0,-31.0
2025-11-08,Washington Wizards,Dallas Mavericks,105.0,111.0,False,False,2025-11-08|Dallas Mavericks|Washington Wizards,,,,2025-11-08|Dallas Mavericks|Washington Wizards,0.5711109354676617,"[{""p_home_win"": 0.14222187093532335, ""weight"": 0.25}, {""p_home_win"": 0.5711109354676617, ""weight"": 0.5}, {""p_home_win"": 1.0, ""weight"": 0.25}]",1.4153806420945987,,elo,"{'home_advantage': 3.0845665584790285, 'scale': 0.10390223422285791, 'error_term': 12.339470587434246, 'win_prob_k': 4.9422272740201425}",0.0,-6.0
2025-11-08,Philadelphia 76ers,Toronto Raptors,130.0,120.0,False,False,2025-11-08|Toronto Raptors|Philadelphia 76ers,,,,2025-11-08|Toronto Raptors|Philadelphia 76ers,0.6069173902106173,"[{""p_home_win"": 0.2138347804212346, ""weight"": 0.25}, {""p_home_win"": 0.6069173902106173, ""weight"": 0.5}, {""p_home_win"": 1.0, ""weight"": 0.25}]",2.146769562767543,,elo,"{'home_advantage': 3.0845665584790285, 'scale': 0.10390223422285791, 'error_term': 12.339470587434246, 'win_prob_k': 4.9422272740201425}",1.0,10.0
2025-11-08,Atlanta Hawks,Los Angeles Lakers,122.0,102.0,False,False,2025-11-08|Los Angeles Lakers|Atlanta Hawks,,,,2025-11-08|Los Angeles Lakers|Atlanta Hawks,0.15412208407532096,"[{""p_home_win"": 0.0, ""weight"": 0.25}, {""p_home_win"": 0.15412208407532096, ""weight"": 0.5}, {""p_home_win"": 0.30824416815064193, ""weight"": 0.25}]",-8.414784422028179,,elo,"{'home_advantage': 3.0845665584790285, 'scale': 0.10390223422285791, 'error_term': 12.339470587434246, 'win_prob_k': 4.9422272740201425}",1.0,20.0
2025-11-08,Cleveland Cavaliers,Chicago Bulls,128.0,122.0,False,False,2025-11-08|Chicago Bulls|Cleveland Cavaliers,,,,2025-11-08|Chicago Bulls|Cleveland Cavaliers,0.6363655138076209,"[{""p_home_win"": 0.2727310276152417, ""weight"": 0.25}, {""p_home_win"": 0.6363655138076209, ""weight"": 0.5}, {""p_home_win"": 1.0, ""weight"": 0.25}]",2.765788507627465,,elo,"{'home_advantage': 3.0845665584790285, 'scale': 0.10390223422285791, 'error_term': 12.339470587434246, 'win_prob_k': 4.9422272740201425}",1.0,6.0
2025-11-08,Miami Heat,Portland Trail Blazers,136.0,131.0,False,False,2025-11-08|Portland Trail Blazers|Miami Heat,,,,2025-11-08|Portland Trail Blazers|Miami Heat,0.5679305098418975,"[{""p_home_win"": 0.13586101968379505, ""weight"": 0.25}, {""p_home_win"": 0.5679305098418975, ""weight"": 0.5}, {""p_home_win"": 1.0, ""weight"": 0.25}]",1.3512673928967136,,elo,"{'home_advantage': 3.0845665584790285, 'scale': 0.10390223422285791, 'error_term': 12.339470587434246, 'win_prob_k': 4.9422272740201425}",1.0,5.0
2025-11-08,San Antonio Spurs,New Orleans Pelicans,126.0,119.0,False,False,2025-11-08|New Orleans Pelicans|San Antonio Spurs,,,,2025-11-08|New Orleans Pelicans|San Antonio Spurs,0.9519532362012578,"[{""p_home_win"": 0.9039064724025156, ""weight"": 0.25}, {""p_home_win"": 0.9519532362012578, ""weight"": 0.5}, {""p_home_win"": 1.0, ""weight"": 0.25}]",14.759176579752605,,elo,"{'home_advantage': 3.0845665584790285, 'scale': 0.10390223422285791, 'error_term': 12.339470587434246, 'win_prob_k': 4.9422272740201425}",1.0,7.0
2025-11-08,Denver Nuggets,Indiana Pacers,117.0,100.0,False,False,2025-11-08|Indiana Pacers|Denver Nuggets,,,,2025-11-08|Indiana Pacers|Denver Nuggets,0.9866446987461346,"[{""p_home_win"": 0.9732893974922692, ""weight"": 0.25}, {""p_home_win"": 0.9866446987461346, ""weight"": 0.5}, {""p_home_win"": 1.0, ""weight"": 0.25}]",21.263421770384245,,elo,"{'home_advantage': 3.0845665584790285, 'scale': 0.10390223422285791, 'error_term': 12.339470587434246, 'win_prob_k': 4.9422272740201425}",1.0,17.0
2025-11-08,Los Angeles Clippers,Phoenix Suns,103.0,114.0,False,False,2025-11-08|Phoenix Suns|Los Angeles Clippers,,,,2025-11-08|Phoenix Suns|Los Angeles Clippers,0.5012618844762852,"[{""p_home_win"": 0.0025237689525703377, ""weight"": 0.25}, {""p_home_win"": 0.5012618844762852, ""weight"": 0.5}, {""p_home_win"": 1.0, ""weight"": 0.25}]",0.024946132465571758,,elo,"{'home_advantage': 3.0845665584790285, 'scale': 0.10390223422285791, 'error_term': 12.339470587434246, 'win_prob_k': 4.9422272740201425}",0.0,-11.0
2025-11-09,Milwaukee Bucks,Houston Rockets,115.0,122.0,False,False,2025-11-09|Houston Rockets|Milwaukee Bucks,,,,2025-11-09|Houston Rockets|Milwaukee Bucks,0.6870283797094334,"[{""p_home_win"": 0.37405675941886685, ""weight"": 0.25}, {""p_home_win"": 0.6870283797094334, ""weight"": 0.5}, {""p_home_win"": 1.0, ""weight"": 0.25}]",3.952634868106107,,elo,"{'home_advantage': 3.1729716160713473, 'scale': 0.09767126044048166, 'error_term': 12.13396303591659, 'win_prob_k': 5.02711490051041}",0.0,-7.0
2025-11-09,Memphis Grizzlies,Oklahoma City Thunder,100.0,114.0,False,False,2025-11-09|Oklahoma City Thunder|Memphis Grizzlies,,,,2025-11-09|Oklahoma City Thunder|Memphis Grizzlies,0.06817207729518013,"[{""p_home_win"": 0.0, ""weight"": 0.25}, {""p_home_win"": 0.06817207729518013, ""weight"": 0.5}, {""p_home_win"": 0.13634415459036026, ""weight"": 0.25}]",-13.14647407254985,,elo,"{'home_advantage': 3.1729716160713473, 'scale': 0.09767126044048166, 'error_term': 12.13396303591659, 'win_prob_k': 5.02711490051041}",0.0,-14.0
2025-11-09,New York Knicks,Brooklyn Nets,134.0,98.0,False,False,2025-11-09|Brooklyn Nets|New York Knicks,,,,2025-11-09|Brooklyn Nets|New York Knicks,0.9703180598249528,"[{""p_home_win"": 0.9406361196499056, ""weight"": 0.25}, {""p_home_win"": 0.9703180598249528, ""weight"": 0.5}, {""p_home_win"": 1.0, ""weight"": 0.25}]",17.529977609011155,,elo,"{'home_advantage': 3.1729716160713473, 'scale': 0.09767126044048166, 'error_term': 12.13396303591659, 'win_prob_k': 5.02711490051041}",1.0,36.0
2025-11-09,Orlando Magic,Boston Celtics,107.0,111.0,False,False,2025-11-09|Boston Celtics|Orlando Magic,,,,2025-11-09|Boston Celtics|Orlando Magic,0.7506959289890267,"[{""p_home_win"": 0.5013918579780534, ""weight"": 0.25}, {""p_home_win"": 0.7506959289890267, ""weight"": 0.5}, {""p_home_win"": 1.0, ""weight"": 0.25}]",5.541526303973653,,elo,"{'home_advantage': 3.1729716160713473, 'scale': 0.09767126044048166, 'error_term': 12.13396303591659, 'win_prob_k': 5.02711490051041}",0.0,-4.0
2025-11-09,Philadelphia 76ers,Detroit Pistons,108.0,111.0,False,False,2025-11-09|Detroit Pistons|Philadelphia 76ers,,,,2025-11-09|Detroit Pistons|Philadelphia 76ers,0.4968910248762864,"[{""p_home_win"": 0.0, ""weight"": 0.25}, {""p_home_win"": 0.4968910248762864, ""weight"": 0.5}, {""p_home_win"": 0.9937820497525728, ""weight"": 0.25}]",-0.06251750639006426,,elo,"{'home_advantage': 3.1729716160713473, 'scale': 0.09767126044048166, 'error_term': 12.13396303591659, 'win_prob_k': 5.02711490051041}",0.0,-3.0
2025-11-09,Golden State Warriors,Indiana Pacers,114.0,83.0,False,False,2025-11-09|Indiana Pacers|Golden State Warriors,,,,2025-11-09|Indiana Pacers|Golden State Warriors,0.9367937144850456,"[{""p_home_win"": 0.8735874289700911, ""weight"": 0.25}, {""p_home_win"": 0.9367937144850456, ""weight"": 0.5}, {""p_home_win"": 1.0, ""weight"": 0.25}]",13.553400141822582,,elo,"{'home_advantage': 3.1729716160713473, 'scale': 0.09767126044048166, 'error_term': 12.13396303591659, 'win_prob_k': 5.02711490051041}",1.0,31.0
2025-11-09,Sacramento Kings,Minnesota Timberwolves,117.0,144.0,False,False,2025-11-09|Minnesota Timberwolves|Sacramento Kings,,,,2025-11-09|Minnesota Timberwolves|Sacramento Kings,0.46813546496768843,"[{""p_home_win"": 0.0, ""weight"": 0.25}, {""p_home_win"": 0.46813546496768843, ""weight"": 0.5}, {""p_home_win"": 0.9362709299353769, ""weight"": 0.25}]",-0.6416162771015492,,elo,"{'home_advantage': 3.1729716160713473, 'scale': 0.09767126044048166, 'error_term': 12.13396303591659, 'win_prob_k': 5.02711490051041}",0.0,-27.0
2025-11-10,Charlotte Hornets,Los Angeles Lakers,111.0,121.0,False,False,2025-11-10|Los Angeles Lakers|Charlotte Hornets,,,,2025-11-10|Los Angeles Lakers|Charlotte Hornets,0.135410174654832,"[{""p_home_win"": 0.0, ""weight"": 0.25}, {""p_home_win"": 0.135410174654832, ""weight"": 0.5}, {""p_home_win"": 0.270820349309664, ""weight"": 0.25}]",-9.552480249305153,,elo,"{'home_advantage': 3.2519019369380477, 'scale': 0.0970779861001566, 'error_term': 12.10086265197317, 'win_prob_k': 5.152510718139521}",0.0,-10.0
2025-11-10,Detroit Pistons,Washington Wizards,137.0,135.0,False,False,2025-11-10|Washington Wizards|Detroit Pistons,,,,2025-11-10|Washington Wizards|Detroit Pistons,0.9930122035416515,"[{""p_home_win"": 0.9860244070833031, ""weight"": 0.25}, {""p_home_win"": 0.9930122035416515, ""weight"": 0.5}, {""p_home_win"": 1.0, ""weight"": 0.25}]",25.538819667874172,,elo,"{'home_advantage': 3.2519019369380477, 'scale': 0.0970779861001566, 'error_term': 12.10086265197317, 'win_prob_k': 5.152510718139521}",1.0,2.0
2025-11-10,Orlando Magic,Portland Trail Blazers,115.0,112.0,False,False,2025-11-10|Portland Trail Blazers|Orlando Magic,,,,2025-11-10|Portland Trail Blazers|Orlando Magic,0.3673967866975548,"[{""p_home_win"": 0.0, ""weight"": 0.25}, {""p_home_win"": 0.3673967866975548, ""weight"": 0.5}, {""p_home_win"": 0.7347935733951096, ""weight"": 0.25}]",-2.799879289674798,,elo,"{'home_advantage': 3.2519019369380477, 'scale': 0.0970779861001566, 'error_term': 12.10086265197317, 'win_prob_k': 5.152510718139521}",1.0,3.0
2025-11-10,Miami Heat,Cleveland Cavaliers,140.0,138.0,False,False,2025-11-10|Cleveland Cavaliers|Miami Heat,,,,2025-11-10|Cleveland Cavaliers|Miami Heat,0.5686232197131541,"[{""p_home_win"": 0.1372464394263082, ""weight"": 0.25}, {""p_home_win"": 0.5686232197131541, ""weight"": 0.5}, {""p_home_win"": 1.0, ""weight"": 0.25}]",1.4233096030834758,,elo,"{'home_advantage': 3.2519019369380477, 'scale': 0.0970779861001566, 'error_term': 12.10086265197317, 'win_prob_k': 5.152510718139521}",1.0,2.0
2025-11-10,Chicago Bulls,San Antonio Spurs,117.0,121.0,False,False,2025-11-10|San Antonio Spurs|Chicago Bulls,,,,2025-11-10|San Antonio Spurs|Chicago Bulls,0.48133124299099883,"[{""p_home_win"": 0.0, ""weight"": 0.25}, {""p_home_win"": 0.48133124299099883, ""weight"": 0.5}, {""p_home_win"": 0.9626624859819977, ""weight"": 0.25}]",-0.3849428305262279,,elo,"{'home_advantage': 3.2519019369380477, 'scale': 0.0970779861001566, 'error_term': 12.10086265197317, 'win_prob_k': 5.152510718139521}",0.0,-4.0
2025-11-10,Dallas Mavericks,Milwaukee Bucks,114.0,116.0,False,False,2025-11-10|Milwaukee Bucks|Dallas Mavericks,,,,2025-11-10|Milwaukee Bucks|Dallas Mavericks,0.23774291069269698,"[{""p_home_win"": 0.0, ""weight"": 0.25}, {""p_home_win"": 0.23774291069269698, ""weight"": 0.5}, {""p_home_win"": 0.47548582138539397, ""weight"": 0.25}]",-6.00315934156513,,elo,"{'home_advantage': 3.2519019369380477, 'scale': 0.0970779861001566, 'error_term': 12.10086265197317, 'win_prob_k': 5.152510718139521}",0.0,-2.0
2025-11-10,Phoenix Suns,New Orleans Pelicans,121.0,98.0,False,False,2025-11-10|New Orleans Pelicans|Phoenix Suns,,,,2025-11-10|New Orleans Pelicans|Phoenix Suns,0.8769832345206731,"[{""p_home_win"": 0.7539664690413461, ""weight"": 0.25}, {""p_home_win"": 0.8769832345206731, ""weight"": 0.5}, {""p_home_win"": 1.0, ""weight"": 0.25}]",10.120392676679067,,elo,"{'home_advantage': 3.2519019369380477, 'scale': 0.0970779861001566, 'error_term': 12.10086265197317, 'win_prob_k': 5.152510718139521}",1.0,23.0
2025-11-10,Utah Jazz,Minnesota Timberwolves,113.0,120.0,False,False,2025-11-10|Minnesota Timberwolves|Utah Jazz,,,,2025-11-10|Minnesota Timberwolves|Utah Jazz,0.28672923377191695,"[{""p_home_win"": 0.0, ""weight"": 0.25}, {""p_home_win"": 0.28672923377191695, ""weight"": 0.5}, {""p_home_win"": 0.5734584675438339, ""weight"": 0.25}]",-4.695600342670808,,elo,"{'home_advantage': 3.2519019369380477, 'scale': 0.0970779861001566, 'error_term': 12.10086265197317, 'win_prob_k': 5.152510718139521}",0.0,-7.0
2025-11-10,Los Angeles Clippers,Atlanta Hawks,102.0,105.0,False,False,2025-11-10|Atlanta Hawks|Los Angeles Clippers,,,,2025-11-10|Atlanta Hawks|Los Angeles Clippers,0.33282629686048926,"[{""p_home_win"": 0.0, ""weight"": 0.25}, {""p_home_win"": 0.33282629686048926, ""weight"": 0.5}, {""p_home_win"": 0.6656525937209785, ""weight"": 0.25}]",-3.5832090534180483,,elo,"{'home_advantage': 3.2519019369380477, 'scale': 0.0970779861001566, 'error_term': 12.10086265197317, 'win_prob_k': 5.152510718139521}",0.0,-3.0
2025-11-11,Brooklyn Nets,Toronto Raptors,109.0,119.0,False,False,2025-11-11|Toronto Raptors|Brooklyn Nets,,,,2025-11-11|Toronto Raptors|Brooklyn Nets,0.15517962937919505,"[{""p_home_win"": 0.0, ""weight"": 0.25}, {""p_home_win"": 0.15517962937919505, ""weight"": 0.5}, {""p_home_win"": 0.3103592587583901, ""weight"": 0.25}]",-8.464585526563926,,elo,"{'home_advantage': 3.2217700751259755, 'scale': 0.08574972154583894, 'error_term': 12.025379001884767, 'win_prob_k': 4.995209394547322}",0.0,-10.0
2025-11-11,New York Knicks,Memphis Grizzlies,133.0,120.0,False,False,2025-11-11|Memphis Grizzlies|New York Knicks,,,,2025-11-11|Memphis Grizzlies|New York Knicks,0.9239988956952657,"[{""p_home_win"": 0.8479977913905314, ""weight"": 0.25}, {""p_home_win"": 0.9239988956952657, ""weight"": 0.5}, {""p_home_win"": 1.0, ""weight"": 0.25}]",12.477848274801662,,elo,"{'home_advantage': 3.2217700751259755, 'scale': 0.08574972154583894, 'error_term': 12.025379001884767, 'win_prob_k': 4.995209394547322}",1.0,13.0
2025-11-11,Oklahoma City Thunder,Golden State Warriors,126.0,102.0,False,False,2025-11-11|Golden State Warriors|Oklahoma City Thunder,,,,2025-11-11|Golden State Warriors|Oklahoma City Thunder,0.9468434293942329,"[{""p_home_win"": 0.8936868587884659, ""weight"": 0.25}, {""p_home_win"": 0.9468434293942329, ""weight"": 0.5}, {""p_home_win"": 1.0, ""weight"": 0.25}]",14.385663699989756,,elo,"{'home_advantage': 3.2217700751259755, 'scale': 0.08574972154583894, 'error_term': 12.025379001884767, 'win_prob_k': 4.995209394547322}",1.0,24.0
2025-11-11,Philadelphia 76ers,Boston Celtics,102.0,100.0,False,False,2025-11-11|Boston Celtics|Philadelphia 76ers,,,,2025-11-11|Boston Celtics|Philadelphia 76ers,0.7596449044617435,"[{""p_home_win"": 0.519289808923487, ""weight"": 0.25}, {""p_home_win"": 0.7596449044617435, ""weight"": 0.5}, {""p_home_win"": 1.0, ""weight"": 0.25}]",5.7481557814459325,,elo,"{'home_advantage': 3.2217700751259755, 'scale': 0.08574972154583894, 'error_term': 12.025379001884767, 'win_prob_k': 4.995209394547322}",1.0,2.0
2025-11-11,Utah Jazz,Indiana Pacers,152.0,128.0,False,False,2025-11-11|Indiana Pacers|Utah Jazz,,,,2025-11-11|Indiana Pacers|Utah Jazz,0.8402083807323292,"[{""p_home_win"": 0.6804167614646583, ""weight"": 0.25}, {""p_home_win"": 0.8402083807323292, ""weight"": 0.5}, {""p_home_win"": 1.0, ""weight"": 0.25}]",8.290945384759675,,elo,"{'home_advantage': 3.2217700751259755, 'scale': 0.08574972154583894, 'error_term': 12.025379001884767, 'win_prob_k': 4.995209394547322}",1.0,24.0
2025-11-11,Sacramento Kings,Denver Nuggets,108.0,122.0,False,False,2025-11-11|Denver Nuggets|Sacramento Kings,,,,2025-11-11|Denver Nuggets|Sacramento Kings,0.1825879991216188,"[{""p_home_win"": 0.0, ""weight"": 0.25}, {""p_home_win"": 0.1825879991216188, ""weight"": 0.5}, {""p_home_win"": 0.3651759982432376, ""weight"": 0.25}]",-7.487374353828876,,elo,"{'home_advantage': 3.2217700751259755, 'scale': 0.08574972154583894, 'error_term': 12.025379001884767, 'win_prob_k': 4.995209394547322}",0.0,-14.0
2025-11-12,Charlotte Hornets,Milwaukee Bucks,111.0,100.0,False,False,2025-11-12|Milwaukee Bucks|Charlotte Hornets,,,,2025-11-12|Milwaukee Bucks|Charlotte Hornets,0.22650808422387597,"[{""p_home_win"": 0.0, ""weight"": 0.25}, {""p_home_win"": 0.22650808422387597, ""weight"": 0.5}, {""p_home_win"": 0.45301616844775194, ""weight"": 0.25}]",-6.110065895193445,,elo,"{'home_advantage': 3.2924555159499964, 'scale': 0.08223889528071832, 'error_term': 11.880596782645076, 'win_prob_k': 4.975078451094836}",1.0,11.0
2025-11-12,Detroit Pistons,Chicago Bulls,124.0,113.0,False,False,2025-11-12|Chicago Bulls|Detroit Pistons,,,,2025-11-12|Chicago Bulls|Detroit Pistons,0.8908631213027638,"[{""p_home_win"": 0.7817262426055276, ""weight"": 0.25}, {""p_home_win"": 0.8908631213027638, ""weight"": 0.5}, {""p_home_win"": 1.0, ""weight"": 0.25}]",10.445614665302038,,elo,"{'home_advantage': 3.2924555159499964, 'scale': 0.08223889528071832, 'error_term': 11.880596782645076, 'win_prob_k': 4.975078451094836}",1.0,11.0
2025-11-12,New York Knicks,Orlando Magic,107.0,124.0,False,False,2025-11-12|Orlando Magic|New York Knicks,,,,2025-11-12|Orlando Magic|New York Knicks,0.8590067597247658,"[{""p_home_win"": 0.7180135194495316, ""weight"": 0.25}, {""p_home_win"": 0.8590067597247658, ""weight"": 0.5}, {""p_home_win"": 1.0, ""weight"": 0.25}]",8.990289361782953,,elo,"{'home_advantage': 3.2924555159499964, 'scale': 0.08223889528071832, 'error_term': 11.880596782645076, 'win_prob_k': 4.975078451094836}",0.0,-17.0
2025-11-12,Boston Celtics,Memphis Grizzlies,131.0,95.0,False,False,2025-11-12|Memphis Grizzlies|Boston Celtics,,,,2025-11-12|Memphis Grizzlies|Boston Celtics,0.8147987193129828,"[{""p_home_win"": 0.6295974386259655, ""weight"": 0.25}, {""p_home_win"": 0.8147987193129828, ""weight"": 0.5}, {""p_home_win"": 1.0, ""weight"": 0.25}]",7.370568154378359,,elo,"{'home_advantage': 3.2924555159499964, 'scale': 0.08223889528071832, 'error_term': 11.880596782645076, 'win_prob_k': 4.975078451094836}",1.0,36.0
2025-11-12,Miami Heat,Cleveland Cavaliers,116.0,130.0,False,False,2025-11-12|Cleveland Cavaliers|Miami Heat,,,,2025-11-12|Cleveland Cavaliers|Miami Heat,0.7216135736781347,"[{""p_home_win"": 0.44322714735626945, ""weight"": 0.25}, {""p_home_win"": 0.7216135736781347, ""weight"": 0.5}, {""p_home_win"": 1.0, ""weight"": 0.25}]",4.738660772157595,,elo,"{'home_advantage': 3.2924555159499964, 'scale': 0.08223889528071832, 'error_term': 11.880596782645076, 'win_prob_k': 4.975078451094836}",0.0,-14.0
2025-11-12,Houston Rockets,Washington Wizards,135.0,112.0,False,False,2025-11-12|Washington Wizards|Houston Rockets,,,,2025-11-12|Washington Wizards|Houston Rockets,0.9816147732314675,"[{""p_home_win"": 0.963229546462935, ""weight"": 0.25}, {""p_home_win"": 0.9816147732314675, ""weight"": 0.5}, {""p_home_win"": 1.0, ""weight"": 0.25}]",19.78912823539927,,elo,"{'home_advantage': 3.2924555159499964, 'scale': 0.08223889528071832, 'error_term': 11.880596782645076, 'win_prob_k': 4.975078451094836}",1.0,23.0
2025-11-12,New Orleans Pelicans,Portland Trail Blazers,117.0,125.0,False,False,2025-11-12|Portland Trail Blazers|New Orleans Pelicans,,,,2025-11-12|Portland Trail Blazers|New Orleans Pelicans,0.3284770880315097,"[{""p_home_win"": 0.0, ""weight"": 0.25}, {""p_home_win"": 0.3284770880315097, ""weight"": 0.5}, {""p_home_win"": 0.6569541760630194, ""weight"": 0.25}]",-3.5575843112383088,,elo,"{'home_advantage': 3.2924555159499964, 'scale': 0.08223889528071832, 'error_term': 11.880596782645076, 'win_prob_k': 4.975078451094836}",0.0,-8.0
2025-11-12,San Antonio Spurs,Golden State Warriors,120.0,125.0,False,False,2025-11-12|Golden State Warriors|San Antonio Spurs,,,,2025-11-12|Golden State Warriors|San Antonio Spurs,0.9144519810781881,"[{""p_home_win"": 0.8289039621563763, ""weight"": 0.25}, {""p_home_win"": 0.9144519810781881, ""weight"": 0.5}, {""p_home_win"": 1.0, ""weight"": 0.25}]",11.787190266937166,,elo,"{'home_advantage': 3.2924555159499964, 'scale': 0.08223889528071832, 'error_term': 11.880596782645076, 'win_prob_k': 4.975078451094836}",0.0,-5.0
2025-11-12,Dallas Mavericks,Phoenix Suns,114.0,123.0,False,False,2025-11-12|Phoenix Suns|Dallas Mavericks,,,,2025-11-12|Phoenix Suns|Dallas Mavericks,0.2273486546683211,"[{""p_home_win"": 0.0, ""weight"": 0.25}, {""p_home_win"": 0.2273486546683211, ""weight"": 0.5}, {""p_home_win"": 0.4546973093366422, ""weight"": 0.25}]",-6.0862281093509285,,elo,"{'home_advantage': 3.2924555159499964, 'scale': 0.08223889528071832, 'error_term': 11.880596782645076, 'win_prob_k': 4.975078451094836}",0.0,-9.0
2025-11-12,Oklahoma City Thunder,Los Angeles Lakers,121.0,92.0,False,False,2025-11-12|Los Angeles Lakers|Oklahoma City Thunder,,,,2025-11-12|Los Angeles Lakers|Oklahoma City Thunder,0.8279038506441256,"[{""p_home_win"": 0.6558077012882513, ""weight"": 0.25}, {""p_home_win"": 0.8279038506441256, ""weight"": 0.5}, {""p_home_win"": 1.0, ""weight"": 0.25}]",7.815070625601333,,elo,"{'home_advantage': 3.2924555159499964, 'scale': 0.08223889528071832, 'error_term': 11.880596782645076, 'win_prob_k': 4.975078451094836}",1.0,29.0
2025-11-12,Sacramento Kings,Atlanta Hawks,100.0,133.0,False,False,2025-11-12|Atlanta Hawks|Sacramento Kings,,,,2025-11-12|Atlanta Hawks|Sacramento Kings,0.2986352104157349,"[{""p_home_win"": 0.0, ""weight"": 0.25}, {""p_home_win"": 0.2986352104157349, ""weight"": 0.5}, {""p_home_win"": 0.5972704208314698, ""weight"": 0.25}]",-4.247748547275599,,elo,"{'home_advantage': 3.2924555159499964, 'scale': 0.08223889528071832, 'error_term': 11.880596782645076, 'win_prob_k': 4.975078451094836}",0.0,-33.0
2025-11-12,Los Angeles Clippers,Denver Nuggets,116.0,130.0,False,False,2025-11-12|Denver Nuggets|Los Angeles Clippers,,,,2025-11-12|Denver Nuggets|Los Angeles Clippers,0.10027519543246208,"[{""p_home_win"": 0.0, ""weight"": 0.25}, {""p_home_win"": 0.10027519543246208, ""weight"": 0.5}, {""p_home_win"": 0.20055039086492416, ""weight"": 0.25}]",-10.916170786725333,,elo,"{'home_advantage': 3.2924555159499964, 'scale': 0.08223889528071832, 'error_term': 11.880596782645076, 'win_prob_k': 4.975078451094836}",0.0,-14.0
2025-11-13,Cleveland Cavaliers,Toronto Raptors,113.0,126.0,False,False,2025-11-13|Toronto Raptors|Cleveland Cavaliers,,,,2025-11-13|Toronto Raptors|Cleveland Cavaliers,0.7806434680592119,"[{""p_home_win"": 0.5612869361184238, ""weight"": 0.25}, {""p_home_win"": 0.7806434680592119, ""weight"": 0.5}, {""p_home_win"": 1.0, ""weight"": 0.25}]",6.788073562391137,,elo,"{'home_advantage': 3.3251364572419866, 'scale': 0.08082743580730083, 'error_term': 12.134780313261356, 'win_prob_k': 5.347381364706296}",0.0,-13.0
2025-11-13,Phoenix Suns,Indiana Pacers,133.0,98.0,False,False,2025-11-13|Indiana Pacers|Phoenix Suns,,,,2025-11-13|Indiana Pacers|Phoenix Suns,0.9663238369382616,"[{""p_home_win"": 0.9326476738765233, ""weight"": 0.25}, {""p_home_win"": 0.9663238369382616, ""weight"": 0.5}, {""p_home_win"": 1.0, ""weight"": 0.25}]",17.949601834786073,,elo,"{'home_advantage': 3.3251364572419866, 'scale': 0.08082743580730083, 'error_term': 12.134780313261356, 'win_prob_k': 5.347381364706296}",1.0,35.0
2025-11-13,Utah Jazz,Atlanta Hawks,122.0,132.0,False,False,2025-11-13|Atlanta Hawks|Utah Jazz,,,,2025-11-13|Atlanta Hawks|Utah Jazz,0.2932046313790189,"[{""p_home_win"": 0.0, ""weight"": 0.25}, {""p_home_win"": 0.2932046313790189, ""weight"": 0.5}, {""p_home_win"": 0.5864092627580378, ""weight"": 0.25}]",-4.705002697757681,,elo,"{'home_advantage': 3.3251364572419866, 'scale': 0.08082743580730083, 'error_term': 12.134780313261356, 'win_prob_k': 5.347381364706296}",0.0,-10.0
2025-11-14,New York Knicks,Miami Heat,140.0,132.0,False,False,2025-11-14|Miami Heat|New York Knicks,,,,2025-11-14|Miami Heat|New York Knicks,0.60282724868312,"[{""p_home_win"": 0.20565449736623997, ""weight"": 0.25}, {""p_home_win"": 0.60282724868312, ""weight"": 0.5}, {""p_home_win"": 1.0, ""weight"": 0.25}]",2.292166520020998,,elo,"{'home_advantage': 3.3246603758957396, 'scale': 0.08055771966979774, 'error_term': 12.186094523194845, 'win_prob_k': 5.493385750384048}",1.0,8.0
2025-11-14,Orlando Magic,Brooklyn Nets,105.0,98.0,False,False,2025-11-14|Brooklyn Nets|Orlando Magic,,,,2025-11-14|Brooklyn Nets|Orlando Magic,0.9432631213228339,"[{""p_home_win"": 0.8865262426456677, ""weight"": 0.25}, {""p_home_win"": 0.9432631213228339, ""weight"": 0.5}, {""p_home_win"": 1.0, ""weight"": 0.25}]",15.44147255721521,,elo,"{'home_advantage': 3.3246603758957396, 'scale': 0.08055771966979774, 'error_term': 12.186094523194845, 'win_prob_k': 5.493385750384048}",1.0,7.0
2025-11-14,Detroit Pistons,Philadelphia 76ers,114.0,105.0,False,False,2025-11-14|Philadelphia 76ers|Detroit Pistons,,,,2025-11-14|Philadelphia 76ers|Detroit Pistons,0.8531779696193316,"[{""p_home_win"": 0.7063559392386631, ""weight"": 0.25}, {""p_home_win"": 0.8531779696193316, ""weight"": 0.5}, {""p_home_win"": 1.0, ""weight"": 0.25}]",9.666969037735633,,elo,"{'home_advantage': 3.3246603758957396, 'scale': 0.08055771966979774, 'error_term': 12.186094523194845, 'win_prob_k': 5.493385750384048}",1.0,9.0
2025-11-14,Houston Rockets,Portland Trail Blazers,140.0,116.0,False,False,2025-11-14|Portland Trail Blazers|Houston Rockets,,,,2025-11-14|Portland Trail Blazers|Houston Rockets,0.7696130147715147,"[{""p_home_win"": 0.5392260295430293, ""weight"": 0.25}, {""p_home_win"": 0.7696130147715147, ""weight"": 0.5}, {""p_home_win"": 1.0, ""weight"": 0.25}]",6.625722911854188,,elo,"{'home_advantage': 3.3246603758957396, 'scale': 0.08055771966979774, 'error_term': 12.186094523194845, 'win_prob_k': 5.493385750384048}",1.0,24.0
2025-11-14,Milwaukee Bucks,Charlotte Hornets,147.0,134.0,False,False,2025-11-14|Charlotte Hornets|Milwaukee Bucks,,,,2025-11-14|Charlotte Hornets|Milwaukee Bucks,0.8303151030330118,"[{""p_home_win"": 0.6606302060660236, ""weight"": 0.25}, {""p_home_win"": 0.8303151030330118, ""weight"": 0.5}, {""p_home_win"": 1.0, ""weight"": 0.25}]",8.722739039759489,,elo,"{'home_advantage': 3.3246603758957396, 'scale': 0.08055771966979774, 'error_term': 12.186094523194845, 'win_prob_k': 5.493385750384048}",1.0,13.0
2025-11-14,Minnesota Timberwolves,Sacramento Kings,124.0,110.0,False,False,2025-11-14|Sacramento Kings|Minnesota Timberwolves,,,,2025-11-14|Sacramento Kings|Minnesota Timberwolves,0.9268144861112273,"[{""p_home_win"": 0.8536289722224546, ""weight"": 0.25}, {""p_home_win"": 0.9268144861112273, ""weight"": 0.5}, {""p_home_win"": 1.0, ""weight"": 0.25}]",13.9463655890975,,elo,"{'home_advantage': 3.3246603758957396, 'scale': 0.08055771966979774, 'error_term': 12.186094523194845, 'win_prob_k': 5.493385750384048}",1.0,14.0
2025-11-14,New Orleans Pelicans,Los Angeles Lakers,104.0,118.0,False,False,2025-11-14|Los Angeles Lakers|New Orleans Pelicans,,,,2025-11-14|Los Angeles Lakers|New Orleans Pelicans,0.1387799145819906,"[{""p_home_win"": 0.0, ""weight"": 0.25}, {""p_home_win"": 0.1387799145819906, ""weight"": 0.5}, {""p_home_win"": 0.2775598291639812, ""weight"": 0.25}]",-10.027960114966751,,elo,"{'home_advantage': 3.3246603758957396, 'scale': 0.08055771966979774, 'error_term': 12.186094523194845, 'win_prob_k': 5.493385750384048}",0.0,-14.0
2025-11-14,Dallas Mavericks,Los Angeles Clippers,127.0,133.0,False,False,2025-11-14|Los Angeles Clippers|Dallas Mavericks,,,,2025-11-14|Los Angeles Clippers|Dallas Mavericks,0.6013731709810138,"[{""p_home_win"": 0.20274634196202768, ""weight"": 0.25}, {""p_home_win"": 0.6013731709810138, ""weight"": 0.5}, {""p_home_win"": 1.0, ""weight"": 0.25}]",2.2588249844563633,,elo,"{'home_advantage': 3.3246603758957396, 'scale': 0.08055771966979774, 'error_term': 12.186094523194845, 'win_prob_k': 5.493385750384048}",0.0,-6.0
2025-11-14,San Antonio Spurs,Golden State Warriors,108.0,109.0,False,False,2025-11-14|Golden State Warriors|San Antonio Spurs,,,,2025-11-14|Golden State Warriors|San Antonio Spurs,0.7841728761973781,"[{""p_home_win"": 0.5683457523947562, ""weight"": 0.25}, {""p_home_win"": 0.7841728761973781, ""weight"": 0.5}, {""p_home_win"": 1.0, ""weight"": 0.25}]",7.087301332292755,,elo,"{'home_advantage': 3.3246603758957396, 'scale': 0.08055771966979774, 'error_term': 12.186094523194845, 'win_prob_k': 5.493385750384048}",0.0,-1.0
2025-11-15,Cleveland Cavaliers,Memphis Grizzlies,108.0,100.0,False,False,2025-11-15|Memphis Grizzlies|Cleveland Cavaliers,,,,2025-11-15|Memphis Grizzlies|Cleveland Cavaliers,0.9308980556591023,"[{""p_home_win"": 0.8617961113182047, ""weight"": 0.25}, {""p_home_win"": 0.9308980556591023, ""weight"": 0.5}, {""p_home_win"": 1.0, ""weight"": 0.25}]",13.752786708360652,,elo,"{'home_advantage': 3.3040584075602553, 'scale': 0.07659152803574398, 'error_term': 12.058849149852552, 'win_prob_k': 5.288380272966947}",1.0,8.0
2025-11-15,Charlotte Hornets,Oklahoma City Thunder,96.0,109.0,False,False,2025-11-15|Oklahoma City Thunder|Charlotte Hornets,,,,2025-11-15|Oklahoma City Thunder|Charlotte Hornets,0.0701198393137991,"[{""p_home_win"": 0.0, ""weight"": 0.25}, {""p_home_win"": 0.0701198393137991, ""weight"": 0.5}, {""p_home_win"": 0.1402396786275982, ""weight"": 0.25}]",-13.669669483658854,,elo,"{'home_advantage': 3.3040584075602553, 'scale': 0.07659152803574398, 'error_term': 12.058849149852552, 'win_prob_k': 5.288380272966947}",0.0,-13.0
2025-11-15,Indiana Pacers,Toronto Raptors,111.0,129.0,False,False,2025-11-15|Toronto Raptors|Indiana Pacers,,,,2025-11-15|Toronto Raptors|Indiana Pacers,0.08647902665647407,"[{""p_home_win"": 0.0, ""weight"": 0.25}, {""p_home_win"": 0.08647902665647407, ""weight"": 0.5}, {""p_home_win"": 0.17295805331294814, ""weight"": 0.25}]",-12.466851012896624,,elo,"{'home_advantage': 3.3040584075602553, 'scale': 0.07659152803574398, 'error_term': 12.058849149852552, 'win_prob_k': 5.288380272966947}",0.0,-18.0
2025-11-15,Milwaukee Bucks,Los Angeles Lakers,95.0,119.0,False,False,2025-11-15|Los Angeles Lakers|Milwaukee Bucks,,,,2025-11-15|Los Angeles Lakers|Milwaukee Bucks,0.44675289200420315,"[{""p_home_win"": 0.0, ""weight"": 0.25}, {""p_home_win"": 0.44675289200420315, ""weight"": 0.5}, {""p_home_win"": 0.8935057840084063, ""weight"": 0.25}]",-1.1306510706355999,,elo,"{'home_advantage': 3.3040584075602553, 'scale': 0.07659152803574398, 'error_term': 12.058849149852552, 'win_prob_k': 5.288380272966947}",0.0,-24.0
2025-11-15,Minnesota Timberwolves,Denver Nuggets,112.0,123.0,False,False,2025-11-15|Denver Nuggets|Minnesota Timberwolves,,,,2025-11-15|Denver Nuggets|Minnesota Timberwolves,0.49334540603375365,"[{""p_home_win"": 0.0, ""weight"": 0.25}, {""p_home_win"": 0.49334540603375365, ""weight"": 0.5}, {""p_home_win"": 0.9866908120675073, ""weight"": 0.25}]",-0.1407764063341479,,elo,"{'home_advantage': 3.3040584075602553, 'scale': 0.07659152803574398, 'error_term': 12.058849149852552, 'win_prob_k': 5.288380272966947}",0.0,-11.0
2025-11-16,Boston Celtics,Los Angeles Clippers,121.0,118.0,False,False,2025-11-16|Los Angeles Clippers|Boston Celtics,,,,2025-11-16|Los Angeles Clippers|Boston Celtics,0.8161826543463515,"[{""p_home_win"": 0.632365308692703, ""weight"": 0.25}, {""p_home_win"": 0.8161826543463515, ""weight"": 0.5}, {""p_home_win"": 1.0, ""weight"": 0.25}]",7.775923363253064,,elo,"{'home_advantage': 3.1341430681833065, 'scale': 0.07435931744540612, 'error_term': 12.030866054893398, 'win_prob_k': 5.216305326943772}",1.0,3.0
2025-11-16,San Antonio Spurs,Sacramento Kings,123.0,110.0,False,False,2025-11-16|Sacramento Kings|San Antonio Spurs,,,,2025-11-16|Sacramento Kings|San Antonio Spurs,0.9243514626438355,"[{""p_home_win"": 0.848702925287671, ""weight"": 0.25}, {""p_home_win"": 0.9243514626438355, ""weight"": 0.5}, {""p_home_win"": 1.0, ""weight"": 0.25}]",13.056382314968893,,elo,"{'home_advantage': 3.1341430681833065, 'scale': 0.07435931744540612, 'error_term': 12.030866054893398, 'win_prob_k': 5.216305326943772}",1.0,13.0
2025-11-16,Washington Wizards,Brooklyn Nets,106.0,129.0,False,False,2025-11-16|Brooklyn Nets|Washington Wizards,,,,2025-11-16|Brooklyn Nets|Washington Wizards,0.6376378866751609,"[{""p_home_win"": 0.2752757733503217, ""weight"": 0.25}, {""p_home_win"": 0.6376378866751609, ""weight"": 0.5}, {""p_home_win"": 1.0, ""weight"": 0.25}]",2.94787248486454,,elo,"{'home_advantage': 3.1341430681833065, 'scale': 0.07435931744540612, 'error_term': 12.030866054893398, 'win_prob_k': 5.216305326943772}",0.0,-23.0
2025-11-16,Houston Rockets,Orlando Magic,117.0,113.0,False,False,2025-11-16|Orlando Magic|Houston Rockets,,,,2025-11-16|Orlando Magic|Houston Rockets,0.8080051526820067,"[{""p_home_win"": 0.6160103053640134, ""weight"": 0.25}, {""p_home_win"": 0.8080051526820067, ""weight"": 0.5}, {""p_home_win"": 1.0, ""weight"": 0.25}]",7.496351867894651,,elo,"{'home_advantage': 3.1341430681833065, 'scale': 0.07435931744540612, 'error_term': 12.030866054893398, 'win_prob_k': 5.216305326943772}",1.0,4.0
2025-11-16,New Orleans Pelicans,Golden State Warriors,106.0,124.0,False,False,2025-11-16|Golden State Warriors|New Orleans Pelicans,,,,2025-11-16|Golden State Warriors|New Orleans Pelicans,0.17474518977903497,"[{""p_home_win"": 0.0, ""weight"": 0.25}, {""p_home_win"": 0.17474518977903497, ""weight"": 0.5}, {""p_home_win"": 0.34949037955806994, ""weight"": 0.25}]",-8.097601186324574,,elo,"{'home_advantage': 3.1341430681833065, 'scale': 0.07435931744540612, 'error_term': 12.030866054893398, 'win_prob_k': 5.216305326943772}",0.0,-18.0
2025-11-16,Dallas Mavericks,Portland Trail Blazers,138.0,133.0,False,False,2025-11-16|Portland Trail Blazers|Dallas Mavericks,,,,2025-11-16|Portland Trail Blazers|Dallas Mavericks,0.19496608029724496,"[{""p_home_win"": 0.0, ""weight"": 0.25}, {""p_home_win"": 0.19496608029724496, ""weight"": 0.5}, {""p_home_win"": 0.38993216059448993, ""weight"": 0.25}]",-7.397027758783272,,elo,"{'home_advantage': 3.1341430681833065, 'scale': 0.07435931744540612, 'error_term': 12.030866054893398, 'win_prob_k': 5.216305326943772}",1.0,5.0
2025-11-16,Phoenix Suns,Atlanta Hawks,122.0,124.0,False,False,2025-11-16|Atlanta Hawks|Phoenix Suns,,,,2025-11-16|Atlanta Hawks|Phoenix Suns,0.5983978914749813,"[{""p_home_win"": 0.1967957829499627, ""weight"": 0.25}, {""p_home_win"": 0.5983978914749813, ""weight"": 0.5}, {""p_home_win"": 1.0, ""weight"": 0.25}]",2.0802317066757317,,elo,"{'home_advantage': 3.1341430681833065, 'scale': 0.07435931744540612, 'error_term': 12.030866054893398, 'win_prob_k': 5.216305326943772}",0.0,-2.0
2025-11-16,Utah Jazz,Chicago Bulls,150.0,147.0,False,False,2025-11-16|Chicago Bulls|Utah Jazz,,,,2025-11-16|Chicago Bulls|Utah Jazz,0.38510137564001673,"[{""p_home_win"": 0.0, ""weight"": 0.25}, {""p_home_win"": 0.38510137564001673, ""weight"": 0.5}, {""p_home_win"": 0.7702027512800335, ""weight"": 0.25}]",-2.4409742654063815,,elo,"{'home_advantage': 3.1341430681833065, 'scale': 0.07435931744540612, 'error_term': 12.030866054893398, 'win_prob_k': 5.216305326943772}",1.0,3.0
2025-11-17,Cleveland Cavaliers,Milwaukee Bucks,118.0,106.0,False,False,2025-11-17|Milwaukee Bucks|Cleveland Cavaliers,,,,2025-11-17|Milwaukee Bucks|Cleveland Cavaliers,0.7744909439228412,"[{""p_home_win"": 0.5489818878456825, ""weight"": 0.25}, {""p_home_win"": 0.7744909439228412, ""weight"": 0.5}, {""p_home_win"": 1.0, ""weight"": 0.25}]",6.541437265456221,,elo,"{'home_advantage': 2.953273346230362, 'scale': 0.07300779020927971, 'error_term': 11.946228424032146, 'win_prob_k': 5.301665788989839}",1.0,12.0
2025-11-17,Detroit Pistons,Indiana Pacers,127.0,112.0,False,False,2025-11-17|Indiana Pacers|Detroit Pistons,,,,2025-11-17|Indiana Pacers|Detroit Pistons,0.9894907365281673,"[{""p_home_win"": 0.9789814730563347, ""weight"": 0.25}, {""p_home_win"": 0.9894907365281673, ""weight"": 0.5}, {""p_home_win"": 1.0, ""weight"": 0.25}]",24.095717387693888,,elo,"{'home_advantage': 2.953273346230362, 'scale': 0.07300779020927971, 'error_term': 11.946228424032146, 'win_prob_k': 5.301665788989839}",1.0,15.0
2025-11-17,Philadelphia 76ers,Los Angeles Clippers,110.0,108.0,False,False,2025-11-17|Los Angeles Clippers|Philadelphia 76ers,,,,2025-11-17|Los Angeles Clippers|Philadelphia 76ers,0.8871850347468815,"[{""p_home_win"": 0.774370069493763, ""weight"": 0.25}, {""p_home_win"": 0.8871850347468815, ""weight"": 0.5}, {""p_home_win"": 1.0, ""weight"": 0.25}]",10.933649569274358,,elo,"{'home_advantage': 2.953273346230362, 'scale': 0.07300779020927971, 'error_term': 11.946228424032146, 'win_prob_k': 5.301665788989839}",1.0,2.0
2025-11-17,Miami Heat,New York Knicks,115.0,113.0,False,False,2025-11-17|New York Knicks|Miami Heat,,,,2025-11-17|New York Knicks|Miami Heat,0.5600686935049536,"[{""p_home_win"": 0.12013738700990717, ""weight"": 0.25}, {""p_home_win"": 0.5600686935049536, ""weight"": 0.5}, {""p_home_win"": 1.0, ""weight"": 0.25}]",1.2800386948142328,,elo,"{'home_advantage': 2.953273346230362, 'scale': 0.07300779020927971, 'error_term': 11.946228424032146, 'win_prob_k': 5.301665788989839}",1.0,2.0
2025-11-17,Toronto Raptors,Charlotte Hornets,110.0,108.0,False,False,2025-11-17|Charlotte Hornets|Toronto Raptors,,,,2025-11-17|Charlotte Hornets|Toronto Raptors,0.9264038335822335,"[{""p_home_win"": 0.8528076671644671, ""weight"": 0.25}, {""p_home_win"": 0.9264038335822335, ""weight"": 0.5}, {""p_home_win"": 1.0, ""weight"": 0.25}]",13.42762070127953,,elo,"{'home_advantage': 2.953273346230362, 'scale': 0.07300779020927971, 'error_term': 11.946228424032146, 'win_prob_k': 5.301665788989839}",1.0,2.0
2025-11-17,Minnesota Timberwolves,Dallas Mavericks,120.0,96.0,False,False,2025-11-17|Dallas Mavericks|Minnesota Timberwolves,,,,2025-11-17|Dallas Mavericks|Minnesota Timberwolves,0.9270094559598212,"[{""p_home_win"": 0.8540189119196424, ""weight"": 0.25}, {""p_home_win"": 0.9270094559598212, ""weight"": 0.5}, {""p_home_win"": 1.0, ""weight"": 0.25}]",13.474893321107366,,elo,"{'home_advantage': 2.953273346230362, 'scale': 0.07300779020927971, 'error_term': 11.946228424032146, 'win_prob_k': 5.301665788989839}",1.0,24.0
2025-11-17,New Orleans Pelicans,Oklahoma City Thunder,109.0,126.0,False,False,2025-11-17|Oklahoma City Thunder|New Orleans Pelicans,,,,2025-11-17|Oklahoma City Thunder|New Orleans Pelicans,0.03211139357879671,"[{""p_home_win"": 0.0, ""weight"": 0.25}, {""p_home_win"": 0.03211139357879671, ""weight"": 0.5}, {""p_home_win"": 0.06422278715759341, ""weight"": 0.25}]",-18.056975836750873,,elo,"{'home_advantage': 2.953273346230362, 'scale': 0.07300779020927971, 'error_term': 11.946228424032146, 'win_prob_k': 5.301665788989839}",0.0,-17.0
2025-11-17,Denver Nuggets,Chicago Bulls,127.0,130.0,False,False,2025-11-17|Chicago Bulls|Denver Nuggets,,,,2025-11-17|Chicago Bulls|Denver Nuggets,0.9265159928887589,"[{""p_home_win"": 0.8530319857775177, ""weight"": 0.25}, {""p_home_win"": 0.9265159928887589, ""weight"": 0.5}, {""p_home_win"": 1.0, ""weight"": 0.25}]",13.436348344205708,,elo,"{'home_advantage': 2.953273346230362, 'scale': 0.07300779020927971, 'error_term': 11.946228424032146, 'win_prob_k': 5.301665788989839}",0.0,-3.0
2025-11-18,Orlando Magic,Golden State Warriors,121.0,113.0,False,False,2025-11-18|Golden State Warriors|Orlando Magic,,,,2025-11-18|Golden State Warriors|Orlando Magic,0.472693477491745,"[{""p_home_win"": 0.0, ""weight"": 0.25}, {""p_home_win"": 0.472693477491745, ""weight"": 0.5}, {""p_home_win"": 0.94538695498349, ""weight"": 0.25}]",-0.5616288871891628,,elo,"{'home_advantage': 2.889292094889441, 'scale': 0.07029636148828425, 'error_term': 11.840462888948476, 'win_prob_k': 5.136777061688472}",1.0,8.0
2025-11-18,Atlanta Hawks,Detroit Pistons,112.0,120.0,False,False,2025-11-18|Detroit Pistons|Atlanta Hawks,,,,2025-11-18|Detroit Pistons|Atlanta Hawks,0.4727785741690246,"[{""p_home_win"": 0.0, ""weight"": 0.25}, {""p_home_win"": 0.4727785741690246, ""weight"": 0.5}, {""p_home_win"": 0.9455571483380492, ""weight"": 0.25}]",-0.5598751822595078,,elo,"{'home_advantage': 2.889292094889441, 'scale': 0.07029636148828425, 'error_term': 11.840462888948476, 'win_prob_k': 5.136777061688472}",0.0,-8.0
2025-11-18,Brooklyn Nets,Boston Celtics,99.0,113.0,False,False,2025-11-18|Boston Celtics|Brooklyn Nets,,,,2025-11-18|Boston Celtics|Brooklyn Nets,0.23635571368147767,"[{""p_home_win"": 0.0, ""weight"": 0.25}, {""p_home_win"": 0.23635571368147767, ""weight"": 0.5}, {""p_home_win"": 0.47271142736295535, ""weight"": 0.25}]",-6.024228011770008,,elo,"{'home_advantage': 2.889292094889441, 'scale': 0.07029636148828425, 'error_term': 11.840462888948476, 'win_prob_k': 5.136777061688472}",0.0,-14.0
2025-11-18,San Antonio Spurs,Memphis Grizzlies,111.0,101.0,False,False,2025-11-18|Memphis Grizzlies|San Antonio Spurs,,,,2025-11-18|Memphis Grizzlies|San Antonio Spurs,0.931336354304431,"[{""p_home_win"": 0.8626727086088619, ""weight"": 0.25}, {""p_home_win"": 0.931336354304431, ""weight"": 0.5}, {""p_home_win"": 1.0, ""weight"": 0.25}]",13.393635646238646,,elo,"{'home_advantage': 2.889292094889441, 'scale': 0.07029636148828425, 'error_term': 11.840462888948476, 'win_prob_k': 5.136777061688472}",1.0,10.0
2025-11-18,Los Angeles Lakers,Utah Jazz,140.0,126.0,False,False,2025-11-18|Utah Jazz|Los Angeles Lakers,,,,2025-11-18|Utah Jazz|Los Angeles Lakers,0.9374876358020854,"[{""p_home_win"": 0.8749752716041708, ""weight"": 0.25}, {""p_home_win"": 0.9374876358020854, ""weight"": 0.5}, {""p_home_win"": 1.0, ""weight"": 0.25}]",13.909566314656233,,elo,"{'home_advantage': 2.889292094889441, 'scale': 0.07029636148828425, 'error_term': 11.840462888948476, 'win_prob_k': 5.136777061688472}",1.0,14.0
2025-11-18,Portland Trail Blazers,Phoenix Suns,110.0,127.0,False,False,2025-11-18|Phoenix Suns|Portland Trail Blazers,,,,2025-11-18|Phoenix Suns|Portland Trail Blazers,0.5081969928214078,"[{""p_home_win"": 0.01639398564281569, ""weight"": 0.25}, {""p_home_win"": 0.5081969928214078, ""weight"": 0.5}, {""p_home_win"": 1.0, ""weight"": 0.25}]",0.16843958997765185,,elo,"{'home_advantage': 2.889292094889441, 'scale': 0.07029636148828425, 'error_term': 11.840462888948476, 'win_prob_k': 5.136777061688472}",0.0,-17.0
2025-11-19,Cleveland Cavaliers,Houston Rockets,104.0,114.0,False,False,2025-11-19|Houston Rockets|Cleveland Cavaliers,,,,2025-11-19|Houston Rockets|Cleveland Cavaliers,0.5498833308332666,"[{""p_home_win"": 0.09976666166653314, ""weight"": 0.25}, {""p_home_win"": 0.5498833308332666, ""weight"": 0.5}, {""p_home_win"": 1.0, ""weight"": 0.25}]",1.0332421406769736,,elo,"{'home_advantage': 2.6506232420194027, 'scale': 0.0679522622720349, 'error_term': 11.788841247699889, 'win_prob_k': 5.161067287181236}",0.0,-10.0
2025-11-19,Indiana Pacers,Charlotte Hornets,127.0,118.0,False,False,2025-11-19|Charlotte Hornets|Indiana Pacers,,,,2025-11-19|Charlotte Hornets|Indiana Pacers,0.36617250701901255,"[{""p_home_win"": 0.0, ""weight"": 0.25}, {""p_home_win"": 0.36617250701901255, ""weight"": 0.5}, {""p_home_win"": 0.7323450140380251, ""weight"": 0.25}]",-2.8317345108427907,,elo,"{'home_advantage': 2.6506232420194027, 'scale': 0.0679522622720349, 'error_term': 11.788841247699889, 'win_prob_k': 5.161067287181236}",1.0,9.0
2025-11-19,Philadelphia 76ers,Toronto Raptors,112.0,121.0,False,False,2025-11-19|Toronto Raptors|Philadelphia 76ers,,,,2025-11-19|Toronto Raptors|Philadelphia 76ers,0.4885037987402776,"[{""p_home_win"": 0.0, ""weight"": 0.25}, {""p_home_win"": 0.4885037987402776, ""weight"": 0.5}, {""p_home_win"": 0.9770075974805552, ""weight"": 0.25}]",-0.23737250792953146,,elo,"{'home_advantage': 2.6506232420194027, 'scale': 0.0679522622720349, 'error_term': 11.788841247699889, 'win_prob_k': 5.161067287181236}",0.0,-9.0
2025-11-19,Miami Heat,Golden State Warriors,110.0,96.0,False,False,2025-11-19|Golden State Warriors|Miami Heat,,,,2025-11-19|Golden State Warriors|Miami Heat,0.6399145676709395,"[{""p_home_win"": 0.2798291353418789, ""weight"": 0.25}, {""p_home_win"": 0.6399145676709395, ""weight"": 0.5}, {""p_home_win"": 1.0, ""weight"": 0.25}]",2.967579441843896,,elo,"{'home_advantage': 2.6506232420194027, 'scale': 0.0679522622720349, 'error_term': 11.788841247699889, 'win_prob_k': 5.161067287181236}",1.0,14.0
2025-11-19,Minnesota Timberwolves,Washington Wizards,120.0,109.0,False,False,2025-11-19|Washington Wizards|Minnesota Timberwolves,,,,2025-11-19|Washington Wizards|Minnesota Timberwolves,0.9681237710876223,"[{""p_home_win"": 0.9362475421752445, ""weight"": 0.25}, {""p_home_win"": 0.9681237710876223, ""weight"": 0.5}, {""p_home_win"": 1.0, ""weight"": 0.25}]",17.617300010465566,,elo,"{'home_advantage': 2.6506232420194027, 'scale': 0.0679522622720349, 'error_term': 11.788841247699889, 'win_prob_k': 5.161067287181236}",1.0,11.0
2025-11-19,New Orleans Pelicans,Denver Nuggets,118.0,125.0,False,False,2025-11-19|Denver Nuggets|New Orleans Pelicans,,,,2025-11-19|Denver Nuggets|New Orleans Pelicans,0.08078084514349583,"[{""p_home_win"": 0.0, ""weight"": 0.25}, {""p_home_win"": 0.08078084514349583, ""weight"": 0.5}, {""p_home_win"": 0.16156169028699166, ""weight"": 0.25}]",-12.55060442627675,,elo,"{'home_advantage': 2.6506232420194027, 'scale': 0.0679522622720349, 'error_term': 11.788841247699889, 'win_prob_k': 5.161067287181236}",0.0,-7.0
2025-11-19,Oklahoma City Thunder,Sacramento Kings,113.0,99.0,False,False,2025-11-19|Sacramento Kings|Oklahoma City Thunder,,,,2025-11-19|Sacramento Kings|Oklahoma City Thunder,0.9849207888635378,"[{""p_home_win"": 0.9698415777270757, ""weight"": 0.25}, {""p_home_win"": 0.9849207888635378, ""weight"": 0.5}, {""p_home_win"": 1.0, ""weight"": 0.25}]",21.569360377304864,,elo,"{'home_advantage': 2.6506232420194027, 'scale': 0.0679522622720349, 'error_term': 11.788841247699889, 'win_prob_k': 5.161067287181236}",1.0,14.0
2025-11-19,Dallas Mavericks,New York Knicks,111.0,113.0,False,False,2025-11-19|New York Knicks|Dallas Mavericks,,,,2025-11-19|New York Knicks|Dallas Mavericks,0.19999825219260456,"[{""p_home_win"": 0.0, ""weight"": 0.25}, {""p_home_win"": 0.19999825219260456, ""weight"": 0.5}, {""p_home_win"": 0.3999965043852091, ""weight"": 0.25}]",-7.154814856211772,,elo,"{'home_advantage': 2.6506232420194027, 'scale': 0.0679522622720349, 'error_term': 11.788841247699889, 'win_prob_k': 5.161067287181236}",0.0,-2.0
2025-11-19,Portland Trail Blazers,Chicago Bulls,121.0,122.0,False,False,2025-11-19|Chicago Bulls|Portland Trail Blazers,,,,2025-11-19|Chicago Bulls|Portland Trail Blazers,0.478522568689508,"[{""p_home_win"": 0.0, ""weight"": 0.25}, {""p_home_win"": 0.478522568689508, ""weight"": 0.5}, {""p_home_win"": 0.957045137379016, ""weight"": 0.25}]",-0.44365887497417367,,elo,"{'home_advantage': 2.6506232420194027, 'scale': 0.0679522622720349, 'error_term': 11.788841247699889, 'win_prob_k': 5.161067287181236}",0.0,-1.0
2025-11-20,Orlando Magic,Los Angeles Clippers,129.0,101.0,False,False,2025-11-20|Los Angeles Clippers|Orlando Magic,,,,2025-11-20|Los Angeles Clippers|Orlando Magic,0.8969207294044941,"[{""p_home_win"": 0.7938414588089882, ""weight"": 0.25}, {""p_home_win"": 0.8969207294044941, ""weight"": 0.5}, {""p_home_win"": 1.0, ""weight"": 0.25}]",10.876080398815557,,elo,"{'home_advantage': 2.666394981319109, 'scale': 0.06442816288079498, 'error_term': 11.645053429319084, 'win_prob_k': 5.027148305177743}",1.0,28.0
2025-11-20,Memphis Grizzlies,Sacramento Kings,137.0,96.0,False,False,2025-11-20|Sacramento Kings|Memphis Grizzlies,,,,2025-11-20|Sacramento Kings|Memphis Grizzlies,0.6303744862405574,"[{""p_home_win"": 0.2607489724811147, ""weight"": 0.25}, {""p_home_win"": 0.6303744862405574, ""weight"": 0.5}, {""p_home_win"": 1.0, ""weight"": 0.25}]",2.6836108949999287,,elo,"{'home_advantage': 2.666394981319109, 'scale': 0.06442816288079498, 'error_term': 11.645053429319084, 'win_prob_k': 5.027148305177743}",1.0,41.0
2025-11-20,Milwaukee Bucks,Philadelphia 76ers,114.0,123.0,False,False,2025-11-20|Philadelphia 76ers|Milwaukee Bucks,,,,2025-11-20|Philadelphia 76ers|Milwaukee Bucks,0.5695585209761929,"[{""p_home_win"": 0.13911704195238572, ""weight"": 0.25}, {""p_home_win"": 0.5695585209761929, ""weight"": 0.5}, {""p_home_win"": 1.0, ""weight"": 0.25}]",1.407853680802783,,elo,"{'home_advantage': 2.666394981319109, 'scale': 0.06442816288079498, 'error_term': 11.645053429319084, 'win_prob_k': 5.027148305177743}",0.0,-9.0
2025-11-20,San Antonio Spurs,Atlanta Hawks,135.0,126.0,False,False,2025-11-20|Atlanta Hawks|San Antonio Spurs,,,,2025-11-20|Atlanta Hawks|San Antonio Spurs,0.6202969217853893,"[{""p_home_win"": 0.24059384357077862, ""weight"": 0.25}, {""p_home_win"": 0.6202969217853893, ""weight"": 0.5}, {""p_home_win"": 1.0, ""weight"": 0.25}]",2.4673681009237582,,elo,"{'home_advantage': 2.666394981319109, 'scale': 0.06442816288079498, 'error_term': 11.645053429319084, 'win_prob_k': 5.027148305177743}",1.0,9.0
2025-11-21,Cleveland Cavaliers,Indiana Pacers,120.0,109.0,False,False,2025-11-21|Indiana Pacers|Cleveland Cavaliers,,,,2025-11-21|Indiana Pacers|Cleveland Cavaliers,0.9544014294202718,"[{""p_home_win"": 0.9088028588405437, ""weight"": 0.25}, {""p_home_win"": 0.9544014294202718, ""weight"": 0.5}, {""p_home_win"": 1.0, ""weight"": 0.25}]",15.50233934705087,,elo,"{'home_advantage': 2.8341759134435485, 'scale': 0.06455994923914767, 'error_term': 11.852329184073275, 'win_prob_k': 5.097428176593434}",1.0,11.0
2025-11-21,Boston Celtics,Brooklyn Nets,105.0,113.0,False,False,2025-11-21|Brooklyn Nets|Boston Celtics,,,,2025-11-21|Brooklyn Nets|Boston Celtics,0.9281325691268785,"[{""p_home_win"": 0.8562651382537569, ""weight"": 0.25}, {""p_home_win"": 0.9281325691268785, ""weight"": 0.5}, {""p_home_win"": 1.0, ""weight"": 0.25}]",13.041012477657674,,elo,"{'home_advantage': 2.8341759134435485, 'scale': 0.06455994923914767, 'error_term': 11.852329184073275, 'win_prob_k': 5.097428176593434}",0.0,-8.0
2025-11-21,Toronto Raptors,Washington Wizards,140.0,110.0,False,False,2025-11-21|Washington Wizards|Toronto Raptors,,,,2025-11-21|Washington Wizards|Toronto Raptors,0.9827870588297678,"[{""p_home_win"": 0.9655741176595356, ""weight"": 0.25}, {""p_home_win"": 0.9827870588297678, ""weight"": 0.5}, {""p_home_win"": 1.0, ""weight"": 0.25}]",20.617725655909396,,elo,"{'home_advantage': 2.8341759134435485, 'scale': 0.06455994923914767, 'error_term': 11.852329184073275, 'win_prob_k': 5.097428176593434}",1.0,30.0
2025-11-21,Chicago Bulls,Miami Heat,107.0,143.0,False,False,2025-11-21|Miami Heat|Chicago Bulls,,,,2025-11-21|Miami Heat|Chicago Bulls,0.5475701159907712,"[{""p_home_win"": 0.09514023198154242, ""weight"": 0.25}, {""p_home_win"": 0.5475701159907712, ""weight"": 0.5}, {""p_home_win"": 1.0, ""weight"": 0.25}]",0.9728835225013761,,elo,"{'home_advantage': 2.8341759134435485, 'scale': 0.06455994923914767, 'error_term': 11.852329184073275, 'win_prob_k': 5.097428176593434}",0.0,-36.0
2025-11-21,Dallas Mavericks,New Orleans Pelicans,118.0,115.0,False,False,2025-11-21|New Orleans Pelicans|Dallas Mavericks,,,,2025-11-21|New Orleans Pelicans|Dallas Mavericks,0.665313930142831,"[{""p_home_win"": 0.33062786028566205, ""weight"": 0.25}, {""p_home_win"": 0.665313930142831, ""weight"": 0.5}, {""p_home_win"": 1.0, ""weight"": 0.25}]",3.5022696747569975,,elo,"{'home_advantage': 2.8341759134435485, 'scale': 0.06455994923914767, 'error_term': 11.852329184073275, 'win_prob_k': 5.097428176593434}",1.0,3.0
2025-11-21,Phoenix Suns,Minnesota Timberwolves,114.0,113.0,False,False,2025-11-21|Minnesota Timberwolves|Phoenix Suns,,,,2025-11-21|Minnesota Timberwolves|Phoenix Suns,0.6048813782517798,"[{""p_home_win"": 0.20976275650355958, ""weight"": 0.25}, {""p_home_win"": 0.6048813782517798, ""weight"": 0.5}, {""p_home_win"": 1.0, ""weight"": 0.25}]",2.170721141389225,,elo,"{'home_advantage': 2.8341759134435485, 'scale': 0.06455994923914767, 'error_term': 11.852329184073275, 'win_prob_k': 5.097428176593434}",1.0,1.0
2025-11-21,Houston Rockets,Denver Nuggets,109.0,112.0,False,False,2025-11-21|Denver Nuggets|Houston Rockets,,,,2025-11-21|Denver Nuggets|Houston Rockets,0.6709095537525795,"[{""p_home_win"": 0.3418191075051591, ""weight"": 0.25}, {""p_home_win"": 0.6709095537525795, ""weight"": 0.5}, {""p_home_win"": 1.0, ""weight"": 0.25}]",3.6309068021054616,,elo,"{'home_advantage': 2.8341759134435485, 'scale': 0.06455994923914767, 'error_term': 11.852329184073275, 'win_prob_k': 5.097428176593434}",0.0,-3.0
2025-11-21,Golden State Warriors,Portland Trail Blazers,123.0,127.0,False,False,2025-11-21|Portland Trail Blazers|Golden State Warriors,,,,2025-11-21|Portland Trail Blazers|Golden State Warriors,0.8211793952580823,"[{""p_home_win"": 0.6423587905161645, ""weight"": 0.25}, {""p_home_win"": 0.8211793952580823, ""weight"": 0.5}, {""p_home_win"": 1.0, ""weight"": 0.25}]",7.7703079623289435,,elo,"{'home_advantage': 2.8341759134435485, 'scale': 0.06455994923914767, 'error_term': 11.852329184073275, 'win_prob_k': 5.097428176593434}",0.0,-4.0
2025-11-21,Utah Jazz,Oklahoma City Thunder,112.0,144.0,False,False,2025-11-21|Oklahoma City Thunder|Utah Jazz,,,,2025-11-21|Oklahoma City Thunder|Utah Jazz,0.07660538205051962,"[{""p_home_win"": 0.0, ""weight"": 0.25}, {""p_home_win"": 0.07660538205051962, ""weight"": 0.5}, {""p_home_win"": 0.15321076410103923, ""weight"": 0.25}]",-12.689483392297433,,elo,"{'home_advantage': 2.8341759134435485, 'scale': 0.06455994923914767, 'error_term': 11.852329184073275, 'win_prob_k': 5.097428176593434}",0.0,-32.0
2025-11-22,Charlotte Hornets,Los Angeles Clippers,116.0,131.0,False,False,2025-11-22|Los Angeles Clippers|Charlotte Hornets,,,,2025-11-22|Los Angeles Clippers|Charlotte Hornets,0.6098044018988606,"[{""p_home_win"": 0.2196088037977213, ""weight"": 0.25}, {""p_home_win"": 0.6098044018988606, ""weight"": 0.5}, {""p_home_win"": 1.0, ""weight"": 0.25}]",2.395474202002048,,elo,"{'home_advantage': 2.380082068545995, 'scale': 0.06431040209259341, 'error_term': 12.05985022054409, 'win_prob_k': 5.365122696119631}",0.0,-15.0
2025-11-22,Orlando Magic,New York Knicks,133.0,121.0,False,False,2025-11-22|New York Knicks|Orlando Magic,,,,2025-11-22|New York Knicks|Orlando Magic,0.5976458492158137,"[{""p_home_win"": 0.1952916984316273, ""weight"": 0.25}, {""p_home_win"": 0.5976458492158137, ""weight"": 0.5}, {""p_home_win"": 1.0, ""weight"": 0.25}]",2.122794921096167,,elo,"{'home_advantage': 2.380082068545995, 'scale': 0.06431040209259341, 'error_term': 12.05985022054409, 'win_prob_k': 5.365122696119631}",1.0,12.0
2025-11-22,New Orleans Pelicans,Atlanta Hawks,98.0,115.0,False,False,2025-11-22|Atlanta Hawks|New Orleans Pelicans,,,,2025-11-22|Atlanta Hawks|New Orleans Pelicans,0.12104828196870457,"[{""p_home_win"": 0.0, ""weight"": 0.25}, {""p_home_win"": 0.12104828196870457, ""weight"": 0.5}, {""p_home_win"": 0.24209656393740914, ""weight"": 0.25}]",-10.636572910964217,,elo,"{'home_advantage': 2.380082068545995, 'scale': 0.06431040209259341, 'error_term': 12.05985022054409, 'win_prob_k': 5.365122696119631}",0.0,-17.0
2025-11-22,Chicago Bulls,Washington Wizards,121.0,120.0,False,False,2025-11-22|Washington Wizards|Chicago Bulls,,,,2025-11-22|Washington Wizards|Chicago Bulls,0.9408560999231589,"[{""p_home_win"": 0.8817121998463178, ""weight"": 0.25}, {""p_home_win"": 0.9408560999231589, ""weight"": 0.5}, {""p_home_win"": 1.0, ""weight"": 0.25}]",14.844311323310492,,elo,"{'home_advantage': 2.380082068545995, 'scale': 0.06431040209259341, 'error_term': 12.05985022054409, 'win_prob_k': 5.365122696119631}",1.0,1.0
2025-11-22,Milwaukee Bucks,Detroit Pistons,116.0,129.0,False,False,2025-11-22|Detroit Pistons|Milwaukee Bucks,,,,2025-11-22|Detroit Pistons|Milwaukee Bucks,0.1528639575127367,"[{""p_home_win"": 0.0, ""weight"": 0.25}, {""p_home_win"": 0.1528639575127367, ""weight"": 0.5}, {""p_home_win"": 0.3057279150254734, ""weight"": 0.25}]",-9.186769013801968,,elo,"{'home_advantage': 2.380082068545995, 'scale': 0.06431040209259341, 'error_term': 12.05985022054409, 'win_prob_k': 5.365122696119631}",0.0,-13.0
2025-11-22,Dallas Mavericks,Memphis Grizzlies,96.0,102.0,False,False,2025-11-22|Memphis Grizzlies|Dallas Mavericks,,,,2025-11-22|Memphis Grizzlies|Dallas Mavericks,0.5460772397633098,"[{""p_home_win"": 0.09215447952661959, ""weight"": 0.25}, {""p_home_win"": 0.5460772397633098, ""weight"": 0.5}, {""p_home_win"": 1.0, ""weight"": 0.25}]",0.9916537544071637,,elo,"{'home_advantage': 2.380082068545995, 'scale': 0.06431040209259341, 'error_term': 12.05985022054409, 'win_prob_k': 5.365122696119631}",0.0,-6.0
2025-11-22,Denver Nuggets,Sacramento Kings,123.0,128.0,False,False,2025-11-22|Sacramento Kings|Denver Nuggets,,,,2025-11-22|Sacramento Kings|Denver Nuggets,0.9706240843237232,"[{""p_home_win"": 0.9412481686474463, ""weight"": 0.25}, {""p_home_win"": 0.9706240843237232, ""weight"": 0.5}, {""p_home_win"": 1.0, ""weight"": 0.25}]",18.765933593870724,,elo,"{'home_advantage': 2.380082068545995, 'scale': 0.06431040209259341, 'error_term': 12.05985022054409, 'win_prob_k': 5.365122696119631}",0.0,-5.0
2025-11-23,Philadelphia 76ers,Miami Heat,117.0,127.0,False,False,2025-11-23|Miami Heat|Philadelphia 76ers,,,,2025-11-23|Miami Heat|Philadelphia 76ers,0.4656776343303343,"[{""p_home_win"": 0.0, ""weight"": 0.25}, {""p_home_win"": 0.4656776343303343, ""weight"": 0.5}, {""p_home_win"": 0.9313552686606686, ""weight"": 0.25}]",-0.722483059172534,,elo,"{'home_advantage': 2.203197368308237, 'scale': 0.06372761367476532, 'error_term': 12.11064676040325, 'win_prob_k': 5.254203867397074}",0.0,-10.0
2025-11-23,Atlanta Hawks,Charlotte Hornets,113.0,110.0,False,False,2025-11-23|Charlotte Hornets|Atlanta Hawks,,,,2025-11-23|Charlotte Hornets|Atlanta Hawks,0.9375572464644418,"[{""p_home_win"": 0.8751144929288837, ""weight"": 0.25}, {""p_home_win"": 0.9375572464644418, ""weight"": 0.5}, {""p_home_win"": 1.0, ""weight"": 0.25}]",14.233783425720612,,elo,"{'home_advantage': 2.203197368308237, 'scale': 0.06372761367476532, 'error_term': 12.11064676040325, 'win_prob_k': 5.254203867397074}",1.0,3.0
2025-11-23,Boston Celtics,Orlando Magic,138.0,129.0,False,False,2025-11-23|Orlando Magic|Boston Celtics,,,,2025-11-23|Orlando Magic|Boston Celtics,0.3967434715443944,"[{""p_home_win"": 0.0, ""weight"": 0.25}, {""p_home_win"": 0.3967434715443944, ""weight"": 0.5}, {""p_home_win"": 0.7934869430887888, ""weight"": 0.25}]",-2.2017879079403238,,elo,"{'home_advantage': 2.203197368308237, 'scale': 0.06372761367476532, 'error_term': 12.11064676040325, 'win_prob_k': 5.254203867397074}",1.0,9.0
2025-11-23,Cleveland Cavaliers,Los Angeles Clippers,120.0,105.0,False,False,2025-11-23|Los Angeles Clippers|Cleveland Cavaliers,,,,2025-11-23|Los Angeles Clippers|Cleveland Cavaliers,0.8974082559270051,"[{""p_home_win"": 0.7948165118540103, ""weight"": 0.25}, {""p_home_win"": 0.8974082559270051, ""weight"": 0.5}, {""p_home_win"": 1.0, ""weight"": 0.25}]",11.395072664353732,,elo,"{'home_advantage': 2.203197368308237, 'scale': 0.06372761367476532, 'error_term': 12.11064676040325, 'win_prob_k': 5.254203867397074}",1.0,15.0
2025-11-23,Toronto Raptors,Brooklyn Nets,119.0,109.0,False,False,2025-11-23|Brooklyn Nets|Toronto Raptors,,,,2025-11-23|Brooklyn Nets|Toronto Raptors,0.9514805879109708,"[{""p_home_win"": 0.9029611758219416, ""weight"": 0.25}, {""p_home_win"": 0.9514805879109708, ""weight"": 0.5}, {""p_home_win"": 1.0, ""weight"": 0.25}]",15.636801360581273,,elo,"{'home_advantage': 2.203197368308237, 'scale': 0.06372761367476532, 'error_term': 12.11064676040325, 'win_prob_k': 5.254203867397074}",1.0,10.0
2025-11-23,Oklahoma City Thunder,Portland Trail Blazers,122.0,95.0,False,False,2025-11-23|Portland Trail Blazers|Oklahoma City Thunder,,,,2025-11-23|Portland Trail Blazers|Oklahoma City Thunder,0.9552225518149227,"[{""p_home_win"": 0.9104451036298453, ""weight"": 0.25}, {""p_home_win"": 0.9552225518149227, ""weight"": 0.5}, {""p_home_win"": 1.0, ""weight"": 0.25}]",16.079123413645547,,elo,"{'home_advantage': 2.203197368308237, 'scale': 0.06372761367476532, 'error_term': 12.11064676040325, 'win_prob_k': 5.254203867397074}",1.0,27.0
2025-11-23,Phoenix Suns,San Antonio Spurs,111.0,102.0,False,False,2025-11-23|San Antonio Spurs|Phoenix Suns,,,,2025-11-23|San Antonio Spurs|Phoenix Suns,0.56180912806262,"[{""p_home_win"": 0.12361825612523991, ""weight"": 0.25}, {""p_home_win"": 0.56180912806262, ""weight"": 0.5}, {""p_home_win"": 1.0, ""weight"": 0.25}]",1.3057094158996163,,elo,"{'home_advantage': 2.203197368308237, 'scale': 0.06372761367476532, 'error_term': 12.11064676040325, 'win_prob_k': 5.254203867397074}",1.0,9.0
2025-11-23,Utah Jazz,Los Angeles Lakers,106.0,108.0,False,False,2025-11-23|Los Angeles Lakers|Utah Jazz,,,,2025-11-23|Los Angeles Lakers|Utah Jazz,0.13825092919707319,"[{""p_home_win"": 0.0, ""weight"": 0.25}, {""p_home_win"": 0.13825092919707319, ""weight"": 0.5}, {""p_home_win"": 0.27650185839414637, ""weight"": 0.25}]",-9.614634900208667,,elo,"{'home_advantage': 2.203197368308237, 'scale': 0.06372761367476532, 'error_term': 12.11064676040325, 'win_prob_k': 5.254203867397074}",0.0,-2.0
2025-11-24,Indiana Pacers,Detroit Pistons,117.0,122.0,False,False,2025-11-24|Detroit Pistons|Indiana Pacers,,,,2025-11-24|Detroit Pistons|Indiana Pacers,0.036491799129361416,"[{""p_home_win"": 0.0, ""weight"": 0.25}, {""p_home_win"": 0.036491799129361416, ""weight"": 0.5}, {""p_home_win"": 0.07298359825872283, ""weight"": 0.25}]",-17.13808954623438,,elo,"{'home_advantage': 2.301378204988974, 'scale': 0.061041475202441436, 'error_term': 12.04021040334021, 'win_prob_k': 5.23541281877257}",0.0,-5.0
2025-11-24,Toronto Raptors,Cleveland Cavaliers,110.0,99.0,False,False,2025-11-24|Cleveland Cavaliers|Toronto Raptors,,,,2025-11-24|Cleveland Cavaliers|Toronto Raptors,0.7153337329703082,"[{""p_home_win"": 0.43066746594061645, ""weight"": 0.25}, {""p_home_win"": 0.7153337329703082, ""weight"": 0.5}, {""p_home_win"": 1.0, ""weight"": 0.25}]",4.82407529167007,,elo,"{'home_advantage': 2.301378204988974, 'scale': 0.061041475202441436, 'error_term': 12.04021040334021, 'win_prob_k': 5.23541281877257}",1.0,11.0
2025-11-24,Brooklyn Nets,New York Knicks,100.0,113.0,False,False,2025-11-24|New York Knicks|Brooklyn Nets,,,,2025-11-24|New York Knicks|Brooklyn Nets,0.22796779529639852,"[{""p_home_win"": 0.0, ""weight"": 0.25}, {""p_home_win"": 0.22796779529639852, ""weight"": 0.5}, {""p_home_win"": 0.45593559059279704, ""weight"": 0.25}]",-6.38627118472919,,elo,"{'home_advantage': 2.301378204988974, 'scale': 0.061041475202441436, 'error_term': 12.04021040334021, 'win_prob_k': 5.23541281877257}",0.0,-13.0
2025-11-24,Miami Heat,Dallas Mavericks,106.0,102.0,False,False,2025-11-24|Dallas Mavericks|Miami Heat,,,,2025-11-24|Dallas Mavericks|Miami Heat,0.9606657264032928,"[{""p_home_win"": 0.9213314528065857, ""weight"": 0.25}, {""p_home_win"": 0.9606657264032928, ""weight"": 0.5}, {""p_home_win"": 1.0, ""weight"": 0.25}]",16.729920131091603,,elo,"{'home_advantage': 2.301378204988974, 'scale': 0.061041475202441436, 'error_term': 12.04021040334021, 'win_prob_k': 5.23541281877257}",1.0,4.0
2025-11-24,Memphis Grizzlies,Denver Nuggets,115.0,125.0,False,False,2025-11-24|Denver Nuggets|Memphis Grizzlies,,,,2025-11-24|Denver Nuggets|Memphis Grizzlies,0.1856005847638918,"[{""p_home_win"": 0.0, ""weight"": 0.25}, {""p_home_win"": 0.1856005847638918, ""weight"": 0.5}, {""p_home_win"": 0.3712011695277836, ""weight"": 0.25}]",-7.742410962266848,,elo,"{'home_advantage': 2.301378204988974, 'scale': 0.061041475202441436, 'error_term': 12.04021040334021, 'win_prob_k': 5.23541281877257}",0.0,-10.0
2025-11-24,Milwaukee Bucks,Portland Trail Blazers,103.0,115.0,False,False,2025-11-24|Portland Trail Blazers|Milwaukee Bucks,,,,2025-11-24|Portland Trail Blazers|Milwaukee Bucks,0.5924424619903519,"[{""p_home_win"": 0.18488492398070377, ""weight"": 0.25}, {""p_home_win"": 0.5924424619903519, ""weight"": 0.5}, {""p_home_win"": 1.0, ""weight"": 0.25}]",1.95841944582286,,elo,"{'home_advantage': 2.301378204988974, 'scale': 0.061041475202441436, 'error_term': 12.04021040334021, 'win_prob_k': 5.23541281877257}",0.0,-12.0
2025-11-24,New Orleans Pelicans,Chicago Bulls,143.0,130.0,False,False,2025-11-24|Chicago Bulls|New Orleans Pelicans,,,,2025-11-24|Chicago Bulls|New Orleans Pelicans,0.15018601921657246,"[{""p_home_win"": 0.0, ""weight"": 0.25}, {""p_home_win"": 0.15018601921657246, ""weight"": 0.5}, {""p_home_win"": 0.3003720384331449, ""weight"": 0.25}]",-9.073718165459113,,elo,"{'home_advantage': 2.301378204988974, 'scale': 0.061041475202441436, 'error_term': 12.04021040334021, 'win_prob_k': 5.23541281877257}",1.0,13.0
2025-11-24,Phoenix Suns,Houston Rockets,92.0,114.0,False,False,2025-11-24|Houston Rockets|Phoenix Suns,,,,2025-11-24|Houston Rockets|Phoenix Suns,0.5721673567641982,"[{""p_home_win"": 0.14433471352839633, ""weight"": 0.25}, {""p_home_win"": 0.5721673567641982, ""weight"": 0.5}, {""p_home_win"": 1.0, ""weight"": 0.25}]",1.521931531160547,,elo,"{'home_advantage': 2.301378204988974, 'scale': 0.061041475202441436, 'error_term': 12.04021040334021, 'win_prob_k': 5.23541281877257}",0.0,-22.0
2025-11-24,Golden State Warriors,Utah Jazz,134.0,117.0,False,False,2025-11-24|Utah Jazz|Golden State Warriors,,,,2025-11-24|Utah Jazz|Golden State Warriors,0.7936520950169367,"[{""p_home_win"": 0.5873041900338734, ""weight"": 0.25}, {""p_home_win"": 0.7936520950169367, ""weight"": 0.5}, {""p_home_win"": 1.0, ""weight"": 0.25}]",7.052528246872331,,elo,"{'home_advantage': 2.301378204988974, 'scale': 0.061041475202441436, 'error_term': 12.04021040334021, 'win_prob_k': 5.23541281877257}",1.0,17.0
2025-11-24,Sacramento Kings,Minnesota Timberwolves,117.0,112.0,False,False,2025-11-24|Minnesota Timberwolves|Sacramento Kings,,,,2025-11-24|Minnesota Timberwolves|Sacramento Kings,0.2541206370976485,"[{""p_home_win"": 0.0, ""weight"": 0.25}, {""p_home_win"": 0.2541206370976485, ""weight"": 0.5}, {""p_home_win"": 0.508241274195297, ""weight"": 0.25}]",-5.637255734593077,,elo,"{'home_advantage': 2.301378204988974, 'scale': 0.061041475202441436, 'error_term': 12.04021040334021, 'win_prob_k': 5.23541281877257}",1.0,5.0
2025-11-25,Washington Wizards,Atlanta Hawks,132.0,113.0,False,False,2025-11-25|Atlanta Hawks|Washington Wizards,,,,2025-11-25|Atlanta Hawks|Washington Wizards,0.07519416911136104,"[{""p_home_win"": 0.0, ""weight"": 0.25}, {""p_home_win"": 0.07519416911136104, ""weight"": 0.5}, {""p_home_win"": 0.15038833822272207, ""weight"": 0.25}]",-12.931191803711194,,elo,"{'home_advantage': 2.400077992205576, 'scale': 0.059603224101042844, 'error_term': 12.04356554672288, 'win_prob_k': 5.152874951459257}",1.0,19.0
2025-11-25,Philadelphia 76ers,Orlando Magic,103.0,144.0,False,False,2025-11-25|Orlando Magic|Philadelphia 76ers,,,,2025-11-25|Orlando Magic|Philadelphia 76ers,0.5553533724287427,"[{""p_home_win"": 0.11070674485748544, ""weight"": 0.25}, {""p_home_win"": 0.5553533724287427, ""weight"": 0.5}, {""p_home_win"": 1.0, ""weight"": 0.25}]",1.1456116191497316,,elo,"{'home_advantage': 2.400077992205576, 'scale': 0.059603224101042844, 'error_term': 12.04356554672288, 'win_prob_k': 5.152874951459257}",0.0,-41.0
2025-11-25,Los Angeles Lakers,Los Angeles Clippers,135.0,118.0,False,False,2025-11-25|Los Angeles Clippers|Los Angeles Lakers,,,,2025-11-25|Los Angeles Clippers|Los Angeles Lakers,0.9546248965769633,"[{""p_home_win"": 0.9092497931539265, ""weight"": 0.25}, {""p_home_win"": 0.9546248965769633, ""weight"": 0.5}, {""p_home_win"": 1.0, ""weight"": 0.25}]",15.697485924409442,,elo,"{'home_advantage': 2.400077992205576, 'scale': 0.059603224101042844, 'error_term': 12.04356554672288, 'win_prob_k': 5.152874951459257}",1.0,17.0
2025-11-26,Boston Celtics,Detroit Pistons,117.0,114.0,False,False,2025-11-26|Detroit Pistons|Boston Celtics,,,,2025-11-26|Detroit Pistons|Boston Celtics,0.20377537732664217,"[{""p_home_win"": 0.0, ""weight"": 0.25}, {""p_home_win"": 0.20377537732664217, ""weight"": 0.5}, {""p_home_win"": 0.40755075465328433, ""weight"": 0.25}]",-7.264666558515458,,elo,"{'home_advantage': 2.361767318564832, 'scale': 0.059122117372922965, 'error_term': 12.417438369039337, 'win_prob_k': 5.330445060944093}",1.0,3.0
2025-11-26,Charlotte Hornets,New York Knicks,101.0,129.0,False,False,2025-11-26|New York Knicks|Charlotte Hornets,,,,2025-11-26|New York Knicks|Charlotte Hornets,0.1733967798383946,"[{""p_home_win"": 0.0, ""weight"": 0.25}, {""p_home_win"": 0.1733967798383946, ""weight"": 0.5}, {""p_home_win"": 0.3467935596767892, ""weight"": 0.25}]",-8.324781552315823,,elo,"{'home_advantage': 2.361767318564832, 'scale': 0.059122117372922965, 'error_term': 12.417438369039337, 'win_prob_k': 5.330445060944093}",0.0,-28.0
2025-11-26,Miami Heat,Milwaukee Bucks,106.0,103.0,False,False,2025-11-26|Milwaukee Bucks|Miami Heat,,,,2025-11-26|Milwaukee Bucks|Miami Heat,0.9121344447304872,"[{""p_home_win"": 0.8242688894609744, ""weight"": 0.25}, {""p_home_win"": 0.9121344447304872, ""weight"": 0.5}, {""p_home_win"": 1.0, ""weight"": 0.25}]",12.473132336259118,,elo,"{'home_advantage': 2.361767318564832, 'scale': 0.059122117372922965, 'error_term': 12.417438369039337, 'win_prob_k': 5.330445060944093}",1.0,3.0
2025-11-26,Oklahoma City Thunder,Minnesota Timberwolves,113.0,105.0,False,False,2025-11-26|Minnesota Timberwolves|Oklahoma City Thunder,,,,2025-11-26|Minnesota Timberwolves|Oklahoma City Thunder,0.922593268967031,"[{""p_home_win"": 0.845186537934062, ""weight"": 0.25}, {""p_home_win"": 0.922593268967031, ""weight"": 0.5}, {""p_home_win"": 1.0, ""weight"": 0.25}]",13.209454445958245,,elo,"{'home_advantage': 2.361767318564832, 'scale': 0.059122117372922965, 'error_term': 12.417438369039337, 'win_prob_k': 5.330445060944093}",1.0,8.0
2025-11-26,Toronto Raptors,Indiana Pacers,97.0,95.0,False,False,2025-11-26|Indiana Pacers|Toronto Raptors,,,,2025-11-26|Indiana Pacers|Toronto Raptors,0.9734813977597309,"[{""p_home_win"": 0.9469627955194617, ""weight"": 0.25}, {""p_home_win"": 0.9734813977597309, ""weight"": 0.5}, {""p_home_win"": 1.0, ""weight"": 0.25}]",19.20576550383614,,elo,"{'home_advantage': 2.361767318564832, 'scale': 0.059122117372922965, 'error_term': 12.417438369039337, 'win_prob_k': 5.330445060944093}",1.0,2.0
2025-11-26,New Orleans Pelicans,Memphis Grizzlies,128.0,133.0,False,False,2025-11-26|Memphis Grizzlies|New Orleans Pelicans,,,,2025-11-26|Memphis Grizzlies|New Orleans Pelicans,0.451933855874354,"[{""p_home_win"": 0.0, ""weight"": 0.25}, {""p_home_win"": 0.451933855874354, ""weight"": 0.5}, {""p_home_win"": 0.903867711748708, ""weight"": 0.25}]",-1.0280304236826843,,elo,"{'home_advantage': 2.361767318564832, 'scale': 0.059122117372922965, 'error_term': 12.417438369039337, 'win_prob_k': 5.330445060944093}",0.0,-5.0
2025-11-26,Golden State Warriors,Houston Rockets,100.0,104.0,False,False,2025-11-26|Houston Rockets|Golden State Warriors,,,,2025-11-26|Houston Rockets|Golden State Warriors,0.3188377299857298,"[{""p_home_win"": 0.0, ""weight"": 0.25}, {""p_home_win"": 0.3188377299857298, ""weight"": 0.5}, {""p_home_win"": 0.6376754599714596, ""weight"": 0.25}]",-4.04643823189017,,elo,"{'home_advantage': 2.361767318564832, 'scale': 0.059122117372922965, 'error_term': 12.417438369039337, 'win_prob_k': 5.330445060944093}",0.0,-4.0
2025-11-26,Portland Trail Blazers,San Antonio Spurs,102.0,115.0,False,False,2025-11-26|San Antonio Spurs|Portland Trail Blazers,,,,2025-11-26|San Antonio Spurs|Portland Trail Blazers,0.4129393879653562,"[{""p_home_win"": 0.0, ""weight"": 0.25}, {""p_home_win"": 0.4129393879653562, ""weight"": 0.5}, {""p_home_win"": 0.8258787759307123, ""weight"": 0.25}]",-1.8753958269636533,,elo,"{'home_advantage': 2.361767318564832, 'scale': 0.059122117372922965, 'error_term': 12.417438369039337, 'win_prob_k': 5.330445060944093}",0.0,-13.0
2025-11-26,Sacramento Kings,Phoenix Suns,100.0,112.0,False,False,2025-11-26|Phoenix Suns|Sacramento Kings,,,,2025-11-26|Phoenix Suns|Sacramento Kings,0.2768811776604074,"[{""p_home_win"": 0.0, ""weight"": 0.25}, {""p_home_win"": 0.2768811776604074, ""weight"": 0.5}, {""p_home_win"": 0.5537623553208147, ""weight"": 0.25}]",-5.117147846944706,,elo,"{'home_advantage': 2.361767318564832, 'scale': 0.059122117372922965, 'error_term': 12.417438369039337, 'win_prob_k': 5.330445060944093}",0.0,-12.0
2025-11-28,Atlanta Hawks,Cleveland Cavaliers,130.0,123.0,False,False,2025-11-28|Cleveland Cavaliers|Atlanta Hawks,,,,2025-11-28|Cleveland Cavaliers|Atlanta Hawks,0.5471758226361355,"[{""p_home_win"": 0.09435164527227102, ""weight"": 0.25}, {""p_home_win"": 0.5471758226361355, ""weight"": 0.5}, {""p_home_win"": 1.0, ""weight"": 0.25}]",1.0099633488724622,,elo,"{'home_advantage': 2.073210922511941, 'scale': 0.0572601794693626, 'error_term': 12.280615560251478, 'win_prob_k': 5.336203844936096}",1.0,7.0
2025-11-28,Brooklyn Nets,Philadelphia 76ers,103.0,115.0,False,False,2025-11-28|Philadelphia 76ers|Brooklyn Nets,,,,2025-11-28|Philadelphia 76ers|Brooklyn Nets,0.28036317770096725,"[{""p_home_win"": 0.0, ""weight"": 0.25}, {""p_home_win"": 0.28036317770096725, ""weight"": 0.5}, {""p_home_win"": 0.5607263554019345, ""weight"": 0.25}]",-5.030230427427883,,elo,"{'home_advantage': 2.073210922511941, 'scale': 0.0572601794693626, 'error_term': 12.280615560251478, 'win_prob_k': 5.336203844936096}",0.0,-12.0
2025-11-28,Charlotte Hornets,Chicago Bulls,123.0,116.0,False,False,2025-11-28|Chicago Bulls|Charlotte Hornets,,,,2025-11-28|Chicago Bulls|Charlotte Hornets,0.24192885513891801,"[{""p_home_win"": 0.0, ""weight"": 0.25}, {""p_home_win"": 0.24192885513891801, ""weight"": 0.5}, {""p_home_win"": 0.48385771027783603, ""weight"": 0.25}]",-6.094657408864275,,elo,"{'home_advantage': 2.073210922511941, 'scale': 0.0572601794693626, 'error_term': 12.280615560251478, 'win_prob_k': 5.336203844936096}",1.0,7.0
2025-11-28,Detroit Pistons,Orlando Magic,109.0,112.0,False,False,2025-11-28|Orlando Magic|Detroit Pistons,,,,2025-11-28|Orlando Magic|Detroit Pistons,0.7912360015814127,"[{""p_home_win"": 0.5824720031628254, ""weight"": 0.25}, {""p_home_win"": 0.7912360015814127, ""weight"": 0.5}, {""p_home_win"": 1.0, ""weight"": 0.25}]",7.109914576978325,,elo,"{'home_advantage': 2.073210922511941, 'scale': 0.0572601794693626, 'error_term': 12.280615560251478, 'win_prob_k': 5.336203844936096}",0.0,-3.0
2025-11-28,Indiana Pacers,Washington Wizards,119.0,86.0,False,False,2025-11-28|Washington Wizards|Indiana Pacers,,,,2025-11-28|Washington Wizards|Indiana Pacers,0.5841892277565168,"[{""p_home_win"": 0.16837845551303365, ""weight"": 0.25}, {""p_home_win"": 0.5841892277565168, ""weight"": 0.5}, {""p_home_win"": 1.0, ""weight"": 0.25}]",1.8142808552597247,,elo,"{'home_advantage': 2.073210922511941, 'scale': 0.0572601794693626, 'error_term': 12.280615560251478, 'win_prob_k': 5.336203844936096}",1.0,33.0
2025-11-28,New York Knicks,Milwaukee Bucks,118.0,109.0,False,False,2025-11-28|Milwaukee Bucks|New York Knicks,,,,2025-11-28|Milwaukee Bucks|New York Knicks,0.8507255995987344,"[{""p_home_win"": 0.7014511991974688, ""weight"": 0.25}, {""p_home_win"": 0.8507255995987344, ""weight"": 0.5}, {""p_home_win"": 1.0, ""weight"": 0.25}]",9.286613727713144,,elo,"{'home_advantage': 2.073210922511941, 'scale': 0.0572601794693626, 'error_term': 12.280615560251478, 'win_prob_k': 5.336203844936096}",1.0,9.0
2025-11-28,Denver Nuggets,San Antonio Spurs,136.0,139.0,False,False,2025-11-28|San Antonio Spurs|Denver Nuggets,,,,2025-11-28|San Antonio Spurs|Denver Nuggets,0.6707481617929676,"[{""p_home_win"": 0.3414963235859352, ""weight"": 0.25}, {""p_home_win"": 0.6707481617929676, ""weight"": 0.5}, {""p_home_win"": 1.0, ""weight"": 0.25}]",3.7970869731435704,,elo,"{'home_advantage': 2.073210922511941, 'scale': 0.0572601794693626, 'error_term': 12.280615560251478, 'win_prob_k': 5.336203844936096}",0.0,-3.0
2025-11-28,Oklahoma City Thunder,Phoenix Suns,123.0,119.0,False,False,2025-11-28|Phoenix Suns|Oklahoma City Thunder,,,,2025-11-28|Phoenix Suns|Oklahoma City Thunder,0.8568968767109915,"[{""p_home_win"": 0.7137937534219829, ""weight"": 0.25}, {""p_home_win"": 0.8568968767109915, ""weight"": 0.5}, {""p_home_win"": 1.0, ""weight"": 0.25}]",9.550481869707232,,elo,"{'home_advantage': 2.073210922511941, 'scale': 0.0572601794693626, 'error_term': 12.280615560251478, 'win_prob_k': 5.336203844936096}",1.0,4.0
2025-11-28,Utah Jazz,Sacramento Kings,128.0,119.0,False,False,2025-11-28|Sacramento Kings|Utah Jazz,,,,2025-11-28|Sacramento Kings|Utah Jazz,0.562115578205716,"[{""p_home_win"": 0.12423115641143201, ""weight"": 0.25}, {""p_home_win"": 0.562115578205716, ""weight"": 0.5}, {""p_home_win"": 1.0, ""weight"": 0.25}]",1.3327301736590074,,elo,"{'home_advantage': 2.073210922511941, 'scale': 0.0572601794693626, 'error_term': 12.280615560251478, 'win_prob_k': 5.336203844936096}",1.0,9.0
2025-11-28,Los Angeles Clippers,Memphis Grizzlies,107.0,112.0,False,False,2025-11-28|Memphis Grizzlies|Los Angeles Clippers,,,,2025-11-28|Memphis Grizzlies|Los Angeles Clippers,0.49388061599028193,"[{""p_home_win"": 0.0, ""weight"": 0.25}, {""p_home_win"": 0.49388061599028193, ""weight"": 0.5}, {""p_home_win"": 0.9877612319805639, ""weight"": 0.25}]",-0.1306236441129185,,elo,"{'home_advantage': 2.073210922511941, 'scale': 0.0572601794693626, 'error_term': 12.280615560251478, 'win_prob_k': 5.336203844936096}",0.0,-5.0
2025-11-28,Los Angeles Lakers,Dallas Mavericks,129.0,119.0,False,False,2025-11-28|Dallas Mavericks|Los Angeles Lakers,,,,2025-11-28|Dallas Mavericks|Los Angeles Lakers,0.9659728603011382,"[{""p_home_win"": 0.9319457206022763, ""weight"": 0.25}, {""p_home_win"": 0.9659728603011382, ""weight"": 0.5}, {""p_home_win"": 1.0, ""weight"": 0.25}]",17.854816966688194,,elo,"{'home_advantage': 2.073210922511941, 'scale': 0.0572601794693626, 'error_term': 12.280615560251478, 'win_prob_k': 5.336203844936096}",1.0,10.0
2025-11-29,Minnesota Timberwolves,Boston Celtics,119.0,115.0,False,False,2025-11-29|Boston Celtics|Minnesota Timberwolves,,,,2025-11-29|Boston Celtics|Minnesota Timberwolves,0.5178480202640432,"[{""p_home_win"": 0.03569604052808639, ""weight"": 0.25}, {""p_home_win"": 0.5178480202640432, ""weight"": 0.5}, {""p_home_win"": 1.0, ""weight"": 0.25}]",0.384912151230117,,elo,"{'home_advantage': 2.106830477924887, 'scale': 0.05675505901463056, 'error_term': 12.173665417248113, 'win_prob_k': 5.38923370759788}",1.0,4.0
2025-11-29,Charlotte Hornets,Toronto Raptors,118.0,111.0,False,False,2025-11-29|Toronto Raptors|Charlotte Hornets,,,,2025-11-29|Toronto Raptors|Charlotte Hornets,0.09023862550089981,"[{""p_home_win"": 0.0, ""weight"": 0.25}, {""p_home_win"": 0.09023862550089981, ""weight"": 0.5}, {""p_home_win"": 0.18047725100179962, ""weight"": 0.25}]",-12.45303589092347,,elo,"{'home_advantage': 2.106830477924887, 'scale': 0.05675505901463056, 'error_term': 12.173665417248113, 'win_prob_k': 5.38923370759788}",1.0,7.0
2025-11-29,Indiana Pacers,Chicago Bulls,103.0,101.0,False,False,2025-11-29|Chicago Bulls|Indiana Pacers,,,,2025-11-29|Chicago Bulls|Indiana Pacers,0.3094320604258391,"[{""p_home_win"": 0.0, ""weight"": 0.25}, {""p_home_win"": 0.3094320604258391, ""weight"": 0.5}, {""p_home_win"": 0.6188641208516782, ""weight"": 0.25}]",-4.326346432289478,,elo,"{'home_advantage': 2.106830477924887, 'scale': 0.05675505901463056, 'error_term': 12.173665417248113, 'win_prob_k': 5.38923370759788}",1.0,2.0
2025-11-29,Miami Heat,Detroit Pistons,135.0,138.0,False,False,2025-11-29|Detroit Pistons|Miami Heat,,,,2025-11-29|Detroit Pistons|Miami Heat,0.5926094337310437,"[{""p_home_win"": 0.18521886746208738, ""weight"": 0.25}, {""p_home_win"": 0.5926094337310437, ""weight"": 0.5}, {""p_home_win"": 1.0, ""weight"": 0.25}]",2.0196865056616495,,elo,"{'home_advantage': 2.106830477924887, 'scale': 0.05675505901463056, 'error_term': 12.173665417248113, 'win_prob_k': 5.38923370759788}",0.0,-3.0
2025-11-29,Milwaukee Bucks,Brooklyn Nets,116.0,99.0,False,False,2025-11-29|Brooklyn Nets|Milwaukee Bucks,,,,2025-11-29|Brooklyn Nets|Milwaukee Bucks,0.7434631061939768,"[{""p_home_win"": 0.48692621238795364, ""weight"": 0.25}, {""p_home_win"": 0.7434631061939768, ""weight"": 0.5}, {""p_home_win"": 1.0, ""weight"": 0.25}]",5.734396089362168,,elo,"{'home_advantage': 2.106830477924887, 'scale': 0.05675505901463056, 'error_term': 12.173665417248113, 'win_prob_k': 5.38923370759788}",1.0,17.0
2025-11-29,Golden State Warriors,New Orleans Pelicans,104.0,96.0,False,False,2025-11-29|New Orleans Pelicans|Golden State Warriors,,,,2025-11-29|New Orleans Pelicans|Golden State Warriors,0.8793687438220221,"[{""p_home_win"": 0.7587374876440443, ""weight"": 0.25}, {""p_home_win"": 0.8793687438220221, ""weight"": 0.5}, {""p_home_win"": 1.0, ""weight"": 0.25}]",10.705528936050522,,elo,"{'home_advantage': 2.106830477924887, 'scale': 0.05675505901463056, 'error_term': 12.173665417248113, 'win_prob_k': 5.38923370759788}",1.0,8.0
2025-11-29,Phoenix Suns,Denver Nuggets,112.0,130.0,False,False,2025-11-29|Denver Nuggets|Phoenix Suns,,,,2025-11-29|Denver Nuggets|Phoenix Suns,0.5463884745431508,"[{""p_home_win"": 0.09277694908630152, ""weight"": 0.25}, {""p_home_win"": 0.5463884745431508, ""weight"": 0.5}, {""p_home_win"": 1.0, ""weight"": 0.25}]",1.002877400521981,,elo,"{'home_advantage': 2.106830477924887, 'scale': 0.05675505901463056, 'error_term': 12.173665417248113, 'win_prob_k': 5.38923370759788}",0.0,-18.0
2025-11-29,Los Angeles Clippers,Dallas Mavericks,110.0,114.0,False,False,2025-11-29|Dallas Mavericks|Los Angeles Clippers,,,,2025-11-29|Dallas Mavericks|Los Angeles Clippers,0.6542021268163298,"[{""p_home_win"": 0.30840425363265966, ""weight"": 0.25}, {""p_home_win"": 0.6542021268163298, ""weight"": 0.5}, {""p_home_win"": 1.0, ""weight"": 0.25}]",3.4359703155701653,,elo,"{'home_advantage': 2.106830477924887, 'scale': 0.05675505901463056, 'error_term': 12.173665417248113, 'win_prob_k': 5.38923370759788}",0.0,-4.0
2025-11-30,Utah Jazz,Houston Rockets,101.0,129.0,False,False,2025-11-30|Houston Rockets|Utah Jazz,,,,2025-11-30|Houston Rockets|Utah Jazz,0.1421392703508354,"[{""p_home_win"": 0.0, ""weight"": 0.25}, {""p_home_win"": 0.1421392703508354, ""weight"": 0.5}, {""p_home_win"": 0.2842785407016708, ""weight"": 0.25}]",-9.994182268281461,,elo,"{'home_advantage': 2.100709764230805, 'scale': 0.05734010509894391, 'error_term': 12.085215959529442, 'win_prob_k': 5.559630033155514}",0.0,-28.0
2025-11-30,Cleveland Cavaliers,Boston Celtics,115.0,117.0,False,False,2025-11-30|Boston Celtics|Cleveland Cavaliers,,,,2025-11-30|Boston Celtics|Cleveland Cavaliers,0.6385733365290357,"[{""p_home_win"": 0.2771466730580714, ""weight"": 0.25}, {""p_home_win"": 0.6385733365290357, ""weight"": 0.5}, {""p_home_win"": 1.0, ""weight"": 0.25}]",3.1644156153592067,,elo,"{'home_advantage': 2.100709764230805, 'scale': 0.05734010509894391, 'error_term': 12.085215959529442, 'win_prob_k': 5.559630033155514}",0.0,-2.0
2025-11-30,New York Knicks,Toronto Raptors,116.0,94.0,False,False,2025-11-30|Toronto Raptors|New York Knicks,,,,2025-11-30|Toronto Raptors|New York Knicks,0.5066460579945362,"[{""p_home_win"": 0.013292115989072428, ""weight"": 0.25}, {""p_home_win"": 0.5066460579945362, ""weight"": 0.5}, {""p_home_win"": 1.0, ""weight"": 0.25}]",0.1478071998000403,,elo,"{'home_advantage': 2.100709764230805, 'scale': 0.05734010509894391, 'error_term': 12.085215959529442, 'win_prob_k': 5.559630033155514}",1.0,22.0
2025-11-30,Philadelphia 76ers,Atlanta Hawks,134.0,142.0,False,False,2025-11-30|Atlanta Hawks|Philadelphia 76ers,,,,2025-11-30|Atlanta Hawks|Philadelphia 76ers,0.4816242146678355,"[{""p_home_win"": 0.0, ""weight"": 0.25}, {""p_home_win"": 0.4816242146678355, ""weight"": 0.5}, {""p_home_win"": 0.963248429335671, ""weight"": 0.25}]",-0.4088344062788205,,elo,"{'home_advantage': 2.100709764230805, 'scale': 0.05734010509894391, 'error_term': 12.085215959529442, 'win_prob_k': 5.559630033155514}",0.0,-8.0
2025-11-30,Portland Trail Blazers,Oklahoma City Thunder,115.0,123.0,False,False,2025-11-30|Oklahoma City Thunder|Portland Trail Blazers,,,,2025-11-30|Oklahoma City Thunder|Portland Trail Blazers,0.10271729586972188,"[{""p_home_win"": 0.0, ""weight"": 0.25}, {""p_home_win"": 0.10271729586972188, ""weight"": 0.5}, {""p_home_win"": 0.20543459173944376, ""weight"": 0.25}]",-12.049889119005694,,elo,"{'home_advantage': 2.100709764230805, 'scale': 0.05734010509894391, 'error_term': 12.085215959529442, 'win_prob_k': 5.559630033155514}",0.0,-8.0
2025-11-30,Minnesota Timberwolves,San Antonio Spurs,125.0,112.0,False,False,2025-11-30|San Antonio Spurs|Minnesota Timberwolves,,,,2025-11-30|San Antonio Spurs|Minnesota Timberwolves,0.39362510011841634,"[{""p_home_win"": 0.0, ""weight"": 0.25}, {""p_home_win"": 0.39362510011841634, ""weight"": 0.5}, {""p_home_win"": 0.7872502002368327, ""weight"": 0.25}]",-2.4023134002357622,,elo,"{'home_advantage': 2.100709764230805, 'scale': 0.05734010509894391, 'error_term': 12.085215959529442, 'win_prob_k': 5.559630033155514}",1.0,13.0
2025-11-30,Sacramento Kings,Memphis Grizzlies,107.0,115.0,False,False,2025-11-30|Memphis Grizzlies|Sacramento Kings,,,,2025-11-30|Memphis Grizzlies|Sacramento Kings,0.4459830845002157,"[{""p_home_win"": 0.0, ""weight"": 0.25}, {""p_home_win"": 0.4459830845002157, ""weight"": 0.5}, {""p_home_win"": 0.8919661690004314, ""weight"": 0.25}]",-1.205962675936307,,elo,"{'home_advantage': 2.100709764230805, 'scale': 0.05734010509894391, 'error_term': 12.085215959529442, 'win_prob_k': 5.559630033155514}",0.0,-8.0
2025-11-30,Los Angeles Lakers,New Orleans Pelicans,133.0,121.0,False,False,2025-11-30|New Orleans Pelicans|Los Angeles Lakers,,,,2025-11-30|New Orleans Pelicans|Los Angeles Lakers,0.9726746706571862,"[{""p_home_win"": 0.9453493413143723, ""weight"": 0.25}, {""p_home_win"": 0.9726746706571862, ""weight"": 0.5}, {""p_home_win"": 1.0, ""weight"": 0.25}]",19.86030822999045,,elo,"{'home_advantage': 2.100709764230805, 'scale': 0.05734010509894391, 'error_term': 12.085215959529442, 'win_prob_k': 5.559630033155514}",1.0,12.0
2025-12-01,Detroit Pistons,Atlanta Hawks,99.0,98.0,False,False,2025-12-01|Atlanta Hawks|Detroit Pistons,,,,2025-12-01|Atlanta Hawks|Detroit Pistons,0.7425509506625247,"[{""p_home_win"": 0.4851019013250495, ""weight"": 0.25}, {""p_home_win"": 0.7425509506625247, ""weight"": 0.5}, {""p_home_win"": 1.0, ""weight"": 0.25}]",5.920587008964334,,elo,"{'home_advantage': 2.12288260873797, 'scale': 0.05615251630378506, 'error_term': 12.041877583036461, 'win_prob_k': 5.58931050441495}",1.0,1.0
2025-12-01,Indiana Pacers,Cleveland Cavaliers,119.0,135.0,False,False,2025-12-01|Cleveland Cavaliers|Indiana Pacers,,,,2025-12-01|Cleveland Cavaliers|Indiana Pacers,0.2719267443790937,"[{""p_home_win"": 0.0, ""weight"": 0.25}, {""p_home_win"": 0.2719267443790937, ""weight"": 0.5}, {""p_home_win"": 0.5438534887581874, ""weight"": 0.25}]",-5.504738429751514,,elo,"{'home_advantage': 2.12288260873797, 'scale': 0.05615251630378506, 'error_term': 12.041877583036461, 'win_prob_k': 5.58931050441495}",0.0,-16.0
2025-12-01,Washington Wizards,Milwaukee Bucks,129.0,126.0,False,False,2025-12-01|Milwaukee Bucks|Washington Wizards,,,,2025-12-01|Milwaukee Bucks|Washington Wizards,0.3271210032907734,"[{""p_home_win"": 0.0, ""weight"": 0.25}, {""p_home_win"": 0.3271210032907734, ""weight"": 0.5}, {""p_home_win"": 0.6542420065815469, ""weight"": 0.25}]",-4.031208449369487,,elo,"{'home_advantage': 2.12288260873797, 'scale': 0.05615251630378506, 'error_term': 12.041877583036461, 'win_prob_k': 5.58931050441495}",1.0,3.0
2025-12-01,Brooklyn Nets,Charlotte Hornets,116.0,103.0,False,False,2025-12-01|Charlotte Hornets|Brooklyn Nets,,,,2025-12-01|Charlotte Hornets|Brooklyn Nets,0.43529125395285184,"[{""p_home_win"": 0.0, ""weight"": 0.25}, {""p_home_win"": 0.43529125395285184, ""weight"": 0.5}, {""p_home_win"": 0.8705825079057037, ""weight"": 0.25}]",-1.4548681701043735,,elo,"{'home_advantage': 2.12288260873797, 'scale': 0.05615251630378506, 'error_term': 12.041877583036461, 'win_prob_k': 5.58931050441495}",1.0,13.0
2025-12-01,Miami Heat,Los Angeles Clippers,140.0,123.0,False,False,2025-12-01|Los Angeles Clippers|Miami Heat,,,,2025-12-01|Los Angeles Clippers|Miami Heat,0.9429069607249484,"[{""p_home_win"": 0.8858139214498968, ""weight"": 0.25}, {""p_home_win"": 0.9429069607249484, ""weight"": 0.5}, {""p_home_win"": 1.0, ""weight"": 0.25}]",15.674021897140396,,elo,"{'home_advantage': 2.12288260873797, 'scale': 0.05615251630378506, 'error_term': 12.041877583036461, 'win_prob_k': 5.58931050441495}",1.0,17.0
2025-12-01,Orlando Magic,Chicago Bulls,125.0,120.0,False,False,2025-12-01|Chicago Bulls|Orlando Magic,,,,2025-12-01|Chicago Bulls|Orlando Magic,0.8610731730046244,"[{""p_home_win"": 0.7221463460092488, ""weight"": 0.25}, {""p_home_win"": 0.8610731730046244, ""weight"": 0.5}, {""p_home_win"": 1.0, ""weight"": 0.25}]",10.196199733244075,,elo,"{'home_advantage': 2.12288260873797, 'scale': 0.05615251630378506, 'error_term': 12.041877583036461, 'win_prob_k': 5.58931050441495}",1.0,5.0
2025-12-01,Denver Nuggets,Dallas Mavericks,121.0,131.0,False,False,2025-12-01|Dallas Mavericks|Denver Nuggets,,,,2025-12-01|Dallas Mavericks|Denver Nuggets,0.9351723097887495,"[{""p_home_win"": 0.8703446195774991, ""weight"": 0.25}, {""p_home_win"": 0.9351723097887495, ""weight"": 0.5}, {""p_home_win"": 1.0, ""weight"": 0.25}]",14.917858393867984,,elo,"{'home_advantage': 2.12288260873797, 'scale': 0.05615251630378506, 'error_term': 12.041877583036461, 'win_prob_k': 5.58931050441495}",0.0,-10.0
2025-12-01,Utah Jazz,Houston Rockets,133.0,125.0,False,False,2025-12-01|Houston Rockets|Utah Jazz,,,,2025-12-01|Houston Rockets|Utah Jazz,0.12268122543936044,"[{""p_home_win"": 0.0, ""weight"": 0.25}, {""p_home_win"": 0.12268122543936044, ""weight"": 0.5}, {""p_home_win"": 0.24536245087872088, ""weight"": 0.25}]",-10.995744812223336,,elo,"{'home_advantage': 2.12288260873797, 'scale': 0.05615251630378506, 'error_term': 12.041877583036461, 'win_prob_k': 5.58931050441495}",1.0,8.0
2025-12-01,Los Angeles Lakers,Phoenix Suns,108.0,125.0,False,False,2025-12-01|Phoenix Suns|Los Angeles Lakers,,,,2025-12-01|Phoenix Suns|Los Angeles Lakers,0.802375233386969,"[{""p_home_win"": 0.6047504667739381, ""weight"": 0.25}, {""p_home_win"": 0.802375233386969, ""weight"": 0.5}, {""p_home_win"": 1.0, ""weight"": 0.25}]",7.831776845132011,,elo,"{'home_advantage': 2.12288260873797, 'scale': 0.05615251630378506, 'error_term': 12.041877583036461, 'win_prob_k': 5.58931050441495}",0.0,-17.0
2025-12-02,Philadelphia 76ers,Washington Wizards,121.0,102.0,False,False,2025-12-02|Washington Wizards|Philadelphia 76ers,,,,2025-12-02|Washington Wizards|Philadelphia 76ers,0.8489492475550839,"[{""p_home_win"": 0.6978984951101679, ""weight"": 0.25}, {""p_home_win"": 0.8489492475550839, ""weight"": 0.5}, {""p_home_win"": 1.0, ""weight"": 0.25}]",9.943519137818923,,elo,"{'home_advantage': 1.9432779930673199, 'scale': 0.05559110113997308, 'error_term': 12.205487322250082, 'win_prob_k': 5.75973938848569}",1.0,19.0
2025-12-02,Toronto Raptors,Portland Trail Blazers,121.0,118.0,False,False,2025-12-02|Portland Trail Blazers|Toronto Raptors,,,,2025-12-02|Portland Trail Blazers|Toronto Raptors,0.81785562660928,"[{""p_home_win"": 0.63571125321856, ""weight"": 0.25}, {""p_home_win"": 0.81785562660928, ""weight"": 0.5}, {""p_home_win"": 1.0, ""weight"": 0.25}]",8.650473059603659,,elo,"{'home_advantage': 1.9432779930673199, 'scale': 0.05559110113997308, 'error_term': 12.205487322250082, 'win_prob_k': 5.75973938848569}",1.0,3.0
2025-12-02,Boston Celtics,New York Knicks,123.0,117.0,False,False,2025-12-02|New York Knicks|Boston Celtics,,,,2025-12-02|New York Knicks|Boston Celtics,0.4797783821334449,"[{""p_home_win"": 0.0, ""weight"": 0.25}, {""p_home_win"": 0.4797783821334449, ""weight"": 0.5}, {""p_home_win"": 0.9595567642668899, ""weight"": 0.25}]",-0.466139254364059,,elo,"{'home_advantage': 1.9432779930673199, 'scale': 0.05559110113997308, 'error_term': 12.205487322250082, 'win_prob_k': 5.75973938848569}",1.0,6.0
2025-12-02,New Orleans Pelicans,Minnesota Timberwolves,142.0,149.0,False,False,2025-12-02|Minnesota Timberwolves|New Orleans Pelicans,,,,2025-12-02|Minnesota Timberwolves|New Orleans Pelicans,0.14323142444169815,"[{""p_home_win"": 0.0, ""weight"": 0.25}, {""p_home_win"": 0.14323142444169815, ""weight"": 0.5}, {""p_home_win"": 0.2864628488833963, ""weight"": 0.25}]",-10.302481364867385,,elo,"{'home_advantage': 1.9432779930673199, 'scale': 0.05559110113997308, 'error_term': 12.205487322250082, 'win_prob_k': 5.75973938848569}",0.0,-7.0
2025-12-02,San Antonio Spurs,Memphis Grizzlies,126.0,119.0,False,False,2025-12-02|Memphis Grizzlies|San Antonio Spurs,,,,2025-12-02|Memphis Grizzlies|San Antonio Spurs,0.7939455048382311,"[{""p_home_win"": 0.5878910096764622, ""weight"": 0.25}, {""p_home_win"": 0.7939455048382311, ""weight"": 0.5}, {""p_home_win"": 1.0, ""weight"": 0.25}]",7.769163582010094,,elo,"{'home_advantage': 1.9432779930673199, 'scale': 0.05559110113997308, 'error_term': 12.205487322250082, 'win_prob_k': 5.75973938848569}",1.0,7.0
2025-12-02,Golden State Warriors,Oklahoma City Thunder,112.0,124.0,False,False,2025-12-02|Oklahoma City Thunder|Golden State Warriors,,,,2025-12-02|Oklahoma City Thunder|Golden State Warriors,0.13782711502346717,"[{""p_home_win"": 0.0, ""weight"": 0.25}, {""p_home_win"": 0.13782711502346717, ""weight"": 0.5}, {""p_home_win"": 0.27565423004693435, ""weight"": 0.25}]",-10.560227030167642,,elo,"{'home_advantage': 1.9432779930673199, 'scale': 0.05559110113997308, 'error_term': 12.205487322250082, 'win_prob_k': 5.75973938848569}",0.0,-12.0
2025-12-03,Cleveland Cavaliers,Portland Trail Blazers,110.0,122.0,False,False,2025-12-03|Portland Trail Blazers|Cleveland Cavaliers,,,,2025-12-03|Portland Trail Blazers|Cleveland Cavaliers,0.7497613055531906,"[{""p_home_win"": 0.4995226111063813, ""weight"": 0.25}, {""p_home_win"": 0.7497613055531906, ""weight"": 0.5}, {""p_home_win"": 1.0, ""weight"": 0.25}]",6.18501865627473,,elo,"{'home_advantage': 1.961443265683322, 'scale': 0.05398808807002136, 'error_term': 12.110326135295427, 'win_prob_k': 5.636375774617219}",0.0,-12.0
2025-12-03,Indiana Pacers,Denver Nuggets,120.0,135.0,False,False,2025-12-03|Denver Nuggets|Indiana Pacers,,,,2025-12-03|Denver Nuggets|Indiana Pacers,0.157011053914679,"[{""p_home_win"": 0.0, ""weight"": 0.25}, {""p_home_win"": 0.157011053914679, ""weight"": 0.5}, {""p_home_win"": 0.314022107829358, ""weight"": 0.25}]",-9.472705253822754,,elo,"{'home_advantage': 1.961443265683322, 'scale': 0.05398808807002136, 'error_term': 12.110326135295427, 'win_prob_k': 5.636375774617219}",0.0,-15.0
2025-12-03,Orlando Magic,San Antonio Spurs,112.0,114.0,False,False,2025-12-03|San Antonio Spurs|Orlando Magic,,,,2025-12-03|San Antonio Spurs|Orlando Magic,0.5923330468822414,"[{""p_home_win"": 0.18466609376448284, ""weight"": 0.25}, {""p_home_win"": 0.5923330468822414, ""weight"": 0.5}, {""p_home_win"": 1.0, ""weight"": 0.25}]",2.105854297349247,,elo,"{'home_advantage': 1.961443265683322, 'scale': 0.05398808807002136, 'error_term': 12.110326135295427, 'win_prob_k': 5.636375774617219}",0.0,-2.0
2025-12-03,Atlanta Hawks,Los Angeles Clippers,92.0,115.0,False,False,2025-12-03|Los Angeles Clippers|Atlanta Hawks,,,,2025-12-03|Los Angeles Clippers|Atlanta Hawks,0.9163648831925504,"[{""p_home_win"": 0.8327297663851008, ""weight"": 0.25}, {""p_home_win"": 0.9163648831925504, ""weight"": 0.5}, {""p_home_win"": 1.0, ""weight"": 0.25}]",13.493208211430467,,elo,"{'home_advantage': 1.961443265683322, 'scale': 0.05398808807002136, 'error_term': 12.110326135295427, 'win_prob_k': 5.636375774617219}",0.0,-23.0
2025-12-03,New York Knicks,Charlotte Hornets,119.0,104.0,False,False,2025-12-03|Charlotte Hornets|New York Knicks,,,,2025-12-03|Charlotte Hornets|New York Knicks,0.8895007080935884,"[{""p_home_win"": 0.7790014161871768, ""weight"": 0.25}, {""p_home_win"": 0.8895007080935884, ""weight"": 0.5}, {""p_home_win"": 1.0, ""weight"": 0.25}]",11.755513843382143,,elo,"{'home_advantage': 1.961443265683322, 'scale': 0.05398808807002136, 'error_term': 12.110326135295427, 'win_prob_k': 5.636375774617219}",1.0,15.0
2025-12-03,Chicago Bulls,Brooklyn Nets,103.0,113.0,False,False,2025-12-03|Brooklyn Nets|Chicago Bulls,,,,2025-12-03|Brooklyn Nets|Chicago Bulls,0.7365553908442817,"[{""p_home_win"": 0.47311078168856335, ""weight"": 0.25}, {""p_home_win"": 0.7365553908442817, ""weight"": 0.5}, {""p_home_win"": 1.0, ""weight"": 0.25}]",5.794990757520456,,elo,"{'home_advantage': 1.961443265683322, 'scale': 0.05398808807002136, 'error_term': 12.110326135295427, 'win_prob_k': 5.636375774617219}",0.0,-10.0
2025-12-03,Houston Rockets,Sacramento Kings,121.0,95.0,False,False,2025-12-03|Sacramento Kings|Houston Rockets,,,,2025-12-03|Sacramento Kings|Houston Rockets,0.9307747504660626,"[{""p_home_win"": 0.8615495009321252, ""weight"": 0.25}, {""p_home_win"": 0.9307747504660626, ""weight"": 0.5}, {""p_home_win"": 1.0, ""weight"": 0.25}]",14.646977097543973,,elo,"{'home_advantage': 1.961443265683322, 'scale': 0.05398808807002136, 'error_term': 12.110326135295427, 'win_prob_k': 5.636375774617219}",1.0,26.0
2025-12-03,Milwaukee Bucks,Detroit Pistons,113.0,109.0,False,False,2025-12-03|Detroit Pistons|Milwaukee Bucks,,,,2025-12-03|Detroit Pistons|Milwaukee Bucks,0.11763227298715216,"[{""p_home_win"": 0.0, ""weight"": 0.25}, {""p_home_win"": 0.11763227298715216, ""weight"": 0.5}, {""p_home_win"": 0.23526454597430432, ""weight"": 0.25}]",-11.357553444752817,,elo,"{'home_advantage': 1.961443265683322, 'scale': 0.05398808807002136, 'error_term': 12.110326135295427, 'win_prob_k': 5.636375774617219}",1.0,4.0
2025-12-03,Dallas Mavericks,Miami Heat,118.0,108.0,False,False,2025-12-03|Miami Heat|Dallas Mavericks,,,,2025-12-03|Miami Heat|Dallas Mavericks,0.1874682385988401,"[{""p_home_win"": 0.0, ""weight"": 0.25}, {""p_home_win"": 0.1874682385988401, ""weight"": 0.5}, {""p_home_win"": 0.3749364771976802, ""weight"": 0.25}]",-8.26600190887706,,elo,"{'home_advantage': 1.961443265683322, 'scale': 0.05398808807002136, 'error_term': 12.110326135295427, 'win_prob_k': 5.636375774617219}",1.0,10.0
2025-12-04,Philadelphia 76ers,Golden State Warriors,99.0,98.0,False,False,2025-12-04|Golden State Warriors|Philadelphia 76ers,,,,2025-12-04|Golden State Warriors|Philadelphia 76ers,0.5982270046602548,"[{""p_home_win"": 0.1964540093205096, ""weight"": 0.25}, {""p_home_win"": 0.5982270046602548, ""weight"": 0.5}, {""p_home_win"": 1.0, ""weight"": 0.25}]",2.346094978255126,,elo,"{'home_advantage': 1.8470651143247205, 'scale': 0.055531811729836386, 'error_term': 12.18432945165658, 'win_prob_k': 5.8934812552832625}",1.0,1.0
2025-12-04,Washington Wizards,Boston Celtics,101.0,146.0,False,False,2025-12-04|Boston Celtics|Washington Wizards,,,,2025-12-04|Boston Celtics|Washington Wizards,0.1409899250805002,"[{""p_home_win"": 0.0, ""weight"": 0.25}, {""p_home_win"": 0.1409899250805002, ""weight"": 0.5}, {""p_home_win"": 0.2819798501610004, ""weight"": 0.25}]",-10.650064102039632,,elo,"{'home_advantage': 1.8470651143247205, 'scale': 0.055531811729836386, 'error_term': 12.18432945165658, 'win_prob_k': 5.8934812552832625}",0.0,-45.0
2025-12-04,Brooklyn Nets,Utah Jazz,110.0,123.0,False,False,2025-12-04|Utah Jazz|Brooklyn Nets,,,,2025-12-04|Utah Jazz|Brooklyn Nets,0.4544464812136039,"[{""p_home_win"": 0.0, ""weight"": 0.25}, {""p_home_win"": 0.4544464812136039, ""weight"": 0.5}, {""p_home_win"": 0.9088929624272079, ""weight"": 0.25}]",-1.0768613532733808,,elo,"{'home_advantage': 1.8470651143247205, 'scale': 0.055531811729836386, 'error_term': 12.18432945165658, 'win_prob_k': 5.8934812552832625}",0.0,-13.0
2025-12-04,Toronto Raptors,Los Angeles Lakers,120.0,123.0,False,False,2025-12-04|Los Angeles Lakers|Toronto Raptors,,,,2025-12-04|Los Angeles Lakers|Toronto Raptors,0.5189922061015931,"[{""p_home_win"": 0.03798441220318627, ""weight"": 0.25}, {""p_home_win"": 0.5189922061015931, ""weight"": 0.5}, {""p_home_win"": 1.0, ""weight"": 0.25}]",0.4479363554237623,,elo,"{'home_advantage': 1.8470651143247205, 'scale': 0.055531811729836386, 'error_term': 12.18432945165658, 'win_prob_k': 5.8934812552832625}",0.0,-3.0
2025-12-04,New Orleans Pelicans,Minnesota Timberwolves,116.0,125.0,False,False,2025-12-04|Minnesota Timberwolves|New Orleans Pelicans,,,,2025-12-04|Minnesota Timberwolves|New Orleans Pelicans,0.12261486919699277,"[{""p_home_win"": 0.0, ""weight"": 0.25}, {""p_home_win"": 0.12261486919699277, ""weight"": 0.5}, {""p_home_win"": 0.24522973839398554, ""weight"": 0.25}]",-11.597768462814159,,elo,"{'home_advantage': 1.8470651143247205, 'scale': 0.055531811729836386, 'error_term': 12.18432945165658, 'win_prob_k': 5.8934812552832625}",0.0,-9.0
2025-12-05,Boston Celtics,Los Angeles Lakers,126.0,105.0,False,False,2025-12-05|Los Angeles Lakers|Boston Celtics,,,,2025-12-05|Los Angeles Lakers|Boston Celtics,0.41625080948103105,"[{""p_home_win"": 0.0, ""weight"": 0.25}, {""p_home_win"": 0.41625080948103105, ""weight"": 0.5}, {""p_home_win"": 0.8325016189620621, ""weight"": 0.25}]",-1.9909780725521595,,elo,"{'home_advantage': 1.6689924903494577, 'scale': 0.05508920103429016, 'error_term': 12.274486537646094, 'win_prob_k': 5.887272583013921}",1.0,21.0
2025-12-05,Orlando Magic,Miami Heat,106.0,105.0,False,False,2025-12-05|Miami Heat|Orlando Magic,,,,2025-12-05|Miami Heat|Orlando Magic,0.569555580869858,"[{""p_home_win"": 0.13911116173971605, ""weight"": 0.25}, {""p_home_win"": 0.569555580869858, ""weight"": 0.5}, {""p_home_win"": 1.0, ""weight"": 0.25}]",1.6486610181401957,,elo,"{'home_advantage': 1.6689924903494577, 'scale': 0.05508920103429016, 'error_term': 12.274486537646094, 'win_prob_k': 5.887272583013921}",1.0,1.0
2025-12-05,Atlanta Hawks,Denver Nuggets,133.0,134.0,False,False,2025-12-05|Denver Nuggets|Atlanta Hawks,,,,2025-12-05|Denver Nuggets|Atlanta Hawks,0.43945060948301806,"[{""p_home_win"": 0.0, ""weight"": 0.25}, {""p_home_win"": 0.43945060948301806, ""weight"": 0.5}, {""p_home_win"": 0.8789012189660361, ""weight"": 0.25}]",-1.4329151978987769,,elo,"{'home_advantage': 1.6689924903494577, 'scale': 0.05508920103429016, 'error_term': 12.274486537646094, 'win_prob_k': 5.887272583013921}",0.0,-1.0
2025-12-05,Cleveland Cavaliers,San Antonio Spurs,130.0,117.0,False,False,2025-12-05|San Antonio Spurs|Cleveland Cavaliers,,,,2025-12-05|San Antonio Spurs|Cleveland Cavaliers,0.309229098838568,"[{""p_home_win"": 0.0, ""weight"": 0.25}, {""p_home_win"": 0.309229098838568, ""weight"": 0.5}, {""p_home_win"": 0.618458197677136, ""weight"": 0.25}]",-4.73175286438201,,elo,"{'home_advantage': 1.6689924903494577, 'scale': 0.05508920103429016, 'error_term': 12.274486537646094, 'win_prob_k': 5.887272583013921}",1.0,13.0
2025-12-05,Detroit Pistons,Portland Trail Blazers,122.0,116.0,False,False,2025-12-05|Portland Trail Blazers|Detroit Pistons,,,,2025-12-05|Portland Trail Blazers|Detroit Pistons,0.8425363988173945,"[{""p_home_win"": 0.685072797634789, ""weight"": 0.25}, {""p_home_win"": 0.8425363988173945, ""weight"": 0.5}, {""p_home_win"": 1.0, ""weight"": 0.25}]",9.87426625582534,,elo,"{'home_advantage': 1.6689924903494577, 'scale': 0.05508920103429016, 'error_term': 12.274486537646094, 'win_prob_k': 5.887272583013921}",1.0,6.0
2025-12-05,New York Knicks,Utah Jazz,146.0,112.0,False,False,2025-12-05|Utah Jazz|New York Knicks,,,,2025-12-05|Utah Jazz|New York Knicks,0.7921763379812367,"[{""p_home_win"": 0.5843526759624733, ""weight"": 0.25}, {""p_home_win"": 0.7921763379812367, ""weight"": 0.5}, {""p_home_win"": 1.0, ""weight"": 0.25}]",7.877724559005507,,elo,"{'home_advantage': 1.6689924903494577, 'scale': 0.05508920103429016, 'error_term': 12.274486537646094, 'win_prob_k': 5.887272583013921}",1.0,34.0
2025-12-05,Toronto Raptors,Charlotte Hornets,86.0,111.0,False,False,2025-12-05|Charlotte Hornets|Toronto Raptors,,,,2025-12-05|Charlotte Hornets|Toronto Raptors,0.8914640615884948,"[{""p_home_win"": 0.7829281231769896, ""weight"": 0.25}, {""p_home_win"": 0.8914640615884948, ""weight"": 0.5}, {""p_home_win"": 1.0, ""weight"": 0.25}]",12.39732309290747,,elo,"{'home_advantage': 1.6689924903494577, 'scale': 0.05508920103429016, 'error_term': 12.274486537646094, 'win_prob_k': 5.887272583013921}",0.0,-25.0
2025-12-05,Chicago Bulls,Indiana Pacers,105.0,120.0,False,False,2025-12-05|Indiana Pacers|Chicago Bulls,,,,2025-12-05|Indiana Pacers|Chicago Bulls,0.6916328223757401,"[{""p_home_win"": 0.3832656447514802, ""weight"": 0.25}, {""p_home_win"": 0.6916328223757401, ""weight"": 0.5}, {""p_home_win"": 1.0, ""weight"": 0.25}]",4.75552686962102,,elo,"{'home_advantage': 1.6689924903494577, 'scale': 0.05508920103429016, 'error_term': 12.274486537646094, 'win_prob_k': 5.887272583013921}",0.0,-15.0
2025-12-05,Houston Rockets,Phoenix Suns,117.0,98.0,False,False,2025-12-05|Phoenix Suns|Houston Rockets,,,,2025-12-05|Phoenix Suns|Houston Rockets,0.6798599304218876,"[{""p_home_win"": 0.3597198608437753, ""weight"": 0.25}, {""p_home_win"": 0.6798599304218876, ""weight"": 0.5}, {""p_home_win"": 1.0, ""weight"": 0.25}]",4.433870855134629,,elo,"{'home_advantage': 1.6689924903494577, 'scale': 0.05508920103429016, 'error_term': 12.274486537646094, 'win_prob_k': 5.887272583013921}",1.0,19.0
2025-12-05,Memphis Grizzlies,Los Angeles Clippers,107.0,98.0,False,False,2025-12-05|Los Angeles Clippers|Memphis Grizzlies,,,,2025-12-05|Los Angeles Clippers|Memphis Grizzlies,0.7469771314057675,"[{""p_home_win"": 0.493954262811535, ""weight"": 0.25}, {""p_home_win"": 0.7469771314057675, ""weight"": 0.5}, {""p_home_win"": 1.0, ""weight"": 0.25}]",6.3732945837665085,,elo,"{'home_advantage': 1.6689924903494577, 'scale': 0.05508920103429016, 'error_term': 12.274486537646094, 'win_prob_k': 5.887272583013921}",1.0,9.0
2025-12-05,Milwaukee Bucks,Philadelphia 76ers,101.0,116.0,False,False,2025-12-05|Philadelphia 76ers|Milwaukee Bucks,,,,2025-12-05|Philadelphia 76ers|Milwaukee Bucks,0.39163544878282214,"[{""p_home_win"": 0.0, ""weight"": 0.25}, {""p_home_win"": 0.39163544878282214, ""weight"": 0.5}, {""p_home_win"": 0.7832708975656443, ""weight"": 0.25}]",-2.5930071952739007,,elo,"{'home_advantage': 1.6689924903494577, 'scale': 0.05508920103429016, 'error_term': 12.274486537646094, 'win_prob_k': 5.887272583013921}",0.0,-15.0
2025-12-05,Oklahoma City Thunder,Dallas Mavericks,132.0,111.0,False,False,2025-12-05|Dallas Mavericks|Oklahoma City Thunder,,,,2025-12-05|Dallas Mavericks|Oklahoma City Thunder,0.9555986239032627,"[{""p_home_win"": 0.9111972478065253, ""weight"": 0.25}, {""p_home_win"": 0.9555986239032627, ""weight"": 0.5}, {""p_home_win"": 1.0, ""weight"": 0.25}]",18.068437026403252,,elo,"{'home_advantage': 1.6689924903494577, 'scale': 0.05508920103429016, 'error_term': 12.274486537646094, 'win_prob_k': 5.887272583013921}",1.0,21.0
2025-12-06,Brooklyn Nets,New Orleans Pelicans,119.0,101.0,False,False,2025-12-06|New Orleans Pelicans|Brooklyn Nets,,,,2025-12-06|New Orleans Pelicans|Brooklyn Nets,0.7007821524779376,"[{""p_home_win"": 0.40156430495587525, ""weight"": 0.25}, {""p_home_win"": 0.7007821524779376, ""weight"": 0.5}, {""p_home_win"": 1.0, ""weight"": 0.25}]",5.131681051721866,,elo,"{'home_advantage': 1.6569517836065324, 'scale': 0.05513154747242691, 'error_term': 12.392597635004297, 'win_prob_k': 6.0299991017179}",1.0,18.0
2025-12-06,Washington Wizards,Atlanta Hawks,116.0,131.0,False,False,2025-12-06|Atlanta Hawks|Washington Wizards,,,,2025-12-06|Atlanta Hawks|Washington Wizards,0.19801409222721228,"[{""p_home_win"": 0.0, ""weight"": 0.25}, {""p_home_win"": 0.19801409222721228, ""weight"": 0.5}, {""p_home_win"": 0.39602818445442456, ""weight"": 0.25}]",-8.434478340564871,,elo,"{'home_advantage': 1.6569517836065324, 'scale': 0.05513154747242691, 'error_term': 12.392597635004297, 'win_prob_k': 6.0299991017179}",0.0,-15.0
2025-12-06,Cleveland Cavaliers,Golden State Warriors,94.0,99.0,False,False,2025-12-06|Golden State Warriors|Cleveland Cavaliers,,,,2025-12-06|Golden State Warriors|Cleveland Cavaliers,0.6752670596354878,"[{""p_home_win"": 0.35053411927097566, ""weight"": 0.25}, {""p_home_win"": 0.6752670596354878, ""weight"": 0.5}, {""p_home_win"": 1.0, ""weight"": 0.25}]",4.414593300109926,,elo,"{'home_advantage': 1.6569517836065324, 'scale': 0.05513154747242691, 'error_term': 12.392597635004297, 'win_prob_k': 6.0299991017179}",0.0,-5.0
2025-12-06,Detroit Pistons,Milwaukee Bucks,124.0,112.0,False,False,2025-12-06|Milwaukee Bucks|Detroit Pistons,,,,2025-12-06|Milwaukee Bucks|Detroit Pistons,0.9032575460455847,"[{""p_home_win"": 0.8065150920911694, ""weight"": 0.25}, {""p_home_win"": 0.9032575460455847, ""weight"": 0.5}, {""p_home_win"": 1.0, ""weight"": 0.25}]",13.470748999528386,,elo,"{'home_advantage': 1.6569517836065324, 'scale': 0.05513154747242691, 'error_term': 12.392597635004297, 'win_prob_k': 6.0299991017179}",1.0,12.0
2025-12-06,Miami Heat,Sacramento Kings,111.0,127.0,False,False,2025-12-06|Sacramento Kings|Miami Heat,,,,2025-12-06|Sacramento Kings|Miami Heat,0.8748090855859735,"[{""p_home_win"": 0.749618171171947, ""weight"": 0.25}, {""p_home_win"": 0.8748090855859735, ""weight"": 0.5}, {""p_home_win"": 1.0, ""weight"": 0.25}]",11.723317950374826,,elo,"{'home_advantage': 1.6569517836065324, 'scale': 0.05513154747242691, 'error_term': 12.392597635004297, 'win_prob_k': 6.0299991017179}",0.0,-16.0
2025-12-06,Minnesota Timberwolves,Los Angeles Clippers,109.0,106.0,False,False,2025-12-06|Los Angeles Clippers|Minnesota Timberwolves,,,,2025-12-06|Los Angeles Clippers|Minnesota Timberwolves,0.8912397388302614,"[{""p_home_win"": 0.7824794776605228, ""weight"": 0.25}, {""p_home_win"": 0.8912397388302614, ""weight"": 0.5}, {""p_home_win"": 1.0, ""weight"": 0.25}]",12.683906757574123,,elo,"{'home_advantage': 1.6569517836065324, 'scale': 0.05513154747242691, 'error_term': 12.392597635004297, 'win_prob_k': 6.0299991017179}",1.0,3.0
2025-12-06,Dallas Mavericks,Houston Rockets,122.0,109.0,False,False,2025-12-06|Houston Rockets|Dallas Mavericks,,,,2025-12-06|Houston Rockets|Dallas Mavericks,0.17249926514906969,"[{""p_home_win"": 0.0, ""weight"": 0.25}, {""p_home_win"": 0.17249926514906969, ""weight"": 0.5}, {""p_home_win"": 0.34499853029813937, ""weight"": 0.25}]",-9.455141215030842,,elo,"{'home_advantage': 1.6569517836065324, 'scale': 0.05513154747242691, 'error_term': 12.392597635004297, 'win_prob_k': 6.0299991017179}",1.0,13.0
2025-12-07,New York Knicks,Orlando Magic,106.0,100.0,False,False,2025-12-07|Orlando Magic|New York Knicks,,,,2025-12-07|Orlando Magic|New York Knicks,0.5558194272103297,"[{""p_home_win"": 0.11163885442065946, ""weight"": 0.25}, {""p_home_win"": 0.5558194272103297, ""weight"": 0.5}, {""p_home_win"": 1.0, ""weight"": 0.25}]",1.3370966093473047,,elo,"{'home_advantage': 1.634392787204683, 'scale': 0.05386560777034918, 'error_term': 12.540743974636692, 'win_prob_k': 5.963529381509479}",1.0,6.0
2025-12-07,Toronto Raptors,Boston Celtics,113.0,121.0,False,False,2025-12-07|Boston Celtics|Toronto Raptors,,,,2025-12-07|Boston Celtics|Toronto Raptors,0.4452223650493302,"[{""p_home_win"": 0.0, ""weight"": 0.25}, {""p_home_win"": 0.4452223650493302, ""weight"": 0.5}, {""p_home_win"": 0.8904447300986604, ""weight"": 0.25}]",-1.3119378298967657,,elo,"{'home_advantage': 1.634392787204683, 'scale': 0.05386560777034918, 'error_term': 12.540743974636692, 'win_prob_k': 5.963529381509479}",0.0,-8.0
2025-12-07,Charlotte Hornets,Denver Nuggets,106.0,115.0,False,False,2025-12-07|Denver Nuggets|Charlotte Hornets,,,,2025-12-07|Denver Nuggets|Charlotte Hornets,0.18244579252035886,"[{""p_home_win"": 0.0, ""weight"": 0.25}, {""p_home_win"": 0.18244579252035886, ""weight"": 0.5}, {""p_home_win"": 0.3648915850407177, ""weight"": 0.25}]",-8.944483675143792,,elo,"{'home_advantage': 1.634392787204683, 'scale': 0.05386560777034918, 'error_term': 12.540743974636692, 'win_prob_k': 5.963529381509479}",0.0,-9.0
2025-12-07,Memphis Grizzlies,Portland Trail Blazers,119.0,96.0,False,False,2025-12-07|Portland Trail Blazers|Memphis Grizzlies,,,,2025-12-07|Portland Trail Blazers|Memphis Grizzlies,0.5932595047642794,"[{""p_home_win"": 0.1865190095285587, ""weight"": 0.25}, {""p_home_win"": 0.5932595047642794, ""weight"": 0.5}, {""p_home_win"": 1.0, ""weight"": 0.25}]",2.250973157349077,,elo,"{'home_advantage': 1.634392787204683, 'scale': 0.05386560777034918, 'error_term': 12.540743974636692, 'win_prob_k': 5.963529381509479}",1.0,23.0
2025-12-07,Chicago Bulls,Golden State Warriors,91.0,123.0,False,False,2025-12-07|Golden State Warriors|Chicago Bulls,,,,2025-12-07|Golden State Warriors|Chicago Bulls,0.30862718584571247,"[{""p_home_win"": 0.0, ""weight"": 0.25}, {""p_home_win"": 0.30862718584571247, ""weight"": 0.5}, {""p_home_win"": 0.6172543716914249, ""weight"": 0.25}]",-4.809855857857981,,elo,"{'home_advantage': 1.634392787204683, 'scale': 0.05386560777034918, 'error_term': 12.540743974636692, 'win_prob_k': 5.963529381509479}",0.0,-32.0
2025-12-07,Philadelphia 76ers,Los Angeles Lakers,108.0,112.0,False,False,2025-12-07|Los Angeles Lakers|Philadelphia 76ers,,,,2025-12-07|Los Angeles Lakers|Philadelphia 76ers,0.3843085077099213,"[{""p_home_win"": 0.0, ""weight"": 0.25}, {""p_home_win"": 0.3843085077099213, ""weight"": 0.5}, {""p_home_win"": 0.7686170154198426, ""weight"": 0.25}]",-2.8106136538061666,,elo,"{'home_advantage': 1.634392787204683, 'scale': 0.05386560777034918, 'error_term': 12.540743974636692, 'win_prob_k': 5.963529381509479}",0.0,-4.0
2025-12-07,Utah Jazz,Oklahoma City Thunder,101.0,131.0,False,False,2025-12-07|Oklahoma City Thunder|Utah Jazz,,,,2025-12-07|Oklahoma City Thunder|Utah Jazz,0.08585401338331869,"[{""p_home_win"": 0.0, ""weight"": 0.25}, {""p_home_win"": 0.08585401338331869, ""weight"": 0.5}, {""p_home_win"": 0.17170802676663738, ""weight"": 0.25}]",-14.105786194899364,,elo,"{'home_advantage': 1.634392787204683, 'scale': 0.05386560777034918, 'error_term': 12.540743974636692, 'win_prob_k': 5.963529381509479}",0.0,-30.0
2025-12-08,Indiana Pacers,Sacramento Kings,116.0,105.0,False,False,2025-12-08|Sacramento Kings|Indiana Pacers,,,,2025-12-08|Sacramento Kings|Indiana Pacers,0.5005297316026139,"[{""p_home_win"": 0.001059463205227873, ""weight"": 0.25}, {""p_home_win"": 0.5005297316026139, ""weight"": 0.5}, {""p_home_win"": 1.0, ""weight"": 0.25}]",0.012711596250363666,,elo,"{'home_advantage': 1.5846820441548413, 'scale': 0.05305482447165568, 'error_term': 12.586788778765415, 'win_prob_k': 5.999071714590963}",1.0,11.0
2025-12-08,Minnesota Timberwolves,Phoenix Suns,105.0,108.0,False,False,2025-12-08|Phoenix Suns|Minnesota Timberwolves,,,,2025-12-08|Phoenix Suns|Minnesota Timberwolves,0.6042132843543497,"[{""p_home_win"": 0.20842656870869947, ""weight"": 0.25}, {""p_home_win"": 0.6042132843543497, ""weight"": 0.5}, {""p_home_win"": 1.0, ""weight"": 0.25}]",2.537918003739639,,elo,"{'home_advantage': 1.5846820441548413, 'scale': 0.05305482447165568, 'error_term': 12.586788778765415, 'win_prob_k': 5.999071714590963}",0.0,-3.0
2025-12-08,New Orleans Pelicans,San Antonio Spurs,132.0,135.0,False,False,2025-12-08|San Antonio Spurs|New Orleans Pelicans,,,,2025-12-08|San Antonio Spurs|New Orleans Pelicans,0.08334402418030279,"[{""p_home_win"": 0.0, ""weight"": 0.25}, {""p_home_win"": 0.08334402418030279, ""weight"": 0.5}, {""p_home_win"": 0.16668804836060558, ""weight"": 0.25}]",-14.384306167032873,,elo,"{'home_advantage': 1.5846820441548413, 'scale': 0.05305482447165568, 'error_term': 12.586788778765415, 'win_prob_k': 5.999071714590963}",0.0,-3.0
2025-12-09,Orlando Magic,Miami Heat,117.0,108.0,False,False,2025-12-09|Miami Heat|Orlando Magic,,,,2025-12-09|Miami Heat|Orlando Magic,0.6662087991554791,"[{""p_home_win"": 0.3324175983109583, ""weight"": 0.25}, {""p_home_win"": 0.6662087991554791, ""weight"": 0.5}, {""p_home_win"": 1.0, ""weight"": 0.25}]",4.125663302650181,,elo,"{'home_advantage': 1.6180067483698763, 'scale': 0.05203211942060798, 'error_term': 12.58422338904629, 'win_prob_k': 5.969813376963005}",1.0,9.0
2025-12-09,Toronto Raptors,New York Knicks,101.0,117.0,False,False,2025-12-09|New York Knicks|Toronto Raptors,,,,2025-12-09|New York Knicks|Toronto Raptors,0.38680352438508964,"[{""p_home_win"": 0.0, ""weight"": 0.25}, {""p_home_win"": 0.38680352438508964, ""weight"": 0.5}, {""p_home_win"": 0.7736070487701793, ""weight"": 0.25}]",-2.750702099852255,,elo,"{'home_advantage': 1.6180067483698763, 'scale': 0.05203211942060798, 'error_term': 12.58422338904629, 'win_prob_k': 5.969813376963005}",0.0,-16.0
2025-12-10,Oklahoma City Thunder,Phoenix Suns,138.0,89.0,False,False,2025-12-10|Phoenix Suns|Oklahoma City Thunder,,,,2025-12-10|Phoenix Suns|Oklahoma City Thunder,0.8486376393887668,"[{""p_home_win"": 0.6972752787775336, ""weight"": 0.25}, {""p_home_win"": 0.8486376393887668, ""weight"": 0.5}, {""p_home_win"": 1.0, ""weight"": 0.25}]",10.323149199971771,,elo,"{'home_advantage': 1.5849012025180722, 'scale': 0.05179558294072914, 'error_term': 12.574392210549588, 'win_prob_k': 5.988059836387453}",1.0,49.0
2025-12-10,Los Angeles Lakers,San Antonio Spurs,119.0,132.0,False,False,2025-12-10|San Antonio Spurs|Los Angeles Lakers,,,,2025-12-10|San Antonio Spurs|Los Angeles Lakers,0.6382293152456477,"[{""p_home_win"": 0.2764586304912955, ""weight"": 0.25}, {""p_home_win"": 0.6382293152456477, ""weight"": 0.5}, {""p_home_win"": 1.0, ""weight"": 0.25}]",3.3993443439813396,,elo,"{'home_advantage': 1.5849012025180722, 'scale': 0.05179558294072914, 'error_term': 12.574392210549588, 'win_prob_k': 5.988059836387453}",0.0,-13.0
2025-12-11,Houston Rockets,Los Angeles Clippers,115.0,113.0,False,False,2025-12-11|Los Angeles Clippers|Houston Rockets,,,,2025-12-11|Los Angeles Clippers|Houston Rockets,0.9184097636986043,"[{""p_home_win"": 0.8368195273972086, ""weight"": 0.25}, {""p_home_win"": 0.9184097636986043, ""weight"": 0.5}, {""p_home_win"": 1.0, ""weight"": 0.25}]",14.671788792241308,,elo,"{'home_advantage': 1.6472221706592487, 'scale': 0.05249041115320911, 'error_term': 12.695214565318219, 'win_prob_k': 6.060383495991568}",1.0,2.0
2025-12-11,Milwaukee Bucks,Boston Celtics,116.0,101.0,False,False,2025-12-11|Boston Celtics|Milwaukee Bucks,,,,2025-12-11|Boston Celtics|Milwaukee Bucks,0.18959978164586228,"[{""p_home_win"": 0.0, ""weight"": 0.25}, {""p_home_win"": 0.18959978164586228, ""weight"": 0.5}, {""p_home_win"": 0.37919956329172455, ""weight"": 0.25}]",-8.803390543498562,,elo,"{'home_advantage': 1.6472221706592487, 'scale': 0.05249041115320911, 'error_term': 12.695214565318219, 'win_prob_k': 6.060383495991568}",1.0,15.0
2025-12-11,New Orleans Pelicans,Portland Trail Blazers,143.0,120.0,False,False,2025-12-11|Portland Trail Blazers|New Orleans Pelicans,,,,2025-12-11|Portland Trail Blazers|New Orleans Pelicans,0.237678964042757,"[{""p_home_win"": 0.0, ""weight"": 0.25}, {""p_home_win"": 0.237678964042757, ""weight"": 0.5}, {""p_home_win"": 0.475357928085514, ""weight"": 0.25}]",-7.063055167118844,,elo,"{'home_advantage': 1.6472221706592487, 'scale': 0.05249041115320911, 'error_term': 12.695214565318219, 'win_prob_k': 6.060383495991568}",1.0,23.0
2025-12-11,Sacramento Kings,Denver Nuggets,105.0,136.0,False,False,2025-12-11|Denver Nuggets|Sacramento Kings,,,,2025-12-11|Denver Nuggets|Sacramento Kings,0.15255364475529193,"[{""p_home_win"": 0.0, ""weight"": 0.25}, {""p_home_win"": 0.15255364475529193, ""weight"": 0.5}, {""p_home_win"": 0.30510728951058386, ""weight"": 0.25}]",-10.39180767823592,,elo,"{'home_advantage': 1.6472221706592487, 'scale': 0.05249041115320911, 'error_term': 12.695214565318219, 'win_prob_k': 6.060383495991568}",0.0,-31.0
2025-12-12,Charlotte Hornets,Chicago Bulls,126.0,129.0,False,False,2025-12-12|Chicago Bulls|Charlotte Hornets,,,,2025-12-12|Chicago Bulls|Charlotte Hornets,0.6314475273814736,"[{""p_home_win"": 0.26289505476294717, ""weight"": 0.25}, {""p_home_win"": 0.6314475273814736, ""weight"": 0.5}, {""p_home_win"": 1.0, ""weight"": 0.25}]",3.291965358189059,,elo,"{'home_advantage': 1.6404028827342418, 'scale': 0.052357251964037226, 'error_term': 12.82276794426548, 'win_prob_k': 6.11398818948096}",0.0,-3.0
2025-12-12,Detroit Pistons,Atlanta Hawks,142.0,115.0,False,False,2025-12-12|Atlanta Hawks|Detroit Pistons,,,,2025-12-12|Atlanta Hawks|Detroit Pistons,0.7864550298778248,"[{""p_home_win"": 0.5729100597556496, ""weight"": 0.25}, {""p_home_win"": 0.7864550298778248, ""weight"": 0.5}, {""p_home_win"": 1.0, ""weight"": 0.25}]",7.970733645927035,,elo,"{'home_advantage': 1.6404028827342418, 'scale': 0.052357251964037226, 'error_term': 12.82276794426548, 'win_prob_k': 6.11398818948096}",1.0,27.0
2025-12-12,Philadelphia 76ers,Indiana Pacers,115.0,105.0,False,False,2025-12-12|Indiana Pacers|Philadelphia 76ers,,,,2025-12-12|Indiana Pacers|Philadelphia 76ers,0.7879435058327757,"[{""p_home_win"": 0.5758870116655515, ""weight"": 0.25}, {""p_home_win"": 0.7879435058327757, ""weight"": 0.5}, {""p_home_win"": 1.0, ""weight"": 0.25}]",8.025059935091681,,elo,"{'home_advantage': 1.6404028827342418, 'scale': 0.052357251964037226, 'error_term': 12.82276794426548, 'win_prob_k': 6.11398818948096}",1.0,10.0
2025-12-12,Washington Wizards,Cleveland Cavaliers,126.0,130.0,False,False,2025-12-12|Cleveland Cavaliers|Washington Wizards,,,,2025-12-12|Cleveland Cavaliers|Washington Wizards,0.21030440782636523,"[{""p_home_win"": 0.0, ""weight"": 0.25}, {""p_home_win"": 0.21030440782636523, ""weight"": 0.5}, {""p_home_win"": 0.42060881565273045, ""weight"": 0.25}]",-8.08936582077646,,elo,"{'home_advantage': 1.6404028827342418, 'scale': 0.052357251964037226, 'error_term': 12.82276794426548, 'win_prob_k': 6.11398818948096}",0.0,-4.0
2025-12-12,Memphis Grizzlies,Utah Jazz,126.0,130.0,False,False,2025-12-12|Utah Jazz|Memphis Grizzlies,,,,2025-12-12|Utah Jazz|Memphis Grizzlies,0.6728552015140591,"[{""p_home_win"": 0.3457104030281182, ""weight"": 0.25}, {""p_home_win"": 0.6728552015140591, ""weight"": 0.5}, {""p_home_win"": 1.0, ""weight"": 0.25}]",4.408963618103576,,elo,"{'home_advantage': 1.6404028827342418, 'scale': 0.052357251964037226, 'error_term': 12.82276794426548, 'win_prob_k': 6.11398818948096}",0.0,-4.0
2025-12-12,Dallas Mavericks,Brooklyn Nets,119.0,111.0,False,False,2025-12-12|Brooklyn Nets|Dallas Mavericks,,,,2025-12-12|Brooklyn Nets|Dallas Mavericks,0.7227906634938722,"[{""p_home_win"": 0.44558132698774444, ""weight"": 0.25}, {""p_home_win"": 0.7227906634938722, ""weight"": 0.5}, {""p_home_win"": 1.0, ""weight"": 0.25}]",5.859320364082472,,elo,"{'home_advantage': 1.6404028827342418, 'scale': 0.052357251964037226, 'error_term': 12.82276794426548, 'win_prob_k': 6.11398818948096}",1.0,8.0
2025-12-12,Golden State Warriors,Minnesota Timberwolves,120.0,127.0,False,False,2025-12-12|Minnesota Timberwolves|Golden State Warriors,,,,2025-12-12|Minnesota Timberwolves|Golden State Warriors,0.49094800156528245,"[{""p_home_win"": 0.0, ""weight"": 0.25}, {""p_home_win"": 0.49094800156528245, ""weight"": 0.5}, {""p_home_win"": 0.9818960031305649, ""weight"": 0.25}]",-0.22139943643418225,,elo,"{'home_advantage': 1.6404028827342418, 'scale': 0.052357251964037226, 'error_term': 12.82276794426548, 'win_prob_k': 6.11398818948096}",0.0,-7.0
2025-12-13,Orlando Magic,New York Knicks,120.0,132.0,False,False,2025-12-13|New York Knicks|Orlando Magic,,,,2025-12-13|New York Knicks|Orlando Magic,0.4966850430312769,"[{""p_home_win"": 0.0, ""weight"": 0.25}, {""p_home_win"": 0.4966850430312769, ""weight"": 0.5}, {""p_home_win"": 0.9933700860625538, ""weight"": 0.25}]",-0.08000561121760952,,elo,"{'home_advantage': 1.613455886453074, 'scale': 0.05140202758054155, 'error_term': 12.777763529635926, 'win_prob_k': 6.03359558833918}",0.0,-12.0
2025-12-13,Oklahoma City Thunder,San Antonio Spurs,109.0,111.0,False,False,2025-12-13|San Antonio Spurs|Oklahoma City Thunder,,,,2025-12-13|San Antonio Spurs|Oklahoma City Thunder,0.802812918805276,"[{""p_home_win"": 0.6056258376105521, ""weight"": 0.25}, {""p_home_win"": 0.802812918805276, ""weight"": 0.5}, {""p_home_win"": 1.0, ""weight"": 0.25}]",8.47097983800063,,elo,"{'home_advantage': 1.613455886453074, 'scale': 0.05140202758054155, 'error_term': 12.777763529635926, 'win_prob_k': 6.03359558833918}",0.0,-2.0
2025-12-14,Indiana Pacers,Washington Wizards,89.0,108.0,False,False,2025-12-14|Washington Wizards|Indiana Pacers,,,,2025-12-14|Washington Wizards|Indiana Pacers,0.7223807901609679,"[{""p_home_win"": 0.4447615803219358, ""weight"": 0.25}, {""p_home_win"": 0.7223807901609679, ""weight"": 0.5}, {""p_home_win"": 1.0, ""weight"": 0.25}]",5.865119128318675,,elo,"{'home_advantage': 1.568775748942877, 'scale': 0.051301531833643, 'error_term': 12.806752903614566, 'win_prob_k': 6.1331245001868115}",0.0,-19.0
2025-12-14,Cleveland Cavaliers,Charlotte Hornets,111.0,119.0,False,False,2025-12-14|Charlotte Hornets|Cleveland Cavaliers,,,,2025-12-14|Charlotte Hornets|Cleveland Cavaliers,0.8065571600231021,"[{""p_home_win"": 0.6131143200462041, ""weight"": 0.25}, {""p_home_win"": 0.8065571600231021, ""weight"": 0.5}, {""p_home_win"": 1.0, ""weight"": 0.25}]",8.756830395910054,,elo,"{'home_advantage': 1.568775748942877, 'scale': 0.051301531833643, 'error_term': 12.806752903614566, 'win_prob_k': 6.1331245001868115}",0.0,-8.0
2025-12-14,Atlanta Hawks,Philadelphia 76ers,120.0,117.0,False,False,2025-12-14|Philadelphia 76ers|Atlanta Hawks,,,,2025-12-14|Philadelphia 76ers|Atlanta Hawks,0.5278170414956006,"[{""p_home_win"": 0.055634082991201206, ""weight"": 0.25}, {""p_home_win"": 0.5278170414956006, ""weight"": 0.5}, {""p_home_win"": 1.0, ""weight"": 0.25}]",0.6831268912108138,,elo,"{'home_advantage': 1.568775748942877, 'scale': 0.051301531833643, 'error_term': 12.806752903614566, 'win_prob_k': 6.1331245001868115}",1.0,3.0
2025-12-14,Brooklyn Nets,Milwaukee Bucks,127.0,82.0,False,False,2025-12-14|Milwaukee Bucks|Brooklyn Nets,,,,2025-12-14|Milwaukee Bucks|Brooklyn Nets,0.4141097171781172,"[{""p_home_win"": 0.0, ""weight"": 0.25}, {""p_home_win"": 0.4141097171781172, ""weight"": 0.5}, {""p_home_win"": 0.8282194343562344, ""weight"": 0.25}]",-2.1282039244985387,,elo,"{'home_advantage': 1.568775748942877, 'scale': 0.051301531833643, 'error_term': 12.806752903614566, 'win_prob_k': 6.1331245001868115}",1.0,45.0
2025-12-14,Chicago Bulls,New Orleans Pelicans,104.0,114.0,False,False,2025-12-14|New Orleans Pelicans|Chicago Bulls,,,,2025-12-14|New Orleans Pelicans|Chicago Bulls,0.7127069108250531,"[{""p_home_win"": 0.4254138216501062, ""weight"": 0.25}, {""p_home_win"": 0.7127069108250531, ""weight"": 0.5}, {""p_home_win"": 1.0, ""weight"": 0.25}]",5.572356734658337,,elo,"{'home_advantage': 1.568775748942877, 'scale': 0.051301531833643, 'error_term': 12.806752903614566, 'win_prob_k': 6.1331245001868115}",0.0,-10.0
2025-12-14,Minnesota Timberwolves,Sacramento Kings,117.0,103.0,False,False,2025-12-14|Sacramento Kings|Minnesota Timberwolves,,,,2025-12-14|Sacramento Kings|Minnesota Timberwolves,0.869316784703316,"[{""p_home_win"": 0.7386335694066319, ""weight"": 0.25}, {""p_home_win"": 0.869316784703316, ""weight"": 0.5}, {""p_home_win"": 1.0, ""weight"": 0.25}]",11.621850240987609,,elo,"{'home_advantage': 1.568775748942877, 'scale': 0.051301531833643, 'error_term': 12.806752903614566, 'win_prob_k': 6.1331245001868115}",1.0,14.0
2025-12-14,Phoenix Suns,Los Angeles Lakers,114.0,116.0,False,False,2025-12-14|Los Angeles Lakers|Phoenix Suns,,,,2025-12-14|Los Angeles Lakers|Phoenix Suns,0.4836079174776212,"[{""p_home_win"": 0.0, ""weight"": 0.25}, {""p_home_win"": 0.4836079174776212, ""weight"": 0.5}, {""p_home_win"": 0.9672158349552424, ""weight"": 0.25}]",-0.40228289779074355,,elo,"{'home_advantage': 1.568775748942877, 'scale': 0.051301531833643, 'error_term': 12.806752903614566, 'win_prob_k': 6.1331245001868115}",0.0,-2.0
2025-12-14,Portland Trail Blazers,Golden State Warriors,136.0,131.0,False,False,2025-12-14|Golden State Warriors|Portland Trail Blazers,,,,2025-12-14|Golden State Warriors|Portland Trail Blazers,0.41574720498322193,"[{""p_home_win"": 0.0, ""weight"": 0.25}, {""p_home_win"": 0.41574720498322193, ""weight"": 0.5}, {""p_home_win"": 0.8314944099664439, ""weight"": 0.25}]",-2.0868346309073447,,elo,"{'home_advantage': 1.568775748942877, 'scale': 0.051301531833643, 'error_term': 12.806752903614566, 'win_prob_k': 6.1331245001868115}",1.0,5.0
2025-12-15,Boston Celtics,Detroit Pistons,105.0,112.0,False,False,2025-12-15|Detroit Pistons|Boston Celtics,,,,2025-12-15|Detroit Pistons|Boston Celtics,0.4246711065609252,"[{""p_home_win"": 0.0, ""weight"": 0.25}, {""p_home_win"": 0.4246711065609252, ""weight"": 0.5}, {""p_home_win"": 0.8493422131218504, ""weight"": 0.25}]",-1.888238624427413,,elo,"{'home_advantage': 1.6263892405520057, 'scale': 0.05130349272310408, 'error_term': 13.026841742745058, 'win_prob_k': 6.218944539379484}",0.0,-7.0
2025-12-15,Miami Heat,Toronto Raptors,96.0,106.0,False,False,2025-12-15|Toronto Raptors|Miami Heat,,,,2025-12-15|Toronto Raptors|Miami Heat,0.5850413086107082,"[{""p_home_win"": 0.1700826172214165, ""weight"": 0.25}, {""p_home_win"": 0.5850413086107082, ""weight"": 0.5}, {""p_home_win"": 1.0, ""weight"": 0.25}]",2.13622909924641,,elo,"{'home_advantage': 1.6263892405520057, 'scale': 0.05130349272310408, 'error_term': 13.026841742745058, 'win_prob_k': 6.218944539379484}",0.0,-10.0
2025-12-15,Utah Jazz,Dallas Mavericks,140.0,133.0,False,False,2025-12-15|Dallas Mavericks|Utah Jazz,,,,2025-12-15|Dallas Mavericks|Utah Jazz,0.54827377894256,"[{""p_home_win"": 0.09654755788512004, ""weight"": 0.25}, {""p_home_win"": 0.54827377894256, ""weight"": 0.5}, {""p_home_win"": 1.0, ""weight"": 0.25}]",1.2046000305286029,,elo,"{'home_advantage': 1.6263892405520057, 'scale': 0.05130349272310408, 'error_term': 13.026841742745058, 'win_prob_k': 6.218944539379484}",1.0,7.0
2025-12-15,Denver Nuggets,Houston Rockets,128.0,125.0,False,False,2025-12-15|Houston Rockets|Denver Nuggets,,,,2025-12-15|Houston Rockets|Denver Nuggets,0.5901453000745056,"[{""p_home_win"": 0.18029060014901122, ""weight"": 0.25}, {""p_home_win"": 0.5901453000745056, ""weight"": 0.5}, {""p_home_win"": 1.0, ""weight"": 0.25}]",2.2672161791693553,,elo,"{'home_advantage': 1.6263892405520057, 'scale': 0.05130349272310408, 'error_term': 13.026841742745058, 'win_prob_k': 6.218944539379484}",1.0,3.0
2025-12-15,Los Angeles Clippers,Memphis Grizzlies,103.0,121.0,False,False,2025-12-15|Memphis Grizzlies|Los Angeles Clippers,,,,2025-12-15|Memphis Grizzlies|Los Angeles Clippers,0.33455847379029013,"[{""p_home_win"": 0.0, ""weight"": 0.25}, {""p_home_win"": 0.33455847379029013, ""weight"": 0.5}, {""p_home_win"": 0.6691169475805803, ""weight"": 0.25}]",-4.2763893992566295,,elo,"{'home_advantage': 1.6263892405520057, 'scale': 0.05130349272310408, 'error_term': 13.026841742745058, 'win_prob_k': 6.218944539379484}",0.0,-18.0
2025-12-16,New York Knicks,San Antonio Spurs,124.0,113.0,False,False,2025-12-16|San Antonio Spurs|New York Knicks,,,,2025-12-16|San Antonio Spurs|New York Knicks,0.536113929277437,"[{""p_home_win"": 0.0722278585548739, ""weight"": 0.25}, {""p_home_win"": 0.536113929277437, ""weight"": 0.5}, {""p_home_win"": 1.0, ""weight"": 0.25}]",0.8829159698034341,,elo,"{'home_advantage': 1.5573616773685008, 'scale': 0.049749005979879454, 'error_term': 13.065828798897318, 'win_prob_k': 6.101374836132585}",1.0,11.0
2025-12-17,Chicago Bulls,Cleveland Cavaliers,127.0,111.0,False,False,2025-12-17|Cleveland Cavaliers|Chicago Bulls,,,,2025-12-17|Cleveland Cavaliers|Chicago Bulls,0.3282019619236942,"[{""p_home_win"": 0.0, ""weight"": 0.25}, {""p_home_win"": 0.3282019619236942, ""weight"": 0.5}, {""p_home_win"": 0.6564039238473884, ""weight"": 0.25}]",-4.3887406064686285,,elo,"{'home_advantage': 1.5650434259605948, 'scale': 0.04981231411869826, 'error_term': 13.045099038274314, 'win_prob_k': 6.126714198740089}",1.0,16.0
2025-12-17,Minnesota Timberwolves,Memphis Grizzlies,110.0,116.0,False,False,2025-12-17|Memphis Grizzlies|Minnesota Timberwolves,,,,2025-12-17|Memphis Grizzlies|Minnesota Timberwolves,0.7362825404207383,"[{""p_home_win"": 0.4725650808414765, ""weight"": 0.25}, {""p_home_win"": 0.7362825404207383, ""weight"": 0.5}, {""p_home_win"": 1.0, ""weight"": 0.25}]",6.290515764686079,,elo,"{'home_advantage': 1.5650434259605948, 'scale': 0.04981231411869826, 'error_term': 13.045099038274314, 'win_prob_k': 6.126714198740089}",0.0,-6.0
2025-12-18,Charlotte Hornets,Atlanta Hawks,133.0,126.0,False,False,2025-12-18|Atlanta Hawks|Charlotte Hornets,,,,2025-12-18|Atlanta Hawks|Charlotte Hornets,0.3151848575440578,"[{""p_home_win"": 0.0, ""weight"": 0.25}, {""p_home_win"": 0.3151848575440578, ""weight"": 0.5}, {""p_home_win"": 0.6303697150881156, ""weight"": 0.25}]",-4.755025832671,,elo,"{'home_advantage': 1.605178101198054, 'scale': 0.04991381549841859, 'error_term': 13.084327712281915, 'win_prob_k': 6.127692568807143}",1.0,7.0
2025-12-18,Indiana Pacers,New York Knicks,113.0,114.0,False,False,2025-12-18|New York Knicks|Indiana Pacers,,,,2025-12-18|New York Knicks|Indiana Pacers,0.09941219091367799,"[{""p_home_win"": 0.0, ""weight"": 0.25}, {""p_home_win"": 0.09941219091367799, ""weight"": 0.5}, {""p_home_win"": 0.19882438182735598, ""weight"": 0.25}]",-13.50404294639548,,elo,"{'home_advantage': 1.605178101198054, 'scale': 0.04991381549841859, 'error_term': 13.084327712281915, 'win_prob_k': 6.127692568807143}",0.0,-1.0
2025-12-18,Brooklyn Nets,Miami Heat,95.0,106.0,False,False,2025-12-18|Miami Heat|Brooklyn Nets,,,,2025-12-18|Miami Heat|Brooklyn Nets,0.3726329940395197,"[{""p_home_win"": 0.0, ""weight"": 0.25}, {""p_home_win"": 0.3726329940395197, ""weight"": 0.5}, {""p_home_win"": 0.7452659880790394, ""weight"": 0.25}]",-3.1921460778360693,,elo,"{'home_advantage': 1.605178101198054, 'scale': 0.04991381549841859, 'error_term': 13.084327712281915, 'win_prob_k': 6.127692568807143}",0.0,-11.0
2025-12-18,Milwaukee Bucks,Toronto Raptors,105.0,111.0,False,False,2025-12-18|Toronto Raptors|Milwaukee Bucks,,,,2025-12-18|Toronto Raptors|Milwaukee Bucks,0.3587124977120895,"[{""p_home_win"": 0.0, ""weight"": 0.25}, {""p_home_win"": 0.3587124977120895, ""weight"": 0.5}, {""p_home_win"": 0.717424995424179, ""weight"": 0.25}]",-3.559923760850088,,elo,"{'home_advantage': 1.605178101198054, 'scale': 0.04991381549841859, 'error_term': 13.084327712281915, 'win_prob_k': 6.127692568807143}",0.0,-6.0
2025-12-18,New Orleans Pelicans,Houston Rockets,133.0,128.0,False,False,2025-12-18|Houston Rockets|New Orleans Pelicans,,,,2025-12-18|Houston Rockets|New Orleans Pelicans,0.13521551962293624,"[{""p_home_win"": 0.0, ""weight"": 0.25}, {""p_home_win"": 0.13521551962293624, ""weight"": 0.5}, {""p_home_win"": 0.2704310392458725, ""weight"": 0.25}]",-11.370609893984483,,elo,"{'home_advantage': 1.605178101198054, 'scale': 0.04991381549841859, 'error_term': 13.084327712281915, 'win_prob_k': 6.127692568807143}",1.0,5.0
2025-12-18,Oklahoma City Thunder,Los Angeles Clippers,122.0,101.0,False,False,2025-12-18|Los Angeles Clippers|Oklahoma City Thunder,,,,2025-12-18|Los Angeles Clippers|Oklahoma City Thunder,0.9692626399940809,"[{""p_home_win"": 0.9385252799881618, ""weight"": 0.25}, {""p_home_win"": 0.9692626399940809, ""weight"": 0.5}, {""p_home_win"": 1.0, ""weight"": 0.25}]",21.147014890012137,,elo,"{'home_advantage': 1.605178101198054, 'scale': 0.04991381549841859, 'error_term': 13.084327712281915, 'win_prob_k': 6.127692568807143}",1.0,21.0
2025-12-18,San Antonio Spurs,Washington Wizards,119.0,94.0,False,False,2025-12-18|Washington Wizards|San Antonio Spurs,,,,2025-12-18|Washington Wizards|San Antonio Spurs,0.9417560432888237,"[{""p_home_win"": 0.8835120865776473, ""weight"": 0.25}, {""p_home_win"": 0.9417560432888237, ""weight"": 0.5}, {""p_home_win"": 1.0, ""weight"": 0.25}]",17.05401748881725,,elo,"{'home_advantage': 1.605178101198054, 'scale': 0.04991381549841859, 'error_term': 13.084327712281915, 'win_prob_k': 6.127692568807143}",1.0,25.0
2025-12-18,Dallas Mavericks,Detroit Pistons,116.0,114.0,False,False,2025-12-18|Detroit Pistons|Dallas Mavericks,,,,2025-12-18|Detroit Pistons|Dallas Mavericks,0.18548083086863212,"[{""p_home_win"": 0.0, ""weight"": 0.25}, {""p_home_win"": 0.18548083086863212, ""weight"": 0.5}, {""p_home_win"": 0.37096166173726425, ""weight"": 0.25}]",-9.066818393975375,,elo,"{'home_advantage': 1.605178101198054, 'scale': 0.04991381549841859, 'error_term': 13.084327712281915, 'win_prob_k': 6.127692568807143}",1.0,2.0
2025-12-18,Denver Nuggets,Orlando Magic,126.0,115.0,False,False,2025-12-18|Orlando Magic|Denver Nuggets,,,,2025-12-18|Orlando Magic|Denver Nuggets,0.707982841504308,"[{""p_home_win"": 0.415965683008616, ""weight"": 0.25}, {""p_home_win"": 0.707982841504308, ""weight"": 0.5}, {""p_home_win"": 1.0, ""weight"": 0.25}]",5.42672924488459,,elo,"{'home_advantage': 1.605178101198054, 'scale': 0.04991381549841859, 'error_term': 13.084327712281915, 'win_prob_k': 6.127692568807143}",1.0,11.0
2025-12-18,Phoenix Suns,Golden State Warriors,99.0,98.0,False,False,2025-12-18|Golden State Warriors|Phoenix Suns,,,,2025-12-18|Golden State Warriors|Phoenix Suns,0.7101620646414414,"[{""p_home_win"": 0.42032412928288276, ""weight"": 0.25}, {""p_home_win"": 0.7101620646414414, ""weight"": 0.5}, {""p_home_win"": 1.0, ""weight"": 0.25}]",5.491462098155085,,elo,"{'home_advantage': 1.605178101198054, 'scale': 0.04991381549841859, 'error_term': 13.084327712281915, 'win_prob_k': 6.127692568807143}",1.0,1.0
2025-12-18,Utah Jazz,Los Angeles Lakers,135.0,143.0,False,False,2025-12-18|Los Angeles Lakers|Utah Jazz,,,,2025-12-18|Los Angeles Lakers|Utah Jazz,0.2830031453599916,"[{""p_home_win"": 0.0, ""weight"": 0.25}, {""p_home_win"": 0.2830031453599916, ""weight"": 0.5}, {""p_home_win"": 0.5660062907199832, ""weight"": 0.25}]",-5.6963853793541706,,elo,"{'home_advantage': 1.605178101198054, 'scale': 0.04991381549841859, 'error_term': 13.084327712281915, 'win_prob_k': 6.127692568807143}",0.0,-8.0
2025-12-18,Portland Trail Blazers,Sacramento Kings,134.0,133.0,False,False,2025-12-18|Sacramento Kings|Portland Trail Blazers,,,,2025-12-18|Sacramento Kings|Portland Trail Blazers,0.7079047408906488,"[{""p_home_win"": 0.4158094817812976, ""weight"": 0.25}, {""p_home_win"": 0.7079047408906488, ""weight"": 0.5}, {""p_home_win"": 1.0, ""weight"": 0.25}]",5.424414590271153,,elo,"{'home_advantage': 1.605178101198054, 'scale': 0.04991381549841859, 'error_term': 13.084327712281915, 'win_prob_k': 6.127692568807143}",1.0,1.0
2025-12-19,Boston Celtics,Miami Heat,129.0,116.0,False,False,2025-12-19|Miami Heat|Boston Celtics,,,,2025-12-19|Miami Heat|Boston Celtics,0.680696499263731,"[{""p_home_win"": 0.361392998527462, ""weight"": 0.25}, {""p_home_win"": 0.680696499263731, ""weight"": 0.5}, {""p_home_win"": 1.0, ""weight"": 0.25}]",4.666581117731715,,elo,"{'home_advantage': 1.663795941736751, 'scale': 0.048986436787936426, 'error_term': 12.988875452841299, 'win_prob_k': 6.164780025087698}",1.0,13.0
2025-12-19,New York Knicks,Philadelphia 76ers,107.0,116.0,False,False,2025-12-19|Philadelphia 76ers|New York Knicks,,,,2025-12-19|Philadelphia 76ers|New York Knicks,0.8206736594681968,"[{""p_home_win"": 0.6413473189363936, ""weight"": 0.25}, {""p_home_win"": 0.8206736594681968, ""weight"": 0.5}, {""p_home_win"": 1.0, ""weight"": 0.25}]",9.3761265183039,,elo,"{'home_advantage': 1.663795941736751, 'scale': 0.048986436787936426, 'error_term': 12.988875452841299, 'win_prob_k': 6.164780025087698}",0.0,-9.0
2025-12-19,Atlanta Hawks,San Antonio Spurs,98.0,126.0,False,False,2025-12-19|San Antonio Spurs|Atlanta Hawks,,,,2025-12-19|San Antonio Spurs|Atlanta Hawks,0.30519845701181164,"[{""p_home_win"": 0.0, ""weight"": 0.25}, {""p_home_win"": 0.30519845701181164, ""weight"": 0.5}, {""p_home_win"": 0.6103969140236233, ""weight"": 0.25}]",-5.0715426648088755,,elo,"{'home_advantage': 1.663795941736751, 'scale': 0.048986436787936426, 'error_term': 12.988875452841299, 'win_prob_k': 6.164780025087698}",0.0,-28.0
2025-12-19,Cleveland Cavaliers,Chicago Bulls,125.0,136.0,False,False,2025-12-19|Chicago Bulls|Cleveland Cavaliers,,,,2025-12-19|Chicago Bulls|Cleveland Cavaliers,0.6982617165395298,"[{""p_home_win"": 0.3965234330790597, ""weight"": 0.25}, {""p_home_win"": 0.6982617165395298, ""weight"": 0.5}, {""p_home_win"": 1.0, ""weight"": 0.25}]",5.172459759714625,,elo,"{'home_advantage': 1.663795941736751, 'scale': 0.048986436787936426, 'error_term': 12.988875452841299, 'win_prob_k': 6.164780025087698}",0.0,-11.0
2025-12-19,Minnesota Timberwolves,Oklahoma City Thunder,112.0,107.0,False,False,2025-12-19|Oklahoma City Thunder|Minnesota Timberwolves,,,,2025-12-19|Oklahoma City Thunder|Minnesota Timberwolves,0.23887806343803233,"[{""p_home_win"": 0.0, ""weight"": 0.25}, {""p_home_win"": 0.23887806343803233, ""weight"": 0.5}, {""p_home_win"": 0.47775612687606467, ""weight"": 0.25}]",-7.143995842692226,,elo,"{'home_advantage': 1.663795941736751, 'scale': 0.048986436787936426, 'error_term': 12.988875452841299, 'win_prob_k': 6.164780025087698}",1.0,5.0
2025-12-20,Denver Nuggets,Houston Rockets,101.0,115.0,False,False,2025-12-20|Houston Rockets|Denver Nuggets,,,,2025-12-20|Houston Rockets|Denver Nuggets,0.7224029924122005,"[{""p_home_win"": 0.44480598482440104, ""weight"": 0.25}, {""p_home_win"": 0.7224029924122005, ""weight"": 0.5}, {""p_home_win"": 1.0, ""weight"": 0.25}]",5.975704317639971,,elo,"{'home_advantage': 1.5822213788830475, 'scale': 0.04925659464750062, 'error_term': 13.077504490082353, 'win_prob_k': 6.248039519172369}",0.0,-14.0
2025-12-20,New Orleans Pelicans,Indiana Pacers,128.0,109.0,False,False,2025-12-20|Indiana Pacers|New Orleans Pelicans,,,,2025-12-20|Indiana Pacers|New Orleans Pelicans,0.600338432335545,"[{""p_home_win"": 0.20067686467108992, ""weight"": 0.25}, {""p_home_win"": 0.600338432335545, ""weight"": 0.5}, {""p_home_win"": 1.0, ""weight"": 0.25}]",2.5421738406806353,,elo,"{'home_advantage': 1.5822213788830475, 'scale': 0.04925659464750062, 'error_term': 13.077504490082353, 'win_prob_k': 6.248039519172369}",1.0,19.0
2025-12-20,Philadelphia 76ers,Dallas Mavericks,121.0,114.0,False,False,2025-12-20|Dallas Mavericks|Philadelphia 76ers,,,,2025-12-20|Dallas Mavericks|Philadelphia 76ers,0.6621803973643566,"[{""p_home_win"": 0.32436079472871326, ""weight"": 0.25}, {""p_home_win"": 0.6621803973643566, ""weight"": 0.5}, {""p_home_win"": 1.0, ""weight"": 0.25}]",4.20509297917182,,elo,"{'home_advantage': 1.5822213788830475, 'scale': 0.04925659464750062, 'error_term': 13.077504490082353, 'win_prob_k': 6.248039519172369}",1.0,7.0
2025-12-20,Toronto Raptors,Boston Celtics,96.0,112.0,False,False,2025-12-20|Boston Celtics|Toronto Raptors,,,,2025-12-20|Boston Celtics|Toronto Raptors,0.4871915202495611,"[{""p_home_win"": 0.0, ""weight"": 0.25}, {""p_home_win"": 0.4871915202495611, ""weight"": 0.5}, {""p_home_win"": 0.9743830404991222, ""weight"": 0.25}]",-0.32018160034803067,,elo,"{'home_advantage': 1.5822213788830475, 'scale': 0.04925659464750062, 'error_term': 13.077504490082353, 'win_prob_k': 6.248039519172369}",0.0,-16.0
2025-12-20,Detroit Pistons,Charlotte Hornets,112.0,86.0,False,False,2025-12-20|Charlotte Hornets|Detroit Pistons,,,,2025-12-20|Charlotte Hornets|Detroit Pistons,0.8775917126462359,"[{""p_home_win"": 0.7551834252924718, ""weight"": 0.25}, {""p_home_win"": 0.8775917126462359, ""weight"": 0.5}, {""p_home_win"": 1.0, ""weight"": 0.25}]",12.307509399287905,,elo,"{'home_advantage': 1.5822213788830475, 'scale': 0.04925659464750062, 'error_term': 13.077504490082353, 'win_prob_k': 6.248039519172369}",1.0,26.0
2025-12-20,Memphis Grizzlies,Washington Wizards,122.0,130.0,False,False,2025-12-20|Washington Wizards|Memphis Grizzlies,,,,2025-12-20|Washington Wizards|Memphis Grizzlies,0.8520831693255958,"[{""p_home_win"": 0.7041663386511916, ""weight"": 0.25}, {""p_home_win"": 0.8520831693255958, ""weight"": 0.5}, {""p_home_win"": 1.0, ""weight"": 0.25}]",10.940529492325986,,elo,"{'home_advantage': 1.5822213788830475, 'scale': 0.04925659464750062, 'error_term': 13.077504490082353, 'win_prob_k': 6.248039519172369}",0.0,-8.0
2025-12-20,Golden State Warriors,Phoenix Suns,119.0,116.0,False,False,2025-12-20|Phoenix Suns|Golden State Warriors,,,,2025-12-20|Phoenix Suns|Golden State Warriors,0.36242880251229603,"[{""p_home_win"": 0.0, ""weight"": 0.25}, {""p_home_win"": 0.36242880251229603, ""weight"": 0.5}, {""p_home_win"": 0.7248576050245921, ""weight"": 0.25}]",-3.5291295522945694,,elo,"{'home_advantage': 1.5822213788830475, 'scale': 0.04925659464750062, 'error_term': 13.077504490082353, 'win_prob_k': 6.248039519172369}",1.0,3.0
2025-12-20,Utah Jazz,Orlando Magic,127.0,128.0,False,False,2025-12-20|Orlando Magic|Utah Jazz,,,,2025-12-20|Orlando Magic|Utah Jazz,0.40110402709943255,"[{""p_home_win"": 0.0, ""weight"": 0.25}, {""p_home_win"": 0.40110402709943255, ""weight"": 0.5}, {""p_home_win"": 0.8022080541988651, ""weight"": 0.25}]",-2.5046334966315893,,elo,"{'home_advantage': 1.5822213788830475, 'scale': 0.04925659464750062, 'error_term': 13.077504490082353, 'win_prob_k': 6.248039519172369}",0.0,-1.0
2025-12-20,Sacramento Kings,Portland Trail Blazers,93.0,98.0,False,False,2025-12-20|Portland Trail Blazers|Sacramento Kings,,,,2025-12-20|Portland Trail Blazers|Sacramento Kings,0.36463156988135487,"[{""p_home_win"": 0.0, ""weight"": 0.25}, {""p_home_win"": 0.36463156988135487, ""weight"": 0.5}, {""p_home_win"": 0.7292631397627097, ""weight"": 0.25}]",-3.4696462438741813,,elo,"{'home_advantage': 1.5822213788830475, 'scale': 0.04925659464750062, 'error_term': 13.077504490082353, 'win_prob_k': 6.248039519172369}",0.0,-5.0
2025-12-20,Los Angeles Clippers,Los Angeles Lakers,103.0,88.0,False,False,2025-12-20|Los Angeles Lakers|Los Angeles Clippers,,,,2025-12-20|Los Angeles Lakers|Los Angeles Clippers,0.09960476172095817,"[{""p_home_win"": 0.0, ""weight"": 0.25}, {""p_home_win"": 0.09960476172095817, ""weight"": 0.5}, {""p_home_win"": 0.19920952344191634, ""weight"": 0.25}]",-13.755832812885208,,elo,"{'home_advantage': 1.5822213788830475, 'scale': 0.04925659464750062, 'error_term': 13.077504490082353, 'win_prob_k': 6.248039519172369}",1.0,15.0
2025-12-21,Atlanta Hawks,Chicago Bulls,150.0,152.0,False,False,2025-12-21|Chicago Bulls|Atlanta Hawks,,,,2025-12-21|Chicago Bulls|Atlanta Hawks,0.7048890354108756,"[{""p_home_win"": 0.4097780708217511, ""weight"": 0.25}, {""p_home_win"": 0.7048890354108756, ""weight"": 0.5}, {""p_home_win"": 1.0, ""weight"": 0.25}]",5.617653075360934,,elo,"{'home_advantage': 1.661107339019099, 'scale': 0.05162462371975585, 'error_term': 12.971752093915262, 'win_prob_k': 6.451963160519275}",0.0,-2.0
2025-12-21,Brooklyn Nets,Toronto Raptors,96.0,81.0,False,False,2025-12-21|Toronto Raptors|Brooklyn Nets,,,,2025-12-21|Toronto Raptors|Brooklyn Nets,0.2857698152427964,"[{""p_home_win"": 0.0, ""weight"": 0.25}, {""p_home_win"": 0.2857698152427964, ""weight"": 0.5}, {""p_home_win"": 0.5715396304855928, ""weight"": 0.25}]",-5.910118603805175,,elo,"{'home_advantage': 1.661107339019099, 'scale': 0.05162462371975585, 'error_term': 12.971752093915262, 'win_prob_k': 6.451963160519275}",1.0,15.0
2025-12-21,New York Knicks,Miami Heat,132.0,125.0,False,False,2025-12-21|Miami Heat|New York Knicks,,,,2025-12-21|Miami Heat|New York Knicks,0.8059095775549834,"[{""p_home_win"": 0.6118191551099668, ""weight"": 0.25}, {""p_home_win"": 0.8059095775549834, ""weight"": 0.5}, {""p_home_win"": 1.0, ""weight"": 0.25}]",9.185320604207373,,elo,"{'home_advantage': 1.661107339019099, 'scale': 0.05162462371975585, 'error_term': 12.971752093915262, 'win_prob_k': 6.451963160519275}",1.0,7.0
2025-12-21,Minnesota Timberwolves,Milwaukee Bucks,103.0,100.0,False,False,2025-12-21|Milwaukee Bucks|Minnesota Timberwolves,,,,2025-12-21|Milwaukee Bucks|Minnesota Timberwolves,0.8409292838040254,"[{""p_home_win"": 0.6818585676080509, ""weight"": 0.25}, {""p_home_win"": 0.8409292838040254, ""weight"": 0.5}, {""p_home_win"": 1.0, ""weight"": 0.25}]",10.74354266170598,,elo,"{'home_advantage': 1.661107339019099, 'scale': 0.05162462371975585, 'error_term': 12.971752093915262, 'win_prob_k': 6.451963160519275}",1.0,3.0
2025-12-21,Washington Wizards,San Antonio Spurs,113.0,124.0,False,False,2025-12-21|San Antonio Spurs|Washington Wizards,,,,2025-12-21|San Antonio Spurs|Washington Wizards,0.10381214621529931,"[{""p_home_win"": 0.0, ""weight"": 0.25}, {""p_home_win"": 0.10381214621529931, ""weight"": 0.5}, {""p_home_win"": 0.20762429243059863, ""weight"": 0.25}]",-13.907639324338815,,elo,"{'home_advantage': 1.661107339019099, 'scale': 0.05162462371975585, 'error_term': 12.971752093915262, 'win_prob_k': 6.451963160519275}",0.0,-11.0
2025-12-21,Sacramento Kings,Houston Rockets,125.0,124.0,False,False,2025-12-21|Houston Rockets|Sacramento Kings,,,,2025-12-21|Houston Rockets|Sacramento Kings,0.14289102800226766,"[{""p_home_win"": 0.0, ""weight"": 0.25}, {""p_home_win"": 0.14289102800226766, ""weight"": 0.5}, {""p_home_win"": 0.2857820560045353, ""weight"": 0.25}]",-11.558580821118221,,elo,"{'home_advantage': 1.661107339019099, 'scale': 0.05162462371975585, 'error_term': 12.971752093915262, 'win_prob_k': 6.451963160519275}",1.0,1.0
2025-12-22,Cleveland Cavaliers,Charlotte Hornets,139.0,132.0,False,False,2025-12-22|Charlotte Hornets|Cleveland Cavaliers,,,,2025-12-22|Charlotte Hornets|Cleveland Cavaliers,0.5881198115033416,"[{""p_home_win"": 0.17623962300668317, ""weight"": 0.25}, {""p_home_win"": 0.5881198115033416, ""weight"": 0.5}, {""p_home_win"": 1.0, ""weight"": 0.25}]",2.2948294288522373,,elo,"{'home_advantage': 1.672575092182534, 'scale': 0.051135647039783697, 'error_term': 12.99686048962477, 'win_prob_k': 6.442563495734195}",1.0,7.0
2025-12-22,Boston Celtics,Indiana Pacers,103.0,95.0,False,False,2025-12-22|Indiana Pacers|Boston Celtics,,,,2025-12-22|Indiana Pacers|Boston Celtics,0.9152075487233556,"[{""p_home_win"": 0.8304150974467113, ""weight"": 0.25}, {""p_home_win"": 0.9152075487233556, ""weight"": 0.5}, {""p_home_win"": 1.0, ""weight"": 0.25}]",15.326500014087038,,elo,"{'home_advantage': 1.672575092182534, 'scale': 0.051135647039783697, 'error_term': 12.99686048962477, 'win_prob_k': 6.442563495734195}",1.0,8.0
2025-12-22,New Orleans Pelicans,Dallas Mavericks,119.0,113.0,False,False,2025-12-22|Dallas Mavericks|New Orleans Pelicans,,,,2025-12-22|Dallas Mavericks|New Orleans Pelicans,0.3918362215849869,"[{""p_home_win"": 0.0, ""weight"": 0.25}, {""p_home_win"": 0.3918362215849869, ""weight"": 0.5}, {""p_home_win"": 0.7836724431699738, ""weight"": 0.25}]",-2.8321526372528245,,elo,"{'home_advantage': 1.672575092182534, 'scale': 0.051135647039783697, 'error_term': 12.99686048962477, 'win_prob_k': 6.442563495734195}",1.0,6.0
2025-12-22,Denver Nuggets,Utah Jazz,135.0,112.0,False,False,2025-12-22|Utah Jazz|Denver Nuggets,,,,2025-12-22|Utah Jazz|Denver Nuggets,0.8398521734045546,"[{""p_home_win"": 0.6797043468091093, ""weight"": 0.25}, {""p_home_win"": 0.8398521734045546, ""weight"": 0.5}, {""p_home_win"": 1.0, ""weight"": 0.25}]",10.67615614492517,,elo,"{'home_advantage': 1.672575092182534, 'scale': 0.051135647039783697, 'error_term': 12.99686048962477, 'win_prob_k': 6.442563495734195}",1.0,23.0
2025-12-22,Oklahoma City Thunder,Memphis Grizzlies,119.0,103.0,False,False,2025-12-22|Memphis Grizzlies|Oklahoma City Thunder,,,,2025-12-22|Memphis Grizzlies|Oklahoma City Thunder,0.8844538510151723,"[{""p_home_win"": 0.7689077020303445, ""weight"": 0.25}, {""p_home_win"": 0.8844538510151723, ""weight"": 0.5}, {""p_home_win"": 1.0, ""weight"": 0.25}]",13.112551599544275,,elo,"{'home_advantage': 1.672575092182534, 'scale': 0.051135647039783697, 'error_term': 12.99686048962477, 'win_prob_k': 6.442563495734195}",1.0,16.0
2025-12-22,Golden State Warriors,Orlando Magic,120.0,97.0,False,False,2025-12-22|Orlando Magic|Golden State Warriors,,,,2025-12-22|Orlando Magic|Golden State Warriors,0.39258557847804243,"[{""p_home_win"": 0.0, ""weight"": 0.25}, {""p_home_win"": 0.39258557847804243, ""weight"": 0.5}, {""p_home_win"": 0.7851711569560849, ""weight"": 0.25}]",-2.8119003093839554,,elo,"{'home_advantage': 1.672575092182534, 'scale': 0.051135647039783697, 'error_term': 12.99686048962477, 'win_prob_k': 6.442563495734195}",1.0,23.0
2025-12-22,Portland Trail Blazers,Detroit Pistons,102.0,110.0,False,False,2025-12-22|Detroit Pistons|Portland Trail Blazers,,,,2025-12-22|Detroit Pistons|Portland Trail Blazers,0.24397173495840369,"[{""p_home_win"": 0.0, ""weight"": 0.25}, {""p_home_win"": 0.24397173495840369, ""weight"": 0.5}, {""p_home_win"": 0.48794346991680737, ""weight"": 0.25}]",-7.286709299766226,,elo,"{'home_advantage': 1.672575092182534, 'scale': 0.051135647039783697, 'error_term': 12.99686048962477, 'win_prob_k': 6.442563495734195}",0.0,-8.0
2025-12-23,Charlotte Hornets,Washington Wizards,126.0,109.0,False,False,2025-12-23|Washington Wizards|Charlotte Hornets,,,,2025-12-23|Washington Wizards|Charlotte Hornets,0.6703094981746284,"[{""p_home_win"": 0.34061899634925674, ""weight"": 0.25}, {""p_home_win"": 0.6703094981746284, ""weight"": 0.5}, {""p_home_win"": 1.0, ""weight"": 0.25}]",4.5202185035189135,,elo,"{'home_advantage': 1.7679203481310921, 'scale': 0.05053964156315474, 'error_term': 12.93184596209624, 'win_prob_k': 6.37022656289399}",1.0,17.0
2025-12-23,Philadelphia 76ers,Brooklyn Nets,106.0,114.0,False,False,2025-12-23|Brooklyn Nets|Philadelphia 76ers,,,,2025-12-23|Brooklyn Nets|Philadelphia 76ers,0.8192889907423736,"[{""p_home_win"": 0.6385779814847472, ""weight"": 0.25}, {""p_home_win"": 0.8192889907423736, ""weight"": 0.5}, {""p_home_win"": 1.0, ""weight"": 0.25}]",9.62883797880913,,elo,"{'home_advantage': 1.7679203481310921, 'scale': 0.05053964156315474, 'error_term': 12.93184596209624, 'win_prob_k': 6.37022656289399}",0.0,-8.0
2025-12-23,Atlanta Hawks,Chicago Bulls,123.0,126.0,False,False,2025-12-23|Chicago Bulls|Atlanta Hawks,,,,2025-12-23|Chicago Bulls|Atlanta Hawks,0.6124010308743658,"[{""p_home_win"": 0.22480206174873163, ""weight"": 0.25}, {""p_home_win"": 0.6124010308743658, ""weight"": 0.5}, {""p_home_win"": 1.0, ""weight"": 0.25}]",2.913844360846593,,elo,"{'home_advantage': 1.7679203481310921, 'scale': 0.05053964156315474, 'error_term': 12.93184596209624, 'win_prob_k': 6.37022656289399}",0.0,-3.0
2025-12-23,Cleveland Cavaliers,New Orleans Pelicans,141.0,118.0,False,False,2025-12-23|New Orleans Pelicans|Cleveland Cavaliers,,,,2025-12-23|New Orleans Pelicans|Cleveland Cavaliers,0.6448437486008723,"[{""p_home_win"": 0.2896874972017447, ""weight"": 0.25}, {""p_home_win"": 0.6448437486008723, ""weight"": 0.5}, {""p_home_win"": 1.0, ""weight"": 0.25}]",3.7995229061511124,,elo,"{'home_advantage': 1.7679203481310921, 'scale': 0.05053964156315474, 'error_term': 12.93184596209624, 'win_prob_k': 6.37022656289399}",1.0,23.0
2025-12-23,Indiana Pacers,Milwaukee Bucks,94.0,111.0,False,False,2025-12-23|Milwaukee Bucks|Indiana Pacers,,,,2025-12-23|Milwaukee Bucks|Indiana Pacers,0.43613565799899595,"[{""p_home_win"": 0.0, ""weight"": 0.25}, {""p_home_win"": 0.43613565799899595, ""weight"": 0.5}, {""p_home_win"": 0.8722713159979919, ""weight"": 0.25}]",-1.636258669406236,,elo,"{'home_advantage': 1.7679203481310921, 'scale': 0.05053964156315474, 'error_term': 12.93184596209624, 'win_prob_k': 6.37022656289399}",0.0,-17.0
2025-12-23,Miami Heat,Toronto Raptors,91.0,112.0,False,False,2025-12-23|Toronto Raptors|Miami Heat,,,,2025-12-23|Toronto Raptors|Miami Heat,0.5415307789411606,"[{""p_home_win"": 0.08306155788232128, ""weight"": 0.25}, {""p_home_win"": 0.5415307789411606, ""weight"": 0.5}, {""p_home_win"": 1.0, ""weight"": 0.25}]",1.060685691014963,,elo,"{'home_advantage': 1.7679203481310921, 'scale': 0.05053964156315474, 'error_term': 12.93184596209624, 'win_prob_k': 6.37022656289399}",0.0,-21.0
2025-12-23,Dallas Mavericks,Denver Nuggets,131.0,130.0,False,False,2025-12-23|Denver Nuggets|Dallas Mavericks,,,,2025-12-23|Denver Nuggets|Dallas Mavericks,0.23104291363544024,"[{""p_home_win"": 0.0, ""weight"": 0.25}, {""p_home_win"": 0.23104291363544024, ""weight"": 0.5}, {""p_home_win"": 0.4620858272708805, ""weight"": 0.25}]",-7.659762335654518,,elo,"{'home_advantage': 1.7679203481310921, 'scale': 0.05053964156315474, 'error_term': 12.93184596209624, 'win_prob_k': 6.37022656289399}",1.0,1.0
2025-12-23,Minnesota Timberwolves,New York Knicks,115.0,104.0,False,False,2025-12-23|New York Knicks|Minnesota Timberwolves,,,,2025-12-23|New York Knicks|Minnesota Timberwolves,0.4542108242936125,"[{""p_home_win"": 0.0, ""weight"": 0.25}, {""p_home_win"": 0.4542108242936125, ""weight"": 0.5}, {""p_home_win"": 0.908421648587225, ""weight"": 0.25}]",-1.1700278906364652,,elo,"{'home_advantage': 1.7679203481310921, 'scale': 0.05053964156315474, 'error_term': 12.93184596209624, 'win_prob_k': 6.37022656289399}",1.0,11.0
2025-12-23,San Antonio Spurs,Oklahoma City Thunder,130.0,110.0,False,False,2025-12-23|Oklahoma City Thunder|San Antonio Spurs,,,,2025-12-23|Oklahoma City Thunder|San Antonio Spurs,0.47530832758145997,"[{""p_home_win"": 0.0, ""weight"": 0.25}, {""p_home_win"": 0.47530832758145997, ""weight"": 0.5}, {""p_home_win"": 0.9506166551629199, ""weight"": 0.25}]",-0.62967839205804,,elo,"{'home_advantage': 1.7679203481310921, 'scale': 0.05053964156315474, 'error_term': 12.93184596209624, 'win_prob_k': 6.37022656289399}",1.0,20.0
2025-12-23,Phoenix Suns,Los Angeles Lakers,132.0,108.0,False,False,2025-12-23|Los Angeles Lakers|Phoenix Suns,,,,2025-12-23|Los Angeles Lakers|Phoenix Suns,0.4276155053847286,"[{""p_home_win"": 0.0, ""weight"": 0.25}, {""p_home_win"": 0.4276155053847286, ""weight"": 0.5}, {""p_home_win"": 0.8552310107694572, ""weight"": 0.25}]",-1.8574721888767876,,elo,"{'home_advantage': 1.7679203481310921, 'scale': 0.05053964156315474, 'error_term': 12.93184596209624, 'win_prob_k': 6.37022656289399}",1.0,24.0
2025-12-23,Utah Jazz,Memphis Grizzlies,128.0,137.0,False,False,2025-12-23|Memphis Grizzlies|Utah Jazz,,,,2025-12-23|Memphis Grizzlies|Utah Jazz,0.5091209530777471,"[{""p_home_win"": 0.018241906155494148, ""weight"": 0.25}, {""p_home_win"": 0.5091209530777471, ""weight"": 0.5}, {""p_home_win"": 1.0, ""weight"": 0.25}]",0.23243593493448333,,elo,"{'home_advantage': 1.7679203481310921, 'scale': 0.05053964156315474, 'error_term': 12.93184596209624, 'win_prob_k': 6.37022656289399}",0.0,-9.0
2025-12-23,Portland Trail Blazers,Orlando Magic,106.0,110.0,False,False,2025-12-23|Orlando Magic|Portland Trail Blazers,,,,2025-12-23|Orlando Magic|Portland Trail Blazers,0.3972485507018623,"[{""p_home_win"": 0.0, ""weight"": 0.25}, {""p_home_win"": 0.3972485507018623, ""weight"": 0.5}, {""p_home_win"": 0.7944971014037246, ""weight"": 0.25}]",-2.656019873319825,,elo,"{'home_advantage': 1.7679203481310921, 'scale': 0.05053964156315474, 'error_term': 12.93184596209624, 'win_prob_k': 6.37022656289399}",0.0,-4.0
2025-12-23,Sacramento Kings,Detroit Pistons,127.0,136.0,False,False,2025-12-23|Detroit Pistons|Sacramento Kings,,,,2025-12-23|Detroit Pistons|Sacramento Kings,0.11338251187679499,"[{""p_home_win"": 0.0, ""weight"": 0.25}, {""p_home_win"": 0.11338251187679499, ""weight"": 0.5}, {""p_home_win"": 0.22676502375358998, ""weight"": 0.25}]",-13.101304062219953,,elo,"{'home_advantage': 1.7679203481310921, 'scale': 0.05053964156315474, 'error_term': 12.93184596209624, 'win_prob_k': 6.37022656289399}",0.0,-9.0
2025-12-23,Los Angeles Clippers,Houston Rockets,128.0,108.0,False,False,2025-12-23|Houston Rockets|Los Angeles Clippers,,,,2025-12-23|Houston Rockets|Los Angeles Clippers,0.21726027628204117,"[{""p_home_win"": 0.0, ""weight"": 0.25}, {""p_home_win"": 0.21726027628204117, ""weight"": 0.5}, {""p_home_win"": 0.43452055256408234, ""weight"": 0.25}]",-8.164745930494984,,elo,"{'home_advantage': 1.7679203481310921, 'scale': 0.05053964156315474, 'error_term': 12.93184596209624, 'win_prob_k': 6.37022656289399}",1.0,20.0
2025-12-25,New York Knicks,Cleveland Cavaliers,126.0,124.0,False,False,2025-12-25|Cleveland Cavaliers|New York Knicks,,,,2025-12-25|Cleveland Cavaliers|New York Knicks,0.8258892258431736,"[{""p_home_win"": 0.6517784516863472, ""weight"": 0.25}, {""p_home_win"": 0.8258892258431736, ""weight"": 0.5}, {""p_home_win"": 1.0, ""weight"": 0.25}]",10.020513428123671,,elo,"{'home_advantage': 1.8754288662441265, 'scale': 0.0497784669855564, 'error_term': 13.085719618037384, 'win_prob_k': 6.436737824772905}",1.0,2.0
2025-12-25,Oklahoma City Thunder,San Antonio Spurs,102.0,117.0,False,False,2025-12-25|San Antonio Spurs|Oklahoma City Thunder,,,,2025-12-25|San Antonio Spurs|Oklahoma City Thunder,0.5869035624959327,"[{""p_home_win"": 0.17380712499186535, ""weight"": 0.25}, {""p_home_win"": 0.5869035624959327, ""weight"": 0.5}, {""p_home_win"": 1.0, ""weight"": 0.25}]",2.2604500298676804,,elo,"{'home_advantage': 1.8754288662441265, 'scale': 0.0497784669855564, 'error_term': 13.085719618037384, 'win_prob_k': 6.436737824772905}",0.0,-15.0
2025-12-25,Golden State Warriors,Dallas Mavericks,126.0,116.0,False,False,2025-12-25|Dallas Mavericks|Golden State Warriors,,,,2025-12-25|Dallas Mavericks|Golden State Warriors,0.6244627765028472,"[{""p_home_win"": 0.2489255530056944, ""weight"": 0.25}, {""p_home_win"": 0.6244627765028472, ""weight"": 0.5}, {""p_home_win"": 1.0, ""weight"": 0.25}]",3.273300842295463,,elo,"{'home_advantage': 1.8754288662441265, 'scale': 0.0497784669855564, 'error_term': 13.085719618037384, 'win_prob_k': 6.436737824772905}",1.0,10.0
2025-12-25,Los Angeles Lakers,Houston Rockets,96.0,119.0,False,False,2025-12-25|Houston Rockets|Los Angeles Lakers,,,,2025-12-25|Houston Rockets|Los Angeles Lakers,0.6737802079653337,"[{""p_home_win"": 0.34756041593066733, ""weight"": 0.25}, {""p_home_win"": 0.6737802079653337, ""weight"": 0.5}, {""p_home_win"": 1.0, ""weight"": 0.25}]",4.668775742714586,,elo,"{'home_advantage': 1.8754288662441265, 'scale': 0.0497784669855564, 'error_term': 13.085719618037384, 'win_prob_k': 6.436737824772905}",0.0,-23.0
2025-12-25,Denver Nuggets,Minnesota Timberwolves,142.0,138.0,False,False,2025-12-25|Minnesota Timberwolves|Denver Nuggets,,,,2025-12-25|Minnesota Timberwolves|Denver Nuggets,0.574668570855059,"[{""p_home_win"": 0.14933714171011792, ""weight"": 0.25}, {""p_home_win"": 0.574668570855059, ""weight"": 0.5}, {""p_home_win"": 1.0, ""weight"": 0.25}]",1.936973899729929,,elo,"{'home_advantage': 1.8754288662441265, 'scale': 0.0497784669855564, 'error_term': 13.085719618037384, 'win_prob_k': 6.436737824772905}",1.0,4.0
2025-12-26,Atlanta Hawks,Miami Heat,111.0,126.0,False,False,2025-12-26|Miami Heat|Atlanta Hawks,,,,2025-12-26|Miami Heat|Atlanta Hawks,0.530550166417454,"[{""p_home_win"": 0.06110033283490801, ""weight"": 0.25}, {""p_home_win"": 0.530550166417454, ""weight"": 0.5}, {""p_home_win"": 1.0, ""weight"": 0.25}]",0.7887246651004733,,elo,"{'home_advantage': 1.8199712629372797, 'scale': 0.04978158727135416, 'error_term': 13.066877378303698, 'win_prob_k': 6.446300267296634}",0.0,-15.0
2025-12-26,Indiana Pacers,Boston Celtics,122.0,140.0,False,False,2025-12-26|Boston Celtics|Indiana Pacers,,,,2025-12-26|Boston Celtics|Indiana Pacers,0.11792692922836495,"[{""p_home_win"": 0.0, ""weight"": 0.25}, {""p_home_win"": 0.11792692922836495, ""weight"": 0.5}, {""p_home_win"": 0.2358538584567299, ""weight"": 0.25}]",-12.971307994185365,,elo,"{'home_advantage': 1.8199712629372797, 'scale': 0.04978158727135416, 'error_term': 13.066877378303698, 'win_prob_k': 6.446300267296634}",0.0,-18.0
2025-12-26,Orlando Magic,Charlotte Hornets,105.0,120.0,False,False,2025-12-26|Charlotte Hornets|Orlando Magic,,,,2025-12-26|Charlotte Hornets|Orlando Magic,0.8100356164633691,"[{""p_home_win"": 0.6200712329267382, ""weight"": 0.25}, {""p_home_win"": 0.8100356164633691, ""weight"": 0.5}, {""p_home_win"": 1.0, ""weight"": 0.25}]",9.348692930557426,,elo,"{'home_advantage': 1.8199712629372797, 'scale': 0.04978158727135416, 'error_term': 13.066877378303698, 'win_prob_k': 6.446300267296634}",0.0,-15.0
2025-12-26,Washington Wizards,Toronto Raptors,138.0,117.0,False,False,2025-12-26|Toronto Raptors|Washington Wizards,,,,2025-12-26|Toronto Raptors|Washington Wizards,0.24335176187723814,"[{""p_home_win"": 0.0, ""weight"": 0.25}, {""p_home_win"": 0.24335176187723814, ""weight"": 0.5}, {""p_home_win"": 0.4867035237544763, ""weight"": 0.25}]",-7.312621720569986,,elo,"{'home_advantage': 1.8199712629372797, 'scale': 0.04978158727135416, 'error_term': 13.066877378303698, 'win_prob_k': 6.446300267296634}",1.0,21.0
2025-12-26,Chicago Bulls,Philadelphia 76ers,109.0,102.0,False,False,2025-12-26|Philadelphia 76ers|Chicago Bulls,,,,2025-12-26|Philadelphia 76ers|Chicago Bulls,0.4542727465858129,"[{""p_home_win"": 0.0, ""weight"": 0.25}, {""p_home_win"": 0.4542727465858129, ""weight"": 0.5}, {""p_home_win"": 0.9085454931716258, ""weight"": 0.25}]",-1.182390283676091,,elo,"{'home_advantage': 1.8199712629372797, 'scale': 0.04978158727135416, 'error_term': 13.066877378303698, 'win_prob_k': 6.446300267296634}",1.0,7.0
2025-12-26,Memphis Grizzlies,Milwaukee Bucks,125.0,104.0,False,False,2025-12-26|Milwaukee Bucks|Memphis Grizzlies,,,,2025-12-26|Milwaukee Bucks|Memphis Grizzlies,0.7134482400793023,"[{""p_home_win"": 0.4268964801586046, ""weight"": 0.25}, {""p_home_win"": 0.7134482400793023, ""weight"": 0.5}, {""p_home_win"": 1.0, ""weight"": 0.25}]",5.8802552039147145,,elo,"{'home_advantage': 1.8199712629372797, 'scale': 0.04978158727135416, 'error_term': 13.066877378303698, 'win_prob_k': 6.446300267296634}",1.0,21.0
2025-12-26,New Orleans Pelicans,Phoenix Suns,108.0,115.0,False,False,2025-12-26|Phoenix Suns|New Orleans Pelicans,,,,2025-12-26|Phoenix Suns|New Orleans Pelicans,0.2616073010177301,"[{""p_home_win"": 0.0, ""weight"": 0.25}, {""p_home_win"": 0.2616073010177301, ""weight"": 0.5}, {""p_home_win"": 0.5232146020354602, ""weight"": 0.25}]",-6.688882715352785,,elo,"{'home_advantage': 1.8199712629372797, 'scale': 0.04978158727135416, 'error_term': 13.066877378303698, 'win_prob_k': 6.446300267296634}",0.0,-7.0
2025-12-26,Utah Jazz,Detroit Pistons,131.0,129.0,False,False,2025-12-26|Detroit Pistons|Utah Jazz,,,,2025-12-26|Detroit Pistons|Utah Jazz,0.16297944726225502,"[{""p_home_win"": 0.0, ""weight"": 0.25}, {""p_home_win"": 0.16297944726225502, ""weight"": 0.5}, {""p_home_win"": 0.32595889452451005, ""weight"": 0.25}]",-10.547594579902228,,elo,"{'home_advantage': 1.8199712629372797, 'scale': 0.04978158727135416, 'error_term': 13.066877378303698, 'win_prob_k': 6.446300267296634}",1.0,2.0
2025-12-26,Portland Trail Blazers,Los Angeles Clippers,103.0,119.0,False,False,2025-12-26|Los Angeles Clippers|Portland Trail Blazers,,,,2025-12-26|Los Angeles Clippers|Portland Trail Blazers,0.6589964018819834,"[{""p_home_win"": 0.31799280376396677, ""weight"": 0.25}, {""p_home_win"": 0.6589964018819834, ""weight"": 0.5}, {""p_home_win"": 1.0, ""weight"": 0.25}]",4.246984067729459,,elo,"{'home_advantage': 1.8199712629372797, 'scale': 0.04978158727135416, 'error_term': 13.066877378303698, 'win_prob_k': 6.446300267296634}",0.0,-16.0
2025-12-27,Sacramento Kings,Dallas Mavericks,113.0,107.0,False,False,2025-12-27|Dallas Mavericks|Sacramento Kings,,,,2025-12-27|Dallas Mavericks|Sacramento Kings,0.38003891544976404,"[{""p_home_win"": 0.0, ""weight"": 0.25}, {""p_home_win"": 0.38003891544976404, ""weight"": 0.5}, {""p_home_win"": 0.7600778308995281, ""weight"": 0.25}]",-3.2249308045386527,,elo,"{'home_advantage': 1.83389412036941, 'scale': 0.04998893455438312, 'error_term': 13.177230366930855, 'win_prob_k': 6.589788483711134}",1.0,6.0
2025-12-27,New Orleans Pelicans,Phoenix Suns,114.0,123.0,False,False,2025-12-27|Phoenix Suns|New Orleans Pelicans,,,,2025-12-27|Phoenix Suns|New Orleans Pelicans,0.22790226437857447,"[{""p_home_win"": 0.0, ""weight"": 0.25}, {""p_home_win"": 0.22790226437857447, ""weight"": 0.5}, {""p_home_win"": 0.45580452875714894, ""weight"": 0.25}]",-8.040822151712996,,elo,"{'home_advantage': 1.83389412036941, 'scale': 0.04998893455438312, 'error_term': 13.177230366930855, 'win_prob_k': 6.589788483711134}",0.0,-9.0
2025-12-27,Orlando Magic,Denver Nuggets,127.0,126.0,False,False,2025-12-27|Denver Nuggets|Orlando Magic,,,,2025-12-27|Denver Nuggets|Orlando Magic,0.40062685216134564,"[{""p_home_win"": 0.0, ""weight"": 0.25}, {""p_home_win"": 0.40062685216134564, ""weight"": 0.5}, {""p_home_win"": 0.8012537043226913, ""weight"": 0.25}]",-2.6547220213788045,,elo,"{'home_advantage': 1.83389412036941, 'scale': 0.04998893455438312, 'error_term': 13.177230366930855, 'win_prob_k': 6.589788483711134}",1.0,1.0
2025-12-27,Atlanta Hawks,New York Knicks,125.0,128.0,False,False,2025-12-27|New York Knicks|Atlanta Hawks,,,,2025-12-27|New York Knicks|Atlanta Hawks,0.20129226881064066,"[{""p_home_win"": 0.0, ""weight"": 0.25}, {""p_home_win"": 0.20129226881064066, ""weight"": 0.5}, {""p_home_win"": 0.4025845376212813, ""weight"": 0.25}]",-9.082291364727064,,elo,"{'home_advantage': 1.83389412036941, 'scale': 0.04998893455438312, 'error_term': 13.177230366930855, 'win_prob_k': 6.589788483711134}",0.0,-3.0
2025-12-27,Chicago Bulls,Milwaukee Bucks,103.0,112.0,False,False,2025-12-27|Milwaukee Bucks|Chicago Bulls,,,,2025-12-27|Milwaukee Bucks|Chicago Bulls,0.7125953769322422,"[{""p_home_win"": 0.42519075386448435, ""weight"": 0.25}, {""p_home_win"": 0.7125953769322422, ""weight"": 0.5}, {""p_home_win"": 1.0, ""weight"": 0.25}]",5.983677572256944,,elo,"{'home_advantage': 1.83389412036941, 'scale': 0.04998893455438312, 'error_term': 13.177230366930855, 'win_prob_k': 6.589788483711134}",0.0,-9.0
2025-12-27,Houston Rockets,Cleveland Cavaliers,117.0,100.0,False,False,2025-12-27|Cleveland Cavaliers|Houston Rockets,,,,2025-12-27|Cleveland Cavaliers|Houston Rockets,0.751189968848722,"[{""p_home_win"": 0.502379937697444, ""weight"": 0.25}, {""p_home_win"": 0.751189968848722, ""weight"": 0.5}, {""p_home_win"": 1.0, ""weight"": 0.25}]",7.281511306495499,,elo,"{'home_advantage': 1.83389412036941, 'scale': 0.04998893455438312, 'error_term': 13.177230366930855, 'win_prob_k': 6.589788483711134}",1.0,17.0
2025-12-27,Miami Heat,Indiana Pacers,142.0,116.0,False,False,2025-12-27|Indiana Pacers|Miami Heat,,,,2025-12-27|Indiana Pacers|Miami Heat,0.8376373208720385,"[{""p_home_win"": 0.6752746417440769, ""weight"": 0.25}, {""p_home_win"": 0.8376373208720385, ""weight"": 0.5}, {""p_home_win"": 1.0, ""weight"": 0.25}]",10.812212736280385,,elo,"{'home_advantage': 1.83389412036941, 'scale': 0.04998893455438312, 'error_term': 13.177230366930855, 'win_prob_k': 6.589788483711134}",1.0,26.0
2025-12-27,Minnesota Timberwolves,Brooklyn Nets,107.0,123.0,False,False,2025-12-27|Brooklyn Nets|Minnesota Timberwolves,,,,2025-12-27|Brooklyn Nets|Minnesota Timberwolves,0.8184063972835133,"[{""p_home_win"": 0.6368127945670266, ""weight"": 0.25}, {""p_home_win"": 0.8184063972835133, ""weight"": 0.5}, {""p_home_win"": 1.0, ""weight"": 0.25}]",9.921505100910515,,elo,"{'home_advantage': 1.83389412036941, 'scale': 0.04998893455438312, 'error_term': 13.177230366930855, 'win_prob_k': 6.589788483711134}",0.0,-16.0
2025-12-27,San Antonio Spurs,Utah Jazz,114.0,127.0,False,False,2025-12-27|Utah Jazz|San Antonio Spurs,,,,2025-12-27|Utah Jazz|San Antonio Spurs,0.900924688251037,"[{""p_home_win"": 0.801849376502074, ""weight"": 0.25}, {""p_home_win"": 0.900924688251037, ""weight"": 0.5}, {""p_home_win"": 1.0, ""weight"": 0.25}]",14.547230773788574,,elo,"{'home_advantage': 1.83389412036941, 'scale': 0.04998893455438312, 'error_term': 13.177230366930855, 'win_prob_k': 6.589788483711134}",0.0,-13.0
2025-12-28,Oklahoma City Thunder,Philadelphia 76ers,129.0,104.0,False,False,2025-12-28|Philadelphia 76ers|Oklahoma City Thunder,,,,2025-12-28|Philadelphia 76ers|Oklahoma City Thunder,0.8212042812315349,"[{""p_home_win"": 0.6424085624630698, ""weight"": 0.25}, {""p_home_win"": 0.8212042812315349, ""weight"": 0.5}, {""p_home_win"": 1.0, ""weight"": 0.25}]",10.171010252643738,,elo,"{'home_advantage': 1.7792266104724335, 'scale': 0.050751561382391855, 'error_term': 13.219626061182506, 'win_prob_k': 6.671579914570044}",1.0,25.0
2025-12-28,Toronto Raptors,Golden State Warriors,141.0,127.0,False,False,2025-12-28|Golden State Warriors|Toronto Raptors,,,,2025-12-28|Golden State Warriors|Toronto Raptors,0.5053464422739481,"[{""p_home_win"": 0.010692884547896186, ""weight"": 0.25}, {""p_home_win"": 0.5053464422739481, ""weight"": 0.5}, {""p_home_win"": 1.0, ""weight"": 0.25}]",0.14268230571562768,,elo,"{'home_advantage': 1.7792266104724335, 'scale': 0.050751561382391855, 'error_term': 13.219626061182506, 'win_prob_k': 6.671579914570044}",1.0,14.0
2025-12-28,Portland Trail Blazers,Boston Celtics,114.0,108.0,False,False,2025-12-28|Boston Celtics|Portland Trail Blazers,,,,2025-12-28|Boston Celtics|Portland Trail Blazers,0.2287612890121791,"[{""p_home_win"": 0.0, ""weight"": 0.25}, {""p_home_win"": 0.2287612890121791, ""weight"": 0.5}, {""p_home_win"": 0.4575225780243582, ""weight"": 0.25}]",-8.108097056350138,,elo,"{'home_advantage': 1.7792266104724335, 'scale': 0.050751561382391855, 'error_term': 13.219626061182506, 'win_prob_k': 6.671579914570044}",1.0,6.0
2025-12-28,Washington Wizards,Memphis Grizzlies,116.0,112.0,False,False,2025-12-28|Memphis Grizzlies|Washington Wizards,,,,2025-12-28|Memphis Grizzlies|Washington Wizards,0.2982441299265083,"[{""p_home_win"": 0.0, ""weight"": 0.25}, {""p_home_win"": 0.2982441299265083, ""weight"": 0.5}, {""p_home_win"": 0.5964882598530166, ""weight"": 0.25}]",-5.708692141570088,,elo,"{'home_advantage': 1.7792266104724335, 'scale': 0.050751561382391855, 'error_term': 13.219626061182506, 'win_prob_k': 6.671579914570044}",1.0,4.0
2025-12-28,Los Angeles Clippers,Detroit Pistons,112.0,99.0,False,False,2025-12-28|Detroit Pistons|Los Angeles Clippers,,,,2025-12-28|Detroit Pistons|Los Angeles Clippers,0.19672517949603682,"[{""p_home_win"": 0.0, ""weight"": 0.25}, {""p_home_win"": 0.19672517949603682, ""weight"": 0.5}, {""p_home_win"": 0.39345035899207365, ""weight"": 0.25}]",-9.38617353376969,,elo,"{'home_advantage': 1.7792266104724335, 'scale': 0.050751561382391855, 'error_term': 13.219626061182506, 'win_prob_k': 6.671579914570044}",1.0,13.0
2025-12-28,Los Angeles Lakers,Sacramento Kings,125.0,101.0,False,False,2025-12-28|Sacramento Kings|Los Angeles Lakers,,,,2025-12-28|Sacramento Kings|Los Angeles Lakers,0.83900964522413,"[{""p_home_win"": 0.67801929044826, ""weight"": 0.25}, {""p_home_win"": 0.83900964522413, ""weight"": 0.5}, {""p_home_win"": 1.0, ""weight"": 0.25}]",11.01396282183945,,elo,"{'home_advantage': 1.7792266104724335, 'scale': 0.050751561382391855, 'error_term': 13.219626061182506, 'win_prob_k': 6.671579914570044}",1.0,24.0
2025-12-29,Charlotte Hornets,Milwaukee Bucks,113.0,123.0,False,False,2025-12-29|Milwaukee Bucks|Charlotte Hornets,,,,2025-12-29|Milwaukee Bucks|Charlotte Hornets,0.6070841389111261,"[{""p_home_win"": 0.21416827782225223, ""weight"": 0.25}, {""p_home_win"": 0.6070841389111261, ""weight"": 0.5}, {""p_home_win"": 1.0, ""weight"": 0.25}]",2.9264218610882815,,elo,"{'home_advantage': 1.9747892636998103, 'scale': 0.05242037844015123, 'error_term': 13.239043532529662, 'win_prob_k': 6.726294793698813}",0.0,-10.0
2025-12-29,Washington Wizards,Phoenix Suns,101.0,115.0,False,False,2025-12-29|Phoenix Suns|Washington Wizards,,,,2025-12-29|Phoenix Suns|Washington Wizards,0.21743196821993033,"[{""p_home_win"": 0.0, ""weight"": 0.25}, {""p_home_win"": 0.21743196821993033, ""weight"": 0.5}, {""p_home_win"": 0.43486393643986065, ""weight"": 0.25}]",-8.61433109111451,,elo,"{'home_advantage': 1.9747892636998103, 'scale': 0.05242037844015123, 'error_term': 13.239043532529662, 'win_prob_k': 6.726294793698813}",0.0,-14.0
2025-12-29,Brooklyn Nets,Golden State Warriors,107.0,120.0,False,False,2025-12-29|Golden State Warriors|Brooklyn Nets,,,,2025-12-29|Golden State Warriors|Brooklyn Nets,0.49094693499487246,"[{""p_home_win"": 0.0, ""weight"": 0.25}, {""p_home_win"": 0.49094693499487246, ""weight"": 0.5}, {""p_home_win"": 0.9818938699897449, ""weight"": 0.25}]",-0.24360095843018303,,elo,"{'home_advantage': 1.9747892636998103, 'scale': 0.05242037844015123, 'error_term': 13.239043532529662, 'win_prob_k': 6.726294793698813}",0.0,-13.0
2025-12-29,Miami Heat,Denver Nuggets,147.0,123.0,False,False,2025-12-29|Denver Nuggets|Miami Heat,,,,2025-12-29|Denver Nuggets|Miami Heat,0.3525738632775912,"[{""p_home_win"": 0.0, ""weight"": 0.25}, {""p_home_win"": 0.3525738632775912, ""weight"": 0.5}, {""p_home_win"": 0.7051477265551824, ""weight"": 0.25}]",-4.087869143762575,,elo,"{'home_advantage': 1.9747892636998103, 'scale': 0.05242037844015123, 'error_term': 13.239043532529662, 'win_prob_k': 6.726294793698813}",1.0,24.0
2025-12-29,Toronto Raptors,Orlando Magic,107.0,106.0,False,False,2025-12-29|Orlando Magic|Toronto Raptors,,,,2025-12-29|Orlando Magic|Toronto Raptors,0.47454382877275203,"[{""p_home_win"": 0.0, ""weight"": 0.25}, {""p_home_win"": 0.47454382877275203, ""weight"": 0.5}, {""p_home_win"": 0.9490876575455041, ""weight"": 0.25}]",-0.6854955412958819,,elo,"{'home_advantage': 1.9747892636998103, 'scale': 0.05242037844015123, 'error_term': 13.239043532529662, 'win_prob_k': 6.726294793698813}",1.0,1.0
2025-12-29,Chicago Bulls,Minnesota Timberwolves,101.0,136.0,False,False,2025-12-29|Minnesota Timberwolves|Chicago Bulls,,,,2025-12-29|Minnesota Timberwolves|Chicago Bulls,0.37424097799116735,"[{""p_home_win"": 0.0, ""weight"": 0.25}, {""p_home_win"": 0.37424097799116735, ""weight"": 0.5}, {""p_home_win"": 0.7484819559823347, ""weight"": 0.25}]",-3.4577556389860553,,elo,"{'home_advantage': 1.9747892636998103, 'scale': 0.05242037844015123, 'error_term': 13.239043532529662, 'win_prob_k': 6.726294793698813}",0.0,-35.0
2025-12-29,Houston Rockets,Indiana Pacers,126.0,119.0,False,False,2025-12-29|Indiana Pacers|Houston Rockets,,,,2025-12-29|Indiana Pacers|Houston Rockets,0.9229842347165966,"[{""p_home_win"": 0.8459684694331933, ""weight"": 0.25}, {""p_home_win"": 0.9229842347165966, ""weight"": 0.5}, {""p_home_win"": 1.0, ""weight"": 0.25}]",16.705439263024168,,elo,"{'home_advantage': 1.9747892636998103, 'scale': 0.05242037844015123, 'error_term': 13.239043532529662, 'win_prob_k': 6.726294793698813}",1.0,7.0
2025-12-29,New Orleans Pelicans,New York Knicks,125.0,130.0,False,False,2025-12-29|New York Knicks|New Orleans Pelicans,,,,2025-12-29|New York Knicks|New Orleans Pelicans,0.13229488282084054,"[{""p_home_win"": 0.0, ""weight"": 0.25}, {""p_home_win"": 0.13229488282084054, ""weight"": 0.5}, {""p_home_win"": 0.2645897656416811, ""weight"": 0.25}]",-12.650939942853325,,elo,"{'home_advantage': 1.9747892636998103, 'scale': 0.05242037844015123, 'error_term': 13.239043532529662, 'win_prob_k': 6.726294793698813}",0.0,-5.0
2025-12-29,Oklahoma City Thunder,Atlanta Hawks,140.0,129.0,False,False,2025-12-29|Atlanta Hawks|Oklahoma City Thunder,,,,2025-12-29|Atlanta Hawks|Oklahoma City Thunder,0.9180205596005571,"[{""p_home_win"": 0.8360411192011141, ""weight"": 0.25}, {""p_home_win"": 0.9180205596005571, ""weight"": 0.5}, {""p_home_win"": 1.0, ""weight"": 0.25}]",16.249055374961397,,elo,"{'home_advantage': 1.9747892636998103, 'scale': 0.05242037844015123, 'error_term': 13.239043532529662, 'win_prob_k': 6.726294793698813}",1.0,11.0
2025-12-29,San Antonio Spurs,Cleveland Cavaliers,101.0,113.0,False,False,2025-12-29|Cleveland Cavaliers|San Antonio Spurs,,,,2025-12-29|Cleveland Cavaliers|San Antonio Spurs,0.8909709593201703,"[{""p_home_win"": 0.7819419186403407, ""weight"": 0.25}, {""p_home_win"": 0.8909709593201703, ""weight"": 0.5}, {""p_home_win"": 1.0, ""weight"": 0.25}]",14.129911051448037,,elo,"{'home_advantage': 1.9747892636998103, 'scale': 0.05242037844015123, 'error_term': 13.239043532529662, 'win_prob_k': 6.726294793698813}",0.0,-12.0
2025-12-29,Portland Trail Blazers,Dallas Mavericks,125.0,122.0,False,False,2025-12-29|Dallas Mavericks|Portland Trail Blazers,,,,2025-12-29|Dallas Mavericks|Portland Trail Blazers,0.5860329716432332,"[{""p_home_win"": 0.1720659432864664, ""weight"": 0.25}, {""p_home_win"": 0.5860329716432332, ""weight"": 0.5}, {""p_home_win"": 1.0, ""weight"": 0.25}]",2.337990954876609,,elo,"{'home_advantage': 1.9747892636998103, 'scale': 0.05242037844015123, 'error_term': 13.239043532529662, 'win_prob_k': 6.726294793698813}",1.0,3.0
2025-12-30,Memphis Grizzlies,Philadelphia 76ers,136.0,139.0,False,False,2025-12-30|Philadelphia 76ers|Memphis Grizzlies,,,,2025-12-30|Philadelphia 76ers|Memphis Grizzlies,0.5462552574803266,"[{""p_home_win"": 0.0925105149606531, ""weight"": 0.25}, {""p_home_win"": 0.5462552574803266, ""weight"": 0.5}, {""p_home_win"": 1.0, ""weight"": 0.25}]",1.2315540288358835,,elo,"{'home_advantage': 1.832093057628428, 'scale': 0.052084813782327266, 'error_term': 13.21726550983209, 'win_prob_k': 6.637260001711654}",0.0,-3.0
2025-12-30,Utah Jazz,Boston Celtics,119.0,129.0,False,False,2025-12-30|Boston Celtics|Utah Jazz,,,,2025-12-30|Boston Celtics|Utah Jazz,0.37860604285573607,"[{""p_home_win"": 0.0, ""weight"": 0.25}, {""p_home_win"": 0.37860604285573607, ""weight"": 0.5}, {""p_home_win"": 0.7572120857114721, ""weight"": 0.25}]",-3.28855705782051,,elo,"{'home_advantage': 1.832093057628428, 'scale': 0.052084813782327266, 'error_term': 13.21726550983209, 'win_prob_k': 6.637260001711654}",0.0,-10.0
2025-12-30,Los Angeles Lakers,Detroit Pistons,106.0,128.0,False,False,2025-12-30|Detroit Pistons|Los Angeles Lakers,,,,2025-12-30|Detroit Pistons|Los Angeles Lakers,0.4957401862179825,"[{""p_home_win"": 0.0, ""weight"": 0.25}, {""p_home_win"": 0.4957401862179825, ""weight"": 0.5}, {""p_home_win"": 0.991480372435965, ""weight"": 0.25}]",-0.11309670291252227,,elo,"{'home_advantage': 1.832093057628428, 'scale': 0.052084813782327266, 'error_term': 13.21726550983209, 'win_prob_k': 6.637260001711654}",0.0,-22.0
2025-12-30,Los Angeles Clippers,Sacramento Kings,131.0,90.0,False,False,2025-12-30|Sacramento Kings|Los Angeles Clippers,,,,2025-12-30|Sacramento Kings|Los Angeles Clippers,0.70216633280462,"[{""p_home_win"": 0.4043326656092401, ""weight"": 0.25}, {""p_home_win"": 0.70216633280462, ""weight"": 0.5}, {""p_home_win"": 1.0, ""weight"": 0.25}]",5.692347479656897,,elo,"{'home_advantage': 1.832093057628428, 'scale': 0.052084813782327266, 'error_term': 13.21726550983209, 'win_prob_k': 6.637260001711654}",1.0,41.0
2025-12-31,Charlotte Hornets,Golden State Warriors,125.0,132.0,False,False,2025-12-31|Golden State Warriors|Charlotte Hornets,,,,2025-12-31|Golden State Warriors|Charlotte Hornets,0.3780803831051917,"[{""p_home_win"": 0.0, ""weight"": 0.25}, {""p_home_win"": 0.3780803831051917, ""weight"": 0.5}, {""p_home_win"": 0.7561607662103834, ""weight"": 0.25}]",-3.359364214180226,,elo,"{'home_advantage': 1.8397614301672112, 'scale': 0.05173905880995332, 'error_term': 13.265484720392823, 'win_prob_k': 6.749722826594368}",0.0,-7.0
2025-12-31,Atlanta Hawks,Minnesota Timberwolves,126.0,102.0,False,False,2025-12-31|Minnesota Timberwolves|Atlanta Hawks,,,,2025-12-31|Minnesota Timberwolves|Atlanta Hawks,0.25194956216390724,"[{""p_home_win"": 0.0, ""weight"": 0.25}, {""p_home_win"": 0.25194956216390724, ""weight"": 0.5}, {""p_home_win"": 0.5038991243278145, ""weight"": 0.25}]",-7.345328416638303,,elo,"{'home_advantage': 1.8397614301672112, 'scale': 0.05173905880995332, 'error_term': 13.265484720392823, 'win_prob_k': 6.749722826594368}",1.0,24.0
2025-12-31,Indiana Pacers,Orlando Magic,110.0,112.0,False,False,2025-12-31|Orlando Magic|Indiana Pacers,,,,2025-12-31|Orlando Magic|Indiana Pacers,0.1598731967806734,"[{""p_home_win"": 0.0, ""weight"": 0.25}, {""p_home_win"": 0.1598731967806734, ""weight"": 0.5}, {""p_home_win"": 0.3197463935613468, ""weight"": 0.25}]",-11.198950148033534,,elo,"{'home_advantage': 1.8397614301672112, 'scale': 0.05173905880995332, 'error_term': 13.265484720392823, 'win_prob_k': 6.749722826594368}",0.0,-2.0
2025-12-31,Cleveland Cavaliers,Phoenix Suns,129.0,113.0,False,False,2025-12-31|Phoenix Suns|Cleveland Cavaliers,,,,2025-12-31|Phoenix Suns|Cleveland Cavaliers,0.33497370383989755,"[{""p_home_win"": 0.0, ""weight"": 0.25}, {""p_home_win"": 0.33497370383989755, ""weight"": 0.5}, {""p_home_win"": 0.6699474076797951, ""weight"": 0.25}]",-4.628788135572473,,elo,"{'home_advantage': 1.8397614301672112, 'scale': 0.05173905880995332, 'error_term': 13.265484720392823, 'win_prob_k': 6.749722826594368}",1.0,16.0
2025-12-31,Chicago Bulls,New Orleans Pelicans,134.0,118.0,False,False,2025-12-31|New Orleans Pelicans|Chicago Bulls,,,,2025-12-31|New Orleans Pelicans|Chicago Bulls,0.7106884672973941,"[{""p_home_win"": 0.4213769345947882, ""weight"": 0.25}, {""p_home_win"": 0.7106884672973941, ""weight"": 0.5}, {""p_home_win"": 1.0, ""weight"": 0.25}]",6.066179051379503,,elo,"{'home_advantage': 1.8397614301672112, 'scale': 0.05173905880995332, 'error_term': 13.265484720392823, 'win_prob_k': 6.749722826594368}",1.0,16.0
2025-12-31,San Antonio Spurs,New York Knicks,134.0,132.0,False,False,2025-12-31|New York Knicks|San Antonio Spurs,,,,2025-12-31|New York Knicks|San Antonio Spurs,0.5409590598874943,"[{""p_home_win"": 0.08191811977498853, ""weight"": 0.25}, {""p_home_win"": 0.5409590598874943, ""weight"": 0.5}, {""p_home_win"": 1.0, ""weight"": 0.25}]",1.1083328428391956,,elo,"{'home_advantage': 1.8397614301672112, 'scale': 0.05173905880995332, 'error_term': 13.265484720392823, 'win_prob_k': 6.749722826594368}",1.0,2.0
2025-12-31,Toronto Raptors,Denver Nuggets,103.0,106.0,False,False,2025-12-31|Denver Nuggets|Toronto Raptors,,,,2025-12-31|Denver Nuggets|Toronto Raptors,0.46814892557696175,"[{""p_home_win"": 0.0, ""weight"": 0.25}, {""p_home_win"": 0.46814892557696175, ""weight"": 0.5}, {""p_home_win"": 0.9362978511539235, ""weight"": 0.25}]",-0.8611097435119703,,elo,"{'home_advantage': 1.8397614301672112, 'scale': 0.05173905880995332, 'error_term': 13.265484720392823, 'win_prob_k': 6.749722826594368}",0.0,-3.0
2025-12-31,Milwaukee Bucks,Washington Wizards,113.0,114.0,False,False,2025-12-31|Washington Wizards|Milwaukee Bucks,,,,2025-12-31|Washington Wizards|Milwaukee Bucks,0.7047064222429857,"[{""p_home_win"": 0.4094128444859715, ""weight"": 0.25}, {""p_home_win"": 0.7047064222429857, ""weight"": 0.5}, {""p_home_win"": 1.0, ""weight"": 0.25}]",5.870984872031165,,elo,"{'home_advantage': 1.8397614301672112, 'scale': 0.05173905880995332, 'error_term': 13.265484720392823, 'win_prob_k': 6.749722826594368}",0.0,-1.0
2025-12-31,Oklahoma City Thunder,Portland Trail Blazers,124.0,95.0,False,False,2025-12-31|Portland Trail Blazers|Oklahoma City Thunder,,,,2025-12-31|Portland Trail Blazers|Oklahoma City Thunder,0.8762165609611043,"[{""p_home_win"": 0.7524331219222087, ""weight"": 0.25}, {""p_home_win"": 0.8762165609611043, ""weight"": 0.5}, {""p_home_win"": 1.0, ""weight"": 0.25}]",13.20974550220933,,elo,"{'home_advantage': 1.8397614301672112, 'scale': 0.05173905880995332, 'error_term': 13.265484720392823, 'win_prob_k': 6.749722826594368}",1.0,29.0
2026-01-01,Brooklyn Nets,Houston Rockets,96.0,120.0,False,False,2026-01-01|Houston Rockets|Brooklyn Nets,,,,2026-01-01|Houston Rockets|Brooklyn Nets,0.31727094856865934,"[{""p_home_win"": 0.0, ""weight"": 0.25}, {""p_home_win"": 0.31727094856865934, ""weight"": 0.5}, {""p_home_win"": 0.6345418971373187, ""weight"": 0.25}]",-5.103626982720543,,elo,"{'home_advantage': 2.017007076956691, 'scale': 0.05139795888070261, 'error_term': 13.2584724491738, 'win_prob_k': 6.659725520719595}",0.0,-24.0
2026-01-01,Detroit Pistons,Miami Heat,112.0,118.0,False,False,2026-01-01|Miami Heat|Detroit Pistons,,,,2026-01-01|Miami Heat|Detroit Pistons,0.7737225851504267,"[{""p_home_win"": 0.5474451703008534, ""weight"": 0.25}, {""p_home_win"": 0.7737225851504267, ""weight"": 0.5}, {""p_home_win"": 1.0, ""weight"": 0.25}]",8.187810505883142,,elo,"{'home_advantage': 2.017007076956691, 'scale': 0.05139795888070261, 'error_term': 13.2584724491738, 'win_prob_k': 6.659725520719595}",0.0,-6.0
2026-01-01,Dallas Mavericks,Philadelphia 76ers,108.0,123.0,False,False,2026-01-01|Philadelphia 76ers|Dallas Mavericks,,,,2026-01-01|Philadelphia 76ers|Dallas Mavericks,0.39649576497091005,"[{""p_home_win"": 0.0, ""weight"": 0.25}, {""p_home_win"": 0.39649576497091005, ""weight"": 0.5}, {""p_home_win"": 0.7929915299418201, ""weight"": 0.25}]",-2.7976687631349137,,elo,"{'home_advantage': 2.017007076956691, 'scale': 0.05139795888070261, 'error_term': 13.2584724491738, 'win_prob_k': 6.659725520719595}",0.0,-15.0
2026-01-01,Sacramento Kings,Boston Celtics,106.0,120.0,False,False,2026-01-01|Boston Celtics|Sacramento Kings,,,,2026-01-01|Boston Celtics|Sacramento Kings,0.17513412544024629,"[{""p_home_win"": 0.0, ""weight"": 0.25}, {""p_home_win"": 0.17513412544024629, ""weight"": 0.5}, {""p_home_win"": 0.35026825088049257, ""weight"": 0.25}]",-10.320368092646547,,elo,"{'home_advantage': 2.017007076956691, 'scale': 0.05139795888070261, 'error_term': 13.2584724491738, 'win_prob_k': 6.659725520719595}",0.0,-14.0
2026-01-01,Los Angeles Clippers,Utah Jazz,118.0,101.0,False,False,2026-01-01|Utah Jazz|Los Angeles Clippers,,,,2026-01-01|Utah Jazz|Los Angeles Clippers,0.5621850926507188,"[{""p_home_win"": 0.12437018530143762, ""weight"": 0.25}, {""p_home_win"": 0.5621850926507188, ""weight"": 0.5}, {""p_home_win"": 1.0, ""weight"": 0.25}]",1.6651638507084279,,elo,"{'home_advantage': 2.017007076956691, 'scale': 0.05139795888070261, 'error_term': 13.2584724491738, 'win_prob_k': 6.659725520719595}",1.0,17.0
2026-01-02,Indiana Pacers,San Antonio Spurs,,,False,False,2026-01-02|San Antonio Spurs|Indiana Pacers,,,,2026-01-02|San Antonio Spurs|Indiana Pacers,0.06775121981047724,"[{""p_home_win"": 0.0, ""weight"": 0.25}, {""p_home_win"": 0.06775121981047724, ""weight"": 0.5}, {""p_home_win"": 0.13550243962095448, ""weight"": 0.25}]",-17.786118385410642,,elo,"{'home_advantage': 1.9763640437352754, 'scale': 0.051968554161594516, 'error_term': 13.186794713744368, 'win_prob_k': 6.784044712645899}",0.5,
2026-01-02,Washington Wizards,Brooklyn Nets,,,False,False,2026-01-02|Brooklyn Nets|Washington Wizards,,,,2026-01-02|Brooklyn Nets|Washington Wizards,0.5277089652502366,"[{""p_home_win"": 0.05541793050047317, ""weight"": 0.25}, {""p_home_win"": 0.5277089652502366, ""weight"": 0.5}, {""p_home_win"": 1.0, ""weight"": 0.25}]",0.7526866059367687,,elo,"{'home_advantage': 1.9763640437352754, 'scale': 0.051968554161594516, 'error_term': 13.186794713744368, 'win_prob_k': 6.784044712645899}",0.5,
2026-01-02,Cleveland Cavaliers,Denver Nuggets,,,False,False,2026-01-02|Denver Nuggets|Cleveland Cavaliers,,,,2026-01-02|Denver Nuggets|Cleveland Cavaliers,0.3809233123787616,"[{""p_home_win"": 0.0, ""weight"": 0.25}, {""p_home_win"": 0.3809233123787616, ""weight"": 0.5}, {""p_home_win"": 0.7618466247575232, ""weight"": 0.25}]",-3.2945429573345333,,elo,"{'home_advantage': 1.9763640437352754, 'scale': 0.051968554161594516, 'error_term': 13.186794713744368, 'win_prob_k': 6.784044712645899}",0.5,
2026-01-02,New York Knicks,Atlanta Hawks,,,False,False,2026-01-02|Atlanta Hawks|New York Knicks,,,,2026-01-02|Atlanta Hawks|New York Knicks,0.8692479875094227,"[{""p_home_win"": 0.7384959750188453, ""weight"": 0.25}, {""p_home_win"": 0.8692479875094227, ""weight"": 0.5}, {""p_home_win"": 1.0, ""weight"": 0.25}]",12.851192019464621,,elo,"{'home_advantage': 1.9763640437352754, 'scale': 0.051968554161594516, 'error_term': 13.186794713744368, 'win_prob_k': 6.784044712645899}",0.5,
2026-01-02,Chicago Bulls,Orlando Magic,,,False,False,2026-01-02|Orlando Magic|Chicago Bulls,,,,2026-01-02|Orlando Magic|Chicago Bulls,0.3907048180252452,"[{""p_home_win"": 0.0, ""weight"": 0.25}, {""p_home_win"": 0.3907048180252452, ""weight"": 0.5}, {""p_home_win"": 0.7814096360504904, ""weight"": 0.25}]",-3.0144937685300226,,elo,"{'home_advantage': 1.9763640437352754, 'scale': 0.051968554161594516, 'error_term': 13.186794713744368, 'win_prob_k': 6.784044712645899}",0.5,
2026-01-02,Milwaukee Bucks,Charlotte Hornets,,,False,False,2026-01-02|Charlotte Hornets|Milwaukee Bucks,,,,2026-01-02|Charlotte Hornets|Milwaukee Bucks,0.6087181210904662,"[{""p_home_win"": 0.21743624218093238, ""weight"": 0.25}, {""p_home_win"": 0.6087181210904662, ""weight"": 0.5}, {""p_home_win"": 1.0, ""weight"": 0.25}]",2.9980531181474106,,elo,"{'home_advantage': 1.9763640437352754, 'scale': 0.051968554161594516, 'error_term': 13.186794713744368, 'win_prob_k': 6.784044712645899}",0.5,
2026-01-02,New Orleans Pelicans,Portland Trail Blazers,,,False,False,2026-01-02|Portland Trail Blazers|New Orleans Pelicans,,,,2026-01-02|Portland Trail Blazers|New Orleans Pelicans,0.3641186965501823,"[{""p_home_win"": 0.0, ""weight"": 0.25}, {""p_home_win"": 0.3641186965501823, ""weight"": 0.5}, {""p_home_win"": 0.7282373931003646, ""weight"": 0.25}]",-3.782322099645575,,elo,"{'home_advantage': 1.9763640437352754, 'scale': 0.051968554161594516, 'error_term': 13.186794713744368, 'win_prob_k': 6.784044712645899}",0.5,
2026-01-02,Phoenix Suns,Sacramento Kings,,,False,False,2026-01-02|Sacramento Kings|Phoenix Suns,,,,2026-01-02|Sacramento Kings|Phoenix Suns,0.8807287320539128,"[{""p_home_win"": 0.7614574641078256, ""weight"": 0.25}, {""p_home_win"": 0.8807287320539128, ""weight"": 0.5}, {""p_home_win"": 1.0, ""weight"": 0.25}]",13.563674423040098,,elo,"{'home_advantage': 1.9763640437352754, 'scale': 0.051968554161594516, 'error_term': 13.186794713744368, 'win_prob_k': 6.784044712645899}",0.5,
2026-01-02,Golden State Warriors,Oklahoma City Thunder,,,False,False,2026-01-02|Oklahoma City Thunder|Golden State Warriors,,,,2026-01-02|Oklahoma City Thunder|Golden State Warriors,0.2983255310824892,"[{""p_home_win"": 0.0, ""weight"": 0.25}, {""p_home_win"": 0.2983255310824892, ""weight"": 0.5}, {""p_home_win"": 0.5966510621649784, ""weight"": 0.25}]",-5.802286936720022,,elo,"{'home_advantage': 1.9763640437352754, 'scale': 0.051968554161594516, 'error_term': 13.186794713744368, 'win_prob_k': 6.784044712645899}",0.5,
2026-01-02,Los Angeles Lakers,Memphis Grizzlies,,,False,False,2026-01-02|Memphis Grizzlies|Los Angeles Lakers,,,,2026-01-02|Memphis Grizzlies|Los Angeles Lakers,0.7321470560457303,"[{""p_home_win"": 0.46429411209146054, ""weight"": 0.25}, {""p_home_win"": 0.7321470560457303, ""weight"": 0.5}, {""p_home_win"": 1.0, ""weight"": 0.25}]",6.82165054962941,,elo,"{'home_advantage': 1.9763640437352754, 'scale': 0.051968554161594516, 'error_term': 13.186794713744368, 'win_prob_k': 6.784044712645899}",0.5,
