date,home_team,away_team,home_score,away_score,neutral,overtime,game_id,sport,season,notes,game_id_pred,p_home_win,win_prob_dist,pred_margin,pred_total,model_id,extra,home_win,actual_margin
2024-10-23,Detroit Pistons,Indiana Pacers,109,115,False,False,2024-10-23|Indiana Pacers|Detroit Pistons,,,,2024-10-23|Indiana Pacers|Detroit Pistons,0.9978923996460297,"[{""p_home_win"": 0.9957847992920594, ""weight"": 0.25}, {""p_home_win"": 0.9978923996460297, ""weight"": 0.5}, {""p_home_win"": 1.0, ""weight"": 0.25}]",4.458825498305465,,toor,"{'home_advantage': 4.458825498305465, 'home_coeff': 4.8477447153415065, 'away_coeff': -4.8477447153415065, 'error_term': 8.0, 'win_prob_k': 0.72382409509597}",0.0,-6
2024-10-23,Atlanta Hawks,Brooklyn Nets,120,116,False,False,2024-10-23|Brooklyn Nets|Atlanta Hawks,,,,2024-10-23|Brooklyn Nets|Atlanta Hawks,0.9978923996460297,"[{""p_home_win"": 0.9957847992920594, ""weight"": 0.25}, {""p_home_win"": 0.9978923996460297, ""weight"": 0.5}, {""p_home_win"": 1.0, ""weight"": 0.25}]",4.458825498305465,,toor,"{'home_advantage': 4.458825498305465, 'home_coeff': 4.8477447153415065, 'away_coeff': -4.8477447153415065, 'error_term': 8.0, 'win_prob_k': 0.72382409509597}",1.0,4
2024-10-23,Miami Heat,Orlando Magic,97,116,False,False,2024-10-23|Orlando Magic|Miami Heat,,,,2024-10-23|Orlando Magic|Miami Heat,0.9978923996460297,"[{""p_home_win"": 0.9957847992920594, ""weight"": 0.25}, {""p_home_win"": 0.9978923996460297, ""weight"": 0.5}, {""p_home_win"": 1.0, ""weight"": 0.25}]",4.458825498305465,,toor,"{'home_advantage': 4.458825498305465, 'home_coeff': 4.8477447153415065, 'away_coeff': -4.8477447153415065, 'error_term': 8.0, 'win_prob_k': 0.72382409509597}",0.0,-19
2024-10-23,Philadelphia 76ers,Milwaukee Bucks,109,124,False,False,2024-10-23|Milwaukee Bucks|Philadelphia 76ers,,,,2024-10-23|Milwaukee Bucks|Philadelphia 76ers,0.9978923996460297,"[{""p_home_win"": 0.9957847992920594, ""weight"": 0.25}, {""p_home_win"": 0.9978923996460297, ""weight"": 0.5}, {""p_home_win"": 1.0, ""weight"": 0.25}]",4.458825498305465,,toor,"{'home_advantage': 4.458825498305465, 'home_coeff': 4.8477447153415065, 'away_coeff': -4.8477447153415065, 'error_term': 8.0, 'win_prob_k': 0.72382409509597}",0.0,-15
2024-10-23,Toronto Raptors,Cleveland Cavaliers,106,136,False,False,2024-10-23|Cleveland Cavaliers|Toronto Raptors,,,,2024-10-23|Cleveland Cavaliers|Toronto Raptors,0.9978923996460297,"[{""p_home_win"": 0.9957847992920594, ""weight"": 0.25}, {""p_home_win"": 0.9978923996460297, ""weight"": 0.5}, {""p_home_win"": 1.0, ""weight"": 0.25}]",4.458825498305465,,toor,"{'home_advantage': 4.458825498305465, 'home_coeff': 4.8477447153415065, 'away_coeff': -4.8477447153415065, 'error_term': 8.0, 'win_prob_k': 0.72382409509597}",0.0,-30
2024-10-23,Houston Rockets,Charlotte Hornets,105,110,False,False,2024-10-23|Charlotte Hornets|Houston Rockets,,,,2024-10-23|Charlotte Hornets|Houston Rockets,0.9978923996460297,"[{""p_home_win"": 0.9957847992920594, ""weight"": 0.25}, {""p_home_win"": 0.9978923996460297, ""weight"": 0.5}, {""p_home_win"": 1.0, ""weight"": 0.25}]",4.458825498305465,,toor,"{'home_advantage': 4.458825498305465, 'home_coeff': 4.8477447153415065, 'away_coeff': -4.8477447153415065, 'error_term': 8.0, 'win_prob_k': 0.72382409509597}",0.0,-5
2024-10-23,New Orleans Pelicans,Chicago Bulls,123,111,False,False,2024-10-23|Chicago Bulls|New Orleans Pelicans,,,,2024-10-23|Chicago Bulls|New Orleans Pelicans,0.9978923996460297,"[{""p_home_win"": 0.9957847992920594, ""weight"": 0.25}, {""p_home_win"": 0.9978923996460297, ""weight"": 0.5}, {""p_home_win"": 1.0, ""weight"": 0.25}]",4.458825498305465,,toor,"{'home_advantage': 4.458825498305465, 'home_coeff': 4.8477447153415065, 'away_coeff': -4.8477447153415065, 'error_term': 8.0, 'win_prob_k': 0.72382409509597}",1.0,12
2024-10-23,Utah Jazz,Memphis Grizzlies,124,126,False,False,2024-10-23|Memphis Grizzlies|Utah Jazz,,,,2024-10-23|Memphis Grizzlies|Utah Jazz,0.9978923996460297,"[{""p_home_win"": 0.9957847992920594, ""weight"": 0.25}, {""p_home_win"": 0.9978923996460297, ""weight"": 0.5}, {""p_home_win"": 1.0, ""weight"": 0.25}]",4.458825498305465,,toor,"{'home_advantage': 4.458825498305465, 'home_coeff': 4.8477447153415065, 'away_coeff': -4.8477447153415065, 'error_term': 8.0, 'win_prob_k': 0.72382409509597}",0.0,-2
2024-10-23,Los Angeles Clippers,Phoenix Suns,113,116,False,False,2024-10-23|Phoenix Suns|Los Angeles Clippers,,,,2024-10-23|Phoenix Suns|Los Angeles Clippers,0.9978923996460297,"[{""p_home_win"": 0.9957847992920594, ""weight"": 0.25}, {""p_home_win"": 0.9978923996460297, ""weight"": 0.5}, {""p_home_win"": 1.0, ""weight"": 0.25}]",4.458825498305465,,toor,"{'home_advantage': 4.458825498305465, 'home_coeff': 4.8477447153415065, 'away_coeff': -4.8477447153415065, 'error_term': 8.0, 'win_prob_k': 0.72382409509597}",0.0,-3
2024-10-23,Portland Trail Blazers,Golden State Warriors,104,140,False,False,2024-10-23|Golden State Warriors|Portland Trail Blazers,,,,2024-10-23|Golden State Warriors|Portland Trail Blazers,0.9978923996460297,"[{""p_home_win"": 0.9957847992920594, ""weight"": 0.25}, {""p_home_win"": 0.9978923996460297, ""weight"": 0.5}, {""p_home_win"": 1.0, ""weight"": 0.25}]",4.458825498305465,,toor,"{'home_advantage': 4.458825498305465, 'home_coeff': 4.8477447153415065, 'away_coeff': -4.8477447153415065, 'error_term': 8.0, 'win_prob_k': 0.72382409509597}",0.0,-36
2024-10-24,Washington Wizards,Boston Celtics,102,122,False,False,2024-10-24|Boston Celtics|Washington Wizards,,,,2024-10-24|Boston Celtics|Washington Wizards,3.62144497319348e-11,"[{""p_home_win"": 0.0, ""weight"": 0.25}, {""p_home_win"": 3.62144497319348e-11, ""weight"": 0.5}, {""p_home_win"": 7.24288994638696e-11, ""weight"": 0.25}]",-13.34142827187707,,toor,"{'home_advantage': -5.0609521812513805, 'home_coeff': 3.5429983555440616, 'away_coeff': -3.542998355544061, 'error_term': 10.735455276791944, 'win_prob_k': 0.5549318203747855}",0.0,-20
2024-10-24,Dallas Mavericks,San Antonio Spurs,120,109,False,False,2024-10-24|San Antonio Spurs|Dallas Mavericks,,,,2024-10-24|San Antonio Spurs|Dallas Mavericks,0.00010944782961051358,"[{""p_home_win"": 0.0, ""weight"": 0.25}, {""p_home_win"": 0.00010944782961051358, ""weight"": 0.5}, {""p_home_win"": 0.00021889565922102717, ""weight"": 0.25}]",-5.0609521812513805,,toor,"{'home_advantage': -5.0609521812513805, 'home_coeff': 3.5429983555440616, 'away_coeff': -3.542998355544061, 'error_term': 10.735455276791944, 'win_prob_k': 0.5549318203747855}",1.0,11
2024-10-24,Sacramento Kings,Minnesota Timberwolves,115,117,False,False,2024-10-24|Minnesota Timberwolves|Sacramento Kings,,,,2024-10-24|Minnesota Timberwolves|Sacramento Kings,0.9969865650655793,"[{""p_home_win"": 0.9939731301311585, ""weight"": 0.25}, {""p_home_win"": 0.9969865650655793, ""weight"": 0.5}, {""p_home_win"": 1.0, ""weight"": 0.25}]",3.2195239093743098,,toor,"{'home_advantage': -5.0609521812513805, 'home_coeff': 3.5429983555440616, 'away_coeff': -3.542998355544061, 'error_term': 10.735455276791944, 'win_prob_k': 0.5549318203747855}",0.0,-2
2024-10-24,Denver Nuggets,Oklahoma City Thunder,87,102,False,False,2024-10-24|Oklahoma City Thunder|Denver Nuggets,,,,2024-10-24|Oklahoma City Thunder|Denver Nuggets,0.00010944782961051358,"[{""p_home_win"": 0.0, ""weight"": 0.25}, {""p_home_win"": 0.00010944782961051358, ""weight"": 0.5}, {""p_home_win"": 0.00021889565922102717, ""weight"": 0.25}]",-5.0609521812513805,,toor,"{'home_advantage': -5.0609521812513805, 'home_coeff': 3.5429983555440616, 'away_coeff': -3.542998355544061, 'error_term': 10.735455276791944, 'win_prob_k': 0.5549318203747855}",0.0,-15
2024-10-25,Orlando Magic,Brooklyn Nets,116,101,False,False,2024-10-25|Brooklyn Nets|Orlando Magic,,,,2024-10-25|Brooklyn Nets|Orlando Magic,0.9999999988120711,"[{""p_home_win"": 0.9999999976241423, ""weight"": 0.25}, {""p_home_win"": 0.9999999988120711, ""weight"": 0.5}, {""p_home_win"": 1.0, ""weight"": 0.25}]",10.27552826401366,,toor,"{'home_advantage': -5.004802695862417, 'home_coeff': 2.093011684168948, 'away_coeff': -5.199171971788424, 'error_term': 9.311751182271136, 'win_prob_k': 0.5000000508125179}",1.0,15
2024-10-25,Toronto Raptors,Philadelphia 76ers,115,107,False,False,2024-10-25|Philadelphia 76ers|Toronto Raptors,,,,2024-10-25|Philadelphia 76ers|Toronto Raptors,0.09437882896698406,"[{""p_home_win"": 0.0, ""weight"": 0.25}, {""p_home_win"": 0.09437882896698406, ""weight"": 0.5}, {""p_home_win"": 0.18875765793396812, ""weight"": 0.25}]",-1.130652268153253,,toor,"{'home_advantage': -5.004802695862417, 'home_coeff': 2.093011684168948, 'away_coeff': -5.199171971788424, 'error_term': 9.311751182271136, 'win_prob_k': 0.5000000508125179}",1.0,8
2024-10-25,Atlanta Hawks,Charlotte Hornets,125,120,False,False,2024-10-25|Charlotte Hornets|Atlanta Hawks,,,,2024-10-25|Charlotte Hornets|Atlanta Hawks,2.8221199371498726e-06,"[{""p_home_win"": 0.0, ""weight"": 0.25}, {""p_home_win"": 2.8221199371498726e-06, ""weight"": 0.5}, {""p_home_win"": 5.644239874299745e-06, ""weight"": 0.25}]",-6.389010340558857,,toor,"{'home_advantage': -5.004802695862417, 'home_coeff': 2.093011684168948, 'away_coeff': -5.199171971788424, 'error_term': 9.311751182271136, 'win_prob_k': 0.5000000508125179}",1.0,5
2024-10-25,Cleveland Cavaliers,Detroit Pistons,113,101,False,False,2024-10-25|Detroit Pistons|Cleveland Cavaliers,,,,2024-10-25|Detroit Pistons|Cleveland Cavaliers,0.9997200748608532,"[{""p_home_win"": 0.9994401497217065, ""weight"": 0.25}, {""p_home_win"": 0.9997200748608532, ""weight"": 0.5}, {""p_home_win"": 1.0, ""weight"": 0.25}]",4.090354608885777,,toor,"{'home_advantage': -5.004802695862417, 'home_coeff': 2.093011684168948, 'away_coeff': -5.199171971788424, 'error_term': 9.311751182271136, 'win_prob_k': 0.5000000508125179}",1.0,12
2024-10-25,New York Knicks,Indiana Pacers,123,98,False,False,2024-10-25|Indiana Pacers|New York Knicks,,,,2024-10-25|Indiana Pacers|New York Knicks,1.3544552851321273e-14,"[{""p_home_win"": 0.0, ""weight"": 0.25}, {""p_home_win"": 1.3544552851321273e-14, ""weight"": 0.5}, {""p_home_win"": 2.7089105702642546e-14, ""weight"": 0.25}]",-15.966397588586858,,toor,"{'home_advantage': -5.004802695862417, 'home_coeff': 2.093011684168948, 'away_coeff': -5.199171971788424, 'error_term': 9.311751182271136, 'win_prob_k': 0.5000000508125179}",1.0,25
2024-10-25,Houston Rockets,Memphis Grizzlies,128,108,False,False,2024-10-25|Memphis Grizzlies|Houston Rockets,,,,2024-10-25|Memphis Grizzlies|Houston Rockets,5.661501125203041e-13,"[{""p_home_win"": 0.0, ""weight"": 0.25}, {""p_home_win"": 5.661501125203041e-13, ""weight"": 0.5}, {""p_home_win"": 1.1323002250406082e-12, ""weight"": 0.25}]",-14.099960000610611,,toor,"{'home_advantage': -5.004802695862417, 'home_coeff': 2.093011684168948, 'away_coeff': -5.199171971788424, 'error_term': 9.311751182271136, 'win_prob_k': 0.5000000508125179}",1.0,20
2024-10-25,Milwaukee Bucks,Chicago Bulls,122,133,False,False,2024-10-25|Chicago Bulls|Milwaukee Bucks,,,,2024-10-25|Chicago Bulls|Milwaukee Bucks,0.9999999988120711,"[{""p_home_win"": 0.9999999976241423, ""weight"": 0.25}, {""p_home_win"": 0.9999999988120711, ""weight"": 0.5}, {""p_home_win"": 1.0, ""weight"": 0.25}]",10.27552826401366,,toor,"{'home_advantage': -5.004802695862417, 'home_coeff': 2.093011684168948, 'away_coeff': -5.199171971788424, 'error_term': 9.311751182271136, 'win_prob_k': 0.5000000508125179}",0.0,-11
2024-10-25,Utah Jazz,Golden State Warriors,86,127,False,False,2024-10-25|Golden State Warriors|Utah Jazz,,,,2024-10-25|Golden State Warriors|Utah Jazz,5.661501125203041e-13,"[{""p_home_win"": 0.0, ""weight"": 0.25}, {""p_home_win"": 5.661501125203041e-13, ""weight"": 0.5}, {""p_home_win"": 1.1323002250406082e-12, ""weight"": 0.25}]",-14.099960000610611,,toor,"{'home_advantage': -5.004802695862417, 'home_coeff': 2.093011684168948, 'away_coeff': -5.199171971788424, 'error_term': 9.311751182271136, 'win_prob_k': 0.5000000508125179}",0.0,-41
2024-10-25,Los Angeles Lakers,Phoenix Suns,123,116,False,False,2024-10-25|Phoenix Suns|Los Angeles Lakers,,,,2024-10-25|Phoenix Suns|Los Angeles Lakers,0.00014931012242636494,"[{""p_home_win"": 0.0, ""weight"": 0.25}, {""p_home_win"": 0.00014931012242636494, ""weight"": 0.5}, {""p_home_win"": 0.00029862024485272987, ""weight"": 0.25}]",-4.40466831522864,,toor,"{'home_advantage': -5.004802695862417, 'home_coeff': 2.093011684168948, 'away_coeff': -5.199171971788424, 'error_term': 9.311751182271136, 'win_prob_k': 0.5000000508125179}",1.0,7
2024-10-25,Portland Trail Blazers,New Orleans Pelicans,103,105,False,False,2024-10-25|New Orleans Pelicans|Portland Trail Blazers,,,,2024-10-25|New Orleans Pelicans|Portland Trail Blazers,2.401920162960219e-18,"[{""p_home_win"": 0.0, ""weight"": 0.25}, {""p_home_win"": 2.401920162960219e-18, ""weight"": 0.5}, {""p_home_win"": 4.803840325920438e-18, ""weight"": 0.25}]",-20.285133655738495,,toor,"{'home_advantage': -5.004802695862417, 'home_coeff': 2.093011684168948, 'away_coeff': -5.199171971788424, 'error_term': 9.311751182271136, 'win_prob_k': 0.5000000508125179}",0.0,-2
2024-10-26,Denver Nuggets,Los Angeles Clippers,104,109,False,False,2024-10-26|Los Angeles Clippers|Denver Nuggets,,,,2024-10-26|Los Angeles Clippers|Denver Nuggets,0.9475769750077386,"[{""p_home_win"": 0.8951539500154773, ""weight"": 0.25}, {""p_home_win"": 0.9475769750077386, ""weight"": 0.5}, {""p_home_win"": 1.0, ""weight"": 0.25}]",1.4472812824328791,,toor,"{'home_advantage': -2.1747390760697627, 'home_coeff': 3.3451453582533937, 'away_coeff': -3.7739982133008, 'error_term': 10.54984043777266, 'win_prob_k': 0.5000000508125179}",0.0,-5
2024-10-26,Washington Wizards,Cleveland Cavaliers,116,135,False,False,2024-10-26|Cleveland Cavaliers|Washington Wizards,,,,2024-10-26|Cleveland Cavaliers|Washington Wizards,1.3361939841863817e-14,"[{""p_home_win"": 0.0, ""weight"": 0.25}, {""p_home_win"": 1.3361939841863817e-14, ""weight"": 0.5}, {""p_home_win"": 2.6723879683727634e-14, ""weight"": 0.25}]",-15.973184643074319,,toor,"{'home_advantage': -2.1747390760697627, 'home_coeff': 3.3451453582533937, 'away_coeff': -3.7739982133008, 'error_term': 10.54984043777266, 'win_prob_k': 0.5000000508125179}",0.0,-19
2024-10-26,Detroit Pistons,Boston Celtics,118,124,False,False,2024-10-26|Boston Celtics|Detroit Pistons,,,,2024-10-26|Boston Celtics|Detroit Pistons,7.831790278021213e-27,"[{""p_home_win"": 0.0, ""weight"": 0.25}, {""p_home_win"": 7.831790278021213e-27, ""weight"": 0.5}, {""p_home_win"": 1.5663580556042426e-26, ""weight"": 0.25}]",-30.055806246195075,,toor,"{'home_advantage': -2.1747390760697627, 'home_coeff': 3.3451453582533937, 'away_coeff': -3.7739982133008, 'error_term': 10.54984043777266, 'win_prob_k': 0.5000000508125179}",0.0,-6
2024-10-26,Charlotte Hornets,Miami Heat,106,114,False,False,2024-10-26|Miami Heat|Charlotte Hornets,,,,2024-10-26|Miami Heat|Charlotte Hornets,0.9999999203977031,"[{""p_home_win"": 0.9999998407954063, ""weight"": 0.25}, {""p_home_win"": 0.9999999203977031, ""weight"": 0.5}, {""p_home_win"": 1.0, ""weight"": 0.25}]",8.173112235400293,,toor,"{'home_advantage': -2.1747390760697627, 'home_coeff': 3.3451453582533937, 'away_coeff': -3.7739982133008, 'error_term': 10.54984043777266, 'win_prob_k': 0.5000000508125179}",0.0,-8
2024-10-26,Memphis Grizzlies,Orlando Magic,124,111,False,False,2024-10-26|Orlando Magic|Memphis Grizzlies,,,,2024-10-26|Orlando Magic|Memphis Grizzlies,1.2886748998945233e-16,"[{""p_home_win"": 0.0, ""weight"": 0.25}, {""p_home_win"": 1.2886748998945233e-16, ""weight"": 0.5}, {""p_home_win"": 2.5773497997890467e-16, ""weight"": 0.25}]",-18.293875362543734,,toor,"{'home_advantage': -2.1747390760697627, 'home_coeff': 3.3451453582533937, 'away_coeff': -3.7739982133008, 'error_term': 10.54984043777266, 'win_prob_k': 0.5000000508125179}",1.0,13
2024-10-26,Minnesota Timberwolves,Toronto Raptors,112,101,False,False,2024-10-26|Toronto Raptors|Minnesota Timberwolves,,,,2024-10-26|Toronto Raptors|Minnesota Timberwolves,0.26844971394068684,"[{""p_home_win"": 0.0, ""weight"": 0.25}, {""p_home_win"": 0.26844971394068684, ""weight"": 0.5}, {""p_home_win"": 0.5368994278813737, ""weight"": 0.25}]",-0.5012512262317352,,toor,"{'home_advantage': -2.1747390760697627, 'home_coeff': 3.3451453582533937, 'away_coeff': -3.7739982133008, 'error_term': 10.54984043777266, 'win_prob_k': 0.5000000508125179}",1.0,11
2024-10-26,Chicago Bulls,Oklahoma City Thunder,95,114,False,False,2024-10-26|Oklahoma City Thunder|Chicago Bulls,,,,2024-10-26|Oklahoma City Thunder|Chicago Bulls,3.528609722411631e-06,"[{""p_home_win"": 0.0, ""weight"": 0.25}, {""p_home_win"": 3.528609722411631e-06, ""weight"": 0.5}, {""p_home_win"": 7.057219444823262e-06, ""weight"": 0.25}]",-6.277302179092631,,toor,"{'home_advantage': -2.1747390760697627, 'home_coeff': 3.3451453582533937, 'away_coeff': -3.7739982133008, 'error_term': 10.54984043777266, 'win_prob_k': 0.5000000508125179}",0.0,-19
2024-10-26,San Antonio Spurs,Houston Rockets,109,106,False,False,2024-10-26|Houston Rockets|San Antonio Spurs,,,,2024-10-26|Houston Rockets|San Antonio Spurs,7.569456605123287e-09,"[{""p_home_win"": 0.0, ""weight"": 0.25}, {""p_home_win"": 7.569456605123287e-09, ""weight"": 0.5}, {""p_home_win"": 1.5138913210246574e-08, ""weight"": 0.25}]",-9.349573223741945,,toor,"{'home_advantage': -2.1747390760697627, 'home_coeff': 3.3451453582533937, 'away_coeff': -3.7739982133008, 'error_term': 10.54984043777266, 'win_prob_k': 0.5000000508125179}",1.0,3
2024-10-26,Phoenix Suns,Dallas Mavericks,114,102,False,False,2024-10-26|Dallas Mavericks|Phoenix Suns,,,,2024-10-26|Dallas Mavericks|Phoenix Suns,5.9177110024483543e-08,"[{""p_home_win"": 0.0, ""weight"": 0.25}, {""p_home_win"": 5.9177110024483543e-08, ""weight"": 0.5}, {""p_home_win"": 1.1835422004896709e-07, ""weight"": 0.25}]",-8.321366328479808,,toor,"{'home_advantage': -2.1747390760697627, 'home_coeff': 3.3451453582533937, 'away_coeff': -3.7739982133008, 'error_term': 10.54984043777266, 'win_prob_k': 0.5000000508125179}",1.0,12
2024-10-26,Los Angeles Lakers,Sacramento Kings,131,127,False,False,2024-10-26|Sacramento Kings|Los Angeles Lakers,,,,2024-10-26|Sacramento Kings|Los Angeles Lakers,1.0,"[{""p_home_win"": 1.0, ""weight"": 1.0}]",20.921780197824404,,toor,"{'home_advantage': -2.1747390760697627, 'home_coeff': 3.3451453582533937, 'away_coeff': -3.7739982133008, 'error_term': 10.54984043777266, 'win_prob_k': 0.5000000508125179}",1.0,4
2024-10-27,Indiana Pacers,Philadelphia 76ers,114,118,False,False,2024-10-27|Philadelphia 76ers|Indiana Pacers,,,,2024-10-27|Philadelphia 76ers|Indiana Pacers,0.9978752521935631,"[{""p_home_win"": 0.9957505043871262, ""weight"": 0.25}, {""p_home_win"": 0.9978752521935631, ""weight"": 0.5}, {""p_home_win"": 1.0, ""weight"": 0.25}]",10.668836586549624,,toor,"{'home_advantage': -0.24504875096147644, 'home_coeff': 2.880485678307195, 'away_coeff': -2.636741562095309, 'error_term': 11.434222386620224, 'win_prob_k': 1.7342132109264905}",0.0,-4
2024-10-27,Portland Trail Blazers,New Orleans Pelicans,125,103,False,False,2024-10-27|New Orleans Pelicans|Portland Trail Blazers,,,,2024-10-27|New Orleans Pelicans|Portland Trail Blazers,0.00020551317815023488,"[{""p_home_win"": 0.0, ""weight"": 0.25}, {""p_home_win"": 0.00020551317815023488, ""weight"": 0.5}, {""p_home_win"": 0.00041102635630046975, ""weight"": 0.25}]",-14.723114412129732,,toor,"{'home_advantage': -0.24504875096147644, 'home_coeff': 2.880485678307195, 'away_coeff': -2.636741562095309, 'error_term': 11.434222386620224, 'win_prob_k': 1.7342132109264905}",1.0,22
2024-10-27,Brooklyn Nets,Milwaukee Bucks,115,102,False,False,2024-10-27|Milwaukee Bucks|Brooklyn Nets,,,,2024-10-27|Milwaukee Bucks|Brooklyn Nets,0.2227402911092325,"[{""p_home_win"": 0.0, ""weight"": 0.25}, {""p_home_win"": 0.2227402911092325, ""weight"": 0.5}, {""p_home_win"": 0.445480582218465, ""weight"": 0.25}]",-2.1673642824765293,,toor,"{'home_advantage': -0.24504875096147644, 'home_coeff': 2.880485678307195, 'away_coeff': -2.636741562095309, 'error_term': 11.434222386620224, 'win_prob_k': 1.7342132109264905}",1.0,13
2024-10-27,Oklahoma City Thunder,Atlanta Hawks,128,104,False,False,2024-10-27|Atlanta Hawks|Oklahoma City Thunder,,,,2024-10-27|Atlanta Hawks|Oklahoma City Thunder,0.8727748853966357,"[{""p_home_win"": 0.7455497707932714, ""weight"": 0.25}, {""p_home_win"": 0.8727748853966357, ""weight"": 0.5}, {""p_home_win"": 1.0, ""weight"": 0.25}]",3.339608346729844,,toor,"{'home_advantage': -0.24504875096147644, 'home_coeff': 2.880485678307195, 'away_coeff': -2.636741562095309, 'error_term': 11.434222386620224, 'win_prob_k': 1.7342132109264905}",1.0,24
2024-10-27,Golden State Warriors,Los Angeles Clippers,104,112,False,False,2024-10-27|Los Angeles Clippers|Golden State Warriors,,,,2024-10-27|Los Angeles Clippers|Golden State Warriors,0.9755654622411267,"[{""p_home_win"": 0.9511309244822534, ""weight"": 0.25}, {""p_home_win"": 0.9755654622411267, ""weight"": 0.5}, {""p_home_win"": 1.0, ""weight"": 0.25}]",6.394078187342558,,toor,"{'home_advantage': -0.24504875096147644, 'home_coeff': 2.880485678307195, 'away_coeff': -2.636741562095309, 'error_term': 11.434222386620224, 'win_prob_k': 1.7342132109264905}",0.0,-8
2024-10-28,Orlando Magic,Indiana Pacers,119,115,False,False,2024-10-28|Indiana Pacers|Orlando Magic,,,,2024-10-28|Indiana Pacers|Orlando Magic,0.999943515325454,"[{""p_home_win"": 0.999887030650908, ""weight"": 0.25}, {""p_home_win"": 0.999943515325454, ""weight"": 0.5}, {""p_home_win"": 1.0, ""weight"": 0.25}]",12.43205382998842,,toor,"{'home_advantage': 0.08874463688998231, 'home_coeff': 2.7062473085692282, 'away_coeff': -2.5445473372445733, 'error_term': 12.468781017147176, 'win_prob_k': 1.270978199044562}",1.0,4
2024-10-28,Atlanta Hawks,Washington Wizards,119,121,False,False,2024-10-28|Washington Wizards|Atlanta Hawks,,,,2024-10-28|Washington Wizards|Atlanta Hawks,0.9995863333044257,"[{""p_home_win"": 0.9991726666088514, ""weight"": 0.25}, {""p_home_win"": 0.9995863333044257, ""weight"": 0.5}, {""p_home_win"": 1.0, ""weight"": 0.25}]",9.90096622987593,,toor,"{'home_advantage': 0.08874463688998231, 'home_coeff': 2.7062473085692282, 'away_coeff': -2.5445473372445733, 'error_term': 12.468781017147176, 'win_prob_k': 1.270978199044562}",0.0,-2
2024-10-28,Boston Celtics,Milwaukee Bucks,119,108,False,False,2024-10-28|Milwaukee Bucks|Boston Celtics,,,,2024-10-28|Milwaukee Bucks|Boston Celtics,0.9999933319712788,"[{""p_home_win"": 0.9999866639425576, ""weight"": 0.25}, {""p_home_win"": 0.9999933319712788, ""weight"": 0.5}, {""p_home_win"": 1.0, ""weight"": 0.25}]",15.147746466423914,,toor,"{'home_advantage': 0.08874463688998231, 'home_coeff': 2.7062473085692282, 'away_coeff': -2.5445473372445733, 'error_term': 12.468781017147176, 'win_prob_k': 1.270978199044562}",1.0,11
2024-10-28,Toronto Raptors,Denver Nuggets,125,127,False,False,2024-10-28|Denver Nuggets|Toronto Raptors,,,,2024-10-28|Denver Nuggets|Toronto Raptors,0.9304628820255588,"[{""p_home_win"": 0.8609257640511176, ""weight"": 0.25}, {""p_home_win"": 0.9304628820255588, ""weight"": 0.5}, {""p_home_win"": 1.0, ""weight"": 0.25}]",3.296690582974202,,toor,"{'home_advantage': 0.08874463688998231, 'home_coeff': 2.7062473085692282, 'away_coeff': -2.5445473372445733, 'error_term': 12.468781017147176, 'win_prob_k': 1.270978199044562}",0.0,-2
2024-10-28,Miami Heat,Detroit Pistons,106,98,False,False,2024-10-28|Detroit Pistons|Miami Heat,,,,2024-10-28|Detroit Pistons|Miami Heat,0.9999951787423825,"[{""p_home_win"": 0.9999903574847651, ""weight"": 0.25}, {""p_home_win"": 0.9999951787423825, ""weight"": 0.5}, {""p_home_win"": 1.0, ""weight"": 0.25}]",15.559913649602699,,toor,"{'home_advantage': 0.08874463688998231, 'home_coeff': 2.7062473085692282, 'away_coeff': -2.5445473372445733, 'error_term': 12.468781017147176, 'win_prob_k': 1.270978199044562}",1.0,8
2024-10-28,New York Knicks,Cleveland Cavaliers,104,110,False,False,2024-10-28|Cleveland Cavaliers|New York Knicks,,,,2024-10-28|Cleveland Cavaliers|New York Knicks,0.0020261521745694763,"[{""p_home_win"": 0.0, ""weight"": 0.25}, {""p_home_win"": 0.0020261521745694763, ""weight"": 0.5}, {""p_home_win"": 0.004052304349138953, ""weight"": 0.25}]",-7.879541899672852,,toor,"{'home_advantage': 0.08874463688998231, 'home_coeff': 2.7062473085692282, 'away_coeff': -2.5445473372445733, 'error_term': 12.468781017147176, 'win_prob_k': 1.270978199044562}",0.0,-6
2024-10-28,San Antonio Spurs,Houston Rockets,101,106,False,False,2024-10-28|Houston Rockets|San Antonio Spurs,,,,2024-10-28|Houston Rockets|San Antonio Spurs,0.9418466587674686,"[{""p_home_win"": 0.8836933175349373, ""weight"": 0.25}, {""p_home_win"": 0.9418466587674686, ""weight"": 0.5}, {""p_home_win"": 1.0, ""weight"": 0.25}]",3.5393681597458433,,toor,"{'home_advantage': 0.08874463688998231, 'home_coeff': 2.7062473085692282, 'away_coeff': -2.5445473372445733, 'error_term': 12.468781017147176, 'win_prob_k': 1.270978199044562}",0.0,-5
2024-10-28,Memphis Grizzlies,Chicago Bulls,123,126,False,False,2024-10-28|Chicago Bulls|Memphis Grizzlies,,,,2024-10-28|Chicago Bulls|Memphis Grizzlies,0.8234148352663536,"[{""p_home_win"": 0.6468296705327072, ""weight"": 0.25}, {""p_home_win"": 0.8234148352663536, ""weight"": 0.5}, {""p_home_win"": 1.0, ""weight"": 0.25}]",1.956870285938202,,toor,"{'home_advantage': 0.08874463688998231, 'home_coeff': 2.7062473085692282, 'away_coeff': -2.5445473372445733, 'error_term': 12.468781017147176, 'win_prob_k': 1.270978199044562}",0.0,-3
2024-10-28,Dallas Mavericks,Utah Jazz,110,102,False,False,2024-10-28|Utah Jazz|Dallas Mavericks,,,,2024-10-28|Utah Jazz|Dallas Mavericks,0.9999870999372553,"[{""p_home_win"": 0.9999741998745106, ""weight"": 0.25}, {""p_home_win"": 0.9999870999372553, ""weight"": 0.5}, {""p_home_win"": 1.0, ""weight"": 0.25}]",14.30900998736634,,toor,"{'home_advantage': 0.08874463688998231, 'home_coeff': 2.7062473085692282, 'away_coeff': -2.5445473372445733, 'error_term': 12.468781017147176, 'win_prob_k': 1.270978199044562}",1.0,8
2024-10-28,Sacramento Kings,Portland Trail Blazers,111,98,False,False,2024-10-28|Portland Trail Blazers|Sacramento Kings,,,,2024-10-28|Portland Trail Blazers|Sacramento Kings,0.03454681117820345,"[{""p_home_win"": 0.0, ""weight"": 0.25}, {""p_home_win"": 0.03454681117820345, ""weight"": 0.5}, {""p_home_win"": 0.0690936223564069, ""weight"": 0.25}]",-4.232716284766744,,toor,"{'home_advantage': 0.08874463688998231, 'home_coeff': 2.7062473085692282, 'away_coeff': -2.5445473372445733, 'error_term': 12.468781017147176, 'win_prob_k': 1.270978199044562}",1.0,13
2024-10-28,Phoenix Suns,Los Angeles Lakers,109,105,False,False,2024-10-28|Los Angeles Lakers|Phoenix Suns,,,,2024-10-28|Los Angeles Lakers|Phoenix Suns,0.044091085445508216,"[{""p_home_win"": 0.0, ""weight"": 0.25}, {""p_home_win"": 0.044091085445508216, ""weight"": 0.5}, {""p_home_win"": 0.08818217089101643, ""weight"": 0.25}]",-3.9100437028570276,,toor,"{'home_advantage': 0.08874463688998231, 'home_coeff': 2.7062473085692282, 'away_coeff': -2.5445473372445733, 'error_term': 12.468781017147176, 'win_prob_k': 1.270978199044562}",1.0,4
2024-10-29,Brooklyn Nets,Denver Nuggets,139,144,False,False,2024-10-29|Denver Nuggets|Brooklyn Nets,,,,2024-10-29|Denver Nuggets|Brooklyn Nets,0.029120383395675856,"[{""p_home_win"": 0.0, ""weight"": 0.25}, {""p_home_win"": 0.029120383395675856, ""weight"": 0.5}, {""p_home_win"": 0.05824076679135171, ""weight"": 0.25}]",-4.673002147350332,,toor,"{'home_advantage': -0.07200188070686252, 'home_coeff': 2.435930922156243, 'away_coeff': -2.385816881634364, 'error_term': 11.139242682690611, 'win_prob_k': 1.332568152307157}",0.0,-5
2024-10-29,Minnesota Timberwolves,Dallas Mavericks,114,120,False,False,2024-10-29|Dallas Mavericks|Minnesota Timberwolves,,,,2024-10-29|Dallas Mavericks|Minnesota Timberwolves,0.9031847047065753,"[{""p_home_win"": 0.8063694094131506, ""weight"": 0.25}, {""p_home_win"": 0.9031847047065753, ""weight"": 0.5}, {""p_home_win"": 1.0, ""weight"": 0.25}]",2.975787373487642,,toor,"{'home_advantage': -0.07200188070686252, 'home_coeff': 2.435930922156243, 'away_coeff': -2.385816881634364, 'error_term': 11.139242682690611, 'win_prob_k': 1.332568152307157}",0.0,-6
2024-10-29,Utah Jazz,Sacramento Kings,96,113,False,False,2024-10-29|Sacramento Kings|Utah Jazz,,,,2024-10-29|Sacramento Kings|Utah Jazz,0.00022170732853611733,"[{""p_home_win"": 0.0, ""weight"": 0.25}, {""p_home_win"": 0.00022170732853611733, ""weight"": 0.5}, {""p_home_win"": 0.00044341465707223467, ""weight"": 0.25}]",-11.212136025087764,,toor,"{'home_advantage': -0.07200188070686252, 'home_coeff': 2.435930922156243, 'away_coeff': -2.385816881634364, 'error_term': 11.139242682690611, 'win_prob_k': 1.332568152307157}",0.0,-17
2024-10-29,Golden State Warriors,New Orleans Pelicans,124,106,False,False,2024-10-29|New Orleans Pelicans|Golden State Warriors,,,,2024-10-29|New Orleans Pelicans|Golden State Warriors,0.8000899446027891,"[{""p_home_win"": 0.6001798892055783, ""weight"": 0.25}, {""p_home_win"": 0.8000899446027891, ""weight"": 0.5}, {""p_home_win"": 1.0, ""weight"": 0.25}]",1.8480809499337907,,toor,"{'home_advantage': -0.07200188070686252, 'home_coeff': 2.435930922156243, 'away_coeff': -2.385816881634364, 'error_term': 11.139242682690611, 'win_prob_k': 1.332568152307157}",1.0,18
2024-10-30,Philadelphia 76ers,Detroit Pistons,95,105,False,False,2024-10-30|Detroit Pistons|Philadelphia 76ers,,,,2024-10-30|Detroit Pistons|Philadelphia 76ers,0.9952540284924432,"[{""p_home_win"": 0.9905080569848863, ""weight"": 0.25}, {""p_home_win"": 0.9952540284924432, ""weight"": 0.5}, {""p_home_win"": 1.0, ""weight"": 0.25}]",6.422125356937519,,toor,"{'home_advantage': -0.20502822207613824, 'home_coeff': 2.47676092421429, 'away_coeff': -2.450792881890983, 'error_term': 10.77109059478168, 'win_prob_k': 1.2013624274346895}",0.0,-10
2024-10-30,Washington Wizards,Atlanta Hawks,133,120,False,False,2024-10-30|Atlanta Hawks|Washington Wizards,,,,2024-10-30|Atlanta Hawks|Washington Wizards,0.9485605783328943,"[{""p_home_win"": 0.8971211566657886, ""weight"": 0.25}, {""p_home_win"": 0.9485605783328943, ""weight"": 0.5}, {""p_home_win"": 1.0, ""weight"": 0.25}]",3.5014198317807796,,toor,"{'home_advantage': -0.20502822207613824, 'home_coeff': 2.47676092421429, 'away_coeff': -2.450792881890983, 'error_term': 10.77109059478168, 'win_prob_k': 1.2013624274346895}",1.0,13
2024-10-30,Indiana Pacers,Boston Celtics,135,132,False,False,2024-10-30|Boston Celtics|Indiana Pacers,,,,2024-10-30|Boston Celtics|Indiana Pacers,2.9530452830347854e-09,"[{""p_home_win"": 0.0, ""weight"": 0.25}, {""p_home_win"": 2.9530452830347854e-09, ""weight"": 0.5}, {""p_home_win"": 5.906090566069571e-09, ""weight"": 0.25}]",-23.595273335272854,,toor,"{'home_advantage': -0.20502822207613824, 'home_coeff': 2.47676092421429, 'away_coeff': -2.450792881890983, 'error_term': 10.77109059478168, 'win_prob_k': 1.2013624274346895}",1.0,3
2024-10-30,Cleveland Cavaliers,Los Angeles Lakers,134,110,False,False,2024-10-30|Los Angeles Lakers|Cleveland Cavaliers,,,,2024-10-30|Los Angeles Lakers|Cleveland Cavaliers,0.11686116204984913,"[{""p_home_win"": 0.0, ""weight"": 0.25}, {""p_home_win"": 0.11686116204984913, ""weight"": 0.5}, {""p_home_win"": 0.23372232409969826, ""weight"": 0.25}]",-2.4297505137291022,,toor,"{'home_advantage': -0.20502822207613824, 'home_coeff': 2.47676092421429, 'away_coeff': -2.450792881890983, 'error_term': 10.77109059478168, 'win_prob_k': 1.2013624274346895}",1.0,24
2024-10-30,Charlotte Hornets,Toronto Raptors,138,133,False,False,2024-10-30|Toronto Raptors|Charlotte Hornets,,,,2024-10-30|Toronto Raptors|Charlotte Hornets,0.6647122051056619,"[{""p_home_win"": 0.32942441021132374, ""weight"": 0.25}, {""p_home_win"": 0.6647122051056619, ""weight"": 0.5}, {""p_home_win"": 1.0, ""weight"": 0.25}]",0.8221703020816276,,toor,"{'home_advantage': -0.20502822207613824, 'home_coeff': 2.47676092421429, 'away_coeff': -2.450792881890983, 'error_term': 10.77109059478168, 'win_prob_k': 1.2013624274346895}",1.0,5
2024-10-30,Miami Heat,New York Knicks,107,116,False,False,2024-10-30|New York Knicks|Miami Heat,,,,2024-10-30|New York Knicks|Miami Heat,0.2520224848538842,"[{""p_home_win"": 0.0, ""weight"": 0.25}, {""p_home_win"": 0.2520224848538842, ""weight"": 0.5}, {""p_home_win"": 0.5040449697077684, ""weight"": 0.25}]",-1.306907653062509,,toor,"{'home_advantage': -0.20502822207613824, 'home_coeff': 2.47676092421429, 'away_coeff': -2.450792881890983, 'error_term': 10.77109059478168, 'win_prob_k': 1.2013624274346895}",0.0,-9
2024-10-30,Chicago Bulls,Orlando Magic,102,99,False,False,2024-10-30|Orlando Magic|Chicago Bulls,,,,2024-10-30|Orlando Magic|Chicago Bulls,0.4652380386825077,"[{""p_home_win"": 0.0, ""weight"": 0.25}, {""p_home_win"": 0.4652380386825077, ""weight"": 0.5}, {""p_home_win"": 0.9304760773650154, ""weight"": 0.25}]",-0.16731678473593292,,toor,"{'home_advantage': -0.20502822207613824, 'home_coeff': 2.47676092421429, 'away_coeff': -2.450792881890983, 'error_term': 10.77109059478168, 'win_prob_k': 1.2013624274346895}",1.0,3
2024-10-30,Memphis Grizzlies,Brooklyn Nets,106,119,False,False,2024-10-30|Brooklyn Nets|Memphis Grizzlies,,,,2024-10-30|Brooklyn Nets|Memphis Grizzlies,0.7585371917762451,"[{""p_home_win"": 0.5170743835524902, ""weight"": 0.25}, {""p_home_win"": 0.7585371917762451, ""weight"": 0.5}, {""p_home_win"": 1.0, ""weight"": 0.25}]",1.3751711859644664,,toor,"{'home_advantage': -0.20502822207613824, 'home_coeff': 2.47676092421429, 'away_coeff': -2.450792881890983, 'error_term': 10.77109059478168, 'win_prob_k': 1.2013624274346895}",0.0,-13
2024-10-30,Oklahoma City Thunder,San Antonio Spurs,105,93,False,False,2024-10-30|San Antonio Spurs|Oklahoma City Thunder,,,,2024-10-30|San Antonio Spurs|Oklahoma City Thunder,0.9999901015193743,"[{""p_home_win"": 0.9999802030387486, ""weight"": 0.25}, {""p_home_win"": 0.9999901015193743, ""weight"": 0.5}, {""p_home_win"": 1.0, ""weight"": 0.25}]",13.843442677455352,,toor,"{'home_advantage': -0.20502822207613824, 'home_coeff': 2.47676092421429, 'away_coeff': -2.450792881890983, 'error_term': 10.77109059478168, 'win_prob_k': 1.2013624274346895}",1.0,12
2024-10-30,Golden State Warriors,New Orleans Pelicans,104,89,False,False,2024-10-30|New Orleans Pelicans|Golden State Warriors,,,,2024-10-30|New Orleans Pelicans|Golden State Warriors,0.9810485055237858,"[{""p_home_win"": 0.9620970110475715, ""weight"": 0.25}, {""p_home_win"": 0.9810485055237858, ""weight"": 0.5}, {""p_home_win"": 1.0, ""weight"": 0.25}]",4.74146407850887,,toor,"{'home_advantage': -0.20502822207613824, 'home_coeff': 2.47676092421429, 'away_coeff': -2.450792881890983, 'error_term': 10.77109059478168, 'win_prob_k': 1.2013624274346895}",1.0,15
2024-10-30,Los Angeles Clippers,Portland Trail Blazers,105,106,False,False,2024-10-30|Portland Trail Blazers|Los Angeles Clippers,,,,2024-10-30|Portland Trail Blazers|Los Angeles Clippers,0.9999234279937893,"[{""p_home_win"": 0.9998468559875786, ""weight"": 0.25}, {""p_home_win"": 0.9999234279937893, ""weight"": 0.5}, {""p_home_win"": 1.0, ""weight"": 0.25}]",11.385554913281236,,toor,"{'home_advantage': -0.20502822207613824, 'home_coeff': 2.47676092421429, 'away_coeff': -2.450792881890983, 'error_term': 10.77109059478168, 'win_prob_k': 1.2013624274346895}",0.0,-1
2024-10-31,Memphis Grizzlies,Milwaukee Bucks,122,99,False,False,2024-10-31|Milwaukee Bucks|Memphis Grizzlies,,,,2024-10-31|Milwaukee Bucks|Memphis Grizzlies,0.6011515135729653,"[{""p_home_win"": 0.20230302714593051, ""weight"": 0.25}, {""p_home_win"": 0.6011515135729653, ""weight"": 0.5}, {""p_home_win"": 1.0, ""weight"": 0.25}]",0.9635652284085428,,toor,"{'home_advantage': 0.7885461642934056, 'home_coeff': 3.283532749606442, 'away_coeff': -2.6898375336567657, 'error_term': 10.37609358167821, 'win_prob_k': 2.348638815728395}",1.0,23
2024-10-31,Dallas Mavericks,Houston Rockets,102,108,False,False,2024-10-31|Houston Rockets|Dallas Mavericks,,,,2024-10-31|Houston Rockets|Dallas Mavericks,0.9981220902620942,"[{""p_home_win"": 0.9962441805241884, ""weight"": 0.25}, {""p_home_win"": 0.9981220902620942, ""weight"": 0.5}, {""p_home_win"": 1.0, ""weight"": 0.25}]",14.739390868177683,,toor,"{'home_advantage': 0.7885461642934056, 'home_coeff': 3.283532749606442, 'away_coeff': -2.6898375336567657, 'error_term': 10.37609358167821, 'win_prob_k': 2.348638815728395}",0.0,-6
2024-10-31,Utah Jazz,San Antonio Spurs,88,106,False,False,2024-10-31|San Antonio Spurs|Utah Jazz,,,,2024-10-31|San Antonio Spurs|Utah Jazz,0.01213627548715178,"[{""p_home_win"": 0.0, ""weight"": 0.25}, {""p_home_win"": 0.01213627548715178, ""weight"": 0.5}, {""p_home_win"": 0.02427255097430356, ""weight"": 0.25}]",-10.332474346788278,,toor,"{'home_advantage': 0.7885461642934056, 'home_coeff': 3.283532749606442, 'away_coeff': -2.6898375336567657, 'error_term': 10.37609358167821, 'win_prob_k': 2.348638815728395}",0.0,-18
2024-10-31,Los Angeles Clippers,Phoenix Suns,119,125,False,False,2024-10-31|Phoenix Suns|Los Angeles Clippers,,,,2024-10-31|Phoenix Suns|Los Angeles Clippers,0.06786782452605043,"[{""p_home_win"": 0.0, ""weight"": 0.25}, {""p_home_win"": 0.06786782452605043, ""weight"": 0.5}, {""p_home_win"": 0.13573564905210087, ""weight"": 0.25}]",-6.153228349021035,,toor,"{'home_advantage': 0.7885461642934056, 'home_coeff': 3.283532749606442, 'away_coeff': -2.6898375336567657, 'error_term': 10.37609358167821, 'win_prob_k': 2.348638815728395}",0.0,-6
2024-11-01,Charlotte Hornets,Boston Celtics,109,124,False,False,2024-11-01|Boston Celtics|Charlotte Hornets,,,,2024-11-01|Boston Celtics|Charlotte Hornets,0.16475161448236814,"[{""p_home_win"": 0.0, ""weight"": 0.25}, {""p_home_win"": 0.16475161448236814, ""weight"": 0.5}, {""p_home_win"": 0.32950322896473627, ""weight"": 0.25}]",-4.765736252125866,,toor,"{'home_advantage': 0.6846335204113303, 'home_coeff': 3.5471136875685207, 'away_coeff': -2.9607865707421137, 'error_term': 10.248684010962595, 'win_prob_k': 2.93584987109077}",0.0,-15
2024-11-01,Cleveland Cavaliers,Orlando Magic,120,109,False,False,2024-11-01|Orlando Magic|Cleveland Cavaliers,,,,2024-11-01|Orlando Magic|Cleveland Cavaliers,0.9997580710122208,"[{""p_home_win"": 0.9995161420244416, ""weight"": 0.25}, {""p_home_win"": 0.9997580710122208, ""weight"": 0.5}, {""p_home_win"": 1.0, ""weight"": 0.25}]",24.44571904083485,,toor,"{'home_advantage': 0.6846335204113303, 'home_coeff': 3.5471136875685207, 'away_coeff': -2.9607865707421137, 'error_term': 10.248684010962595, 'win_prob_k': 2.93584987109077}",1.0,11
2024-11-01,Detroit Pistons,New York Knicks,98,128,False,False,2024-11-01|New York Knicks|Detroit Pistons,,,,2024-11-01|New York Knicks|Detroit Pistons,0.02316418204185374,"[{""p_home_win"": 0.0, ""weight"": 0.25}, {""p_home_win"": 0.02316418204185374, ""weight"": 0.5}, {""p_home_win"": 0.04632836408370748, ""weight"": 0.25}]",-10.985102880372283,,toor,"{'home_advantage': 0.6846335204113303, 'home_coeff': 3.5471136875685207, 'away_coeff': -2.9607865707421137, 'error_term': 10.248684010962595, 'win_prob_k': 2.93584987109077}",0.0,-30
2024-11-01,Atlanta Hawks,Sacramento Kings,115,123,False,False,2024-11-01|Sacramento Kings|Atlanta Hawks,,,,2024-11-01|Sacramento Kings|Atlanta Hawks,0.4612013734001144,"[{""p_home_win"": 0.0, ""weight"": 0.25}, {""p_home_win"": 0.4612013734001144, ""weight"": 0.5}, {""p_home_win"": 0.9224027468002288, ""weight"": 0.25}]",-0.45654558539306245,,toor,"{'home_advantage': 0.6846335204113303, 'home_coeff': 3.5471136875685207, 'away_coeff': -2.9607865707421137, 'error_term': 10.248684010962595, 'win_prob_k': 2.93584987109077}",0.0,-8
2024-11-01,Brooklyn Nets,Chicago Bulls,120,112,False,False,2024-11-01|Chicago Bulls|Brooklyn Nets,,,,2024-11-01|Chicago Bulls|Brooklyn Nets,0.1436671380831539,"[{""p_home_win"": 0.0, ""weight"": 0.25}, {""p_home_win"": 0.1436671380831539, ""weight"": 0.5}, {""p_home_win"": 0.2873342761663078, ""weight"": 0.25}]",-5.240961976606178,,toor,"{'home_advantage': 0.6846335204113303, 'home_coeff': 3.5471136875685207, 'away_coeff': -2.9607865707421137, 'error_term': 10.248684010962595, 'win_prob_k': 2.93584987109077}",1.0,8
2024-11-01,Toronto Raptors,Los Angeles Lakers,125,131,False,False,2024-11-01|Los Angeles Lakers|Toronto Raptors,,,,2024-11-01|Los Angeles Lakers|Toronto Raptors,0.001232710052221638,"[{""p_home_win"": 0.0, ""weight"": 0.25}, {""p_home_win"": 0.001232710052221638, ""weight"": 0.5}, {""p_home_win"": 0.002465420104443276, ""weight"": 0.25}]",-19.662287212481402,,toor,"{'home_advantage': 0.6846335204113303, 'home_coeff': 3.5471136875685207, 'away_coeff': -2.9607865707421137, 'error_term': 10.248684010962595, 'win_prob_k': 2.93584987109077}",0.0,-6
2024-11-01,New Orleans Pelicans,Indiana Pacers,125,118,False,False,2024-11-01|Indiana Pacers|New Orleans Pelicans,,,,2024-11-01|Indiana Pacers|New Orleans Pelicans,0.93148058306366,"[{""p_home_win"": 0.86296116612732, ""weight"": 0.25}, {""p_home_win"": 0.93148058306366, ""weight"": 0.5}, {""p_home_win"": 1.0, ""weight"": 0.25}]",7.661564634259003,,toor,"{'home_advantage': 0.6846335204113303, 'home_coeff': 3.5471136875685207, 'away_coeff': -2.9607865707421137, 'error_term': 10.248684010962595, 'win_prob_k': 2.93584987109077}",1.0,7
2024-11-01,Minnesota Timberwolves,Denver Nuggets,119,116,False,False,2024-11-01|Denver Nuggets|Minnesota Timberwolves,,,,2024-11-01|Denver Nuggets|Minnesota Timberwolves,0.703347272640412,"[{""p_home_win"": 0.40669454528082394, ""weight"": 0.25}, {""p_home_win"": 0.703347272640412, ""weight"": 0.5}, {""p_home_win"": 1.0, ""weight"": 0.25}]",2.5344856369480575,,toor,"{'home_advantage': 0.6846335204113303, 'home_coeff': 3.5471136875685207, 'away_coeff': -2.9607865707421137, 'error_term': 10.248684010962595, 'win_prob_k': 2.93584987109077}",1.0,3
2024-11-01,Portland Trail Blazers,Oklahoma City Thunder,114,137,False,False,2024-11-01|Oklahoma City Thunder|Portland Trail Blazers,,,,2024-11-01|Oklahoma City Thunder|Portland Trail Blazers,0.023293306531525,"[{""p_home_win"": 0.0, ""weight"": 0.25}, {""p_home_win"": 0.023293306531525, ""weight"": 0.5}, {""p_home_win"": 0.04658661306305, ""weight"": 0.25}]",-10.96839486176883,,toor,"{'home_advantage': 0.6846335204113303, 'home_coeff': 3.5471136875685207, 'away_coeff': -2.9607865707421137, 'error_term': 10.248684010962595, 'win_prob_k': 2.93584987109077}",0.0,-23
2024-11-02,Charlotte Hornets,Boston Celtics,103,113,False,False,2024-11-02|Boston Celtics|Charlotte Hornets,,,,2024-11-02|Boston Celtics|Charlotte Hornets,0.09329838883010722,"[{""p_home_win"": 0.0, ""weight"": 0.25}, {""p_home_win"": 0.09329838883010722, ""weight"": 0.5}, {""p_home_win"": 0.18659677766021443, ""weight"": 0.25}]",-5.987272098220284,,toor,"{'home_advantage': 0.11896323551968722, 'home_coeff': 3.253349682453881, 'away_coeff': -2.7597717672091853, 'error_term': 10.281571230492556, 'win_prob_k': 2.632913043738564}",0.0,-10
2024-11-02,Philadelphia 76ers,Memphis Grizzlies,107,124,False,False,2024-11-02|Memphis Grizzlies|Philadelphia 76ers,,,,2024-11-02|Memphis Grizzlies|Philadelphia 76ers,0.032570153326688445,"[{""p_home_win"": 0.0, ""weight"": 0.25}, {""p_home_win"": 0.032570153326688445, ""weight"": 0.5}, {""p_home_win"": 0.06514030665337689, ""weight"": 0.25}]",-8.928857369482907,,toor,"{'home_advantage': 0.11896323551968722, 'home_coeff': 3.253349682453881, 'away_coeff': -2.7597717672091853, 'error_term': 10.281571230492556, 'win_prob_k': 2.632913043738564}",0.0,-17
2024-11-02,Toronto Raptors,Sacramento Kings,131,128,False,False,2024-11-02|Sacramento Kings|Toronto Raptors,,,,2024-11-02|Sacramento Kings|Toronto Raptors,0.008729964328548882,"[{""p_home_win"": 0.0, ""weight"": 0.25}, {""p_home_win"": 0.008729964328548882, ""weight"": 0.5}, {""p_home_win"": 0.017459928657097765, ""weight"": 0.25}]",-12.459538775419496,,toor,"{'home_advantage': 0.11896323551968722, 'home_coeff': 3.253349682453881, 'away_coeff': -2.7597717672091853, 'error_term': 10.281571230492556, 'win_prob_k': 2.632913043738564}",1.0,3
2024-11-02,Houston Rockets,Golden State Warriors,121,127,False,False,2024-11-02|Golden State Warriors|Houston Rockets,,,,2024-11-02|Golden State Warriors|Houston Rockets,0.13091415803273654,"[{""p_home_win"": 0.0, ""weight"": 0.25}, {""p_home_win"": 0.13091415803273654, ""weight"": 0.5}, {""p_home_win"": 0.2618283160654731, ""weight"": 0.25}]",-4.983841302280756,,toor,"{'home_advantage': 0.11896323551968722, 'home_coeff': 3.253349682453881, 'away_coeff': -2.7597717672091853, 'error_term': 10.281571230492556, 'win_prob_k': 2.632913043738564}",0.0,-6
2024-11-02,Milwaukee Bucks,Cleveland Cavaliers,113,114,False,False,2024-11-02|Cleveland Cavaliers|Milwaukee Bucks,,,,2024-11-02|Cleveland Cavaliers|Milwaukee Bucks,1.8204767739534694e-05,"[{""p_home_win"": 0.0, ""weight"": 0.25}, {""p_home_win"": 1.8204767739534694e-05, ""weight"": 0.5}, {""p_home_win"": 3.640953547906939e-05, ""weight"": 0.25}]",-28.735109624175195,,toor,"{'home_advantage': 0.11896323551968722, 'home_coeff': 3.253349682453881, 'away_coeff': -2.7597717672091853, 'error_term': 10.281571230492556, 'win_prob_k': 2.632913043738564}",0.0,-1
2024-11-02,San Antonio Spurs,Minnesota Timberwolves,113,103,False,False,2024-11-02|Minnesota Timberwolves|San Antonio Spurs,,,,2024-11-02|Minnesota Timberwolves|San Antonio Spurs,0.13599346041208427,"[{""p_home_win"": 0.0, ""weight"": 0.25}, {""p_home_win"": 0.13599346041208427, ""weight"": 0.5}, {""p_home_win"": 0.27198692082416853, ""weight"": 0.25}]",-4.868186546697205,,toor,"{'home_advantage': 0.11896323551968722, 'home_coeff': 3.253349682453881, 'away_coeff': -2.7597717672091853, 'error_term': 10.281571230492556, 'win_prob_k': 2.632913043738564}",1.0,10
2024-11-02,Washington Wizards,Miami Heat,98,118,False,False,2024-11-02|Miami Heat|Washington Wizards,,,,2024-11-02|Miami Heat|Washington Wizards,0.9215544273160822,"[{""p_home_win"": 0.8431088546321643, ""weight"": 0.25}, {""p_home_win"": 0.9215544273160822, ""weight"": 0.5}, {""p_home_win"": 1.0, ""weight"": 0.25}]",6.48659411475359,,toor,"{'home_advantage': 0.11896323551968722, 'home_coeff': 3.253349682453881, 'away_coeff': -2.7597717672091853, 'error_term': 10.281571230492556, 'win_prob_k': 2.632913043738564}",0.0,-20
2024-11-02,Denver Nuggets,Utah Jazz,129,103,False,False,2024-11-02|Utah Jazz|Denver Nuggets,,,,2024-11-02|Utah Jazz|Denver Nuggets,0.9894723577479879,"[{""p_home_win"": 0.9789447154959758, ""weight"": 0.25}, {""p_home_win"": 0.9894723577479879, ""weight"": 0.5}, {""p_home_win"": 1.0, ""weight"": 0.25}]",11.961764801324898,,toor,"{'home_advantage': 0.11896323551968722, 'home_coeff': 3.253349682453881, 'away_coeff': -2.7597717672091853, 'error_term': 10.281571230492556, 'win_prob_k': 2.632913043738564}",1.0,26
2024-11-02,Phoenix Suns,Portland Trail Blazers,103,97,False,False,2024-11-02|Portland Trail Blazers|Phoenix Suns,,,,2024-11-02|Portland Trail Blazers|Phoenix Suns,0.9919941098869911,"[{""p_home_win"": 0.9839882197739822, ""weight"": 0.25}, {""p_home_win"": 0.9919941098869911, ""weight"": 0.5}, {""p_home_win"": 1.0, ""weight"": 0.25}]",12.689428769166305,,toor,"{'home_advantage': 0.11896323551968722, 'home_coeff': 3.253349682453881, 'away_coeff': -2.7597717672091853, 'error_term': 10.281571230492556, 'win_prob_k': 2.632913043738564}",1.0,6
2024-11-02,Los Angeles Clippers,Oklahoma City Thunder,92,105,False,False,2024-11-02|Oklahoma City Thunder|Los Angeles Clippers,,,,2024-11-02|Oklahoma City Thunder|Los Angeles Clippers,0.048660645248582365,"[{""p_home_win"": 0.0, ""weight"": 0.25}, {""p_home_win"": 0.048660645248582365, ""weight"": 0.5}, {""p_home_win"": 0.09732129049716473, ""weight"": 0.25}]",-7.82765111405011,,toor,"{'home_advantage': 0.11896323551968722, 'home_coeff': 3.253349682453881, 'away_coeff': -2.7597717672091853, 'error_term': 10.281571230492556, 'win_prob_k': 2.632913043738564}",0.0,-13
2024-11-03,Brooklyn Nets,Detroit Pistons,92,106,False,False,2024-11-03|Detroit Pistons|Brooklyn Nets,,,,2024-11-03|Detroit Pistons|Brooklyn Nets,0.8705960110194001,"[{""p_home_win"": 0.7411920220388002, ""weight"": 0.25}, {""p_home_win"": 0.8705960110194001, ""weight"": 0.5}, {""p_home_win"": 1.0, ""weight"": 0.25}]",5.058517042760086,,toor,"{'home_advantage': 0.4319097899173331, 'home_coeff': 3.2900000507722034, 'away_coeff': -2.7267879650538154, 'error_term': 10.369452457111088, 'win_prob_k': 2.6536638219406745}",0.0,-14
2024-11-03,New Orleans Pelicans,Atlanta Hawks,111,126,False,False,2024-11-03|Atlanta Hawks|New Orleans Pelicans,,,,2024-11-03|Atlanta Hawks|New Orleans Pelicans,0.8319688635794076,"[{""p_home_win"": 0.6639377271588152, ""weight"": 0.25}, {""p_home_win"": 0.8319688635794076, ""weight"": 0.5}, {""p_home_win"": 1.0, ""weight"": 0.25}]",4.244921971028611,,toor,"{'home_advantage': 0.4319097899173331, 'home_coeff': 3.2900000507722034, 'away_coeff': -2.7267879650538154, 'error_term': 10.369452457111088, 'win_prob_k': 2.6536638219406745}",0.0,-15
2024-11-03,Dallas Mavericks,Orlando Magic,108,85,False,False,2024-11-03|Orlando Magic|Dallas Mavericks,,,,2024-11-03|Orlando Magic|Dallas Mavericks,0.853852732502143,"[{""p_home_win"": 0.707705465004286, ""weight"": 0.25}, {""p_home_win"": 0.853852732502143, ""weight"": 0.5}, {""p_home_win"": 1.0, ""weight"": 0.25}]",4.684098613348243,,toor,"{'home_advantage': 0.4319097899173331, 'home_coeff': 3.2900000507722034, 'away_coeff': -2.7267879650538154, 'error_term': 10.369452457111088, 'win_prob_k': 2.6536638219406745}",1.0,23
2024-11-04,Cleveland Cavaliers,Milwaukee Bucks,116,114,False,False,2024-11-04|Milwaukee Bucks|Cleveland Cavaliers,,,,2024-11-04|Milwaukee Bucks|Cleveland Cavaliers,0.9999862314231553,"[{""p_home_win"": 0.9999724628463107, ""weight"": 0.25}, {""p_home_win"": 0.9999862314231553, ""weight"": 0.5}, {""p_home_win"": 1.0, ""weight"": 0.25}]",29.770064978137626,,toor,"{'home_advantage': 0.05360575290347023, 'home_coeff': 3.2925346026356443, 'away_coeff': -2.708405991403693, 'error_term': 10.711292967233089, 'win_prob_k': 2.6596782073625618}",1.0,2
2024-11-04,Washington Wizards,Golden State Warriors,112,125,False,False,2024-11-04|Golden State Warriors|Washington Wizards,,,,2024-11-04|Golden State Warriors|Washington Wizards,0.22609511725632195,"[{""p_home_win"": 0.0, ""weight"": 0.25}, {""p_home_win"": 0.22609511725632195, ""weight"": 0.5}, {""p_home_win"": 0.4521902345126439, ""weight"": 0.25}]",-3.2727159270179396,,toor,"{'home_advantage': 0.05360575290347023, 'home_coeff': 3.2925346026356443, 'away_coeff': -2.708405991403693, 'error_term': 10.711292967233089, 'win_prob_k': 2.6596782073625618}",0.0,-13
2024-11-04,Detroit Pistons,Los Angeles Lakers,115,103,False,False,2024-11-04|Los Angeles Lakers|Detroit Pistons,,,,2024-11-04|Los Angeles Lakers|Detroit Pistons,0.0018475665489471602,"[{""p_home_win"": 0.0, ""weight"": 0.25}, {""p_home_win"": 0.0018475665489471602, ""weight"": 0.5}, {""p_home_win"": 0.0036951330978943204, ""weight"": 0.25}]",-16.734792649694576,,toor,"{'home_advantage': 0.05360575290347023, 'home_coeff': 3.2925346026356443, 'away_coeff': -2.708405991403693, 'error_term': 10.711292967233089, 'win_prob_k': 2.6596782073625618}",1.0,12
2024-11-04,Atlanta Hawks,Boston Celtics,93,123,False,False,2024-11-04|Boston Celtics|Atlanta Hawks,,,,2024-11-04|Boston Celtics|Atlanta Hawks,0.14777851193348812,"[{""p_home_win"": 0.0, ""weight"": 0.25}, {""p_home_win"": 0.14777851193348812, ""weight"": 0.5}, {""p_home_win"": 0.29555702386697624, ""weight"": 0.25}]",-4.660106881184249,,toor,"{'home_advantage': 0.05360575290347023, 'home_coeff': 3.2925346026356443, 'away_coeff': -2.708405991403693, 'error_term': 10.711292967233089, 'win_prob_k': 2.6596782073625618}",0.0,-30
2024-11-04,Brooklyn Nets,Memphis Grizzlies,106,104,False,False,2024-11-04|Memphis Grizzlies|Brooklyn Nets,,,,2024-11-04|Memphis Grizzlies|Brooklyn Nets,0.38260922234791445,"[{""p_home_win"": 0.0, ""weight"": 0.25}, {""p_home_win"": 0.38260922234791445, ""weight"": 0.5}, {""p_home_win"": 0.7652184446958289, ""weight"": 0.25}]",-1.272624141813984,,toor,"{'home_advantage': 0.05360575290347023, 'home_coeff': 3.2925346026356443, 'away_coeff': -2.708405991403693, 'error_term': 10.711292967233089, 'win_prob_k': 2.6596782073625618}",1.0,2
2024-11-04,Miami Heat,Sacramento Kings,110,111,False,False,2024-11-04|Sacramento Kings|Miami Heat,,,,2024-11-04|Sacramento Kings|Miami Heat,0.6109131280796576,"[{""p_home_win"": 0.22182625615931517, ""weight"": 0.25}, {""p_home_win"": 0.6109131280796576, ""weight"": 0.5}, {""p_home_win"": 1.0, ""weight"": 0.25}]",1.1999194866180867,,toor,"{'home_advantage': 0.05360575290347023, 'home_coeff': 3.2925346026356443, 'away_coeff': -2.708405991403693, 'error_term': 10.711292967233089, 'win_prob_k': 2.6596782073625618}",0.0,-1
2024-11-04,Chicago Bulls,Utah Jazz,126,135,False,False,2024-11-04|Utah Jazz|Chicago Bulls,,,,2024-11-04|Utah Jazz|Chicago Bulls,0.9729532946508557,"[{""p_home_win"": 0.9459065893017113, ""weight"": 0.25}, {""p_home_win"": 0.9729532946508557, ""weight"": 0.5}, {""p_home_win"": 1.0, ""weight"": 0.25}]",9.529017632375616,,toor,"{'home_advantage': 0.05360575290347023, 'home_coeff': 3.2925346026356443, 'away_coeff': -2.708405991403693, 'error_term': 10.711292967233089, 'win_prob_k': 2.6596782073625618}",0.0,-9
2024-11-04,Houston Rockets,New York Knicks,109,97,False,False,2024-11-04|New York Knicks|Houston Rockets,,,,2024-11-04|New York Knicks|Houston Rockets,0.41691123756194015,"[{""p_home_win"": 0.0, ""weight"": 0.25}, {""p_home_win"": 0.41691123756194015, ""weight"": 0.5}, {""p_home_win"": 0.8338224751238803, ""weight"": 0.25}]",-0.8922318392125137,,toor,"{'home_advantage': 0.05360575290347023, 'home_coeff': 3.2925346026356443, 'away_coeff': -2.708405991403693, 'error_term': 10.711292967233089, 'win_prob_k': 2.6596782073625618}",1.0,12
2024-11-04,Minnesota Timberwolves,Charlotte Hornets,114,93,False,False,2024-11-04|Charlotte Hornets|Minnesota Timberwolves,,,,2024-11-04|Charlotte Hornets|Minnesota Timberwolves,0.7513594397096054,"[{""p_home_win"": 0.5027188794192108, ""weight"": 0.25}, {""p_home_win"": 0.7513594397096054, ""weight"": 0.5}, {""p_home_win"": 1.0, ""weight"": 0.25}]",2.9412738489851433,,toor,"{'home_advantage': 0.05360575290347023, 'home_coeff': 3.2925346026356443, 'away_coeff': -2.708405991403693, 'error_term': 10.711292967233089, 'win_prob_k': 2.6596782073625618}",1.0,21
2024-11-04,Oklahoma City Thunder,Orlando Magic,102,86,False,False,2024-11-04|Orlando Magic|Oklahoma City Thunder,,,,2024-11-04|Orlando Magic|Oklahoma City Thunder,0.9989386331452513,"[{""p_home_win"": 0.9978772662905027, ""weight"": 0.25}, {""p_home_win"": 0.9989386331452513, ""weight"": 0.5}, {""p_home_win"": 1.0, ""weight"": 0.25}]",18.211177831321475,,toor,"{'home_advantage': 0.05360575290347023, 'home_coeff': 3.2925346026356443, 'away_coeff': -2.708405991403693, 'error_term': 10.711292967233089, 'win_prob_k': 2.6596782073625618}",1.0,16
2024-11-04,New Orleans Pelicans,Portland Trail Blazers,100,118,False,False,2024-11-04|Portland Trail Blazers|New Orleans Pelicans,,,,2024-11-04|Portland Trail Blazers|New Orleans Pelicans,0.4120991392868965,"[{""p_home_win"": 0.0, ""weight"": 0.25}, {""p_home_win"": 0.4120991392868965, ""weight"": 0.5}, {""p_home_win"": 0.824198278573793, ""weight"": 0.25}]",-0.9449687189233573,,toor,"{'home_advantage': 0.05360575290347023, 'home_coeff': 3.2925346026356443, 'away_coeff': -2.708405991403693, 'error_term': 10.711292967233089, 'win_prob_k': 2.6596782073625618}",0.0,-18
2024-11-04,Dallas Mavericks,Indiana Pacers,127,134,False,False,2024-11-04|Indiana Pacers|Dallas Mavericks,,,,2024-11-04|Indiana Pacers|Dallas Mavericks,0.9718643821127475,"[{""p_home_win"": 0.943728764225495, ""weight"": 0.25}, {""p_home_win"": 0.9718643821127475, ""weight"": 0.5}, {""p_home_win"": 1.0, ""weight"": 0.25}]",9.421058835504486,,toor,"{'home_advantage': 0.05360575290347023, 'home_coeff': 3.2925346026356443, 'away_coeff': -2.708405991403693, 'error_term': 10.711292967233089, 'win_prob_k': 2.6596782073625618}",0.0,-7
2024-11-04,Denver Nuggets,Toronto Raptors,121,119,False,False,2024-11-04|Toronto Raptors|Denver Nuggets,,,,2024-11-04|Toronto Raptors|Denver Nuggets,0.6575696780467504,"[{""p_home_win"": 0.31513935609350074, ""weight"": 0.25}, {""p_home_win"": 0.6575696780467504, ""weight"": 0.5}, {""p_home_win"": 1.0, ""weight"": 0.25}]",1.7353935795549125,,toor,"{'home_advantage': 0.05360575290347023, 'home_coeff': 3.2925346026356443, 'away_coeff': -2.708405991403693, 'error_term': 10.711292967233089, 'win_prob_k': 2.6596782073625618}",1.0,2
2024-11-04,Phoenix Suns,Philadelphia 76ers,118,116,False,False,2024-11-04|Philadelphia 76ers|Phoenix Suns,,,,2024-11-04|Philadelphia 76ers|Phoenix Suns,0.9998039839485431,"[{""p_home_win"": 0.9996079678970862, ""weight"": 0.25}, {""p_home_win"": 0.9998039839485431, ""weight"": 0.5}, {""p_home_win"": 1.0, ""weight"": 0.25}]",22.70598662283699,,toor,"{'home_advantage': 0.05360575290347023, 'home_coeff': 3.2925346026356443, 'away_coeff': -2.708405991403693, 'error_term': 10.711292967233089, 'win_prob_k': 2.6596782073625618}",1.0,2
2024-11-04,Los Angeles Clippers,San Antonio Spurs,113,104,False,False,2024-11-04|San Antonio Spurs|Los Angeles Clippers,,,,2024-11-04|San Antonio Spurs|Los Angeles Clippers,0.5731399087655169,"[{""p_home_win"": 0.1462798175310338, ""weight"": 0.25}, {""p_home_win"": 0.5731399087655169, ""weight"": 0.5}, {""p_home_win"": 1.0, ""weight"": 0.25}]",0.7837368230411208,,toor,"{'home_advantage': 0.05360575290347023, 'home_coeff': 3.2925346026356443, 'away_coeff': -2.708405991403693, 'error_term': 10.711292967233089, 'win_prob_k': 2.6596782073625618}",1.0,9
2024-11-06,Charlotte Hornets,Detroit Pistons,108,107,False,False,2024-11-06|Detroit Pistons|Charlotte Hornets,,,,2024-11-06|Detroit Pistons|Charlotte Hornets,0.3693609887684408,"[{""p_home_win"": 0.0, ""weight"": 0.25}, {""p_home_win"": 0.3693609887684408, ""weight"": 0.5}, {""p_home_win"": 0.7387219775368816, ""weight"": 0.25}]",-1.659853624146061,,toor,"{'home_advantage': -0.45192126783742986, 'home_coeff': 3.3604564529526453, 'away_coeff': -3.0640586860021335, 'error_term': 11.223132475080236, 'win_prob_k': 3.1027670293627767}",1.0,1
2024-11-06,Indiana Pacers,Orlando Magic,118,111,False,False,2024-11-06|Orlando Magic|Indiana Pacers,,,,2024-11-06|Orlando Magic|Indiana Pacers,0.4801697083590277,"[{""p_home_win"": 0.0, ""weight"": 0.25}, {""p_home_win"": 0.4801697083590277, ""weight"": 0.5}, {""p_home_win"": 0.9603394167180554, ""weight"": 0.25}]",-0.2462442654925896,,toor,"{'home_advantage': -0.45192126783742986, 'home_coeff': 3.3604564529526453, 'away_coeff': -3.0640586860021335, 'error_term': 11.223132475080236, 'win_prob_k': 3.1027670293627767}",1.0,7
2024-11-06,Atlanta Hawks,New York Knicks,121,116,False,False,2024-11-06|New York Knicks|Atlanta Hawks,,,,2024-11-06|New York Knicks|Atlanta Hawks,0.23653983924483324,"[{""p_home_win"": 0.0, ""weight"": 0.25}, {""p_home_win"": 0.23653983924483324, ""weight"": 0.5}, {""p_home_win"": 0.4730796784896665, ""weight"": 0.25}]",-3.63564956949034,,toor,"{'home_advantage': -0.45192126783742986, 'home_coeff': 3.3604564529526453, 'away_coeff': -3.0640586860021335, 'error_term': 11.223132475080236, 'win_prob_k': 3.1027670293627767}",1.0,5
2024-11-06,Boston Celtics,Golden State Warriors,112,118,False,False,2024-11-06|Golden State Warriors|Boston Celtics,,,,2024-11-06|Golden State Warriors|Boston Celtics,0.36955048365394516,"[{""p_home_win"": 0.0, ""weight"": 0.25}, {""p_home_win"": 0.36955048365394516, ""weight"": 0.5}, {""p_home_win"": 0.7391009673078903, ""weight"": 0.25}]",-1.6573297443046417,,toor,"{'home_advantage': -0.45192126783742986, 'home_coeff': 3.3604564529526453, 'away_coeff': -3.0640586860021335, 'error_term': 11.223132475080236, 'win_prob_k': 3.1027670293627767}",0.0,-6
2024-11-06,Houston Rockets,San Antonio Spurs,127,100,False,False,2024-11-06|San Antonio Spurs|Houston Rockets,,,,2024-11-06|San Antonio Spurs|Houston Rockets,0.5260955128730331,"[{""p_home_win"": 0.052191025746066266, ""weight"": 0.25}, {""p_home_win"": 0.5260955128730331, ""weight"": 0.5}, {""p_home_win"": 1.0, ""weight"": 0.25}]",0.3241677357699796,,toor,"{'home_advantage': -0.45192126783742986, 'home_coeff': 3.3604564529526453, 'away_coeff': -3.0640586860021335, 'error_term': 11.223132475080236, 'win_prob_k': 3.1027670293627767}",1.0,27
2024-11-06,Memphis Grizzlies,Los Angeles Lakers,131,114,False,False,2024-11-06|Los Angeles Lakers|Memphis Grizzlies,,,,2024-11-06|Los Angeles Lakers|Memphis Grizzlies,0.028241998470994647,"[{""p_home_win"": 0.0, ""weight"": 0.25}, {""p_home_win"": 0.028241998470994647, ""weight"": 0.5}, {""p_home_win"": 0.056483996941989294, ""weight"": 0.25}]",-10.978510112295764,,toor,"{'home_advantage': -0.45192126783742986, 'home_coeff': 3.3604564529526453, 'away_coeff': -3.0640586860021335, 'error_term': 11.223132475080236, 'win_prob_k': 3.1027670293627767}",1.0,17
2024-11-06,New Orleans Pelicans,Cleveland Cavaliers,122,131,False,False,2024-11-06|Cleveland Cavaliers|New Orleans Pelicans,,,,2024-11-06|Cleveland Cavaliers|New Orleans Pelicans,0.003225349585940614,"[{""p_home_win"": 0.0, ""weight"": 0.25}, {""p_home_win"": 0.003225349585940614, ""weight"": 0.5}, {""p_home_win"": 0.006450699171881228, ""weight"": 0.25}]",-17.78966317510036,,toor,"{'home_advantage': -0.45192126783742986, 'home_coeff': 3.3604564529526453, 'away_coeff': -3.0640586860021335, 'error_term': 11.223132475080236, 'win_prob_k': 3.1027670293627767}",0.0,-9
2024-11-06,Dallas Mavericks,Chicago Bulls,119,99,False,False,2024-11-06|Chicago Bulls|Dallas Mavericks,,,,2024-11-06|Chicago Bulls|Dallas Mavericks,0.8545711383162315,"[{""p_home_win"": 0.7091422766324631, ""weight"": 0.25}, {""p_home_win"": 0.8545711383162315, ""weight"": 0.5}, {""p_home_win"": 1.0, ""weight"": 0.25}]",5.494729557826433,,toor,"{'home_advantage': -0.45192126783742986, 'home_coeff': 3.3604564529526453, 'away_coeff': -3.0640586860021335, 'error_term': 11.223132475080236, 'win_prob_k': 3.1027670293627767}",1.0,20
2024-11-06,Denver Nuggets,Oklahoma City Thunder,124,122,False,False,2024-11-06|Oklahoma City Thunder|Denver Nuggets,,,,2024-11-06|Oklahoma City Thunder|Denver Nuggets,0.006404810870097841,"[{""p_home_win"": 0.0, ""weight"": 0.25}, {""p_home_win"": 0.006404810870097841, ""weight"": 0.5}, {""p_home_win"": 0.012809621740195683, ""weight"": 0.25}]",-15.651227107066948,,toor,"{'home_advantage': -0.45192126783742986, 'home_coeff': 3.3604564529526453, 'away_coeff': -3.0640586860021335, 'error_term': 11.223132475080236, 'win_prob_k': 3.1027670293627767}",1.0,2
2024-11-06,Phoenix Suns,Miami Heat,115,112,False,False,2024-11-06|Miami Heat|Phoenix Suns,,,,2024-11-06|Miami Heat|Phoenix Suns,0.9606066061454942,"[{""p_home_win"": 0.9212132122909884, ""weight"": 0.25}, {""p_home_win"": 0.9606066061454942, ""weight"": 0.5}, {""p_home_win"": 1.0, ""weight"": 0.25}]",9.910134981478746,,toor,"{'home_advantage': -0.45192126783742986, 'home_coeff': 3.3604564529526453, 'away_coeff': -3.0640586860021335, 'error_term': 11.223132475080236, 'win_prob_k': 3.1027670293627767}",1.0,3
2024-11-06,Los Angeles Clippers,Philadelphia 76ers,110,98,False,False,2024-11-06|Philadelphia 76ers|Los Angeles Clippers,,,,2024-11-06|Philadelphia 76ers|Los Angeles Clippers,0.986440994831356,"[{""p_home_win"": 0.9728819896627121, ""weight"": 0.25}, {""p_home_win"": 0.986440994831356, ""weight"": 0.5}, {""p_home_win"": 1.0, ""weight"": 0.25}]",13.30172544912337,,toor,"{'home_advantage': -0.45192126783742986, 'home_coeff': 3.3604564529526453, 'away_coeff': -3.0640586860021335, 'error_term': 11.223132475080236, 'win_prob_k': 3.1027670293627767}",1.0,12
2024-11-06,Sacramento Kings,Toronto Raptors,122,107,False,False,2024-11-06|Toronto Raptors|Sacramento Kings,,,,2024-11-06|Toronto Raptors|Sacramento Kings,0.7745069754631642,"[{""p_home_win"": 0.5490139509263283, ""weight"": 0.25}, {""p_home_win"": 0.7745069754631642, ""weight"": 0.5}, {""p_home_win"": 1.0, ""weight"": 0.25}]",3.828620408473391,,toor,"{'home_advantage': -0.45192126783742986, 'home_coeff': 3.3604564529526453, 'away_coeff': -3.0640586860021335, 'error_term': 11.223132475080236, 'win_prob_k': 3.1027670293627767}",1.0,15
2024-11-07,Chicago Bulls,Minnesota Timberwolves,119,135,False,False,2024-11-07|Minnesota Timberwolves|Chicago Bulls,,,,2024-11-07|Minnesota Timberwolves|Chicago Bulls,0.1600475040775863,"[{""p_home_win"": 0.0, ""weight"": 0.25}, {""p_home_win"": 0.1600475040775863, ""weight"": 0.5}, {""p_home_win"": 0.3200950081551726, ""weight"": 0.25}]",-5.753339064055806,,toor,"{'home_advantage': 0.17795651796435927, 'home_coeff': 3.588766832584604, 'away_coeff': -3.45549501835145, 'error_term': 11.463429023925583, 'win_prob_k': 3.470310018999847}",0.0,-16
2024-11-07,Milwaukee Bucks,Utah Jazz,123,100,False,False,2024-11-07|Utah Jazz|Milwaukee Bucks,,,,2024-11-07|Utah Jazz|Milwaukee Bucks,0.30976191365502653,"[{""p_home_win"": 0.0, ""weight"": 0.25}, {""p_home_win"": 0.30976191365502653, ""weight"": 0.5}, {""p_home_win"": 0.6195238273100531, ""weight"": 0.25}]",-2.780525549921725,,toor,"{'home_advantage': 0.17795651796435927, 'home_coeff': 3.588766832584604, 'away_coeff': -3.45549501835145, 'error_term': 11.463429023925583, 'win_prob_k': 3.470310018999847}",1.0,23
2024-11-07,San Antonio Spurs,Portland Trail Blazers,118,105,False,False,2024-11-07|Portland Trail Blazers|San Antonio Spurs,,,,2024-11-07|Portland Trail Blazers|San Antonio Spurs,0.4560438952858784,"[{""p_home_win"": 0.0, ""weight"": 0.25}, {""p_home_win"": 0.4560438952858784, ""weight"": 0.5}, {""p_home_win"": 0.9120877905717568, ""weight"": 0.25}]",-0.611744470793703,,toor,"{'home_advantage': 0.17795651796435927, 'home_coeff': 3.588766832584604, 'away_coeff': -3.45549501835145, 'error_term': 11.463429023925583, 'win_prob_k': 3.470310018999847}",1.0,13
2024-11-08,Charlotte Hornets,Indiana Pacers,103,83,False,False,2024-11-08|Indiana Pacers|Charlotte Hornets,,,,2024-11-08|Indiana Pacers|Charlotte Hornets,0.4981298375026397,"[{""p_home_win"": 0.0, ""weight"": 0.25}, {""p_home_win"": 0.4981298375026397, ""weight"": 0.5}, {""p_home_win"": 0.9962596750052795, ""weight"": 0.25}]",-0.027132409675673985,,toor,"{'home_advantage': 0.45773142088290186, 'home_coeff': 3.644601930579349, 'away_coeff': -3.6737807251082497, 'error_term': 11.411581506937319, 'win_prob_k': 3.6269954062478726}",1.0,20
2024-11-08,Detroit Pistons,Atlanta Hawks,122,121,False,False,2024-11-08|Atlanta Hawks|Detroit Pistons,,,,2024-11-08|Atlanta Hawks|Detroit Pistons,0.3575084897077195,"[{""p_home_win"": 0.0, ""weight"": 0.25}, {""p_home_win"": 0.3575084897077195, ""weight"": 0.5}, {""p_home_win"": 0.715016979415439, ""weight"": 0.25}]",-2.126124736336095,,toor,"{'home_advantage': 0.45773142088290186, 'home_coeff': 3.644601930579349, 'away_coeff': -3.6737807251082497, 'error_term': 11.411581506937319, 'win_prob_k': 3.6269954062478726}",1.0,1
2024-11-08,Orlando Magic,New Orleans Pelicans,115,88,False,False,2024-11-08|New Orleans Pelicans|Orlando Magic,,,,2024-11-08|New Orleans Pelicans|Orlando Magic,0.4577335616541045,"[{""p_home_win"": 0.0, ""weight"": 0.25}, {""p_home_win"": 0.4577335616541045, ""weight"": 0.5}, {""p_home_win"": 0.915467123308209, ""weight"": 0.25}]",-0.6146676100318302,,toor,"{'home_advantage': 0.45773142088290186, 'home_coeff': 3.644601930579349, 'away_coeff': -3.6737807251082497, 'error_term': 11.411581506937319, 'win_prob_k': 3.6269954062478726}",1.0,27
2024-11-08,Boston Celtics,Brooklyn Nets,108,104,False,False,2024-11-08|Brooklyn Nets|Boston Celtics,,,,2024-11-08|Brooklyn Nets|Boston Celtics,0.9067280462655811,"[{""p_home_win"": 0.8134560925311622, ""weight"": 0.25}, {""p_home_win"": 0.9067280462655811, ""weight"": 0.5}, {""p_home_win"": 1.0, ""weight"": 0.25}]",8.248959460742519,,toor,"{'home_advantage': 0.45773142088290186, 'home_coeff': 3.644601930579349, 'away_coeff': -3.6737807251082497, 'error_term': 11.411581506937319, 'win_prob_k': 3.6269954062478726}",1.0,4
2024-11-08,Cleveland Cavaliers,Golden State Warriors,136,117,False,False,2024-11-08|Golden State Warriors|Cleveland Cavaliers,,,,2024-11-08|Golden State Warriors|Cleveland Cavaliers,0.9357340058399896,"[{""p_home_win"": 0.8714680116799791, ""weight"": 0.25}, {""p_home_win"": 0.9357340058399896, ""weight"": 0.5}, {""p_home_win"": 1.0, ""weight"": 0.25}]",9.714184063995312,,toor,"{'home_advantage': 0.45773142088290186, 'home_coeff': 3.644601930579349, 'away_coeff': -3.6737807251082497, 'error_term': 11.411581506937319, 'win_prob_k': 3.6269954062478726}",1.0,19
2024-11-08,Dallas Mavericks,Phoenix Suns,113,114,False,False,2024-11-08|Phoenix Suns|Dallas Mavericks,,,,2024-11-08|Phoenix Suns|Dallas Mavericks,0.13656096247939267,"[{""p_home_win"": 0.0, ""weight"": 0.25}, {""p_home_win"": 0.13656096247939267, ""weight"": 0.5}, {""p_home_win"": 0.27312192495878534, ""weight"": 0.25}]",-6.688731446541355,,toor,"{'home_advantage': 0.45773142088290186, 'home_coeff': 3.644601930579349, 'away_coeff': -3.6737807251082497, 'error_term': 11.411581506937319, 'win_prob_k': 3.6269954062478726}",0.0,-1
2024-11-08,New York Knicks,Milwaukee Bucks,116,94,False,False,2024-11-08|Milwaukee Bucks|New York Knicks,,,,2024-11-08|Milwaukee Bucks|New York Knicks,0.9169592688427085,"[{""p_home_win"": 0.833918537685417, ""weight"": 0.25}, {""p_home_win"": 0.9169592688427085, ""weight"": 0.5}, {""p_home_win"": 1.0, ""weight"": 0.25}]",8.711070311448461,,toor,"{'home_advantage': 0.45773142088290186, 'home_coeff': 3.644601930579349, 'away_coeff': -3.6737807251082497, 'error_term': 11.411581506937319, 'win_prob_k': 3.6269954062478726}",1.0,22
2024-11-08,Memphis Grizzlies,Washington Wizards,128,104,False,False,2024-11-08|Washington Wizards|Memphis Grizzlies,,,,2024-11-08|Washington Wizards|Memphis Grizzlies,0.34796535630934544,"[{""p_home_win"": 0.0, ""weight"": 0.25}, {""p_home_win"": 0.34796535630934544, ""weight"": 0.5}, {""p_home_win"": 0.6959307126186909, ""weight"": 0.25}]",-2.2777341496596684,,toor,"{'home_advantage': 0.45773142088290186, 'home_coeff': 3.644601930579349, 'away_coeff': -3.6737807251082497, 'error_term': 11.411581506937319, 'win_prob_k': 3.6269954062478726}",1.0,24
2024-11-08,Oklahoma City Thunder,Houston Rockets,126,107,False,False,2024-11-08|Houston Rockets|Oklahoma City Thunder,,,,2024-11-08|Houston Rockets|Oklahoma City Thunder,0.835130420345882,"[{""p_home_win"": 0.6702608406917641, ""weight"": 0.25}, {""p_home_win"": 0.835130420345882, ""weight"": 0.5}, {""p_home_win"": 1.0, ""weight"": 0.25}]",5.88455765335487,,toor,"{'home_advantage': 0.45773142088290186, 'home_coeff': 3.644601930579349, 'away_coeff': -3.6737807251082497, 'error_term': 11.411581506937319, 'win_prob_k': 3.6269954062478726}",1.0,19
2024-11-08,Denver Nuggets,Miami Heat,135,122,False,False,2024-11-08|Miami Heat|Denver Nuggets,,,,2024-11-08|Miami Heat|Denver Nuggets,0.804240305091723,"[{""p_home_win"": 0.6084806101834459, ""weight"": 0.25}, {""p_home_win"": 0.804240305091723, ""weight"": 0.5}, {""p_home_win"": 1.0, ""weight"": 0.25}]",5.124981688693531,,toor,"{'home_advantage': 0.45773142088290186, 'home_coeff': 3.644601930579349, 'away_coeff': -3.6737807251082497, 'error_term': 11.411581506937319, 'win_prob_k': 3.6269954062478726}",1.0,13
2024-11-08,Minnesota Timberwolves,Portland Trail Blazers,127,102,False,False,2024-11-08|Portland Trail Blazers|Minnesota Timberwolves,,,,2024-11-08|Portland Trail Blazers|Minnesota Timberwolves,0.6864043564952916,"[{""p_home_win"": 0.37280871299058327, ""weight"": 0.25}, {""p_home_win"": 0.6864043564952916, ""weight"": 0.5}, {""p_home_win"": 1.0, ""weight"": 0.25}]",2.8412521836124762,,toor,"{'home_advantage': 0.45773142088290186, 'home_coeff': 3.644601930579349, 'away_coeff': -3.6737807251082497, 'error_term': 11.411581506937319, 'win_prob_k': 3.6269954062478726}",1.0,25
2024-11-08,Los Angeles Lakers,Philadelphia 76ers,116,106,False,False,2024-11-08|Philadelphia 76ers|Los Angeles Lakers,,,,2024-11-08|Philadelphia 76ers|Los Angeles Lakers,0.9708774811796529,"[{""p_home_win"": 0.9417549623593058, ""weight"": 0.25}, {""p_home_win"": 0.9708774811796529, ""weight"": 0.5}, {""p_home_win"": 1.0, ""weight"": 0.25}]",12.71874331570477,,toor,"{'home_advantage': 0.45773142088290186, 'home_coeff': 3.644601930579349, 'away_coeff': -3.6737807251082497, 'error_term': 11.411581506937319, 'win_prob_k': 3.6269954062478726}",1.0,10
2024-11-08,Sacramento Kings,Los Angeles Clippers,98,107,False,False,2024-11-08|Los Angeles Clippers|Sacramento Kings,,,,2024-11-08|Los Angeles Clippers|Sacramento Kings,0.2854808998486733,"[{""p_home_win"": 0.0, ""weight"": 0.25}, {""p_home_win"": 0.2854808998486733, ""weight"": 0.5}, {""p_home_win"": 0.5709617996973466, ""weight"": 0.25}]",-3.3275310908020184,,toor,"{'home_advantage': 0.45773142088290186, 'home_coeff': 3.644601930579349, 'away_coeff': -3.6737807251082497, 'error_term': 11.411581506937319, 'win_prob_k': 3.6269954062478726}",0.0,-9
2024-11-09,San Antonio Spurs,Utah Jazz,110,111,False,False,2024-11-09|Utah Jazz|San Antonio Spurs,,,,2024-11-09|Utah Jazz|San Antonio Spurs,0.9563166085679766,"[{""p_home_win"": 0.9126332171359532, ""weight"": 0.25}, {""p_home_win"": 0.9563166085679766, ""weight"": 0.5}, {""p_home_win"": 1.0, ""weight"": 0.25}]",10.887982275840601,,toor,"{'home_advantage': 1.5011135905344017, 'home_coeff': 3.2807629975501165, 'away_coeff': -3.2785636801853317, 'error_term': 11.600413965046906, 'win_prob_k': 3.5280476809612042}",0.0,-1
2024-11-09,Atlanta Hawks,Chicago Bulls,113,125,False,False,2024-11-09|Chicago Bulls|Atlanta Hawks,,,,2024-11-09|Chicago Bulls|Atlanta Hawks,0.7308825459478241,"[{""p_home_win"": 0.4617650918956482, ""weight"": 0.25}, {""p_home_win"": 0.7308825459478241, ""weight"": 0.5}, {""p_home_win"": 1.0, ""weight"": 0.25}]",3.524889564998438,,toor,"{'home_advantage': 1.5011135905344017, 'home_coeff': 3.2807629975501165, 'away_coeff': -3.2785636801853317, 'error_term': 11.600413965046906, 'win_prob_k': 3.5280476809612042}",0.0,-12
2024-11-09,Cleveland Cavaliers,Brooklyn Nets,105,100,False,False,2024-11-09|Brooklyn Nets|Cleveland Cavaliers,,,,2024-11-09|Brooklyn Nets|Cleveland Cavaliers,0.9986340956920391,"[{""p_home_win"": 0.9972681913840782, ""weight"": 0.25}, {""p_home_win"": 0.9986340956920391, ""weight"": 0.5}, {""p_home_win"": 1.0, ""weight"": 0.25}]",23.265963516666183,,toor,"{'home_advantage': 1.5011135905344017, 'home_coeff': 3.2807629975501165, 'away_coeff': -3.2785636801853317, 'error_term': 11.600413965046906, 'win_prob_k': 3.5280476809612042}",1.0,5
2024-11-09,Los Angeles Clippers,Toronto Raptors,105,103,False,False,2024-11-09|Toronto Raptors|Los Angeles Clippers,,,,2024-11-09|Toronto Raptors|Los Angeles Clippers,0.9547817192499697,"[{""p_home_win"": 0.9095634384999394, ""weight"": 0.25}, {""p_home_win"": 0.9547817192499697, ""weight"": 0.5}, {""p_home_win"": 1.0, ""weight"": 0.25}]",10.76047945836335,,toor,"{'home_advantage': 1.5011135905344017, 'home_coeff': 3.2807629975501165, 'away_coeff': -3.2785636801853317, 'error_term': 11.600413965046906, 'win_prob_k': 3.5280476809612042}",1.0,2
2024-11-10,Detroit Pistons,Houston Rockets,99,101,False,False,2024-11-10|Houston Rockets|Detroit Pistons,,,,2024-11-10|Houston Rockets|Detroit Pistons,0.29407557298752435,"[{""p_home_win"": 0.0, ""weight"": 0.25}, {""p_home_win"": 0.29407557298752435, ""weight"": 0.5}, {""p_home_win"": 0.5881511459750487, ""weight"": 0.25}]",-3.0815210783164573,,toor,"{'home_advantage': 1.2411546094816999, 'home_coeff': 2.8600706637507876, 'away_coeff': -3.0978487949007767, 'error_term': 11.724601719381374, 'win_prob_k': 3.519038156564031}",0.0,-2
2024-11-10,Milwaukee Bucks,Boston Celtics,107,113,False,False,2024-11-10|Boston Celtics|Milwaukee Bucks,,,,2024-11-10|Boston Celtics|Milwaukee Bucks,0.07518672511374633,"[{""p_home_win"": 0.0, ""weight"": 0.25}, {""p_home_win"": 0.07518672511374633, ""weight"": 0.5}, {""p_home_win"": 0.15037345022749266, ""weight"": 0.25}]",-8.831438560303035,,toor,"{'home_advantage': 1.2411546094816999, 'home_coeff': 2.8600706637507876, 'away_coeff': -3.0978487949007767, 'error_term': 11.724601719381374, 'win_prob_k': 3.519038156564031}",0.0,-6
2024-11-10,Indiana Pacers,New York Knicks,132,121,False,False,2024-11-10|New York Knicks|Indiana Pacers,,,,2024-11-10|New York Knicks|Indiana Pacers,0.4436702506246993,"[{""p_home_win"": 0.0, ""weight"": 0.25}, {""p_home_win"": 0.4436702506246993, ""weight"": 0.5}, {""p_home_win"": 0.8873405012493986, ""weight"": 0.25}]",-0.7962864941272646,,toor,"{'home_advantage': 1.2411546094816999, 'home_coeff': 2.8600706637507876, 'away_coeff': -3.0978487949007767, 'error_term': 11.724601719381374, 'win_prob_k': 3.519038156564031}",1.0,11
2024-11-10,Orlando Magic,Washington Wizards,121,94,False,False,2024-11-10|Washington Wizards|Orlando Magic,,,,2024-11-10|Washington Wizards|Orlando Magic,0.7098198854582447,"[{""p_home_win"": 0.4196397709164894, ""weight"": 0.25}, {""p_home_win"": 0.7098198854582447, ""weight"": 0.5}, {""p_home_win"": 1.0, ""weight"": 0.25}]",3.147812852826485,,toor,"{'home_advantage': 1.2411546094816999, 'home_coeff': 2.8600706637507876, 'away_coeff': -3.0978487949007767, 'error_term': 11.724601719381374, 'win_prob_k': 3.519038156564031}",1.0,27
2024-11-10,Minnesota Timberwolves,Miami Heat,94,95,False,False,2024-11-10|Miami Heat|Minnesota Timberwolves,,,,2024-11-10|Miami Heat|Minnesota Timberwolves,0.8354214000816832,"[{""p_home_win"": 0.6708428001633664, ""weight"": 0.25}, {""p_home_win"": 0.8354214000816832, ""weight"": 0.5}, {""p_home_win"": 1.0, ""weight"": 0.25}]",5.716846403252687,,toor,"{'home_advantage': 1.2411546094816999, 'home_coeff': 2.8600706637507876, 'away_coeff': -3.0978487949007767, 'error_term': 11.724601719381374, 'win_prob_k': 3.519038156564031}",0.0,-1
2024-11-10,Oklahoma City Thunder,Golden State Warriors,116,127,False,False,2024-11-10|Golden State Warriors|Oklahoma City Thunder,,,,2024-11-10|Golden State Warriors|Oklahoma City Thunder,0.6506967549111125,"[{""p_home_win"": 0.3013935098222249, ""weight"": 0.25}, {""p_home_win"": 0.6506967549111125, ""weight"": 0.5}, {""p_home_win"": 1.0, ""weight"": 0.25}]",2.189205170431011,,toor,"{'home_advantage': 1.2411546094816999, 'home_coeff': 2.8600706637507876, 'away_coeff': -3.0978487949007767, 'error_term': 11.724601719381374, 'win_prob_k': 3.519038156564031}",0.0,-11
2024-11-10,Philadelphia 76ers,Charlotte Hornets,107,105,False,False,2024-11-10|Charlotte Hornets|Philadelphia 76ers,,,,2024-11-10|Charlotte Hornets|Philadelphia 76ers,0.1750527211176306,"[{""p_home_win"": 0.0, ""weight"": 0.25}, {""p_home_win"": 0.1750527211176306, ""weight"": 0.5}, {""p_home_win"": 0.3501054422352612, ""weight"": 0.25}]",-5.455326572395894,,toor,"{'home_advantage': 1.2411546094816999, 'home_coeff': 2.8600706637507876, 'away_coeff': -3.0978487949007767, 'error_term': 11.724601719381374, 'win_prob_k': 3.519038156564031}",1.0,2
2024-11-10,Denver Nuggets,Dallas Mavericks,122,120,False,False,2024-11-10|Dallas Mavericks|Denver Nuggets,,,,2024-11-10|Dallas Mavericks|Denver Nuggets,0.732849854550312,"[{""p_home_win"": 0.4656997091006241, ""weight"": 0.25}, {""p_home_win"": 0.732849854550312, ""weight"": 0.5}, {""p_home_win"": 1.0, ""weight"": 0.25}]",3.551166978976303,,toor,"{'home_advantage': 1.2411546094816999, 'home_coeff': 2.8600706637507876, 'away_coeff': -3.0978487949007767, 'error_term': 11.724601719381374, 'win_prob_k': 3.519038156564031}",1.0,2
2024-11-10,Phoenix Suns,Sacramento Kings,118,127,False,False,2024-11-10|Sacramento Kings|Phoenix Suns,,,,2024-11-10|Sacramento Kings|Phoenix Suns,0.95394161978612,"[{""p_home_win"": 0.90788323957224, ""weight"": 0.25}, {""p_home_win"": 0.95394161978612, ""weight"": 0.5}, {""p_home_win"": 1.0, ""weight"": 0.25}]",10.665123419206733,,toor,"{'home_advantage': 1.2411546094816999, 'home_coeff': 2.8600706637507876, 'away_coeff': -3.0978487949007767, 'error_term': 11.724601719381374, 'win_prob_k': 3.519038156564031}",0.0,-9
2024-11-10,Portland Trail Blazers,Memphis Grizzlies,89,134,False,False,2024-11-10|Memphis Grizzlies|Portland Trail Blazers,,,,2024-11-10|Memphis Grizzlies|Portland Trail Blazers,0.5564264640373365,"[{""p_home_win"": 0.11285292807467306, ""weight"": 0.25}, {""p_home_win"": 0.5564264640373365, ""weight"": 0.5}, {""p_home_win"": 1.0, ""weight"": 0.25}]",0.797665395781322,,toor,"{'home_advantage': 1.2411546094816999, 'home_coeff': 2.8600706637507876, 'away_coeff': -3.0978487949007767, 'error_term': 11.724601719381374, 'win_prob_k': 3.519038156564031}",0.0,-45
2024-11-10,Los Angeles Lakers,Toronto Raptors,123,103,False,False,2024-11-10|Toronto Raptors|Los Angeles Lakers,,,,2024-11-10|Toronto Raptors|Los Angeles Lakers,0.9220304863399874,"[{""p_home_win"": 0.8440609726799748, ""weight"": 0.25}, {""p_home_win"": 0.9220304863399874, ""weight"": 0.5}, {""p_home_win"": 1.0, ""weight"": 0.25}]",8.692940564412396,,toor,"{'home_advantage': 1.2411546094816999, 'home_coeff': 2.8600706637507876, 'away_coeff': -3.0978487949007767, 'error_term': 11.724601719381374, 'win_prob_k': 3.519038156564031}",1.0,20
2024-11-11,Chicago Bulls,Cleveland Cavaliers,113,119,False,False,2024-11-11|Cleveland Cavaliers|Chicago Bulls,,,,2024-11-11|Cleveland Cavaliers|Chicago Bulls,0.0030227799311801206,"[{""p_home_win"": 0.0, ""weight"": 0.25}, {""p_home_win"": 0.0030227799311801206, ""weight"": 0.5}, {""p_home_win"": 0.006045559862360241, ""weight"": 0.25}]",-22.60650420471395,,toor,"{'home_advantage': 1.2830026657928035, 'home_coeff': 2.466242360157491, 'away_coeff': -3.021683630961592, 'error_term': 12.026470281501775, 'win_prob_k': 3.8986471241559935}",0.0,-6
2024-11-11,Houston Rockets,Washington Wizards,107,92,False,False,2024-11-11|Washington Wizards|Houston Rockets,,,,2024-11-11|Washington Wizards|Houston Rockets,0.8888170466677888,"[{""p_home_win"": 0.7776340933355776, ""weight"": 0.25}, {""p_home_win"": 0.8888170466677888, ""weight"": 0.5}, {""p_home_win"": 1.0, ""weight"": 0.25}]",8.104173702560136,,toor,"{'home_advantage': 1.2830026657928035, 'home_coeff': 2.466242360157491, 'away_coeff': -3.021683630961592, 'error_term': 12.026470281501775, 'win_prob_k': 3.8986471241559935}",1.0,15
2024-11-11,New Orleans Pelicans,Brooklyn Nets,105,107,False,False,2024-11-11|Brooklyn Nets|New Orleans Pelicans,,,,2024-11-11|Brooklyn Nets|New Orleans Pelicans,0.49051431655177374,"[{""p_home_win"": 0.0, ""weight"": 0.25}, {""p_home_win"": 0.49051431655177374, ""weight"": 0.5}, {""p_home_win"": 0.9810286331035475, ""weight"": 0.25}]",-0.14794308055570227,,toor,"{'home_advantage': 1.2830026657928035, 'home_coeff': 2.466242360157491, 'away_coeff': -3.021683630961592, 'error_term': 12.026470281501775, 'win_prob_k': 3.8986471241559935}",0.0,-2
2024-11-11,Oklahoma City Thunder,Los Angeles Clippers,134,128,False,False,2024-11-11|Los Angeles Clippers|Oklahoma City Thunder,,,,2024-11-11|Los Angeles Clippers|Oklahoma City Thunder,0.7336653784864156,"[{""p_home_win"": 0.4673307569728311, ""weight"": 0.25}, {""p_home_win"": 0.7336653784864156, ""weight"": 0.5}, {""p_home_win"": 1.0, ""weight"": 0.25}]",3.9504973501501395,,toor,"{'home_advantage': 1.2830026657928035, 'home_coeff': 2.466242360157491, 'away_coeff': -3.021683630961592, 'error_term': 12.026470281501775, 'win_prob_k': 3.8986471241559935}",1.0,6
2024-11-11,San Antonio Spurs,Sacramento Kings,116,96,False,False,2024-11-11|Sacramento Kings|San Antonio Spurs,,,,2024-11-11|Sacramento Kings|San Antonio Spurs,0.4215961971299833,"[{""p_home_win"": 0.0, ""weight"": 0.25}, {""p_home_win"": 0.4215961971299833, ""weight"": 0.5}, {""p_home_win"": 0.8431923942599666, ""weight"": 0.25}]",-1.2328468351181237,,toor,"{'home_advantage': 1.2830026657928035, 'home_coeff': 2.466242360157491, 'away_coeff': -3.021683630961592, 'error_term': 12.026470281501775, 'win_prob_k': 3.8986471241559935}",1.0,20
2024-11-12,Boston Celtics,Atlanta Hawks,116,117,False,False,2024-11-12|Atlanta Hawks|Boston Celtics,,,,2024-11-12|Atlanta Hawks|Boston Celtics,0.9383807658204598,"[{""p_home_win"": 0.8767615316409196, ""weight"": 0.25}, {""p_home_win"": 0.9383807658204598, ""weight"": 0.5}, {""p_home_win"": 1.0, ""weight"": 0.25}]",10.47976335395904,,toor,"{'home_advantage': 1.5572022476303293, 'home_coeff': 2.4317065348979297, 'away_coeff': -2.7806857657703676, 'error_term': 11.927471339296797, 'win_prob_k': 3.848352542114848}",0.0,-1
2024-11-12,Detroit Pistons,Miami Heat,123,121,False,False,2024-11-12|Miami Heat|Detroit Pistons,,,,2024-11-12|Miami Heat|Detroit Pistons,0.5095180204885323,"[{""p_home_win"": 0.019036040977064683, ""weight"": 0.25}, {""p_home_win"": 0.5095180204885323, ""weight"": 0.5}, {""p_home_win"": 1.0, ""weight"": 0.25}]",0.14653249478432429,,toor,"{'home_advantage': 1.5572022476303293, 'home_coeff': 2.4317065348979297, 'away_coeff': -2.7806857657703676, 'error_term': 11.927471339296797, 'win_prob_k': 3.848352542114848}",1.0,2
2024-11-12,Orlando Magic,Charlotte Hornets,114,89,False,False,2024-11-12|Charlotte Hornets|Orlando Magic,,,,2024-11-12|Charlotte Hornets|Orlando Magic,0.7294656606904303,"[{""p_home_win"": 0.45893132138086057, ""weight"": 0.25}, {""p_home_win"": 0.7294656606904303, ""weight"": 0.5}, {""p_home_win"": 1.0, ""weight"": 0.25}]",3.817231902956016,,toor,"{'home_advantage': 1.5572022476303293, 'home_coeff': 2.4317065348979297, 'away_coeff': -2.7806857657703676, 'error_term': 11.927471339296797, 'win_prob_k': 3.848352542114848}",1.0,25
2024-11-12,Philadelphia 76ers,New York Knicks,99,111,False,False,2024-11-12|New York Knicks|Philadelphia 76ers,,,,2024-11-12|New York Knicks|Philadelphia 76ers,0.2681263341229525,"[{""p_home_win"": 0.0, ""weight"": 0.25}, {""p_home_win"": 0.2681263341229525, ""weight"": 0.5}, {""p_home_win"": 0.536252668245905, ""weight"": 0.25}]",-3.864321843028136,,toor,"{'home_advantage': 1.5572022476303293, 'home_coeff': 2.4317065348979297, 'away_coeff': -2.7806857657703676, 'error_term': 11.927471339296797, 'win_prob_k': 3.848352542114848}",0.0,-12
2024-11-12,Milwaukee Bucks,Toronto Raptors,99,85,False,False,2024-11-12|Toronto Raptors|Milwaukee Bucks,,,,2024-11-12|Toronto Raptors|Milwaukee Bucks,0.591845978947303,"[{""p_home_win"": 0.1836919578946059, ""weight"": 0.25}, {""p_home_win"": 0.591845978947303, ""weight"": 0.5}, {""p_home_win"": 1.0, ""weight"": 0.25}]",1.430054826309612,,toor,"{'home_advantage': 1.5572022476303293, 'home_coeff': 2.4317065348979297, 'away_coeff': -2.7806857657703676, 'error_term': 11.927471339296797, 'win_prob_k': 3.848352542114848}",1.0,14
2024-11-12,Utah Jazz,Phoenix Suns,112,120,False,False,2024-11-12|Phoenix Suns|Utah Jazz,,,,2024-11-12|Phoenix Suns|Utah Jazz,0.07274911887202871,"[{""p_home_win"": 0.0, ""weight"": 0.25}, {""p_home_win"": 0.07274911887202871, ""weight"": 0.5}, {""p_home_win"": 0.14549823774405743, ""weight"": 0.25}]",-9.794855261688875,,toor,"{'home_advantage': 1.5572022476303293, 'home_coeff': 2.4317065348979297, 'away_coeff': -2.7806857657703676, 'error_term': 11.927471339296797, 'win_prob_k': 3.848352542114848}",0.0,-8
2024-11-12,Golden State Warriors,Dallas Mavericks,120,117,False,False,2024-11-12|Dallas Mavericks|Golden State Warriors,,,,2024-11-12|Dallas Mavericks|Golden State Warriors,0.9338733155517512,"[{""p_home_win"": 0.8677466311035025, ""weight"": 0.25}, {""p_home_win"": 0.9338733155517512, ""weight"": 0.5}, {""p_home_win"": 1.0, ""weight"": 0.25}]",10.189546364764482,,toor,"{'home_advantage': 1.5572022476303293, 'home_coeff': 2.4317065348979297, 'away_coeff': -2.7806857657703676, 'error_term': 11.927471339296797, 'win_prob_k': 3.848352542114848}",1.0,3
2024-11-12,Portland Trail Blazers,Minnesota Timberwolves,122,108,False,False,2024-11-12|Minnesota Timberwolves|Portland Trail Blazers,,,,2024-11-12|Minnesota Timberwolves|Portland Trail Blazers,0.3345890938181314,"[{""p_home_win"": 0.0, ""weight"": 0.25}, {""p_home_win"": 0.3345890938181314, ""weight"": 0.5}, {""p_home_win"": 0.6691781876362628, ""weight"": 0.25}]",-2.6457483781694715,,toor,"{'home_advantage': 1.5572022476303293, 'home_coeff': 2.4317065348979297, 'away_coeff': -2.7806857657703676, 'error_term': 11.927471339296797, 'win_prob_k': 3.848352542114848}",1.0,14
2024-11-13,Orlando Magic,Indiana Pacers,94,90,False,False,2024-11-13|Indiana Pacers|Orlando Magic,,,,2024-11-13|Indiana Pacers|Orlando Magic,0.6691802924301243,"[{""p_home_win"": 0.33836058486024867, ""weight"": 0.25}, {""p_home_win"": 0.6691802924301243, ""weight"": 0.5}, {""p_home_win"": 1.0, ""weight"": 0.25}]",2.801431738978299,,toor,"{'home_advantage': 1.7001846002829137, 'home_coeff': 2.2177009206380838, 'away_coeff': -2.648518853706418, 'error_term': 11.937085056055409, 'win_prob_k': 3.9765952320441613}",1.0,4
2024-11-13,Brooklyn Nets,Boston Celtics,114,139,False,False,2024-11-13|Boston Celtics|Brooklyn Nets,,,,2024-11-13|Boston Celtics|Brooklyn Nets,0.34440628217493285,"[{""p_home_win"": 0.0, ""weight"": 0.25}, {""p_home_win"": 0.34440628217493285, ""weight"": 0.5}, {""p_home_win"": 0.6888125643498657, ""weight"": 0.25}]",-2.559810905023138,,toor,"{'home_advantage': 1.7001846002829137, 'home_coeff': 2.2177009206380838, 'away_coeff': -2.648518853706418, 'error_term': 11.937085056055409, 'win_prob_k': 3.9765952320441613}",0.0,-25
2024-11-13,New York Knicks,Chicago Bulls,123,124,False,False,2024-11-13|Chicago Bulls|New York Knicks,,,,2024-11-13|Chicago Bulls|New York Knicks,0.7695567280206069,"[{""p_home_win"": 0.5391134560412139, ""weight"": 0.25}, {""p_home_win"": 0.7695567280206069, ""weight"": 0.5}, {""p_home_win"": 1.0, ""weight"": 0.25}]",4.7950180883319256,,toor,"{'home_advantage': 1.7001846002829137, 'home_coeff': 2.2177009206380838, 'away_coeff': -2.648518853706418, 'error_term': 11.937085056055409, 'win_prob_k': 3.9765952320441613}",0.0,-1
2024-11-13,Oklahoma City Thunder,New Orleans Pelicans,106,88,False,False,2024-11-13|New Orleans Pelicans|Oklahoma City Thunder,,,,2024-11-13|New Orleans Pelicans|Oklahoma City Thunder,0.9735374639219548,"[{""p_home_win"": 0.9470749278439097, ""weight"": 0.25}, {""p_home_win"": 0.9735374639219548, ""weight"": 0.5}, {""p_home_win"": 1.0, ""weight"": 0.25}]",14.336446214880029,,toor,"{'home_advantage': 1.7001846002829137, 'home_coeff': 2.2177009206380838, 'away_coeff': -2.648518853706418, 'error_term': 11.937085056055409, 'win_prob_k': 3.9765952320441613}",1.0,18
2024-11-13,Philadelphia 76ers,Cleveland Cavaliers,106,114,False,False,2024-11-13|Cleveland Cavaliers|Philadelphia 76ers,,,,2024-11-13|Cleveland Cavaliers|Philadelphia 76ers,0.0018779538025748975,"[{""p_home_win"": 0.0, ""weight"": 0.25}, {""p_home_win"": 0.0018779538025748975, ""weight"": 0.5}, {""p_home_win"": 0.003755907605149795, ""weight"": 0.25}]",-24.955889980351174,,toor,"{'home_advantage': 1.7001846002829137, 'home_coeff': 2.2177009206380838, 'away_coeff': -2.648518853706418, 'error_term': 11.937085056055409, 'win_prob_k': 3.9765952320441613}",0.0,-8
2024-11-13,Houston Rockets,Los Angeles Clippers,111,103,False,False,2024-11-13|Los Angeles Clippers|Houston Rockets,,,,2024-11-13|Los Angeles Clippers|Houston Rockets,0.5730293325104233,"[{""p_home_win"": 0.14605866502084663, ""weight"": 0.25}, {""p_home_win"": 0.5730293325104233, ""weight"": 0.5}, {""p_home_win"": 1.0, ""weight"": 0.25}]",1.1700001721848476,,toor,"{'home_advantage': 1.7001846002829137, 'home_coeff': 2.2177009206380838, 'away_coeff': -2.648518853706418, 'error_term': 11.937085056055409, 'win_prob_k': 3.9765952320441613}",1.0,8
2024-11-13,Milwaukee Bucks,Detroit Pistons,127,120,False,False,2024-11-13|Detroit Pistons|Milwaukee Bucks,,,,2024-11-13|Detroit Pistons|Milwaukee Bucks,0.4893454032510492,"[{""p_home_win"": 0.0, ""weight"": 0.25}, {""p_home_win"": 0.4893454032510492, ""weight"": 0.5}, {""p_home_win"": 0.9786908065020984, ""weight"": 0.25}]",-0.1695017335122846,,toor,"{'home_advantage': 1.7001846002829137, 'home_coeff': 2.2177009206380838, 'away_coeff': -2.648518853706418, 'error_term': 11.937085056055409, 'win_prob_k': 3.9765952320441613}",1.0,7
2024-11-13,San Antonio Spurs,Washington Wizards,139,130,False,False,2024-11-13|Washington Wizards|San Antonio Spurs,,,,2024-11-13|Washington Wizards|San Antonio Spurs,0.8156172986353593,"[{""p_home_win"": 0.6312345972707185, ""weight"": 0.25}, {""p_home_win"": 0.8156172986353593, ""weight"": 0.5}, {""p_home_win"": 1.0, ""weight"": 0.25}]",5.912925714763039,,toor,"{'home_advantage': 1.7001846002829137, 'home_coeff': 2.2177009206380838, 'away_coeff': -2.648518853706418, 'error_term': 11.937085056055409, 'win_prob_k': 3.9765952320441613}",1.0,9
2024-11-13,Los Angeles Lakers,Memphis Grizzlies,128,123,False,False,2024-11-13|Memphis Grizzlies|Los Angeles Lakers,,,,2024-11-13|Memphis Grizzlies|Los Angeles Lakers,0.707052534648603,"[{""p_home_win"": 0.4141050692972059, ""weight"": 0.25}, {""p_home_win"": 0.707052534648603, ""weight"": 0.5}, {""p_home_win"": 1.0, ""weight"": 0.25}]",3.503824488767765,,toor,"{'home_advantage': 1.7001846002829137, 'home_coeff': 2.2177009206380838, 'away_coeff': -2.648518853706418, 'error_term': 11.937085056055409, 'win_prob_k': 3.9765952320441613}",1.0,5
2024-11-13,Portland Trail Blazers,Minnesota Timberwolves,106,98,False,False,2024-11-13|Minnesota Timberwolves|Portland Trail Blazers,,,,2024-11-13|Minnesota Timberwolves|Portland Trail Blazers,0.5041787589281003,"[{""p_home_win"": 0.008357517856200536, ""weight"": 0.25}, {""p_home_win"": 0.5041787589281003, ""weight"": 0.5}, {""p_home_win"": 1.0, ""weight"": 0.25}]",0.06647047895853375,,toor,"{'home_advantage': 1.7001846002829137, 'home_coeff': 2.2177009206380838, 'away_coeff': -2.648518853706418, 'error_term': 11.937085056055409, 'win_prob_k': 3.9765952320441613}",1.0,8
2024-11-13,Sacramento Kings,Phoenix Suns,127,104,False,False,2024-11-13|Phoenix Suns|Sacramento Kings,,,,2024-11-13|Phoenix Suns|Sacramento Kings,0.20933558965578947,"[{""p_home_win"": 0.0, ""weight"": 0.25}, {""p_home_win"": 0.20933558965578947, ""weight"": 0.5}, {""p_home_win"": 0.41867117931157893, ""weight"": 0.25}]",-5.284636431187238,,toor,"{'home_advantage': 1.7001846002829137, 'home_coeff': 2.2177009206380838, 'away_coeff': -2.648518853706418, 'error_term': 11.937085056055409, 'win_prob_k': 3.9765952320441613}",1.0,23
2024-11-14,Utah Jazz,Dallas Mavericks,115,113,False,False,2024-11-14|Dallas Mavericks|Utah Jazz,,,,2024-11-14|Dallas Mavericks|Utah Jazz,0.3426383810782152,"[{""p_home_win"": 0.0, ""weight"": 0.25}, {""p_home_win"": 0.3426383810782152, ""weight"": 0.5}, {""p_home_win"": 0.6852767621564304, ""weight"": 0.25}]",-2.5811802744536885,,toor,"{'home_advantage': 1.987210531734515, 'home_coeff': 2.098481675663633, 'away_coeff': -2.328814411365077, 'error_term': 11.92194295114457, 'win_prob_k': 3.9615469818499256}",1.0,2
2024-11-15,Indiana Pacers,Miami Heat,111,124,False,False,2024-11-15|Miami Heat|Indiana Pacers,,,,2024-11-15|Miami Heat|Indiana Pacers,0.6647303983903964,"[{""p_home_win"": 0.32946079678079276, ""weight"": 0.25}, {""p_home_win"": 0.6647303983903964, ""weight"": 0.5}, {""p_home_win"": 1.0, ""weight"": 0.25}]",2.7022832383685804,,toor,"{'home_advantage': 2.026267468474725, 'home_coeff': 2.017236030045444, 'away_coeff': -2.3131288075995857, 'error_term': 11.933830185474955, 'win_prob_k': 3.9481289297159408}",0.0,-13
2024-11-15,Orlando Magic,Philadelphia 76ers,98,86,False,False,2024-11-15|Philadelphia 76ers|Orlando Magic,,,,2024-11-15|Philadelphia 76ers|Orlando Magic,0.9321958909806992,"[{""p_home_win"": 0.8643917819613984, ""weight"": 0.25}, {""p_home_win"": 0.9321958909806992, ""weight"": 0.5}, {""p_home_win"": 1.0, ""weight"": 0.25}]",10.347730777006891,,toor,"{'home_advantage': 2.026267468474725, 'home_coeff': 2.017236030045444, 'away_coeff': -2.3131288075995857, 'error_term': 11.933830185474955, 'win_prob_k': 3.9481289297159408}",1.0,12
2024-11-15,Toronto Raptors,Detroit Pistons,95,99,False,False,2024-11-15|Detroit Pistons|Toronto Raptors,,,,2024-11-15|Detroit Pistons|Toronto Raptors,0.5027704693082821,"[{""p_home_win"": 0.005540938616564128, ""weight"": 0.25}, {""p_home_win"": 0.5027704693082821, ""weight"": 0.5}, {""p_home_win"": 1.0, ""weight"": 0.25}]",0.04375312787286134,,toor,"{'home_advantage': 2.026267468474725, 'home_coeff': 2.017236030045444, 'away_coeff': -2.3131288075995857, 'error_term': 11.933830185474955, 'win_prob_k': 3.9481289297159408}",0.0,-4
2024-11-15,Atlanta Hawks,Washington Wizards,129,117,False,False,2024-11-15|Washington Wizards|Atlanta Hawks,,,,2024-11-15|Washington Wizards|Atlanta Hawks,0.7409800727034409,"[{""p_home_win"": 0.4819601454068818, ""weight"": 0.25}, {""p_home_win"": 0.7409800727034409, ""weight"": 0.5}, {""p_home_win"": 1.0, ""weight"": 0.25}]",4.1497548773558695,,toor,"{'home_advantage': 2.026267468474725, 'home_coeff': 2.017236030045444, 'away_coeff': -2.3131288075995857, 'error_term': 11.933830185474955, 'win_prob_k': 3.9481289297159408}",1.0,12
2024-11-15,Cleveland Cavaliers,Chicago Bulls,144,126,False,False,2024-11-15|Chicago Bulls|Cleveland Cavaliers,,,,2024-11-15|Chicago Bulls|Cleveland Cavaliers,0.9932765814151416,"[{""p_home_win"": 0.9865531628302833, ""weight"": 0.25}, {""p_home_win"": 0.9932765814151416, ""weight"": 0.5}, {""p_home_win"": 1.0, ""weight"": 0.25}]",19.722532264530997,,toor,"{'home_advantage': 2.026267468474725, 'home_coeff': 2.017236030045444, 'away_coeff': -2.3131288075995857, 'error_term': 11.933830185474955, 'win_prob_k': 3.9481289297159408}",1.0,18
2024-11-15,New York Knicks,Brooklyn Nets,124,122,False,False,2024-11-15|Brooklyn Nets|New York Knicks,,,,2024-11-15|Brooklyn Nets|New York Knicks,0.6557310124618865,"[{""p_home_win"": 0.31146202492377295, ""weight"": 0.25}, {""p_home_win"": 0.6557310124618865, ""weight"": 0.5}, {""p_home_win"": 1.0, ""weight"": 0.25}]",2.54388753183717,,toor,"{'home_advantage': 2.026267468474725, 'home_coeff': 2.017236030045444, 'away_coeff': -2.3131288075995857, 'error_term': 11.933830185474955, 'win_prob_k': 3.9481289297159408}",1.0,2
2024-11-15,San Antonio Spurs,Los Angeles Lakers,115,120,False,False,2024-11-15|Los Angeles Lakers|San Antonio Spurs,,,,2024-11-15|Los Angeles Lakers|San Antonio Spurs,0.4744209992580742,"[{""p_home_win"": 0.0, ""weight"": 0.25}, {""p_home_win"": 0.4744209992580742, ""weight"": 0.5}, {""p_home_win"": 0.9488419985161484, ""weight"": 0.25}]",-0.40430972965919176,,toor,"{'home_advantage': 2.026267468474725, 'home_coeff': 2.017236030045444, 'away_coeff': -2.3131288075995857, 'error_term': 11.933830185474955, 'win_prob_k': 3.9481289297159408}",0.0,-5
2024-11-15,Houston Rockets,Los Angeles Clippers,125,104,False,False,2024-11-15|Los Angeles Clippers|Houston Rockets,,,,2024-11-15|Los Angeles Clippers|Houston Rockets,0.6863122165490113,"[{""p_home_win"": 0.3726244330980226, ""weight"": 0.25}, {""p_home_win"": 0.6863122165490113, ""weight"": 0.5}, {""p_home_win"": 1.0, ""weight"": 0.25}]",3.0911262679067044,,toor,"{'home_advantage': 2.026267468474725, 'home_coeff': 2.017236030045444, 'away_coeff': -2.3131288075995857, 'error_term': 11.933830185474955, 'win_prob_k': 3.9481289297159408}",1.0,21
2024-11-15,New Orleans Pelicans,Denver Nuggets,101,94,False,False,2024-11-15|Denver Nuggets|New Orleans Pelicans,,,,2024-11-15|Denver Nuggets|New Orleans Pelicans,0.20519805243984268,"[{""p_home_win"": 0.0, ""weight"": 0.25}, {""p_home_win"": 0.20519805243984268, ""weight"": 0.5}, {""p_home_win"": 0.41039610487968536, ""weight"": 0.25}]",-5.346229839683013,,toor,"{'home_advantage': 2.026267468474725, 'home_coeff': 2.017236030045444, 'away_coeff': -2.3131288075995857, 'error_term': 11.933830185474955, 'win_prob_k': 3.9481289297159408}",1.0,7
2024-11-15,Oklahoma City Thunder,Phoenix Suns,99,83,False,False,2024-11-15|Phoenix Suns|Oklahoma City Thunder,,,,2024-11-15|Phoenix Suns|Oklahoma City Thunder,0.751359678138899,"[{""p_home_win"": 0.5027193562777981, ""weight"": 0.25}, {""p_home_win"": 0.751359678138899, ""weight"": 0.5}, {""p_home_win"": 1.0, ""weight"": 0.25}]",4.366145401713034,,toor,"{'home_advantage': 2.026267468474725, 'home_coeff': 2.017236030045444, 'away_coeff': -2.3131288075995857, 'error_term': 11.933830185474955, 'win_prob_k': 3.9481289297159408}",1.0,16
2024-11-15,Golden State Warriors,Memphis Grizzlies,123,118,False,False,2024-11-15|Memphis Grizzlies|Golden State Warriors,,,,2024-11-15|Memphis Grizzlies|Golden State Warriors,0.9441783432320651,"[{""p_home_win"": 0.8883566864641301, ""weight"": 0.25}, {""p_home_win"": 0.9441783432320651, ""weight"": 0.5}, {""p_home_win"": 1.0, ""weight"": 0.25}]",11.165913320531546,,toor,"{'home_advantage': 2.026267468474725, 'home_coeff': 2.017236030045444, 'away_coeff': -2.3131288075995857, 'error_term': 11.933830185474955, 'win_prob_k': 3.9481289297159408}",1.0,5
2024-11-15,Sacramento Kings,Minnesota Timberwolves,126,130,False,False,2024-11-15|Minnesota Timberwolves|Sacramento Kings,,,,2024-11-15|Minnesota Timberwolves|Sacramento Kings,0.7477088365259668,"[{""p_home_win"": 0.4954176730519335, ""weight"": 0.25}, {""p_home_win"": 0.7477088365259668, ""weight"": 0.5}, {""p_home_win"": 1.0, ""weight"": 0.25}]",4.289364982959509,,toor,"{'home_advantage': 2.026267468474725, 'home_coeff': 2.017236030045444, 'away_coeff': -2.3131288075995857, 'error_term': 11.933830185474955, 'win_prob_k': 3.9481289297159408}",0.0,-4
2024-11-16,Charlotte Hornets,Milwaukee Bucks,115,114,False,False,2024-11-16|Milwaukee Bucks|Charlotte Hornets,,,,2024-11-16|Milwaukee Bucks|Charlotte Hornets,0.6323460038621369,"[{""p_home_win"": 0.2646920077242738, ""weight"": 0.25}, {""p_home_win"": 0.6323460038621369, ""weight"": 0.5}, {""p_home_win"": 1.0, ""weight"": 0.25}]",2.1742519581187394,,toor,"{'home_advantage': 2.1131329672269716, 'home_coeff': 1.9423234240382024, 'away_coeff': -2.1295768987403, 'error_term': 11.73333574722801, 'win_prob_k': 4.009356826102012}",1.0,1
2024-11-16,Boston Celtics,Toronto Raptors,126,123,False,False,2024-11-16|Toronto Raptors|Boston Celtics,,,,2024-11-16|Toronto Raptors|Boston Celtics,0.9639960103769228,"[{""p_home_win"": 0.9279920207538457, ""weight"": 0.25}, {""p_home_win"": 0.9639960103769228, ""weight"": 0.5}, {""p_home_win"": 1.0, ""weight"": 0.25}]",13.180589770456606,,toor,"{'home_advantage': 2.1131329672269716, 'home_coeff': 1.9423234240382024, 'away_coeff': -2.1295768987403, 'error_term': 11.73333574722801, 'win_prob_k': 4.009356826102012}",1.0,3
2024-11-16,New Orleans Pelicans,Los Angeles Lakers,99,104,False,False,2024-11-16|Los Angeles Lakers|New Orleans Pelicans,,,,2024-11-16|Los Angeles Lakers|New Orleans Pelicans,0.2616622017866836,"[{""p_home_win"": 0.0, ""weight"": 0.25}, {""p_home_win"": 0.2616622017866836, ""weight"": 0.5}, {""p_home_win"": 0.5233244035733672, ""weight"": 0.25}]",-4.159094577395976,,toor,"{'home_advantage': 2.1131329672269716, 'home_coeff': 1.9423234240382024, 'away_coeff': -2.1295768987403, 'error_term': 11.73333574722801, 'win_prob_k': 4.009356826102012}",0.0,-5
2024-11-16,Dallas Mavericks,San Antonio Spurs,110,93,False,False,2024-11-16|San Antonio Spurs|Dallas Mavericks,,,,2024-11-16|San Antonio Spurs|Dallas Mavericks,0.596573090622222,"[{""p_home_win"": 0.19314618124444394, ""weight"": 0.25}, {""p_home_win"": 0.596573090622222, ""weight"": 0.5}, {""p_home_win"": 1.0, ""weight"": 0.25}]",1.5684861976905498,,toor,"{'home_advantage': 2.1131329672269716, 'home_coeff': 1.9423234240382024, 'away_coeff': -2.1295768987403, 'error_term': 11.73333574722801, 'win_prob_k': 4.009356826102012}",1.0,17
2024-11-16,Sacramento Kings,Utah Jazz,121,117,False,False,2024-11-16|Utah Jazz|Sacramento Kings,,,,2024-11-16|Utah Jazz|Sacramento Kings,0.8382633031938266,"[{""p_home_win"": 0.6765266063876532, ""weight"": 0.25}, {""p_home_win"": 0.8382633031938266, ""weight"": 0.5}, {""p_home_win"": 1.0, ""weight"": 0.25}]",6.596845654739887,,toor,"{'home_advantage': 2.1131329672269716, 'home_coeff': 1.9423234240382024, 'away_coeff': -2.1295768987403, 'error_term': 11.73333574722801, 'win_prob_k': 4.009356826102012}",1.0,4
2024-11-17,Minnesota Timberwolves,Phoenix Suns,120,117,False,False,2024-11-17|Phoenix Suns|Minnesota Timberwolves,,,,2024-11-17|Phoenix Suns|Minnesota Timberwolves,0.3431469013470641,"[{""p_home_win"": 0.0, ""weight"": 0.25}, {""p_home_win"": 0.3431469013470641, ""weight"": 0.5}, {""p_home_win"": 0.6862938026941282, ""weight"": 0.25}]",-2.5366662988486066,,toor,"{'home_advantage': 2.12121094469718, 'home_coeff': 1.8861611582944264, 'away_coeff': -2.06273213764856, 'error_term': 11.640887193492377, 'win_prob_k': 3.906760238288339}",1.0,3
2024-11-17,Indiana Pacers,Miami Heat,119,110,False,False,2024-11-17|Miami Heat|Indiana Pacers,,,,2024-11-17|Miami Heat|Indiana Pacers,0.5524145585557374,"[{""p_home_win"": 0.1048291171114748, ""weight"": 0.25}, {""p_home_win"": 0.5524145585557374, ""weight"": 0.5}, {""p_home_win"": 1.0, ""weight"": 0.25}]",0.822104738062819,,toor,"{'home_advantage': 2.12121094469718, 'home_coeff': 1.8861611582944264, 'away_coeff': -2.06273213764856, 'error_term': 11.640887193492377, 'win_prob_k': 3.906760238288339}",1.0,9
2024-11-17,Cleveland Cavaliers,Charlotte Hornets,128,114,False,False,2024-11-17|Charlotte Hornets|Cleveland Cavaliers,,,,2024-11-17|Charlotte Hornets|Cleveland Cavaliers,0.9961732434452122,"[{""p_home_win"": 0.9923464868904244, ""weight"": 0.25}, {""p_home_win"": 0.9961732434452122, ""weight"": 0.5}, {""p_home_win"": 1.0, ""weight"": 0.25}]",21.72902379377055,,toor,"{'home_advantage': 2.12121094469718, 'home_coeff': 1.8861611582944264, 'away_coeff': -2.06273213764856, 'error_term': 11.640887193492377, 'win_prob_k': 3.906760238288339}",1.0,14
2024-11-17,Memphis Grizzlies,Denver Nuggets,105,90,False,False,2024-11-17|Denver Nuggets|Memphis Grizzlies,,,,2024-11-17|Denver Nuggets|Memphis Grizzlies,0.5448662975619201,"[{""p_home_win"": 0.08973259512384013, ""weight"": 0.25}, {""p_home_win"": 0.5448662975619201, ""weight"": 0.5}, {""p_home_win"": 1.0, ""weight"": 0.25}]",0.7030184251583482,,toor,"{'home_advantage': 2.12121094469718, 'home_coeff': 1.8861611582944264, 'away_coeff': -2.06273213764856, 'error_term': 11.640887193492377, 'win_prob_k': 3.906760238288339}",1.0,15
2024-11-17,Portland Trail Blazers,Atlanta Hawks,114,110,False,False,2024-11-17|Atlanta Hawks|Portland Trail Blazers,,,,2024-11-17|Atlanta Hawks|Portland Trail Blazers,0.6904605677558887,"[{""p_home_win"": 0.3809211355117774, ""weight"": 0.25}, {""p_home_win"": 0.6904605677558887, ""weight"": 0.5}, {""p_home_win"": 1.0, ""weight"": 0.25}]",3.1342897182882723,,toor,"{'home_advantage': 2.12121094469718, 'home_coeff': 1.8861611582944264, 'away_coeff': -2.06273213764856, 'error_term': 11.640887193492377, 'win_prob_k': 3.906760238288339}",1.0,4
2024-11-17,Washington Wizards,Detroit Pistons,104,124,False,False,2024-11-17|Detroit Pistons|Washington Wizards,,,,2024-11-17|Detroit Pistons|Washington Wizards,0.4938615725815453,"[{""p_home_win"": 0.0, ""weight"": 0.25}, {""p_home_win"": 0.4938615725815453, ""weight"": 0.5}, {""p_home_win"": 0.9877231451630906, ""weight"": 0.25}]",-0.0959302764242067,,toor,"{'home_advantage': 2.12121094469718, 'home_coeff': 1.8861611582944264, 'away_coeff': -2.06273213764856, 'error_term': 11.640887193492377, 'win_prob_k': 3.906760238288339}",0.0,-20
2024-11-17,Chicago Bulls,Houston Rockets,107,143,False,False,2024-11-17|Houston Rockets|Chicago Bulls,,,,2024-11-17|Houston Rockets|Chicago Bulls,0.3123087629578452,"[{""p_home_win"": 0.0, ""weight"": 0.25}, {""p_home_win"": 0.3123087629578452, ""weight"": 0.5}, {""p_home_win"": 0.6246175259156904, ""weight"": 0.25}]",-3.0837919370732605,,toor,"{'home_advantage': 2.12121094469718, 'home_coeff': 1.8861611582944264, 'away_coeff': -2.06273213764856, 'error_term': 11.640887193492377, 'win_prob_k': 3.906760238288339}",0.0,-36
2024-11-17,New York Knicks,Brooklyn Nets,114,104,False,False,2024-11-17|Brooklyn Nets|New York Knicks,,,,2024-11-17|Brooklyn Nets|New York Knicks,0.7325867165227145,"[{""p_home_win"": 0.4651734330454289, ""weight"": 0.25}, {""p_home_win"": 0.7325867165227145, ""weight"": 0.5}, {""p_home_win"": 1.0, ""weight"": 0.25}]",3.9371797516344063,,toor,"{'home_advantage': 2.12121094469718, 'home_coeff': 1.8861611582944264, 'away_coeff': -2.06273213764856, 'error_term': 11.640887193492377, 'win_prob_k': 3.906760238288339}",1.0,10
2024-11-17,Oklahoma City Thunder,Dallas Mavericks,119,121,False,False,2024-11-17|Dallas Mavericks|Oklahoma City Thunder,,,,2024-11-17|Dallas Mavericks|Oklahoma City Thunder,0.9329697889747408,"[{""p_home_win"": 0.8659395779494816, ""weight"": 0.25}, {""p_home_win"": 0.9329697889747408, ""weight"": 0.5}, {""p_home_win"": 1.0, ""weight"": 0.25}]",10.287395883898721,,toor,"{'home_advantage': 2.12121094469718, 'home_coeff': 1.8861611582944264, 'away_coeff': -2.06273213764856, 'error_term': 11.640887193492377, 'win_prob_k': 3.906760238288339}",0.0,-2
2024-11-17,Los Angeles Clippers,Utah Jazz,116,105,False,False,2024-11-17|Utah Jazz|Los Angeles Clippers,,,,2024-11-17|Utah Jazz|Los Angeles Clippers,0.8827826010394525,"[{""p_home_win"": 0.765565202078905, ""weight"": 0.25}, {""p_home_win"": 0.8827826010394525, ""weight"": 0.5}, {""p_home_win"": 1.0, ""weight"": 0.25}]",7.887938961287148,,toor,"{'home_advantage': 2.12121094469718, 'home_coeff': 1.8861611582944264, 'away_coeff': -2.06273213764856, 'error_term': 11.640887193492377, 'win_prob_k': 3.906760238288339}",1.0,11
2024-11-18,Detroit Pistons,Chicago Bulls,112,122,False,False,2024-11-18|Chicago Bulls|Detroit Pistons,,,,2024-11-18|Chicago Bulls|Detroit Pistons,0.6141814353536315,"[{""p_home_win"": 0.2283628707072629, ""weight"": 0.25}, {""p_home_win"": 0.6141814353536315, ""weight"": 0.5}, {""p_home_win"": 1.0, ""weight"": 0.25}]",1.8631059553020803,,toor,"{'home_advantage': 1.9530586981391613, 'home_coeff': 1.8826848313280042, 'away_coeff': -1.9595923965305406, 'error_term': 11.652318027428226, 'win_prob_k': 4.007341653540564}",0.0,-10
2024-11-18,Miami Heat,Philadelphia 76ers,106,89,False,False,2024-11-18|Philadelphia 76ers|Miami Heat,,,,2024-11-18|Philadelphia 76ers|Miami Heat,0.8767115714071361,"[{""p_home_win"": 0.7534231428142721, ""weight"": 0.25}, {""p_home_win"": 0.8767115714071361, ""weight"": 0.5}, {""p_home_win"": 1.0, ""weight"": 0.25}]",7.861007762262885,,toor,"{'home_advantage': 1.9530586981391613, 'home_coeff': 1.8826848313280042, 'away_coeff': -1.9595923965305406, 'error_term': 11.652318027428226, 'win_prob_k': 4.007341653540564}",1.0,17
2024-11-18,New York Knicks,Washington Wizards,134,106,False,False,2024-11-18|Washington Wizards|New York Knicks,,,,2024-11-18|Washington Wizards|New York Knicks,0.904696087483874,"[{""p_home_win"": 0.809392174967748, ""weight"": 0.25}, {""p_home_win"": 0.904696087483874, ""weight"": 0.5}, {""p_home_win"": 1.0, ""weight"": 0.25}]",9.018635429646396,,toor,"{'home_advantage': 1.9530586981391613, 'home_coeff': 1.8826848313280042, 'away_coeff': -1.9595923965305406, 'error_term': 11.652318027428226, 'win_prob_k': 4.007341653540564}",1.0,28
2024-11-18,Toronto Raptors,Indiana Pacers,130,119,False,False,2024-11-18|Indiana Pacers|Toronto Raptors,,,,2024-11-18|Indiana Pacers|Toronto Raptors,0.3102386044329504,"[{""p_home_win"": 0.0, ""weight"": 0.25}, {""p_home_win"": 0.3102386044329504, ""weight"": 0.5}, {""p_home_win"": 0.6204772088659009, ""weight"": 0.25}]",-3.201882175342804,,toor,"{'home_advantage': 1.9530586981391613, 'home_coeff': 1.8826848313280042, 'away_coeff': -1.9595923965305406, 'error_term': 11.652318027428226, 'win_prob_k': 4.007341653540564}",1.0,11
2024-11-18,Milwaukee Bucks,Houston Rockets,101,100,False,False,2024-11-18|Houston Rockets|Milwaukee Bucks,,,,2024-11-18|Houston Rockets|Milwaukee Bucks,0.14815429958887832,"[{""p_home_win"": 0.0, ""weight"": 0.25}, {""p_home_win"": 0.14815429958887832, ""weight"": 0.5}, {""p_home_win"": 0.29630859917775665, ""weight"": 0.25}]",-7.009446110110685,,toor,"{'home_advantage': 1.9530586981391613, 'home_coeff': 1.8826848313280042, 'away_coeff': -1.9595923965305406, 'error_term': 11.652318027428226, 'win_prob_k': 4.007341653540564}",1.0,1
2024-11-18,Phoenix Suns,Orlando Magic,99,109,False,False,2024-11-18|Orlando Magic|Phoenix Suns,,,,2024-11-18|Orlando Magic|Phoenix Suns,0.7907289732980258,"[{""p_home_win"": 0.5814579465960517, ""weight"": 0.25}, {""p_home_win"": 0.7907289732980258, ""weight"": 0.5}, {""p_home_win"": 1.0, ""weight"": 0.25}]",5.327059766769237,,toor,"{'home_advantage': 1.9530586981391613, 'home_coeff': 1.8826848313280042, 'away_coeff': -1.9595923965305406, 'error_term': 11.652318027428226, 'win_prob_k': 4.007341653540564}",0.0,-10
2024-11-18,Sacramento Kings,Atlanta Hawks,108,109,False,False,2024-11-18|Atlanta Hawks|Sacramento Kings,,,,2024-11-18|Atlanta Hawks|Sacramento Kings,0.8032458501364707,"[{""p_home_win"": 0.6064917002729413, ""weight"": 0.25}, {""p_home_win"": 0.8032458501364707, ""weight"": 0.5}, {""p_home_win"": 1.0, ""weight"": 0.25}]",5.6371509570134055,,toor,"{'home_advantage': 1.9530586981391613, 'home_coeff': 1.8826848313280042, 'away_coeff': -1.9595923965305406, 'error_term': 11.652318027428226, 'win_prob_k': 4.007341653540564}",0.0,-1
2024-11-18,Los Angeles Clippers,Golden State Warriors,102,99,False,False,2024-11-18|Golden State Warriors|Los Angeles Clippers,,,,2024-11-18|Golden State Warriors|Los Angeles Clippers,0.12913983100413381,"[{""p_home_win"": 0.0, ""weight"": 0.25}, {""p_home_win"": 0.12913983100413381, ""weight"": 0.5}, {""p_home_win"": 0.25827966200826763, ""weight"": 0.25}]",-7.648354753074388,,toor,"{'home_advantage': 1.9530586981391613, 'home_coeff': 1.8826848313280042, 'away_coeff': -1.9595923965305406, 'error_term': 11.652318027428226, 'win_prob_k': 4.007341653540564}",1.0,3
2024-11-19,Boston Celtics,Cleveland Cavaliers,120,117,False,False,2024-11-19|Cleveland Cavaliers|Boston Celtics,,,,2024-11-19|Cleveland Cavaliers|Boston Celtics,0.0821321214905182,"[{""p_home_win"": 0.0, ""weight"": 0.25}, {""p_home_win"": 0.0821321214905182, ""weight"": 0.5}, {""p_home_win"": 0.1642642429810364, ""weight"": 0.25}]",-11.154419234005037,,toor,"{'home_advantage': 2.0431558456767407, 'home_coeff': 1.9564452757881239, 'away_coeff': -2.046204294463336, 'error_term': 11.56274674059145, 'win_prob_k': 4.621248324979678}",1.0,3
2024-11-19,Brooklyn Nets,Charlotte Hornets,116,115,False,False,2024-11-19|Charlotte Hornets|Brooklyn Nets,,,,2024-11-19|Charlotte Hornets|Brooklyn Nets,0.6541998078036992,"[{""p_home_win"": 0.3083996156073985, ""weight"": 0.25}, {""p_home_win"": 0.6541998078036992, ""weight"": 0.5}, {""p_home_win"": 1.0, ""weight"": 0.25}]",2.946284689967598,,toor,"{'home_advantage': 2.0431558456767407, 'home_coeff': 1.9564452757881239, 'away_coeff': -2.046204294463336, 'error_term': 11.56274674059145, 'win_prob_k': 4.621248324979678}",1.0,1
2024-11-19,Memphis Grizzlies,Denver Nuggets,110,122,False,False,2024-11-19|Denver Nuggets|Memphis Grizzlies,,,,2024-11-19|Denver Nuggets|Memphis Grizzlies,0.6289114166981318,"[{""p_home_win"": 0.25782283339626355, ""weight"": 0.25}, {""p_home_win"": 0.6289114166981318, ""weight"": 0.5}, {""p_home_win"": 1.0, ""weight"": 0.25}]",2.437937759457826,,toor,"{'home_advantage': 2.0431558456767407, 'home_coeff': 1.9564452757881239, 'away_coeff': -2.046204294463336, 'error_term': 11.56274674059145, 'win_prob_k': 4.621248324979678}",0.0,-12
2024-11-19,Dallas Mavericks,New Orleans Pelicans,132,91,False,False,2024-11-19|New Orleans Pelicans|Dallas Mavericks,,,,2024-11-19|New Orleans Pelicans|Dallas Mavericks,0.8061883174181042,"[{""p_home_win"": 0.6123766348362083, ""weight"": 0.25}, {""p_home_win"": 0.8061883174181042, ""weight"": 0.5}, {""p_home_win"": 1.0, ""weight"": 0.25}]",6.587267757684142,,toor,"{'home_advantage': 2.0431558456767407, 'home_coeff': 1.9564452757881239, 'away_coeff': -2.046204294463336, 'error_term': 11.56274674059145, 'win_prob_k': 4.621248324979678}",1.0,41
2024-11-19,San Antonio Spurs,Oklahoma City Thunder,110,104,False,False,2024-11-19|Oklahoma City Thunder|San Antonio Spurs,,,,2024-11-19|Oklahoma City Thunder|San Antonio Spurs,0.18609981153452843,"[{""p_home_win"": 0.0, ""weight"": 0.25}, {""p_home_win"": 0.18609981153452843, ""weight"": 0.5}, {""p_home_win"": 0.37219962306905685, ""weight"": 0.25}]",-6.818904172622258,,toor,"{'home_advantage': 2.0431558456767407, 'home_coeff': 1.9564452757881239, 'away_coeff': -2.046204294463336, 'error_term': 11.56274674059145, 'win_prob_k': 4.621248324979678}",1.0,6
2024-11-19,Los Angeles Lakers,Utah Jazz,124,118,False,False,2024-11-19|Utah Jazz|Los Angeles Lakers,,,,2024-11-19|Utah Jazz|Los Angeles Lakers,0.9338872424358866,"[{""p_home_win"": 0.8677744848717732, ""weight"": 0.25}, {""p_home_win"": 0.9338872424358866, ""weight"": 0.5}, {""p_home_win"": 1.0, ""weight"": 0.25}]",12.237037713517022,,toor,"{'home_advantage': 2.0431558456767407, 'home_coeff': 1.9564452757881239, 'away_coeff': -2.046204294463336, 'error_term': 11.56274674059145, 'win_prob_k': 4.621248324979678}",1.0,6
2024-11-20,Cleveland Cavaliers,New Orleans Pelicans,128,100,False,False,2024-11-20|New Orleans Pelicans|Cleveland Cavaliers,,,,2024-11-20|New Orleans Pelicans|Cleveland Cavaliers,0.980128143003863,"[{""p_home_win"": 0.960256286007726, ""weight"": 0.25}, {""p_home_win"": 0.980128143003863, ""weight"": 0.5}, {""p_home_win"": 1.0, ""weight"": 0.25}]",21.147602714959906,,toor,"{'home_advantage': 2.17766504839187, 'home_coeff': 2.3525595637042898, 'away_coeff': -2.2986839187592443, 'error_term': 11.490722940301447, 'win_prob_k': 5.424717231405667}",1.0,28
2024-11-20,Milwaukee Bucks,Chicago Bulls,122,106,False,False,2024-11-20|Chicago Bulls|Milwaukee Bucks,,,,2024-11-20|Chicago Bulls|Milwaukee Bucks,0.4916854796326696,"[{""p_home_win"": 0.0, ""weight"": 0.25}, {""p_home_win"": 0.4916854796326696, ""weight"": 0.5}, {""p_home_win"": 0.9833709592653392, ""weight"": 0.25}]",-0.18043232020555489,,toor,"{'home_advantage': 2.17766504839187, 'home_coeff': 2.3525595637042898, 'away_coeff': -2.2986839187592443, 'error_term': 11.490722940301447, 'win_prob_k': 5.424717231405667}",1.0,16
2024-11-20,Houston Rockets,Indiana Pacers,130,113,False,False,2024-11-20|Indiana Pacers|Houston Rockets,,,,2024-11-20|Indiana Pacers|Houston Rockets,0.8754841740684751,"[{""p_home_win"": 0.7509683481369502, ""weight"": 0.25}, {""p_home_win"": 0.8754841740684751, ""weight"": 0.5}, {""p_home_win"": 1.0, ""weight"": 0.25}]",10.580066067585026,,toor,"{'home_advantage': 2.17766504839187, 'home_coeff': 2.3525595637042898, 'away_coeff': -2.2986839187592443, 'error_term': 11.490722940301447, 'win_prob_k': 5.424717231405667}",1.0,17
2024-11-20,Memphis Grizzlies,Philadelphia 76ers,117,111,False,False,2024-11-20|Philadelphia 76ers|Memphis Grizzlies,,,,2024-11-20|Philadelphia 76ers|Memphis Grizzlies,0.923529459284396,"[{""p_home_win"": 0.847058918568792, ""weight"": 0.25}, {""p_home_win"": 0.923529459284396, ""weight"": 0.5}, {""p_home_win"": 1.0, ""weight"": 0.25}]",13.514582419498696,,toor,"{'home_advantage': 2.17766504839187, 'home_coeff': 2.3525595637042898, 'away_coeff': -2.2986839187592443, 'error_term': 11.490722940301447, 'win_prob_k': 5.424717231405667}",1.0,6
2024-11-20,Oklahoma City Thunder,Portland Trail Blazers,109,99,False,False,2024-11-20|Portland Trail Blazers|Oklahoma City Thunder,,,,2024-11-20|Portland Trail Blazers|Oklahoma City Thunder,0.8961615716128427,"[{""p_home_win"": 0.7923231432256854, ""weight"": 0.25}, {""p_home_win"": 0.8961615716128427, ""weight"": 0.5}, {""p_home_win"": 1.0, ""weight"": 0.25}]",11.691809531444104,,toor,"{'home_advantage': 2.17766504839187, 'home_coeff': 2.3525595637042898, 'away_coeff': -2.2986839187592443, 'error_term': 11.490722940301447, 'win_prob_k': 5.424717231405667}",1.0,10
2024-11-20,Golden State Warriors,Atlanta Hawks,120,97,False,False,2024-11-20|Atlanta Hawks|Golden State Warriors,,,,2024-11-20|Atlanta Hawks|Golden State Warriors,0.9367957312025431,"[{""p_home_win"": 0.8735914624050862, ""weight"": 0.25}, {""p_home_win"": 0.9367957312025431, ""weight"": 0.5}, {""p_home_win"": 1.0, ""weight"": 0.25}]",14.625544391462007,,toor,"{'home_advantage': 2.17766504839187, 'home_coeff': 2.3525595637042898, 'away_coeff': -2.2986839187592443, 'error_term': 11.490722940301447, 'win_prob_k': 5.424717231405667}",1.0,23
2024-11-20,Phoenix Suns,New York Knicks,122,138,False,False,2024-11-20|New York Knicks|Phoenix Suns,,,,2024-11-20|New York Knicks|Phoenix Suns,0.6987240788848622,"[{""p_home_win"": 0.3974481577697244, ""weight"": 0.25}, {""p_home_win"": 0.6987240788848622, ""weight"": 0.5}, {""p_home_win"": 1.0, ""weight"": 0.25}]",4.5634316275738245,,toor,"{'home_advantage': 2.17766504839187, 'home_coeff': 2.3525595637042898, 'away_coeff': -2.2986839187592443, 'error_term': 11.490722940301447, 'win_prob_k': 5.424717231405667}",0.0,-16
2024-11-20,Los Angeles Clippers,Orlando Magic,104,93,False,False,2024-11-20|Orlando Magic|Los Angeles Clippers,,,,2024-11-20|Orlando Magic|Los Angeles Clippers,0.614658583118832,"[{""p_home_win"": 0.22931716623766407, ""weight"": 0.25}, {""p_home_win"": 0.614658583118832, ""weight"": 0.5}, {""p_home_win"": 1.0, ""weight"": 0.25}]",2.5330024150221737,,toor,"{'home_advantage': 2.17766504839187, 'home_coeff': 2.3525595637042898, 'away_coeff': -2.2986839187592443, 'error_term': 11.490722940301447, 'win_prob_k': 5.424717231405667}",1.0,11
2024-11-21,Charlotte Hornets,Detroit Pistons,123,121,False,False,2024-11-21|Detroit Pistons|Charlotte Hornets,,,,2024-11-21|Detroit Pistons|Charlotte Hornets,0.544761371893025,"[{""p_home_win"": 0.08952274378604996, ""weight"": 0.25}, {""p_home_win"": 0.544761371893025, ""weight"": 0.5}, {""p_home_win"": 1.0, ""weight"": 0.25}]",0.9847827435092422,,toor,"{'home_advantage': 2.2090775282326938, 'home_coeff': 2.358675900730144, 'away_coeff': -2.2999775180550484, 'error_term': 11.36443445400963, 'win_prob_k': 5.485456920191259}",1.0,2
2024-11-21,Toronto Raptors,Minnesota Timberwolves,110,105,False,False,2024-11-21|Minnesota Timberwolves|Toronto Raptors,,,,2024-11-21|Minnesota Timberwolves|Toronto Raptors,0.21052596735777165,"[{""p_home_win"": 0.0, ""weight"": 0.25}, {""p_home_win"": 0.21052596735777165, ""weight"": 0.5}, {""p_home_win"": 0.4210519347155433, ""weight"": 0.25}]",-7.25044621893887,,toor,"{'home_advantage': 2.2090775282326938, 'home_coeff': 2.358675900730144, 'away_coeff': -2.2999775180550484, 'error_term': 11.36443445400963, 'win_prob_k': 5.485456920191259}",1.0,5
2024-11-21,San Antonio Spurs,Utah Jazz,126,118,False,False,2024-11-21|Utah Jazz|San Antonio Spurs,,,,2024-11-21|Utah Jazz|San Antonio Spurs,0.8184940506064999,"[{""p_home_win"": 0.6369881012129999, ""weight"": 0.25}, {""p_home_win"": 0.8184940506064999, ""weight"": 0.5}, {""p_home_win"": 1.0, ""weight"": 0.25}]",8.262072865205983,,toor,"{'home_advantage': 2.2090775282326938, 'home_coeff': 2.358675900730144, 'away_coeff': -2.2999775180550484, 'error_term': 11.36443445400963, 'win_prob_k': 5.485456920191259}",1.0,8
2024-11-21,Los Angeles Lakers,Orlando Magic,118,119,False,False,2024-11-21|Orlando Magic|Los Angeles Lakers,,,,2024-11-21|Orlando Magic|Los Angeles Lakers,0.7799915403666565,"[{""p_home_win"": 0.559983080733313, ""weight"": 0.25}, {""p_home_win"": 0.7799915403666565, ""weight"": 0.5}, {""p_home_win"": 1.0, ""weight"": 0.25}]",6.942487944834744,,toor,"{'home_advantage': 2.2090775282326938, 'home_coeff': 2.358675900730144, 'away_coeff': -2.2999775180550484, 'error_term': 11.36443445400963, 'win_prob_k': 5.485456920191259}",0.0,-1
2024-11-22,Philadelphia 76ers,Brooklyn Nets,113,98,False,False,2024-11-22|Brooklyn Nets|Philadelphia 76ers,,,,2024-11-22|Brooklyn Nets|Philadelphia 76ers,0.21096727956145686,"[{""p_home_win"": 0.0, ""weight"": 0.25}, {""p_home_win"": 0.21096727956145686, ""weight"": 0.5}, {""p_home_win"": 0.4219345591229137, ""weight"": 0.25}]",-7.411693727822595,,toor,"{'home_advantage': 2.231135915161288, 'home_coeff': 2.348133169275205, 'away_coeff': -2.2650730937405106, 'error_term': 11.217880001071753, 'win_prob_k': 5.6187302563386226}",1.0,15
2024-11-22,Washington Wizards,Boston Celtics,96,108,False,False,2024-11-22|Boston Celtics|Washington Wizards,,,,2024-11-22|Boston Celtics|Washington Wizards,0.07237053833245316,"[{""p_home_win"": 0.0, ""weight"": 0.25}, {""p_home_win"": 0.07237053833245316, ""weight"": 0.5}, {""p_home_win"": 0.14474107666490632, ""weight"": 0.25}]",-14.332442997542774,,toor,"{'home_advantage': 2.231135915161288, 'home_coeff': 2.348133169275205, 'away_coeff': -2.2650730937405106, 'error_term': 11.217880001071753, 'win_prob_k': 5.6187302563386226}",0.0,-12
2024-11-22,New Orleans Pelicans,Golden State Warriors,108,112,False,False,2024-11-22|Golden State Warriors|New Orleans Pelicans,,,,2024-11-22|Golden State Warriors|New Orleans Pelicans,0.0742429027631114,"[{""p_home_win"": 0.0, ""weight"": 0.25}, {""p_home_win"": 0.0742429027631114, ""weight"": 0.5}, {""p_home_win"": 0.1484858055262228, ""weight"": 0.25}]",-14.177571801575844,,toor,"{'home_advantage': 2.231135915161288, 'home_coeff': 2.348133169275205, 'away_coeff': -2.2650730937405106, 'error_term': 11.217880001071753, 'win_prob_k': 5.6187302563386226}",0.0,-4
2024-11-22,Chicago Bulls,Atlanta Hawks,136,122,False,False,2024-11-22|Atlanta Hawks|Chicago Bulls,,,,2024-11-22|Atlanta Hawks|Chicago Bulls,0.6035075929108243,"[{""p_home_win"": 0.20701518582164868, ""weight"": 0.25}, {""p_home_win"": 0.6035075929108243, ""weight"": 0.5}, {""p_home_win"": 1.0, ""weight"": 0.25}]",2.360438305948981,,toor,"{'home_advantage': 2.231135915161288, 'home_coeff': 2.348133169275205, 'away_coeff': -2.2650730937405106, 'error_term': 11.217880001071753, 'win_prob_k': 5.6187302563386226}",1.0,14
2024-11-22,Houston Rockets,Portland Trail Blazers,116,88,False,False,2024-11-22|Portland Trail Blazers|Houston Rockets,,,,2024-11-22|Portland Trail Blazers|Houston Rockets,0.8692612544672412,"[{""p_home_win"": 0.7385225089344825, ""weight"": 0.25}, {""p_home_win"": 0.8692612544672412, ""weight"": 0.5}, {""p_home_win"": 1.0, ""weight"": 0.25}]",10.644362490003692,,toor,"{'home_advantage': 2.231135915161288, 'home_coeff': 2.348133169275205, 'away_coeff': -2.2650730937405106, 'error_term': 11.217880001071753, 'win_prob_k': 5.6187302563386226}",1.0,28
2024-11-22,Milwaukee Bucks,Indiana Pacers,129,117,False,False,2024-11-22|Indiana Pacers|Milwaukee Bucks,,,,2024-11-22|Indiana Pacers|Milwaukee Bucks,0.6218986166322155,"[{""p_home_win"": 0.24379723326443092, ""weight"": 0.25}, {""p_home_win"": 0.6218986166322155, ""weight"": 0.5}, {""p_home_win"": 1.0, ""weight"": 0.25}]",2.795962849890321,,toor,"{'home_advantage': 2.231135915161288, 'home_coeff': 2.348133169275205, 'away_coeff': -2.2650730937405106, 'error_term': 11.217880001071753, 'win_prob_k': 5.6187302563386226}",1.0,12
2024-11-22,Denver Nuggets,Dallas Mavericks,120,123,False,False,2024-11-22|Dallas Mavericks|Denver Nuggets,,,,2024-11-22|Dallas Mavericks|Denver Nuggets,0.6598522957992791,"[{""p_home_win"": 0.31970459159855813, ""weight"": 0.25}, {""p_home_win"": 0.6598522957992791, ""weight"": 0.5}, {""p_home_win"": 1.0, ""weight"": 0.25}]",3.7231733261015925,,toor,"{'home_advantage': 2.231135915161288, 'home_coeff': 2.348133169275205, 'away_coeff': -2.2650730937405106, 'error_term': 11.217880001071753, 'win_prob_k': 5.6187302563386226}",0.0,-3
2024-11-22,Los Angeles Clippers,Sacramento Kings,104,88,False,False,2024-11-22|Sacramento Kings|Los Angeles Clippers,,,,2024-11-22|Sacramento Kings|Los Angeles Clippers,0.7532640519125755,"[{""p_home_win"": 0.506528103825151, ""weight"": 0.25}, {""p_home_win"": 0.7532640519125755, ""weight"": 0.5}, {""p_home_win"": 1.0, ""weight"": 0.25}]",6.27104856817416,,toor,"{'home_advantage': 2.231135915161288, 'home_coeff': 2.348133169275205, 'away_coeff': -2.2650730937405106, 'error_term': 11.217880001071753, 'win_prob_k': 5.6187302563386226}",1.0,16
2024-11-23,Utah Jazz,New York Knicks,121,106,False,False,2024-11-23|New York Knicks|Utah Jazz,,,,2024-11-23|New York Knicks|Utah Jazz,0.22195834201036613,"[{""p_home_win"": 0.0, ""weight"": 0.25}, {""p_home_win"": 0.22195834201036613, ""weight"": 0.5}, {""p_home_win"": 0.44391668402073226, ""weight"": 0.25}]",-7.072150486243198,,toor,"{'home_advantage': 2.520696362066238, 'home_coeff': 2.2317668789439447, 'away_coeff': -2.239825511142342, 'error_term': 11.14677111084899, 'win_prob_k': 5.638367922265587}",1.0,15
2024-11-23,Orlando Magic,Detroit Pistons,111,100,False,False,2024-11-23|Detroit Pistons|Orlando Magic,,,,2024-11-23|Detroit Pistons|Orlando Magic,0.8213545594278486,"[{""p_home_win"": 0.6427091188556973, ""weight"": 0.25}, {""p_home_win"": 0.8213545594278486, ""weight"": 0.5}, {""p_home_win"": 1.0, ""weight"": 0.25}]",8.601622426095467,,toor,"{'home_advantage': 2.520696362066238, 'home_coeff': 2.2317668789439447, 'away_coeff': -2.239825511142342, 'error_term': 11.14677111084899, 'win_prob_k': 5.638367922265587}",1.0,11
2024-11-23,Chicago Bulls,Memphis Grizzlies,131,142,False,False,2024-11-23|Memphis Grizzlies|Chicago Bulls,,,,2024-11-23|Memphis Grizzlies|Chicago Bulls,0.5093862562608088,"[{""p_home_win"": 0.0187725125216176, ""weight"": 0.25}, {""p_home_win"": 0.5093862562608088, ""weight"": 0.5}, {""p_home_win"": 1.0, ""weight"": 0.25}]",0.21171753744543909,,toor,"{'home_advantage': 2.520696362066238, 'home_coeff': 2.2317668789439447, 'away_coeff': -2.239825511142342, 'error_term': 11.14677111084899, 'win_prob_k': 5.638367922265587}",0.0,-11
2024-11-23,Houston Rockets,Portland Trail Blazers,98,104,False,False,2024-11-23|Portland Trail Blazers|Houston Rockets,,,,2024-11-23|Portland Trail Blazers|Houston Rockets,0.8842597663349139,"[{""p_home_win"": 0.7685195326698278, ""weight"": 0.25}, {""p_home_win"": 0.8842597663349139, ""weight"": 0.5}, {""p_home_win"": 1.0, ""weight"": 0.25}]",11.46507175477376,,toor,"{'home_advantage': 2.520696362066238, 'home_coeff': 2.2317668789439447, 'away_coeff': -2.239825511142342, 'error_term': 11.14677111084899, 'win_prob_k': 5.638367922265587}",0.0,-6
2024-11-23,Milwaukee Bucks,Charlotte Hornets,125,119,False,False,2024-11-23|Charlotte Hornets|Milwaukee Bucks,,,,2024-11-23|Charlotte Hornets|Milwaukee Bucks,0.6810198277755615,"[{""p_home_win"": 0.36203965555112294, ""weight"": 0.25}, {""p_home_win"": 0.6810198277755615, ""weight"": 0.5}, {""p_home_win"": 1.0, ""weight"": 0.25}]",4.276490498219686,,toor,"{'home_advantage': 2.520696362066238, 'home_coeff': 2.2317668789439447, 'away_coeff': -2.239825511142342, 'error_term': 11.14677111084899, 'win_prob_k': 5.638367922265587}",1.0,6
2024-11-23,San Antonio Spurs,Golden State Warriors,104,94,False,False,2024-11-23|Golden State Warriors|San Antonio Spurs,,,,2024-11-23|Golden State Warriors|San Antonio Spurs,0.17577731866796673,"[{""p_home_win"": 0.0, ""weight"": 0.25}, {""p_home_win"": 0.17577731866796673, ""weight"": 0.5}, {""p_home_win"": 0.35155463733593345, ""weight"": 0.25}]",-8.712534547744093,,toor,"{'home_advantage': 2.520696362066238, 'home_coeff': 2.2317668789439447, 'away_coeff': -2.239825511142342, 'error_term': 11.14677111084899, 'win_prob_k': 5.638367922265587}",1.0,10
2024-11-23,Los Angeles Lakers,Denver Nuggets,102,127,False,False,2024-11-23|Denver Nuggets|Los Angeles Lakers,,,,2024-11-23|Denver Nuggets|Los Angeles Lakers,0.7295258422381382,"[{""p_home_win"": 0.4590516844762764, ""weight"": 0.25}, {""p_home_win"": 0.7295258422381382, ""weight"": 0.5}, {""p_home_win"": 1.0, ""weight"": 0.25}]",5.594491458404892,,toor,"{'home_advantage': 2.520696362066238, 'home_coeff': 2.2317668789439447, 'away_coeff': -2.239825511142342, 'error_term': 11.14677111084899, 'win_prob_k': 5.638367922265587}",0.0,-25
2024-11-24,Boston Celtics,Minnesota Timberwolves,107,105,False,False,2024-11-24|Minnesota Timberwolves|Boston Celtics,,,,2024-11-24|Minnesota Timberwolves|Boston Celtics,0.84752451899802,"[{""p_home_win"": 0.6950490379960399, ""weight"": 0.25}, {""p_home_win"": 0.84752451899802, ""weight"": 0.5}, {""p_home_win"": 1.0, ""weight"": 0.25}]",9.976251220833808,,toor,"{'home_advantage': 2.374561708222336, 'home_coeff': 2.1331378545974826, 'away_coeff': -2.1428954770081488, 'error_term': 11.354591297037226, 'win_prob_k': 5.8159845840383895}",1.0,2
2024-11-24,Indiana Pacers,Washington Wizards,115,103,False,False,2024-11-24|Washington Wizards|Indiana Pacers,,,,2024-11-24|Washington Wizards|Indiana Pacers,0.7927234913340271,"[{""p_home_win"": 0.5854469826680542, ""weight"": 0.25}, {""p_home_win"": 0.7927234913340271, ""weight"": 0.5}, {""p_home_win"": 1.0, ""weight"": 0.25}]",7.801682585560921,,toor,"{'home_advantage': 2.374561708222336, 'home_coeff': 2.1331378545974826, 'away_coeff': -2.1428954770081488, 'error_term': 11.354591297037226, 'win_prob_k': 5.8159845840383895}",1.0,12
2024-11-24,Miami Heat,Dallas Mavericks,123,118,False,False,2024-11-24|Dallas Mavericks|Miami Heat,,,,2024-11-24|Dallas Mavericks|Miami Heat,0.3518462730017295,"[{""p_home_win"": 0.0, ""weight"": 0.25}, {""p_home_win"": 0.3518462730017295, ""weight"": 0.5}, {""p_home_win"": 0.703692546003459, ""weight"": 0.25}]",-3.5531800822654613,,toor,"{'home_advantage': 2.374561708222336, 'home_coeff': 2.1331378545974826, 'away_coeff': -2.1428954770081488, 'error_term': 11.354591297037226, 'win_prob_k': 5.8159845840383895}",1.0,5
2024-11-24,Philadelphia 76ers,Los Angeles Clippers,99,125,False,False,2024-11-24|Los Angeles Clippers|Philadelphia 76ers,,,,2024-11-24|Los Angeles Clippers|Philadelphia 76ers,0.12965037635309207,"[{""p_home_win"": 0.0, ""weight"": 0.25}, {""p_home_win"": 0.12965037635309207, ""weight"": 0.5}, {""p_home_win"": 0.25930075270618413, ""weight"": 0.25}]",-11.07394628220769,,toor,"{'home_advantage': 2.374561708222336, 'home_coeff': 2.1331378545974826, 'away_coeff': -2.1428954770081488, 'error_term': 11.354591297037226, 'win_prob_k': 5.8159845840383895}",0.0,-26
2024-11-24,Cleveland Cavaliers,Toronto Raptors,122,108,False,False,2024-11-24|Toronto Raptors|Cleveland Cavaliers,,,,2024-11-24|Toronto Raptors|Cleveland Cavaliers,0.9829635547026938,"[{""p_home_win"": 0.9659271094053876, ""weight"": 0.25}, {""p_home_win"": 0.9829635547026938, ""weight"": 0.5}, {""p_home_win"": 1.0, ""weight"": 0.25}]",23.585080449983266,,toor,"{'home_advantage': 2.374561708222336, 'home_coeff': 2.1331378545974826, 'away_coeff': -2.1428954770081488, 'error_term': 11.354591297037226, 'win_prob_k': 5.8159845840383895}",1.0,14
2024-11-24,Sacramento Kings,Brooklyn Nets,103,108,False,False,2024-11-24|Brooklyn Nets|Sacramento Kings,,,,2024-11-24|Brooklyn Nets|Sacramento Kings,0.6732154406608296,"[{""p_home_win"": 0.3464308813216592, ""weight"": 0.25}, {""p_home_win"": 0.6732154406608296, ""weight"": 0.5}, {""p_home_win"": 1.0, ""weight"": 0.25}]",4.203585936222603,,toor,"{'home_advantage': 2.374561708222336, 'home_coeff': 2.1331378545974826, 'away_coeff': -2.1428954770081488, 'error_term': 11.354591297037226, 'win_prob_k': 5.8159845840383895}",0.0,-5
2024-11-25,Charlotte Hornets,Orlando Magic,84,95,False,False,2024-11-25|Orlando Magic|Charlotte Hornets,,,,2024-11-25|Orlando Magic|Charlotte Hornets,0.33293178487183894,"[{""p_home_win"": 0.0, ""weight"": 0.25}, {""p_home_win"": 0.33293178487183894, ""weight"": 0.5}, {""p_home_win"": 0.6658635697436779, ""weight"": 0.25}]",-3.9684124826150677,,toor,"{'home_advantage': 2.3175773433222875, 'home_coeff': 2.027693056323953, 'away_coeff': -2.1209168866083776, 'error_term': 11.31095676338382, 'win_prob_k': 5.710318269430914}",0.0,-11
2024-11-25,Detroit Pistons,Toronto Raptors,102,100,False,False,2024-11-25|Toronto Raptors|Detroit Pistons,,,,2024-11-25|Toronto Raptors|Detroit Pistons,0.7252803305756854,"[{""p_home_win"": 0.45056066115137083, ""weight"": 0.25}, {""p_home_win"": 0.7252803305756854, ""weight"": 0.5}, {""p_home_win"": 1.0, ""weight"": 0.25}]",5.543617228870838,,toor,"{'home_advantage': 2.3175773433222875, 'home_coeff': 2.027693056323953, 'away_coeff': -2.1209168866083776, 'error_term': 11.31095676338382, 'win_prob_k': 5.710318269430914}",1.0,2
2024-11-25,Indiana Pacers,New Orleans Pelicans,114,110,False,False,2024-11-25|New Orleans Pelicans|Indiana Pacers,,,,2024-11-25|New Orleans Pelicans|Indiana Pacers,0.704990502942082,"[{""p_home_win"": 0.409981005884164, ""weight"": 0.25}, {""p_home_win"": 0.704990502942082, ""weight"": 0.5}, {""p_home_win"": 1.0, ""weight"": 0.25}]",4.974696696894451,,toor,"{'home_advantage': 2.3175773433222875, 'home_coeff': 2.027693056323953, 'away_coeff': -2.1209168866083776, 'error_term': 11.31095676338382, 'win_prob_k': 5.710318269430914}",1.0,4
2024-11-25,Atlanta Hawks,Dallas Mavericks,119,129,False,False,2024-11-25|Dallas Mavericks|Atlanta Hawks,,,,2024-11-25|Dallas Mavericks|Atlanta Hawks,0.36191661884807524,"[{""p_home_win"": 0.0, ""weight"": 0.25}, {""p_home_win"": 0.36191661884807524, ""weight"": 0.5}, {""p_home_win"": 0.7238332376961505, ""weight"": 0.25}]",-3.2380651866433956,,toor,"{'home_advantage': 2.3175773433222875, 'home_coeff': 2.027693056323953, 'away_coeff': -2.1209168866083776, 'error_term': 11.31095676338382, 'win_prob_k': 5.710318269430914}",0.0,-10
2024-11-25,Boston Celtics,Los Angeles Clippers,126,94,False,False,2024-11-25|Los Angeles Clippers|Boston Celtics,,,,2024-11-25|Los Angeles Clippers|Boston Celtics,0.7495091035739148,"[{""p_home_win"": 0.4990182071478295, ""weight"": 0.25}, {""p_home_win"": 0.7495091035739148, ""weight"": 0.5}, {""p_home_win"": 1.0, ""weight"": 0.25}]",6.258485327693778,,toor,"{'home_advantage': 2.3175773433222875, 'home_coeff': 2.027693056323953, 'away_coeff': -2.1209168866083776, 'error_term': 11.31095676338382, 'win_prob_k': 5.710318269430914}",1.0,32
2024-11-25,Memphis Grizzlies,Portland Trail Blazers,123,98,False,False,2024-11-25|Portland Trail Blazers|Memphis Grizzlies,,,,2024-11-25|Portland Trail Blazers|Memphis Grizzlies,0.7273526019381695,"[{""p_home_win"": 0.45470520387633906, ""weight"": 0.25}, {""p_home_win"": 0.7273526019381695, ""weight"": 0.5}, {""p_home_win"": 1.0, ""weight"": 0.25}]",5.603146966557719,,toor,"{'home_advantage': 2.3175773433222875, 'home_coeff': 2.027693056323953, 'away_coeff': -2.1209168866083776, 'error_term': 11.31095676338382, 'win_prob_k': 5.710318269430914}",1.0,25
2024-11-25,Denver Nuggets,New York Knicks,118,145,False,False,2024-11-25|New York Knicks|Denver Nuggets,,,,2024-11-25|New York Knicks|Denver Nuggets,0.6381146759566749,"[{""p_home_win"": 0.27622935191334985, ""weight"": 0.25}, {""p_home_win"": 0.6381146759566749, ""weight"": 0.5}, {""p_home_win"": 1.0, ""weight"": 0.25}]",3.238839032976256,,toor,"{'home_advantage': 2.3175773433222875, 'home_coeff': 2.027693056323953, 'away_coeff': -2.1209168866083776, 'error_term': 11.31095676338382, 'win_prob_k': 5.710318269430914}",0.0,-27
2024-11-25,Golden State Warriors,Brooklyn Nets,120,128,False,False,2024-11-25|Brooklyn Nets|Golden State Warriors,,,,2024-11-25|Brooklyn Nets|Golden State Warriors,0.9073856851456241,"[{""p_home_win"": 0.8147713702912482, ""weight"": 0.25}, {""p_home_win"": 0.9073856851456241, ""weight"": 0.5}, {""p_home_win"": 1.0, ""weight"": 0.25}]",13.031653648853704,,toor,"{'home_advantage': 2.3175773433222875, 'home_coeff': 2.027693056323953, 'away_coeff': -2.1209168866083776, 'error_term': 11.31095676338382, 'win_prob_k': 5.710318269430914}",0.0,-8
2024-11-25,Sacramento Kings,Oklahoma City Thunder,109,130,False,False,2024-11-25|Oklahoma City Thunder|Sacramento Kings,,,,2024-11-25|Oklahoma City Thunder|Sacramento Kings,0.18097293748875193,"[{""p_home_win"": 0.0, ""weight"": 0.25}, {""p_home_win"": 0.18097293748875193, ""weight"": 0.5}, {""p_home_win"": 0.36194587497750386, ""weight"": 0.25}]",-8.62126506208248,,toor,"{'home_advantage': 2.3175773433222875, 'home_coeff': 2.027693056323953, 'away_coeff': -2.1209168866083776, 'error_term': 11.31095676338382, 'win_prob_k': 5.710318269430914}",0.0,-21
2024-11-26,Washington Wizards,Chicago Bulls,108,127,False,False,2024-11-26|Chicago Bulls|Washington Wizards,,,,2024-11-26|Chicago Bulls|Washington Wizards,0.2755664198860692,"[{""p_home_win"": 0.0, ""weight"": 0.25}, {""p_home_win"": 0.2755664198860692, ""weight"": 0.5}, {""p_home_win"": 0.5511328397721384, ""weight"": 0.25}]",-5.7149426816587905,,toor,"{'home_advantage': 2.225290410728666, 'home_coeff': 2.0049301146416525, 'away_coeff': -2.052805058935694, 'error_term': 11.441888751996704, 'win_prob_k': 5.9126535832535865}",0.0,-19
2024-11-26,Miami Heat,Milwaukee Bucks,103,106,False,False,2024-11-26|Milwaukee Bucks|Miami Heat,,,,2024-11-26|Milwaukee Bucks|Miami Heat,0.5276029826812918,"[{""p_home_win"": 0.0552059653625836, ""weight"": 0.25}, {""p_home_win"": 0.5276029826812918, ""weight"": 0.5}, {""p_home_win"": 1.0, ""weight"": 0.25}]",0.6534919203886934,,toor,"{'home_advantage': 2.225290410728666, 'home_coeff': 2.0049301146416525, 'away_coeff': -2.052805058935694, 'error_term': 11.441888751996704, 'win_prob_k': 5.9126535832535865}",0.0,-3
2024-11-26,Minnesota Timberwolves,Houston Rockets,111,117,False,False,2024-11-26|Houston Rockets|Minnesota Timberwolves,,,,2024-11-26|Houston Rockets|Minnesota Timberwolves,0.3365858174616132,"[{""p_home_win"": 0.0, ""weight"": 0.25}, {""p_home_win"": 0.3365858174616132, ""weight"": 0.5}, {""p_home_win"": 0.6731716349232264, ""weight"": 0.25}]",-4.012009559012202,,toor,"{'home_advantage': 2.225290410728666, 'home_coeff': 2.0049301146416525, 'away_coeff': -2.052805058935694, 'error_term': 11.441888751996704, 'win_prob_k': 5.9126535832535865}",0.0,-6
2024-11-26,Utah Jazz,San Antonio Spurs,115,128,False,False,2024-11-26|San Antonio Spurs|Utah Jazz,,,,2024-11-26|San Antonio Spurs|Utah Jazz,0.32406191639830556,"[{""p_home_win"": 0.0, ""weight"": 0.25}, {""p_home_win"": 0.32406191639830556, ""weight"": 0.5}, {""p_home_win"": 0.6481238327966111, ""weight"": 0.25}]",-4.346787099224272,,toor,"{'home_advantage': 2.225290410728666, 'home_coeff': 2.0049301146416525, 'away_coeff': -2.052805058935694, 'error_term': 11.441888751996704, 'win_prob_k': 5.9126535832535865}",0.0,-13
2024-11-26,Phoenix Suns,Los Angeles Lakers,127,100,False,False,2024-11-26|Los Angeles Lakers|Phoenix Suns,,,,2024-11-26|Los Angeles Lakers|Phoenix Suns,0.5791961351371541,"[{""p_home_win"": 0.15839227027430813, ""weight"": 0.25}, {""p_home_win"": 0.5791961351371541, ""weight"": 0.5}, {""p_home_win"": 1.0, ""weight"": 0.25}]",1.8889409967853852,,toor,"{'home_advantage': 2.225290410728666, 'home_coeff': 2.0049301146416525, 'away_coeff': -2.052805058935694, 'error_term': 11.441888751996704, 'win_prob_k': 5.9126535832535865}",1.0,27
2024-11-27,Charlotte Hornets,Miami Heat,94,98,False,False,2024-11-27|Miami Heat|Charlotte Hornets,,,,2024-11-27|Miami Heat|Charlotte Hornets,0.5532290296941057,"[{""p_home_win"": 0.1064580593882114, ""weight"": 0.25}, {""p_home_win"": 0.5532290296941057, ""weight"": 0.5}, {""p_home_win"": 1.0, ""weight"": 0.25}]",1.2653516072639373,,toor,"{'home_advantage': 2.1811838653498645, 'home_coeff': 1.995903516799784, 'away_coeff': -1.930559252407007, 'error_term': 11.457722695624554, 'win_prob_k': 5.920438858177027}",0.0,-4
2024-11-27,Cleveland Cavaliers,Atlanta Hawks,124,135,False,False,2024-11-27|Atlanta Hawks|Cleveland Cavaliers,,,,2024-11-27|Atlanta Hawks|Cleveland Cavaliers,0.9741372494563816,"[{""p_home_win"": 0.9482744989127632, ""weight"": 0.25}, {""p_home_win"": 0.9741372494563816, ""weight"": 0.5}, {""p_home_win"": 1.0, ""weight"": 0.25}]",21.483783486021537,,toor,"{'home_advantage': 2.1811838653498645, 'home_coeff': 1.995903516799784, 'away_coeff': -1.930559252407007, 'error_term': 11.457722695624554, 'win_prob_k': 5.920438858177027}",0.0,-11
2024-11-27,Indiana Pacers,Portland Trail Blazers,121,114,False,False,2024-11-27|Portland Trail Blazers|Indiana Pacers,,,,2024-11-27|Portland Trail Blazers|Indiana Pacers,0.5712944043405442,"[{""p_home_win"": 0.14258880868108847, ""weight"": 0.25}, {""p_home_win"": 0.5712944043405442, ""weight"": 0.5}, {""p_home_win"": 1.0, ""weight"": 0.25}]",1.699960741214209,,toor,"{'home_advantage': 2.1811838653498645, 'home_coeff': 1.995903516799784, 'away_coeff': -1.930559252407007, 'error_term': 11.457722695624554, 'win_prob_k': 5.920438858177027}",1.0,7
2024-11-27,Orlando Magic,Chicago Bulls,133,119,False,False,2024-11-27|Chicago Bulls|Orlando Magic,,,,2024-11-27|Chicago Bulls|Orlando Magic,0.7779002653133013,"[{""p_home_win"": 0.5558005306266025, ""weight"": 0.25}, {""p_home_win"": 0.7779002653133013, ""weight"": 0.5}, {""p_home_win"": 1.0, ""weight"": 0.25}]",7.421103069127716,,toor,"{'home_advantage': 2.1811838653498645, 'home_coeff': 1.995903516799784, 'away_coeff': -1.930559252407007, 'error_term': 11.457722695624554, 'win_prob_k': 5.920438858177027}",1.0,14
2024-11-27,Philadelphia 76ers,Houston Rockets,115,122,False,False,2024-11-27|Houston Rockets|Philadelphia 76ers,,,,2024-11-27|Houston Rockets|Philadelphia 76ers,0.10292426659053747,"[{""p_home_win"": 0.0, ""weight"": 0.25}, {""p_home_win"": 0.10292426659053747, ""weight"": 0.5}, {""p_home_win"": 0.20584853318107493, ""weight"": 0.25}]",-12.818619521890062,,toor,"{'home_advantage': 2.1811838653498645, 'home_coeff': 1.995903516799784, 'away_coeff': -1.930559252407007, 'error_term': 11.457722695624554, 'win_prob_k': 5.920438858177027}",0.0,-7
2024-11-27,Washington Wizards,Los Angeles Clippers,96,121,False,False,2024-11-27|Los Angeles Clippers|Washington Wizards,,,,2024-11-27|Los Angeles Clippers|Washington Wizards,0.11095789685166552,"[{""p_home_win"": 0.0, ""weight"": 0.25}, {""p_home_win"": 0.11095789685166552, ""weight"": 0.5}, {""p_home_win"": 0.22191579370333103, ""weight"": 0.25}]",-12.320396396109354,,toor,"{'home_advantage': 2.1811838653498645, 'home_coeff': 1.995903516799784, 'away_coeff': -1.930559252407007, 'error_term': 11.457722695624554, 'win_prob_k': 5.920438858177027}",0.0,-25
2024-11-27,Dallas Mavericks,New York Knicks,129,114,False,False,2024-11-27|New York Knicks|Dallas Mavericks,,,,2024-11-27|New York Knicks|Dallas Mavericks,0.5481152157067811,"[{""p_home_win"": 0.09623043141356225, ""weight"": 0.25}, {""p_home_win"": 0.5481152157067811, ""weight"": 0.5}, {""p_home_win"": 1.0, ""weight"": 0.25}]",1.1429896667635884,,toor,"{'home_advantage': 2.1811838653498645, 'home_coeff': 1.995903516799784, 'away_coeff': -1.930559252407007, 'error_term': 11.457722695624554, 'win_prob_k': 5.920438858177027}",1.0,15
2024-11-27,Memphis Grizzlies,Detroit Pistons,131,111,False,False,2024-11-27|Detroit Pistons|Memphis Grizzlies,,,,2024-11-27|Detroit Pistons|Memphis Grizzlies,0.8073847626450581,"[{""p_home_win"": 0.6147695252901162, ""weight"": 0.25}, {""p_home_win"": 0.8073847626450581, ""weight"": 0.5}, {""p_home_win"": 1.0, ""weight"": 0.25}]",8.484614827418248,,toor,"{'home_advantage': 2.1811838653498645, 'home_coeff': 1.995903516799784, 'away_coeff': -1.930559252407007, 'error_term': 11.457722695624554, 'win_prob_k': 5.920438858177027}",1.0,20
2024-11-27,Minnesota Timberwolves,Sacramento Kings,104,115,False,False,2024-11-27|Sacramento Kings|Minnesota Timberwolves,,,,2024-11-27|Sacramento Kings|Minnesota Timberwolves,0.6359438765322973,"[{""p_home_win"": 0.2718877530645947, ""weight"": 0.25}, {""p_home_win"": 0.6359438765322973, ""weight"": 0.5}, {""p_home_win"": 1.0, ""weight"": 0.25}]",3.3024342575654955,,toor,"{'home_advantage': 2.1811838653498645, 'home_coeff': 1.995903516799784, 'away_coeff': -1.930559252407007, 'error_term': 11.457722695624554, 'win_prob_k': 5.920438858177027}",0.0,-11
2024-11-27,New Orleans Pelicans,Toronto Raptors,93,119,False,False,2024-11-27|Toronto Raptors|New Orleans Pelicans,,,,2024-11-27|Toronto Raptors|New Orleans Pelicans,0.638173100211246,"[{""p_home_win"": 0.2763462004224919, ""weight"": 0.25}, {""p_home_win"": 0.638173100211246, ""weight"": 0.5}, {""p_home_win"": 1.0, ""weight"": 0.25}]",3.3595153962532596,,toor,"{'home_advantage': 2.1811838653498645, 'home_coeff': 1.995903516799784, 'away_coeff': -1.930559252407007, 'error_term': 11.457722695624554, 'win_prob_k': 5.920438858177027}",0.0,-26
2024-11-27,San Antonio Spurs,Los Angeles Lakers,101,119,False,False,2024-11-27|Los Angeles Lakers|San Antonio Spurs,,,,2024-11-27|Los Angeles Lakers|San Antonio Spurs,0.5794754519809144,"[{""p_home_win"": 0.15895090396182887, ""weight"": 0.25}, {""p_home_win"": 0.5794754519809144, ""weight"": 0.5}, {""p_home_win"": 1.0, ""weight"": 0.25}]",1.8982137431876522,,toor,"{'home_advantage': 2.1811838653498645, 'home_coeff': 1.995903516799784, 'away_coeff': -1.930559252407007, 'error_term': 11.457722695624554, 'win_prob_k': 5.920438858177027}",0.0,-18
2024-11-27,Phoenix Suns,Brooklyn Nets,117,127,False,False,2024-11-27|Brooklyn Nets|Phoenix Suns,,,,2024-11-27|Brooklyn Nets|Phoenix Suns,0.6913381459213331,"[{""p_home_win"": 0.38267629184266627, ""weight"": 0.25}, {""p_home_win"": 0.6913381459213331, ""weight"": 0.5}, {""p_home_win"": 1.0, ""weight"": 0.25}]",4.774139513628352,,toor,"{'home_advantage': 2.1811838653498645, 'home_coeff': 1.995903516799784, 'away_coeff': -1.930559252407007, 'error_term': 11.457722695624554, 'win_prob_k': 5.920438858177027}",0.0,-10
2024-11-27,Utah Jazz,Denver Nuggets,103,122,False,False,2024-11-27|Denver Nuggets|Utah Jazz,,,,2024-11-27|Denver Nuggets|Utah Jazz,0.2886481080266622,"[{""p_home_win"": 0.0, ""weight"": 0.25}, {""p_home_win"": 0.2886481080266622, ""weight"": 0.5}, {""p_home_win"": 0.5772962160533244, ""weight"": 0.25}]",-5.33999255473703,,toor,"{'home_advantage': 2.1811838653498645, 'home_coeff': 1.995903516799784, 'away_coeff': -1.930559252407007, 'error_term': 11.457722695624554, 'win_prob_k': 5.920438858177027}",0.0,-19
2024-11-27,Golden State Warriors,Oklahoma City Thunder,101,105,False,False,2024-11-27|Oklahoma City Thunder|Golden State Warriors,,,,2024-11-27|Oklahoma City Thunder|Golden State Warriors,0.5327493623486627,"[{""p_home_win"": 0.06549872469732532, ""weight"": 0.25}, {""p_home_win"": 0.5327493623486627, ""weight"": 0.5}, {""p_home_win"": 1.0, ""weight"": 0.25}]",0.7766743289697651,,toor,"{'home_advantage': 2.1811838653498645, 'home_coeff': 1.995903516799784, 'away_coeff': -1.930559252407007, 'error_term': 11.457722695624554, 'win_prob_k': 5.920438858177027}",0.0,-4
2024-11-29,Charlotte Hornets,New York Knicks,98,99,False,False,2024-11-29|New York Knicks|Charlotte Hornets,,,,2024-11-29|New York Knicks|Charlotte Hornets,0.2731146842737585,"[{""p_home_win"": 0.0, ""weight"": 0.25}, {""p_home_win"": 0.2731146842737585, ""weight"": 0.5}, {""p_home_win"": 0.546229368547517, ""weight"": 0.25}]",-6.25440778126457,,toor,"{'home_advantage': 1.8437098290506413, 'home_coeff': 1.9979863530964739, 'away_coeff': -1.87261212823934, 'error_term': 11.56197081294434, 'win_prob_k': 6.389370980949215}",0.0,-1
2024-11-29,Atlanta Hawks,Cleveland Cavaliers,117,101,False,False,2024-11-29|Cleveland Cavaliers|Atlanta Hawks,,,,2024-11-29|Cleveland Cavaliers|Atlanta Hawks,0.13163124968264125,"[{""p_home_win"": 0.0, ""weight"": 0.25}, {""p_home_win"": 0.13163124968264125, ""weight"": 0.5}, {""p_home_win"": 0.2632624993652825, ""weight"": 0.25}]",-12.05426397600154,,toor,"{'home_advantage': 1.8437098290506413, 'home_coeff': 1.9979863530964739, 'away_coeff': -1.87261212823934, 'error_term': 11.56197081294434, 'win_prob_k': 6.389370980949215}",1.0,16
2024-11-29,Memphis Grizzlies,New Orleans Pelicans,120,109,False,False,2024-11-29|New Orleans Pelicans|Memphis Grizzlies,,,,2024-11-29|New Orleans Pelicans|Memphis Grizzlies,0.8938647428245557,"[{""p_home_win"": 0.7877294856491115, ""weight"": 0.25}, {""p_home_win"": 0.8938647428245557, ""weight"": 0.5}, {""p_home_win"": 1.0, ""weight"": 0.25}]",13.614728395521997,,toor,"{'home_advantage': 1.8437098290506413, 'home_coeff': 1.9979863530964739, 'away_coeff': -1.87261212823934, 'error_term': 11.56197081294434, 'win_prob_k': 6.389370980949215}",1.0,11
2024-11-29,Brooklyn Nets,Orlando Magic,100,123,False,False,2024-11-29|Orlando Magic|Brooklyn Nets,,,,2024-11-29|Orlando Magic|Brooklyn Nets,0.44348413760949335,"[{""p_home_win"": 0.0, ""weight"": 0.25}, {""p_home_win"": 0.44348413760949335, ""weight"": 0.5}, {""p_home_win"": 0.8869682752189867, ""weight"": 0.25}]",-1.4506021474602049,,toor,"{'home_advantage': 1.8437098290506413, 'home_coeff': 1.9979863530964739, 'away_coeff': -1.87261212823934, 'error_term': 11.56197081294434, 'win_prob_k': 6.389370980949215}",0.0,-23
2024-11-29,Minnesota Timberwolves,Los Angeles Clippers,93,92,False,False,2024-11-29|Los Angeles Clippers|Minnesota Timberwolves,,,,2024-11-29|Los Angeles Clippers|Minnesota Timberwolves,0.3268113362657929,"[{""p_home_win"": 0.0, ""weight"": 0.25}, {""p_home_win"": 0.3268113362657929, ""weight"": 0.5}, {""p_home_win"": 0.6536226725315858, ""weight"": 0.25}]",-4.617231477359097,,toor,"{'home_advantage': 1.8437098290506413, 'home_coeff': 1.9979863530964739, 'away_coeff': -1.87261212823934, 'error_term': 11.56197081294434, 'win_prob_k': 6.389370980949215}",1.0,1
2024-11-29,Chicago Bulls,Boston Celtics,129,138,False,False,2024-11-29|Boston Celtics|Chicago Bulls,,,,2024-11-29|Boston Celtics|Chicago Bulls,0.20251366626694742,"[{""p_home_win"": 0.0, ""weight"": 0.25}, {""p_home_win"": 0.20251366626694742, ""weight"": 0.5}, {""p_home_win"": 0.40502733253389483, ""weight"": 0.25}]",-8.757638144335756,,toor,"{'home_advantage': 1.8437098290506413, 'home_coeff': 1.9979863530964739, 'away_coeff': -1.87261212823934, 'error_term': 11.56197081294434, 'win_prob_k': 6.389370980949215}",0.0,-9
2024-11-29,Indiana Pacers,Detroit Pistons,106,130,False,False,2024-11-29|Detroit Pistons|Indiana Pacers,,,,2024-11-29|Detroit Pistons|Indiana Pacers,0.6336656530273855,"[{""p_home_win"": 0.26733130605477107, ""weight"": 0.25}, {""p_home_win"": 0.6336656530273855, ""weight"": 0.5}, {""p_home_win"": 1.0, ""weight"": 0.25}]",3.5012157004014757,,toor,"{'home_advantage': 1.8437098290506413, 'home_coeff': 1.9979863530964739, 'away_coeff': -1.87261212823934, 'error_term': 11.56197081294434, 'win_prob_k': 6.389370980949215}",0.0,-24
2024-11-29,Miami Heat,Toronto Raptors,121,111,False,False,2024-11-29|Toronto Raptors|Miami Heat,,,,2024-11-29|Toronto Raptors|Miami Heat,0.758948479707375,"[{""p_home_win"": 0.51789695941475, ""weight"": 0.25}, {""p_home_win"": 0.758948479707375, ""weight"": 0.5}, {""p_home_win"": 1.0, ""weight"": 0.25}]",7.328117863383302,,toor,"{'home_advantage': 1.8437098290506413, 'home_coeff': 1.9979863530964739, 'away_coeff': -1.87261212823934, 'error_term': 11.56197081294434, 'win_prob_k': 6.389370980949215}",1.0,10
2024-11-29,Los Angeles Lakers,Oklahoma City Thunder,93,101,False,False,2024-11-29|Oklahoma City Thunder|Los Angeles Lakers,,,,2024-11-29|Oklahoma City Thunder|Los Angeles Lakers,0.30344887086632394,"[{""p_home_win"": 0.0, ""weight"": 0.25}, {""p_home_win"": 0.30344887086632394, ""weight"": 0.5}, {""p_home_win"": 0.6068977417326479, ""weight"": 0.25}]",-5.309107684303166,,toor,"{'home_advantage': 1.8437098290506413, 'home_coeff': 1.9979863530964739, 'away_coeff': -1.87261212823934, 'error_term': 11.56197081294434, 'win_prob_k': 6.389370980949215}",0.0,-8
2024-11-29,Portland Trail Blazers,Sacramento Kings,115,106,False,False,2024-11-29|Sacramento Kings|Portland Trail Blazers,,,,2024-11-29|Sacramento Kings|Portland Trail Blazers,0.5279796979412765,"[{""p_home_win"": 0.055959395882553054, ""weight"": 0.25}, {""p_home_win"": 0.5279796979412765, ""weight"": 0.5}, {""p_home_win"": 1.0, ""weight"": 0.25}]",0.7158385104286416,,toor,"{'home_advantage': 1.8437098290506413, 'home_coeff': 1.9979863530964739, 'away_coeff': -1.87261212823934, 'error_term': 11.56197081294434, 'win_prob_k': 6.389370980949215}",1.0,9
2024-11-30,Charlotte Hornets,Atlanta Hawks,104,107,False,False,2024-11-30|Atlanta Hawks|Charlotte Hornets,,,,2024-11-30|Atlanta Hawks|Charlotte Hornets,0.38284037325837666,"[{""p_home_win"": 0.0, ""weight"": 0.25}, {""p_home_win"": 0.38284037325837666, ""weight"": 0.5}, {""p_home_win"": 0.7656807465167533, ""weight"": 0.25}]",-3.082399017860914,,toor,"{'home_advantage': 1.8550712248579353, 'home_coeff': 1.9359256037570556, 'away_coeff': -1.789325908319505, 'error_term': 11.637001029206692, 'win_prob_k': 6.455156359132014}",0.0,-3
2024-11-30,Detroit Pistons,Philadelphia 76ers,96,111,False,False,2024-11-30|Philadelphia 76ers|Detroit Pistons,,,,2024-11-30|Philadelphia 76ers|Detroit Pistons,0.7731481350735939,"[{""p_home_win"": 0.5462962701471878, ""weight"": 0.25}, {""p_home_win"": 0.7731481350735939, ""weight"": 0.5}, {""p_home_win"": 1.0, ""weight"": 0.25}]",7.91514127706915,,toor,"{'home_advantage': 1.8550712248579353, 'home_coeff': 1.9359256037570556, 'away_coeff': -1.789325908319505, 'error_term': 11.637001029206692, 'win_prob_k': 6.455156359132014}",0.0,-15
2024-11-30,Milwaukee Bucks,Washington Wizards,124,114,False,False,2024-11-30|Washington Wizards|Milwaukee Bucks,,,,2024-11-30|Washington Wizards|Milwaukee Bucks,0.8639506229151839,"[{""p_home_win"": 0.7279012458303677, ""weight"": 0.25}, {""p_home_win"": 0.8639506229151839, ""weight"": 0.5}, {""p_home_win"": 1.0, ""weight"": 0.25}]",11.93234188390538,,toor,"{'home_advantage': 1.8550712248579353, 'home_coeff': 1.9359256037570556, 'away_coeff': -1.789325908319505, 'error_term': 11.637001029206692, 'win_prob_k': 6.455156359132014}",1.0,10
2024-11-30,Phoenix Suns,Golden State Warriors,113,105,False,False,2024-11-30|Golden State Warriors|Phoenix Suns,,,,2024-11-30|Golden State Warriors|Phoenix Suns,0.44268344408688354,"[{""p_home_win"": 0.0, ""weight"": 0.25}, {""p_home_win"": 0.44268344408688354, ""weight"": 0.5}, {""p_home_win"": 0.8853668881737671, ""weight"": 0.25}]",-1.4864834657499228,,toor,"{'home_advantage': 1.8550712248579353, 'home_coeff': 1.9359256037570556, 'away_coeff': -1.789325908319505, 'error_term': 11.637001029206692, 'win_prob_k': 6.455156359132014}",1.0,8
2024-11-30,Utah Jazz,Dallas Mavericks,94,106,False,False,2024-11-30|Dallas Mavericks|Utah Jazz,,,,2024-11-30|Dallas Mavericks|Utah Jazz,0.19485993922303332,"[{""p_home_win"": 0.0, ""weight"": 0.25}, {""p_home_win"": 0.19485993922303332, ""weight"": 0.5}, {""p_home_win"": 0.38971987844606665, ""weight"": 0.25}]",-9.158157617472533,,toor,"{'home_advantage': 1.8550712248579353, 'home_coeff': 1.9359256037570556, 'away_coeff': -1.789325908319505, 'error_term': 11.637001029206692, 'win_prob_k': 6.455156359132014}",0.0,-12
2024-12-01,Brooklyn Nets,Orlando Magic,92,100,False,False,2024-12-01|Orlando Magic|Brooklyn Nets,,,,2024-12-01|Orlando Magic|Brooklyn Nets,0.4030734763419088,"[{""p_home_win"": 0.0, ""weight"": 0.25}, {""p_home_win"": 0.4030734763419088, ""weight"": 0.5}, {""p_home_win"": 0.8061469526838176, ""weight"": 0.25}]",-2.532779339653497,,toor,"{'home_advantage': 1.775783838924769, 'home_coeff': 1.929448594707131, 'away_coeff': -1.6869820625137877, 'error_term': 11.659562436315811, 'win_prob_k': 6.450062521100055}",0.0,-8
2024-12-01,Memphis Grizzlies,Indiana Pacers,136,121,False,False,2024-12-01|Indiana Pacers|Memphis Grizzlies,,,,2024-12-01|Indiana Pacers|Memphis Grizzlies,0.7621184098710252,"[{""p_home_win"": 0.5242368197420504, ""weight"": 0.25}, {""p_home_win"": 0.7621184098710252, ""weight"": 0.5}, {""p_home_win"": 1.0, ""weight"": 0.25}]",7.509994250080943,,toor,"{'home_advantage': 1.775783838924769, 'home_coeff': 1.929448594707131, 'away_coeff': -1.6869820625137877, 'error_term': 11.659562436315811, 'win_prob_k': 6.450062521100055}",1.0,15
2024-12-01,Cleveland Cavaliers,Boston Celtics,115,111,False,False,2024-12-01|Boston Celtics|Cleveland Cavaliers,,,,2024-12-01|Boston Celtics|Cleveland Cavaliers,0.6122248057319757,"[{""p_home_win"": 0.22444961146395137, ""weight"": 0.25}, {""p_home_win"": 0.6122248057319757, ""weight"": 0.5}, {""p_home_win"": 1.0, ""weight"": 0.25}]",2.945574363078263,,toor,"{'home_advantage': 1.775783838924769, 'home_coeff': 1.929448594707131, 'away_coeff': -1.6869820625137877, 'error_term': 11.659562436315811, 'win_prob_k': 6.450062521100055}",1.0,4
2024-12-01,New York Knicks,New Orleans Pelicans,118,85,False,False,2024-12-01|New Orleans Pelicans|New York Knicks,,,,2024-12-01|New Orleans Pelicans|New York Knicks,0.8867233215675258,"[{""p_home_win"": 0.7734466431350515, ""weight"": 0.25}, {""p_home_win"": 0.8867233215675258, ""weight"": 0.5}, {""p_home_win"": 1.0, ""weight"": 0.25}]",13.27229171337672,,toor,"{'home_advantage': 1.775783838924769, 'home_coeff': 1.929448594707131, 'away_coeff': -1.6869820625137877, 'error_term': 11.659562436315811, 'win_prob_k': 6.450062521100055}",1.0,33
2024-12-01,Toronto Raptors,Miami Heat,119,116,False,False,2024-12-01|Miami Heat|Toronto Raptors,,,,2024-12-01|Miami Heat|Toronto Raptors,0.28140111177434873,"[{""p_home_win"": 0.0, ""weight"": 0.25}, {""p_home_win"": 0.28140111177434873, ""weight"": 0.5}, {""p_home_win"": 0.5628022235486975, ""weight"": 0.25}]",-6.04707701130862,,toor,"{'home_advantage': 1.775783838924769, 'home_coeff': 1.929448594707131, 'away_coeff': -1.6869820625137877, 'error_term': 11.659562436315811, 'win_prob_k': 6.450062521100055}",1.0,3
2024-12-01,Houston Rockets,Oklahoma City Thunder,119,116,False,False,2024-12-01|Oklahoma City Thunder|Houston Rockets,,,,2024-12-01|Oklahoma City Thunder|Houston Rockets,0.45579482220924755,"[{""p_home_win"": 0.0, ""weight"": 0.25}, {""p_home_win"": 0.45579482220924755, ""weight"": 0.5}, {""p_home_win"": 0.9115896444184951, ""weight"": 0.25}]",-1.1434901997532947,,toor,"{'home_advantage': 1.775783838924769, 'home_coeff': 1.929448594707131, 'away_coeff': -1.6869820625137877, 'error_term': 11.659562436315811, 'win_prob_k': 6.450062521100055}",1.0,3
2024-12-01,Utah Jazz,Los Angeles Lakers,104,105,False,False,2024-12-01|Los Angeles Lakers|Utah Jazz,,,,2024-12-01|Los Angeles Lakers|Utah Jazz,0.2290980038417385,"[{""p_home_win"": 0.0, ""weight"": 0.25}, {""p_home_win"": 0.2290980038417385, ""weight"": 0.5}, {""p_home_win"": 0.458196007683477, ""weight"": 0.25}]",-7.826579242049603,,toor,"{'home_advantage': 1.775783838924769, 'home_coeff': 1.929448594707131, 'away_coeff': -1.6869820625137877, 'error_term': 11.659562436315811, 'win_prob_k': 6.450062521100055}",0.0,-1
2024-12-01,Portland Trail Blazers,Dallas Mavericks,131,137,False,False,2024-12-01|Dallas Mavericks|Portland Trail Blazers,,,,2024-12-01|Dallas Mavericks|Portland Trail Blazers,0.33915181918776455,"[{""p_home_win"": 0.0, ""weight"": 0.25}, {""p_home_win"": 0.33915181918776455, ""weight"": 0.5}, {""p_home_win"": 0.6783036383755291, ""weight"": 0.25}]",-4.302683719182136,,toor,"{'home_advantage': 1.775783838924769, 'home_coeff': 1.929448594707131, 'away_coeff': -1.6869820625137877, 'error_term': 11.659562436315811, 'win_prob_k': 6.450062521100055}",0.0,-6
2024-12-01,Sacramento Kings,San Antonio Spurs,125,127,False,False,2024-12-01|San Antonio Spurs|Sacramento Kings,,,,2024-12-01|San Antonio Spurs|Sacramento Kings,0.4262257929433995,"[{""p_home_win"": 0.0, ""weight"": 0.25}, {""p_home_win"": 0.4262257929433995, ""weight"": 0.5}, {""p_home_win"": 0.852451585886799, ""weight"": 0.25}]",-1.917388898460223,,toor,"{'home_advantage': 1.775783838924769, 'home_coeff': 1.929448594707131, 'away_coeff': -1.6869820625137877, 'error_term': 11.659562436315811, 'win_prob_k': 6.450062521100055}",0.0,-2
2024-12-01,Los Angeles Clippers,Denver Nuggets,126,122,False,False,2024-12-01|Denver Nuggets|Los Angeles Clippers,,,,2024-12-01|Denver Nuggets|Los Angeles Clippers,0.5957370573653114,"[{""p_home_win"": 0.1914741147306227, ""weight"": 0.25}, {""p_home_win"": 0.5957370573653114, ""weight"": 0.5}, {""p_home_win"": 1.0, ""weight"": 0.25}]",2.5009077446057897,,toor,"{'home_advantage': 1.775783838924769, 'home_coeff': 1.929448594707131, 'away_coeff': -1.6869820625137877, 'error_term': 11.659562436315811, 'win_prob_k': 6.450062521100055}",1.0,4
2024-12-02,Atlanta Hawks,New Orleans Pelicans,124,112,False,False,2024-12-02|New Orleans Pelicans|Atlanta Hawks,,,,2024-12-02|New Orleans Pelicans|Atlanta Hawks,0.812430906216915,"[{""p_home_win"": 0.6248618124338301, ""weight"": 0.25}, {""p_home_win"": 0.812430906216915, ""weight"": 0.5}, {""p_home_win"": 1.0, ""weight"": 0.25}]",9.402197478776676,,toor,"{'home_advantage': 1.8791674247636387, 'home_coeff': 1.8694456356844005, 'away_coeff': -1.6011393617439509, 'error_term': 11.51993108777095, 'win_prob_k': 6.414013714891581}",1.0,12
2024-12-02,Boston Celtics,Miami Heat,108,89,False,False,2024-12-02|Miami Heat|Boston Celtics,,,,2024-12-02|Miami Heat|Boston Celtics,0.8881682451733817,"[{""p_home_win"": 0.7763364903467633, ""weight"": 0.25}, {""p_home_win"": 0.8881682451733817, ""weight"": 0.5}, {""p_home_win"": 1.0, ""weight"": 0.25}]",13.290898818460782,,toor,"{'home_advantage': 1.8791674247636387, 'home_coeff': 1.8694456356844005, 'away_coeff': -1.6011393617439509, 'error_term': 11.51993108777095, 'win_prob_k': 6.414013714891581}",1.0,19
2024-12-02,Chicago Bulls,Brooklyn Nets,128,102,False,False,2024-12-02|Brooklyn Nets|Chicago Bulls,,,,2024-12-02|Brooklyn Nets|Chicago Bulls,0.5174536954415425,"[{""p_home_win"": 0.03490739088308503, ""weight"": 0.25}, {""p_home_win"": 0.5174536954415425, ""weight"": 0.5}, {""p_home_win"": 1.0, ""weight"": 0.25}]",0.44797498329204144,,toor,"{'home_advantage': 1.8791674247636387, 'home_coeff': 1.8694456356844005, 'away_coeff': -1.6011393617439509, 'error_term': 11.51993108777095, 'win_prob_k': 6.414013714891581}",1.0,26
2024-12-02,Minnesota Timberwolves,Los Angeles Lakers,109,80,False,False,2024-12-02|Los Angeles Lakers|Minnesota Timberwolves,,,,2024-12-02|Los Angeles Lakers|Minnesota Timberwolves,0.4065689686306256,"[{""p_home_win"": 0.0, ""weight"": 0.25}, {""p_home_win"": 0.4065689686306256, ""weight"": 0.5}, {""p_home_win"": 0.8131379372612512, ""weight"": 0.25}]",-2.42557102834669,,toor,"{'home_advantage': 1.8791674247636387, 'home_coeff': 1.8694456356844005, 'away_coeff': -1.6011393617439509, 'error_term': 11.51993108777095, 'win_prob_k': 6.414013714891581}",1.0,29
2024-12-03,Charlotte Hornets,Philadelphia 76ers,104,110,False,False,2024-12-03|Philadelphia 76ers|Charlotte Hornets,,,,2024-12-03|Philadelphia 76ers|Charlotte Hornets,0.5856137800345375,"[{""p_home_win"": 0.1712275600690749, ""weight"": 0.25}, {""p_home_win"": 0.5856137800345375, ""weight"": 0.5}, {""p_home_win"": 1.0, ""weight"": 0.25}]",2.2149925122138017,,toor,"{'home_advantage': 2.074453043337775, 'home_coeff': 1.846884611865625, 'away_coeff': -1.5911931489450186, 'error_term': 11.637721238236221, 'win_prob_k': 6.404265720947036}",0.0,-6
2024-12-03,Cleveland Cavaliers,Washington Wizards,118,87,False,False,2024-12-03|Washington Wizards|Cleveland Cavaliers,,,,2024-12-03|Washington Wizards|Cleveland Cavaliers,0.9695980846088015,"[{""p_home_win"": 0.939196169217603, ""weight"": 0.25}, {""p_home_win"": 0.9695980846088015, ""weight"": 0.5}, {""p_home_win"": 1.0, ""weight"": 0.25}]",22.17397610371573,,toor,"{'home_advantage': 2.074453043337775, 'home_coeff': 1.846884611865625, 'away_coeff': -1.5911931489450186, 'error_term': 11.637721238236221, 'win_prob_k': 6.404265720947036}",1.0,31
2024-12-03,Detroit Pistons,Milwaukee Bucks,107,128,False,False,2024-12-03|Milwaukee Bucks|Detroit Pistons,,,,2024-12-03|Milwaukee Bucks|Detroit Pistons,0.4181051223480803,"[{""p_home_win"": 0.0, ""weight"": 0.25}, {""p_home_win"": 0.4181051223480803, ""weight"": 0.5}, {""p_home_win"": 0.8362102446961606, ""weight"": 0.25}]",-2.11697434548272,,toor,"{'home_advantage': 2.074453043337775, 'home_coeff': 1.846884611865625, 'away_coeff': -1.5911931489450186, 'error_term': 11.637721238236221, 'win_prob_k': 6.404265720947036}",0.0,-21
2024-12-03,New York Knicks,Orlando Magic,121,106,False,False,2024-12-03|Orlando Magic|New York Knicks,,,,2024-12-03|Orlando Magic|New York Knicks,0.5160290280733482,"[{""p_home_win"": 0.03205805614669632, ""weight"": 0.25}, {""p_home_win"": 0.5160290280733482, ""weight"": 0.5}, {""p_home_win"": 1.0, ""weight"": 0.25}]",0.4107573730863221,,toor,"{'home_advantage': 2.074453043337775, 'home_coeff': 1.846884611865625, 'away_coeff': -1.5911931489450186, 'error_term': 11.637721238236221, 'win_prob_k': 6.404265720947036}",1.0,15
2024-12-03,Toronto Raptors,Indiana Pacers,122,111,False,False,2024-12-03|Indiana Pacers|Toronto Raptors,,,,2024-12-03|Indiana Pacers|Toronto Raptors,0.3477317567047426,"[{""p_home_win"": 0.0, ""weight"": 0.25}, {""p_home_win"": 0.3477317567047426, ""weight"": 0.5}, {""p_home_win"": 0.6954635134094852, ""weight"": 0.25}]",-4.028440202692518,,toor,"{'home_advantage': 2.074453043337775, 'home_coeff': 1.846884611865625, 'away_coeff': -1.5911931489450186, 'error_term': 11.637721238236221, 'win_prob_k': 6.404265720947036}",1.0,11
2024-12-03,Oklahoma City Thunder,Utah Jazz,133,106,False,False,2024-12-03|Utah Jazz|Oklahoma City Thunder,,,,2024-12-03|Utah Jazz|Oklahoma City Thunder,0.958717018108667,"[{""p_home_win"": 0.9174340362173341, ""weight"": 0.25}, {""p_home_win"": 0.958717018108667, ""weight"": 0.5}, {""p_home_win"": 1.0, ""weight"": 0.25}]",20.14234813333222,,toor,"{'home_advantage': 2.074453043337775, 'home_coeff': 1.846884611865625, 'away_coeff': -1.5911931489450186, 'error_term': 11.637721238236221, 'win_prob_k': 6.404265720947036}",1.0,27
2024-12-03,Dallas Mavericks,Memphis Grizzlies,121,116,False,False,2024-12-03|Memphis Grizzlies|Dallas Mavericks,,,,2024-12-03|Memphis Grizzlies|Dallas Mavericks,0.6455876835229283,"[{""p_home_win"": 0.29117536704585656, ""weight"": 0.25}, {""p_home_win"": 0.6455876835229283, ""weight"": 0.5}, {""p_home_win"": 1.0, ""weight"": 0.25}]",3.8406385886036194,,toor,"{'home_advantage': 2.074453043337775, 'home_coeff': 1.846884611865625, 'away_coeff': -1.5911931489450186, 'error_term': 11.637721238236221, 'win_prob_k': 6.404265720947036}",1.0,5
2024-12-03,Phoenix Suns,San Antonio Spurs,104,93,False,False,2024-12-03|San Antonio Spurs|Phoenix Suns,,,,2024-12-03|San Antonio Spurs|Phoenix Suns,0.6576067480482236,"[{""p_home_win"": 0.3152134960964472, ""weight"": 0.25}, {""p_home_win"": 0.6576067480482236, ""weight"": 0.5}, {""p_home_win"": 1.0, ""weight"": 0.25}]",4.1797258944210185,,toor,"{'home_advantage': 2.074453043337775, 'home_coeff': 1.846884611865625, 'away_coeff': -1.5911931489450186, 'error_term': 11.637721238236221, 'win_prob_k': 6.404265720947036}",1.0,11
2024-12-03,Denver Nuggets,Golden State Warriors,119,115,False,False,2024-12-03|Golden State Warriors|Denver Nuggets,,,,2024-12-03|Golden State Warriors|Denver Nuggets,0.44466962462033366,"[{""p_home_win"": 0.0, ""weight"": 0.25}, {""p_home_win"": 0.44466962462033366, ""weight"": 0.5}, {""p_home_win"": 0.8893392492406673, ""weight"": 0.25}]",-1.423230331617379,,toor,"{'home_advantage': 2.074453043337775, 'home_coeff': 1.846884611865625, 'away_coeff': -1.5911931489450186, 'error_term': 11.637721238236221, 'win_prob_k': 6.404265720947036}",1.0,4
2024-12-03,Sacramento Kings,Houston Rockets,120,111,False,False,2024-12-03|Houston Rockets|Sacramento Kings,,,,2024-12-03|Houston Rockets|Sacramento Kings,0.2001209878079318,"[{""p_home_win"": 0.0, ""weight"": 0.25}, {""p_home_win"": 0.2001209878079318, ""weight"": 0.5}, {""p_home_win"": 0.4002419756158636, ""weight"": 0.25}]",-8.873355816224306,,toor,"{'home_advantage': 2.074453043337775, 'home_coeff': 1.846884611865625, 'away_coeff': -1.5911931489450186, 'error_term': 11.637721238236221, 'win_prob_k': 6.404265720947036}",1.0,9
2024-12-03,Los Angeles Clippers,Portland Trail Blazers,127,105,False,False,2024-12-03|Portland Trail Blazers|Los Angeles Clippers,,,,2024-12-03|Portland Trail Blazers|Los Angeles Clippers,0.7839700382333991,"[{""p_home_win"": 0.5679400764667981, ""weight"": 0.25}, {""p_home_win"": 0.7839700382333991, ""weight"": 0.5}, {""p_home_win"": 1.0, ""weight"": 0.25}]",8.254801952827009,,toor,"{'home_advantage': 2.074453043337775, 'home_coeff': 1.846884611865625, 'away_coeff': -1.5911931489450186, 'error_term': 11.637721238236221, 'win_prob_k': 6.404265720947036}",1.0,22
2024-12-04,Boston Celtics,Detroit Pistons,130,120,False,False,2024-12-04|Detroit Pistons|Boston Celtics,,,,2024-12-04|Detroit Pistons|Boston Celtics,0.9210961705926642,"[{""p_home_win"": 0.8421923411853285, ""weight"": 0.25}, {""p_home_win"": 0.9210961705926642, ""weight"": 0.5}, {""p_home_win"": 1.0, ""weight"": 0.25}]",16.022092380240178,,toor,"{'home_advantage': 2.2503280243750026, 'home_coeff': 1.8169724660677677, 'away_coeff': -1.5591997529281674, 'error_term': 11.602323659920119, 'win_prob_k': 6.520109959941438}",1.0,10
2024-12-04,Brooklyn Nets,Indiana Pacers,99,90,False,False,2024-12-04|Indiana Pacers|Brooklyn Nets,,,,2024-12-04|Indiana Pacers|Brooklyn Nets,0.6448405907246864,"[{""p_home_win"": 0.2896811814493727, ""weight"": 0.25}, {""p_home_win"": 0.6448405907246864, ""weight"": 0.5}, {""p_home_win"": 1.0, ""weight"": 0.25}]",3.8888309850564386,,toor,"{'home_advantage': 2.2503280243750026, 'home_coeff': 1.8169724660677677, 'away_coeff': -1.5591997529281674, 'error_term': 11.602323659920119, 'win_prob_k': 6.520109959941438}",1.0,9
2024-12-04,Miami Heat,Los Angeles Lakers,134,93,False,False,2024-12-04|Los Angeles Lakers|Miami Heat,,,,2024-12-04|Los Angeles Lakers|Miami Heat,0.4254374495443012,"[{""p_home_win"": 0.0, ""weight"": 0.25}, {""p_home_win"": 0.4254374495443012, ""weight"": 0.5}, {""p_home_win"": 0.8508748990886024, ""weight"": 0.25}]",-1.959234602101046,,toor,"{'home_advantage': 2.2503280243750026, 'home_coeff': 1.8169724660677677, 'away_coeff': -1.5591997529281674, 'error_term': 11.602323659920119, 'win_prob_k': 6.520109959941438}",1.0,41
2024-12-04,Philadelphia 76ers,Orlando Magic,102,106,False,False,2024-12-04|Orlando Magic|Philadelphia 76ers,,,,2024-12-04|Orlando Magic|Philadelphia 76ers,0.18157805973391722,"[{""p_home_win"": 0.0, ""weight"": 0.25}, {""p_home_win"": 0.18157805973391722, ""weight"": 0.5}, {""p_home_win"": 0.36315611946783444, ""weight"": 0.25}]",-9.817279887258433,,toor,"{'home_advantage': 2.2503280243750026, 'home_coeff': 1.8169724660677677, 'away_coeff': -1.5591997529281674, 'error_term': 11.602323659920119, 'win_prob_k': 6.520109959941438}",0.0,-4
2024-12-04,Milwaukee Bucks,Atlanta Hawks,104,119,False,False,2024-12-04|Atlanta Hawks|Milwaukee Bucks,,,,2024-12-04|Atlanta Hawks|Milwaukee Bucks,0.633208306465919,"[{""p_home_win"": 0.26641661293183794, ""weight"": 0.25}, {""p_home_win"": 0.633208306465919, ""weight"": 0.5}, {""p_home_win"": 1.0, ""weight"": 0.25}]",3.560014932402292,,toor,"{'home_advantage': 2.2503280243750026, 'home_coeff': 1.8169724660677677, 'away_coeff': -1.5591997529281674, 'error_term': 11.602323659920119, 'win_prob_k': 6.520109959941438}",0.0,-15
2024-12-04,Los Angeles Clippers,Minnesota Timberwolves,80,108,False,False,2024-12-04|Minnesota Timberwolves|Los Angeles Clippers,,,,2024-12-04|Minnesota Timberwolves|Los Angeles Clippers,0.7480029389684673,"[{""p_home_win"": 0.4960058779369345, ""weight"": 0.25}, {""p_home_win"": 0.7480029389684673, ""weight"": 0.5}, {""p_home_win"": 1.0, ""weight"": 0.25}]",7.093811059196284,,toor,"{'home_advantage': 2.2503280243750026, 'home_coeff': 1.8169724660677677, 'away_coeff': -1.5591997529281674, 'error_term': 11.602323659920119, 'win_prob_k': 6.520109959941438}",0.0,-28
2024-12-05,Cleveland Cavaliers,Denver Nuggets,126,114,False,False,2024-12-05|Denver Nuggets|Cleveland Cavaliers,,,,2024-12-05|Denver Nuggets|Cleveland Cavaliers,0.8363150220460651,"[{""p_home_win"": 0.6726300440921302, ""weight"": 0.25}, {""p_home_win"": 0.8363150220460651, ""weight"": 0.5}, {""p_home_win"": 1.0, ""weight"": 0.25}]",10.53934196358949,,toor,"{'home_advantage': 2.258730749945472, 'home_coeff': 1.7427483492211442, 'away_coeff': -1.5234891572521843, 'error_term': 11.899102703728264, 'win_prob_k': 6.4616453797065585}",1.0,12
2024-12-05,Washington Wizards,Dallas Mavericks,101,137,False,False,2024-12-05|Dallas Mavericks|Washington Wizards,,,,2024-12-05|Dallas Mavericks|Washington Wizards,0.10445865362664722,"[{""p_home_win"": 0.0, ""weight"": 0.25}, {""p_home_win"": 0.10445865362664722, ""weight"": 0.5}, {""p_home_win"": 0.20891730725329444, ""weight"": 0.25}]",-13.883730716360187,,toor,"{'home_advantage': 2.258730749945472, 'home_coeff': 1.7427483492211442, 'away_coeff': -1.5234891572521843, 'error_term': 11.899102703728264, 'win_prob_k': 6.4616453797065585}",0.0,-36
2024-12-05,New York Knicks,Charlotte Hornets,125,101,False,False,2024-12-05|Charlotte Hornets|New York Knicks,,,,2024-12-05|Charlotte Hornets|New York Knicks,0.88474437619487,"[{""p_home_win"": 0.76948875238974, ""weight"": 0.25}, {""p_home_win"": 0.88474437619487, ""weight"": 0.5}, {""p_home_win"": 1.0, ""weight"": 0.25}]",13.169778529304462,,toor,"{'home_advantage': 2.258730749945472, 'home_coeff': 1.7427483492211442, 'away_coeff': -1.5234891572521843, 'error_term': 11.899102703728264, 'win_prob_k': 6.4616453797065585}",1.0,24
2024-12-05,Toronto Raptors,Oklahoma City Thunder,92,129,False,False,2024-12-05|Oklahoma City Thunder|Toronto Raptors,,,,2024-12-05|Oklahoma City Thunder|Toronto Raptors,0.0962686161837763,"[{""p_home_win"": 0.0, ""weight"": 0.25}, {""p_home_win"": 0.0962686161837763, ""weight"": 0.5}, {""p_home_win"": 0.1925372323675526, ""weight"": 0.25}]",-14.470142787347925,,toor,"{'home_advantage': 2.258730749945472, 'home_coeff': 1.7427483492211442, 'away_coeff': -1.5234891572521843, 'error_term': 11.899102703728264, 'win_prob_k': 6.4616453797065585}",0.0,-37
2024-12-05,Memphis Grizzlies,Sacramento Kings,115,110,False,False,2024-12-05|Sacramento Kings|Memphis Grizzlies,,,,2024-12-05|Sacramento Kings|Memphis Grizzlies,0.7545654885672127,"[{""p_home_win"": 0.5091309771344255, ""weight"": 0.25}, {""p_home_win"": 0.7545654885672127, ""weight"": 0.5}, {""p_home_win"": 1.0, ""weight"": 0.25}]",7.257150922738458,,toor,"{'home_advantage': 2.258730749945472, 'home_coeff': 1.7427483492211442, 'away_coeff': -1.5234891572521843, 'error_term': 11.899102703728264, 'win_prob_k': 6.4616453797065585}",1.0,5
2024-12-05,New Orleans Pelicans,Phoenix Suns,126,124,False,False,2024-12-05|Phoenix Suns|New Orleans Pelicans,,,,2024-12-05|Phoenix Suns|New Orleans Pelicans,0.13598909882945887,"[{""p_home_win"": 0.0, ""weight"": 0.25}, {""p_home_win"": 0.13598909882945887, ""weight"": 0.5}, {""p_home_win"": 0.27197819765891773, ""weight"": 0.25}]",-11.947651181512075,,toor,"{'home_advantage': 2.258730749945472, 'home_coeff': 1.7427483492211442, 'away_coeff': -1.5234891572521843, 'error_term': 11.899102703728264, 'win_prob_k': 6.4616453797065585}",1.0,2
2024-12-05,San Antonio Spurs,Chicago Bulls,124,139,False,False,2024-12-05|Chicago Bulls|San Antonio Spurs,,,,2024-12-05|Chicago Bulls|San Antonio Spurs,0.6707341944354066,"[{""p_home_win"": 0.3414683888708132, ""weight"": 0.25}, {""p_home_win"": 0.6707341944354066, ""weight"": 0.5}, {""p_home_win"": 1.0, ""weight"": 0.25}]",4.597509672022528,,toor,"{'home_advantage': 2.258730749945472, 'home_coeff': 1.7427483492211442, 'away_coeff': -1.5234891572521843, 'error_term': 11.899102703728264, 'win_prob_k': 6.4616453797065585}",0.0,-15
2024-12-05,Golden State Warriors,Houston Rockets,99,93,False,False,2024-12-05|Houston Rockets|Golden State Warriors,,,,2024-12-05|Houston Rockets|Golden State Warriors,0.5362590304570289,"[{""p_home_win"": 0.07251806091405788, ""weight"": 0.25}, {""p_home_win"": 0.5362590304570289, ""weight"": 0.5}, {""p_home_win"": 1.0, ""weight"": 0.25}]",0.9388200113017557,,toor,"{'home_advantage': 2.258730749945472, 'home_coeff': 1.7427483492211442, 'away_coeff': -1.5234891572521843, 'error_term': 11.899102703728264, 'win_prob_k': 6.4616453797065585}",1.0,6
2024-12-06,Philadelphia 76ers,Orlando Magic,102,94,False,False,2024-12-06|Orlando Magic|Philadelphia 76ers,,,,2024-12-06|Orlando Magic|Philadelphia 76ers,0.1532767559530805,"[{""p_home_win"": 0.0, ""weight"": 0.25}, {""p_home_win"": 0.1532767559530805, ""weight"": 0.5}, {""p_home_win"": 0.306553511906161, ""weight"": 0.25}]",-11.287663358503206,,toor,"{'home_advantage': 2.196223838338306, 'home_coeff': 1.7633254747072238, 'away_coeff': -1.5465228518539527, 'error_term': 11.968158458382494, 'win_prob_k': 6.604337680742919}",1.0,8
2024-12-06,Atlanta Hawks,Los Angeles Lakers,134,132,False,False,2024-12-06|Los Angeles Lakers|Atlanta Hawks,,,,2024-12-06|Los Angeles Lakers|Atlanta Hawks,0.5648658597695277,"[{""p_home_win"": 0.1297317195390555, ""weight"": 0.25}, {""p_home_win"": 0.5648658597695277, ""weight"": 0.5}, {""p_home_win"": 1.0, ""weight"": 0.25}]",1.7232958172739747,,toor,"{'home_advantage': 2.196223838338306, 'home_coeff': 1.7633254747072238, 'away_coeff': -1.5465228518539527, 'error_term': 11.968158458382494, 'win_prob_k': 6.604337680742919}",1.0,2
2024-12-06,Boston Celtics,Milwaukee Bucks,111,105,False,False,2024-12-06|Milwaukee Bucks|Boston Celtics,,,,2024-12-06|Milwaukee Bucks|Boston Celtics,0.861524385582692,"[{""p_home_win"": 0.7230487711653839, ""weight"": 0.25}, {""p_home_win"": 0.861524385582692, ""weight"": 0.5}, {""p_home_win"": 1.0, ""weight"": 0.25}]",12.07278951584733,,toor,"{'home_advantage': 2.196223838338306, 'home_coeff': 1.7633254747072238, 'away_coeff': -1.5465228518539527, 'error_term': 11.968158458382494, 'win_prob_k': 6.604337680742919}",1.0,6
2024-12-06,Chicago Bulls,Indiana Pacers,123,132,False,False,2024-12-06|Indiana Pacers|Chicago Bulls,,,,2024-12-06|Indiana Pacers|Chicago Bulls,0.6849970918226477,"[{""p_home_win"": 0.36999418364529535, ""weight"": 0.25}, {""p_home_win"": 0.6849970918226477, ""weight"": 0.5}, {""p_home_win"": 1.0, ""weight"": 0.25}]",5.13046561520577,,toor,"{'home_advantage': 2.196223838338306, 'home_coeff': 1.7633254747072238, 'away_coeff': -1.5465228518539527, 'error_term': 11.968158458382494, 'win_prob_k': 6.604337680742919}",0.0,-9
2024-12-06,San Antonio Spurs,Sacramento Kings,113,140,False,False,2024-12-06|Sacramento Kings|San Antonio Spurs,,,,2024-12-06|Sacramento Kings|San Antonio Spurs,0.6800357185018207,"[{""p_home_win"": 0.3600714370036413, ""weight"": 0.25}, {""p_home_win"": 0.6800357185018207, ""weight"": 0.5}, {""p_home_win"": 1.0, ""weight"": 0.25}]",4.979247634846321,,toor,"{'home_advantage': 2.196223838338306, 'home_coeff': 1.7633254747072238, 'away_coeff': -1.5465228518539527, 'error_term': 11.968158458382494, 'win_prob_k': 6.604337680742919}",0.0,-27
2024-12-06,Golden State Warriors,Minnesota Timberwolves,90,107,False,False,2024-12-06|Minnesota Timberwolves|Golden State Warriors,,,,2024-12-06|Minnesota Timberwolves|Golden State Warriors,0.7696343452427247,"[{""p_home_win"": 0.5392686904854493, ""weight"": 0.25}, {""p_home_win"": 0.7696343452427247, ""weight"": 0.5}, {""p_home_win"": 1.0, ""weight"": 0.25}]",7.966466978478655,,toor,"{'home_advantage': 2.196223838338306, 'home_coeff': 1.7633254747072238, 'away_coeff': -1.5465228518539527, 'error_term': 11.968158458382494, 'win_prob_k': 6.604337680742919}",0.0,-17
2024-12-06,Portland Trail Blazers,Utah Jazz,99,141,False,False,2024-12-06|Utah Jazz|Portland Trail Blazers,,,,2024-12-06|Utah Jazz|Portland Trail Blazers,0.7204322000124737,"[{""p_home_win"": 0.4408644000249473, ""weight"": 0.25}, {""p_home_win"": 0.7204322000124737, ""weight"": 0.5}, {""p_home_win"": 1.0, ""weight"": 0.25}]",6.251708782276569,,toor,"{'home_advantage': 2.196223838338306, 'home_coeff': 1.7633254747072238, 'away_coeff': -1.5465228518539527, 'error_term': 11.968158458382494, 'win_prob_k': 6.604337680742919}",0.0,-42
2024-12-07,Charlotte Hornets,Cleveland Cavaliers,102,116,False,False,2024-12-07|Cleveland Cavaliers|Charlotte Hornets,,,,2024-12-07|Cleveland Cavaliers|Charlotte Hornets,0.08381277458552593,"[{""p_home_win"": 0.0, ""weight"": 0.25}, {""p_home_win"": 0.08381277458552593, ""weight"": 0.5}, {""p_home_win"": 0.16762554917105185, ""weight"": 0.25}]",-16.33614820859343,,toor,"{'home_advantage': 1.8580921592496438, 'home_coeff': 1.7363465297859828, 'away_coeff': -1.461236167538073, 'error_term': 12.295919330448013, 'win_prob_k': 6.830534823155036}",0.0,-14
2024-12-07,New Orleans Pelicans,Oklahoma City Thunder,109,119,False,False,2024-12-07|Oklahoma City Thunder|New Orleans Pelicans,,,,2024-12-07|Oklahoma City Thunder|New Orleans Pelicans,0.07584407164514928,"[{""p_home_win"": 0.0, ""weight"": 0.25}, {""p_home_win"": 0.07584407164514928, ""weight"": 0.5}, {""p_home_win"": 0.15168814329029856, ""weight"": 0.25}]",-17.077711820679067,,toor,"{'home_advantage': 1.8580921592496438, 'home_coeff': 1.7363465297859828, 'away_coeff': -1.461236167538073, 'error_term': 12.295919330448013, 'win_prob_k': 6.830534823155036}",0.0,-10
2024-12-07,Washington Wizards,Denver Nuggets,122,113,False,False,2024-12-07|Denver Nuggets|Washington Wizards,,,,2024-12-07|Denver Nuggets|Washington Wizards,0.14783996719696227,"[{""p_home_win"": 0.0, ""weight"": 0.25}, {""p_home_win"": 0.14783996719696227, ""weight"": 0.5}, {""p_home_win"": 0.29567993439392454, ""weight"": 0.25}]",-11.964665033135752,,toor,"{'home_advantage': 1.8580921592496438, 'home_coeff': 1.7363465297859828, 'away_coeff': -1.461236167538073, 'error_term': 12.295919330448013, 'win_prob_k': 6.830534823155036}",1.0,9
2024-12-07,New York Knicks,Detroit Pistons,111,120,False,False,2024-12-07|Detroit Pistons|New York Knicks,,,,2024-12-07|Detroit Pistons|New York Knicks,0.8327705746040308,"[{""p_home_win"": 0.6655411492080616, ""weight"": 0.25}, {""p_home_win"": 0.8327705746040308, ""weight"": 0.5}, {""p_home_win"": 1.0, ""weight"": 0.25}]",10.96568260846679,,toor,"{'home_advantage': 1.8580921592496438, 'home_coeff': 1.7363465297859828, 'away_coeff': -1.461236167538073, 'error_term': 12.295919330448013, 'win_prob_k': 6.830534823155036}",0.0,-9
2024-12-07,Toronto Raptors,Dallas Mavericks,118,125,False,False,2024-12-07|Dallas Mavericks|Toronto Raptors,,,,2024-12-07|Dallas Mavericks|Toronto Raptors,0.17988004489739828,"[{""p_home_win"": 0.0, ""weight"": 0.25}, {""p_home_win"": 0.17988004489739828, ""weight"": 0.5}, {""p_home_win"": 0.35976008979479657, ""weight"": 0.25}]",-10.363016977100767,,toor,"{'home_advantage': 1.8580921592496438, 'home_coeff': 1.7363465297859828, 'away_coeff': -1.461236167538073, 'error_term': 12.295919330448013, 'win_prob_k': 6.830534823155036}",0.0,-7
2024-12-07,Boston Celtics,Memphis Grizzlies,121,127,False,False,2024-12-07|Memphis Grizzlies|Boston Celtics,,,,2024-12-07|Memphis Grizzlies|Boston Celtics,0.7895002065078321,"[{""p_home_win"": 0.5790004130156643, ""weight"": 0.25}, {""p_home_win"": 0.7895002065078321, ""weight"": 0.5}, {""p_home_win"": 1.0, ""weight"": 0.25}]",9.029389331272181,,toor,"{'home_advantage': 1.8580921592496438, 'home_coeff': 1.7363465297859828, 'away_coeff': -1.461236167538073, 'error_term': 12.295919330448013, 'win_prob_k': 6.830534823155036}",0.0,-6
2024-12-07,Miami Heat,Phoenix Suns,121,111,False,False,2024-12-07|Phoenix Suns|Miami Heat,,,,2024-12-07|Phoenix Suns|Miami Heat,0.42543897898494937,"[{""p_home_win"": 0.0, ""weight"": 0.25}, {""p_home_win"": 0.42543897898494937, ""weight"": 0.5}, {""p_home_win"": 0.8508779579698987, ""weight"": 0.25}]",-2.052471753114543,,toor,"{'home_advantage': 1.8580921592496438, 'home_coeff': 1.7363465297859828, 'away_coeff': -1.461236167538073, 'error_term': 12.295919330448013, 'win_prob_k': 6.830534823155036}",1.0,10
2024-12-08,Chicago Bulls,Philadelphia 76ers,100,108,False,False,2024-12-08|Philadelphia 76ers|Chicago Bulls,,,,2024-12-08|Philadelphia 76ers|Chicago Bulls,0.7274914045394958,"[{""p_home_win"": 0.4549828090789916, ""weight"": 0.25}, {""p_home_win"": 0.7274914045394958, ""weight"": 0.5}, {""p_home_win"": 1.0, ""weight"": 0.25}]",6.8345145951143875,,toor,"{'home_advantage': 1.8964191121302205, 'home_coeff': 1.644389079788114, 'away_coeff': -1.4394673334796866, 'error_term': 12.301917097559617, 'win_prob_k': 6.960272610417196}",0.0,-8
2024-12-08,Brooklyn Nets,Milwaukee Bucks,113,118,False,False,2024-12-08|Milwaukee Bucks|Brooklyn Nets,,,,2024-12-08|Milwaukee Bucks|Brooklyn Nets,0.5283754275076332,"[{""p_home_win"": 0.056750855015266444, ""weight"": 0.25}, {""p_home_win"": 0.5283754275076332, ""weight"": 0.5}, {""p_home_win"": 1.0, ""weight"": 0.25}]",0.7908525962911989,,toor,"{'home_advantage': 1.8964191121302205, 'home_coeff': 1.644389079788114, 'away_coeff': -1.4394673334796866, 'error_term': 12.301917097559617, 'win_prob_k': 6.960272610417196}",0.0,-5
2024-12-08,Indiana Pacers,Charlotte Hornets,109,113,False,False,2024-12-08|Charlotte Hornets|Indiana Pacers,,,,2024-12-08|Charlotte Hornets|Indiana Pacers,0.696517183350514,"[{""p_home_win"": 0.3930343667010281, ""weight"": 0.25}, {""p_home_win"": 0.696517183350514, ""weight"": 0.5}, {""p_home_win"": 1.0, ""weight"": 0.25}]",5.782368083195413,,toor,"{'home_advantage': 1.8964191121302205, 'home_coeff': 1.644389079788114, 'away_coeff': -1.4394673334796866, 'error_term': 12.301917097559617, 'win_prob_k': 6.960272610417196}",0.0,-4
2024-12-08,Atlanta Hawks,Denver Nuggets,111,141,False,False,2024-12-08|Denver Nuggets|Atlanta Hawks,,,,2024-12-08|Denver Nuggets|Atlanta Hawks,0.5785923885426181,"[{""p_home_win"": 0.15718477708523615, ""weight"": 0.25}, {""p_home_win"": 0.5785923885426181, ""weight"": 0.5}, {""p_home_win"": 1.0, ""weight"": 0.25}]",2.2063902277894143,,toor,"{'home_advantage': 1.8964191121302205, 'home_coeff': 1.644389079788114, 'away_coeff': -1.4394673334796866, 'error_term': 12.301917097559617, 'win_prob_k': 6.960272610417196}",0.0,-30
2024-12-08,Miami Heat,Cleveland Cavaliers,122,113,False,False,2024-12-08|Cleveland Cavaliers|Miami Heat,,,,2024-12-08|Cleveland Cavaliers|Miami Heat,0.24382105497023548,"[{""p_home_win"": 0.0, ""weight"": 0.25}, {""p_home_win"": 0.24382105497023548, ""weight"": 0.5}, {""p_home_win"": 0.48764210994047097, ""weight"": 0.25}]",-7.87793912424341,,toor,"{'home_advantage': 1.8964191121302205, 'home_coeff': 1.644389079788114, 'away_coeff': -1.4394673334796866, 'error_term': 12.301917097559617, 'win_prob_k': 6.960272610417196}",1.0,9
2024-12-08,Orlando Magic,Phoenix Suns,115,110,False,False,2024-12-08|Phoenix Suns|Orlando Magic,,,,2024-12-08|Phoenix Suns|Orlando Magic,0.6524508709761914,"[{""p_home_win"": 0.30490174195238273, ""weight"": 0.25}, {""p_home_win"": 0.6524508709761914, ""weight"": 0.5}, {""p_home_win"": 1.0, ""weight"": 0.25}]",4.383787171183506,,toor,"{'home_advantage': 1.8964191121302205, 'home_coeff': 1.644389079788114, 'away_coeff': -1.4394673334796866, 'error_term': 12.301917097559617, 'win_prob_k': 6.960272610417196}",1.0,5
2024-12-08,San Antonio Spurs,New Orleans Pelicans,121,116,False,False,2024-12-08|New Orleans Pelicans|San Antonio Spurs,,,,2024-12-08|New Orleans Pelicans|San Antonio Spurs,0.790212454092454,"[{""p_home_win"": 0.580424908184908, ""weight"": 0.25}, {""p_home_win"": 0.790212454092454, ""weight"": 0.5}, {""p_home_win"": 1.0, ""weight"": 0.25}]",9.230758819983732,,toor,"{'home_advantage': 1.8964191121302205, 'home_coeff': 1.644389079788114, 'away_coeff': -1.4394673334796866, 'error_term': 12.301917097559617, 'win_prob_k': 6.960272610417196}",1.0,5
2024-12-08,Washington Wizards,Memphis Grizzlies,112,140,False,False,2024-12-08|Memphis Grizzlies|Washington Wizards,,,,2024-12-08|Memphis Grizzlies|Washington Wizards,0.15959595568029075,"[{""p_home_win"": 0.0, ""weight"": 0.25}, {""p_home_win"": 0.15959595568029075, ""weight"": 0.5}, {""p_home_win"": 0.3191919113605815, ""weight"": 0.25}]",-11.562665432070013,,toor,"{'home_advantage': 1.8964191121302205, 'home_coeff': 1.644389079788114, 'away_coeff': -1.4394673334796866, 'error_term': 12.301917097559617, 'win_prob_k': 6.960272610417196}",0.0,-28
2024-12-08,Golden State Warriors,Minnesota Timberwolves,114,106,False,False,2024-12-08|Minnesota Timberwolves|Golden State Warriors,,,,2024-12-08|Minnesota Timberwolves|Golden State Warriors,0.6772934159493528,"[{""p_home_win"": 0.35458683189870555, ""weight"": 0.25}, {""p_home_win"": 0.6772934159493528, ""weight"": 0.5}, {""p_home_win"": 1.0, ""weight"": 0.25}]",5.160075242454871,,toor,"{'home_advantage': 1.8964191121302205, 'home_coeff': 1.644389079788114, 'away_coeff': -1.4394673334796866, 'error_term': 12.301917097559617, 'win_prob_k': 6.960272610417196}",1.0,8
2024-12-08,Los Angeles Clippers,Houston Rockets,106,117,False,False,2024-12-08|Houston Rockets|Los Angeles Clippers,,,,2024-12-08|Houston Rockets|Los Angeles Clippers,0.4674847449104031,"[{""p_home_win"": 0.0, ""weight"": 0.25}, {""p_home_win"": 0.4674847449104031, ""weight"": 0.5}, {""p_home_win"": 0.9349694898208062, ""weight"": 0.25}]",-0.9065395106485834,,toor,"{'home_advantage': 1.8964191121302205, 'home_coeff': 1.644389079788114, 'away_coeff': -1.4394673334796866, 'error_term': 12.301917097559617, 'win_prob_k': 6.960272610417196}",0.0,-11
2024-12-08,Sacramento Kings,Utah Jazz,141,97,False,False,2024-12-08|Utah Jazz|Sacramento Kings,,,,2024-12-08|Utah Jazz|Sacramento Kings,0.7263114031400445,"[{""p_home_win"": 0.452622806280089, ""weight"": 0.25}, {""p_home_win"": 0.7263114031400445, ""weight"": 0.5}, {""p_home_win"": 1.0, ""weight"": 0.25}]",6.7931418522456735,,toor,"{'home_advantage': 1.8964191121302205, 'home_coeff': 1.644389079788114, 'away_coeff': -1.4394673334796866, 'error_term': 12.301917097559617, 'win_prob_k': 6.960272610417196}",1.0,44
2024-12-08,Los Angeles Lakers,Portland Trail Blazers,107,98,False,False,2024-12-08|Portland Trail Blazers|Los Angeles Lakers,,,,2024-12-08|Portland Trail Blazers|Los Angeles Lakers,0.7123170321931132,"[{""p_home_win"": 0.4246340643862263, ""weight"": 0.25}, {""p_home_win"": 0.7123170321931132, ""weight"": 0.5}, {""p_home_win"": 1.0, ""weight"": 0.25}]",6.310628708125149,,toor,"{'home_advantage': 1.8964191121302205, 'home_coeff': 1.644389079788114, 'away_coeff': -1.4394673334796866, 'error_term': 12.301917097559617, 'win_prob_k': 6.960272610417196}",1.0,9
2024-12-09,Toronto Raptors,New York Knicks,108,113,False,False,2024-12-09|New York Knicks|Toronto Raptors,,,,2024-12-09|New York Knicks|Toronto Raptors,0.23203895754036374,"[{""p_home_win"": 0.0, ""weight"": 0.25}, {""p_home_win"": 0.23203895754036374, ""weight"": 0.5}, {""p_home_win"": 0.4640779150807275, ""weight"": 0.25}]",-8.604637532813749,,toor,"{'home_advantage': 1.8072634932475682, 'home_coeff': 1.6477140795926108, 'away_coeff': -1.411640781648619, 'error_term': 12.371937928065408, 'win_prob_k': 7.189501208280811}",0.0,-5
2024-12-10,Milwaukee Bucks,Orlando Magic,114,109,False,False,2024-12-10|Orlando Magic|Milwaukee Bucks,,,,2024-12-10|Orlando Magic|Milwaukee Bucks,0.43531298864716156,"[{""p_home_win"": 0.0, ""weight"": 0.25}, {""p_home_win"": 0.43531298864716156, ""weight"": 0.5}, {""p_home_win"": 0.8706259772943231, ""weight"": 0.25}]",-1.8607035266158012,,toor,"{'home_advantage': 1.8212707739566878, 'home_coeff': 1.6361250372137075, 'away_coeff': -1.3988204276879617, 'error_term': 12.361406056922274, 'win_prob_k': 7.150877283093044}",1.0,5
2024-12-10,Oklahoma City Thunder,Dallas Mavericks,118,104,False,False,2024-12-10|Dallas Mavericks|Oklahoma City Thunder,,,,2024-12-10|Dallas Mavericks|Oklahoma City Thunder,0.7566943953192471,"[{""p_home_win"": 0.5133887906384942, ""weight"": 0.25}, {""p_home_win"": 0.7566943953192471, ""weight"": 0.5}, {""p_home_win"": 1.0, ""weight"": 0.25}]",8.113679847947882,,toor,"{'home_advantage': 1.8212707739566878, 'home_coeff': 1.6361250372137075, 'away_coeff': -1.3988204276879617, 'error_term': 12.361406056922274, 'win_prob_k': 7.150877283093044}",1.0,14
2024-12-11,New York Knicks,Atlanta Hawks,100,108,False,False,2024-12-11|Atlanta Hawks|New York Knicks,,,,2024-12-11|Atlanta Hawks|New York Knicks,0.6739689909655844,"[{""p_home_win"": 0.34793798193116876, ""weight"": 0.25}, {""p_home_win"": 0.6739689909655844, ""weight"": 0.5}, {""p_home_win"": 1.0, ""weight"": 0.25}]",5.183643574800449,,toor,"{'home_advantage': 1.837882195786519, 'home_coeff': 1.6264268867800709, 'away_coeff': -1.3923870678159829, 'error_term': 12.333251814773439, 'win_prob_k': 7.1381210322063655}",0.0,-8
2024-12-11,Houston Rockets,Golden State Warriors,91,90,False,False,2024-12-11|Golden State Warriors|Houston Rockets,,,,2024-12-11|Golden State Warriors|Houston Rockets,0.6701912696075155,"[{""p_home_win"": 0.34038253921503103, ""weight"": 0.25}, {""p_home_win"": 0.6701912696075155, ""weight"": 0.5}, {""p_home_win"": 1.0, ""weight"": 0.25}]",5.061286624598764,,toor,"{'home_advantage': 1.837882195786519, 'home_coeff': 1.6264268867800709, 'away_coeff': -1.3923870678159829, 'error_term': 12.333251814773439, 'win_prob_k': 7.1381210322063655}",1.0,1
2024-12-12,Boston Celtics,Detroit Pistons,123,99,False,False,2024-12-12|Detroit Pistons|Boston Celtics,,,,2024-12-12|Detroit Pistons|Boston Celtics,0.8798810547930511,"[{""p_home_win"": 0.7597621095861022, ""weight"": 0.25}, {""p_home_win"": 0.8798810547930511, ""weight"": 0.5}, {""p_home_win"": 1.0, ""weight"": 0.25}]",14.158062295014176,,toor,"{'home_advantage': 1.7790230214991927, 'home_coeff': 1.5923627538528544, 'away_coeff': -1.3796166708863036, 'error_term': 12.3513518503134, 'win_prob_k': 7.109944220110128}",1.0,24
2024-12-12,Miami Heat,Toronto Raptors,114,104,False,False,2024-12-12|Toronto Raptors|Miami Heat,,,,2024-12-12|Toronto Raptors|Miami Heat,0.8128588102612659,"[{""p_home_win"": 0.6257176205225319, ""weight"": 0.25}, {""p_home_win"": 0.8128588102612659, ""weight"": 0.5}, {""p_home_win"": 1.0, ""weight"": 0.25}]",10.442332928637942,,toor,"{'home_advantage': 1.7790230214991927, 'home_coeff': 1.5923627538528544, 'away_coeff': -1.3796166708863036, 'error_term': 12.3513518503134, 'win_prob_k': 7.109944220110128}",1.0,10
2024-12-12,New Orleans Pelicans,Sacramento Kings,109,111,False,False,2024-12-12|Sacramento Kings|New Orleans Pelicans,,,,2024-12-12|Sacramento Kings|New Orleans Pelicans,0.2893931346495363,"[{""p_home_win"": 0.0, ""weight"": 0.25}, {""p_home_win"": 0.2893931346495363, ""weight"": 0.5}, {""p_home_win"": 0.5787862692990726, ""weight"": 0.25}]",-6.3870993246721675,,toor,"{'home_advantage': 1.7790230214991927, 'home_coeff': 1.5923627538528544, 'away_coeff': -1.3796166708863036, 'error_term': 12.3513518503134, 'win_prob_k': 7.109944220110128}",0.0,-2
2024-12-13,Cleveland Cavaliers,Washington Wizards,115,105,False,False,2024-12-13|Washington Wizards|Cleveland Cavaliers,,,,2024-12-13|Washington Wizards|Cleveland Cavaliers,0.9506223790346632,"[{""p_home_win"": 0.9012447580693264, ""weight"": 0.25}, {""p_home_win"": 0.9506223790346632, ""weight"": 0.5}, {""p_home_win"": 1.0, ""weight"": 0.25}]",20.905414898214822,,toor,"{'home_advantage': 1.8132391012540305, 'home_coeff': 1.5810636193772052, 'away_coeff': -1.3832566982013172, 'error_term': 12.294681866954313, 'win_prob_k': 7.068324435408304}",1.0,10
2024-12-13,Philadelphia 76ers,Indiana Pacers,107,121,False,False,2024-12-13|Indiana Pacers|Philadelphia 76ers,,,,2024-12-13|Indiana Pacers|Philadelphia 76ers,0.45966652845129186,"[{""p_home_win"": 0.0, ""weight"": 0.25}, {""p_home_win"": 0.45966652845129186, ""weight"": 0.5}, {""p_home_win"": 0.9193330569025837, ""weight"": 0.25}]",-1.1428434530077753,,toor,"{'home_advantage': 1.8132391012540305, 'home_coeff': 1.5810636193772052, 'away_coeff': -1.3832566982013172, 'error_term': 12.294681866954313, 'win_prob_k': 7.068324435408304}",0.0,-14
2024-12-13,Chicago Bulls,Charlotte Hornets,109,95,False,False,2024-12-13|Charlotte Hornets|Chicago Bulls,,,,2024-12-13|Charlotte Hornets|Chicago Bulls,0.6889722488073895,"[{""p_home_win"": 0.377944497614779, ""weight"": 0.25}, {""p_home_win"": 0.6889722488073895, ""weight"": 0.5}, {""p_home_win"": 1.0, ""weight"": 0.25}]",5.621571678223605,,toor,"{'home_advantage': 1.8132391012540305, 'home_coeff': 1.5810636193772052, 'away_coeff': -1.3832566982013172, 'error_term': 12.294681866954313, 'win_prob_k': 7.068324435408304}",1.0,14
2024-12-13,Memphis Grizzlies,Brooklyn Nets,135,119,False,False,2024-12-13|Brooklyn Nets|Memphis Grizzlies,,,,2024-12-13|Brooklyn Nets|Memphis Grizzlies,0.7632354251036337,"[{""p_home_win"": 0.5264708502072675, ""weight"": 0.25}, {""p_home_win"": 0.7632354251036337, ""weight"": 0.5}, {""p_home_win"": 1.0, ""weight"": 0.25}]",8.27347546948651,,toor,"{'home_advantage': 1.8132391012540305, 'home_coeff': 1.5810636193772052, 'away_coeff': -1.3832566982013172, 'error_term': 12.294681866954313, 'win_prob_k': 7.068324435408304}",1.0,16
2024-12-13,Minnesota Timberwolves,Los Angeles Lakers,97,87,False,False,2024-12-13|Los Angeles Lakers|Minnesota Timberwolves,,,,2024-12-13|Los Angeles Lakers|Minnesota Timberwolves,0.5653485986125771,"[{""p_home_win"": 0.13069719722515427, ""weight"": 0.25}, {""p_home_win"": 0.5653485986125771, ""weight"": 0.5}, {""p_home_win"": 1.0, ""weight"": 0.25}]",1.8582497420176178,,toor,"{'home_advantage': 1.8132391012540305, 'home_coeff': 1.5810636193772052, 'away_coeff': -1.3832566982013172, 'error_term': 12.294681866954313, 'win_prob_k': 7.068324435408304}",1.0,10
2024-12-13,Denver Nuggets,Los Angeles Clippers,120,98,False,False,2024-12-13|Los Angeles Clippers|Denver Nuggets,,,,2024-12-13|Los Angeles Clippers|Denver Nuggets,0.55452873121335,"[{""p_home_win"": 0.1090574624267, ""weight"": 0.25}, {""p_home_win"": 0.55452873121335, ""weight"": 0.5}, {""p_home_win"": 1.0, ""weight"": 0.25}]",1.5478631569174182,,toor,"{'home_advantage': 1.8132391012540305, 'home_coeff': 1.5810636193772052, 'away_coeff': -1.3832566982013172, 'error_term': 12.294681866954313, 'win_prob_k': 7.068324435408304}",1.0,22
2024-12-13,Utah Jazz,Phoenix Suns,126,134,False,False,2024-12-13|Phoenix Suns|Utah Jazz,,,,2024-12-13|Phoenix Suns|Utah Jazz,0.23539963660301075,"[{""p_home_win"": 0.0, ""weight"": 0.25}, {""p_home_win"": 0.23539963660301075, ""weight"": 0.5}, {""p_home_win"": 0.4707992732060215, ""weight"": 0.25}]",-8.326971393272004,,toor,"{'home_advantage': 1.8132391012540305, 'home_coeff': 1.5810636193772052, 'away_coeff': -1.3832566982013172, 'error_term': 12.294681866954313, 'win_prob_k': 7.068324435408304}",0.0,-8
2024-12-13,Portland Trail Blazers,San Antonio Spurs,116,118,False,False,2024-12-13|San Antonio Spurs|Portland Trail Blazers,,,,2024-12-13|San Antonio Spurs|Portland Trail Blazers,0.3987749261283071,"[{""p_home_win"": 0.0, ""weight"": 0.25}, {""p_home_win"": 0.3987749261283071, ""weight"": 0.5}, {""p_home_win"": 0.7975498522566142, ""weight"": 0.25}]",-2.9020575177925014,,toor,"{'home_advantage': 1.8132391012540305, 'home_coeff': 1.5810636193772052, 'away_coeff': -1.3832566982013172, 'error_term': 12.294681866954313, 'win_prob_k': 7.068324435408304}",0.0,-2
2024-12-14,Milwaukee Bucks,Atlanta Hawks,110,102,False,False,2024-12-14|Atlanta Hawks|Milwaukee Bucks,,,,2024-12-14|Atlanta Hawks|Milwaukee Bucks,0.5830477541079477,"[{""p_home_win"": 0.16609550821589547, ""weight"": 0.25}, {""p_home_win"": 0.5830477541079477, ""weight"": 0.5}, {""p_home_win"": 1.0, ""weight"": 0.25}]",2.331273525818233,,toor,"{'home_advantage': 1.8751576244932444, 'home_coeff': 1.5490423816737748, 'away_coeff': -1.3399397191966576, 'error_term': 12.235760968886758, 'win_prob_k': 6.952853039544825}",1.0,8
2024-12-14,Oklahoma City Thunder,Houston Rockets,111,96,False,False,2024-12-14|Houston Rockets|Oklahoma City Thunder,,,,2024-12-14|Houston Rockets|Oklahoma City Thunder,0.7079607099319719,"[{""p_home_win"": 0.4159214198639438, ""weight"": 0.25}, {""p_home_win"": 0.7079607099319719, ""weight"": 0.5}, {""p_home_win"": 1.0, ""weight"": 0.25}]",6.156753100999434,,toor,"{'home_advantage': 1.8751576244932444, 'home_coeff': 1.5490423816737748, 'away_coeff': -1.3399397191966576, 'error_term': 12.235760968886758, 'win_prob_k': 6.952853039544825}",1.0,15
2024-12-15,Indiana Pacers,New Orleans Pelicans,119,104,False,False,2024-12-15|New Orleans Pelicans|Indiana Pacers,,,,2024-12-15|New Orleans Pelicans|Indiana Pacers,0.7542710400273368,"[{""p_home_win"": 0.5085420800546736, ""weight"": 0.25}, {""p_home_win"": 0.7542710400273368, ""weight"": 0.5}, {""p_home_win"": 1.0, ""weight"": 0.25}]",7.775272627317354,,toor,"{'home_advantage': 1.9096467996545556, 'home_coeff': 1.555932814555982, 'away_coeff': -1.3230852613927633, 'error_term': 12.194297899015032, 'win_prob_k': 6.932782627328271}",1.0,15
2024-12-15,Orlando Magic,New York Knicks,91,100,False,False,2024-12-15|New York Knicks|Orlando Magic,,,,2024-12-15|New York Knicks|Orlando Magic,0.6355689749718448,"[{""p_home_win"": 0.27113794994368967, ""weight"": 0.25}, {""p_home_win"": 0.6355689749718448, ""weight"": 0.5}, {""p_home_win"": 1.0, ""weight"": 0.25}]",3.8558980549419855,,toor,"{'home_advantage': 1.9096467996545556, 'home_coeff': 1.555932814555982, 'away_coeff': -1.3230852613927633, 'error_term': 12.194297899015032, 'win_prob_k': 6.932782627328271}",0.0,-9
2024-12-15,Washington Wizards,Boston Celtics,98,112,False,False,2024-12-15|Boston Celtics|Washington Wizards,,,,2024-12-15|Boston Celtics|Washington Wizards,0.09157881354301013,"[{""p_home_win"": 0.0, ""weight"": 0.25}, {""p_home_win"": 0.09157881354301013, ""weight"": 0.5}, {""p_home_win"": 0.18315762708602026, ""weight"": 0.25}]",-15.907326455903991,,toor,"{'home_advantage': 1.9096467996545556, 'home_coeff': 1.555932814555982, 'away_coeff': -1.3230852613927633, 'error_term': 12.194297899015032, 'win_prob_k': 6.932782627328271}",0.0,-14
2024-12-15,San Antonio Spurs,Minnesota Timberwolves,92,106,False,False,2024-12-15|Minnesota Timberwolves|San Antonio Spurs,,,,2024-12-15|Minnesota Timberwolves|San Antonio Spurs,0.5033070547685982,"[{""p_home_win"": 0.006614109537196322, ""weight"": 0.25}, {""p_home_win"": 0.5033070547685982, ""weight"": 0.5}, {""p_home_win"": 1.0, ""weight"": 0.25}]",0.09170970472956053,,toor,"{'home_advantage': 1.9096467996545556, 'home_coeff': 1.555932814555982, 'away_coeff': -1.3230852613927633, 'error_term': 12.194297899015032, 'win_prob_k': 6.932782627328271}",0.0,-14
2024-12-15,Phoenix Suns,Portland Trail Blazers,116,109,False,False,2024-12-15|Portland Trail Blazers|Phoenix Suns,,,,2024-12-15|Portland Trail Blazers|Phoenix Suns,0.7839038111301077,"[{""p_home_win"": 0.5678076222602153, ""weight"": 0.25}, {""p_home_win"": 0.7839038111301077, ""weight"": 0.5}, {""p_home_win"": 1.0, ""weight"": 0.25}]",8.933325069842695,,toor,"{'home_advantage': 1.9096467996545556, 'home_coeff': 1.555932814555982, 'away_coeff': -1.3230852613927633, 'error_term': 12.194297899015032, 'win_prob_k': 6.932782627328271}",1.0,7
2024-12-15,Golden State Warriors,Dallas Mavericks,133,143,False,False,2024-12-15|Dallas Mavericks|Golden State Warriors,,,,2024-12-15|Dallas Mavericks|Golden State Warriors,0.5603076825938247,"[{""p_home_win"": 0.12061536518764937, ""weight"": 0.25}, {""p_home_win"": 0.5603076825938247, ""weight"": 0.5}, {""p_home_win"": 1.0, ""weight"": 0.25}]",1.6805818153050627,,toor,"{'home_advantage': 1.9096467996545556, 'home_coeff': 1.555932814555982, 'away_coeff': -1.3230852613927633, 'error_term': 12.194297899015032, 'win_prob_k': 6.932782627328271}",0.0,-10
2024-12-15,Los Angeles Lakers,Memphis Grizzlies,116,110,False,False,2024-12-15|Memphis Grizzlies|Los Angeles Lakers,,,,2024-12-15|Memphis Grizzlies|Los Angeles Lakers,0.4196326310836172,"[{""p_home_win"": 0.0, ""weight"": 0.25}, {""p_home_win"": 0.4196326310836172, ""weight"": 0.5}, {""p_home_win"": 0.8392652621672344, ""weight"": 0.25}]",-2.2481742386732018,,toor,"{'home_advantage': 1.9096467996545556, 'home_coeff': 1.555932814555982, 'away_coeff': -1.3230852613927633, 'error_term': 12.194297899015032, 'win_prob_k': 6.932782627328271}",1.0,6
2024-12-16,Charlotte Hornets,Philadelphia 76ers,108,121,False,False,2024-12-16|Philadelphia 76ers|Charlotte Hornets,,,,2024-12-16|Philadelphia 76ers|Charlotte Hornets,0.5221359496013781,"[{""p_home_win"": 0.044271899202756204, ""weight"": 0.25}, {""p_home_win"": 0.5221359496013781, ""weight"": 0.5}, {""p_home_win"": 1.0, ""weight"": 0.25}]",0.6133150112757164,,toor,"{'home_advantage': 1.865354432613634, 'home_coeff': 1.521177277626773, 'away_coeff': -1.3085440376397184, 'error_term': 12.134147675901147, 'win_prob_k': 6.92215731997274}",0.0,-13
2024-12-16,Detroit Pistons,Miami Heat,125,124,False,False,2024-12-16|Miami Heat|Detroit Pistons,,,,2024-12-16|Miami Heat|Detroit Pistons,0.3880422673353094,"[{""p_home_win"": 0.0, ""weight"": 0.25}, {""p_home_win"": 0.3880422673353094, ""weight"": 0.5}, {""p_home_win"": 0.7760845346706188, ""weight"": 0.25}]",-3.1533814693084814,,toor,"{'home_advantage': 1.865354432613634, 'home_coeff': 1.521177277626773, 'away_coeff': -1.3085440376397184, 'error_term': 12.134147675901147, 'win_prob_k': 6.92215731997274}",1.0,1
2024-12-16,Brooklyn Nets,Cleveland Cavaliers,101,130,False,False,2024-12-16|Cleveland Cavaliers|Brooklyn Nets,,,,2024-12-16|Cleveland Cavaliers|Brooklyn Nets,0.19912689280825252,"[{""p_home_win"": 0.0, ""weight"": 0.25}, {""p_home_win"": 0.19912689280825252, ""weight"": 0.5}, {""p_home_win"": 0.39825378561650504, ""weight"": 0.25}]",-9.633983351775035,,toor,"{'home_advantage': 1.865354432613634, 'home_coeff': 1.521177277626773, 'away_coeff': -1.3085440376397184, 'error_term': 12.134147675901147, 'win_prob_k': 6.92215731997274}",0.0,-29
2024-12-16,Toronto Raptors,Chicago Bulls,121,122,False,False,2024-12-16|Chicago Bulls|Toronto Raptors,,,,2024-12-16|Chicago Bulls|Toronto Raptors,0.3640634276342751,"[{""p_home_win"": 0.0, ""weight"": 0.25}, {""p_home_win"": 0.3640634276342751, ""weight"": 0.5}, {""p_home_win"": 0.7281268552685503, ""weight"": 0.25}]",-3.860976708191755,,toor,"{'home_advantage': 1.865354432613634, 'home_coeff': 1.521177277626773, 'away_coeff': -1.3085440376397184, 'error_term': 12.134147675901147, 'win_prob_k': 6.92215731997274}",0.0,-1
2024-12-16,Sacramento Kings,Denver Nuggets,129,130,False,False,2024-12-16|Denver Nuggets|Sacramento Kings,,,,2024-12-16|Denver Nuggets|Sacramento Kings,0.41883384952697184,"[{""p_home_win"": 0.0, ""weight"": 0.25}, {""p_home_win"": 0.41883384952697184, ""weight"": 0.5}, {""p_home_win"": 0.8376676990539437, ""weight"": 0.25}]",-2.267438385123361,,toor,"{'home_advantage': 1.865354432613634, 'home_coeff': 1.521177277626773, 'away_coeff': -1.3085440376397184, 'error_term': 12.134147675901147, 'win_prob_k': 6.92215731997274}",0.0,-1
2024-12-16,Los Angeles Clippers,Utah Jazz,144,107,False,False,2024-12-16|Utah Jazz|Los Angeles Clippers,,,,2024-12-16|Utah Jazz|Los Angeles Clippers,0.8369070434710921,"[{""p_home_win"": 0.6738140869421843, ""weight"": 0.25}, {""p_home_win"": 0.8369070434710921, ""weight"": 0.5}, {""p_home_win"": 1.0, ""weight"": 0.25}]",11.320445420848618,,toor,"{'home_advantage': 1.865354432613634, 'home_coeff': 1.521177277626773, 'away_coeff': -1.3085440376397184, 'error_term': 12.134147675901147, 'win_prob_k': 6.92215731997274}",1.0,37
2024-12-17,Oklahoma City Thunder,Milwaukee Bucks,81,97,False,False,2024-12-17|Milwaukee Bucks|Oklahoma City Thunder,,,,2024-12-17|Milwaukee Bucks|Oklahoma City Thunder,0.8394032346694226,"[{""p_home_win"": 0.6788064693388451, ""weight"": 0.25}, {""p_home_win"": 0.8394032346694226, ""weight"": 0.5}, {""p_home_win"": 1.0, ""weight"": 0.25}]",11.408980207372391,,toor,"{'home_advantage': 1.8850078867374562, 'home_coeff': 1.4640489994620063, 'away_coeff': -1.3176270859497985, 'error_term': 12.215685132976816, 'win_prob_k': 6.89866842697573}",0.0,-16
2024-12-19,Detroit Pistons,Utah Jazz,119,126,False,False,2024-12-19|Utah Jazz|Detroit Pistons,,,,2024-12-19|Utah Jazz|Detroit Pistons,0.7484621769405047,"[{""p_home_win"": 0.4969243538810093, ""weight"": 0.25}, {""p_home_win"": 0.7484621769405047, ""weight"": 0.5}, {""p_home_win"": 1.0, ""weight"": 0.25}]",7.563925324682914,,toor,"{'home_advantage': 1.8138672847193924, 'home_coeff': 1.4298212068499905, 'away_coeff': -1.3216269844979172, 'error_term': 12.280254641959761, 'win_prob_k': 6.936661716332583}",0.0,-7
2024-12-19,Orlando Magic,Oklahoma City Thunder,99,105,False,False,2024-12-19|Oklahoma City Thunder|Orlando Magic,,,,2024-12-19|Oklahoma City Thunder|Orlando Magic,0.36084872357316006,"[{""p_home_win"": 0.0, ""weight"": 0.25}, {""p_home_win"": 0.36084872357316006, ""weight"": 0.5}, {""p_home_win"": 0.7216974471463201, ""weight"": 0.25}]",-3.965567025695636,,toor,"{'home_advantage': 1.8138672847193924, 'home_coeff': 1.4298212068499905, 'away_coeff': -1.3216269844979172, 'error_term': 12.280254641959761, 'win_prob_k': 6.936661716332583}",0.0,-6
2024-12-19,Washington Wizards,Charlotte Hornets,123,114,False,False,2024-12-19|Charlotte Hornets|Washington Wizards,,,,2024-12-19|Charlotte Hornets|Washington Wizards,0.4916013038211351,"[{""p_home_win"": 0.0, ""weight"": 0.25}, {""p_home_win"": 0.4916013038211351, ""weight"": 0.5}, {""p_home_win"": 0.9832026076422702, ""weight"": 0.25}]",-0.2330575779044981,,toor,"{'home_advantage': 1.8138672847193924, 'home_coeff': 1.4298212068499905, 'away_coeff': -1.3216269844979172, 'error_term': 12.280254641959761, 'win_prob_k': 6.936661716332583}",1.0,9
2024-12-19,Boston Celtics,Chicago Bulls,108,117,False,False,2024-12-19|Chicago Bulls|Boston Celtics,,,,2024-12-19|Chicago Bulls|Boston Celtics,0.8587234882605506,"[{""p_home_win"": 0.7174469765211011, ""weight"": 0.25}, {""p_home_win"": 0.8587234882605506, ""weight"": 0.5}, {""p_home_win"": 1.0, ""weight"": 0.25}]",12.518787101847494,,toor,"{'home_advantage': 1.8138672847193924, 'home_coeff': 1.4298212068499905, 'away_coeff': -1.3216269844979172, 'error_term': 12.280254641959761, 'win_prob_k': 6.936661716332583}",0.0,-9
2024-12-19,Toronto Raptors,Brooklyn Nets,94,101,False,False,2024-12-19|Brooklyn Nets|Toronto Raptors,,,,2024-12-19|Brooklyn Nets|Toronto Raptors,0.36421847016305503,"[{""p_home_win"": 0.0, ""weight"": 0.25}, {""p_home_win"": 0.36421847016305503, ""weight"": 0.5}, {""p_home_win"": 0.7284369403261101, ""weight"": 0.25}]",-3.864421993429136,,toor,"{'home_advantage': 1.8138672847193924, 'home_coeff': 1.4298212068499905, 'away_coeff': -1.3216269844979172, 'error_term': 12.280254641959761, 'win_prob_k': 6.936661716332583}",0.0,-7
2024-12-19,Houston Rockets,New Orleans Pelicans,133,113,False,False,2024-12-19|New Orleans Pelicans|Houston Rockets,,,,2024-12-19|New Orleans Pelicans|Houston Rockets,0.9382049460748647,"[{""p_home_win"": 0.8764098921497294, ""weight"": 0.25}, {""p_home_win"": 0.9382049460748647, ""weight"": 0.5}, {""p_home_win"": 1.0, ""weight"": 0.25}]",18.86872630916133,,toor,"{'home_advantage': 1.8138672847193924, 'home_coeff': 1.4298212068499905, 'away_coeff': -1.3216269844979172, 'error_term': 12.280254641959761, 'win_prob_k': 6.936661716332583}",1.0,20
2024-12-19,Memphis Grizzlies,Golden State Warriors,144,93,False,False,2024-12-19|Golden State Warriors|Memphis Grizzlies,,,,2024-12-19|Golden State Warriors|Memphis Grizzlies,0.6075642422151059,"[{""p_home_win"": 0.2151284844302117, ""weight"": 0.25}, {""p_home_win"": 0.6075642422151059, ""weight"": 0.5}, {""p_home_win"": 1.0, ""weight"": 0.25}]",3.0319112630608367,,toor,"{'home_advantage': 1.8138672847193924, 'home_coeff': 1.4298212068499905, 'away_coeff': -1.3216269844979172, 'error_term': 12.280254641959761, 'win_prob_k': 6.936661716332583}",1.0,51
2024-12-19,San Antonio Spurs,Atlanta Hawks,133,126,False,False,2024-12-19|Atlanta Hawks|San Antonio Spurs,,,,2024-12-19|Atlanta Hawks|San Antonio Spurs,0.509710112643406,"[{""p_home_win"": 0.019420225286812087, ""weight"": 0.25}, {""p_home_win"": 0.509710112643406, ""weight"": 0.5}, {""p_home_win"": 1.0, ""weight"": 0.25}]",0.26945694473999393,,toor,"{'home_advantage': 1.8138672847193924, 'home_coeff': 1.4298212068499905, 'away_coeff': -1.3216269844979172, 'error_term': 12.280254641959761, 'win_prob_k': 6.936661716332583}",1.0,7
2024-12-19,Dallas Mavericks,Los Angeles Clippers,95,118,False,False,2024-12-19|Los Angeles Clippers|Dallas Mavericks,,,,2024-12-19|Los Angeles Clippers|Dallas Mavericks,0.7042633211461817,"[{""p_home_win"": 0.40852664229236346, ""weight"": 0.25}, {""p_home_win"": 0.7042633211461817, ""weight"": 0.5}, {""p_home_win"": 1.0, ""weight"": 0.25}]",6.018822490846539,,toor,"{'home_advantage': 1.8138672847193924, 'home_coeff': 1.4298212068499905, 'away_coeff': -1.3216269844979172, 'error_term': 12.280254641959761, 'win_prob_k': 6.936661716332583}",0.0,-23
2024-12-19,Phoenix Suns,Indiana Pacers,111,120,False,False,2024-12-19|Indiana Pacers|Phoenix Suns,,,,2024-12-19|Indiana Pacers|Phoenix Suns,0.7169515662784157,"[{""p_home_win"": 0.43390313255683144, ""weight"": 0.25}, {""p_home_win"": 0.7169515662784157, ""weight"": 0.5}, {""p_home_win"": 1.0, ""weight"": 0.25}]",6.446865842368827,,toor,"{'home_advantage': 1.8138672847193924, 'home_coeff': 1.4298212068499905, 'away_coeff': -1.3216269844979172, 'error_term': 12.280254641959761, 'win_prob_k': 6.936661716332583}",0.0,-9
2024-12-19,Minnesota Timberwolves,New York Knicks,107,133,False,False,2024-12-19|New York Knicks|Minnesota Timberwolves,,,,2024-12-19|New York Knicks|Minnesota Timberwolves,0.5394670161867372,"[{""p_home_win"": 0.0789340323734744, ""weight"": 0.25}, {""p_home_win"": 0.5394670161867372, ""weight"": 0.5}, {""p_home_win"": 1.0, ""weight"": 0.25}]",1.0973602241001155,,toor,"{'home_advantage': 1.8138672847193924, 'home_coeff': 1.4298212068499905, 'away_coeff': -1.3216269844979172, 'error_term': 12.280254641959761, 'win_prob_k': 6.936661716332583}",0.0,-26
2024-12-19,Portland Trail Blazers,Denver Nuggets,126,124,False,False,2024-12-19|Denver Nuggets|Portland Trail Blazers,,,,2024-12-19|Denver Nuggets|Portland Trail Blazers,0.2557016940346701,"[{""p_home_win"": 0.0, ""weight"": 0.25}, {""p_home_win"": 0.2557016940346701, ""weight"": 0.5}, {""p_home_win"": 0.5114033880693402, ""weight"": 0.25}]",-7.4113402244354605,,toor,"{'home_advantage': 1.8138672847193924, 'home_coeff': 1.4298212068499905, 'away_coeff': -1.3216269844979172, 'error_term': 12.280254641959761, 'win_prob_k': 6.936661716332583}",1.0,2
2024-12-19,Sacramento Kings,Los Angeles Lakers,100,113,False,False,2024-12-19|Los Angeles Lakers|Sacramento Kings,,,,2024-12-19|Los Angeles Lakers|Sacramento Kings,0.45313283164072715,"[{""p_home_win"": 0.0, ""weight"": 0.25}, {""p_home_win"": 0.45313283164072715, ""weight"": 0.5}, {""p_home_win"": 0.9062656632814543, ""weight"": 0.25}]",-1.3042354866787582,,toor,"{'home_advantage': 1.8138672847193924, 'home_coeff': 1.4298212068499905, 'away_coeff': -1.3216269844979172, 'error_term': 12.280254641959761, 'win_prob_k': 6.936661716332583}",0.0,-13
2024-12-20,Philadelphia 76ers,Charlotte Hornets,108,98,False,False,2024-12-20|Charlotte Hornets|Philadelphia 76ers,,,,2024-12-20|Charlotte Hornets|Philadelphia 76ers,0.6143090424157676,"[{""p_home_win"": 0.22861808483153512, ""weight"": 0.25}, {""p_home_win"": 0.6143090424157676, ""weight"": 0.5}, {""p_home_win"": 1.0, ""weight"": 0.25}]",3.2675595707094445,,toor,"{'home_advantage': 1.678973822771139, 'home_coeff': 1.3361333386539131, 'away_coeff': -1.22345761020503, 'error_term': 12.644448721916543, 'win_prob_k': 7.020039501522586}",1.0,10
2024-12-20,Cleveland Cavaliers,Milwaukee Bucks,124,101,False,False,2024-12-20|Milwaukee Bucks|Cleveland Cavaliers,,,,2024-12-20|Milwaukee Bucks|Cleveland Cavaliers,0.7845201680456987,"[{""p_home_win"": 0.5690403360913974, ""weight"": 0.25}, {""p_home_win"": 0.7845201680456987, ""weight"": 0.5}, {""p_home_win"": 1.0, ""weight"": 0.25}]",9.071329877654438,,toor,"{'home_advantage': 1.678973822771139, 'home_coeff': 1.3361333386539131, 'away_coeff': -1.22345761020503, 'error_term': 12.644448721916543, 'win_prob_k': 7.020039501522586}",1.0,23
2024-12-20,Miami Heat,Oklahoma City Thunder,97,104,False,False,2024-12-20|Oklahoma City Thunder|Miami Heat,,,,2024-12-20|Oklahoma City Thunder|Miami Heat,0.24785583002064498,"[{""p_home_win"": 0.0, ""weight"": 0.25}, {""p_home_win"": 0.24785583002064498, ""weight"": 0.5}, {""p_home_win"": 0.49571166004128997, ""weight"": 0.25}]",-7.792810886224442,,toor,"{'home_advantage': 1.678973822771139, 'home_coeff': 1.3361333386539131, 'away_coeff': -1.22345761020503, 'error_term': 12.644448721916543, 'win_prob_k': 7.020039501522586}",0.0,-7
2024-12-21,Sacramento Kings,Los Angeles Lakers,99,103,False,False,2024-12-21|Los Angeles Lakers|Sacramento Kings,,,,2024-12-21|Los Angeles Lakers|Sacramento Kings,0.4039255581079656,"[{""p_home_win"": 0.0, ""weight"": 0.25}, {""p_home_win"": 0.4039255581079656, ""weight"": 0.5}, {""p_home_win"": 0.8078511162159312, ""weight"": 0.25}]",-2.7067647955196388,,toor,"{'home_advantage': 1.7334780497231308, 'home_coeff': 1.3248948099112523, 'away_coeff': -1.212086575280438, 'error_term': 12.631587403295816, 'win_prob_k': 6.955850935059752}",0.0,-4
2024-12-21,Orlando Magic,Miami Heat,121,114,False,False,2024-12-21|Miami Heat|Orlando Magic,,,,2024-12-21|Miami Heat|Orlando Magic,0.6754076165694768,"[{""p_home_win"": 0.3508152331389536, ""weight"": 0.25}, {""p_home_win"": 0.6754076165694768, ""weight"": 0.5}, {""p_home_win"": 1.0, ""weight"": 0.25}]",5.096873303456437,,toor,"{'home_advantage': 1.7334780497231308, 'home_coeff': 1.3248948099112523, 'away_coeff': -1.212086575280438, 'error_term': 12.631587403295816, 'win_prob_k': 6.955850935059752}",1.0,7
2024-12-21,Atlanta Hawks,Memphis Grizzlies,112,128,False,False,2024-12-21|Memphis Grizzlies|Atlanta Hawks,,,,2024-12-21|Memphis Grizzlies|Atlanta Hawks,0.3858362185958521,"[{""p_home_win"": 0.0, ""weight"": 0.25}, {""p_home_win"": 0.3858362185958521, ""weight"": 0.5}, {""p_home_win"": 0.7716724371917042, ""weight"": 0.25}]",-3.23341800210092,,toor,"{'home_advantage': 1.7334780497231308, 'home_coeff': 1.3248948099112523, 'away_coeff': -1.212086575280438, 'error_term': 12.631587403295816, 'win_prob_k': 6.955850935059752}",0.0,-16
2024-12-21,Brooklyn Nets,Utah Jazz,94,105,False,False,2024-12-21|Utah Jazz|Brooklyn Nets,,,,2024-12-21|Utah Jazz|Brooklyn Nets,0.7283094463295829,"[{""p_home_win"": 0.4566188926591659, ""weight"": 0.25}, {""p_home_win"": 0.7283094463295829, ""weight"": 0.5}, {""p_home_win"": 1.0, ""weight"": 0.25}]",6.858902185021907,,toor,"{'home_advantage': 1.7334780497231308, 'home_coeff': 1.3248948099112523, 'away_coeff': -1.212086575280438, 'error_term': 12.631587403295816, 'win_prob_k': 6.955850935059752}",0.0,-11
2024-12-21,Chicago Bulls,Boston Celtics,98,123,False,False,2024-12-21|Boston Celtics|Chicago Bulls,,,,2024-12-21|Boston Celtics|Chicago Bulls,0.2887033791768339,"[{""p_home_win"": 0.0, ""weight"": 0.25}, {""p_home_win"": 0.2887033791768339, ""weight"": 0.5}, {""p_home_win"": 0.5774067583536678, ""weight"": 0.25}]",-6.272019418459543,,toor,"{'home_advantage': 1.7334780497231308, 'home_coeff': 1.3248948099112523, 'away_coeff': -1.212086575280438, 'error_term': 12.631587403295816, 'win_prob_k': 6.955850935059752}",0.0,-25
2024-12-21,Cleveland Cavaliers,Philadelphia 76ers,126,99,False,False,2024-12-21|Philadelphia 76ers|Cleveland Cavaliers,,,,2024-12-21|Philadelphia 76ers|Cleveland Cavaliers,0.9230732317476008,"[{""p_home_win"": 0.8461464634952016, ""weight"": 0.25}, {""p_home_win"": 0.9230732317476008, ""weight"": 0.5}, {""p_home_win"": 1.0, ""weight"": 0.25}]",17.284278643011124,,toor,"{'home_advantage': 1.7334780497231308, 'home_coeff': 1.3248948099112523, 'away_coeff': -1.212086575280438, 'error_term': 12.631587403295816, 'win_prob_k': 6.955850935059752}",1.0,27
2024-12-21,Milwaukee Bucks,Washington Wizards,112,101,False,False,2024-12-21|Washington Wizards|Milwaukee Bucks,,,,2024-12-21|Washington Wizards|Milwaukee Bucks,0.8578258434037603,"[{""p_home_win"": 0.7156516868075207, ""weight"": 0.25}, {""p_home_win"": 0.8578258434037603, ""weight"": 0.5}, {""p_home_win"": 1.0, ""weight"": 0.25}]",12.502087118520775,,toor,"{'home_advantage': 1.7334780497231308, 'home_coeff': 1.3248948099112523, 'away_coeff': -1.212086575280438, 'error_term': 12.631587403295816, 'win_prob_k': 6.955850935059752}",1.0,11
2024-12-21,Minnesota Timberwolves,Golden State Warriors,103,113,False,False,2024-12-21|Golden State Warriors|Minnesota Timberwolves,,,,2024-12-21|Golden State Warriors|Minnesota Timberwolves,0.5072666005195285,"[{""p_home_win"": 0.014533201039057086, ""weight"": 0.25}, {""p_home_win"": 0.5072666005195285, ""weight"": 0.5}, {""p_home_win"": 1.0, ""weight"": 0.25}]",0.20219579639885188,,toor,"{'home_advantage': 1.7334780497231308, 'home_coeff': 1.3248948099112523, 'away_coeff': -1.212086575280438, 'error_term': 12.631587403295816, 'win_prob_k': 6.955850935059752}",0.0,-10
2024-12-21,New Orleans Pelicans,New York Knicks,93,104,False,False,2024-12-21|New York Knicks|New Orleans Pelicans,,,,2024-12-21|New York Knicks|New Orleans Pelicans,0.14843283727767398,"[{""p_home_win"": 0.0, ""weight"": 0.25}, {""p_home_win"": 0.14843283727767398, ""weight"": 0.5}, {""p_home_win"": 0.29686567455534796, ""weight"": 0.25}]",-12.151494514212862,,toor,"{'home_advantage': 1.7334780497231308, 'home_coeff': 1.3248948099112523, 'away_coeff': -1.212086575280438, 'error_term': 12.631587403295816, 'win_prob_k': 6.955850935059752}",0.0,-11
2024-12-21,Dallas Mavericks,Los Angeles Clippers,113,97,False,False,2024-12-21|Los Angeles Clippers|Dallas Mavericks,,,,2024-12-21|Los Angeles Clippers|Dallas Mavericks,0.6704657823157789,"[{""p_home_win"": 0.3409315646315578, ""weight"": 0.25}, {""p_home_win"": 0.6704657823157789, ""weight"": 0.5}, {""p_home_win"": 1.0, ""weight"": 0.25}]",4.940688558907894,,toor,"{'home_advantage': 1.7334780497231308, 'home_coeff': 1.3248948099112523, 'away_coeff': -1.212086575280438, 'error_term': 12.631587403295816, 'win_prob_k': 6.955850935059752}",1.0,16
2024-12-21,San Antonio Spurs,Portland Trail Blazers,114,94,False,False,2024-12-21|Portland Trail Blazers|San Antonio Spurs,,,,2024-12-21|Portland Trail Blazers|San Antonio Spurs,0.7205286023920825,"[{""p_home_win"": 0.441057204784165, ""weight"": 0.25}, {""p_home_win"": 0.7205286023920825, ""weight"": 0.5}, {""p_home_win"": 1.0, ""weight"": 0.25}]",6.5877831916585645,,toor,"{'home_advantage': 1.7334780497231308, 'home_coeff': 1.3248948099112523, 'away_coeff': -1.212086575280438, 'error_term': 12.631587403295816, 'win_prob_k': 6.955850935059752}",1.0,20
2024-12-21,Phoenix Suns,Detroit Pistons,125,133,False,False,2024-12-21|Detroit Pistons|Phoenix Suns,,,,2024-12-21|Detroit Pistons|Phoenix Suns,0.7135990859407527,"[{""p_home_win"": 0.42719817188150544, ""weight"": 0.25}, {""p_home_win"": 0.7135990859407527, ""weight"": 0.5}, {""p_home_win"": 1.0, ""weight"": 0.25}]",6.3501957687611315,,toor,"{'home_advantage': 1.7334780497231308, 'home_coeff': 1.3248948099112523, 'away_coeff': -1.212086575280438, 'error_term': 12.631587403295816, 'win_prob_k': 6.955850935059752}",0.0,-8
2024-12-22,Sacramento Kings,Indiana Pacers,95,122,False,False,2024-12-22|Indiana Pacers|Sacramento Kings,,,,2024-12-22|Indiana Pacers|Sacramento Kings,0.5063686120468784,"[{""p_home_win"": 0.012737224093756883, ""weight"": 0.25}, {""p_home_win"": 0.5063686120468784, ""weight"": 0.5}, {""p_home_win"": 1.0, ""weight"": 0.25}]",0.17680901705756247,,toor,"{'home_advantage': 1.6653231397274, 'home_coeff': 1.2892653194697685, 'away_coeff': -1.1683101288870925, 'error_term': 12.613272041065835, 'win_prob_k': 6.940266328630287}",0.0,-27
2024-12-22,Toronto Raptors,Houston Rockets,110,114,False,False,2024-12-22|Houston Rockets|Toronto Raptors,,,,2024-12-22|Houston Rockets|Toronto Raptors,0.11543463866855998,"[{""p_home_win"": 0.0, ""weight"": 0.25}, {""p_home_win"": 0.11543463866855998, ""weight"": 0.5}, {""p_home_win"": 0.23086927733711995, ""weight"": 0.25}]",-14.133102388255688,,toor,"{'home_advantage': 1.6653231397274, 'home_coeff': 1.2892653194697685, 'away_coeff': -1.1683101288870925, 'error_term': 12.613272041065835, 'win_prob_k': 6.940266328630287}",0.0,-4
2024-12-22,New Orleans Pelicans,Denver Nuggets,129,132,False,False,2024-12-22|Denver Nuggets|New Orleans Pelicans,,,,2024-12-22|Denver Nuggets|New Orleans Pelicans,0.1708115004456097,"[{""p_home_win"": 0.0, ""weight"": 0.25}, {""p_home_win"": 0.1708115004456097, ""weight"": 0.5}, {""p_home_win"": 0.3416230008912194, ""weight"": 0.25}]",-10.964835849779845,,toor,"{'home_advantage': 1.6653231397274, 'home_coeff': 1.2892653194697685, 'away_coeff': -1.1683101288870925, 'error_term': 12.613272041065835, 'win_prob_k': 6.940266328630287}",0.0,-3
2024-12-23,Charlotte Hornets,Houston Rockets,101,114,False,False,2024-12-23|Houston Rockets|Charlotte Hornets,,,,2024-12-23|Houston Rockets|Charlotte Hornets,0.11516454054835763,"[{""p_home_win"": 0.0, ""weight"": 0.25}, {""p_home_win"": 0.11516454054835763, ""weight"": 0.5}, {""p_home_win"": 0.23032908109671527, ""weight"": 0.25}]",-13.932555331993996,,toor,"{'home_advantage': 1.6594603854266443, 'home_coeff': 1.2729413931609224, 'away_coeff': -1.1426638894092382, 'error_term': 12.668762281596948, 'win_prob_k': 6.832900094819015}",0.0,-13
2024-12-23,Cleveland Cavaliers,Utah Jazz,124,113,False,False,2024-12-23|Utah Jazz|Cleveland Cavaliers,,,,2024-12-23|Utah Jazz|Cleveland Cavaliers,0.9368669624276827,"[{""p_home_win"": 0.8737339248553655, ""weight"": 0.25}, {""p_home_win"": 0.9368669624276827, ""weight"": 0.5}, {""p_home_win"": 1.0, ""weight"": 0.25}]",18.430361489552084,,toor,"{'home_advantage': 1.6594603854266443, 'home_coeff': 1.2729413931609224, 'away_coeff': -1.1426638894092382, 'error_term': 12.668762281596948, 'win_prob_k': 6.832900094819015}",1.0,11
2024-12-23,Orlando Magic,Boston Celtics,108,104,False,False,2024-12-23|Boston Celtics|Orlando Magic,,,,2024-12-23|Boston Celtics|Orlando Magic,0.43068307877518786,"[{""p_home_win"": 0.0, ""weight"": 0.25}, {""p_home_win"": 0.43068307877518786, ""weight"": 0.5}, {""p_home_win"": 0.8613661575503757, ""weight"": 0.25}]",-1.9068215896494465,,toor,"{'home_advantage': 1.6594603854266443, 'home_coeff': 1.2729413931609224, 'away_coeff': -1.1426638894092382, 'error_term': 12.668762281596948, 'win_prob_k': 6.832900094819015}",1.0,4
2024-12-23,Philadelphia 76ers,San Antonio Spurs,111,106,False,False,2024-12-23|San Antonio Spurs|Philadelphia 76ers,,,,2024-12-23|San Antonio Spurs|Philadelphia 76ers,0.3486450758398739,"[{""p_home_win"": 0.0, ""weight"": 0.25}, {""p_home_win"": 0.3486450758398739, ""weight"": 0.5}, {""p_home_win"": 0.6972901516797478, ""weight"": 0.25}]",-4.270564349362783,,toor,"{'home_advantage': 1.6594603854266443, 'home_coeff': 1.2729413931609224, 'away_coeff': -1.1426638894092382, 'error_term': 12.668762281596948, 'win_prob_k': 6.832900094819015}",1.0,5
2024-12-23,Atlanta Hawks,Minnesota Timberwolves,117,104,False,False,2024-12-23|Minnesota Timberwolves|Atlanta Hawks,,,,2024-12-23|Minnesota Timberwolves|Atlanta Hawks,0.5368480002996497,"[{""p_home_win"": 0.07369600059929948, ""weight"": 0.25}, {""p_home_win"": 0.5368480002996497, ""weight"": 0.5}, {""p_home_win"": 1.0, ""weight"": 0.25}]",1.008944030722423,,toor,"{'home_advantage': 1.6594603854266443, 'home_coeff': 1.2729413931609224, 'away_coeff': -1.1426638894092382, 'error_term': 12.668762281596948, 'win_prob_k': 6.832900094819015}",1.0,13
2024-12-23,Miami Heat,Brooklyn Nets,110,95,False,False,2024-12-23|Brooklyn Nets|Miami Heat,,,,2024-12-23|Brooklyn Nets|Miami Heat,0.6247558939773822,"[{""p_home_win"": 0.24951178795476436, ""weight"": 0.25}, {""p_home_win"": 0.6247558939773822, ""weight"": 0.5}, {""p_home_win"": 1.0, ""weight"": 0.25}]",3.483304783333929,,toor,"{'home_advantage': 1.6594603854266443, 'home_coeff': 1.2729413931609224, 'away_coeff': -1.1426638894092382, 'error_term': 12.668762281596948, 'win_prob_k': 6.832900094819015}",1.0,15
2024-12-23,New York Knicks,Toronto Raptors,139,125,False,False,2024-12-23|Toronto Raptors|New York Knicks,,,,2024-12-23|Toronto Raptors|New York Knicks,0.8810579734052884,"[{""p_home_win"": 0.7621159468105767, ""weight"": 0.25}, {""p_home_win"": 0.8810579734052884, ""weight"": 0.5}, {""p_home_win"": 1.0, ""weight"": 0.25}]",13.682795149108403,,toor,"{'home_advantage': 1.6594603854266443, 'home_coeff': 1.2729413931609224, 'away_coeff': -1.1426638894092382, 'error_term': 12.668762281596948, 'win_prob_k': 6.832900094819015}",1.0,14
2024-12-23,Chicago Bulls,Milwaukee Bucks,91,112,False,False,2024-12-23|Milwaukee Bucks|Chicago Bulls,,,,2024-12-23|Milwaukee Bucks|Chicago Bulls,0.4402549493000143,"[{""p_home_win"": 0.0, ""weight"": 0.25}, {""p_home_win"": 0.4402549493000143, ""weight"": 0.5}, {""p_home_win"": 0.8805098986000286, ""weight"": 0.25}]",-1.640766699051753,,toor,"{'home_advantage': 1.6594603854266443, 'home_coeff': 1.2729413931609224, 'away_coeff': -1.1426638894092382, 'error_term': 12.668762281596948, 'win_prob_k': 6.832900094819015}",0.0,-21
2024-12-23,Memphis Grizzlies,Los Angeles Clippers,110,114,False,False,2024-12-23|Los Angeles Clippers|Memphis Grizzlies,,,,2024-12-23|Los Angeles Clippers|Memphis Grizzlies,0.6919260739461329,"[{""p_home_win"": 0.38385214789226585, ""weight"": 0.25}, {""p_home_win"": 0.6919260739461329, ""weight"": 0.5}, {""p_home_win"": 1.0, ""weight"": 0.25}]",5.52876831758903,,toor,"{'home_advantage': 1.6594603854266443, 'home_coeff': 1.2729413931609224, 'away_coeff': -1.1426638894092382, 'error_term': 12.668762281596948, 'win_prob_k': 6.832900094819015}",0.0,-4
2024-12-23,Oklahoma City Thunder,Washington Wizards,123,105,False,False,2024-12-23|Washington Wizards|Oklahoma City Thunder,,,,2024-12-23|Washington Wizards|Oklahoma City Thunder,0.9517527225878718,"[{""p_home_win"": 0.9035054451757436, ""weight"": 0.25}, {""p_home_win"": 0.9517527225878718, ""weight"": 0.5}, {""p_home_win"": 1.0, ""weight"": 0.25}]",20.37547478273511,,toor,"{'home_advantage': 1.6594603854266443, 'home_coeff': 1.2729413931609224, 'away_coeff': -1.1426638894092382, 'error_term': 12.668762281596948, 'win_prob_k': 6.832900094819015}",1.0,18
2024-12-23,Dallas Mavericks,Portland Trail Blazers,132,108,False,False,2024-12-23|Portland Trail Blazers|Dallas Mavericks,,,,2024-12-23|Portland Trail Blazers|Dallas Mavericks,0.8654484820551607,"[{""p_home_win"": 0.7308969641103213, ""weight"": 0.25}, {""p_home_win"": 0.8654484820551607, ""weight"": 0.5}, {""p_home_win"": 1.0, ""weight"": 0.25}]",12.718081662439499,,toor,"{'home_advantage': 1.6594603854266443, 'home_coeff': 1.2729413931609224, 'away_coeff': -1.1426638894092382, 'error_term': 12.668762281596948, 'win_prob_k': 6.832900094819015}",1.0,24
2024-12-23,Denver Nuggets,Phoenix Suns,117,90,False,False,2024-12-23|Phoenix Suns|Denver Nuggets,,,,2024-12-23|Phoenix Suns|Denver Nuggets,0.6297277167017923,"[{""p_home_win"": 0.25945543340358457, ""weight"": 0.25}, {""p_home_win"": 0.6297277167017923, ""weight"": 0.5}, {""p_home_win"": 1.0, ""weight"": 0.25}]",3.628604041231675,,toor,"{'home_advantage': 1.6594603854266443, 'home_coeff': 1.2729413931609224, 'away_coeff': -1.1426638894092382, 'error_term': 12.668762281596948, 'win_prob_k': 6.832900094819015}",1.0,27
2024-12-23,Golden State Warriors,Indiana Pacers,105,111,False,False,2024-12-23|Indiana Pacers|Golden State Warriors,,,,2024-12-23|Indiana Pacers|Golden State Warriors,0.7257945267346161,"[{""p_home_win"": 0.45158905346923217, ""weight"": 0.25}, {""p_home_win"": 0.7257945267346161, ""weight"": 0.5}, {""p_home_win"": 1.0, ""weight"": 0.25}]",6.651071334357507,,toor,"{'home_advantage': 1.6594603854266443, 'home_coeff': 1.2729413931609224, 'away_coeff': -1.1426638894092382, 'error_term': 12.668762281596948, 'win_prob_k': 6.832900094819015}",0.0,-6
2024-12-23,Los Angeles Lakers,Detroit Pistons,114,117,False,False,2024-12-23|Detroit Pistons|Los Angeles Lakers,,,,2024-12-23|Detroit Pistons|Los Angeles Lakers,0.7065642206289622,"[{""p_home_win"": 0.41312844125792436, ""weight"": 0.25}, {""p_home_win"": 0.7065642206289622, ""weight"": 0.5}, {""p_home_win"": 1.0, ""weight"": 0.25}]",6.004447117984933,,toor,"{'home_advantage': 1.6594603854266443, 'home_coeff': 1.2729413931609224, 'away_coeff': -1.1426638894092382, 'error_term': 12.668762281596948, 'win_prob_k': 6.832900094819015}",0.0,-3
2024-12-25,New York Knicks,San Antonio Spurs,117,114,False,False,2024-12-25|San Antonio Spurs|New York Knicks,,,,2024-12-25|San Antonio Spurs|New York Knicks,0.7030951229588869,"[{""p_home_win"": 0.40619024591777375, ""weight"": 0.25}, {""p_home_win"": 0.7030951229588869, ""weight"": 0.5}, {""p_home_win"": 1.0, ""weight"": 0.25}]",5.90349964778105,,toor,"{'home_advantage': 1.7064571085434104, 'home_coeff': 1.2228411707370912, 'away_coeff': -1.100413805937439, 'error_term': 12.618051977895925, 'win_prob_k': 6.84796888294464}",1.0,3
2024-12-25,Dallas Mavericks,Minnesota Timberwolves,99,105,False,False,2024-12-25|Minnesota Timberwolves|Dallas Mavericks,,,,2024-12-25|Minnesota Timberwolves|Dallas Mavericks,0.7809364406940367,"[{""p_home_win"": 0.5618728813880733, ""weight"": 0.25}, {""p_home_win"": 0.7809364406940367, ""weight"": 0.5}, {""p_home_win"": 1.0, ""weight"": 0.25}]",8.704671366721783,,toor,"{'home_advantage': 1.7064571085434104, 'home_coeff': 1.2228411707370912, 'away_coeff': -1.100413805937439, 'error_term': 12.618051977895925, 'win_prob_k': 6.84796888294464}",0.0,-6
2024-12-25,Boston Celtics,Philadelphia 76ers,114,118,False,False,2024-12-25|Philadelphia 76ers|Boston Celtics,,,,2024-12-25|Philadelphia 76ers|Boston Celtics,0.8899114934134407,"[{""p_home_win"": 0.7798229868268813, ""weight"": 0.25}, {""p_home_win"": 0.8899114934134407, ""weight"": 0.5}, {""p_home_win"": 1.0, ""weight"": 0.25}]",14.311141243023531,,toor,"{'home_advantage': 1.7064571085434104, 'home_coeff': 1.2228411707370912, 'away_coeff': -1.100413805937439, 'error_term': 12.618051977895925, 'win_prob_k': 6.84796888294464}",0.0,-4
2024-12-25,Golden State Warriors,Los Angeles Lakers,113,115,False,False,2024-12-25|Los Angeles Lakers|Golden State Warriors,,,,2024-12-25|Los Angeles Lakers|Golden State Warriors,0.6066971767903339,"[{""p_home_win"": 0.21339435358066772, ""weight"": 0.25}, {""p_home_win"": 0.6066971767903339, ""weight"": 0.5}, {""p_home_win"": 1.0, ""weight"": 0.25}]",2.9682515910365934,,toor,"{'home_advantage': 1.7064571085434104, 'home_coeff': 1.2228411707370912, 'away_coeff': -1.100413805937439, 'error_term': 12.618051977895925, 'win_prob_k': 6.84796888294464}",0.0,-2
2024-12-25,Phoenix Suns,Denver Nuggets,110,100,False,False,2024-12-25|Denver Nuggets|Phoenix Suns,,,,2024-12-25|Denver Nuggets|Phoenix Suns,0.4569854324731505,"[{""p_home_win"": 0.0, ""weight"": 0.25}, {""p_home_win"": 0.4569854324731505, ""weight"": 0.5}, {""p_home_win"": 0.913970864946301, ""weight"": 0.25}]",-1.1811694028038664,,toor,"{'home_advantage': 1.7064571085434104, 'home_coeff': 1.2228411707370912, 'away_coeff': -1.100413805937439, 'error_term': 12.618051977895925, 'win_prob_k': 6.84796888294464}",1.0,10
2024-12-26,Indiana Pacers,Oklahoma City Thunder,114,120,False,False,2024-12-26|Oklahoma City Thunder|Indiana Pacers,,,,2024-12-26|Oklahoma City Thunder|Indiana Pacers,0.20142101503573284,"[{""p_home_win"": 0.0, ""weight"": 0.25}, {""p_home_win"": 0.20142101503573284, ""weight"": 0.5}, {""p_home_win"": 0.4028420300714657, ""weight"": 0.25}]",-9.563834056290375,,toor,"{'home_advantage': 1.6437941635147542, 'home_coeff': 1.2062142339779092, 'away_coeff': -1.0661789681107, 'error_term': 12.601301218760474, 'win_prob_k': 6.943212003508728}",0.0,-6
2024-12-26,Orlando Magic,Miami Heat,88,89,False,False,2024-12-26|Miami Heat|Orlando Magic,,,,2024-12-26|Miami Heat|Orlando Magic,0.7153112010107563,"[{""p_home_win"": 0.4306224020215126, ""weight"": 0.25}, {""p_home_win"": 0.7153112010107563, ""weight"": 0.5}, {""p_home_win"": 1.0, ""weight"": 0.25}]",6.396927330860878,,toor,"{'home_advantage': 1.6437941635147542, 'home_coeff': 1.2062142339779092, 'away_coeff': -1.0661789681107, 'error_term': 12.601301218760474, 'win_prob_k': 6.943212003508728}",0.0,-1
2024-12-26,Washington Wizards,Charlotte Hornets,113,110,False,False,2024-12-26|Charlotte Hornets|Washington Wizards,,,,2024-12-26|Charlotte Hornets|Washington Wizards,0.5238377533207732,"[{""p_home_win"": 0.047675506641546406, ""weight"": 0.25}, {""p_home_win"": 0.5238377533207732, ""weight"": 0.5}, {""p_home_win"": 1.0, ""weight"": 0.25}]",0.662544582367512,,toor,"{'home_advantage': 1.6437941635147542, 'home_coeff': 1.2062142339779092, 'away_coeff': -1.0661789681107, 'error_term': 12.601301218760474, 'win_prob_k': 6.943212003508728}",1.0,3
2024-12-26,Atlanta Hawks,Chicago Bulls,141,133,False,False,2024-12-26|Chicago Bulls|Atlanta Hawks,,,,2024-12-26|Chicago Bulls|Atlanta Hawks,0.5801232053452137,"[{""p_home_win"": 0.16024641069042733, ""weight"": 0.25}, {""p_home_win"": 0.5801232053452137, ""weight"": 0.5}, {""p_home_win"": 1.0, ""weight"": 0.25}]",2.2445958956128913,,toor,"{'home_advantage': 1.6437941635147542, 'home_coeff': 1.2062142339779092, 'away_coeff': -1.0661789681107, 'error_term': 12.601301218760474, 'win_prob_k': 6.943212003508728}",1.0,8
2024-12-26,Memphis Grizzlies,Toronto Raptors,155,126,False,False,2024-12-26|Toronto Raptors|Memphis Grizzlies,,,,2024-12-26|Toronto Raptors|Memphis Grizzlies,0.8889675763834867,"[{""p_home_win"": 0.7779351527669733, ""weight"": 0.25}, {""p_home_win"": 0.8889675763834867, ""weight"": 0.5}, {""p_home_win"": 1.0, ""weight"": 0.25}]",14.44353692008282,,toor,"{'home_advantage': 1.6437941635147542, 'home_coeff': 1.2062142339779092, 'away_coeff': -1.0661789681107, 'error_term': 12.601301218760474, 'win_prob_k': 6.943212003508728}",1.0,29
2024-12-26,Milwaukee Bucks,Brooklyn Nets,105,111,False,False,2024-12-26|Brooklyn Nets|Milwaukee Bucks,,,,2024-12-26|Brooklyn Nets|Milwaukee Bucks,0.762493675973325,"[{""p_home_win"": 0.5249873519466499, ""weight"": 0.25}, {""p_home_win"": 0.762493675973325, ""weight"": 0.5}, {""p_home_win"": 1.0, ""weight"": 0.25}]",8.098562231220022,,toor,"{'home_advantage': 1.6437941635147542, 'home_coeff': 1.2062142339779092, 'away_coeff': -1.0661789681107, 'error_term': 12.601301218760474, 'win_prob_k': 6.943212003508728}",0.0,-6
2024-12-26,New Orleans Pelicans,Houston Rockets,111,128,False,False,2024-12-26|Houston Rockets|New Orleans Pelicans,,,,2024-12-26|Houston Rockets|New Orleans Pelicans,0.09875645508437135,"[{""p_home_win"": 0.0, ""weight"": 0.25}, {""p_home_win"": 0.09875645508437135, ""weight"": 0.5}, {""p_home_win"": 0.1975129101687427, ""weight"": 0.25}]",-15.352266292129457,,toor,"{'home_advantage': 1.6437941635147542, 'home_coeff': 1.2062142339779092, 'away_coeff': -1.0661789681107, 'error_term': 12.601301218760474, 'win_prob_k': 6.943212003508728}",0.0,-17
2024-12-26,Portland Trail Blazers,Utah Jazz,122,120,False,False,2024-12-26|Utah Jazz|Portland Trail Blazers,,,,2024-12-26|Utah Jazz|Portland Trail Blazers,0.5820672315274499,"[{""p_home_win"": 0.16413446305489976, ""weight"": 0.25}, {""p_home_win"": 0.5820672315274499, ""weight"": 0.5}, {""p_home_win"": 1.0, ""weight"": 0.25}]",2.30004576647361,,toor,"{'home_advantage': 1.6437941635147542, 'home_coeff': 1.2062142339779092, 'away_coeff': -1.0661789681107, 'error_term': 12.601301218760474, 'win_prob_k': 6.943212003508728}",1.0,2
2024-12-26,Sacramento Kings,Detroit Pistons,113,114,False,False,2024-12-26|Detroit Pistons|Sacramento Kings,,,,2024-12-26|Detroit Pistons|Sacramento Kings,0.4533585102063743,"[{""p_home_win"": 0.0, ""weight"": 0.25}, {""p_home_win"": 0.4533585102063743, ""weight"": 0.5}, {""p_home_win"": 0.9067170204127486, ""weight"": 0.25}]",-1.2991440514699593,,toor,"{'home_advantage': 1.6437941635147542, 'home_coeff': 1.2062142339779092, 'away_coeff': -1.0661789681107, 'error_term': 12.601301218760474, 'win_prob_k': 6.943212003508728}",0.0,-1
2024-12-27,Orlando Magic,New York Knicks,85,108,False,False,2024-12-27|New York Knicks|Orlando Magic,,,,2024-12-27|New York Knicks|Orlando Magic,0.5684417754131681,"[{""p_home_win"": 0.1368835508263362, ""weight"": 0.25}, {""p_home_win"": 0.5684417754131681, ""weight"": 0.5}, {""p_home_win"": 1.0, ""weight"": 0.25}]",1.916364804198654,,toor,"{'home_advantage': 1.6609461762679836, 'home_coeff': 1.176897654550758, 'away_coeff': -1.058871007751564, 'error_term': 12.545175830309587, 'win_prob_k': 6.956041652367279}",0.0,-23
2024-12-27,Boston Celtics,Indiana Pacers,142,105,False,False,2024-12-27|Indiana Pacers|Boston Celtics,,,,2024-12-27|Indiana Pacers|Boston Celtics,0.8191566952088335,"[{""p_home_win"": 0.638313390417667, ""weight"": 0.25}, {""p_home_win"": 0.8191566952088335, ""weight"": 0.5}, {""p_home_win"": 1.0, ""weight"": 0.25}]",10.50810574161496,,toor,"{'home_advantage': 1.6609461762679836, 'home_coeff': 1.176897654550758, 'away_coeff': -1.058871007751564, 'error_term': 12.545175830309587, 'win_prob_k': 6.956041652367279}",1.0,37
2024-12-27,Brooklyn Nets,San Antonio Spurs,87,96,False,False,2024-12-27|San Antonio Spurs|Brooklyn Nets,,,,2024-12-27|San Antonio Spurs|Brooklyn Nets,0.48937911779734705,"[{""p_home_win"": 0.0, ""weight"": 0.25}, {""p_home_win"": 0.48937911779734705, ""weight"": 0.5}, {""p_home_win"": 0.9787582355946941, ""weight"": 0.25}]",-0.29556165500609044,,toor,"{'home_advantage': 1.6609461762679836, 'home_coeff': 1.176897654550758, 'away_coeff': -1.058871007751564, 'error_term': 12.545175830309587, 'win_prob_k': 6.956041652367279}",0.0,-9
2024-12-27,Houston Rockets,Minnesota Timberwolves,112,113,False,False,2024-12-27|Minnesota Timberwolves|Houston Rockets,,,,2024-12-27|Minnesota Timberwolves|Houston Rockets,0.7908519249171103,"[{""p_home_win"": 0.5817038498342206, ""weight"": 0.25}, {""p_home_win"": 0.7908519249171103, ""weight"": 0.5}, {""p_home_win"": 1.0, ""weight"": 0.25}]",9.252010189715039,,toor,"{'home_advantage': 1.6609461762679836, 'home_coeff': 1.176897654550758, 'away_coeff': -1.058871007751564, 'error_term': 12.545175830309587, 'win_prob_k': 6.956041652367279}",0.0,-1
2024-12-27,New Orleans Pelicans,Memphis Grizzlies,124,132,False,False,2024-12-27|Memphis Grizzlies|New Orleans Pelicans,,,,2024-12-27|Memphis Grizzlies|New Orleans Pelicans,0.1286072279480592,"[{""p_home_win"": 0.0, ""weight"": 0.25}, {""p_home_win"": 0.1286072279480592, ""weight"": 0.5}, {""p_home_win"": 0.2572144558961184, ""weight"": 0.25}]",-13.309201810661209,,toor,"{'home_advantage': 1.6609461762679836, 'home_coeff': 1.176897654550758, 'away_coeff': -1.058871007751564, 'error_term': 12.545175830309587, 'win_prob_k': 6.956041652367279}",0.0,-8
2024-12-27,Denver Nuggets,Cleveland Cavaliers,135,149,False,False,2024-12-27|Cleveland Cavaliers|Denver Nuggets,,,,2024-12-27|Cleveland Cavaliers|Denver Nuggets,0.3199160707257309,"[{""p_home_win"": 0.0, ""weight"": 0.25}, {""p_home_win"": 0.3199160707257309, ""weight"": 0.5}, {""p_home_win"": 0.6398321414514618, ""weight"": 0.25}]",-5.245951215797189,,toor,"{'home_advantage': 1.6609461762679836, 'home_coeff': 1.176897654550758, 'away_coeff': -1.058871007751564, 'error_term': 12.545175830309587, 'win_prob_k': 6.956041652367279}",0.0,-14
2024-12-27,Phoenix Suns,Dallas Mavericks,89,98,False,False,2024-12-27|Dallas Mavericks|Phoenix Suns,,,,2024-12-27|Dallas Mavericks|Phoenix Suns,0.42352192160331625,"[{""p_home_win"": 0.0, ""weight"": 0.25}, {""p_home_win"": 0.42352192160331625, ""weight"": 0.5}, {""p_home_win"": 0.8470438432066325, ""weight"": 0.25}]",-2.1447704988568734,,toor,"{'home_advantage': 1.6609461762679836, 'home_coeff': 1.176897654550758, 'away_coeff': -1.058871007751564, 'error_term': 12.545175830309587, 'win_prob_k': 6.956041652367279}",0.0,-9
2024-12-27,Los Angeles Clippers,Golden State Warriors,102,92,False,False,2024-12-27|Golden State Warriors|Los Angeles Clippers,,,,2024-12-27|Golden State Warriors|Los Angeles Clippers,0.5824225086405743,"[{""p_home_win"": 0.16484501728114864, ""weight"": 0.25}, {""p_home_win"": 0.5824225086405743, ""weight"": 0.5}, {""p_home_win"": 1.0, ""weight"": 0.25}]",2.314455978119768,,toor,"{'home_advantage': 1.6609461762679836, 'home_coeff': 1.176897654550758, 'away_coeff': -1.058871007751564, 'error_term': 12.545175830309587, 'win_prob_k': 6.956041652367279}",1.0,10
2024-12-28,Atlanta Hawks,Miami Heat,120,110,False,False,2024-12-28|Miami Heat|Atlanta Hawks,,,,2024-12-28|Miami Heat|Atlanta Hawks,0.5344117709686481,"[{""p_home_win"": 0.06882354193729623, ""weight"": 0.25}, {""p_home_win"": 0.5344117709686481, ""weight"": 0.5}, {""p_home_win"": 1.0, ""weight"": 0.25}]",0.9653498930704648,,toor,"{'home_advantage': 1.6072875997876983, 'home_coeff': 1.1497003425036378, 'away_coeff': -1.0591171172398928, 'error_term': 12.560084421808716, 'win_prob_k': 7.002137287929129}",1.0,10
2024-12-28,Charlotte Hornets,Oklahoma City Thunder,94,106,False,False,2024-12-28|Oklahoma City Thunder|Charlotte Hornets,,,,2024-12-28|Oklahoma City Thunder|Charlotte Hornets,0.07709602248504978,"[{""p_home_win"": 0.0, ""weight"": 0.25}, {""p_home_win"": 0.07709602248504978, ""weight"": 0.5}, {""p_home_win"": 0.15419204497009956, ""weight"": 0.25}]",-17.38262030170546,,toor,"{'home_advantage': 1.6072875997876983, 'home_coeff': 1.1497003425036378, 'away_coeff': -1.0591171172398928, 'error_term': 12.560084421808716, 'win_prob_k': 7.002137287929129}",0.0,-12
2024-12-28,Washington Wizards,New York Knicks,132,136,False,False,2024-12-28|New York Knicks|Washington Wizards,,,,2024-12-28|New York Knicks|Washington Wizards,0.16991523175250106,"[{""p_home_win"": 0.0, ""weight"": 0.25}, {""p_home_win"": 0.16991523175250106, ""weight"": 0.5}, {""p_home_win"": 0.3398304635050021, ""weight"": 0.25}]",-11.106987276661132,,toor,"{'home_advantage': 1.6072875997876983, 'home_coeff': 1.1497003425036378, 'away_coeff': -1.0591171172398928, 'error_term': 12.560084421808716, 'win_prob_k': 7.002137287929129}",0.0,-4
2024-12-28,Chicago Bulls,Milwaukee Bucks,116,111,False,False,2024-12-28|Milwaukee Bucks|Chicago Bulls,,,,2024-12-28|Milwaukee Bucks|Chicago Bulls,0.406105363725865,"[{""p_home_win"": 0.0, ""weight"": 0.25}, {""p_home_win"": 0.406105363725865, ""weight"": 0.5}, {""p_home_win"": 0.81221072745173, ""weight"": 0.25}]",-2.661437328070941,,toor,"{'home_advantage': 1.6072875997876983, 'home_coeff': 1.1497003425036378, 'away_coeff': -1.0591171172398928, 'error_term': 12.560084421808716, 'win_prob_k': 7.002137287929129}",1.0,5
2024-12-28,Golden State Warriors,Phoenix Suns,109,105,False,False,2024-12-28|Phoenix Suns|Golden State Warriors,,,,2024-12-28|Phoenix Suns|Golden State Warriors,0.5923293454749834,"[{""p_home_win"": 0.18465869094996679, ""weight"": 0.25}, {""p_home_win"": 0.5923293454749834, ""weight"": 0.5}, {""p_home_win"": 1.0, ""weight"": 0.25}]",2.6160207427340394,,toor,"{'home_advantage': 1.6072875997876983, 'home_coeff': 1.1497003425036378, 'away_coeff': -1.0591171172398928, 'error_term': 12.560084421808716, 'win_prob_k': 7.002137287929129}",1.0,4
2024-12-28,Denver Nuggets,Detroit Pistons,134,121,False,False,2024-12-28|Detroit Pistons|Denver Nuggets,,,,2024-12-28|Detroit Pistons|Denver Nuggets,0.6625140029969149,"[{""p_home_win"": 0.32502800599382975, ""weight"": 0.25}, {""p_home_win"": 0.6625140029969149, ""weight"": 0.5}, {""p_home_win"": 1.0, ""weight"": 0.25}]",4.723065364503661,,toor,"{'home_advantage': 1.6072875997876983, 'home_coeff': 1.1497003425036378, 'away_coeff': -1.0591171172398928, 'error_term': 12.560084421808716, 'win_prob_k': 7.002137287929129}",1.0,13
2024-12-28,Utah Jazz,Philadelphia 76ers,111,114,False,False,2024-12-28|Philadelphia 76ers|Utah Jazz,,,,2024-12-28|Philadelphia 76ers|Utah Jazz,0.40178563425253494,"[{""p_home_win"": 0.0, ""weight"": 0.25}, {""p_home_win"": 0.40178563425253494, ""weight"": 0.5}, {""p_home_win"": 0.8035712685050699, ""weight"": 0.25}]",-2.787063943911231,,toor,"{'home_advantage': 1.6072875997876983, 'home_coeff': 1.1497003425036378, 'away_coeff': -1.0591171172398928, 'error_term': 12.560084421808716, 'win_prob_k': 7.002137287929129}",0.0,-3
2024-12-28,Portland Trail Blazers,Dallas Mavericks,126,122,False,False,2024-12-28|Dallas Mavericks|Portland Trail Blazers,,,,2024-12-28|Dallas Mavericks|Portland Trail Blazers,0.21265429375644665,"[{""p_home_win"": 0.0, ""weight"": 0.25}, {""p_home_win"": 0.21265429375644665, ""weight"": 0.5}, {""p_home_win"": 0.4253085875128933, ""weight"": 0.25}]",-9.16579497744199,,toor,"{'home_advantage': 1.6072875997876983, 'home_coeff': 1.1497003425036378, 'away_coeff': -1.0591171172398928, 'error_term': 12.560084421808716, 'win_prob_k': 7.002137287929129}",1.0,4
2024-12-28,Los Angeles Lakers,Sacramento Kings,132,122,False,False,2024-12-28|Sacramento Kings|Los Angeles Lakers,,,,2024-12-28|Sacramento Kings|Los Angeles Lakers,0.7716774495805828,"[{""p_home_win"": 0.5433548991611656, ""weight"": 0.25}, {""p_home_win"": 0.7716774495805828, ""weight"": 0.5}, {""p_home_win"": 1.0, ""weight"": 0.25}]",8.527254095683094,,toor,"{'home_advantage': 1.6072875997876983, 'home_coeff': 1.1497003425036378, 'away_coeff': -1.0591171172398928, 'error_term': 12.560084421808716, 'win_prob_k': 7.002137287929129}",1.0,10
2024-12-29,Orlando Magic,Brooklyn Nets,102,101,False,False,2024-12-29|Brooklyn Nets|Orlando Magic,,,,2024-12-29|Brooklyn Nets|Orlando Magic,0.7715627593601617,"[{""p_home_win"": 0.5431255187203234, ""weight"": 0.25}, {""p_home_win"": 0.7715627593601617, ""weight"": 0.5}, {""p_home_win"": 1.0, ""weight"": 0.25}]",8.364654803795169,,toor,"{'home_advantage': 1.720258604328147, 'home_coeff': 1.1112182254360217, 'away_coeff': -1.0289373601615832, 'error_term': 12.495312785799854, 'win_prob_k': 6.872291933008308}",1.0,1
2024-12-29,Boston Celtics,Indiana Pacers,114,123,False,False,2024-12-29|Indiana Pacers|Boston Celtics,,,,2024-12-29|Indiana Pacers|Boston Celtics,0.8251493163909772,"[{""p_home_win"": 0.6502986327819544, ""weight"": 0.25}, {""p_home_win"": 0.8251493163909772, ""weight"": 0.5}, {""p_home_win"": 1.0, ""weight"": 0.25}]",10.663267982671801,,toor,"{'home_advantage': 1.720258604328147, 'home_coeff': 1.1112182254360217, 'away_coeff': -1.0289373601615832, 'error_term': 12.495312785799854, 'win_prob_k': 6.872291933008308}",0.0,-9
2024-12-29,Toronto Raptors,Atlanta Hawks,107,136,False,False,2024-12-29|Atlanta Hawks|Toronto Raptors,,,,2024-12-29|Atlanta Hawks|Toronto Raptors,0.2570750246202387,"[{""p_home_win"": 0.0, ""weight"": 0.25}, {""p_home_win"": 0.2570750246202387, ""weight"": 0.5}, {""p_home_win"": 0.5141500492404774, ""weight"": 0.25}]",-7.2930624210380435,,toor,"{'home_advantage': 1.720258604328147, 'home_coeff': 1.1112182254360217, 'away_coeff': -1.0289373601615832, 'error_term': 12.495312785799854, 'win_prob_k': 6.872291933008308}",0.0,-29
2024-12-29,Houston Rockets,Miami Heat,100,104,False,False,2024-12-29|Miami Heat|Houston Rockets,,,,2024-12-29|Miami Heat|Houston Rockets,0.761409714424591,"[{""p_home_win"": 0.5228194288491821, ""weight"": 0.25}, {""p_home_win"": 0.761409714424591, ""weight"": 0.5}, {""p_home_win"": 1.0, ""weight"": 0.25}]",7.974771174148956,,toor,"{'home_advantage': 1.720258604328147, 'home_coeff': 1.1112182254360217, 'away_coeff': -1.0289373601615832, 'error_term': 12.495312785799854, 'win_prob_k': 6.872291933008308}",0.0,-4
2024-12-29,Oklahoma City Thunder,Memphis Grizzlies,130,106,False,False,2024-12-29|Memphis Grizzlies|Oklahoma City Thunder,,,,2024-12-29|Memphis Grizzlies|Oklahoma City Thunder,0.7548379032585418,"[{""p_home_win"": 0.5096758065170837, ""weight"": 0.25}, {""p_home_win"": 0.7548379032585418, ""weight"": 0.5}, {""p_home_win"": 1.0, ""weight"": 0.25}]",7.728465547415959,,toor,"{'home_advantage': 1.720258604328147, 'home_coeff': 1.1112182254360217, 'away_coeff': -1.0289373601615832, 'error_term': 12.495312785799854, 'win_prob_k': 6.872291933008308}",1.0,24
2024-12-29,Minnesota Timberwolves,San Antonio Spurs,112,110,False,False,2024-12-29|San Antonio Spurs|Minnesota Timberwolves,,,,2024-12-29|San Antonio Spurs|Minnesota Timberwolves,0.606918911270587,"[{""p_home_win"": 0.2138378225411739, ""weight"": 0.25}, {""p_home_win"": 0.606918911270587, ""weight"": 0.5}, {""p_home_win"": 1.0, ""weight"": 0.25}]",2.9851811500987413,,toor,"{'home_advantage': 1.720258604328147, 'home_coeff': 1.1112182254360217, 'away_coeff': -1.0289373601615832, 'error_term': 12.495312785799854, 'win_prob_k': 6.872291933008308}",1.0,2
2024-12-30,Charlotte Hornets,Chicago Bulls,108,115,False,False,2024-12-30|Chicago Bulls|Charlotte Hornets,,,,2024-12-30|Chicago Bulls|Charlotte Hornets,0.2997163671675785,"[{""p_home_win"": 0.0, ""weight"": 0.25}, {""p_home_win"": 0.2997163671675785, ""weight"": 0.5}, {""p_home_win"": 0.599432734335157, ""weight"": 0.25}]",-5.872198560551827,,toor,"{'home_advantage': 1.6356949749011838, 'home_coeff': 1.1102811687134317, 'away_coeff': -0.9950490471447896, 'error_term': 12.535695768726265, 'win_prob_k': 6.919467933909019}",0.0,-7
2024-12-30,Washington Wizards,New York Knicks,106,126,False,False,2024-12-30|New York Knicks|Washington Wizards,,,,2024-12-30|New York Knicks|Washington Wizards,0.17317262977853234,"[{""p_home_win"": 0.0, ""weight"": 0.25}, {""p_home_win"": 0.17317262977853234, ""weight"": 0.5}, {""p_home_win"": 0.3463452595570647, ""weight"": 0.25}]",-10.817252478150143,,toor,"{'home_advantage': 1.6356949749011838, 'home_coeff': 1.1102811687134317, 'away_coeff': -0.9950490471447896, 'error_term': 12.535695768726265, 'win_prob_k': 6.919467933909019}",0.0,-20
2024-12-30,New Orleans Pelicans,Los Angeles Clippers,113,116,False,False,2024-12-30|Los Angeles Clippers|New Orleans Pelicans,,,,2024-12-30|Los Angeles Clippers|New Orleans Pelicans,0.16744281670176728,"[{""p_home_win"": 0.0, ""weight"": 0.25}, {""p_home_win"": 0.16744281670176728, ""weight"": 0.5}, {""p_home_win"": 0.33488563340353455, ""weight"": 0.25}]",-11.097857895766651,,toor,"{'home_advantage': 1.6356949749011838, 'home_coeff': 1.1102811687134317, 'away_coeff': -0.9950490471447896, 'error_term': 12.535695768726265, 'win_prob_k': 6.919467933909019}",0.0,-3
2024-12-30,Utah Jazz,Denver Nuggets,121,132,False,False,2024-12-30|Denver Nuggets|Utah Jazz,,,,2024-12-30|Denver Nuggets|Utah Jazz,0.21176676213844564,"[{""p_home_win"": 0.0, ""weight"": 0.25}, {""p_home_win"": 0.21176676213844564, ""weight"": 0.5}, {""p_home_win"": 0.4235335242768913, ""weight"": 0.25}]",-9.094315816871296,,toor,"{'home_advantage': 1.6356949749011838, 'home_coeff': 1.1102811687134317, 'away_coeff': -0.9950490471447896, 'error_term': 12.535695768726265, 'win_prob_k': 6.919467933909019}",0.0,-11
2024-12-30,Golden State Warriors,Cleveland Cavaliers,95,113,False,False,2024-12-30|Cleveland Cavaliers|Golden State Warriors,,,,2024-12-30|Cleveland Cavaliers|Golden State Warriors,0.27985815307468453,"[{""p_home_win"": 0.0, ""weight"": 0.25}, {""p_home_win"": 0.27985815307468453, ""weight"": 0.5}, {""p_home_win"": 0.5597163061493691, ""weight"": 0.25}]",-6.540041148758212,,toor,"{'home_advantage': 1.6356949749011838, 'home_coeff': 1.1102811687134317, 'away_coeff': -0.9950490471447896, 'error_term': 12.535695768726265, 'win_prob_k': 6.919467933909019}",0.0,-18
2024-12-30,Portland Trail Blazers,Philadelphia 76ers,103,125,False,False,2024-12-30|Philadelphia 76ers|Portland Trail Blazers,,,,2024-12-30|Philadelphia 76ers|Portland Trail Blazers,0.4868480442097013,"[{""p_home_win"": 0.0, ""weight"": 0.25}, {""p_home_win"": 0.4868480442097013, ""weight"": 0.5}, {""p_home_win"": 0.9736960884194026, ""weight"": 0.25}]",-0.3641021345107496,,toor,"{'home_advantage': 1.6356949749011838, 'home_coeff': 1.1102811687134317, 'away_coeff': -0.9950490471447896, 'error_term': 12.535695768726265, 'win_prob_k': 6.919467933909019}",0.0,-22
2024-12-30,Sacramento Kings,Dallas Mavericks,110,100,False,False,2024-12-30|Dallas Mavericks|Sacramento Kings,,,,2024-12-30|Dallas Mavericks|Sacramento Kings,0.23687578364244982,"[{""p_home_win"": 0.0, ""weight"": 0.25}, {""p_home_win"": 0.23687578364244982, ""weight"": 0.5}, {""p_home_win"": 0.47375156728489964, ""weight"": 0.25}]",-8.094981286443108,,toor,"{'home_advantage': 1.6356949749011838, 'home_coeff': 1.1102811687134317, 'away_coeff': -0.9950490471447896, 'error_term': 12.535695768726265, 'win_prob_k': 6.919467933909019}",1.0,10
2024-12-31,Boston Celtics,Toronto Raptors,125,71,False,False,2024-12-31|Toronto Raptors|Boston Celtics,,,,2024-12-31|Toronto Raptors|Boston Celtics,0.915269320758333,"[{""p_home_win"": 0.830538641516666, ""weight"": 0.25}, {""p_home_win"": 0.915269320758333, ""weight"": 0.5}, {""p_home_win"": 1.0, ""weight"": 0.25}]",16.300855154662344,,toor,"{'home_advantage': 1.5918434728530884, 'home_coeff': 1.08721995921934, 'away_coeff': -0.9852284138008861, 'error_term': 12.51923459550113, 'win_prob_k': 6.849845337257927}",1.0,54
2024-12-31,Indiana Pacers,Milwaukee Bucks,112,120,False,False,2024-12-31|Milwaukee Bucks|Indiana Pacers,,,,2024-12-31|Milwaukee Bucks|Indiana Pacers,0.4415612692968356,"[{""p_home_win"": 0.0, ""weight"": 0.25}, {""p_home_win"": 0.4415612692968356, ""weight"": 0.5}, {""p_home_win"": 0.8831225385936712, ""weight"": 0.25}]",-1.6085363265720154,,toor,"{'home_advantage': 1.5918434728530884, 'home_coeff': 1.08721995921934, 'away_coeff': -0.9852284138008861, 'error_term': 12.51923459550113, 'win_prob_k': 6.849845337257927}",0.0,-8
2024-12-31,San Antonio Spurs,Los Angeles Clippers,122,86,False,False,2024-12-31|Los Angeles Clippers|San Antonio Spurs,,,,2024-12-31|Los Angeles Clippers|San Antonio Spurs,0.4255968781399539,"[{""p_home_win"": 0.0, ""weight"": 0.25}, {""p_home_win"": 0.4255968781399539, ""weight"": 0.5}, {""p_home_win"": 0.8511937562799078, ""weight"": 0.25}]",-2.0538497479800406,,toor,"{'home_advantage': 1.5918434728530884, 'home_coeff': 1.08721995921934, 'away_coeff': -0.9852284138008861, 'error_term': 12.51923459550113, 'win_prob_k': 6.849845337257927}",1.0,36
2024-12-31,Oklahoma City Thunder,Minnesota Timberwolves,113,105,False,False,2024-12-31|Minnesota Timberwolves|Oklahoma City Thunder,,,,2024-12-31|Minnesota Timberwolves|Oklahoma City Thunder,0.8336885540040759,"[{""p_home_win"": 0.6673771080081519, ""weight"": 0.25}, {""p_home_win"": 0.8336885540040759, ""weight"": 0.5}, {""p_home_win"": 1.0, ""weight"": 0.25}]",11.041934825869436,,toor,"{'home_advantage': 1.5918434728530884, 'home_coeff': 1.08721995921934, 'away_coeff': -0.9852284138008861, 'error_term': 12.51923459550113, 'win_prob_k': 6.849845337257927}",1.0,8
2024-12-31,Los Angeles Lakers,Cleveland Cavaliers,110,122,False,False,2024-12-31|Cleveland Cavaliers|Los Angeles Lakers,,,,2024-12-31|Cleveland Cavaliers|Los Angeles Lakers,0.2931008464633339,"[{""p_home_win"": 0.0, ""weight"": 0.25}, {""p_home_win"": 0.2931008464633339, ""weight"": 0.5}, {""p_home_win"": 0.5862016929266678, ""weight"": 0.25}]",-6.030407107813941,,toor,"{'home_advantage': 1.5918434728530884, 'home_coeff': 1.08721995921934, 'away_coeff': -0.9852284138008861, 'error_term': 12.51923459550113, 'win_prob_k': 6.849845337257927}",0.0,-12
2024-12-31,Phoenix Suns,Memphis Grizzlies,112,117,False,False,2024-12-31|Memphis Grizzlies|Phoenix Suns,,,,2024-12-31|Memphis Grizzlies|Phoenix Suns,0.3584050013449602,"[{""p_home_win"": 0.0, ""weight"": 0.25}, {""p_home_win"": 0.3584050013449602, ""weight"": 0.5}, {""p_home_win"": 0.7168100026899203, ""weight"": 0.25}]",-3.988621277322081,,toor,"{'home_advantage': 1.5918434728530884, 'home_coeff': 1.08721995921934, 'away_coeff': -0.9852284138008861, 'error_term': 12.51923459550113, 'win_prob_k': 6.849845337257927}",0.0,-5
2025-01-01,Detroit Pistons,Orlando Magic,105,96,False,False,2025-01-01|Orlando Magic|Detroit Pistons,,,,2025-01-01|Orlando Magic|Detroit Pistons,0.35015385717233466,"[{""p_home_win"": 0.0, ""weight"": 0.25}, {""p_home_win"": 0.35015385717233466, ""weight"": 0.5}, {""p_home_win"": 0.7003077143446693, ""weight"": 0.25}]",-4.274582613881599,,toor,"{'home_advantage': 1.7149960492826393, 'home_coeff': 1.075290536756111, 'away_coeff': -0.9984467115627789, 'error_term': 12.664169950483426, 'win_prob_k': 6.912740154680598}",1.0,9
2025-01-01,Washington Wizards,Chicago Bulls,125,107,False,False,2025-01-01|Chicago Bulls|Washington Wizards,,,,2025-01-01|Chicago Bulls|Washington Wizards,0.32351828190168574,"[{""p_home_win"": 0.0, ""weight"": 0.25}, {""p_home_win"": 0.32351828190168574, ""weight"": 0.5}, {""p_home_win"": 0.6470365638033715, ""weight"": 0.25}]",-5.099181377502733,,toor,"{'home_advantage': 1.7149960492826393, 'home_coeff': 1.075290536756111, 'away_coeff': -0.9984467115627789, 'error_term': 12.664169950483426, 'win_prob_k': 6.912740154680598}",1.0,18
2025-01-01,Miami Heat,New Orleans Pelicans,119,108,False,False,2025-01-01|New Orleans Pelicans|Miami Heat,,,,2025-01-01|New Orleans Pelicans|Miami Heat,0.8560294968960527,"[{""p_home_win"": 0.7120589937921054, ""weight"": 0.25}, {""p_home_win"": 0.8560294968960527, ""weight"": 0.5}, {""p_home_win"": 1.0, ""weight"": 0.25}]",12.323316956785288,,toor,"{'home_advantage': 1.7149960492826393, 'home_coeff': 1.075290536756111, 'away_coeff': -0.9984467115627789, 'error_term': 12.664169950483426, 'win_prob_k': 6.912740154680598}",1.0,11
2025-01-01,New York Knicks,Utah Jazz,119,103,False,False,2025-01-01|Utah Jazz|New York Knicks,,,,2025-01-01|Utah Jazz|New York Knicks,0.8996583416465661,"[{""p_home_win"": 0.7993166832931322, ""weight"": 0.25}, {""p_home_win"": 0.8996583416465661, ""weight"": 0.5}, {""p_home_win"": 1.0, ""weight"": 0.25}]",15.162640149745842,,toor,"{'home_advantage': 1.7149960492826393, 'home_coeff': 1.075290536756111, 'away_coeff': -0.9984467115627789, 'error_term': 12.664169950483426, 'win_prob_k': 6.912740154680598}",1.0,16
2025-01-01,Toronto Raptors,Brooklyn Nets,130,113,False,False,2025-01-01|Brooklyn Nets|Toronto Raptors,,,,2025-01-01|Brooklyn Nets|Toronto Raptors,0.3628390635512657,"[{""p_home_win"": 0.0, ""weight"": 0.25}, {""p_home_win"": 0.3628390635512657, ""weight"": 0.5}, {""p_home_win"": 0.7256781271025314, ""weight"": 0.25}]",-3.892307423675174,,toor,"{'home_advantage': 1.7149960492826393, 'home_coeff': 1.075290536756111, 'away_coeff': -0.9984467115627789, 'error_term': 12.664169950483426, 'win_prob_k': 6.912740154680598}",1.0,17
2025-01-01,Houston Rockets,Dallas Mavericks,110,99,False,False,2025-01-01|Dallas Mavericks|Houston Rockets,,,,2025-01-01|Dallas Mavericks|Houston Rockets,0.6404945538933215,"[{""p_home_win"": 0.2809891077866431, ""weight"": 0.25}, {""p_home_win"": 0.6404945538933215, ""weight"": 0.5}, {""p_home_win"": 1.0, ""weight"": 0.25}]",3.9921854996554647,,toor,"{'home_advantage': 1.7149960492826393, 'home_coeff': 1.075290536756111, 'away_coeff': -0.9984467115627789, 'error_term': 12.664169950483426, 'win_prob_k': 6.912740154680598}",1.0,11
2025-01-01,Denver Nuggets,Atlanta Hawks,139,120,False,False,2025-01-01|Atlanta Hawks|Denver Nuggets,,,,2025-01-01|Atlanta Hawks|Denver Nuggets,0.6079598709917681,"[{""p_home_win"": 0.21591974198353614, ""weight"": 0.25}, {""p_home_win"": 0.6079598709917681, ""weight"": 0.5}, {""p_home_win"": 1.0, ""weight"": 0.25}]",3.0329279232596864,,toor,"{'home_advantage': 1.7149960492826393, 'home_coeff': 1.075290536756111, 'away_coeff': -0.9984467115627789, 'error_term': 12.664169950483426, 'win_prob_k': 6.912740154680598}",1.0,19
2025-01-01,Sacramento Kings,Philadelphia 76ers,113,107,False,False,2025-01-01|Philadelphia 76ers|Sacramento Kings,,,,2025-01-01|Philadelphia 76ers|Sacramento Kings,0.47326426535889654,"[{""p_home_win"": 0.0, ""weight"": 0.25}, {""p_home_win"": 0.47326426535889654, ""weight"": 0.5}, {""p_home_win"": 0.9465285307177931, ""weight"": 0.25}]",-0.7399745287672301,,toor,"{'home_advantage': 1.7149960492826393, 'home_coeff': 1.075290536756111, 'away_coeff': -0.9984467115627789, 'error_term': 12.664169950483426, 'win_prob_k': 6.912740154680598}",1.0,6
2025-01-02,Miami Heat,Indiana Pacers,115,128,False,False,2025-01-02|Indiana Pacers|Miami Heat,,,,2025-01-02|Indiana Pacers|Miami Heat,0.6571652917687134,"[{""p_home_win"": 0.3143305835374268, ""weight"": 0.25}, {""p_home_win"": 0.6571652917687134, ""weight"": 0.5}, {""p_home_win"": 1.0, ""weight"": 0.25}]",4.494945644645988,,toor,"{'home_advantage': 1.8726560516974724, 'home_coeff': 1.0449235265014205, 'away_coeff': -0.9854108956004831, 'error_term': 12.655098446987168, 'win_prob_k': 6.907998263328864}",0.0,-13
2025-01-02,Minnesota Timberwolves,Boston Celtics,115,118,False,False,2025-01-02|Boston Celtics|Minnesota Timberwolves,,,,2025-01-02|Boston Celtics|Minnesota Timberwolves,0.39927923069376964,"[{""p_home_win"": 0.0, ""weight"": 0.25}, {""p_home_win"": 0.39927923069376964, ""weight"": 0.5}, {""p_home_win"": 0.7985584613875393, ""weight"": 0.25}]",-2.8217046486038417,,toor,"{'home_advantage': 1.8726560516974724, 'home_coeff': 1.0449235265014205, 'away_coeff': -0.9854108956004831, 'error_term': 12.655098446987168, 'win_prob_k': 6.907998263328864}",0.0,-3
2025-01-02,Milwaukee Bucks,Brooklyn Nets,110,113,False,False,2025-01-02|Brooklyn Nets|Milwaukee Bucks,,,,2025-01-02|Brooklyn Nets|Milwaukee Bucks,0.7711374804391252,"[{""p_home_win"": 0.5422749608782504, ""weight"": 0.25}, {""p_home_win"": 0.7711374804391252, ""weight"": 0.5}, {""p_home_win"": 1.0, ""weight"": 0.25}]",8.39145773272019,,toor,"{'home_advantage': 1.8726560516974724, 'home_coeff': 1.0449235265014205, 'away_coeff': -0.9854108956004831, 'error_term': 12.655098446987168, 'win_prob_k': 6.907998263328864}",0.0,-3
2025-01-02,Oklahoma City Thunder,Los Angeles Clippers,116,98,False,False,2025-01-02|Los Angeles Clippers|Oklahoma City Thunder,,,,2025-01-02|Los Angeles Clippers|Oklahoma City Thunder,0.8219591474766222,"[{""p_home_win"": 0.6439182949532445, ""weight"": 0.25}, {""p_home_win"": 0.8219591474766222, ""weight"": 0.5}, {""p_home_win"": 1.0, ""weight"": 0.25}]",10.567010635106787,,toor,"{'home_advantage': 1.8726560516974724, 'home_coeff': 1.0449235265014205, 'away_coeff': -0.9854108956004831, 'error_term': 12.655098446987168, 'win_prob_k': 6.907998263328864}",1.0,18
2025-01-02,Golden State Warriors,Philadelphia 76ers,139,105,False,False,2025-01-02|Philadelphia 76ers|Golden State Warriors,,,,2025-01-02|Philadelphia 76ers|Golden State Warriors,0.7099240091252503,"[{""p_home_win"": 0.41984801825050067, ""weight"": 0.25}, {""p_home_win"": 0.7099240091252503, ""weight"": 0.5}, {""p_home_win"": 1.0, ""weight"": 0.25}]",6.182762126115004,,toor,"{'home_advantage': 1.8726560516974724, 'home_coeff': 1.0449235265014205, 'away_coeff': -0.9854108956004831, 'error_term': 12.655098446987168, 'win_prob_k': 6.907998263328864}",1.0,34
2025-01-02,Los Angeles Lakers,Portland Trail Blazers,114,106,False,False,2025-01-02|Portland Trail Blazers|Los Angeles Lakers,,,,2025-01-02|Portland Trail Blazers|Los Angeles Lakers,0.7952417977543491,"[{""p_home_win"": 0.5904835955086982, ""weight"": 0.25}, {""p_home_win"": 0.7952417977543491, ""weight"": 0.5}, {""p_home_win"": 1.0, ""weight"": 0.25}]",9.372885575190372,,toor,"{'home_advantage': 1.8726560516974724, 'home_coeff': 1.0449235265014205, 'away_coeff': -0.9854108956004831, 'error_term': 12.655098446987168, 'win_prob_k': 6.907998263328864}",1.0,8
2025-01-03,Detroit Pistons,Charlotte Hornets,98,94,False,False,2025-01-03|Charlotte Hornets|Detroit Pistons,,,,2025-01-03|Charlotte Hornets|Detroit Pistons,0.7913083679897118,"[{""p_home_win"": 0.5826167359794236, ""weight"": 0.25}, {""p_home_win"": 0.7913083679897118, ""weight"": 0.5}, {""p_home_win"": 1.0, ""weight"": 0.25}]",9.250694748503575,,toor,"{'home_advantage': 1.8914427302118018, 'home_coeff': 1.0324277609757768, 'away_coeff': -0.9779694589993375, 'error_term': 12.678194592999207, 'win_prob_k': 6.940641048992683}",1.0,4
2025-01-03,Toronto Raptors,Orlando Magic,97,106,False,False,2025-01-03|Orlando Magic|Toronto Raptors,,,,2025-01-03|Orlando Magic|Toronto Raptors,0.20096676739508573,"[{""p_home_win"": 0.0, ""weight"": 0.25}, {""p_home_win"": 0.20096676739508573, ""weight"": 0.5}, {""p_home_win"": 0.40193353479017147, ""weight"": 0.25}]",-9.579909894628774,,toor,"{'home_advantage': 1.8914427302118018, 'home_coeff': 1.0324277609757768, 'away_coeff': -0.9779694589993375, 'error_term': 12.678194592999207, 'win_prob_k': 6.940641048992683}",0.0,-9
2025-01-03,Houston Rockets,Boston Celtics,86,109,False,False,2025-01-03|Boston Celtics|Houston Rockets,,,,2025-01-03|Boston Celtics|Houston Rockets,0.5531140963045245,"[{""p_home_win"": 0.10622819260904892, ""weight"": 0.25}, {""p_home_win"": 0.5531140963045245, ""weight"": 0.5}, {""p_home_win"": 1.0, ""weight"": 0.25}]",1.4801679788686908,,toor,"{'home_advantage': 1.8914427302118018, 'home_coeff': 1.0324277609757768, 'away_coeff': -0.9779694589993375, 'error_term': 12.678194592999207, 'win_prob_k': 6.940641048992683}",0.0,-23
2025-01-03,New Orleans Pelicans,Washington Wizards,132,120,False,False,2025-01-03|Washington Wizards|New Orleans Pelicans,,,,2025-01-03|Washington Wizards|New Orleans Pelicans,0.4531581904979368,"[{""p_home_win"": 0.0, ""weight"": 0.25}, {""p_home_win"": 0.4531581904979368, ""weight"": 0.5}, {""p_home_win"": 0.9063163809958736, ""weight"": 0.25}]",-1.3042734193072993,,toor,"{'home_advantage': 1.8914427302118018, 'home_coeff': 1.0324277609757768, 'away_coeff': -0.9779694589993375, 'error_term': 12.678194592999207, 'win_prob_k': 6.940641048992683}",1.0,12
2025-01-03,Oklahoma City Thunder,New York Knicks,117,107,False,False,2025-01-03|New York Knicks|Oklahoma City Thunder,,,,2025-01-03|New York Knicks|Oklahoma City Thunder,0.7513493687016412,"[{""p_home_win"": 0.5026987374032823, ""weight"": 0.25}, {""p_home_win"": 0.7513493687016412, ""weight"": 0.5}, {""p_home_win"": 1.0, ""weight"": 0.25}]",7.675113039920238,,toor,"{'home_advantage': 1.8914427302118018, 'home_coeff': 1.0324277609757768, 'away_coeff': -0.9779694589993375, 'error_term': 12.678194592999207, 'win_prob_k': 6.940641048992683}",1.0,10
2025-01-03,Dallas Mavericks,Cleveland Cavaliers,122,134,False,False,2025-01-03|Cleveland Cavaliers|Dallas Mavericks,,,,2025-01-03|Cleveland Cavaliers|Dallas Mavericks,0.3207368604039008,"[{""p_home_win"": 0.0, ""weight"": 0.25}, {""p_home_win"": 0.3207368604039008, ""weight"": 0.5}, {""p_home_win"": 0.6414737208078016, ""weight"": 0.25}]",-5.208170666603817,,toor,"{'home_advantage': 1.8914427302118018, 'home_coeff': 1.0324277609757768, 'away_coeff': -0.9779694589993375, 'error_term': 12.678194592999207, 'win_prob_k': 6.940641048992683}",0.0,-12
2025-01-03,Denver Nuggets,San Antonio Spurs,110,113,False,False,2025-01-03|San Antonio Spurs|Denver Nuggets,,,,2025-01-03|San Antonio Spurs|Denver Nuggets,0.683749719132525,"[{""p_home_win"": 0.36749943826505005, ""weight"": 0.25}, {""p_home_win"": 0.683749719132525, ""weight"": 0.5}, {""p_home_win"": 1.0, ""weight"": 0.25}]",5.351636908683826,,toor,"{'home_advantage': 1.8914427302118018, 'home_coeff': 1.0324277609757768, 'away_coeff': -0.9779694589993375, 'error_term': 12.678194592999207, 'win_prob_k': 6.940641048992683}",0.0,-3
2025-01-03,Sacramento Kings,Memphis Grizzlies,138,133,False,False,2025-01-03|Memphis Grizzlies|Sacramento Kings,,,,2025-01-03|Memphis Grizzlies|Sacramento Kings,0.2612101798493058,"[{""p_home_win"": 0.0, ""weight"": 0.25}, {""p_home_win"": 0.2612101798493058, ""weight"": 0.5}, {""p_home_win"": 0.5224203596986116, ""weight"": 0.25}]",-7.216101900155406,,toor,"{'home_advantage': 1.8914427302118018, 'home_coeff': 1.0324277609757768, 'away_coeff': -0.9779694589993375, 'error_term': 12.678194592999207, 'win_prob_k': 6.940641048992683}",1.0,5
2025-01-03,Los Angeles Lakers,Atlanta Hawks,119,102,False,False,2025-01-03|Atlanta Hawks|Los Angeles Lakers,,,,2025-01-03|Atlanta Hawks|Los Angeles Lakers,0.6165252509653121,"[{""p_home_win"": 0.23305050193062415, ""weight"": 0.25}, {""p_home_win"": 0.6165252509653121, ""weight"": 0.5}, {""p_home_win"": 1.0, ""weight"": 0.25}]",3.2955933922438434,,toor,"{'home_advantage': 1.8914427302118018, 'home_coeff': 1.0324277609757768, 'away_coeff': -0.9779694589993375, 'error_term': 12.678194592999207, 'win_prob_k': 6.940641048992683}",1.0,17
2025-01-04,Brooklyn Nets,Philadelphia 76ers,94,123,False,False,2025-01-04|Philadelphia 76ers|Brooklyn Nets,,,,2025-01-04|Philadelphia 76ers|Brooklyn Nets,0.5839868222295906,"[{""p_home_win"": 0.16797364445918128, ""weight"": 0.25}, {""p_home_win"": 0.5839868222295906, ""weight"": 0.5}, {""p_home_win"": 1.0, ""weight"": 0.25}]",2.3305336667726455,,toor,"{'home_advantage': 1.8661820946714203, 'home_coeff': 0.9907743255212845, 'away_coeff': -0.9694916919752516, 'error_term': 12.662283593974307, 'win_prob_k': 6.871457399095291}",0.0,-29
2025-01-04,Detroit Pistons,Minnesota Timberwolves,119,105,False,False,2025-01-04|Minnesota Timberwolves|Detroit Pistons,,,,2025-01-04|Minnesota Timberwolves|Detroit Pistons,0.48928848185071516,"[{""p_home_win"": 0.0, ""weight"": 0.25}, {""p_home_win"": 0.48928848185071516, ""weight"": 0.5}, {""p_home_win"": 0.9785769637014303, ""weight"": 0.25}]",-0.29446001521381715,,toor,"{'home_advantage': 1.8661820946714203, 'home_coeff': 0.9907743255212845, 'away_coeff': -0.9694916919752516, 'error_term': 12.662283593974307, 'win_prob_k': 6.871457399095291}",1.0,14
2025-01-04,Indiana Pacers,Phoenix Suns,126,108,False,False,2025-01-04|Phoenix Suns|Indiana Pacers,,,,2025-01-04|Phoenix Suns|Indiana Pacers,0.6117184397527758,"[{""p_home_win"": 0.2234368795055517, ""weight"": 0.25}, {""p_home_win"": 0.6117184397527758, ""weight"": 0.5}, {""p_home_win"": 1.0, ""weight"": 0.25}]",3.123361616752229,,toor,"{'home_advantage': 1.8661820946714203, 'home_coeff': 0.9907743255212845, 'away_coeff': -0.9694916919752516, 'error_term': 12.662283593974307, 'win_prob_k': 6.871457399095291}",1.0,18
2025-01-04,Chicago Bulls,New York Knicks,139,126,False,False,2025-01-04|New York Knicks|Chicago Bulls,,,,2025-01-04|New York Knicks|Chicago Bulls,0.3485062202653712,"[{""p_home_win"": 0.0, ""weight"": 0.25}, {""p_home_win"": 0.3485062202653712, ""weight"": 0.5}, {""p_home_win"": 0.6970124405307424, ""weight"": 0.25}]",-4.298864627238747,,toor,"{'home_advantage': 1.8661820946714203, 'home_coeff': 0.9907743255212845, 'away_coeff': -0.9694916919752516, 'error_term': 12.662283593974307, 'win_prob_k': 6.871457399095291}",1.0,13
2025-01-04,Miami Heat,Utah Jazz,100,136,False,False,2025-01-04|Utah Jazz|Miami Heat,,,,2025-01-04|Utah Jazz|Miami Heat,0.8216254449472644,"[{""p_home_win"": 0.6432508898945288, ""weight"": 0.25}, {""p_home_win"": 0.8216254449472644, ""weight"": 0.5}, {""p_home_win"": 1.0, ""weight"": 0.25}]",10.495457481393009,,toor,"{'home_advantage': 1.8661820946714203, 'home_coeff': 0.9907743255212845, 'away_coeff': -0.9694916919752516, 'error_term': 12.662283593974307, 'win_prob_k': 6.871457399095291}",0.0,-36
2025-01-04,Milwaukee Bucks,Portland Trail Blazers,102,105,False,False,2025-01-04|Portland Trail Blazers|Milwaukee Bucks,,,,2025-01-04|Portland Trail Blazers|Milwaukee Bucks,0.8050396643533426,"[{""p_home_win"": 0.6100793287066852, ""weight"": 0.25}, {""p_home_win"": 0.8050396643533426, ""weight"": 0.5}, {""p_home_win"": 1.0, ""weight"": 0.25}]",9.74438225098876,,toor,"{'home_advantage': 1.8661820946714203, 'home_coeff': 0.9907743255212845, 'away_coeff': -0.9694916919752516, 'error_term': 12.662283593974307, 'win_prob_k': 6.871457399095291}",0.0,-3
2025-01-04,San Antonio Spurs,Denver Nuggets,111,122,False,False,2025-01-04|Denver Nuggets|San Antonio Spurs,,,,2025-01-04|Denver Nuggets|San Antonio Spurs,0.4803393201395121,"[{""p_home_win"": 0.0, ""weight"": 0.25}, {""p_home_win"": 0.4803393201395121, ""weight"": 0.5}, {""p_home_win"": 0.9606786402790242, ""weight"": 0.25}]",-0.5406688665868111,,toor,"{'home_advantage': 1.8661820946714203, 'home_coeff': 0.9907743255212845, 'away_coeff': -0.9694916919752516, 'error_term': 12.662283593974307, 'win_prob_k': 6.871457399095291}",0.0,-11
2025-01-04,Golden State Warriors,Memphis Grizzlies,121,113,False,False,2025-01-04|Memphis Grizzlies|Golden State Warriors,,,,2025-01-04|Memphis Grizzlies|Golden State Warriors,0.4677894698587967,"[{""p_home_win"": 0.0, ""weight"": 0.25}, {""p_home_win"": 0.4677894698587967, ""weight"": 0.5}, {""p_home_win"": 0.9355789397175934, ""weight"": 0.25}]",-0.8865609337697569,,toor,"{'home_advantage': 1.8661820946714203, 'home_coeff': 0.9907743255212845, 'away_coeff': -0.9694916919752516, 'error_term': 12.662283593974307, 'win_prob_k': 6.871457399095291}",1.0,8
2025-01-04,Los Angeles Clippers,Atlanta Hawks,131,105,False,False,2025-01-04|Atlanta Hawks|Los Angeles Clippers,,,,2025-01-04|Atlanta Hawks|Los Angeles Clippers,0.6299301372651548,"[{""p_home_win"": 0.2598602745303096, ""weight"": 0.25}, {""p_home_win"": 0.6299301372651548, ""weight"": 0.5}, {""p_home_win"": 1.0, ""weight"": 0.25}]",3.655045788631417,,toor,"{'home_advantage': 1.8661820946714203, 'home_coeff': 0.9907743255212845, 'away_coeff': -0.9694916919752516, 'error_term': 12.662283593974307, 'win_prob_k': 6.871457399095291}",1.0,26
2025-01-05,Oklahoma City Thunder,Boston Celtics,105,92,False,False,2025-01-05|Boston Celtics|Oklahoma City Thunder,,,,2025-01-05|Boston Celtics|Oklahoma City Thunder,0.700540952361569,"[{""p_home_win"": 0.401081904723138, ""weight"": 0.25}, {""p_home_win"": 0.700540952361569, ""weight"": 0.5}, {""p_home_win"": 1.0, ""weight"": 0.25}]",5.861818614911795,,toor,"{'home_advantage': 1.8332090693827732, 'home_coeff': 0.9689059034085659, 'away_coeff': -0.9121303622752583, 'error_term': 12.92222016805797, 'win_prob_k': 6.897270254989648}",1.0,13
2025-01-05,Cleveland Cavaliers,Charlotte Hornets,115,105,False,False,2025-01-05|Charlotte Hornets|Cleveland Cavaliers,,,,2025-01-05|Charlotte Hornets|Cleveland Cavaliers,0.9622181294477744,"[{""p_home_win"": 0.9244362588955488, ""weight"": 0.25}, {""p_home_win"": 0.9622181294477744, ""weight"": 0.5}, {""p_home_win"": 1.0, ""weight"": 0.25}]",22.329304098860106,,toor,"{'home_advantage': 1.8332090693827732, 'home_coeff': 0.9689059034085659, 'away_coeff': -0.9121303622752583, 'error_term': 12.92222016805797, 'win_prob_k': 6.897270254989648}",1.0,10
2025-01-05,Washington Wizards,New Orleans Pelicans,98,110,False,False,2025-01-05|New Orleans Pelicans|Washington Wizards,,,,2025-01-05|New Orleans Pelicans|Washington Wizards,0.600742122065363,"[{""p_home_win"": 0.20148424413072608, ""weight"": 0.25}, {""p_home_win"": 0.600742122065363, ""weight"": 0.5}, {""p_home_win"": 1.0, ""weight"": 0.25}]",2.8179366120271636,,toor,"{'home_advantage': 1.8332090693827732, 'home_coeff': 0.9689059034085659, 'away_coeff': -0.9121303622752583, 'error_term': 12.92222016805797, 'win_prob_k': 6.897270254989648}",0.0,-12
2025-01-05,Orlando Magic,Utah Jazz,92,105,False,False,2025-01-05|Utah Jazz|Orlando Magic,,,,2025-01-05|Utah Jazz|Orlando Magic,0.8598633067078546,"[{""p_home_win"": 0.7197266134157092, ""weight"": 0.25}, {""p_home_win"": 0.8598633067078546, ""weight"": 0.5}, {""p_home_win"": 1.0, ""weight"": 0.25}]",12.512718036811174,,toor,"{'home_advantage': 1.8332090693827732, 'home_coeff': 0.9689059034085659, 'away_coeff': -0.9121303622752583, 'error_term': 12.92222016805797, 'win_prob_k': 6.897270254989648}",0.0,-13
2025-01-05,Houston Rockets,Los Angeles Lakers,119,115,False,False,2025-01-05|Los Angeles Lakers|Houston Rockets,,,,2025-01-05|Los Angeles Lakers|Houston Rockets,0.6752128598610312,"[{""p_home_win"": 0.3504257197220624, ""weight"": 0.25}, {""p_home_win"": 0.6752128598610312, ""weight"": 0.5}, {""p_home_win"": 1.0, ""weight"": 0.25}]",5.047822240241487,,toor,"{'home_advantage': 1.8332090693827732, 'home_coeff': 0.9689059034085659, 'away_coeff': -0.9121303622752583, 'error_term': 12.92222016805797, 'win_prob_k': 6.897270254989648}",1.0,4
2025-01-05,Golden State Warriors,Sacramento Kings,99,129,False,False,2025-01-05|Sacramento Kings|Golden State Warriors,,,,2025-01-05|Sacramento Kings|Golden State Warriors,0.7424757515050746,"[{""p_home_win"": 0.4849515030101492, ""weight"": 0.25}, {""p_home_win"": 0.7424757515050746, ""weight"": 0.5}, {""p_home_win"": 1.0, ""weight"": 0.25}]",7.30335619845055,,toor,"{'home_advantage': 1.8332090693827732, 'home_coeff': 0.9689059034085659, 'away_coeff': -0.9121303622752583, 'error_term': 12.92222016805797, 'win_prob_k': 6.897270254989648}",0.0,-30
2025-01-06,Detroit Pistons,Portland Trail Blazers,118,115,False,False,2025-01-06|Portland Trail Blazers|Detroit Pistons,,,,2025-01-06|Portland Trail Blazers|Detroit Pistons,0.6835056094220668,"[{""p_home_win"": 0.3670112188441337, ""weight"": 0.25}, {""p_home_win"": 0.6835056094220668, ""weight"": 0.5}, {""p_home_win"": 1.0, ""weight"": 0.25}]",5.311795464305238,,toor,"{'home_advantage': 1.6619217875853776, 'home_coeff': 0.9610719533436756, 'away_coeff': -0.8705416049961489, 'error_term': 12.991351674164688, 'win_prob_k': 6.899068725540776}",1.0,3
2025-01-06,Philadelphia 76ers,Phoenix Suns,99,109,False,False,2025-01-06|Phoenix Suns|Philadelphia 76ers,,,,2025-01-06|Phoenix Suns|Philadelphia 76ers,0.5371030086773355,"[{""p_home_win"": 0.07420601735467103, ""weight"": 0.25}, {""p_home_win"": 0.5371030086773355, ""weight"": 0.5}, {""p_home_win"": 1.0, ""weight"": 0.25}]",1.0257904496113348,,toor,"{'home_advantage': 1.6619217875853776, 'home_coeff': 0.9610719533436756, 'away_coeff': -0.8705416049961489, 'error_term': 12.991351674164688, 'win_prob_k': 6.899068725540776}",0.0,-10
2025-01-06,Brooklyn Nets,Indiana Pacers,99,113,False,False,2025-01-06|Indiana Pacers|Brooklyn Nets,,,,2025-01-06|Indiana Pacers|Brooklyn Nets,0.4263477353696537,"[{""p_home_win"": 0.0, ""weight"": 0.25}, {""p_home_win"": 0.4263477353696537, ""weight"": 0.5}, {""p_home_win"": 0.8526954707393074, ""weight"": 0.25}]",-2.047423576016012,,toor,"{'home_advantage': 1.6619217875853776, 'home_coeff': 0.9610719533436756, 'away_coeff': -0.8705416049961489, 'error_term': 12.991351674164688, 'win_prob_k': 6.899068725540776}",0.0,-14
2025-01-06,New York Knicks,Orlando Magic,94,103,False,False,2025-01-06|Orlando Magic|New York Knicks,,,,2025-01-06|Orlando Magic|New York Knicks,0.6301783258596766,"[{""p_home_win"": 0.2603566517193532, ""weight"": 0.25}, {""p_home_win"": 0.6301783258596766, ""weight"": 0.5}, {""p_home_win"": 1.0, ""weight"": 0.25}]",3.6770788167508837,,toor,"{'home_advantage': 1.6619217875853776, 'home_coeff': 0.9610719533436756, 'away_coeff': -0.8705416049961489, 'error_term': 12.991351674164688, 'win_prob_k': 6.899068725540776}",0.0,-9
2025-01-06,Toronto Raptors,Milwaukee Bucks,104,128,False,False,2025-01-06|Milwaukee Bucks|Toronto Raptors,,,,2025-01-06|Milwaukee Bucks|Toronto Raptors,0.24471649160869494,"[{""p_home_win"": 0.0, ""weight"": 0.25}, {""p_home_win"": 0.24471649160869494, ""weight"": 0.5}, {""p_home_win"": 0.48943298321738987, ""weight"": 0.25}]",-7.775200940280342,,toor,"{'home_advantage': 1.6619217875853776, 'home_coeff': 0.9610719533436756, 'away_coeff': -0.8705416049961489, 'error_term': 12.991351674164688, 'win_prob_k': 6.899068725540776}",0.0,-24
2025-01-06,Chicago Bulls,San Antonio Spurs,114,110,False,False,2025-01-06|San Antonio Spurs|Chicago Bulls,,,,2025-01-06|San Antonio Spurs|Chicago Bulls,0.5132546982625633,"[{""p_home_win"": 0.026509396525126627, ""weight"": 0.25}, {""p_home_win"": 0.5132546982625633, ""weight"": 0.5}, {""p_home_win"": 1.0, ""weight"": 0.25}]",0.36586601694896,,toor,"{'home_advantage': 1.6619217875853776, 'home_coeff': 0.9610719533436756, 'away_coeff': -0.8705416049961489, 'error_term': 12.991351674164688, 'win_prob_k': 6.899068725540776}",1.0,4
2025-01-06,Memphis Grizzlies,Dallas Mavericks,119,104,False,False,2025-01-06|Dallas Mavericks|Memphis Grizzlies,,,,2025-01-06|Dallas Mavericks|Memphis Grizzlies,0.6025088906732431,"[{""p_home_win"": 0.20501778134648618, ""weight"": 0.25}, {""p_home_win"": 0.6025088906732431, ""weight"": 0.5}, {""p_home_win"": 1.0, ""weight"": 0.25}]",2.8695286490567486,,toor,"{'home_advantage': 1.6619217875853776, 'home_coeff': 0.9610719533436756, 'away_coeff': -0.8705416049961489, 'error_term': 12.991351674164688, 'win_prob_k': 6.899068725540776}",1.0,15
2025-01-06,Minnesota Timberwolves,Los Angeles Clippers,108,106,False,False,2025-01-06|Los Angeles Clippers|Minnesota Timberwolves,,,,2025-01-06|Los Angeles Clippers|Minnesota Timberwolves,0.4669354629727511,"[{""p_home_win"": 0.0, ""weight"": 0.25}, {""p_home_win"": 0.4669354629727511, ""weight"": 0.5}, {""p_home_win"": 0.9338709259455023, ""weight"": 0.25}]",-0.9137916303981908,,toor,"{'home_advantage': 1.6619217875853776, 'home_coeff': 0.9610719533436756, 'away_coeff': -0.8705416049961489, 'error_term': 12.991351674164688, 'win_prob_k': 6.899068725540776}",1.0,2
2025-01-06,Sacramento Kings,Miami Heat,123,118,False,False,2025-01-06|Miami Heat|Sacramento Kings,,,,2025-01-06|Miami Heat|Sacramento Kings,0.4704155680532132,"[{""p_home_win"": 0.0, ""weight"": 0.25}, {""p_home_win"": 0.4704155680532132, ""weight"": 0.5}, {""p_home_win"": 0.9408311361064264, ""weight"": 0.25}]",-0.817374873048133,,toor,"{'home_advantage': 1.6619217875853776, 'home_coeff': 0.9610719533436756, 'away_coeff': -0.8705416049961489, 'error_term': 12.991351674164688, 'win_prob_k': 6.899068725540776}",1.0,5
2025-01-07,Charlotte Hornets,Phoenix Suns,115,104,False,False,2025-01-07|Phoenix Suns|Charlotte Hornets,,,,2025-01-07|Phoenix Suns|Charlotte Hornets,0.3001928915654745,"[{""p_home_win"": 0.0, ""weight"": 0.25}, {""p_home_win"": 0.3001928915654745, ""weight"": 0.5}, {""p_home_win"": 0.600385783130949, ""weight"": 0.25}]",-5.841193396217247,,toor,"{'home_advantage': 1.5921448815345112, 'home_coeff': 0.9531491281898076, 'away_coeff': -0.8519135872951419, 'error_term': 12.924133387853912, 'win_prob_k': 6.901388102647834}",1.0,11
2025-01-07,Washington Wizards,Houston Rockets,112,135,False,False,2025-01-07|Houston Rockets|Washington Wizards,,,,2025-01-07|Houston Rockets|Washington Wizards,0.13277043081987824,"[{""p_home_win"": 0.0, ""weight"": 0.25}, {""p_home_win"": 0.13277043081987824, ""weight"": 0.5}, {""p_home_win"": 0.2655408616397565, ""weight"": 0.25}]",-12.95171203254435,,toor,"{'home_advantage': 1.5921448815345112, 'home_coeff': 0.9531491281898076, 'away_coeff': -0.8519135872951419, 'error_term': 12.924133387853912, 'win_prob_k': 6.901388102647834}",0.0,-23
2025-01-07,Dallas Mavericks,Los Angeles Lakers,118,97,False,False,2025-01-07|Los Angeles Lakers|Dallas Mavericks,,,,2025-01-07|Los Angeles Lakers|Dallas Mavericks,0.5765089671902661,"[{""p_home_win"": 0.15301793438053224, ""weight"": 0.25}, {""p_home_win"": 0.5765089671902661, ""weight"": 0.5}, {""p_home_win"": 1.0, ""weight"": 0.25}]",2.128792196527503,,toor,"{'home_advantage': 1.5921448815345112, 'home_coeff': 0.9531491281898076, 'away_coeff': -0.8519135872951419, 'error_term': 12.924133387853912, 'win_prob_k': 6.901388102647834}",1.0,21
2025-01-07,New Orleans Pelicans,Minnesota Timberwolves,97,104,False,False,2025-01-07|Minnesota Timberwolves|New Orleans Pelicans,,,,2025-01-07|Minnesota Timberwolves|New Orleans Pelicans,0.23237827377268122,"[{""p_home_win"": 0.0, ""weight"": 0.25}, {""p_home_win"": 0.23237827377268122, ""weight"": 0.5}, {""p_home_win"": 0.46475654754536244, ""weight"": 0.25}]",-8.24667936789651,,toor,"{'home_advantage': 1.5921448815345112, 'home_coeff': 0.9531491281898076, 'away_coeff': -0.8519135872951419, 'error_term': 12.924133387853912, 'win_prob_k': 6.901388102647834}",0.0,-7
2025-01-07,Utah Jazz,Atlanta Hawks,121,124,False,False,2025-01-07|Atlanta Hawks|Utah Jazz,,,,2025-01-07|Atlanta Hawks|Utah Jazz,0.3155953384435009,"[{""p_home_win"": 0.0, ""weight"": 0.25}, {""p_home_win"": 0.3155953384435009, ""weight"": 0.5}, {""p_home_win"": 0.6311906768870018, ""weight"": 0.25}]",-5.34228540410601,,toor,"{'home_advantage': 1.5921448815345112, 'home_coeff': 0.9531491281898076, 'away_coeff': -0.8519135872951419, 'error_term': 12.924133387853912, 'win_prob_k': 6.901388102647834}",0.0,-3
2025-01-07,Denver Nuggets,Boston Celtics,106,118,False,False,2025-01-07|Boston Celtics|Denver Nuggets,,,,2025-01-07|Boston Celtics|Denver Nuggets,0.43662975944631954,"[{""p_home_win"": 0.0, ""weight"": 0.25}, {""p_home_win"": 0.43662975944631954, ""weight"": 0.5}, {""p_home_win"": 0.8732595188926391, ""weight"": 0.25}]",-1.758828621945474,,toor,"{'home_advantage': 1.5921448815345112, 'home_coeff': 0.9531491281898076, 'away_coeff': -0.8519135872951419, 'error_term': 12.924133387853912, 'win_prob_k': 6.901388102647834}",0.0,-12
2025-01-07,Golden State Warriors,Miami Heat,98,114,False,False,2025-01-07|Miami Heat|Golden State Warriors,,,,2025-01-07|Miami Heat|Golden State Warriors,0.6368523974376652,"[{""p_home_win"": 0.2737047948753304, ""weight"": 0.25}, {""p_home_win"": 0.6368523974376652, ""weight"": 0.5}, {""p_home_win"": 1.0, ""weight"": 0.25}]",3.8767066856941077,,toor,"{'home_advantage': 1.5921448815345112, 'home_coeff': 0.9531491281898076, 'away_coeff': -0.8519135872951419, 'error_term': 12.924133387853912, 'win_prob_k': 6.901388102647834}",0.0,-16
2025-01-08,Cleveland Cavaliers,Oklahoma City Thunder,129,122,False,False,2025-01-08|Oklahoma City Thunder|Cleveland Cavaliers,,,,2025-01-08|Oklahoma City Thunder|Cleveland Cavaliers,0.5977064441747206,"[{""p_home_win"": 0.19541288834944126, ""weight"": 0.25}, {""p_home_win"": 0.5977064441747206, ""weight"": 0.5}, {""p_home_win"": 1.0, ""weight"": 0.25}]",2.745640771523547,,toor,"{'home_advantage': 1.5955456287406349, 'home_coeff': 0.9359300753655763, 'away_coeff': -0.8571938709734512, 'error_term': 12.915368652409905, 'win_prob_k': 6.934877960095088}",1.0,7
2025-01-08,Indiana Pacers,Chicago Bulls,129,113,False,False,2025-01-08|Chicago Bulls|Indiana Pacers,,,,2025-01-08|Chicago Bulls|Indiana Pacers,0.5659271667896836,"[{""p_home_win"": 0.13185433357936716, ""weight"": 0.25}, {""p_home_win"": 0.5659271667896836, ""weight"": 0.5}, {""p_home_win"": 1.0, ""weight"": 0.25}]",1.8394975362716641,,toor,"{'home_advantage': 1.5955456287406349, 'home_coeff': 0.9359300753655763, 'away_coeff': -0.8571938709734512, 'error_term': 12.915368652409905, 'win_prob_k': 6.934877960095088}",1.0,16
2025-01-08,Philadelphia 76ers,Washington Wizards,109,103,False,False,2025-01-08|Washington Wizards|Philadelphia 76ers,,,,2025-01-08|Washington Wizards|Philadelphia 76ers,0.6762675037941016,"[{""p_home_win"": 0.3525350075882032, ""weight"": 0.25}, {""p_home_win"": 0.6762675037941016, ""weight"": 0.5}, {""p_home_win"": 1.0, ""weight"": 0.25}]",5.108724644450204,,toor,"{'home_advantage': 1.5955456287406349, 'home_coeff': 0.9359300753655763, 'away_coeff': -0.8571938709734512, 'error_term': 12.915368652409905, 'win_prob_k': 6.934877960095088}",1.0,6
2025-01-08,Brooklyn Nets,Detroit Pistons,98,113,False,False,2025-01-08|Detroit Pistons|Brooklyn Nets,,,,2025-01-08|Detroit Pistons|Brooklyn Nets,0.39313592739481285,"[{""p_home_win"": 0.0, ""weight"": 0.25}, {""p_home_win"": 0.39313592739481285, ""weight"": 0.5}, {""p_home_win"": 0.7862718547896257, ""weight"": 0.25}]",-3.010773171845756,,toor,"{'home_advantage': 1.5955456287406349, 'home_coeff': 0.9359300753655763, 'away_coeff': -0.8571938709734512, 'error_term': 12.915368652409905, 'win_prob_k': 6.934877960095088}",0.0,-15
2025-01-08,New York Knicks,Toronto Raptors,112,98,False,False,2025-01-08|Toronto Raptors|New York Knicks,,,,2025-01-08|Toronto Raptors|New York Knicks,0.8665947221950868,"[{""p_home_win"": 0.7331894443901736, ""weight"": 0.25}, {""p_home_win"": 0.8665947221950868, ""weight"": 0.5}, {""p_home_win"": 1.0, ""weight"": 0.25}]",12.976403017566318,,toor,"{'home_advantage': 1.5955456287406349, 'home_coeff': 0.9359300753655763, 'away_coeff': -0.8571938709734512, 'error_term': 12.915368652409905, 'win_prob_k': 6.934877960095088}",1.0,14
2025-01-08,New Orleans Pelicans,Portland Trail Blazers,100,119,False,False,2025-01-08|Portland Trail Blazers|New Orleans Pelicans,,,,2025-01-08|Portland Trail Blazers|New Orleans Pelicans,0.4157839675632726,"[{""p_home_win"": 0.0, ""weight"": 0.25}, {""p_home_win"": 0.4157839675632726, ""weight"": 0.5}, {""p_home_win"": 0.8315679351265453, ""weight"": 0.25}]",-2.358586782000774,,toor,"{'home_advantage': 1.5955456287406349, 'home_coeff': 0.9359300753655763, 'away_coeff': -0.8571938709734512, 'error_term': 12.915368652409905, 'win_prob_k': 6.934877960095088}",0.0,-19
2025-01-08,Denver Nuggets,Los Angeles Clippers,126,103,False,False,2025-01-08|Los Angeles Clippers|Denver Nuggets,,,,2025-01-08|Los Angeles Clippers|Denver Nuggets,0.5738931504242247,"[{""p_home_win"": 0.14778630084844946, ""weight"": 0.25}, {""p_home_win"": 0.5738931504242247, ""weight"": 0.5}, {""p_home_win"": 1.0, ""weight"": 0.25}]",2.064881372496942,,toor,"{'home_advantage': 1.5955456287406349, 'home_coeff': 0.9359300753655763, 'away_coeff': -0.8571938709734512, 'error_term': 12.915368652409905, 'win_prob_k': 6.934877960095088}",1.0,23
2025-01-08,Milwaukee Bucks,San Antonio Spurs,121,105,False,False,2025-01-08|San Antonio Spurs|Milwaukee Bucks,,,,2025-01-08|San Antonio Spurs|Milwaukee Bucks,0.6306347504310684,"[{""p_home_win"": 0.26126950086213685, ""weight"": 0.25}, {""p_home_win"": 0.6306347504310684, ""weight"": 0.5}, {""p_home_win"": 1.0, ""weight"": 0.25}]",3.7097495925785977,,toor,"{'home_advantage': 1.5955456287406349, 'home_coeff': 0.9359300753655763, 'away_coeff': -0.8571938709734512, 'error_term': 12.915368652409905, 'win_prob_k': 6.934877960095088}",1.0,16
2025-01-09,Cleveland Cavaliers,Toronto Raptors,132,126,False,False,2025-01-09|Toronto Raptors|Cleveland Cavaliers,,,,2025-01-09|Toronto Raptors|Cleveland Cavaliers,0.9565763292584525,"[{""p_home_win"": 0.913152658516905, ""weight"": 0.25}, {""p_home_win"": 0.9565763292584525, ""weight"": 0.5}, {""p_home_win"": 1.0, ""weight"": 0.25}]",21.139986155282084,,toor,"{'home_advantage': 1.6589025269172448, 'home_coeff': 0.9244080745074489, 'away_coeff': -0.8280623748821552, 'error_term': 12.904658484442372, 'win_prob_k': 6.836207390420052}",1.0,6
2025-01-09,Detroit Pistons,Golden State Warriors,104,107,False,False,2025-01-09|Golden State Warriors|Detroit Pistons,,,,2025-01-09|Golden State Warriors|Detroit Pistons,0.5394637219801576,"[{""p_home_win"": 0.07892744396031515, ""weight"": 0.25}, {""p_home_win"": 0.5394637219801576, ""weight"": 0.5}, {""p_home_win"": 1.0, ""weight"": 0.25}]",1.0813779902050789,,toor,"{'home_advantage': 1.6589025269172448, 'home_coeff': 0.9244080745074489, 'away_coeff': -0.8280623748821552, 'error_term': 12.904658484442372, 'win_prob_k': 6.836207390420052}",0.0,-3
2025-01-09,Orlando Magic,Minnesota Timberwolves,89,104,False,False,2025-01-09|Minnesota Timberwolves|Orlando Magic,,,,2025-01-09|Minnesota Timberwolves|Orlando Magic,0.6167345911462377,"[{""p_home_win"": 0.23346918229247549, ""weight"": 0.25}, {""p_home_win"": 0.6167345911462377, ""weight"": 0.5}, {""p_home_win"": 1.0, ""weight"": 0.25}]",3.2520593851132875,,toor,"{'home_advantage': 1.6589025269172448, 'home_coeff': 0.9244080745074489, 'away_coeff': -0.8280623748821552, 'error_term': 12.904658484442372, 'win_prob_k': 6.836207390420052}",0.0,-15
2025-01-09,Dallas Mavericks,Portland Trail Blazers,117,111,False,False,2025-01-09|Portland Trail Blazers|Dallas Mavericks,,,,2025-01-09|Portland Trail Blazers|Dallas Mavericks,0.8028001542376304,"[{""p_home_win"": 0.6056003084752608, ""weight"": 0.25}, {""p_home_win"": 0.8028001542376304, ""weight"": 0.5}, {""p_home_win"": 1.0, ""weight"": 0.25}]",9.59727053963056,,toor,"{'home_advantage': 1.6589025269172448, 'home_coeff': 0.9244080745074489, 'away_coeff': -0.8280623748821552, 'error_term': 12.904658484442372, 'win_prob_k': 6.836207390420052}",1.0,6
2025-01-09,Memphis Grizzlies,Houston Rockets,115,119,False,False,2025-01-09|Houston Rockets|Memphis Grizzlies,,,,2025-01-09|Houston Rockets|Memphis Grizzlies,0.5166434298102164,"[{""p_home_win"": 0.03328685962043276, ""weight"": 0.25}, {""p_home_win"": 0.5166434298102164, ""weight"": 0.5}, {""p_home_win"": 1.0, ""weight"": 0.25}]",0.45527995353788686,,toor,"{'home_advantage': 1.6589025269172448, 'home_coeff': 0.9244080745074489, 'away_coeff': -0.8280623748821552, 'error_term': 12.904658484442372, 'win_prob_k': 6.836207390420052}",0.0,-4
2025-01-09,Phoenix Suns,Atlanta Hawks,123,115,False,False,2025-01-09|Atlanta Hawks|Phoenix Suns,,,,2025-01-09|Atlanta Hawks|Phoenix Suns,0.4213444762742019,"[{""p_home_win"": 0.0, ""weight"": 0.25}, {""p_home_win"": 0.4213444762742019, ""weight"": 0.5}, {""p_home_win"": 0.8426889525484038, ""weight"": 0.25}]",-2.16883203383016,,toor,"{'home_advantage': 1.6589025269172448, 'home_coeff': 0.9244080745074489, 'away_coeff': -0.8280623748821552, 'error_term': 12.904658484442372, 'win_prob_k': 6.836207390420052}",1.0,8
2025-01-09,Utah Jazz,Miami Heat,92,97,False,False,2025-01-09|Miami Heat|Utah Jazz,,,,2025-01-09|Miami Heat|Utah Jazz,0.2948478539285862,"[{""p_home_win"": 0.0, ""weight"": 0.25}, {""p_home_win"": 0.2948478539285862, ""weight"": 0.5}, {""p_home_win"": 0.5896957078571724, ""weight"": 0.25}]",-5.960859169570296,,toor,"{'home_advantage': 1.6589025269172448, 'home_coeff': 0.9244080745074489, 'away_coeff': -0.8280623748821552, 'error_term': 12.904658484442372, 'win_prob_k': 6.836207390420052}",0.0,-5
2025-01-10,Indiana Pacers,Golden State Warriors,108,96,False,False,2025-01-10|Golden State Warriors|Indiana Pacers,,,,2025-01-10|Golden State Warriors|Indiana Pacers,0.5182560806813864,"[{""p_home_win"": 0.0365121613627728, ""weight"": 0.25}, {""p_home_win"": 0.5182560806813864, ""weight"": 0.5}, {""p_home_win"": 1.0, ""weight"": 0.25}]",0.4921963278292436,,toor,"{'home_advantage': 1.588426541881247, 'home_coeff': 0.8994501343849715, 'away_coeff': -0.8122182046431282, 'error_term': 12.863236985465454, 'win_prob_k': 6.7371734484063985}",1.0,12
2025-01-10,Orlando Magic,Milwaukee Bucks,106,109,False,False,2025-01-10|Milwaukee Bucks|Orlando Magic,,,,2025-01-10|Milwaukee Bucks|Orlando Magic,0.5798236567812778,"[{""p_home_win"": 0.15964731356255557, ""weight"": 0.25}, {""p_home_win"": 0.5798236567812778, ""weight"": 0.5}, {""p_home_win"": 1.0, ""weight"": 0.25}]",2.169703537961425,,toor,"{'home_advantage': 1.588426541881247, 'home_coeff': 0.8994501343849715, 'away_coeff': -0.8122182046431282, 'error_term': 12.863236985465454, 'win_prob_k': 6.7371734484063985}",0.0,-3
2025-01-10,Philadelphia 76ers,New Orleans Pelicans,115,123,False,False,2025-01-10|New Orleans Pelicans|Philadelphia 76ers,,,,2025-01-10|New Orleans Pelicans|Philadelphia 76ers,0.7242134881762741,"[{""p_home_win"": 0.44842697635254813, ""weight"": 0.25}, {""p_home_win"": 0.7242134881762741, ""weight"": 0.5}, {""p_home_win"": 1.0, ""weight"": 0.25}]",6.5044658423264625,,toor,"{'home_advantage': 1.588426541881247, 'home_coeff': 0.8994501343849715, 'away_coeff': -0.8122182046431282, 'error_term': 12.863236985465454, 'win_prob_k': 6.7371734484063985}",0.0,-8
2025-01-10,Boston Celtics,Sacramento Kings,97,114,False,False,2025-01-10|Sacramento Kings|Boston Celtics,,,,2025-01-10|Sacramento Kings|Boston Celtics,0.8438816707904957,"[{""p_home_win"": 0.6877633415809914, ""weight"": 0.25}, {""p_home_win"": 0.8438816707904957, ""weight"": 0.5}, {""p_home_win"": 1.0, ""weight"": 0.25}]",11.368293298861065,,toor,"{'home_advantage': 1.588426541881247, 'home_coeff': 0.8994501343849715, 'away_coeff': -0.8122182046431282, 'error_term': 12.863236985465454, 'win_prob_k': 6.7371734484063985}",0.0,-17
2025-01-10,New York Knicks,Oklahoma City Thunder,101,126,False,False,2025-01-10|Oklahoma City Thunder|New York Knicks,,,,2025-01-10|Oklahoma City Thunder|New York Knicks,0.334268632345652,"[{""p_home_win"": 0.0, ""weight"": 0.25}, {""p_home_win"": 0.334268632345652, ""weight"": 0.5}, {""p_home_win"": 0.668537264691304, ""weight"": 0.25}]",-4.641516893277231,,toor,"{'home_advantage': 1.588426541881247, 'home_coeff': 0.8994501343849715, 'away_coeff': -0.8122182046431282, 'error_term': 12.863236985465454, 'win_prob_k': 6.7371734484063985}",0.0,-25
2025-01-10,Chicago Bulls,Washington Wizards,138,105,False,False,2025-01-10|Washington Wizards|Chicago Bulls,,,,2025-01-10|Washington Wizards|Chicago Bulls,0.7779315320636525,"[{""p_home_win"": 0.555863064127305, ""weight"": 0.25}, {""p_home_win"": 0.7779315320636525, ""weight"": 0.5}, {""p_home_win"": 1.0, ""weight"": 0.25}]",8.44607613397947,,toor,"{'home_advantage': 1.588426541881247, 'home_coeff': 0.8994501343849715, 'away_coeff': -0.8122182046431282, 'error_term': 12.863236985465454, 'win_prob_k': 6.7371734484063985}",1.0,33
2025-01-10,Denver Nuggets,Brooklyn Nets,124,105,False,False,2025-01-10|Brooklyn Nets|Denver Nuggets,,,,2025-01-10|Brooklyn Nets|Denver Nuggets,0.7953035999407794,"[{""p_home_win"": 0.5906071998815587, ""weight"": 0.25}, {""p_home_win"": 0.7953035999407794, ""weight"": 0.5}, {""p_home_win"": 1.0, ""weight"": 0.25}]",9.143665006277995,,toor,"{'home_advantage': 1.588426541881247, 'home_coeff': 0.8994501343849715, 'away_coeff': -0.8122182046431282, 'error_term': 12.863236985465454, 'win_prob_k': 6.7371734484063985}",1.0,19
2025-01-11,Phoenix Suns,Utah Jazz,114,106,False,False,2025-01-11|Utah Jazz|Phoenix Suns,,,,2025-01-11|Utah Jazz|Phoenix Suns,0.6938989378429629,"[{""p_home_win"": 0.3877978756859257, ""weight"": 0.25}, {""p_home_win"": 0.6938989378429629, ""weight"": 0.5}, {""p_home_win"": 1.0, ""weight"": 0.25}]",5.608195177188708,,toor,"{'home_advantage': 1.5297869649935072, 'home_coeff': 0.8885206467379719, 'away_coeff': -0.8229107448215227, 'error_term': 12.9191692664537, 'win_prob_k': 6.852541204670452}",1.0,8
2025-01-11,Detroit Pistons,Toronto Raptors,123,114,False,False,2025-01-11|Toronto Raptors|Detroit Pistons,,,,2025-01-11|Toronto Raptors|Detroit Pistons,0.7799207385743899,"[{""p_home_win"": 0.5598414771487799, ""weight"": 0.25}, {""p_home_win"": 0.7799207385743899, ""weight"": 0.5}, {""p_home_win"": 1.0, ""weight"": 0.25}]",8.66986621961518,,toor,"{'home_advantage': 1.5297869649935072, 'home_coeff': 0.8885206467379719, 'away_coeff': -0.8229107448215227, 'error_term': 12.9191692664537, 'win_prob_k': 6.852541204670452}",1.0,9
2025-01-11,Minnesota Timberwolves,Memphis Grizzlies,125,127,False,False,2025-01-11|Memphis Grizzlies|Minnesota Timberwolves,,,,2025-01-11|Memphis Grizzlies|Minnesota Timberwolves,0.5035704070423278,"[{""p_home_win"": 0.007140814084655611, ""weight"": 0.25}, {""p_home_win"": 0.5035704070423278, ""weight"": 0.5}, {""p_home_win"": 1.0, ""weight"": 0.25}]",0.09786710897722362,,toor,"{'home_advantage': 1.5297869649935072, 'home_coeff': 0.8885206467379719, 'away_coeff': -0.8229107448215227, 'error_term': 12.9191692664537, 'win_prob_k': 6.852541204670452}",0.0,-2
2025-01-11,Portland Trail Blazers,Miami Heat,98,119,False,False,2025-01-11|Miami Heat|Portland Trail Blazers,,,,2025-01-11|Miami Heat|Portland Trail Blazers,0.3554151754617165,"[{""p_home_win"": 0.0, ""weight"": 0.25}, {""p_home_win"": 0.3554151754617165, ""weight"": 0.5}, {""p_home_win"": 0.710830350923433, ""weight"": 0.25}]",-4.079453542923491,,toor,"{'home_advantage': 1.5297869649935072, 'home_coeff': 0.8885206467379719, 'away_coeff': -0.8229107448215227, 'error_term': 12.9191692664537, 'win_prob_k': 6.852541204670452}",0.0,-21
2025-01-12,Dallas Mavericks,Denver Nuggets,101,112,False,False,2025-01-12|Denver Nuggets|Dallas Mavericks,,,,2025-01-12|Denver Nuggets|Dallas Mavericks,0.5732348367929825,"[{""p_home_win"": 0.14646967358596497, ""weight"": 0.25}, {""p_home_win"": 0.5732348367929825, ""weight"": 0.5}, {""p_home_win"": 1.0, ""weight"": 0.25}]",2.0115512356540566,,toor,"{'home_advantage': 1.4898776394188515, 'home_coeff': 0.8925566051348384, 'away_coeff': -0.8169687423926741, 'error_term': 12.880494186682432, 'win_prob_k': 6.817394709979183}",0.0,-11
2025-01-12,New York Knicks,Milwaukee Bucks,140,106,False,False,2025-01-12|Milwaukee Bucks|New York Knicks,,,,2025-01-12|Milwaukee Bucks|New York Knicks,0.5846652903644353,"[{""p_home_win"": 0.16933058072887053, ""weight"": 0.25}, {""p_home_win"": 0.5846652903644353, ""weight"": 0.5}, {""p_home_win"": 1.0, ""weight"": 0.25}]",2.3312408845455517,,toor,"{'home_advantage': 1.4898776394188515, 'home_coeff': 0.8925566051348384, 'away_coeff': -0.8169687423926741, 'error_term': 12.880494186682432, 'win_prob_k': 6.817394709979183}",1.0,34
2025-01-12,Chicago Bulls,Sacramento Kings,119,124,False,False,2025-01-12|Sacramento Kings|Chicago Bulls,,,,2025-01-12|Sacramento Kings|Chicago Bulls,0.5486683377084477,"[{""p_home_win"": 0.09733667541689539, ""weight"": 0.25}, {""p_home_win"": 0.5486683377084477, ""weight"": 0.5}, {""p_home_win"": 1.0, ""weight"": 0.25}]",1.3313804379389351,,toor,"{'home_advantage': 1.4898776394188515, 'home_coeff': 0.8925566051348384, 'away_coeff': -0.8169687423926741, 'error_term': 12.880494186682432, 'win_prob_k': 6.817394709979183}",0.0,-5
2025-01-12,Boston Celtics,New Orleans Pelicans,120,119,False,False,2025-01-12|New Orleans Pelicans|Boston Celtics,,,,2025-01-12|New Orleans Pelicans|Boston Celtics,0.9275920175712874,"[{""p_home_win"": 0.8551840351425748, ""weight"": 0.25}, {""p_home_win"": 0.9275920175712874, ""weight"": 0.5}, {""p_home_win"": 1.0, ""weight"": 0.25}]",17.38623437562981,,toor,"{'home_advantage': 1.4898776394188515, 'home_coeff': 0.8925566051348384, 'away_coeff': -0.8169687423926741, 'error_term': 12.880494186682432, 'win_prob_k': 6.817394709979183}",1.0,1
2025-01-12,Cleveland Cavaliers,Indiana Pacers,93,108,False,False,2025-01-12|Indiana Pacers|Cleveland Cavaliers,,,,2025-01-12|Indiana Pacers|Cleveland Cavaliers,0.8638640146938249,"[{""p_home_win"": 0.7277280293876498, ""weight"": 0.25}, {""p_home_win"": 0.8638640146938249, ""weight"": 0.5}, {""p_home_win"": 1.0, ""weight"": 0.25}]",12.596916665832033,,toor,"{'home_advantage': 1.4898776394188515, 'home_coeff': 0.8925566051348384, 'away_coeff': -0.8169687423926741, 'error_term': 12.880494186682432, 'win_prob_k': 6.817394709979183}",0.0,-15
2025-01-12,Orlando Magic,Philadelphia 76ers,104,99,False,False,2025-01-12|Philadelphia 76ers|Orlando Magic,,,,2025-01-12|Philadelphia 76ers|Orlando Magic,0.7435445884288101,"[{""p_home_win"": 0.4870891768576202, ""weight"": 0.25}, {""p_home_win"": 0.7435445884288101, ""weight"": 0.5}, {""p_home_win"": 1.0, ""weight"": 0.25}]",7.256938868524783,,toor,"{'home_advantage': 1.4898776394188515, 'home_coeff': 0.8925566051348384, 'away_coeff': -0.8169687423926741, 'error_term': 12.880494186682432, 'win_prob_k': 6.817394709979183}",1.0,5
2025-01-12,Washington Wizards,Oklahoma City Thunder,95,136,False,False,2025-01-12|Oklahoma City Thunder|Washington Wizards,,,,2025-01-12|Oklahoma City Thunder|Washington Wizards,0.07123019294617165,"[{""p_home_win"": 0.0, ""weight"": 0.25}, {""p_home_win"": 0.07123019294617165, ""weight"": 0.5}, {""p_home_win"": 0.1424603858923433, ""weight"": 0.25}]",-17.506688765651866,,toor,"{'home_advantage': 1.4898776394188515, 'home_coeff': 0.8925566051348384, 'away_coeff': -0.8169687423926741, 'error_term': 12.880494186682432, 'win_prob_k': 6.817394709979183}",0.0,-41
2025-01-12,Utah Jazz,Brooklyn Nets,112,111,False,False,2025-01-12|Brooklyn Nets|Utah Jazz,,,,2025-01-12|Brooklyn Nets|Utah Jazz,0.4489078055332707,"[{""p_home_win"": 0.0, ""weight"": 0.25}, {""p_home_win"": 0.4489078055332707, ""weight"": 0.5}, {""p_home_win"": 0.8978156110665414, ""weight"": 0.25}]",-1.3981425544247301,,toor,"{'home_advantage': 1.4898776394188515, 'home_coeff': 0.8925566051348384, 'away_coeff': -0.8169687423926741, 'error_term': 12.880494186682432, 'win_prob_k': 6.817394709979183}",1.0,1
2025-01-12,Phoenix Suns,Charlotte Hornets,120,113,False,False,2025-01-12|Charlotte Hornets|Phoenix Suns,,,,2025-01-12|Charlotte Hornets|Phoenix Suns,0.7560166555805614,"[{""p_home_win"": 0.5120333111611228, ""weight"": 0.25}, {""p_home_win"": 0.7560166555805614, ""weight"": 0.5}, {""p_home_win"": 1.0, ""weight"": 0.25}]",7.710224205355744,,toor,"{'home_advantage': 1.4898776394188515, 'home_coeff': 0.8925566051348384, 'away_coeff': -0.8169687423926741, 'error_term': 12.880494186682432, 'win_prob_k': 6.817394709979183}",1.0,7
2025-01-13,Washington Wizards,Minnesota Timberwolves,106,120,False,False,2025-01-13|Minnesota Timberwolves|Washington Wizards,,,,2025-01-13|Minnesota Timberwolves|Washington Wizards,0.21250864029684738,"[{""p_home_win"": 0.0, ""weight"": 0.25}, {""p_home_win"": 0.21250864029684738, ""weight"": 0.5}, {""p_home_win"": 0.42501728059369476, ""weight"": 0.25}]",-9.030921281279214,,toor,"{'home_advantage': 1.3928059911189448, 'home_coeff': 0.8868980136558269, 'away_coeff': -0.8185551650878399, 'error_term': 12.945483838732025, 'win_prob_k': 6.894518538093138}",0.0,-14
2025-01-13,New York Knicks,Detroit Pistons,119,124,False,False,2025-01-13|Detroit Pistons|New York Knicks,,,,2025-01-13|Detroit Pistons|New York Knicks,0.6675447640680735,"[{""p_home_win"": 0.335089528136147, ""weight"": 0.25}, {""p_home_win"": 0.6675447640680735, ""weight"": 0.5}, {""p_home_win"": 1.0, ""weight"": 0.25}]",4.806177339674213,,toor,"{'home_advantage': 1.3928059911189448, 'home_coeff': 0.8868980136558269, 'away_coeff': -0.8185551650878399, 'error_term': 12.945483838732025, 'win_prob_k': 6.894518538093138}",0.0,-5
2025-01-13,Toronto Raptors,Golden State Warriors,104,101,False,False,2025-01-13|Golden State Warriors|Toronto Raptors,,,,2025-01-13|Golden State Warriors|Toronto Raptors,0.2435232568894796,"[{""p_home_win"": 0.0, ""weight"": 0.25}, {""p_home_win"": 0.2435232568894796, ""weight"": 0.5}, {""p_home_win"": 0.4870465137789592, ""weight"": 0.25}]",-7.814656440116154,,toor,"{'home_advantage': 1.3928059911189448, 'home_coeff': 0.8868980136558269, 'away_coeff': -0.8185551650878399, 'error_term': 12.945483838732025, 'win_prob_k': 6.894518538093138}",1.0,3
2025-01-13,Houston Rockets,Memphis Grizzlies,120,118,False,False,2025-01-13|Memphis Grizzlies|Houston Rockets,,,,2025-01-13|Memphis Grizzlies|Houston Rockets,0.6687900413687977,"[{""p_home_win"": 0.33758008273759543, ""weight"": 0.25}, {""p_home_win"": 0.6687900413687977, ""weight"": 0.5}, {""p_home_win"": 1.0, ""weight"": 0.25}]",4.844900078505849,,toor,"{'home_advantage': 1.3928059911189448, 'home_coeff': 0.8868980136558269, 'away_coeff': -0.8185551650878399, 'error_term': 12.945483838732025, 'win_prob_k': 6.894518538093138}",1.0,2
2025-01-13,Los Angeles Clippers,Miami Heat,109,98,False,False,2025-01-13|Miami Heat|Los Angeles Clippers,,,,2025-01-13|Miami Heat|Los Angeles Clippers,0.5927599236120588,"[{""p_home_win"": 0.18551984722411752, ""weight"": 0.25}, {""p_home_win"": 0.5927599236120588, ""weight"": 0.5}, {""p_home_win"": 1.0, ""weight"": 0.25}]",2.5881097805409596,,toor,"{'home_advantage': 1.3928059911189448, 'home_coeff': 0.8868980136558269, 'away_coeff': -0.8185551650878399, 'error_term': 12.945483838732025, 'win_prob_k': 6.894518538093138}",1.0,11
2025-01-13,Los Angeles Lakers,San Antonio Spurs,102,126,False,False,2025-01-13|San Antonio Spurs|Los Angeles Lakers,,,,2025-01-13|San Antonio Spurs|Los Angeles Lakers,0.6590066415004386,"[{""p_home_win"": 0.3180132830008773, ""weight"": 0.25}, {""p_home_win"": 0.6590066415004386, ""weight"": 0.5}, {""p_home_win"": 1.0, ""weight"": 0.25}]",4.542595648970591,,toor,"{'home_advantage': 1.3928059911189448, 'home_coeff': 0.8868980136558269, 'away_coeff': -0.8185551650878399, 'error_term': 12.945483838732025, 'win_prob_k': 6.894518538093138}",0.0,-24
2025-01-14,Indiana Pacers,Cleveland Cavaliers,117,127,False,False,2025-01-14|Cleveland Cavaliers|Indiana Pacers,,,,2025-01-14|Cleveland Cavaliers|Indiana Pacers,0.2647214529798341,"[{""p_home_win"": 0.0, ""weight"": 0.25}, {""p_home_win"": 0.2647214529798341, ""weight"": 0.5}, {""p_home_win"": 0.5294429059596683, ""weight"": 0.25}]",-7.063575394888079,,toor,"{'home_advantage': 1.3411005284175257, 'home_coeff': 0.870037240276246, 'away_coeff': -0.8109160883297071, 'error_term': 12.963025343069129, 'win_prob_k': 6.914422651011954}",0.0,-10
2025-01-14,Philadelphia 76ers,Oklahoma City Thunder,102,118,False,False,2025-01-14|Oklahoma City Thunder|Philadelphia 76ers,,,,2025-01-14|Oklahoma City Thunder|Philadelphia 76ers,0.1184903861910269,"[{""p_home_win"": 0.0, ""weight"": 0.25}, {""p_home_win"": 0.1184903861910269, ""weight"": 0.5}, {""p_home_win"": 0.2369807723820538, ""weight"": 0.25}]",-13.875891586043949,,toor,"{'home_advantage': 1.3411005284175257, 'home_coeff': 0.870037240276246, 'away_coeff': -0.8109160883297071, 'error_term': 12.963025343069129, 'win_prob_k': 6.914422651011954}",0.0,-16
2025-01-14,Atlanta Hawks,Phoenix Suns,122,117,False,False,2025-01-14|Phoenix Suns|Atlanta Hawks,,,,2025-01-14|Phoenix Suns|Atlanta Hawks,0.5764008480003081,"[{""p_home_win"": 0.15280169600061622, ""weight"": 0.25}, {""p_home_win"": 0.5764008480003081, ""weight"": 0.5}, {""p_home_win"": 1.0, ""weight"": 0.25}]",2.1297508953631388,,toor,"{'home_advantage': 1.3411005284175257, 'home_coeff': 0.870037240276246, 'away_coeff': -0.8109160883297071, 'error_term': 12.963025343069129, 'win_prob_k': 6.914422651011954}",1.0,5
2025-01-14,Chicago Bulls,New Orleans Pelicans,113,119,False,False,2025-01-14|New Orleans Pelicans|Chicago Bulls,,,,2025-01-14|New Orleans Pelicans|Chicago Bulls,0.7706070714416214,"[{""p_home_win"": 0.5412141428832429, ""weight"": 0.25}, {""p_home_win"": 0.7706070714416214, ""weight"": 0.5}, {""p_home_win"": 1.0, ""weight"": 0.25}]",8.378497924257864,,toor,"{'home_advantage': 1.3411005284175257, 'home_coeff': 0.870037240276246, 'away_coeff': -0.8109160883297071, 'error_term': 12.963025343069129, 'win_prob_k': 6.914422651011954}",0.0,-6
2025-01-14,Milwaukee Bucks,Sacramento Kings,130,115,False,False,2025-01-14|Sacramento Kings|Milwaukee Bucks,,,,2025-01-14|Sacramento Kings|Milwaukee Bucks,0.6028007966691304,"[{""p_home_win"": 0.2056015933382609, ""weight"": 0.25}, {""p_home_win"": 0.6028007966691304, ""weight"": 0.5}, {""p_home_win"": 1.0, ""weight"": 0.25}]",2.884343539631784,,toor,"{'home_advantage': 1.3411005284175257, 'home_coeff': 0.870037240276246, 'away_coeff': -0.8109160883297071, 'error_term': 12.963025343069129, 'win_prob_k': 6.914422651011954}",1.0,15
2025-01-14,Dallas Mavericks,Denver Nuggets,99,118,False,False,2025-01-14|Denver Nuggets|Dallas Mavericks,,,,2025-01-14|Denver Nuggets|Dallas Mavericks,0.5390773077200413,"[{""p_home_win"": 0.07815461544008251, ""weight"": 0.25}, {""p_home_win"": 0.5390773077200413, ""weight"": 0.5}, {""p_home_win"": 1.0, ""weight"": 0.25}]",1.0829967230211768,,toor,"{'home_advantage': 1.3411005284175257, 'home_coeff': 0.870037240276246, 'away_coeff': -0.8109160883297071, 'error_term': 12.963025343069129, 'win_prob_k': 6.914422651011954}",0.0,-19
2025-01-14,Portland Trail Blazers,Brooklyn Nets,114,132,False,False,2025-01-14|Brooklyn Nets|Portland Trail Blazers,,,,2025-01-14|Brooklyn Nets|Portland Trail Blazers,0.5441324928629635,"[{""p_home_win"": 0.088264985725927, ""weight"": 0.25}, {""p_home_win"": 0.5441324928629635, ""weight"": 0.5}, {""p_home_win"": 1.0, ""weight"": 0.25}]",1.2237875197063213,,toor,"{'home_advantage': 1.3411005284175257, 'home_coeff': 0.870037240276246, 'away_coeff': -0.8109160883297071, 'error_term': 12.963025343069129, 'win_prob_k': 6.914422651011954}",0.0,-18
2025-01-15,Philadelphia 76ers,New York Knicks,119,125,False,False,2025-01-15|New York Knicks|Philadelphia 76ers,,,,2025-01-15|New York Knicks|Philadelphia 76ers,0.2880789932630956,"[{""p_home_win"": 0.0, ""weight"": 0.25}, {""p_home_win"": 0.2880789932630956, ""weight"": 0.5}, {""p_home_win"": 0.5761579865261912, ""weight"": 0.25}]",-6.255518384048147,,toor,"{'home_advantage': 1.2774511405641893, 'home_coeff': 0.8573702138777695, 'away_coeff': -0.7919081958691487, 'error_term': 12.966334087240009, 'win_prob_k': 6.914220740949887}",0.0,-6
2025-01-15,Toronto Raptors,Boston Celtics,110,97,False,False,2025-01-15|Boston Celtics|Toronto Raptors,,,,2025-01-15|Boston Celtics|Toronto Raptors,0.1191143302003851,"[{""p_home_win"": 0.0, ""weight"": 0.25}, {""p_home_win"": 0.1191143302003851, ""weight"": 0.5}, {""p_home_win"": 0.2382286604007702, ""weight"": 0.25}]",-13.834277460593245,,toor,"{'home_advantage': 1.2774511405641893, 'home_coeff': 0.8573702138777695, 'away_coeff': -0.7919081958691487, 'error_term': 12.966334087240009, 'win_prob_k': 6.914220740949887}",1.0,13
2025-01-15,Chicago Bulls,Atlanta Hawks,94,110,False,False,2025-01-15|Atlanta Hawks|Chicago Bulls,,,,2025-01-15|Atlanta Hawks|Chicago Bulls,0.47443452780748857,"[{""p_home_win"": 0.0, ""weight"": 0.25}, {""p_home_win"": 0.47443452780748857, ""weight"": 0.5}, {""p_home_win"": 0.9488690556149771, ""weight"": 0.25}]",-0.7076784147749067,,toor,"{'home_advantage': 1.2774511405641893, 'home_coeff': 0.8573702138777695, 'away_coeff': -0.7919081958691487, 'error_term': 12.966334087240009, 'win_prob_k': 6.914220740949887}",0.0,-16
2025-01-15,Milwaukee Bucks,Orlando Magic,122,93,False,False,2025-01-15|Orlando Magic|Milwaukee Bucks,,,,2025-01-15|Orlando Magic|Milwaukee Bucks,0.5540631178495566,"[{""p_home_win"": 0.10812623569911328, ""weight"": 0.25}, {""p_home_win"": 0.5540631178495566, ""weight"": 0.5}, {""p_home_win"": 1.0, ""weight"": 0.25}]",1.50108554546502,,toor,"{'home_advantage': 1.2774511405641893, 'home_coeff': 0.8573702138777695, 'away_coeff': -0.7919081958691487, 'error_term': 12.966334087240009, 'win_prob_k': 6.914220740949887}",1.0,29
2025-01-15,New Orleans Pelicans,Dallas Mavericks,119,116,False,False,2025-01-15|Dallas Mavericks|New Orleans Pelicans,,,,2025-01-15|Dallas Mavericks|New Orleans Pelicans,0.21050439860913236,"[{""p_home_win"": 0.0, ""weight"": 0.25}, {""p_home_win"": 0.21050439860913236, ""weight"": 0.5}, {""p_home_win"": 0.42100879721826473, ""weight"": 0.25}]",-9.139823445092173,,toor,"{'home_advantage': 1.2774511405641893, 'home_coeff': 0.8573702138777695, 'away_coeff': -0.7919081958691487, 'error_term': 12.966334087240009, 'win_prob_k': 6.914220740949887}",1.0,3
2025-01-15,San Antonio Spurs,Memphis Grizzlies,115,129,False,False,2025-01-15|Memphis Grizzlies|San Antonio Spurs,,,,2025-01-15|Memphis Grizzlies|San Antonio Spurs,0.4097317118639,"[{""p_home_win"": 0.0, ""weight"": 0.25}, {""p_home_win"": 0.4097317118639, ""weight"": 0.5}, {""p_home_win"": 0.8194634237278, ""weight"": 0.25}]",-2.524206198422534,,toor,"{'home_advantage': 1.2774511405641893, 'home_coeff': 0.8573702138777695, 'away_coeff': -0.7919081958691487, 'error_term': 12.966334087240009, 'win_prob_k': 6.914220740949887}",0.0,-14
2025-01-15,Denver Nuggets,Houston Rockets,108,128,False,False,2025-01-15|Houston Rockets|Denver Nuggets,,,,2025-01-15|Houston Rockets|Denver Nuggets,0.418654207116424,"[{""p_home_win"": 0.0, ""weight"": 0.25}, {""p_home_win"": 0.418654207116424, ""weight"": 0.5}, {""p_home_win"": 0.837308414232848, ""weight"": 0.25}]",-2.2699417836868125,,toor,"{'home_advantage': 1.2774511405641893, 'home_coeff': 0.8573702138777695, 'away_coeff': -0.7919081958691487, 'error_term': 12.966334087240009, 'win_prob_k': 6.914220740949887}",0.0,-20
2025-01-15,Utah Jazz,Charlotte Hornets,112,117,False,False,2025-01-15|Charlotte Hornets|Utah Jazz,,,,2025-01-15|Charlotte Hornets|Utah Jazz,0.5685505964982002,"[{""p_home_win"": 0.13710119299640033, ""weight"": 0.25}, {""p_home_win"": 0.5685505964982002, ""weight"": 0.5}, {""p_home_win"": 1.0, ""weight"": 0.25}]",1.907910505587294,,toor,"{'home_advantage': 1.2774511405641893, 'home_coeff': 0.8573702138777695, 'away_coeff': -0.7919081958691487, 'error_term': 12.966334087240009, 'win_prob_k': 6.914220740949887}",0.0,-5
2025-01-15,Minnesota Timberwolves,Golden State Warriors,115,116,False,False,2025-01-15|Golden State Warriors|Minnesota Timberwolves,,,,2025-01-15|Golden State Warriors|Minnesota Timberwolves,0.5844400603508907,"[{""p_home_win"": 0.16888012070178138, ""weight"": 0.25}, {""p_home_win"": 0.5844400603508907, ""weight"": 0.5}, {""p_home_win"": 1.0, ""weight"": 0.25}]",2.357938474037664,,toor,"{'home_advantage': 1.2774511405641893, 'home_coeff': 0.8573702138777695, 'away_coeff': -0.7919081958691487, 'error_term': 12.966334087240009, 'win_prob_k': 6.914220740949887}",0.0,-1
2025-01-15,Los Angeles Lakers,Miami Heat,117,108,False,False,2025-01-15|Miami Heat|Los Angeles Lakers,,,,2025-01-15|Miami Heat|Los Angeles Lakers,0.5944747790183916,"[{""p_home_win"": 0.18894955803678326, ""weight"": 0.25}, {""p_home_win"": 0.5944747790183916, ""weight"": 0.5}, {""p_home_win"": 1.0, ""weight"": 0.25}]",2.644656400813587,,toor,"{'home_advantage': 1.2774511405641893, 'home_coeff': 0.8573702138777695, 'away_coeff': -0.7919081958691487, 'error_term': 12.966334087240009, 'win_prob_k': 6.914220740949887}",1.0,9
2025-01-15,Los Angeles Clippers,Brooklyn Nets,126,67,False,False,2025-01-15|Brooklyn Nets|Los Angeles Clippers,,,,2025-01-15|Brooklyn Nets|Los Angeles Clippers,0.777650098054422,"[{""p_home_win"": 0.555300196108844, ""weight"": 0.25}, {""p_home_win"": 0.777650098054422, ""weight"": 0.5}, {""p_home_win"": 1.0, ""weight"": 0.25}]",8.656773085828494,,toor,"{'home_advantage': 1.2774511405641893, 'home_coeff': 0.8573702138777695, 'away_coeff': -0.7919081958691487, 'error_term': 12.966334087240009, 'win_prob_k': 6.914220740949887}",1.0,59
2025-01-16,Detroit Pistons,Indiana Pacers,100,111,False,False,2025-01-16|Indiana Pacers|Detroit Pistons,,,,2025-01-16|Indiana Pacers|Detroit Pistons,0.5139437423151618,"[{""p_home_win"": 0.027887484630323645, ""weight"": 0.25}, {""p_home_win"": 0.5139437423151618, ""weight"": 0.5}, {""p_home_win"": 1.0, ""weight"": 0.25}]",0.39327897714461324,,toor,"{'home_advantage': 1.3919826426310136, 'home_coeff': 0.8407169654025904, 'away_coeff': -0.7673090701632389, 'error_term': 13.165054871809511, 'win_prob_k': 7.049345049169556}",0.0,-11
2025-01-16,Washington Wizards,Phoenix Suns,123,130,False,False,2025-01-16|Phoenix Suns|Washington Wizards,,,,2025-01-16|Phoenix Suns|Washington Wizards,0.31682756650467025,"[{""p_home_win"": 0.0, ""weight"": 0.25}, {""p_home_win"": 0.31682756650467025, ""weight"": 0.5}, {""p_home_win"": 0.6336551330093405, ""weight"": 0.25}]",-5.416643570096793,,toor,"{'home_advantage': 1.3919826426310136, 'home_coeff': 0.8407169654025904, 'away_coeff': -0.7673090701632389, 'error_term': 13.165054871809511, 'win_prob_k': 7.049345049169556}",0.0,-7
2025-01-16,Oklahoma City Thunder,Cleveland Cavaliers,134,114,False,False,2025-01-16|Cleveland Cavaliers|Oklahoma City Thunder,,,,2025-01-16|Cleveland Cavaliers|Oklahoma City Thunder,0.5792040252435857,"[{""p_home_win"": 0.15840805048717144, ""weight"": 0.25}, {""p_home_win"": 0.5792040252435857, ""weight"": 0.5}, {""p_home_win"": 1.0, ""weight"": 0.25}]",2.2523129387399283,,toor,"{'home_advantage': 1.3919826426310136, 'home_coeff': 0.8407169654025904, 'away_coeff': -0.7673090701632389, 'error_term': 13.165054871809511, 'win_prob_k': 7.049345049169556}",1.0,20
2025-01-16,Portland Trail Blazers,Los Angeles Clippers,89,118,False,False,2025-01-16|Los Angeles Clippers|Portland Trail Blazers,,,,2025-01-16|Los Angeles Clippers|Portland Trail Blazers,0.268578634279429,"[{""p_home_win"": 0.0, ""weight"": 0.25}, {""p_home_win"": 0.268578634279429, ""weight"": 0.5}, {""p_home_win"": 0.537157268558858, ""weight"": 0.25}]",-7.06235800762523,,toor,"{'home_advantage': 1.3919826426310136, 'home_coeff': 0.8407169654025904, 'away_coeff': -0.7673090701632389, 'error_term': 13.165054871809511, 'win_prob_k': 7.049345049169556}",0.0,-29
2025-01-16,Sacramento Kings,Houston Rockets,132,127,False,False,2025-01-16|Houston Rockets|Sacramento Kings,,,,2025-01-16|Houston Rockets|Sacramento Kings,0.27772527387993434,"[{""p_home_win"": 0.0, ""weight"": 0.25}, {""p_home_win"": 0.27772527387993434, ""weight"": 0.5}, {""p_home_win"": 0.5554505477598687, ""weight"": 0.25}]",-6.737574878078689,,toor,"{'home_advantage': 1.3919826426310136, 'home_coeff': 0.8407169654025904, 'away_coeff': -0.7673090701632389, 'error_term': 13.165054871809511, 'win_prob_k': 7.049345049169556}",1.0,5
2025-01-17,Boston Celtics,Orlando Magic,121,94,False,False,2025-01-17|Orlando Magic|Boston Celtics,,,,2025-01-17|Orlando Magic|Boston Celtics,0.7352295628685389,"[{""p_home_win"": 0.4704591257370778, ""weight"": 0.25}, {""p_home_win"": 0.7352295628685389, ""weight"": 0.5}, {""p_home_win"": 1.0, ""weight"": 0.25}]",7.244079750344882,,toor,"{'home_advantage': 1.3809097623702387, 'home_coeff': 0.8569733980280707, 'away_coeff': -0.7461663260705339, 'error_term': 13.14871645638584, 'win_prob_k': 7.092862716750959}",1.0,27
2025-01-17,New York Knicks,Minnesota Timberwolves,99,116,False,False,2025-01-17|Minnesota Timberwolves|New York Knicks,,,,2025-01-17|Minnesota Timberwolves|New York Knicks,0.6250605537762003,"[{""p_home_win"": 0.2501211075524006, ""weight"": 0.25}, {""p_home_win"": 0.6250605537762003, ""weight"": 0.5}, {""p_home_win"": 1.0, ""weight"": 0.25}]",3.6250486124839,,toor,"{'home_advantage': 1.3809097623702387, 'home_coeff': 0.8569733980280707, 'away_coeff': -0.7461663260705339, 'error_term': 13.14871645638584, 'win_prob_k': 7.092862716750959}",0.0,-17
2025-01-17,Chicago Bulls,Charlotte Hornets,123,125,False,False,2025-01-17|Charlotte Hornets|Chicago Bulls,,,,2025-01-17|Charlotte Hornets|Chicago Bulls,0.7219361196584614,"[{""p_home_win"": 0.44387223931692277, ""weight"": 0.25}, {""p_home_win"": 0.7219361196584614, ""weight"": 0.5}, {""p_home_win"": 1.0, ""weight"": 0.25}]",6.767199495533203,,toor,"{'home_advantage': 1.3809097623702387, 'home_coeff': 0.8569733980280707, 'away_coeff': -0.7461663260705339, 'error_term': 13.14871645638584, 'win_prob_k': 7.092862716750959}",0.0,-2
2025-01-17,Miami Heat,Denver Nuggets,113,133,False,False,2025-01-17|Denver Nuggets|Miami Heat,,,,2025-01-17|Denver Nuggets|Miami Heat,0.45199952250244585,"[{""p_home_win"": 0.0, ""weight"": 0.25}, {""p_home_win"": 0.45199952250244585, ""weight"": 0.5}, {""p_home_win"": 0.9039990450048917, ""weight"": 0.25}]",-1.366050142277671,,toor,"{'home_advantage': 1.3809097623702387, 'home_coeff': 0.8569733980280707, 'away_coeff': -0.7461663260705339, 'error_term': 13.14871645638584, 'win_prob_k': 7.092862716750959}",0.0,-20
2025-01-17,Milwaukee Bucks,Toronto Raptors,130,112,False,False,2025-01-17|Toronto Raptors|Milwaukee Bucks,,,,2025-01-17|Toronto Raptors|Milwaukee Bucks,0.8171063493230295,"[{""p_home_win"": 0.634212698646059, ""weight"": 0.25}, {""p_home_win"": 0.8171063493230295, ""weight"": 0.5}, {""p_home_win"": 1.0, ""weight"": 0.25}]",10.617053814295055,,toor,"{'home_advantage': 1.3809097623702387, 'home_coeff': 0.8569733980280707, 'away_coeff': -0.7461663260705339, 'error_term': 13.14871645638584, 'win_prob_k': 7.092862716750959}",1.0,18
2025-01-17,New Orleans Pelicans,Utah Jazz,136,123,False,False,2025-01-17|Utah Jazz|New Orleans Pelicans,,,,2025-01-17|Utah Jazz|New Orleans Pelicans,0.5155158457973475,"[{""p_home_win"": 0.0310316915946951, ""weight"": 0.25}, {""p_home_win"": 0.5155158457973475, ""weight"": 0.5}, {""p_home_win"": 1.0, ""weight"": 0.25}]",0.44034843985579464,,toor,"{'home_advantage': 1.3809097623702387, 'home_coeff': 0.8569733980280707, 'away_coeff': -0.7461663260705339, 'error_term': 13.14871645638584, 'win_prob_k': 7.092862716750959}",1.0,13
2025-01-17,Dallas Mavericks,Oklahoma City Thunder,106,98,False,False,2025-01-17|Oklahoma City Thunder|Dallas Mavericks,,,,2025-01-17|Oklahoma City Thunder|Dallas Mavericks,0.2657935012981024,"[{""p_home_win"": 0.0, ""weight"": 0.25}, {""p_home_win"": 0.2657935012981024, ""weight"": 0.5}, {""p_home_win"": 0.5315870025962048, ""weight"": 0.25}]",-7.20684946103966,,toor,"{'home_advantage': 1.3809097623702387, 'home_coeff': 0.8569733980280707, 'away_coeff': -0.7461663260705339, 'error_term': 13.14871645638584, 'win_prob_k': 7.092862716750959}",1.0,8
2025-01-17,San Antonio Spurs,Memphis Grizzlies,112,140,False,False,2025-01-17|Memphis Grizzlies|San Antonio Spurs,,,,2025-01-17|Memphis Grizzlies|San Antonio Spurs,0.3843573312452403,"[{""p_home_win"": 0.0, ""weight"": 0.25}, {""p_home_win"": 0.3843573312452403, ""weight"": 0.5}, {""p_home_win"": 0.7687146624904806, ""weight"": 0.25}]",-3.341405366710572,,toor,"{'home_advantage': 1.3809097623702387, 'home_coeff': 0.8569733980280707, 'away_coeff': -0.7461663260705339, 'error_term': 13.14871645638584, 'win_prob_k': 7.092862716750959}",0.0,-28
2025-01-17,Los Angeles Lakers,Brooklyn Nets,102,101,False,False,2025-01-17|Brooklyn Nets|Los Angeles Lakers,,,,2025-01-17|Brooklyn Nets|Los Angeles Lakers,0.7749924463110583,"[{""p_home_win"": 0.5499848926221167, ""weight"": 0.25}, {""p_home_win"": 0.7749924463110583, ""weight"": 0.5}, {""p_home_win"": 1.0, ""weight"": 0.25}]",8.771880278024694,,toor,"{'home_advantage': 1.3809097623702387, 'home_coeff': 0.8569733980280707, 'away_coeff': -0.7461663260705339, 'error_term': 13.14871645638584, 'win_prob_k': 7.092862716750959}",1.0,1
2025-01-18,Detroit Pistons,Phoenix Suns,121,125,False,False,2025-01-18|Phoenix Suns|Detroit Pistons,,,,2025-01-18|Phoenix Suns|Detroit Pistons,0.5819160816682886,"[{""p_home_win"": 0.16383216333657713, ""weight"": 0.25}, {""p_home_win"": 0.5819160816682886, ""weight"": 0.5}, {""p_home_win"": 1.0, ""weight"": 0.25}]",2.3699641402432556,,toor,"{'home_advantage': 1.3447536374080409, 'home_coeff': 0.8478527580205307, 'away_coeff': -0.7358777208034857, 'error_term': 13.184502373602054, 'win_prob_k': 7.167719998144554}",0.0,-4
2025-01-18,Boston Celtics,Atlanta Hawks,115,119,False,False,2025-01-18|Atlanta Hawks|Boston Celtics,,,,2025-01-18|Atlanta Hawks|Boston Celtics,0.7624675166668756,"[{""p_home_win"": 0.5249350333337512, ""weight"": 0.25}, {""p_home_win"": 0.7624675166668756, ""weight"": 0.5}, {""p_home_win"": 1.0, ""weight"": 0.25}]",8.359393016734593,,toor,"{'home_advantage': 1.3447536374080409, 'home_coeff': 0.8478527580205307, 'away_coeff': -0.7358777208034857, 'error_term': 13.184502373602054, 'win_prob_k': 7.167719998144554}",0.0,-4
2025-01-18,Indiana Pacers,Philadelphia 76ers,115,102,False,False,2025-01-18|Philadelphia 76ers|Indiana Pacers,,,,2025-01-18|Philadelphia 76ers|Indiana Pacers,0.7522870795912976,"[{""p_home_win"": 0.5045741591825952, ""weight"": 0.25}, {""p_home_win"": 0.7522870795912976, ""weight"": 0.5}, {""p_home_win"": 1.0, ""weight"": 0.25}]",7.962243906724808,,toor,"{'home_advantage': 1.3447536374080409, 'home_coeff': 0.8478527580205307, 'away_coeff': -0.7358777208034857, 'error_term': 13.184502373602054, 'win_prob_k': 7.167719998144554}",1.0,13
2025-01-18,Golden State Warriors,Washington Wizards,122,114,False,False,2025-01-18|Washington Wizards|Golden State Warriors,,,,2025-01-18|Washington Wizards|Golden State Warriors,0.8247880763813563,"[{""p_home_win"": 0.6495761527627126, ""weight"": 0.25}, {""p_home_win"": 0.8247880763813563, ""weight"": 0.5}, {""p_home_win"": 1.0, ""weight"": 0.25}]",11.103731821421178,,toor,"{'home_advantage': 1.3447536374080409, 'home_coeff': 0.8478527580205307, 'away_coeff': -0.7358777208034857, 'error_term': 13.184502373602054, 'win_prob_k': 7.167719998144554}",1.0,8
2025-01-18,Minnesota Timberwolves,Cleveland Cavaliers,117,124,False,False,2025-01-18|Cleveland Cavaliers|Minnesota Timberwolves,,,,2025-01-18|Cleveland Cavaliers|Minnesota Timberwolves,0.2879377906941402,"[{""p_home_win"": 0.0, ""weight"": 0.25}, {""p_home_win"": 0.2879377906941402, ""weight"": 0.5}, {""p_home_win"": 0.5758755813882804, ""weight"": 0.25}]",-6.489802975208217,,toor,"{'home_advantage': 1.3447536374080409, 'home_coeff': 0.8478527580205307, 'away_coeff': -0.7358777208034857, 'error_term': 13.184502373602054, 'win_prob_k': 7.167719998144554}",0.0,-7
2025-01-18,Portland Trail Blazers,Houston Rockets,103,125,False,False,2025-01-18|Houston Rockets|Portland Trail Blazers,,,,2025-01-18|Houston Rockets|Portland Trail Blazers,0.15388153198821855,"[{""p_home_win"": 0.0, ""weight"": 0.25}, {""p_home_win"": 0.15388153198821855, ""weight"": 0.5}, {""p_home_win"": 0.3077630639764371, ""weight"": 0.25}]",-12.217209215569307,,toor,"{'home_advantage': 1.3447536374080409, 'home_coeff': 0.8478527580205307, 'away_coeff': -0.7358777208034857, 'error_term': 13.184502373602054, 'win_prob_k': 7.167719998144554}",0.0,-22
2025-01-19,Miami Heat,San Antonio Spurs,128,107,False,False,2025-01-19|San Antonio Spurs|Miami Heat,,,,2025-01-19|San Antonio Spurs|Miami Heat,0.5851270025721219,"[{""p_home_win"": 0.17025400514424383, ""weight"": 0.25}, {""p_home_win"": 0.5851270025721219, ""weight"": 0.5}, {""p_home_win"": 1.0, ""weight"": 0.25}]",2.4472720623123783,,toor,"{'home_advantage': 1.3047287075653529, 'home_coeff': 0.8435552028118971, 'away_coeff': -0.7261738409048659, 'error_term': 13.159750418556023, 'win_prob_k': 7.117132326677716}",1.0,21
2025-01-19,Orlando Magic,Denver Nuggets,100,113,False,False,2025-01-19|Denver Nuggets|Orlando Magic,,,,2025-01-19|Denver Nuggets|Orlando Magic,0.47025686597747646,"[{""p_home_win"": 0.0, ""weight"": 0.25}, {""p_home_win"": 0.47025686597747646, ""weight"": 0.5}, {""p_home_win"": 0.9405137319549529, ""weight"": 0.25}]",-0.847744174985765,,toor,"{'home_advantage': 1.3047287075653529, 'home_coeff': 0.8435552028118971, 'away_coeff': -0.7261738409048659, 'error_term': 13.159750418556023, 'win_prob_k': 7.117132326677716}",0.0,-13
2025-01-19,Milwaukee Bucks,Philadelphia 76ers,123,109,False,False,2025-01-19|Philadelphia 76ers|Milwaukee Bucks,,,,2025-01-19|Philadelphia 76ers|Milwaukee Bucks,0.7747460393841484,"[{""p_home_win"": 0.5494920787682969, ""weight"": 0.25}, {""p_home_win"": 0.7747460393841484, ""weight"": 0.5}, {""p_home_win"": 1.0, ""weight"": 0.25}]",8.791841995227326,,toor,"{'home_advantage': 1.3047287075653529, 'home_coeff': 0.8435552028118971, 'away_coeff': -0.7261738409048659, 'error_term': 13.159750418556023, 'win_prob_k': 7.117132326677716}",1.0,14
2025-01-19,Oklahoma City Thunder,Brooklyn Nets,127,101,False,False,2025-01-19|Brooklyn Nets|Oklahoma City Thunder,,,,2025-01-19|Brooklyn Nets|Oklahoma City Thunder,0.9253872463903143,"[{""p_home_win"": 0.8507744927806287, ""weight"": 0.25}, {""p_home_win"": 0.9253872463903143, ""weight"": 0.5}, {""p_home_win"": 1.0, ""weight"": 0.25}]",17.920233478951957,,toor,"{'home_advantage': 1.3047287075653529, 'home_coeff': 0.8435552028118971, 'away_coeff': -0.7261738409048659, 'error_term': 13.159750418556023, 'win_prob_k': 7.117132326677716}",1.0,26
2025-01-19,Los Angeles Clippers,Los Angeles Lakers,116,102,False,False,2025-01-19|Los Angeles Lakers|Los Angeles Clippers,,,,2025-01-19|Los Angeles Lakers|Los Angeles Clippers,0.5672581364153173,"[{""p_home_win"": 0.1345162728306346, ""weight"": 0.25}, {""p_home_win"": 0.5672581364153173, ""weight"": 0.5}, {""p_home_win"": 1.0, ""weight"": 0.25}]",1.9264160916520399,,toor,"{'home_advantage': 1.3047287075653529, 'home_coeff': 0.8435552028118971, 'away_coeff': -0.7261738409048659, 'error_term': 13.159750418556023, 'win_prob_k': 7.117132326677716}",1.0,14
2025-01-19,Portland Trail Blazers,Chicago Bulls,113,102,False,False,2025-01-19|Chicago Bulls|Portland Trail Blazers,,,,2025-01-19|Chicago Bulls|Portland Trail Blazers,0.4082790097931975,"[{""p_home_win"": 0.0, ""weight"": 0.25}, {""p_home_win"": 0.4082790097931975, ""weight"": 0.5}, {""p_home_win"": 0.816558019586395, ""weight"": 0.25}]",-2.641057029983666,,toor,"{'home_advantage': 1.3047287075653529, 'home_coeff': 0.8435552028118971, 'away_coeff': -0.7261738409048659, 'error_term': 13.159750418556023, 'win_prob_k': 7.117132326677716}",1.0,11
2025-01-19,Sacramento Kings,Washington Wizards,123,100,False,False,2025-01-19|Washington Wizards|Sacramento Kings,,,,2025-01-19|Washington Wizards|Sacramento Kings,0.7957944423541166,"[{""p_home_win"": 0.5915888847082331, ""weight"": 0.25}, {""p_home_win"": 0.7957944423541166, ""weight"": 0.5}, {""p_home_win"": 1.0, ""weight"": 0.25}]",9.680821551710709,,toor,"{'home_advantage': 1.3047287075653529, 'home_coeff': 0.8435552028118971, 'away_coeff': -0.7261738409048659, 'error_term': 13.159750418556023, 'win_prob_k': 7.117132326677716}",1.0,23
2025-01-20,Charlotte Hornets,Dallas Mavericks,110,105,False,False,2025-01-20|Dallas Mavericks|Charlotte Hornets,,,,2025-01-20|Dallas Mavericks|Charlotte Hornets,0.21402028818731172,"[{""p_home_win"": 0.0, ""weight"": 0.25}, {""p_home_win"": 0.21402028818731172, ""weight"": 0.5}, {""p_home_win"": 0.42804057637462345, ""weight"": 0.25}]",-9.26020155896825,,toor,"{'home_advantage': 1.409441991301901, 'home_coeff': 0.8316938191603382, 'away_coeff': -0.7309176016472106, 'error_term': 13.140228747897028, 'win_prob_k': 7.118521888852614}",1.0,5
2025-01-20,Houston Rockets,Detroit Pistons,96,107,False,False,2025-01-20|Detroit Pistons|Houston Rockets,,,,2025-01-20|Detroit Pistons|Houston Rockets,0.8007361404561172,"[{""p_home_win"": 0.6014722809122344, ""weight"": 0.25}, {""p_home_win"": 0.8007361404561172, ""weight"": 0.5}, {""p_home_win"": 1.0, ""weight"": 0.25}]",9.901163529834859,,toor,"{'home_advantage': 1.409441991301901, 'home_coeff': 0.8316938191603382, 'away_coeff': -0.7309176016472106, 'error_term': 13.140228747897028, 'win_prob_k': 7.118521888852614}",0.0,-11
2025-01-20,Memphis Grizzlies,Minnesota Timberwolves,108,106,False,False,2025-01-20|Minnesota Timberwolves|Memphis Grizzlies,,,,2025-01-20|Minnesota Timberwolves|Memphis Grizzlies,0.6624145566729147,"[{""p_home_win"": 0.3248291133458294, ""weight"": 0.25}, {""p_home_win"": 0.6624145566729147, ""weight"": 0.5}, {""p_home_win"": 1.0, ""weight"": 0.25}]",4.798402941042173,,toor,"{'home_advantage': 1.409441991301901, 'home_coeff': 0.8316938191603382, 'away_coeff': -0.7309176016472106, 'error_term': 13.140228747897028, 'win_prob_k': 7.118521888852614}",1.0,2
2025-01-20,New York Knicks,Atlanta Hawks,119,110,False,False,2025-01-20|Atlanta Hawks|New York Knicks,,,,2025-01-20|Atlanta Hawks|New York Knicks,0.6071566956001204,"[{""p_home_win"": 0.21431339120024084, ""weight"": 0.25}, {""p_home_win"": 0.6071566956001204, ""weight"": 0.5}, {""p_home_win"": 1.0, ""weight"": 0.25}]",3.099234223242207,,toor,"{'home_advantage': 1.409441991301901, 'home_coeff': 0.8316938191603382, 'away_coeff': -0.7309176016472106, 'error_term': 13.140228747897028, 'win_prob_k': 7.118521888852614}",1.0,9
2025-01-20,Cleveland Cavaliers,Phoenix Suns,118,92,False,False,2025-01-20|Phoenix Suns|Cleveland Cavaliers,,,,2025-01-20|Phoenix Suns|Cleveland Cavaliers,0.8695462941022725,"[{""p_home_win"": 0.7390925882045449, ""weight"": 0.25}, {""p_home_win"": 0.8695462941022725, ""weight"": 0.5}, {""p_home_win"": 1.0, ""weight"": 0.25}]",13.50350255485895,,toor,"{'home_advantage': 1.409441991301901, 'home_coeff': 0.8316938191603382, 'away_coeff': -0.7309176016472106, 'error_term': 13.140228747897028, 'win_prob_k': 7.118521888852614}",1.0,26
2025-01-20,Golden State Warriors,Boston Celtics,85,125,False,False,2025-01-20|Boston Celtics|Golden State Warriors,,,,2025-01-20|Boston Celtics|Golden State Warriors,0.37936733474747897,"[{""p_home_win"": 0.0, ""weight"": 0.25}, {""p_home_win"": 0.37936733474747897, ""weight"": 0.5}, {""p_home_win"": 0.7587346694949579, ""weight"": 0.25}]",-3.503981556732142,,toor,"{'home_advantage': 1.409441991301901, 'home_coeff': 0.8316938191603382, 'away_coeff': -0.7309176016472106, 'error_term': 13.140228747897028, 'win_prob_k': 7.118521888852614}",0.0,-40
2025-01-20,New Orleans Pelicans,Utah Jazz,123,119,False,False,2025-01-20|Utah Jazz|New Orleans Pelicans,,,,2025-01-20|Utah Jazz|New Orleans Pelicans,0.5380601264941156,"[{""p_home_win"": 0.07612025298823122, ""weight"": 0.25}, {""p_home_win"": 0.5380601264941156, ""weight"": 0.5}, {""p_home_win"": 1.0, ""weight"": 0.25}]",1.085827826008737,,toor,"{'home_advantage': 1.409441991301901, 'home_coeff': 0.8316938191603382, 'away_coeff': -0.7309176016472106, 'error_term': 13.140228747897028, 'win_prob_k': 7.118521888852614}",1.0,4
2025-01-20,Los Angeles Clippers,Chicago Bulls,99,112,False,False,2025-01-20|Chicago Bulls|Los Angeles Clippers,,,,2025-01-20|Chicago Bulls|Los Angeles Clippers,0.7507484217496634,"[{""p_home_win"": 0.5014968434993268, ""weight"": 0.25}, {""p_home_win"": 0.7507484217496634, ""weight"": 0.5}, {""p_home_win"": 1.0, ""weight"": 0.25}]",7.848938213355639,,toor,"{'home_advantage': 1.409441991301901, 'home_coeff': 0.8316938191603382, 'away_coeff': -0.7309176016472106, 'error_term': 13.140228747897028, 'win_prob_k': 7.118521888852614}",0.0,-13
2025-01-21,Brooklyn Nets,New York Knicks,95,99,False,False,2025-01-21|New York Knicks|Brooklyn Nets,,,,2025-01-21|New York Knicks|Brooklyn Nets,0.2654445803529817,"[{""p_home_win"": 0.0, ""weight"": 0.25}, {""p_home_win"": 0.2654445803529817, ""weight"": 0.5}, {""p_home_win"": 0.5308891607059634, ""weight"": 0.25}]",-7.371299720456059,,toor,"{'home_advantage': 1.3314864278592151, 'home_coeff': 0.8130224588259577, 'away_coeff': -0.7338989243578764, 'error_term': 13.190160943570014, 'win_prob_k': 7.24196287673303}",0.0,-4
2025-01-21,Miami Heat,Portland Trail Blazers,107,116,False,False,2025-01-21|Portland Trail Blazers|Miami Heat,,,,2025-01-21|Portland Trail Blazers|Miami Heat,0.7274694559533588,"[{""p_home_win"": 0.45493891190671754, ""weight"": 0.25}, {""p_home_win"": 0.7274694559533588, ""weight"": 0.5}, {""p_home_win"": 1.0, ""weight"": 0.25}]",7.110313530414268,,toor,"{'home_advantage': 1.3314864278592151, 'home_coeff': 0.8130224588259577, 'away_coeff': -0.7338989243578764, 'error_term': 13.190160943570014, 'win_prob_k': 7.24196287673303}",0.0,-9
2025-01-21,Toronto Raptors,Orlando Magic,109,93,False,False,2025-01-21|Orlando Magic|Toronto Raptors,,,,2025-01-21|Orlando Magic|Toronto Raptors,0.2689951798881755,"[{""p_home_win"": 0.0, ""weight"": 0.25}, {""p_home_win"": 0.2689951798881755, ""weight"": 0.5}, {""p_home_win"": 0.537990359776351, ""weight"": 0.25}]",-7.239982871783129,,toor,"{'home_advantage': 1.3314864278592151, 'home_coeff': 0.8130224588259577, 'away_coeff': -0.7338989243578764, 'error_term': 13.190160943570014, 'win_prob_k': 7.24196287673303}",1.0,16
2025-01-21,Denver Nuggets,Philadelphia 76ers,144,109,False,False,2025-01-21|Philadelphia 76ers|Denver Nuggets,,,,2025-01-21|Philadelphia 76ers|Denver Nuggets,0.8237486044119471,"[{""p_home_win"": 0.6474972088238942, ""weight"": 0.25}, {""p_home_win"": 0.8237486044119471, ""weight"": 0.5}, {""p_home_win"": 1.0, ""weight"": 0.25}]",11.166773855456087,,toor,"{'home_advantage': 1.3314864278592151, 'home_coeff': 0.8130224588259577, 'away_coeff': -0.7338989243578764, 'error_term': 13.190160943570014, 'win_prob_k': 7.24196287673303}",1.0,35
2025-01-21,Los Angeles Lakers,Washington Wizards,111,88,False,False,2025-01-21|Washington Wizards|Los Angeles Lakers,,,,2025-01-21|Washington Wizards|Los Angeles Lakers,0.8473899086528088,"[{""p_home_win"": 0.6947798173056177, ""weight"": 0.25}, {""p_home_win"": 0.8473899086528088, ""weight"": 0.5}, {""p_home_win"": 1.0, ""weight"": 0.25}]",12.414713618091739,,toor,"{'home_advantage': 1.3314864278592151, 'home_coeff': 0.8130224588259577, 'away_coeff': -0.7338989243578764, 'error_term': 13.190160943570014, 'win_prob_k': 7.24196287673303}",1.0,23
2025-01-22,Atlanta Hawks,Detroit Pistons,104,114,False,False,2025-01-22|Detroit Pistons|Atlanta Hawks,,,,2025-01-22|Detroit Pistons|Atlanta Hawks,0.5756788308581341,"[{""p_home_win"": 0.1513576617162682, ""weight"": 0.25}, {""p_home_win"": 0.5756788308581341, ""weight"": 0.5}, {""p_home_win"": 1.0, ""weight"": 0.25}]",2.2240626502735967,,toor,"{'home_advantage': 1.3971432303018612, 'home_coeff': 0.8048584229985059, 'away_coeff': -0.7338575506046783, 'error_term': 13.222451658722585, 'win_prob_k': 7.290591757238001}",0.0,-10
2025-01-22,Brooklyn Nets,Phoenix Suns,84,108,False,False,2025-01-22|Phoenix Suns|Brooklyn Nets,,,,2025-01-22|Phoenix Suns|Brooklyn Nets,0.35613148600539357,"[{""p_home_win"": 0.0, ""weight"": 0.25}, {""p_home_win"": 0.35613148600539357, ""weight"": 0.5}, {""p_home_win"": 0.7122629720107871, ""weight"": 0.25}]",-4.317448552313683,,toor,"{'home_advantage': 1.3971432303018612, 'home_coeff': 0.8048584229985059, 'away_coeff': -0.7338575506046783, 'error_term': 13.222451658722585, 'win_prob_k': 7.290591757238001}",0.0,-24
2025-01-22,Dallas Mavericks,Minnesota Timberwolves,114,115,False,False,2025-01-22|Minnesota Timberwolves|Dallas Mavericks,,,,2025-01-22|Minnesota Timberwolves|Dallas Mavericks,0.5698908386579968,"[{""p_home_win"": 0.13978167731599367, ""weight"": 0.25}, {""p_home_win"": 0.5698908386579968, ""weight"": 0.5}, {""p_home_win"": 1.0, ""weight"": 0.25}]",2.051614742533997,,toor,"{'home_advantage': 1.3971432303018612, 'home_coeff': 0.8048584229985059, 'away_coeff': -0.7338575506046783, 'error_term': 13.222451658722585, 'win_prob_k': 7.290591757238001}",0.0,-1
2025-01-22,Houston Rockets,Cleveland Cavaliers,109,108,False,False,2025-01-22|Cleveland Cavaliers|Houston Rockets,,,,2025-01-22|Cleveland Cavaliers|Houston Rockets,0.43203063694315436,"[{""p_home_win"": 0.0, ""weight"": 0.25}, {""p_home_win"": 0.43203063694315436, ""weight"": 0.5}, {""p_home_win"": 0.8640612738863087, ""weight"": 0.25}]",-1.994494291030124,,toor,"{'home_advantage': 1.3971432303018612, 'home_coeff': 0.8048584229985059, 'away_coeff': -0.7338575506046783, 'error_term': 13.222451658722585, 'win_prob_k': 7.290591757238001}",1.0,1
2025-01-22,Memphis Grizzlies,Charlotte Hornets,132,120,False,False,2025-01-22|Charlotte Hornets|Memphis Grizzlies,,,,2025-01-22|Charlotte Hornets|Memphis Grizzlies,0.8749488437592827,"[{""p_home_win"": 0.7498976875185654, ""weight"": 0.25}, {""p_home_win"": 0.8749488437592827, ""weight"": 0.5}, {""p_home_win"": 1.0, ""weight"": 0.25}]",14.18342717763834,,toor,"{'home_advantage': 1.3971432303018612, 'home_coeff': 0.8048584229985059, 'away_coeff': -0.7338575506046783, 'error_term': 13.222451658722585, 'win_prob_k': 7.290591757238001}",1.0,12
2025-01-22,Oklahoma City Thunder,Utah Jazz,123,114,False,False,2025-01-22|Utah Jazz|Oklahoma City Thunder,,,,2025-01-22|Utah Jazz|Oklahoma City Thunder,0.9455156991774183,"[{""p_home_win"": 0.8910313983548366, ""weight"": 0.25}, {""p_home_win"": 0.9455156991774183, ""weight"": 0.5}, {""p_home_win"": 1.0, ""weight"": 0.25}]",20.80602118688047,,toor,"{'home_advantage': 1.3971432303018612, 'home_coeff': 0.8048584229985059, 'away_coeff': -0.7338575506046783, 'error_term': 13.222451658722585, 'win_prob_k': 7.290591757238001}",1.0,9
2025-01-22,Sacramento Kings,Golden State Warriors,123,117,False,False,2025-01-22|Golden State Warriors|Sacramento Kings,,,,2025-01-22|Golden State Warriors|Sacramento Kings,0.5221874354677076,"[{""p_home_win"": 0.044374870935415256, ""weight"": 0.25}, {""p_home_win"": 0.5221874354677076, ""weight"": 0.5}, {""p_home_win"": 1.0, ""weight"": 0.25}]",0.6474633395778396,,toor,"{'home_advantage': 1.3971432303018612, 'home_coeff': 0.8048584229985059, 'away_coeff': -0.7338575506046783, 'error_term': 13.222451658722585, 'win_prob_k': 7.290591757238001}",1.0,6
2025-01-22,Los Angeles Clippers,Boston Celtics,113,117,False,False,2025-01-22|Boston Celtics|Los Angeles Clippers,,,,2025-01-22|Boston Celtics|Los Angeles Clippers,0.4100986353289284,"[{""p_home_win"": 0.0, ""weight"": 0.25}, {""p_home_win"": 0.4100986353289284, ""weight"": 0.5}, {""p_home_win"": 0.8201972706578567, ""weight"": 0.25}]",-2.650550331002133,,toor,"{'home_advantage': 1.3971432303018612, 'home_coeff': 0.8048584229985059, 'away_coeff': -0.7338575506046783, 'error_term': 13.222451658722585, 'win_prob_k': 7.290591757238001}",0.0,-4
2025-01-23,Indiana Pacers,San Antonio Spurs,110,140,False,False,2025-01-23|San Antonio Spurs|Indiana Pacers,,,,2025-01-23|San Antonio Spurs|Indiana Pacers,0.67612978135239,"[{""p_home_win"": 0.35225956270478, ""weight"": 0.25}, {""p_home_win"": 0.67612978135239, ""weight"": 0.5}, {""p_home_win"": 1.0, ""weight"": 0.25}]",5.3553778768594515,,toor,"{'home_advantage': 1.3251411308235315, 'home_coeff': 0.7952956834302926, 'away_coeff': -0.7280863475617732, 'error_term': 13.174521117099912, 'win_prob_k': 7.275911794038189}",0.0,-30
2025-01-23,Orlando Magic,Portland Trail Blazers,79,101,False,False,2025-01-23|Portland Trail Blazers|Orlando Magic,,,,2025-01-23|Portland Trail Blazers|Orlando Magic,0.7311278341547496,"[{""p_home_win"": 0.46225566830949916, ""weight"": 0.25}, {""p_home_win"": 0.7311278341547496, ""weight"": 0.5}, {""p_home_win"": 1.0, ""weight"": 0.25}]",7.278474904533579,,toor,"{'home_advantage': 1.3251411308235315, 'home_coeff': 0.7952956834302926, 'away_coeff': -0.7280863475617732, 'error_term': 13.174521117099912, 'win_prob_k': 7.275911794038189}",0.0,-22
2025-01-23,Atlanta Hawks,Toronto Raptors,119,122,False,False,2025-01-23|Toronto Raptors|Atlanta Hawks,,,,2025-01-23|Toronto Raptors|Atlanta Hawks,0.7645086120990402,"[{""p_home_win"": 0.5290172241980804, ""weight"": 0.25}, {""p_home_win"": 0.7645086120990402, ""weight"": 0.5}, {""p_home_win"": 1.0, ""weight"": 0.25}]",8.567815030282166,,toor,"{'home_advantage': 1.3251411308235315, 'home_coeff': 0.7952956834302926, 'away_coeff': -0.7280863475617732, 'error_term': 13.174521117099912, 'win_prob_k': 7.275911794038189}",0.0,-3
2025-01-23,Oklahoma City Thunder,Dallas Mavericks,115,121,False,False,2025-01-23|Dallas Mavericks|Oklahoma City Thunder,,,,2025-01-23|Dallas Mavericks|Oklahoma City Thunder,0.824028134010292,"[{""p_home_win"": 0.6480562680205839, ""weight"": 0.25}, {""p_home_win"": 0.824028134010292, ""weight"": 0.5}, {""p_home_win"": 1.0, ""weight"": 0.25}]",11.233138648589666,,toor,"{'home_advantage': 1.3251411308235315, 'home_coeff': 0.7952956834302926, 'away_coeff': -0.7280863475617732, 'error_term': 13.174521117099912, 'win_prob_k': 7.275911794038189}",0.0,-6
2025-01-23,Milwaukee Bucks,Miami Heat,125,96,False,False,2025-01-23|Miami Heat|Milwaukee Bucks,,,,2025-01-23|Miami Heat|Milwaukee Bucks,0.6343728823427449,"[{""p_home_win"": 0.26874576468548983, ""weight"": 0.25}, {""p_home_win"": 0.6343728823427449, ""weight"": 0.5}, {""p_home_win"": 1.0, ""weight"": 0.25}]",4.0091941201637225,,toor,"{'home_advantage': 1.3251411308235315, 'home_coeff': 0.7952956834302926, 'away_coeff': -0.7280863475617732, 'error_term': 13.174521117099912, 'win_prob_k': 7.275911794038189}",1.0,29
2025-01-23,Denver Nuggets,Sacramento Kings,132,123,False,False,2025-01-23|Sacramento Kings|Denver Nuggets,,,,2025-01-23|Sacramento Kings|Denver Nuggets,0.6791112768132935,"[{""p_home_win"": 0.35822255362658706, ""weight"": 0.25}, {""p_home_win"": 0.6791112768132935, ""weight"": 0.5}, {""p_home_win"": 1.0, ""weight"": 0.25}]",5.454682614517366,,toor,"{'home_advantage': 1.3251411308235315, 'home_coeff': 0.7952956834302926, 'away_coeff': -0.7280863475617732, 'error_term': 13.174521117099912, 'win_prob_k': 7.275911794038189}",1.0,9
2025-01-23,Golden State Warriors,Chicago Bulls,131,106,False,False,2025-01-23|Chicago Bulls|Golden State Warriors,,,,2025-01-23|Chicago Bulls|Golden State Warriors,0.6377566553570824,"[{""p_home_win"": 0.27551331071416474, ""weight"": 0.25}, {""p_home_win"": 0.6377566553570824, ""weight"": 0.5}, {""p_home_win"": 1.0, ""weight"": 0.25}]",4.115550995549158,,toor,"{'home_advantage': 1.3251411308235315, 'home_coeff': 0.7952956834302926, 'away_coeff': -0.7280863475617732, 'error_term': 13.174521117099912, 'win_prob_k': 7.275911794038189}",1.0,25
2025-01-23,Los Angeles Lakers,Boston Celtics,117,96,False,False,2025-01-23|Boston Celtics|Los Angeles Lakers,,,,2025-01-23|Boston Celtics|Los Angeles Lakers,0.36798867642731864,"[{""p_home_win"": 0.0, ""weight"": 0.25}, {""p_home_win"": 0.36798867642731864, ""weight"": 0.5}, {""p_home_win"": 0.7359773528546373, ""weight"": 0.25}]",-3.935214320471278,,toor,"{'home_advantage': 1.3251411308235315, 'home_coeff': 0.7952956834302926, 'away_coeff': -0.7280863475617732, 'error_term': 13.174521117099912, 'win_prob_k': 7.275911794038189}",1.0,21
2025-01-23,Los Angeles Clippers,Washington Wizards,110,93,False,False,2025-01-23|Washington Wizards|Los Angeles Clippers,,,,2025-01-23|Washington Wizards|Los Angeles Clippers,0.8485636301734142,"[{""p_home_win"": 0.6971272603468284, ""weight"": 0.25}, {""p_home_win"": 0.8485636301734142, ""weight"": 0.5}, {""p_home_win"": 1.0, ""weight"": 0.25}]",12.539157503578826,,toor,"{'home_advantage': 1.3251411308235315, 'home_coeff': 0.7952956834302926, 'away_coeff': -0.7280863475617732, 'error_term': 13.174521117099912, 'win_prob_k': 7.275911794038189}",1.0,17
2025-01-24,Charlotte Hornets,Portland Trail Blazers,97,102,False,False,2025-01-24|Portland Trail Blazers|Charlotte Hornets,,,,2025-01-24|Portland Trail Blazers|Charlotte Hornets,0.433726034016622,"[{""p_home_win"": 0.0, ""weight"": 0.25}, {""p_home_win"": 0.433726034016622, ""weight"": 0.5}, {""p_home_win"": 0.867452068033244, ""weight"": 0.25}]",-1.9602375896291875,,toor,"{'home_advantage': 1.2994642391065923, 'home_coeff': 0.7841730221941309, 'away_coeff': -0.7005070064907155, 'error_term': 13.31738228685057, 'win_prob_k': 7.3509390219040665}",0.0,-5
2025-01-24,Philadelphia 76ers,Cleveland Cavaliers,132,129,False,False,2025-01-24|Cleveland Cavaliers|Philadelphia 76ers,,,,2025-01-24|Cleveland Cavaliers|Philadelphia 76ers,0.11915066106134985,"[{""p_home_win"": 0.0, ""weight"": 0.25}, {""p_home_win"": 0.11915066106134985, ""weight"": 0.5}, {""p_home_win"": 0.2383013221226997, ""weight"": 0.25}]",-14.705537695703677,,toor,"{'home_advantage': 1.2994642391065923, 'home_coeff': 0.7841730221941309, 'away_coeff': -0.7005070064907155, 'error_term': 13.31738228685057, 'win_prob_k': 7.3509390219040665}",1.0,3
2025-01-24,Memphis Grizzlies,New Orleans Pelicans,139,126,False,False,2025-01-24|New Orleans Pelicans|Memphis Grizzlies,,,,2025-01-24|New Orleans Pelicans|Memphis Grizzlies,0.8666528280818839,"[{""p_home_win"": 0.7333056561637679, ""weight"": 0.25}, {""p_home_win"": 0.8666528280818839, ""weight"": 0.5}, {""p_home_win"": 1.0, ""weight"": 0.25}]",13.758623375839456,,toor,"{'home_advantage': 1.2994642391065923, 'home_coeff': 0.7841730221941309, 'away_coeff': -0.7005070064907155, 'error_term': 13.31738228685057, 'win_prob_k': 7.3509390219040665}",1.0,13
2025-01-25,San Antonio Spurs,Indiana Pacers,98,136,False,False,2025-01-25|Indiana Pacers|San Antonio Spurs,,,,2025-01-25|Indiana Pacers|San Antonio Spurs,0.4372531185984815,"[{""p_home_win"": 0.0, ""weight"": 0.25}, {""p_home_win"": 0.4372531185984815, ""weight"": 0.5}, {""p_home_win"": 0.874506237196963, ""weight"": 0.25}]",-1.869005534090132,,toor,"{'home_advantage': 1.3259928392698874, 'home_coeff': 0.781074197982527, 'away_coeff': -0.6949032020789309, 'error_term': 13.299875746135472, 'win_prob_k': 7.407350313504429}",0.0,-38
2025-01-25,Minnesota Timberwolves,Denver Nuggets,133,104,False,False,2025-01-25|Denver Nuggets|Minnesota Timberwolves,,,,2025-01-25|Denver Nuggets|Minnesota Timberwolves,0.4380462348028981,"[{""p_home_win"": 0.0, ""weight"": 0.25}, {""p_home_win"": 0.4380462348028981, ""weight"": 0.5}, {""p_home_win"": 0.8760924696057962, ""weight"": 0.25}]",-1.8451347741927742,,toor,"{'home_advantage': 1.3259928392698874, 'home_coeff': 0.781074197982527, 'away_coeff': -0.6949032020789309, 'error_term': 13.299875746135472, 'win_prob_k': 7.407350313504429}",1.0,29
2025-01-25,Dallas Mavericks,Boston Celtics,107,122,False,False,2025-01-25|Boston Celtics|Dallas Mavericks,,,,2025-01-25|Boston Celtics|Dallas Mavericks,0.39734456726119133,"[{""p_home_win"": 0.0, ""weight"": 0.25}, {""p_home_win"": 0.39734456726119133, ""weight"": 0.5}, {""p_home_win"": 0.7946891345223827, ""weight"": 0.25}]",-3.0854708837624543,,toor,"{'home_advantage': 1.3259928392698874, 'home_coeff': 0.781074197982527, 'away_coeff': -0.6949032020789309, 'error_term': 13.299875746135472, 'win_prob_k': 7.407350313504429}",0.0,-15
2025-01-25,Brooklyn Nets,Miami Heat,97,106,False,False,2025-01-25|Miami Heat|Brooklyn Nets,,,,2025-01-25|Miami Heat|Brooklyn Nets,0.34732668543847145,"[{""p_home_win"": 0.0, ""weight"": 0.25}, {""p_home_win"": 0.34732668543847145, ""weight"": 0.5}, {""p_home_win"": 0.6946533708769429, ""weight"": 0.25}]",-4.6726375139036,,toor,"{'home_advantage': 1.3259928392698874, 'home_coeff': 0.781074197982527, 'away_coeff': -0.6949032020789309, 'error_term': 13.299875746135472, 'win_prob_k': 7.407350313504429}",0.0,-9
2025-01-25,Charlotte Hornets,New Orleans Pelicans,123,92,False,False,2025-01-25|New Orleans Pelicans|Charlotte Hornets,,,,2025-01-25|New Orleans Pelicans|Charlotte Hornets,0.4937817938601304,"[{""p_home_win"": 0.0, ""weight"": 0.25}, {""p_home_win"": 0.4937817938601304, ""weight"": 0.5}, {""p_home_win"": 0.9875635877202608, ""weight"": 0.25}]",-0.18425122422216766,,toor,"{'home_advantage': 1.3259928392698874, 'home_coeff': 0.781074197982527, 'away_coeff': -0.6949032020789309, 'error_term': 13.299875746135472, 'win_prob_k': 7.407350313504429}",1.0,31
2025-01-25,Orlando Magic,Detroit Pistons,121,113,False,False,2025-01-25|Detroit Pistons|Orlando Magic,,,,2025-01-25|Detroit Pistons|Orlando Magic,0.5142483574220619,"[{""p_home_win"": 0.02849671484412375, ""weight"": 0.25}, {""p_home_win"": 0.5142483574220619, ""weight"": 0.5}, {""p_home_win"": 1.0, ""weight"": 0.25}]",0.4222846312399815,,toor,"{'home_advantage': 1.3259928392698874, 'home_coeff': 0.781074197982527, 'away_coeff': -0.6949032020789309, 'error_term': 13.299875746135472, 'win_prob_k': 7.407350313504429}",1.0,8
2025-01-25,Atlanta Hawks,Toronto Raptors,94,117,False,False,2025-01-25|Toronto Raptors|Atlanta Hawks,,,,2025-01-25|Toronto Raptors|Atlanta Hawks,0.7255583831754963,"[{""p_home_win"": 0.4511167663509925, ""weight"": 0.25}, {""p_home_win"": 0.7255583831754963, ""weight"": 0.5}, {""p_home_win"": 1.0, ""weight"": 0.25}]",7.2014481445561875,,toor,"{'home_advantage': 1.3259928392698874, 'home_coeff': 0.781074197982527, 'away_coeff': -0.6949032020789309, 'error_term': 13.299875746135472, 'win_prob_k': 7.407350313504429}",0.0,-23
2025-01-25,Cleveland Cavaliers,Houston Rockets,131,135,False,False,2025-01-25|Houston Rockets|Cleveland Cavaliers,,,,2025-01-25|Houston Rockets|Cleveland Cavaliers,0.6627357161346631,"[{""p_home_win"": 0.3254714322693262, ""weight"": 0.25}, {""p_home_win"": 0.6627357161346631, ""weight"": 0.5}, {""p_home_win"": 1.0, ""weight"": 0.25}]",5.0037350946789765,,toor,"{'home_advantage': 1.3259928392698874, 'home_coeff': 0.781074197982527, 'away_coeff': -0.6949032020789309, 'error_term': 13.299875746135472, 'win_prob_k': 7.407350313504429}",0.0,-4
2025-01-25,New York Knicks,Sacramento Kings,143,120,False,False,2025-01-25|Sacramento Kings|New York Knicks,,,,2025-01-25|Sacramento Kings|New York Knicks,0.6621550205094852,"[{""p_home_win"": 0.3243100410189703, ""weight"": 0.25}, {""p_home_win"": 0.6621550205094852, ""weight"": 0.5}, {""p_home_win"": 1.0, ""weight"": 0.25}]",4.984498979038814,,toor,"{'home_advantage': 1.3259928392698874, 'home_coeff': 0.781074197982527, 'away_coeff': -0.6949032020789309, 'error_term': 13.299875746135472, 'win_prob_k': 7.407350313504429}",1.0,23
2025-01-25,Chicago Bulls,Philadelphia 76ers,97,109,False,False,2025-01-25|Philadelphia 76ers|Chicago Bulls,,,,2025-01-25|Philadelphia 76ers|Chicago Bulls,0.5834563225861825,"[{""p_home_win"": 0.16691264517236504, ""weight"": 0.25}, {""p_home_win"": 0.5834563225861825, ""weight"": 0.5}, {""p_home_win"": 1.0, ""weight"": 0.25}]",2.4961161005682007,,toor,"{'home_advantage': 1.3259928392698874, 'home_coeff': 0.781074197982527, 'away_coeff': -0.6949032020789309, 'error_term': 13.299875746135472, 'win_prob_k': 7.407350313504429}",0.0,-12
2025-01-25,Memphis Grizzlies,Utah Jazz,125,103,False,False,2025-01-25|Utah Jazz|Memphis Grizzlies,,,,2025-01-25|Utah Jazz|Memphis Grizzlies,0.881456543176616,"[{""p_home_win"": 0.7629130863532321, ""weight"": 0.25}, {""p_home_win"": 0.881456543176616, ""weight"": 0.5}, {""p_home_win"": 1.0, ""weight"": 0.25}]",14.861337929055793,,toor,"{'home_advantage': 1.3259928392698874, 'home_coeff': 0.781074197982527, 'away_coeff': -0.6949032020789309, 'error_term': 13.299875746135472, 'win_prob_k': 7.407350313504429}",1.0,22
2025-01-25,Golden State Warriors,Los Angeles Lakers,108,118,False,False,2025-01-25|Los Angeles Lakers|Golden State Warriors,,,,2025-01-25|Los Angeles Lakers|Golden State Warriors,0.4822392666568888,"[{""p_home_win"": 0.0, ""weight"": 0.25}, {""p_home_win"": 0.4822392666568888, ""weight"": 0.5}, {""p_home_win"": 0.9644785333137776, ""weight"": 0.25}]",-0.5264613945459802,,toor,"{'home_advantage': 1.3259928392698874, 'home_coeff': 0.781074197982527, 'away_coeff': -0.6949032020789309, 'error_term': 13.299875746135472, 'win_prob_k': 7.407350313504429}",0.0,-10
2025-01-25,Phoenix Suns,Washington Wizards,119,109,False,False,2025-01-25|Washington Wizards|Phoenix Suns,,,,2025-01-25|Washington Wizards|Phoenix Suns,0.8094067456691139,"[{""p_home_win"": 0.6188134913382277, ""weight"": 0.25}, {""p_home_win"": 0.8094067456691139, ""weight"": 0.5}, {""p_home_win"": 1.0, ""weight"": 0.25}]",10.71221349035315,,toor,"{'home_advantage': 1.3259928392698874, 'home_coeff': 0.781074197982527, 'away_coeff': -0.6949032020789309, 'error_term': 13.299875746135472, 'win_prob_k': 7.407350313504429}",1.0,10
2025-01-25,Los Angeles Clippers,Milwaukee Bucks,127,117,False,False,2025-01-25|Milwaukee Bucks|Los Angeles Clippers,,,,2025-01-25|Milwaukee Bucks|Los Angeles Clippers,0.5398783733909148,"[{""p_home_win"": 0.07975674678182965, ""weight"": 0.25}, {""p_home_win"": 0.5398783733909148, ""weight"": 0.5}, {""p_home_win"": 1.0, ""weight"": 0.25}]",1.1840873142702866,,toor,"{'home_advantage': 1.3259928392698874, 'home_coeff': 0.781074197982527, 'away_coeff': -0.6949032020789309, 'error_term': 13.299875746135472, 'win_prob_k': 7.407350313504429}",1.0,10
2025-01-26,Portland Trail Blazers,Oklahoma City Thunder,108,118,False,False,2025-01-26|Oklahoma City Thunder|Portland Trail Blazers,,,,2025-01-26|Oklahoma City Thunder|Portland Trail Blazers,0.1410983441886675,"[{""p_home_win"": 0.0, ""weight"": 0.25}, {""p_home_win"": 0.1410983441886675, ""weight"": 0.5}, {""p_home_win"": 0.282196688377335, ""weight"": 0.25}]",-13.410622780881315,,toor,"{'home_advantage': 1.316975591516278, 'home_coeff': 0.7654533250828737, 'away_coeff': -0.6762146353338878, 'error_term': 13.441881682966946, 'win_prob_k': 7.424782854581867}",0.0,-10
2025-01-27,Charlotte Hornets,Los Angeles Lakers,107,112,False,False,2025-01-27|Los Angeles Lakers|Charlotte Hornets,,,,2025-01-27|Los Angeles Lakers|Charlotte Hornets,0.2107443056431267,"[{""p_home_win"": 0.0, ""weight"": 0.25}, {""p_home_win"": 0.2107443056431267, ""weight"": 0.5}, {""p_home_win"": 0.4214886112862534, ""weight"": 0.25}]",-9.770725683818476,,toor,"{'home_advantage': 1.3222317671492392, 'home_coeff': 0.7649076015431018, 'away_coeff': -0.6748908148232072, 'error_term': 13.43252318374524, 'win_prob_k': 7.399571675199031}",0.0,-5
2025-01-27,Cleveland Cavaliers,Detroit Pistons,110,91,False,False,2025-01-27|Detroit Pistons|Cleveland Cavaliers,,,,2025-01-27|Detroit Pistons|Cleveland Cavaliers,0.8188808554470599,"[{""p_home_win"": 0.6377617108941198, ""weight"": 0.25}, {""p_home_win"": 0.8188808554470599, ""weight"": 0.5}, {""p_home_win"": 1.0, ""weight"": 0.25}]",11.164351840907607,,toor,"{'home_advantage': 1.3222317671492392, 'home_coeff': 0.7649076015431018, 'away_coeff': -0.6748908148232072, 'error_term': 13.43252318374524, 'win_prob_k': 7.399571675199031}",1.0,19
2025-01-27,Boston Celtics,Houston Rockets,112,114,False,False,2025-01-27|Houston Rockets|Boston Celtics,,,,2025-01-27|Houston Rockets|Boston Celtics,0.5568054628348739,"[{""p_home_win"": 0.11361092566974773, ""weight"": 0.25}, {""p_home_win"": 0.5568054628348739, ""weight"": 0.5}, {""p_home_win"": 1.0, ""weight"": 0.25}]",1.6886348719099553,,toor,"{'home_advantage': 1.3222317671492392, 'home_coeff': 0.7649076015431018, 'away_coeff': -0.6748908148232072, 'error_term': 13.43252318374524, 'win_prob_k': 7.399571675199031}",0.0,-2
2025-01-27,Brooklyn Nets,Sacramento Kings,96,110,False,False,2025-01-27|Sacramento Kings|Brooklyn Nets,,,,2025-01-27|Sacramento Kings|Brooklyn Nets,0.33622509826318303,"[{""p_home_win"": 0.0, ""weight"": 0.25}, {""p_home_win"": 0.33622509826318303, ""weight"": 0.5}, {""p_home_win"": 0.6724501965263661, ""weight"": 0.25}]",-5.032909080112301,,toor,"{'home_advantage': 1.3222317671492392, 'home_coeff': 0.7649076015431018, 'away_coeff': -0.6748908148232072, 'error_term': 13.43252318374524, 'win_prob_k': 7.399571675199031}",0.0,-14
2025-01-27,Miami Heat,Orlando Magic,125,119,False,False,2025-01-27|Orlando Magic|Miami Heat,,,,2025-01-27|Orlando Magic|Miami Heat,0.5337937725532954,"[{""p_home_win"": 0.06758754510659082, ""weight"": 0.25}, {""p_home_win"": 0.5337937725532954, ""weight"": 0.5}, {""p_home_win"": 1.0, ""weight"": 0.25}]",1.0017650109929235,,toor,"{'home_advantage': 1.3222317671492392, 'home_coeff': 0.7649076015431018, 'away_coeff': -0.6748908148232072, 'error_term': 13.43252318374524, 'win_prob_k': 7.399571675199031}",1.0,6
2025-01-27,New York Knicks,Memphis Grizzlies,143,106,False,False,2025-01-27|Memphis Grizzlies|New York Knicks,,,,2025-01-27|Memphis Grizzlies|New York Knicks,0.5097650977095511,"[{""p_home_win"": 0.01953019541910228, ""weight"": 0.25}, {""p_home_win"": 0.5097650977095511, ""weight"": 0.5}, {""p_home_win"": 1.0, ""weight"": 0.25}]",0.28906691819780583,,toor,"{'home_advantage': 1.3222317671492392, 'home_coeff': 0.7649076015431018, 'away_coeff': -0.6748908148232072, 'error_term': 13.43252318374524, 'win_prob_k': 7.399571675199031}",1.0,37
2025-01-27,Toronto Raptors,New Orleans Pelicans,113,104,False,False,2025-01-27|New Orleans Pelicans|Toronto Raptors,,,,2025-01-27|New Orleans Pelicans|Toronto Raptors,0.5638338971921574,"[{""p_home_win"": 0.12766779438431475, ""weight"": 0.25}, {""p_home_win"": 0.5638338971921574, ""weight"": 0.5}, {""p_home_win"": 1.0, ""weight"": 0.25}]",1.8997405703797101,,toor,"{'home_advantage': 1.3222317671492392, 'home_coeff': 0.7649076015431018, 'away_coeff': -0.6748908148232072, 'error_term': 13.43252318374524, 'win_prob_k': 7.399571675199031}",1.0,9
2025-01-27,Chicago Bulls,Denver Nuggets,129,121,False,False,2025-01-27|Denver Nuggets|Chicago Bulls,,,,2025-01-27|Denver Nuggets|Chicago Bulls,0.28811135076625816,"[{""p_home_win"": 0.0, ""weight"": 0.25}, {""p_home_win"": 0.28811135076625816, ""weight"": 0.5}, {""p_home_win"": 0.5762227015325163, ""weight"": 0.25}]",-6.693463608848251,,toor,"{'home_advantage': 1.3222317671492392, 'home_coeff': 0.7649076015431018, 'away_coeff': -0.6748908148232072, 'error_term': 13.43252318374524, 'win_prob_k': 7.399571675199031}",1.0,8
2025-01-27,Minnesota Timberwolves,Atlanta Hawks,100,92,False,False,2025-01-27|Atlanta Hawks|Minnesota Timberwolves,,,,2025-01-27|Atlanta Hawks|Minnesota Timberwolves,0.6481512576719445,"[{""p_home_win"": 0.29630251534388896, ""weight"": 0.25}, {""p_home_win"": 0.6481512576719445, ""weight"": 0.5}, {""p_home_win"": 1.0, ""weight"": 0.25}]",4.520566436115056,,toor,"{'home_advantage': 1.3222317671492392, 'home_coeff': 0.7649076015431018, 'away_coeff': -0.6748908148232072, 'error_term': 13.43252318374524, 'win_prob_k': 7.399571675199031}",1.0,8
2025-01-27,Dallas Mavericks,Washington Wizards,130,108,False,False,2025-01-27|Washington Wizards|Dallas Mavericks,,,,2025-01-27|Washington Wizards|Dallas Mavericks,0.8358467053681169,"[{""p_home_win"": 0.6716934107362338, ""weight"": 0.25}, {""p_home_win"": 0.8358467053681169, ""weight"": 0.5}, {""p_home_win"": 1.0, ""weight"": 0.25}]",12.043872249591123,,toor,"{'home_advantage': 1.3222317671492392, 'home_coeff': 0.7649076015431018, 'away_coeff': -0.6748908148232072, 'error_term': 13.43252318374524, 'win_prob_k': 7.399571675199031}",1.0,22
2025-01-27,Utah Jazz,Milwaukee Bucks,110,125,False,False,2025-01-27|Milwaukee Bucks|Utah Jazz,,,,2025-01-27|Milwaukee Bucks|Utah Jazz,0.20375600153818174,"[{""p_home_win"": 0.0, ""weight"": 0.25}, {""p_home_win"": 0.20375600153818174, ""weight"": 0.5}, {""p_home_win"": 0.4075120030763635, ""weight"": 0.25}]",-10.085486423419574,,toor,"{'home_advantage': 1.3222317671492392, 'home_coeff': 0.7649076015431018, 'away_coeff': -0.6748908148232072, 'error_term': 13.43252318374524, 'win_prob_k': 7.399571675199031}",0.0,-15
2025-01-27,Phoenix Suns,Los Angeles Clippers,111,109,False,False,2025-01-27|Los Angeles Clippers|Phoenix Suns,,,,2025-01-27|Los Angeles Clippers|Phoenix Suns,0.4680176372731388,"[{""p_home_win"": 0.0, ""weight"": 0.25}, {""p_home_win"": 0.4680176372731388, ""weight"": 0.5}, {""p_home_win"": 0.9360352745462776, ""weight"": 0.25}]",-0.9479173518026802,,toor,"{'home_advantage': 1.3222317671492392, 'home_coeff': 0.7649076015431018, 'away_coeff': -0.6748908148232072, 'error_term': 13.43252318374524, 'win_prob_k': 7.399571675199031}",1.0,2
2025-01-28,Atlanta Hawks,Houston Rockets,96,100,False,False,2025-01-28|Houston Rockets|Atlanta Hawks,,,,2025-01-28|Houston Rockets|Atlanta Hawks,0.26899568998121454,"[{""p_home_win"": 0.0, ""weight"": 0.25}, {""p_home_win"": 0.26899568998121454, ""weight"": 0.5}, {""p_home_win"": 0.5379913799624291, ""weight"": 0.25}]",-7.3661970269888775,,toor,"{'home_advantage': 1.4264019904534315, 'home_coeff': 0.758458268292812, 'away_coeff': -0.6628260480929034, 'error_term': 13.41760931965244, 'win_prob_k': 7.368230668290128}",0.0,-4
2025-01-28,Philadelphia 76ers,Los Angeles Lakers,118,104,False,False,2025-01-28|Los Angeles Lakers|Philadelphia 76ers,,,,2025-01-28|Los Angeles Lakers|Philadelphia 76ers,0.3046603901540441,"[{""p_home_win"": 0.0, ""weight"": 0.25}, {""p_home_win"": 0.3046603901540441, ""weight"": 0.5}, {""p_home_win"": 0.6093207803080882, ""weight"": 0.25}]",-6.08028378383359,,toor,"{'home_advantage': 1.4264019904534315, 'home_coeff': 0.758458268292812, 'away_coeff': -0.6628260480929034, 'error_term': 13.41760931965244, 'win_prob_k': 7.368230668290128}",1.0,14
2025-01-28,Golden State Warriors,Utah Jazz,114,103,False,False,2025-01-28|Utah Jazz|Golden State Warriors,,,,2025-01-28|Utah Jazz|Golden State Warriors,0.7830603373058705,"[{""p_home_win"": 0.5661206746117411, ""weight"": 0.25}, {""p_home_win"": 0.7830603373058705, ""weight"": 0.5}, {""p_home_win"": 1.0, ""weight"": 0.25}]",9.457790809411515,,toor,"{'home_advantage': 1.4264019904534315, 'home_coeff': 0.758458268292812, 'away_coeff': -0.6628260480929034, 'error_term': 13.41760931965244, 'win_prob_k': 7.368230668290128}",1.0,11
2025-01-28,Portland Trail Blazers,Milwaukee Bucks,125,112,False,False,2025-01-28|Milwaukee Bucks|Portland Trail Blazers,,,,2025-01-28|Milwaukee Bucks|Portland Trail Blazers,0.3057689425560495,"[{""p_home_win"": 0.0, ""weight"": 0.25}, {""p_home_win"": 0.3057689425560495, ""weight"": 0.5}, {""p_home_win"": 0.611537885112099, ""weight"": 0.25}]",-6.041765781116915,,toor,"{'home_advantage': 1.4264019904534315, 'home_coeff': 0.758458268292812, 'away_coeff': -0.6628260480929034, 'error_term': 13.41760931965244, 'win_prob_k': 7.368230668290128}",1.0,13
2025-01-29,Charlotte Hornets,Brooklyn Nets,83,104,False,False,2025-01-29|Brooklyn Nets|Charlotte Hornets,,,,2025-01-29|Brooklyn Nets|Charlotte Hornets,0.47608821122895956,"[{""p_home_win"": 0.0, ""weight"": 0.25}, {""p_home_win"": 0.47608821122895956, ""weight"": 0.5}, {""p_home_win"": 0.9521764224579191, ""weight"": 0.25}]",-0.7042861823219022,,toor,"{'home_advantage': 1.493772022469269, 'home_coeff': 0.7452789716315881, 'away_coeff': -0.6574083261078829, 'error_term': 13.41698300840786, 'win_prob_k': 7.357761250824296}",0.0,-21
2025-01-29,Indiana Pacers,Detroit Pistons,133,119,False,False,2025-01-29|Detroit Pistons|Indiana Pacers,,,,2025-01-29|Detroit Pistons|Indiana Pacers,0.6131168984410326,"[{""p_home_win"": 0.22623379688206513, ""weight"": 0.25}, {""p_home_win"": 0.6131168984410326, ""weight"": 0.5}, {""p_home_win"": 1.0, ""weight"": 0.25}]",3.387756324657863,,toor,"{'home_advantage': 1.493772022469269, 'home_coeff': 0.7452789716315881, 'away_coeff': -0.6574083261078829, 'error_term': 13.41698300840786, 'win_prob_k': 7.357761250824296}",1.0,14
2025-01-29,Washington Wizards,Toronto Raptors,82,106,False,False,2025-01-29|Toronto Raptors|Washington Wizards,,,,2025-01-29|Toronto Raptors|Washington Wizards,0.38918959556469257,"[{""p_home_win"": 0.0, ""weight"": 0.25}, {""p_home_win"": 0.38918959556469257, ""weight"": 0.5}, {""p_home_win"": 0.7783791911293851, ""weight"": 0.25}]",-3.316290079103136,,toor,"{'home_advantage': 1.493772022469269, 'home_coeff': 0.7452789716315881, 'away_coeff': -0.6574083261078829, 'error_term': 13.41698300840786, 'win_prob_k': 7.357761250824296}",0.0,-24
2025-01-29,Boston Celtics,Chicago Bulls,122,100,False,False,2025-01-29|Chicago Bulls|Boston Celtics,,,,2025-01-29|Chicago Bulls|Boston Celtics,0.8256560128756045,"[{""p_home_win"": 0.6513120257512091, ""weight"": 0.25}, {""p_home_win"": 0.8256560128756045, ""weight"": 0.5}, {""p_home_win"": 1.0, ""weight"": 0.25}]",11.442407343003609,,toor,"{'home_advantage': 1.493772022469269, 'home_coeff': 0.7452789716315881, 'away_coeff': -0.6574083261078829, 'error_term': 13.41698300840786, 'win_prob_k': 7.357761250824296}",1.0,22
2025-01-29,Miami Heat,Cleveland Cavaliers,106,126,False,False,2025-01-29|Cleveland Cavaliers|Miami Heat,,,,2025-01-29|Cleveland Cavaliers|Miami Heat,0.2706502465390524,"[{""p_home_win"": 0.0, ""weight"": 0.25}, {""p_home_win"": 0.2706502465390524, ""weight"": 0.5}, {""p_home_win"": 0.5413004930781048, ""weight"": 0.25}]",-7.293940061735192,,toor,"{'home_advantage': 1.493772022469269, 'home_coeff': 0.7452789716315881, 'away_coeff': -0.6574083261078829, 'error_term': 13.41698300840786, 'win_prob_k': 7.357761250824296}",0.0,-20
2025-01-29,New York Knicks,Denver Nuggets,122,112,False,False,2025-01-29|Denver Nuggets|New York Knicks,,,,2025-01-29|Denver Nuggets|New York Knicks,0.5709485121747357,"[{""p_home_win"": 0.1418970243494715, ""weight"": 0.25}, {""p_home_win"": 0.5709485121747357, ""weight"": 0.5}, {""p_home_win"": 1.0, ""weight"": 0.25}]",2.1022750275263022,,toor,"{'home_advantage': 1.493772022469269, 'home_coeff': 0.7452789716315881, 'away_coeff': -0.6574083261078829, 'error_term': 13.41698300840786, 'win_prob_k': 7.357761250824296}",1.0,10
2025-01-29,Philadelphia 76ers,Sacramento Kings,117,104,False,False,2025-01-29|Sacramento Kings|Philadelphia 76ers,,,,2025-01-29|Sacramento Kings|Philadelphia 76ers,0.41697120172989244,"[{""p_home_win"": 0.0, ""weight"": 0.25}, {""p_home_win"": 0.41697120172989244, ""weight"": 0.5}, {""p_home_win"": 0.8339424034597849, ""weight"": 0.25}]",-2.46646448111728,,toor,"{'home_advantage': 1.493772022469269, 'home_coeff': 0.7452789716315881, 'away_coeff': -0.6574083261078829, 'error_term': 13.41698300840786, 'win_prob_k': 7.357761250824296}",1.0,13
2025-01-29,New Orleans Pelicans,Dallas Mavericks,136,137,False,False,2025-01-29|Dallas Mavericks|New Orleans Pelicans,,,,2025-01-29|Dallas Mavericks|New Orleans Pelicans,0.23898461313663424,"[{""p_home_win"": 0.0, ""weight"": 0.25}, {""p_home_win"": 0.23898461313663424, ""weight"": 0.5}, {""p_home_win"": 0.4779692262732685, ""weight"": 0.25}]",-8.52215939624769,,toor,"{'home_advantage': 1.493772022469269, 'home_coeff': 0.7452789716315881, 'away_coeff': -0.6574083261078829, 'error_term': 13.41698300840786, 'win_prob_k': 7.357761250824296}",0.0,-1
2025-01-29,San Antonio Spurs,Los Angeles Clippers,116,128,False,False,2025-01-29|Los Angeles Clippers|San Antonio Spurs,,,,2025-01-29|Los Angeles Clippers|San Antonio Spurs,0.39948364333496195,"[{""p_home_win"": 0.0, ""weight"": 0.25}, {""p_home_win"": 0.39948364333496195, ""weight"": 0.5}, {""p_home_win"": 0.7989672866699239, ""weight"": 0.25}]",-2.999148994761375,,toor,"{'home_advantage': 1.493772022469269, 'home_coeff': 0.7452789716315881, 'away_coeff': -0.6574083261078829, 'error_term': 13.41698300840786, 'win_prob_k': 7.357761250824296}",0.0,-12
2025-01-29,Phoenix Suns,Minnesota Timberwolves,113,121,False,False,2025-01-29|Minnesota Timberwolves|Phoenix Suns,,,,2025-01-29|Minnesota Timberwolves|Phoenix Suns,0.4773666976611492,"[{""p_home_win"": 0.0, ""weight"": 0.25}, {""p_home_win"": 0.4773666976611492, ""weight"": 0.5}, {""p_home_win"": 0.9547333953222984, ""weight"": 0.25}]",-0.6665772755846149,,toor,"{'home_advantage': 1.493772022469269, 'home_coeff': 0.7452789716315881, 'away_coeff': -0.6574083261078829, 'error_term': 13.41698300840786, 'win_prob_k': 7.357761250824296}",0.0,-8
2025-01-29,Golden State Warriors,Oklahoma City Thunder,116,109,False,False,2025-01-29|Oklahoma City Thunder|Golden State Warriors,,,,2025-01-29|Oklahoma City Thunder|Golden State Warriors,0.25255234719995984,"[{""p_home_win"": 0.0, ""weight"": 0.25}, {""p_home_win"": 0.25255234719995984, ""weight"": 0.5}, {""p_home_win"": 0.5051046943999197, ""weight"": 0.25}]",-7.983507429345493,,toor,"{'home_advantage': 1.493772022469269, 'home_coeff': 0.7452789716315881, 'away_coeff': -0.6574083261078829, 'error_term': 13.41698300840786, 'win_prob_k': 7.357761250824296}",1.0,7
2025-01-30,Cleveland Cavaliers,Atlanta Hawks,137,115,False,False,2025-01-30|Atlanta Hawks|Cleveland Cavaliers,,,,2025-01-30|Atlanta Hawks|Cleveland Cavaliers,0.8624067055789397,"[{""p_home_win"": 0.7248134111578795, ""weight"": 0.25}, {""p_home_win"": 0.8624067055789397, ""weight"": 0.5}, {""p_home_win"": 1.0, ""weight"": 0.25}]",13.473313834303942,,toor,"{'home_advantage': 1.4939651683619264, 'home_coeff': 0.7406029738237798, 'away_coeff': -0.6309329441763863, 'error_term': 13.40987251758867, 'win_prob_k': 7.340706061033442}",1.0,22
2025-01-30,Washington Wizards,Los Angeles Lakers,96,134,False,False,2025-01-30|Los Angeles Lakers|Washington Wizards,,,,2025-01-30|Los Angeles Lakers|Washington Wizards,0.16295069034009216,"[{""p_home_win"": 0.0, ""weight"": 0.25}, {""p_home_win"": 0.16295069034009216, ""weight"": 0.5}, {""p_home_win"": 0.3259013806801843, ""weight"": 0.25}]",-12.012590813998662,,toor,"{'home_advantage': 1.4939651683619264, 'home_coeff': 0.7406029738237798, 'away_coeff': -0.6309329441763863, 'error_term': 13.40987251758867, 'win_prob_k': 7.340706061033442}",0.0,-38
2025-01-30,Utah Jazz,Minnesota Timberwolves,113,138,False,False,2025-01-30|Minnesota Timberwolves|Utah Jazz,,,,2025-01-30|Minnesota Timberwolves|Utah Jazz,0.17537617824344826,"[{""p_home_win"": 0.0, ""weight"": 0.25}, {""p_home_win"": 0.17537617824344826, ""weight"": 0.5}, {""p_home_win"": 0.3507523564868965, ""weight"": 0.25}]",-11.363369319193252,,toor,"{'home_advantage': 1.4939651683619264, 'home_coeff': 0.7406029738237798, 'away_coeff': -0.6309329441763863, 'error_term': 13.40987251758867, 'win_prob_k': 7.340706061033442}",0.0,-25
2025-01-30,Memphis Grizzlies,Houston Rockets,120,119,False,False,2025-01-30|Houston Rockets|Memphis Grizzlies,,,,2025-01-30|Houston Rockets|Memphis Grizzlies,0.48111206986626004,"[{""p_home_win"": 0.0, ""weight"": 0.25}, {""p_home_win"": 0.48111206986626004, ""weight"": 0.5}, {""p_home_win"": 0.9622241397325201, ""weight"": 0.25}]",-0.5548670079936029,,toor,"{'home_advantage': 1.4939651683619264, 'home_coeff': 0.7406029738237798, 'away_coeff': -0.6309329441763863, 'error_term': 13.40987251758867, 'win_prob_k': 7.340706061033442}",1.0,1
2025-01-30,Portland Trail Blazers,Orlando Magic,119,90,False,False,2025-01-30|Orlando Magic|Portland Trail Blazers,,,,2025-01-30|Orlando Magic|Portland Trail Blazers,0.4190028376835446,"[{""p_home_win"": 0.0, ""weight"": 0.25}, {""p_home_win"": 0.4190028376835446, ""weight"": 0.5}, {""p_home_win"": 0.8380056753670893, ""weight"": 0.25}]",-2.3994432322096877,,toor,"{'home_advantage': 1.4939651683619264, 'home_coeff': 0.7406029738237798, 'away_coeff': -0.6309329441763863, 'error_term': 13.40987251758867, 'win_prob_k': 7.340706061033442}",1.0,29
2025-01-31,Charlotte Hornets,Los Angeles Clippers,104,112,False,False,2025-01-31|Los Angeles Clippers|Charlotte Hornets,,,,2025-01-31|Los Angeles Clippers|Charlotte Hornets,0.19451098648165763,"[{""p_home_win"": 0.0, ""weight"": 0.25}, {""p_home_win"": 0.19451098648165763, ""weight"": 0.5}, {""p_home_win"": 0.38902197296331525, ""weight"": 0.25}]",-10.502104197692788,,toor,"{'home_advantage': 1.4943276458340684, 'home_coeff': 0.7482224133285691, 'away_coeff': -0.6306101185265528, 'error_term': 13.46276976811971, 'win_prob_k': 7.390846630416366}",0.0,-8
2025-01-31,Detroit Pistons,Dallas Mavericks,117,102,False,False,2025-01-31|Dallas Mavericks|Detroit Pistons,,,,2025-01-31|Dallas Mavericks|Detroit Pistons,0.49199715580255715,"[{""p_home_win"": 0.0, ""weight"": 0.25}, {""p_home_win"": 0.49199715580255715, ""weight"": 0.5}, {""p_home_win"": 0.9839943116051143, ""weight"": 0.25}]",-0.23661138285941452,,toor,"{'home_advantage': 1.4943276458340684, 'home_coeff': 0.7482224133285691, 'away_coeff': -0.6306101185265528, 'error_term': 13.46276976811971, 'win_prob_k': 7.390846630416366}",1.0,15
2025-01-31,Philadelphia 76ers,Denver Nuggets,134,137,False,False,2025-01-31|Denver Nuggets|Philadelphia 76ers,,,,2025-01-31|Denver Nuggets|Philadelphia 76ers,0.3185571267369523,"[{""p_home_win"": 0.0, ""weight"": 0.25}, {""p_home_win"": 0.3185571267369523, ""weight"": 0.5}, {""p_home_win"": 0.6371142534739046, ""weight"": 0.25}]",-5.620078134664292,,toor,"{'home_advantage': 1.4943276458340684, 'home_coeff': 0.7482224133285691, 'away_coeff': -0.6306101185265528, 'error_term': 13.46276976811971, 'win_prob_k': 7.390846630416366}",0.0,-3
2025-01-31,Toronto Raptors,Chicago Bulls,106,122,False,False,2025-01-31|Chicago Bulls|Toronto Raptors,,,,2025-01-31|Chicago Bulls|Toronto Raptors,0.45348484825257923,"[{""p_home_win"": 0.0, ""weight"": 0.25}, {""p_home_win"": 0.45348484825257923, ""weight"": 0.5}, {""p_home_win"": 0.9069696965051585, ""weight"": 0.25}]",-1.3791332671545264,,toor,"{'home_advantage': 1.4943276458340684, 'home_coeff': 0.7482224133285691, 'away_coeff': -0.6306101185265528, 'error_term': 13.46276976811971, 'win_prob_k': 7.390846630416366}",0.0,-16
2025-01-31,New Orleans Pelicans,Boston Celtics,116,118,False,False,2025-01-31|Boston Celtics|New Orleans Pelicans,,,,2025-01-31|Boston Celtics|New Orleans Pelicans,0.14651479632378492,"[{""p_home_win"": 0.0, ""weight"": 0.25}, {""p_home_win"": 0.14651479632378492, ""weight"": 0.5}, {""p_home_win"": 0.29302959264756984, ""weight"": 0.25}]",-13.024163116458741,,toor,"{'home_advantage': 1.4943276458340684, 'home_coeff': 0.7482224133285691, 'away_coeff': -0.6306101185265528, 'error_term': 13.46276976811971, 'win_prob_k': 7.390846630416366}",0.0,-2
2025-01-31,San Antonio Spurs,Milwaukee Bucks,144,118,False,False,2025-01-31|Milwaukee Bucks|San Antonio Spurs,,,,2025-01-31|Milwaukee Bucks|San Antonio Spurs,0.38384661969548384,"[{""p_home_win"": 0.0, ""weight"": 0.25}, {""p_home_win"": 0.38384661969548384, ""weight"": 0.5}, {""p_home_win"": 0.7676932393909677, ""weight"": 0.25}]",-3.497739465468399,,toor,"{'home_advantage': 1.4943276458340684, 'home_coeff': 0.7482224133285691, 'away_coeff': -0.6306101185265528, 'error_term': 13.46276976811971, 'win_prob_k': 7.390846630416366}",1.0,26
2025-01-31,Golden State Warriors,Phoenix Suns,105,130,False,False,2025-01-31|Phoenix Suns|Golden State Warriors,,,,2025-01-31|Phoenix Suns|Golden State Warriors,0.56328427390279,"[{""p_home_win"": 0.12656854780558002, ""weight"": 0.25}, {""p_home_win"": 0.56328427390279, ""weight"": 0.5}, {""p_home_win"": 1.0, ""weight"": 0.25}]",1.8809849287622316,,toor,"{'home_advantage': 1.4943276458340684, 'home_coeff': 0.7482224133285691, 'away_coeff': -0.6306101185265528, 'error_term': 13.46276976811971, 'win_prob_k': 7.390846630416366}",0.0,-25
2025-02-01,Indiana Pacers,Atlanta Hawks,132,127,False,False,2025-02-01|Atlanta Hawks|Indiana Pacers,,,,2025-02-01|Atlanta Hawks|Indiana Pacers,0.6911007522483701,"[{""p_home_win"": 0.3822015044967402, ""weight"": 0.25}, {""p_home_win"": 0.6911007522483701, ""weight"": 0.5}, {""p_home_win"": 1.0, ""weight"": 0.25}]",5.884292047260071,,toor,"{'home_advantage': 1.525589779338384, 'home_coeff': 0.7333223023967934, 'away_coeff': -0.6173952376745105, 'error_term': 13.519447490870816, 'win_prob_k': 7.307224562166471}",1.0,5
2025-02-01,Utah Jazz,Orlando Magic,113,99,False,False,2025-02-01|Orlando Magic|Utah Jazz,,,,2025-02-01|Orlando Magic|Utah Jazz,0.2793349355130036,"[{""p_home_win"": 0.0, ""weight"": 0.25}, {""p_home_win"": 0.2793349355130036, ""weight"": 0.5}, {""p_home_win"": 0.5586698710260072, ""weight"": 0.25}]",-6.92551662560743,,toor,"{'home_advantage': 1.525589779338384, 'home_coeff': 0.7333223023967934, 'away_coeff': -0.6173952376745105, 'error_term': 13.519447490870816, 'win_prob_k': 7.307224562166471}",1.0,14
2025-02-01,Charlotte Hornets,Denver Nuggets,104,107,False,False,2025-02-01|Denver Nuggets|Charlotte Hornets,,,,2025-02-01|Denver Nuggets|Charlotte Hornets,0.17264771175155566,"[{""p_home_win"": 0.0, ""weight"": 0.25}, {""p_home_win"": 0.17264771175155566, ""weight"": 0.5}, {""p_home_win"": 0.3452954235031113, ""weight"": 0.25}]",-11.450255874433623,,toor,"{'home_advantage': 1.525589779338384, 'home_coeff': 0.7333223023967934, 'away_coeff': -0.6173952376745105, 'error_term': 13.519447490870816, 'win_prob_k': 7.307224562166471}",0.0,-3
2025-02-01,Houston Rockets,Brooklyn Nets,98,110,False,False,2025-02-01|Brooklyn Nets|Houston Rockets,,,,2025-02-01|Brooklyn Nets|Houston Rockets,0.8983665613280207,"[{""p_home_win"": 0.7967331226560415, ""weight"": 0.25}, {""p_home_win"": 0.8983665613280207, ""weight"": 0.5}, {""p_home_win"": 1.0, ""weight"": 0.25}]",15.923944545294127,,toor,"{'home_advantage': 1.525589779338384, 'home_coeff': 0.7333223023967934, 'away_coeff': -0.6173952376745105, 'error_term': 13.519447490870816, 'win_prob_k': 7.307224562166471}",0.0,-12
2025-02-01,Minnesota Timberwolves,Washington Wizards,103,105,False,False,2025-02-01|Washington Wizards|Minnesota Timberwolves,,,,2025-02-01|Washington Wizards|Minnesota Timberwolves,0.8840166638209837,"[{""p_home_win"": 0.7680333276419673, ""weight"": 0.25}, {""p_home_win"": 0.8840166638209837, ""weight"": 0.5}, {""p_home_win"": 1.0, ""weight"": 0.25}]",14.841187814240172,,toor,"{'home_advantage': 1.525589779338384, 'home_coeff': 0.7333223023967934, 'away_coeff': -0.6173952376745105, 'error_term': 13.519447490870816, 'win_prob_k': 7.307224562166471}",0.0,-2
2025-02-01,Oklahoma City Thunder,Sacramento Kings,144,110,False,False,2025-02-01|Sacramento Kings|Oklahoma City Thunder,,,,2025-02-01|Sacramento Kings|Oklahoma City Thunder,0.8536099190314542,"[{""p_home_win"": 0.7072198380629084, ""weight"": 0.25}, {""p_home_win"": 0.8536099190314542, ""weight"": 0.5}, {""p_home_win"": 1.0, ""weight"": 0.25}]",12.884094503453872,,toor,"{'home_advantage': 1.525589779338384, 'home_coeff': 0.7333223023967934, 'away_coeff': -0.6173952376745105, 'error_term': 13.519447490870816, 'win_prob_k': 7.307224562166471}",1.0,34
2025-02-01,New York Knicks,Los Angeles Lakers,112,128,False,False,2025-02-01|Los Angeles Lakers|New York Knicks,,,,2025-02-01|Los Angeles Lakers|New York Knicks,0.6284854759716347,"[{""p_home_win"": 0.25697095194326947, ""weight"": 0.25}, {""p_home_win"": 0.6284854759716347, ""weight"": 0.5}, {""p_home_win"": 1.0, ""weight"": 0.25}]",3.8415903384637855,,toor,"{'home_advantage': 1.525589779338384, 'home_coeff': 0.7333223023967934, 'away_coeff': -0.6173952376745105, 'error_term': 13.519447490870816, 'win_prob_k': 7.307224562166471}",0.0,-16
2025-02-01,San Antonio Spurs,Miami Heat,103,105,False,False,2025-02-01|Miami Heat|San Antonio Spurs,,,,2025-02-01|Miami Heat|San Antonio Spurs,0.4806320102680758,"[{""p_home_win"": 0.0, ""weight"": 0.25}, {""p_home_win"": 0.4806320102680758, ""weight"": 0.5}, {""p_home_win"": 0.9612640205361516, ""weight"": 0.25}]",-0.5663883986805207,,toor,"{'home_advantage': 1.525589779338384, 'home_coeff': 0.7333223023967934, 'away_coeff': -0.6173952376745105, 'error_term': 13.519447490870816, 'win_prob_k': 7.307224562166471}",0.0,-2
2025-02-01,Portland Trail Blazers,Phoenix Suns,127,108,False,False,2025-02-01|Phoenix Suns|Portland Trail Blazers,,,,2025-02-01|Phoenix Suns|Portland Trail Blazers,0.39085952970133186,"[{""p_home_win"": 0.0, ""weight"": 0.25}, {""p_home_win"": 0.39085952970133186, ""weight"": 0.5}, {""p_home_win"": 0.7817190594026637, ""weight"": 0.25}]",-3.2422203760322788,,toor,"{'home_advantage': 1.525589779338384, 'home_coeff': 0.7333223023967934, 'away_coeff': -0.6173952376745105, 'error_term': 13.519447490870816, 'win_prob_k': 7.307224562166471}",1.0,19
2025-02-02,Detroit Pistons,Chicago Bulls,127,119,False,False,2025-02-02|Chicago Bulls|Detroit Pistons,,,,2025-02-02|Chicago Bulls|Detroit Pistons,0.6490057220433328,"[{""p_home_win"": 0.2980114440866657, ""weight"": 0.25}, {""p_home_win"": 0.6490057220433328, ""weight"": 0.5}, {""p_home_win"": 1.0, ""weight"": 0.25}]",4.531714534290369,,toor,"{'home_advantage': 1.540530320695307, 'home_coeff': 0.7083011075641081, 'away_coeff': -0.6001169218529767, 'error_term': 13.604359449248282, 'win_prob_k': 7.372578210310033}",1.0,8
2025-02-02,Cleveland Cavaliers,Dallas Mavericks,144,101,False,False,2025-02-02|Dallas Mavericks|Cleveland Cavaliers,,,,2025-02-02|Dallas Mavericks|Cleveland Cavaliers,0.8113799550587404,"[{""p_home_win"": 0.6227599101174808, ""weight"": 0.25}, {""p_home_win"": 0.8113799550587404, ""weight"": 0.5}, {""p_home_win"": 1.0, ""weight"": 0.25}]",10.756604871708364,,toor,"{'home_advantage': 1.540530320695307, 'home_coeff': 0.7083011075641081, 'away_coeff': -0.6001169218529767, 'error_term': 13.604359449248282, 'win_prob_k': 7.372578210310033}",1.0,43
2025-02-02,Toronto Raptors,Los Angeles Clippers,115,108,False,False,2025-02-02|Los Angeles Clippers|Toronto Raptors,,,,2025-02-02|Los Angeles Clippers|Toronto Raptors,0.26806460447095065,"[{""p_home_win"": 0.0, ""weight"": 0.25}, {""p_home_win"": 0.26806460447095065, ""weight"": 0.5}, {""p_home_win"": 0.5361292089419013, ""weight"": 0.25}]",-7.4054911664519825,,toor,"{'home_advantage': 1.540530320695307, 'home_coeff': 0.7083011075641081, 'away_coeff': -0.6001169218529767, 'error_term': 13.604359449248282, 'win_prob_k': 7.372578210310033}",1.0,7
2025-02-02,Philadelphia 76ers,Boston Celtics,110,118,False,False,2025-02-02|Boston Celtics|Philadelphia 76ers,,,,2025-02-02|Boston Celtics|Philadelphia 76ers,0.2520482405307717,"[{""p_home_win"": 0.0, ""weight"": 0.25}, {""p_home_win"": 0.2520482405307717, ""weight"": 0.5}, {""p_home_win"": 0.5040964810615434, ""weight"": 0.25}]",-8.019285902919833,,toor,"{'home_advantage': 1.540530320695307, 'home_coeff': 0.7083011075641081, 'away_coeff': -0.6001169218529767, 'error_term': 13.604359449248282, 'win_prob_k': 7.372578210310033}",0.0,-8
2025-02-02,Milwaukee Bucks,Memphis Grizzlies,119,132,False,False,2025-02-02|Memphis Grizzlies|Milwaukee Bucks,,,,2025-02-02|Memphis Grizzlies|Milwaukee Bucks,0.4607643232337533,"[{""p_home_win"": 0.0, ""weight"": 0.25}, {""p_home_win"": 0.4607643232337533, ""weight"": 0.5}, {""p_home_win"": 0.9215286464675067, ""weight"": 0.25}]",-1.159456184682047,,toor,"{'home_advantage': 1.540530320695307, 'home_coeff': 0.7083011075641081, 'away_coeff': -0.6001169218529767, 'error_term': 13.604359449248282, 'win_prob_k': 7.372578210310033}",0.0,-13
2025-02-03,Charlotte Hornets,Washington Wizards,114,124,False,False,2025-02-03|Washington Wizards|Charlotte Hornets,,,,2025-02-03|Washington Wizards|Charlotte Hornets,0.5355573212183085,"[{""p_home_win"": 0.07111464243661691, ""weight"": 0.25}, {""p_home_win"": 0.5355573212183085, ""weight"": 0.5}, {""p_home_win"": 1.0, ""weight"": 0.25}]",1.056357180597641,,toor,"{'home_advantage': 1.5945738245914918, 'home_coeff': 0.7099249340584974, 'away_coeff': -0.5965722143825469, 'error_term': 13.62478306206784, 'win_prob_k': 7.414605259060467}",0.0,-10
2025-02-03,Detroit Pistons,Atlanta Hawks,130,132,False,False,2025-02-03|Atlanta Hawks|Detroit Pistons,,,,2025-02-03|Atlanta Hawks|Detroit Pistons,0.6422349976711291,"[{""p_home_win"": 0.28446999534225825, ""weight"": 0.25}, {""p_home_win"": 0.6422349976711291, ""weight"": 0.5}, {""p_home_win"": 1.0, ""weight"": 0.25}]",4.3381218515951465,,toor,"{'home_advantage': 1.5945738245914918, 'home_coeff': 0.7099249340584974, 'away_coeff': -0.5965722143825469, 'error_term': 13.62478306206784, 'win_prob_k': 7.414605259060467}",0.0,-2
2025-02-03,New York Knicks,Houston Rockets,124,118,False,False,2025-02-03|Houston Rockets|New York Knicks,,,,2025-02-03|Houston Rockets|New York Knicks,0.48148819818592165,"[{""p_home_win"": 0.0, ""weight"": 0.25}, {""p_home_win"": 0.48148819818592165, ""weight"": 0.5}, {""p_home_win"": 0.9629763963718433, ""weight"": 0.25}]",-0.5492818796846217,,toor,"{'home_advantage': 1.5945738245914918, 'home_coeff': 0.7099249340584974, 'away_coeff': -0.5965722143825469, 'error_term': 13.62478306206784, 'win_prob_k': 7.414605259060467}",1.0,6
2025-02-03,Memphis Grizzlies,San Antonio Spurs,128,109,False,False,2025-02-03|San Antonio Spurs|Memphis Grizzlies,,,,2025-02-03|San Antonio Spurs|Memphis Grizzlies,0.8042028653115749,"[{""p_home_win"": 0.6084057306231498, ""weight"": 0.25}, {""p_home_win"": 0.8042028653115749, ""weight"": 0.5}, {""p_home_win"": 1.0, ""weight"": 0.25}]",10.475150121193408,,toor,"{'home_advantage': 1.5945738245914918, 'home_coeff': 0.7099249340584974, 'away_coeff': -0.5965722143825469, 'error_term': 13.62478306206784, 'win_prob_k': 7.414605259060467}",1.0,19
2025-02-03,Minnesota Timberwolves,Sacramento Kings,114,116,False,False,2025-02-03|Sacramento Kings|Minnesota Timberwolves,,,,2025-02-03|Sacramento Kings|Minnesota Timberwolves,0.6628490297180789,"[{""p_home_win"": 0.3256980594361578, ""weight"": 0.25}, {""p_home_win"": 0.6628490297180789, ""weight"": 0.5}, {""p_home_win"": 1.0, ""weight"": 0.25}]",5.012395076224813,,toor,"{'home_advantage': 1.5945738245914918, 'home_coeff': 0.7099249340584974, 'away_coeff': -0.5965722143825469, 'error_term': 13.62478306206784, 'win_prob_k': 7.414605259060467}",0.0,-2
2025-02-03,Oklahoma City Thunder,Milwaukee Bucks,125,96,False,False,2025-02-03|Milwaukee Bucks|Oklahoma City Thunder,,,,2025-02-03|Milwaukee Bucks|Oklahoma City Thunder,0.7996559908271526,"[{""p_home_win"": 0.5993119816543051, ""weight"": 0.25}, {""p_home_win"": 0.7996559908271526, ""weight"": 0.5}, {""p_home_win"": 1.0, ""weight"": 0.25}]",10.262893904171452,,toor,"{'home_advantage': 1.5945738245914918, 'home_coeff': 0.7099249340584974, 'away_coeff': -0.5965722143825469, 'error_term': 13.62478306206784, 'win_prob_k': 7.414605259060467}",1.0,29
2025-02-03,Denver Nuggets,New Orleans Pelicans,125,113,False,False,2025-02-03|New Orleans Pelicans|Denver Nuggets,,,,2025-02-03|New Orleans Pelicans|Denver Nuggets,0.8619121576510914,"[{""p_home_win"": 0.7238243153021828, ""weight"": 0.25}, {""p_home_win"": 0.8619121576510914, ""weight"": 0.5}, {""p_home_win"": 1.0, ""weight"": 0.25}]",13.578094782452435,,toor,"{'home_advantage': 1.5945738245914918, 'home_coeff': 0.7099249340584974, 'away_coeff': -0.5965722143825469, 'error_term': 13.62478306206784, 'win_prob_k': 7.414605259060467}",1.0,12
2025-02-03,Utah Jazz,Indiana Pacers,111,112,False,False,2025-02-03|Indiana Pacers|Utah Jazz,,,,2025-02-03|Indiana Pacers|Utah Jazz,0.19655100443253226,"[{""p_home_win"": 0.0, ""weight"": 0.25}, {""p_home_win"": 0.19655100443253226, ""weight"": 0.5}, {""p_home_win"": 0.3931020088650645, ""weight"": 0.25}]",-10.439702983600993,,toor,"{'home_advantage': 1.5945738245914918, 'home_coeff': 0.7099249340584974, 'away_coeff': -0.5965722143825469, 'error_term': 13.62478306206784, 'win_prob_k': 7.414605259060467}",0.0,-1
2025-02-03,Golden State Warriors,Orlando Magic,104,99,False,False,2025-02-03|Orlando Magic|Golden State Warriors,,,,2025-02-03|Orlando Magic|Golden State Warriors,0.59568306631996,"[{""p_home_win"": 0.19136613263992008, ""weight"": 0.25}, {""p_home_win"": 0.59568306631996, ""weight"": 0.5}, {""p_home_win"": 1.0, ""weight"": 0.25}]",2.8732314446523715,,toor,"{'home_advantage': 1.5945738245914918, 'home_coeff': 0.7099249340584974, 'away_coeff': -0.5965722143825469, 'error_term': 13.62478306206784, 'win_prob_k': 7.414605259060467}",1.0,5
2025-02-03,Portland Trail Blazers,Phoenix Suns,121,119,False,False,2025-02-03|Phoenix Suns|Portland Trail Blazers,,,,2025-02-03|Phoenix Suns|Portland Trail Blazers,0.41054607712857794,"[{""p_home_win"": 0.0, ""weight"": 0.25}, {""p_home_win"": 0.41054607712857794, ""weight"": 0.5}, {""p_home_win"": 0.8210921542571559, ""weight"": 0.25}]",-2.6819248929745942,,toor,"{'home_advantage': 1.5945738245914918, 'home_coeff': 0.7099249340584974, 'away_coeff': -0.5965722143825469, 'error_term': 13.62478306206784, 'win_prob_k': 7.414605259060467}",1.0,2
2025-02-04,Philadelphia 76ers,Dallas Mavericks,118,116,False,False,2025-02-04|Dallas Mavericks|Philadelphia 76ers,,,,2025-02-04|Dallas Mavericks|Philadelphia 76ers,0.3796550274126999,"[{""p_home_win"": 0.0, ""weight"": 0.25}, {""p_home_win"": 0.3796550274126999, ""weight"": 0.5}, {""p_home_win"": 0.7593100548253998, ""weight"": 0.25}]",-3.6302638167821253,,toor,"{'home_advantage': 1.6216802944274007, 'home_coeff': 0.7042577428281145, 'away_coeff': -0.5806259469958848, 'error_term': 13.573862345941448, 'win_prob_k': 7.393421232106956}",1.0,2
2025-02-04,Brooklyn Nets,Houston Rockets,99,97,False,False,2025-02-04|Houston Rockets|Brooklyn Nets,,,,2025-02-04|Houston Rockets|Brooklyn Nets,0.18392602527908655,"[{""p_home_win"": 0.0, ""weight"": 0.25}, {""p_home_win"": 0.18392602527908655, ""weight"": 0.5}, {""p_home_win"": 0.3678520505581731, ""weight"": 0.25}]",-11.015985931924304,,toor,"{'home_advantage': 1.6216802944274007, 'home_coeff': 0.7042577428281145, 'away_coeff': -0.5806259469958848, 'error_term': 13.573862345941448, 'win_prob_k': 7.393421232106956}",1.0,2
2025-02-04,Cleveland Cavaliers,Boston Celtics,105,112,False,False,2025-02-04|Boston Celtics|Cleveland Cavaliers,,,,2025-02-04|Boston Celtics|Cleveland Cavaliers,0.7054393940595152,"[{""p_home_win"": 0.41087878811903034, ""weight"": 0.25}, {""p_home_win"": 0.7054393940595152, ""weight"": 0.5}, {""p_home_win"": 1.0, ""weight"": 0.25}]",6.456941576293672,,toor,"{'home_advantage': 1.6216802944274007, 'home_coeff': 0.7042577428281145, 'away_coeff': -0.5806259469958848, 'error_term': 13.573862345941448, 'win_prob_k': 7.393421232106956}",0.0,-7
2025-02-04,Toronto Raptors,New York Knicks,115,121,False,False,2025-02-04|New York Knicks|Toronto Raptors,,,,2025-02-04|New York Knicks|Toronto Raptors,0.2424698166484689,"[{""p_home_win"": 0.0, ""weight"": 0.25}, {""p_home_win"": 0.2424698166484689, ""weight"": 0.5}, {""p_home_win"": 0.4849396332969378, ""weight"": 0.25}]",-8.422483049483292,,toor,"{'home_advantage': 1.6216802944274007, 'home_coeff': 0.7042577428281145, 'away_coeff': -0.5806259469958848, 'error_term': 13.573862345941448, 'win_prob_k': 7.393421232106956}",0.0,-6
2025-02-04,Chicago Bulls,Miami Heat,133,124,False,False,2025-02-04|Miami Heat|Chicago Bulls,,,,2025-02-04|Miami Heat|Chicago Bulls,0.43302575441166147,"[{""p_home_win"": 0.0, ""weight"": 0.25}, {""p_home_win"": 0.43302575441166147, ""weight"": 0.5}, {""p_home_win"": 0.8660515088233229, ""weight"": 0.25}]",-1.9926503088962997,,toor,"{'home_advantage': 1.6216802944274007, 'home_coeff': 0.7042577428281145, 'away_coeff': -0.5806259469958848, 'error_term': 13.573862345941448, 'win_prob_k': 7.393421232106956}",1.0,9
2025-02-04,Los Angeles Clippers,Los Angeles Lakers,97,122,False,False,2025-02-04|Los Angeles Lakers|Los Angeles Clippers,,,,2025-02-04|Los Angeles Lakers|Los Angeles Clippers,0.5483581343151344,"[{""p_home_win"": 0.09671626863026872, ""weight"": 0.25}, {""p_home_win"": 0.5483581343151344, ""weight"": 0.5}, {""p_home_win"": 1.0, ""weight"": 0.25}]",1.4346125803459429,,toor,"{'home_advantage': 1.6216802944274007, 'home_coeff': 0.7042577428281145, 'away_coeff': -0.5806259469958848, 'error_term': 13.573862345941448, 'win_prob_k': 7.393421232106956}",0.0,-25
2025-02-04,Portland Trail Blazers,Indiana Pacers,112,89,False,False,2025-02-04|Indiana Pacers|Portland Trail Blazers,,,,2025-02-04|Indiana Pacers|Portland Trail Blazers,0.3435952502122046,"[{""p_home_win"": 0.0, ""weight"": 0.25}, {""p_home_win"": 0.3435952502122046, ""weight"": 0.5}, {""p_home_win"": 0.6871905004244092, ""weight"": 0.25}]",-4.7858593702969765,,toor,"{'home_advantage': 1.6216802944274007, 'home_coeff': 0.7042577428281145, 'away_coeff': -0.5806259469958848, 'error_term': 13.573862345941448, 'win_prob_k': 7.393421232106956}",1.0,23
2025-02-05,Atlanta Hawks,San Antonio Spurs,125,126,False,False,2025-02-05|San Antonio Spurs|Atlanta Hawks,,,,2025-02-05|San Antonio Spurs|Atlanta Hawks,0.5778627797907842,"[{""p_home_win"": 0.1557255595815683, ""weight"": 0.25}, {""p_home_win"": 0.5778627797907842, ""weight"": 0.5}, {""p_home_win"": 1.0, ""weight"": 0.25}]",2.333608328497123,,toor,"{'home_advantage': 1.6543202399025754, 'home_coeff': 0.6812174093721564, 'away_coeff': -0.5778578016335603, 'error_term': 13.617479219556092, 'win_prob_k': 7.431731467129914}",0.0,-1
2025-02-05,Charlotte Hornets,Milwaukee Bucks,102,112,False,False,2025-02-05|Milwaukee Bucks|Charlotte Hornets,,,,2025-02-05|Milwaukee Bucks|Charlotte Hornets,0.21399016464982212,"[{""p_home_win"": 0.0, ""weight"": 0.25}, {""p_home_win"": 0.21399016464982212, ""weight"": 0.5}, {""p_home_win"": 0.42798032929964425, ""weight"": 0.25}]",-9.668974342621276,,toor,"{'home_advantage': 1.6543202399025754, 'home_coeff': 0.6812174093721564, 'away_coeff': -0.5778578016335603, 'error_term': 13.617479219556092, 'win_prob_k': 7.431731467129914}",0.0,-10
2025-02-05,Detroit Pistons,Cleveland Cavaliers,115,118,False,False,2025-02-05|Cleveland Cavaliers|Detroit Pistons,,,,2025-02-05|Cleveland Cavaliers|Detroit Pistons,0.29553557280015424,"[{""p_home_win"": 0.0, ""weight"": 0.25}, {""p_home_win"": 0.29553557280015424, ""weight"": 0.5}, {""p_home_win"": 0.5910711456003085, ""weight"": 0.25}]",-6.455563320685061,,toor,"{'home_advantage': 1.6543202399025754, 'home_coeff': 0.6812174093721564, 'away_coeff': -0.5778578016335603, 'error_term': 13.617479219556092, 'win_prob_k': 7.431731467129914}",0.0,-3
2025-02-05,Brooklyn Nets,Washington Wizards,102,119,False,False,2025-02-05|Washington Wizards|Brooklyn Nets,,,,2025-02-05|Washington Wizards|Brooklyn Nets,0.6530577987632871,"[{""p_home_win"": 0.30611559752657413, ""weight"": 0.25}, {""p_home_win"": 0.6530577987632871, ""weight"": 0.5}, {""p_home_win"": 1.0, ""weight"": 0.25}]",4.700625437475587,,toor,"{'home_advantage': 1.6543202399025754, 'home_coeff': 0.6812174093721564, 'away_coeff': -0.5778578016335603, 'error_term': 13.617479219556092, 'win_prob_k': 7.431731467129914}",0.0,-17
2025-02-05,Philadelphia 76ers,Miami Heat,101,108,False,False,2025-02-05|Miami Heat|Philadelphia 76ers,,,,2025-02-05|Miami Heat|Philadelphia 76ers,0.44093761223485384,"[{""p_home_win"": 0.0, ""weight"": 0.25}, {""p_home_win"": 0.44093761223485384, ""weight"": 0.5}, {""p_home_win"": 0.8818752244697077, ""weight"": 0.25}]",-1.7639785123960048,,toor,"{'home_advantage': 1.6543202399025754, 'home_coeff': 0.6812174093721564, 'away_coeff': -0.5778578016335603, 'error_term': 13.617479219556092, 'win_prob_k': 7.431731467129914}",0.0,-7
2025-02-05,Toronto Raptors,Memphis Grizzlies,107,138,False,False,2025-02-05|Memphis Grizzlies|Toronto Raptors,,,,2025-02-05|Memphis Grizzlies|Toronto Raptors,0.20337153859509885,"[{""p_home_win"": 0.0, ""weight"": 0.25}, {""p_home_win"": 0.20337153859509885, ""weight"": 0.5}, {""p_home_win"": 0.4067430771901977, ""weight"": 0.25}]",-10.14694319409368,,toor,"{'home_advantage': 1.6543202399025754, 'home_coeff': 0.6812174093721564, 'away_coeff': -0.5778578016335603, 'error_term': 13.617479219556092, 'win_prob_k': 7.431731467129914}",0.0,-31
2025-02-05,Minnesota Timberwolves,Chicago Bulls,127,108,False,False,2025-02-05|Chicago Bulls|Minnesota Timberwolves,,,,2025-02-05|Chicago Bulls|Minnesota Timberwolves,0.7012436894724822,"[{""p_home_win"": 0.40248737894496434, ""weight"": 0.25}, {""p_home_win"": 0.7012436894724822, ""weight"": 0.5}, {""p_home_win"": 1.0, ""weight"": 0.25}]",6.340955666432578,,toor,"{'home_advantage': 1.6543202399025754, 'home_coeff': 0.6812174093721564, 'away_coeff': -0.5778578016335603, 'error_term': 13.617479219556092, 'win_prob_k': 7.431731467129914}",1.0,19
2025-02-05,Denver Nuggets,New Orleans Pelicans,144,119,False,False,2025-02-05|New Orleans Pelicans|Denver Nuggets,,,,2025-02-05|New Orleans Pelicans|Denver Nuggets,0.866348222250622,"[{""p_home_win"": 0.732696444501244, ""weight"": 0.25}, {""p_home_win"": 0.866348222250622, ""weight"": 0.5}, {""p_home_win"": 1.0, ""weight"": 0.25}]",13.890271663553236,,toor,"{'home_advantage': 1.6543202399025754, 'home_coeff': 0.6812174093721564, 'away_coeff': -0.5778578016335603, 'error_term': 13.617479219556092, 'win_prob_k': 7.431731467129914}",1.0,25
2025-02-05,Utah Jazz,Golden State Warriors,131,128,False,False,2025-02-05|Golden State Warriors|Utah Jazz,,,,2025-02-05|Golden State Warriors|Utah Jazz,0.25616267819386035,"[{""p_home_win"": 0.0, ""weight"": 0.25}, {""p_home_win"": 0.25616267819386035, ""weight"": 0.5}, {""p_home_win"": 0.5123253563877207, ""weight"": 0.25}]",-7.922297483092472,,toor,"{'home_advantage': 1.6543202399025754, 'home_coeff': 0.6812174093721564, 'away_coeff': -0.5778578016335603, 'error_term': 13.617479219556092, 'win_prob_k': 7.431731467129914}",1.0,3
2025-02-05,Oklahoma City Thunder,Phoenix Suns,140,109,False,False,2025-02-05|Phoenix Suns|Oklahoma City Thunder,,,,2025-02-05|Phoenix Suns|Oklahoma City Thunder,0.8400386048625239,"[{""p_home_win"": 0.6800772097250478, ""weight"": 0.25}, {""p_home_win"": 0.8400386048625239, ""weight"": 0.5}, {""p_home_win"": 1.0, ""weight"": 0.25}]",12.32564066493127,,toor,"{'home_advantage': 1.6543202399025754, 'home_coeff': 0.6812174093721564, 'away_coeff': -0.5778578016335603, 'error_term': 13.617479219556092, 'win_prob_k': 7.431731467129914}",1.0,31
2025-02-05,Sacramento Kings,Orlando Magic,111,130,False,False,2025-02-05|Orlando Magic|Sacramento Kings,,,,2025-02-05|Orlando Magic|Sacramento Kings,0.6005294997720555,"[{""p_home_win"": 0.201058999544111, ""weight"": 0.25}, {""p_home_win"": 0.6005294997720555, ""weight"": 0.5}, {""p_home_win"": 1.0, ""weight"": 0.25}]",3.02970767811627,,toor,"{'home_advantage': 1.6543202399025754, 'home_coeff': 0.6812174093721564, 'away_coeff': -0.5778578016335603, 'error_term': 13.617479219556092, 'win_prob_k': 7.431731467129914}",0.0,-19
2025-02-06,Boston Celtics,Dallas Mavericks,120,127,False,False,2025-02-06|Dallas Mavericks|Boston Celtics,,,,2025-02-06|Dallas Mavericks|Boston Celtics,0.7441635049913397,"[{""p_home_win"": 0.4883270099826793, ""weight"": 0.25}, {""p_home_win"": 0.7441635049913397, ""weight"": 0.5}, {""p_home_win"": 1.0, ""weight"": 0.25}]",8.013820298675792,,toor,"{'home_advantage': 1.6356122732079812, 'home_coeff': 0.6879930440386756, 'away_coeff': -0.5666113743447707, 'error_term': 13.620072911543817, 'win_prob_k': 7.505529154019893}",0.0,-7
2025-02-06,Minnesota Timberwolves,Houston Rockets,127,114,False,False,2025-02-06|Houston Rockets|Minnesota Timberwolves,,,,2025-02-06|Houston Rockets|Minnesota Timberwolves,0.4534272265664138,"[{""p_home_win"": 0.0, ""weight"": 0.25}, {""p_home_win"": 0.4534272265664138, ""weight"": 0.5}, {""p_home_win"": 0.9068544531328276, ""weight"": 0.25}]",-1.402278092454809,,toor,"{'home_advantage': 1.6356122732079812, 'home_coeff': 0.6879930440386756, 'away_coeff': -0.5666113743447707, 'error_term': 13.620072911543817, 'win_prob_k': 7.505529154019893}",1.0,13
2025-02-06,Denver Nuggets,Orlando Magic,112,90,False,False,2025-02-06|Orlando Magic|Denver Nuggets,,,,2025-02-06|Orlando Magic|Denver Nuggets,0.729772159159283,"[{""p_home_win"": 0.4595443183185659, ""weight"": 0.25}, {""p_home_win"": 0.729772159159283, ""weight"": 0.5}, {""p_home_win"": 1.0, ""weight"": 0.25}]",7.456494905843875,,toor,"{'home_advantage': 1.6356122732079812, 'home_coeff': 0.6879930440386756, 'away_coeff': -0.5666113743447707, 'error_term': 13.620072911543817, 'win_prob_k': 7.505529154019893}",1.0,22
2025-02-06,Los Angeles Lakers,Golden State Warriors,120,112,False,False,2025-02-06|Golden State Warriors|Los Angeles Lakers,,,,2025-02-06|Golden State Warriors|Los Angeles Lakers,0.6924193998845405,"[{""p_home_win"": 0.384838799769081, ""weight"": 0.25}, {""p_home_win"": 0.6924193998845405, ""weight"": 0.5}, {""p_home_win"": 1.0, ""weight"": 0.25}]",6.090396713863105,,toor,"{'home_advantage': 1.6356122732079812, 'home_coeff': 0.6879930440386756, 'away_coeff': -0.5666113743447707, 'error_term': 13.620072911543817, 'win_prob_k': 7.505529154019893}",1.0,8
2025-02-06,Portland Trail Blazers,Sacramento Kings,108,102,False,False,2025-02-06|Sacramento Kings|Portland Trail Blazers,,,,2025-02-06|Sacramento Kings|Portland Trail Blazers,0.46531611373281223,"[{""p_home_win"": 0.0, ""weight"": 0.25}, {""p_home_win"": 0.46531611373281223, ""weight"": 0.5}, {""p_home_win"": 0.9306322274656245, ""weight"": 0.25}]",-1.042958696978748,,toor,"{'home_advantage': 1.6356122732079812, 'home_coeff': 0.6879930440386756, 'away_coeff': -0.5666113743447707, 'error_term': 13.620072911543817, 'win_prob_k': 7.505529154019893}",1.0,6
2025-02-06,Los Angeles Clippers,Indiana Pacers,112,119,False,False,2025-02-06|Indiana Pacers|Los Angeles Clippers,,,,2025-02-06|Indiana Pacers|Los Angeles Clippers,0.5534340635487128,"[{""p_home_win"": 0.10686812709742566, ""weight"": 0.25}, {""p_home_win"": 0.5534340635487128, ""weight"": 0.5}, {""p_home_win"": 1.0, ""weight"": 0.25}]",1.6103529749792211,,toor,"{'home_advantage': 1.6356122732079812, 'home_coeff': 0.6879930440386756, 'away_coeff': -0.5666113743447707, 'error_term': 13.620072911543817, 'win_prob_k': 7.505529154019893}",0.0,-7
2025-02-07,Charlotte Hornets,San Antonio Spurs,117,116,False,False,2025-02-07|San Antonio Spurs|Charlotte Hornets,,,,2025-02-07|San Antonio Spurs|Charlotte Hornets,0.2990216191618203,"[{""p_home_win"": 0.0, ""weight"": 0.25}, {""p_home_win"": 0.2990216191618203, ""weight"": 0.5}, {""p_home_win"": 0.5980432383236406, ""weight"": 0.25}]",-6.3987328299438975,,toor,"{'home_advantage': 1.6590856617948173, 'home_coeff': 0.6786705805997083, 'away_coeff': -0.5559482267514535, 'error_term': 13.624584529663554, 'win_prob_k': 7.510592092693253}",1.0,1
2025-02-07,Washington Wizards,Cleveland Cavaliers,124,134,False,False,2025-02-07|Cleveland Cavaliers|Washington Wizards,,,,2025-02-07|Cleveland Cavaliers|Washington Wizards,0.09564328945447814,"[{""p_home_win"": 0.0, ""weight"": 0.25}, {""p_home_win"": 0.09564328945447814, ""weight"": 0.5}, {""p_home_win"": 0.19128657890895628, ""weight"": 0.25}]",-16.87328371092886,,toor,"{'home_advantage': 1.6590856617948173, 'home_coeff': 0.6786705805997083, 'away_coeff': -0.5559482267514535, 'error_term': 13.624584529663554, 'win_prob_k': 7.510592092693253}",0.0,-10
2025-02-07,Atlanta Hawks,Milwaukee Bucks,115,110,False,False,2025-02-07|Milwaukee Bucks|Atlanta Hawks,,,,2025-02-07|Milwaukee Bucks|Atlanta Hawks,0.4309299305606142,"[{""p_home_win"": 0.0, ""weight"": 0.25}, {""p_home_win"": 0.4309299305606142, ""weight"": 0.5}, {""p_home_win"": 0.8618598611212284, ""weight"": 0.25}]",-2.0883807316932077,,toor,"{'home_advantage': 1.6590856617948173, 'home_coeff': 0.6786705805997083, 'away_coeff': -0.5559482267514535, 'error_term': 13.624584529663554, 'win_prob_k': 7.510592092693253}",1.0,5
2025-02-07,Brooklyn Nets,Miami Heat,102,86,False,False,2025-02-07|Miami Heat|Brooklyn Nets,,,,2025-02-07|Miami Heat|Brooklyn Nets,0.3573149779083039,"[{""p_home_win"": 0.0, ""weight"": 0.25}, {""p_home_win"": 0.3573149779083039, ""weight"": 0.5}, {""p_home_win"": 0.7146299558166078, ""weight"": 0.25}]",-4.408995927925725,,toor,"{'home_advantage': 1.6590856617948173, 'home_coeff': 0.6786705805997083, 'away_coeff': -0.5559482267514535, 'error_term': 13.624584529663554, 'win_prob_k': 7.510592092693253}",1.0,16
2025-02-07,Detroit Pistons,Philadelphia 76ers,125,112,False,False,2025-02-07|Philadelphia 76ers|Detroit Pistons,,,,2025-02-07|Philadelphia 76ers|Detroit Pistons,0.6569642793437914,"[{""p_home_win"": 0.31392855868758285, ""weight"": 0.25}, {""p_home_win"": 0.6569642793437914, ""weight"": 0.5}, {""p_home_win"": 1.0, ""weight"": 0.25}]",4.8803456700633525,,toor,"{'home_advantage': 1.6590856617948173, 'home_coeff': 0.6786705805997083, 'away_coeff': -0.5559482267514535, 'error_term': 13.624584529663554, 'win_prob_k': 7.510592092693253}",1.0,13
2025-02-07,Oklahoma City Thunder,Toronto Raptors,121,109,False,False,2025-02-07|Toronto Raptors|Oklahoma City Thunder,,,,2025-02-07|Toronto Raptors|Oklahoma City Thunder,0.9069415704728521,"[{""p_home_win"": 0.8138831409457041, ""weight"": 0.25}, {""p_home_win"": 0.9069415704728521, ""weight"": 0.5}, {""p_home_win"": 1.0, ""weight"": 0.25}]",17.100495038857762,,toor,"{'home_advantage': 1.6590856617948173, 'home_coeff': 0.6786705805997083, 'away_coeff': -0.5559482267514535, 'error_term': 13.624584529663554, 'win_prob_k': 7.510592092693253}",1.0,12
2025-02-07,Phoenix Suns,Utah Jazz,135,127,False,False,2025-02-07|Utah Jazz|Phoenix Suns,,,,2025-02-07|Utah Jazz|Phoenix Suns,0.7641400567495944,"[{""p_home_win"": 0.5282801134991888, ""weight"": 0.25}, {""p_home_win"": 0.7641400567495944, ""weight"": 0.5}, {""p_home_win"": 1.0, ""weight"": 0.25}]",8.828798076837089,,toor,"{'home_advantage': 1.6590856617948173, 'home_coeff': 0.6786705805997083, 'away_coeff': -0.5559482267514535, 'error_term': 13.624584529663554, 'win_prob_k': 7.510592092693253}",1.0,8
2025-02-08,Dallas Mavericks,Houston Rockets,116,105,False,False,2025-02-08|Houston Rockets|Dallas Mavericks,,,,2025-02-08|Houston Rockets|Dallas Mavericks,0.43361329684540173,"[{""p_home_win"": 0.0, ""weight"": 0.25}, {""p_home_win"": 0.43361329684540173, ""weight"": 0.5}, {""p_home_win"": 0.8672265936908035, ""weight"": 0.25}]",-1.9952588494618144,,toor,"{'home_advantage': 1.7148160136894912, 'home_coeff': 0.6674071186912965, 'away_coeff': -0.5536020586008502, 'error_term': 13.594128513961412, 'win_prob_k': 7.469412038091635}",1.0,11
2025-02-08,Los Angeles Lakers,Indiana Pacers,124,117,False,False,2025-02-08|Indiana Pacers|Los Angeles Lakers,,,,2025-02-08|Indiana Pacers|Los Angeles Lakers,0.6217813181696077,"[{""p_home_win"": 0.24356263633921538, ""weight"": 0.25}, {""p_home_win"": 0.6217813181696077, ""weight"": 0.5}, {""p_home_win"": 1.0, ""weight"": 0.25}]",3.7131634931290636,,toor,"{'home_advantage': 1.7148160136894912, 'home_coeff': 0.6674071186912965, 'away_coeff': -0.5536020586008502, 'error_term': 13.594128513961412, 'win_prob_k': 7.469412038091635}",1.0,7
2025-02-08,Orlando Magic,San Antonio Spurs,112,111,False,False,2025-02-08|San Antonio Spurs|Orlando Magic,,,,2025-02-08|San Antonio Spurs|Orlando Magic,0.5759730639020468,"[{""p_home_win"": 0.15194612780409367, ""weight"": 0.25}, {""p_home_win"": 0.5759730639020468, ""weight"": 0.5}, {""p_home_win"": 1.0, ""weight"": 0.25}]",2.2876113645443192,,toor,"{'home_advantage': 1.7148160136894912, 'home_coeff': 0.6674071186912965, 'away_coeff': -0.5536020586008502, 'error_term': 13.594128513961412, 'win_prob_k': 7.469412038091635}",1.0,1
2025-02-08,Washington Wizards,Atlanta Hawks,111,125,False,False,2025-02-08|Atlanta Hawks|Washington Wizards,,,,2025-02-08|Atlanta Hawks|Washington Wizards,0.2912484314658368,"[{""p_home_win"": 0.0, ""weight"": 0.25}, {""p_home_win"": 0.2912484314658368, ""weight"": 0.5}, {""p_home_win"": 0.5824968629316736, ""weight"": 0.25}]",-6.6427606212727035,,toor,"{'home_advantage': 1.7148160136894912, 'home_coeff': 0.6674071186912965, 'away_coeff': -0.5536020586008502, 'error_term': 13.594128513961412, 'win_prob_k': 7.469412038091635}",0.0,-14
2025-02-08,Chicago Bulls,Golden State Warriors,111,132,False,False,2025-02-08|Golden State Warriors|Chicago Bulls,,,,2025-02-08|Golden State Warriors|Chicago Bulls,0.45173353750497985,"[{""p_home_win"": 0.0, ""weight"": 0.25}, {""p_home_win"": 0.45173353750497985, ""weight"": 0.5}, {""p_home_win"": 0.9034670750099597, ""weight"": 0.25}]",-1.4465930146967971,,toor,"{'home_advantage': 1.7148160136894912, 'home_coeff': 0.6674071186912965, 'away_coeff': -0.5536020586008502, 'error_term': 13.594128513961412, 'win_prob_k': 7.469412038091635}",0.0,-21
2025-02-08,Memphis Grizzlies,Oklahoma City Thunder,112,125,False,False,2025-02-08|Oklahoma City Thunder|Memphis Grizzlies,,,,2025-02-08|Oklahoma City Thunder|Memphis Grizzlies,0.4931157410650525,"[{""p_home_win"": 0.0, ""weight"": 0.25}, {""p_home_win"": 0.4931157410650525, ""weight"": 0.5}, {""p_home_win"": 0.986231482130105, ""weight"": 0.25}]",-0.2056984651342315,,toor,"{'home_advantage': 1.7148160136894912, 'home_coeff': 0.6674071186912965, 'away_coeff': -0.5536020586008502, 'error_term': 13.594128513961412, 'win_prob_k': 7.469412038091635}",0.0,-13
2025-02-08,Minnesota Timberwolves,Portland Trail Blazers,114,98,False,False,2025-02-08|Portland Trail Blazers|Minnesota Timberwolves,,,,2025-02-08|Portland Trail Blazers|Minnesota Timberwolves,0.7250054350547525,"[{""p_home_win"": 0.4500108701095049, ""weight"": 0.25}, {""p_home_win"": 0.7250054350547525, ""weight"": 0.5}, {""p_home_win"": 1.0, ""weight"": 0.25}]",7.241055812470821,,toor,"{'home_advantage': 1.7148160136894912, 'home_coeff': 0.6674071186912965, 'away_coeff': -0.5536020586008502, 'error_term': 13.594128513961412, 'win_prob_k': 7.469412038091635}",1.0,16
2025-02-08,New York Knicks,Boston Celtics,104,131,False,False,2025-02-08|Boston Celtics|New York Knicks,,,,2025-02-08|Boston Celtics|New York Knicks,0.5399598118088733,"[{""p_home_win"": 0.07991962361774663, ""weight"": 0.25}, {""p_home_win"": 0.5399598118088733, ""weight"": 0.5}, {""p_home_win"": 1.0, ""weight"": 0.25}]",1.1964568657127144,,toor,"{'home_advantage': 1.7148160136894912, 'home_coeff': 0.6674071186912965, 'away_coeff': -0.5536020586008502, 'error_term': 13.594128513961412, 'win_prob_k': 7.469412038091635}",0.0,-27
2025-02-08,Phoenix Suns,Denver Nuggets,105,122,False,False,2025-02-08|Denver Nuggets|Phoenix Suns,,,,2025-02-08|Denver Nuggets|Phoenix Suns,0.41374882602235014,"[{""p_home_win"": 0.0, ""weight"": 0.25}, {""p_home_win"": 0.41374882602235014, ""weight"": 0.5}, {""p_home_win"": 0.8274976520447003, ""weight"": 0.25}]",-2.6030096721152645,,toor,"{'home_advantage': 1.7148160136894912, 'home_coeff': 0.6674071186912965, 'away_coeff': -0.5536020586008502, 'error_term': 13.594128513961412, 'win_prob_k': 7.469412038091635}",0.0,-17
2025-02-08,Sacramento Kings,New Orleans Pelicans,123,118,False,False,2025-02-08|New Orleans Pelicans|Sacramento Kings,,,,2025-02-08|New Orleans Pelicans|Sacramento Kings,0.7424695814580946,"[{""p_home_win"": 0.4849391629161892, ""weight"": 0.25}, {""p_home_win"": 0.7424695814580946, ""weight"": 0.5}, {""p_home_win"": 1.0, ""weight"": 0.25}]",7.908942558647493,,toor,"{'home_advantage': 1.7148160136894912, 'home_coeff': 0.6674071186912965, 'away_coeff': -0.5536020586008502, 'error_term': 13.594128513961412, 'win_prob_k': 7.469412038091635}",1.0,5
2025-02-08,Los Angeles Clippers,Utah Jazz,130,110,False,False,2025-02-08|Utah Jazz|Los Angeles Clippers,,,,2025-02-08|Utah Jazz|Los Angeles Clippers,0.8209026071261646,"[{""p_home_win"": 0.6418052142523292, ""weight"": 0.25}, {""p_home_win"": 0.8209026071261646, ""weight"": 0.5}, {""p_home_win"": 1.0, ""weight"": 0.25}]",11.37199102473583,,toor,"{'home_advantage': 1.7148160136894912, 'home_coeff': 0.6674071186912965, 'away_coeff': -0.5536020586008502, 'error_term': 13.594128513961412, 'win_prob_k': 7.469412038091635}",1.0,20
2025-02-09,Detroit Pistons,Charlotte Hornets,112,102,False,False,2025-02-09|Charlotte Hornets|Detroit Pistons,,,,2025-02-09|Charlotte Hornets|Detroit Pistons,0.7939028824532315,"[{""p_home_win"": 0.587805764906463, ""weight"": 0.25}, {""p_home_win"": 0.7939028824532315, ""weight"": 0.5}, {""p_home_win"": 1.0, ""weight"": 0.25}]",10.021609130669288,,toor,"{'home_advantage': 1.6484323901261206, 'home_coeff': 0.6551781942810573, 'away_coeff': -0.5553899887383454, 'error_term': 13.567496030855533, 'win_prob_k': 7.431045373488269}",1.0,10
2025-02-09,Houston Rockets,Toronto Raptors,94,87,False,False,2025-02-09|Toronto Raptors|Houston Rockets,,,,2025-02-09|Toronto Raptors|Houston Rockets,0.8495419575767331,"[{""p_home_win"": 0.6990839151534662, ""weight"": 0.25}, {""p_home_win"": 0.8495419575767331, ""weight"": 0.5}, {""p_home_win"": 1.0, ""weight"": 0.25}]",12.863236690281578,,toor,"{'home_advantage': 1.6484323901261206, 'home_coeff': 0.6551781942810573, 'away_coeff': -0.5553899887383454, 'error_term': 13.567496030855533, 'win_prob_k': 7.431045373488269}",1.0,7
2025-02-09,Milwaukee Bucks,Philadelphia 76ers,135,127,False,False,2025-02-09|Philadelphia 76ers|Milwaukee Bucks,,,,2025-02-09|Philadelphia 76ers|Milwaukee Bucks,0.7310085472576896,"[{""p_home_win"": 0.4620170945153792, ""weight"": 0.25}, {""p_home_win"": 0.7310085472576896, ""weight"": 0.5}, {""p_home_win"": 1.0, ""weight"": 0.25}]",7.429154524163433,,toor,"{'home_advantage': 1.6484323901261206, 'home_coeff': 0.6551781942810573, 'away_coeff': -0.5553899887383454, 'error_term': 13.567496030855533, 'win_prob_k': 7.431045373488269}",1.0,8
2025-02-10,Cleveland Cavaliers,Minnesota Timberwolves,128,107,False,False,2025-02-10|Minnesota Timberwolves|Cleveland Cavaliers,,,,2025-02-10|Minnesota Timberwolves|Cleveland Cavaliers,0.7672759169561473,"[{""p_home_win"": 0.5345518339122945, ""weight"": 0.25}, {""p_home_win"": 0.7672759169561473, ""weight"": 0.5}, {""p_home_win"": 1.0, ""weight"": 0.25}]",8.798561900736264,,toor,"{'home_advantage': 1.6408969063876842, 'home_coeff': 0.6544157573058446, 'away_coeff': -0.5535481069826307, 'error_term': 13.5427898982506, 'win_prob_k': 7.375200476500611}",1.0,21
2025-02-10,Orlando Magic,Atlanta Hawks,106,112,False,False,2025-02-10|Atlanta Hawks|Orlando Magic,,,,2025-02-10|Atlanta Hawks|Orlando Magic,0.5491945281709939,"[{""p_home_win"": 0.0983890563419878, ""weight"": 0.25}, {""p_home_win"": 0.5491945281709939, ""weight"": 0.5}, {""p_home_win"": 1.0, ""weight"": 0.25}]",1.4559884069142672,,toor,"{'home_advantage': 1.6408969063876842, 'home_coeff': 0.6544157573058446, 'away_coeff': -0.5535481069826307, 'error_term': 13.5427898982506, 'win_prob_k': 7.375200476500611}",0.0,-6
2025-02-10,Washington Wizards,San Antonio Spurs,121,131,False,False,2025-02-10|San Antonio Spurs|Washington Wizards,,,,2025-02-10|San Antonio Spurs|Washington Wizards,0.31394817648913076,"[{""p_home_win"": 0.0, ""weight"": 0.25}, {""p_home_win"": 0.31394817648913076, ""weight"": 0.5}, {""p_home_win"": 0.6278963529782615, ""weight"": 0.25}]",-5.765380363205227,,toor,"{'home_advantage': 1.6408969063876842, 'home_coeff': 0.6544157573058446, 'away_coeff': -0.5535481069826307, 'error_term': 13.5427898982506, 'win_prob_k': 7.375200476500611}",0.0,-10
2025-02-10,Brooklyn Nets,Charlotte Hornets,97,89,False,False,2025-02-10|Charlotte Hornets|Brooklyn Nets,,,,2025-02-10|Charlotte Hornets|Brooklyn Nets,0.6319785124571435,"[{""p_home_win"": 0.2639570249142871, ""weight"": 0.25}, {""p_home_win"": 0.6319785124571435, ""weight"": 0.5}, {""p_home_win"": 1.0, ""weight"": 0.25}]",3.9878746502368347,,toor,"{'home_advantage': 1.6408969063876842, 'home_coeff': 0.6544157573058446, 'away_coeff': -0.5535481069826307, 'error_term': 13.5427898982506, 'win_prob_k': 7.375200476500611}",1.0,8
2025-02-10,Miami Heat,Boston Celtics,85,103,False,False,2025-02-10|Boston Celtics|Miami Heat,,,,2025-02-10|Boston Celtics|Miami Heat,0.3502807305209901,"[{""p_home_win"": 0.0, ""weight"": 0.25}, {""p_home_win"": 0.3502807305209901, ""weight"": 0.5}, {""p_home_win"": 0.7005614610419802, ""weight"": 0.25}]",-4.5564390956996865,,toor,"{'home_advantage': 1.6408969063876842, 'home_coeff': 0.6544157573058446, 'away_coeff': -0.5535481069826307, 'error_term': 13.5427898982506, 'win_prob_k': 7.375200476500611}",0.0,-18
2025-02-10,Milwaukee Bucks,Golden State Warriors,111,125,False,False,2025-02-10|Golden State Warriors|Milwaukee Bucks,,,,2025-02-10|Golden State Warriors|Milwaukee Bucks,0.6278187916903094,"[{""p_home_win"": 0.2556375833806188, ""weight"": 0.25}, {""p_home_win"": 0.6278187916903094, ""weight"": 0.5}, {""p_home_win"": 1.0, ""weight"": 0.25}]",3.856276396457556,,toor,"{'home_advantage': 1.6408969063876842, 'home_coeff': 0.6544157573058446, 'away_coeff': -0.5535481069826307, 'error_term': 13.5427898982506, 'win_prob_k': 7.375200476500611}",0.0,-14
2025-02-10,Oklahoma City Thunder,New Orleans Pelicans,137,101,False,False,2025-02-10|New Orleans Pelicans|Oklahoma City Thunder,,,,2025-02-10|New Orleans Pelicans|Oklahoma City Thunder,0.9346412334954127,"[{""p_home_win"": 0.8692824669908255, ""weight"": 0.25}, {""p_home_win"": 0.9346412334954127, ""weight"": 0.5}, {""p_home_win"": 1.0, ""weight"": 0.25}]",19.620033201473408,,toor,"{'home_advantage': 1.6408969063876842, 'home_coeff': 0.6544157573058446, 'away_coeff': -0.5535481069826307, 'error_term': 13.5427898982506, 'win_prob_k': 7.375200476500611}",1.0,36
2025-02-10,Dallas Mavericks,Sacramento Kings,128,129,False,False,2025-02-10|Sacramento Kings|Dallas Mavericks,,,,2025-02-10|Sacramento Kings|Dallas Mavericks,0.6450013649773237,"[{""p_home_win"": 0.2900027299546475, ""weight"": 0.25}, {""p_home_win"": 0.6450013649773237, ""weight"": 0.5}, {""p_home_win"": 1.0, ""weight"": 0.25}]",4.4040160654823355,,toor,"{'home_advantage': 1.6408969063876842, 'home_coeff': 0.6544157573058446, 'away_coeff': -0.5535481069826307, 'error_term': 13.5427898982506, 'win_prob_k': 7.375200476500611}",0.0,-1
2025-02-10,Denver Nuggets,Portland Trail Blazers,146,117,False,False,2025-02-10|Portland Trail Blazers|Denver Nuggets,,,,2025-02-10|Portland Trail Blazers|Denver Nuggets,0.7815824580612115,"[{""p_home_win"": 0.563164916122423, ""weight"": 0.25}, {""p_home_win"": 0.7815824580612115, ""weight"": 0.5}, {""p_home_win"": 1.0, ""weight"": 0.25}]",9.402732297709125,,toor,"{'home_advantage': 1.6408969063876842, 'home_coeff': 0.6544157573058446, 'away_coeff': -0.5535481069826307, 'error_term': 13.5427898982506, 'win_prob_k': 7.375200476500611}",1.0,29
2025-02-10,Los Angeles Lakers,Utah Jazz,132,113,False,False,2025-02-10|Utah Jazz|Los Angeles Lakers,,,,2025-02-10|Utah Jazz|Los Angeles Lakers,0.8745915371396962,"[{""p_home_win"": 0.7491830742793923, ""weight"": 0.25}, {""p_home_win"": 0.8745915371396962, ""weight"": 0.5}, {""p_home_win"": 1.0, ""weight"": 0.25}]",14.323973129059558,,toor,"{'home_advantage': 1.6408969063876842, 'home_coeff': 0.6544157573058446, 'away_coeff': -0.5535481069826307, 'error_term': 13.5427898982506, 'win_prob_k': 7.375200476500611}",1.0,19
2025-02-11,Philadelphia 76ers,Toronto Raptors,103,106,False,False,2025-02-11|Toronto Raptors|Philadelphia 76ers,,,,2025-02-11|Toronto Raptors|Philadelphia 76ers,0.5706159910795308,"[{""p_home_win"": 0.14123198215906152, ""weight"": 0.25}, {""p_home_win"": 0.5706159910795308, ""weight"": 0.5}, {""p_home_win"": 1.0, ""weight"": 0.25}]",2.10345663196172,,toor,"{'home_advantage': 1.6541197661627256, 'home_coeff': 0.6491248714579331, 'away_coeff': -0.5559865375559168, 'error_term': 13.52097663884219, 'win_prob_k': 7.3970353928315795}",0.0,-3
2025-02-11,Indiana Pacers,New York Knicks,115,128,False,False,2025-02-11|New York Knicks|Indiana Pacers,,,,2025-02-11|New York Knicks|Indiana Pacers,0.5114896100230499,"[{""p_home_win"": 0.02297922004609987, ""weight"": 0.25}, {""p_home_win"": 0.5114896100230499, ""weight"": 0.5}, {""p_home_win"": 1.0, ""weight"": 0.25}]",0.3400160642679504,,toor,"{'home_advantage': 1.6541197661627256, 'home_coeff': 0.6491248714579331, 'away_coeff': -0.5559865375559168, 'error_term': 13.52097663884219, 'win_prob_k': 7.3970353928315795}",0.0,-13
2025-02-11,Chicago Bulls,Detroit Pistons,92,132,False,False,2025-02-11|Detroit Pistons|Chicago Bulls,,,,2025-02-11|Detroit Pistons|Chicago Bulls,0.4164869244292848,"[{""p_home_win"": 0.0, ""weight"": 0.25}, {""p_home_win"": 0.4164869244292848, ""weight"": 0.5}, {""p_home_win"": 0.8329738488585696, ""weight"": 0.25}]",-2.4943675688128013,,toor,"{'home_advantage': 1.6541197661627256, 'home_coeff': 0.6491248714579331, 'away_coeff': -0.5559865375559168, 'error_term': 13.52097663884219, 'win_prob_k': 7.3970353928315795}",0.0,-40
2025-02-11,Phoenix Suns,Memphis Grizzlies,112,119,False,False,2025-02-11|Memphis Grizzlies|Phoenix Suns,,,,2025-02-11|Memphis Grizzlies|Phoenix Suns,0.3459360076937392,"[{""p_home_win"": 0.0, ""weight"": 0.25}, {""p_home_win"": 0.3459360076937392, ""weight"": 0.5}, {""p_home_win"": 0.6918720153874784, ""weight"": 0.25}]",-4.711551939415714,,toor,"{'home_advantage': 1.6541197661627256, 'home_coeff': 0.6491248714579331, 'away_coeff': -0.5559865375559168, 'error_term': 13.52097663884219, 'win_prob_k': 7.3970353928315795}",0.0,-7
2025-02-12,Boston Celtics,San Antonio Spurs,116,103,False,False,2025-02-12|San Antonio Spurs|Boston Celtics,,,,2025-02-12|San Antonio Spurs|Boston Celtics,0.822302560130914,"[{""p_home_win"": 0.6446051202618279, ""weight"": 0.25}, {""p_home_win"": 0.822302560130914, ""weight"": 0.5}, {""p_home_win"": 1.0, ""weight"": 0.25}]",11.36786399648031,,toor,"{'home_advantage': 1.5752631302995574, 'home_coeff': 0.6475458449577384, 'away_coeff': -0.5541018892468896, 'error_term': 13.551049709657692, 'win_prob_k': 7.420150456101098}",1.0,13
2025-02-12,Orlando Magic,Charlotte Hornets,102,86,False,False,2025-02-12|Charlotte Hornets|Orlando Magic,,,,2025-02-12|Charlotte Hornets|Orlando Magic,0.756223878840714,"[{""p_home_win"": 0.5124477576814279, ""weight"": 0.25}, {""p_home_win"": 0.756223878840714, ""weight"": 0.5}, {""p_home_win"": 1.0, ""weight"": 0.25}]",8.40025735717981,,toor,"{'home_advantage': 1.5752631302995574, 'home_coeff': 0.6475458449577384, 'away_coeff': -0.5541018892468896, 'error_term': 13.551049709657692, 'win_prob_k': 7.420150456101098}",1.0,16
2025-02-12,Washington Wizards,Indiana Pacers,130,134,False,False,2025-02-12|Indiana Pacers|Washington Wizards,,,,2025-02-12|Indiana Pacers|Washington Wizards,0.19156384042708402,"[{""p_home_win"": 0.0, ""weight"": 0.25}, {""p_home_win"": 0.19156384042708402, ""weight"": 0.5}, {""p_home_win"": 0.38312768085416804, ""weight"": 0.25}]",-10.684130623229251,,toor,"{'home_advantage': 1.5752631302995574, 'home_coeff': 0.6475458449577384, 'away_coeff': -0.5541018892468896, 'error_term': 13.551049709657692, 'win_prob_k': 7.420150456101098}",0.0,-4
2025-02-12,Brooklyn Nets,Philadelphia 76ers,100,96,False,False,2025-02-12|Philadelphia 76ers|Brooklyn Nets,,,,2025-02-12|Philadelphia 76ers|Brooklyn Nets,0.5220422548666005,"[{""p_home_win"": 0.044084509733200994, ""weight"": 0.25}, {""p_home_win"": 0.5220422548666005, ""weight"": 0.5}, {""p_home_win"": 1.0, ""weight"": 0.25}]",0.6546517029929637,,toor,"{'home_advantage': 1.5752631302995574, 'home_coeff': 0.6475458449577384, 'away_coeff': -0.5541018892468896, 'error_term': 13.551049709657692, 'win_prob_k': 7.420150456101098}",1.0,4
2025-02-12,New York Knicks,Atlanta Hawks,149,148,False,False,2025-02-12|Atlanta Hawks|New York Knicks,,,,2025-02-12|Atlanta Hawks|New York Knicks,0.734094138988369,"[{""p_home_win"": 0.4681882779767379, ""weight"": 0.25}, {""p_home_win"": 0.734094138988369, ""weight"": 0.5}, {""p_home_win"": 1.0, ""weight"": 0.25}]",7.5351252049025845,,toor,"{'home_advantage': 1.5752631302995574, 'home_coeff': 0.6475458449577384, 'away_coeff': -0.5541018892468896, 'error_term': 13.551049709657692, 'win_prob_k': 7.420150456101098}",1.0,1
2025-02-12,Toronto Raptors,Cleveland Cavaliers,108,131,False,False,2025-02-12|Cleveland Cavaliers|Toronto Raptors,,,,2025-02-12|Cleveland Cavaliers|Toronto Raptors,0.14599965740394252,"[{""p_home_win"": 0.0, ""weight"": 0.25}, {""p_home_win"": 0.14599965740394252, ""weight"": 0.5}, {""p_home_win"": 0.29199931480788505, ""weight"": 0.25}]",-13.106414467619906,,toor,"{'home_advantage': 1.5752631302995574, 'home_coeff': 0.6475458449577384, 'away_coeff': -0.5541018892468896, 'error_term': 13.551049709657692, 'win_prob_k': 7.420150456101098}",0.0,-23
2025-02-12,Chicago Bulls,Detroit Pistons,110,128,False,False,2025-02-12|Detroit Pistons|Chicago Bulls,,,,2025-02-12|Detroit Pistons|Chicago Bulls,0.3928718819048284,"[{""p_home_win"": 0.0, ""weight"": 0.25}, {""p_home_win"": 0.3928718819048284, ""weight"": 0.5}, {""p_home_win"": 0.7857437638096568, ""weight"": 0.25}]",-3.2296670698151373,,toor,"{'home_advantage': 1.5752631302995574, 'home_coeff': 0.6475458449577384, 'away_coeff': -0.5541018892468896, 'error_term': 13.551049709657692, 'win_prob_k': 7.420150456101098}",0.0,-18
2025-02-12,Minnesota Timberwolves,Milwaukee Bucks,101,103,False,False,2025-02-12|Milwaukee Bucks|Minnesota Timberwolves,,,,2025-02-12|Milwaukee Bucks|Minnesota Timberwolves,0.6112621973839701,"[{""p_home_win"": 0.22252439476794028, ""weight"": 0.25}, {""p_home_win"": 0.6112621973839701, ""weight"": 0.5}, {""p_home_win"": 1.0, ""weight"": 0.25}]",3.3585152392855484,,toor,"{'home_advantage': 1.5752631302995574, 'home_coeff': 0.6475458449577384, 'away_coeff': -0.5541018892468896, 'error_term': 13.551049709657692, 'win_prob_k': 7.420150456101098}",0.0,-2
2025-02-12,New Orleans Pelicans,Sacramento Kings,111,119,False,False,2025-02-12|Sacramento Kings|New Orleans Pelicans,,,,2025-02-12|Sacramento Kings|New Orleans Pelicans,0.2820053884161844,"[{""p_home_win"": 0.0, ""weight"": 0.25}, {""p_home_win"": 0.2820053884161844, ""weight"": 0.5}, {""p_home_win"": 0.5640107768323688, ""weight"": 0.25}]",-6.934396878132185,,toor,"{'home_advantage': 1.5752631302995574, 'home_coeff': 0.6475458449577384, 'away_coeff': -0.5541018892468896, 'error_term': 13.551049709657692, 'win_prob_k': 7.420150456101098}",0.0,-8
2025-02-12,Oklahoma City Thunder,Miami Heat,115,101,False,False,2025-02-12|Miami Heat|Oklahoma City Thunder,,,,2025-02-12|Miami Heat|Oklahoma City Thunder,0.8452650236581809,"[{""p_home_win"": 0.6905300473163618, ""weight"": 0.25}, {""p_home_win"": 0.8452650236581809, ""weight"": 0.5}, {""p_home_win"": 1.0, ""weight"": 0.25}]",12.598943495086548,,toor,"{'home_advantage': 1.5752631302995574, 'home_coeff': 0.6475458449577384, 'away_coeff': -0.5541018892468896, 'error_term': 13.551049709657692, 'win_prob_k': 7.420150456101098}",1.0,14
2025-02-12,Houston Rockets,Phoenix Suns,119,111,False,False,2025-02-12|Phoenix Suns|Houston Rockets,,,,2025-02-12|Phoenix Suns|Houston Rockets,0.7719575318852858,"[{""p_home_win"": 0.5439150637705716, ""weight"": 0.25}, {""p_home_win"": 0.7719575318852858, ""weight"": 0.5}, {""p_home_win"": 1.0, ""weight"": 0.25}]",9.048114123273203,,toor,"{'home_advantage': 1.5752631302995574, 'home_coeff': 0.6475458449577384, 'away_coeff': -0.5541018892468896, 'error_term': 13.551049709657692, 'win_prob_k': 7.420150456101098}",1.0,8
2025-02-12,Denver Nuggets,Portland Trail Blazers,132,121,False,False,2025-02-12|Portland Trail Blazers|Denver Nuggets,,,,2025-02-12|Portland Trail Blazers|Denver Nuggets,0.7875318726137361,"[{""p_home_win"": 0.5750637452274723, ""weight"": 0.25}, {""p_home_win"": 0.7875318726137361, ""weight"": 0.5}, {""p_home_win"": 1.0, ""weight"": 0.25}]",9.721227076170166,,toor,"{'home_advantage': 1.5752631302995574, 'home_coeff': 0.6475458449577384, 'away_coeff': -0.5541018892468896, 'error_term': 13.551049709657692, 'win_prob_k': 7.420150456101098}",1.0,11
2025-02-12,Utah Jazz,Los Angeles Lakers,131,119,False,False,2025-02-12|Los Angeles Lakers|Utah Jazz,,,,2025-02-12|Los Angeles Lakers|Utah Jazz,0.16308944599288722,"[{""p_home_win"": 0.0, ""weight"": 0.25}, {""p_home_win"": 0.16308944599288722, ""weight"": 0.5}, {""p_home_win"": 0.32617889198577443, ""weight"": 0.25}]",-12.135050594626463,,toor,"{'home_advantage': 1.5752631302995574, 'home_coeff': 0.6475458449577384, 'away_coeff': -0.5541018892468896, 'error_term': 13.551049709657692, 'win_prob_k': 7.420150456101098}",1.0,12
2025-02-12,Dallas Mavericks,Golden State Warriors,111,107,False,False,2025-02-12|Golden State Warriors|Dallas Mavericks,,,,2025-02-12|Golden State Warriors|Dallas Mavericks,0.5926206925389508,"[{""p_home_win"": 0.18524138507790155, ""weight"": 0.25}, {""p_home_win"": 0.5926206925389508, ""weight"": 0.5}, {""p_home_win"": 1.0, ""weight"": 0.25}]",2.781145419703791,,toor,"{'home_advantage': 1.5752631302995574, 'home_coeff': 0.6475458449577384, 'away_coeff': -0.5541018892468896, 'error_term': 13.551049709657692, 'win_prob_k': 7.420150456101098}",1.0,4
2025-02-12,Los Angeles Clippers,Memphis Grizzlies,128,114,False,False,2025-02-12|Memphis Grizzlies|Los Angeles Clippers,,,,2025-02-12|Memphis Grizzlies|Los Angeles Clippers,0.4332431439225019,"[{""p_home_win"": 0.0, ""weight"": 0.25}, {""p_home_win"": 0.4332431439225019, ""weight"": 0.5}, {""p_home_win"": 0.8664862878450038, ""weight"": 0.25}]",-1.993284535485969,,toor,"{'home_advantage': 1.5752631302995574, 'home_coeff': 0.6475458449577384, 'away_coeff': -0.5541018892468896, 'error_term': 13.551049709657692, 'win_prob_k': 7.420150456101098}",1.0,14
2025-02-13,Houston Rockets,Golden State Warriors,98,105,False,False,2025-02-13|Golden State Warriors|Houston Rockets,,,,2025-02-13|Golden State Warriors|Houston Rockets,0.7446524382697467,"[{""p_home_win"": 0.4893048765394934, ""weight"": 0.25}, {""p_home_win"": 0.7446524382697467, ""weight"": 0.5}, {""p_home_win"": 1.0, ""weight"": 0.25}]",7.884661030399138,,toor,"{'home_advantage': 1.6055455888930084, 'home_coeff': 0.6394155563330213, 'away_coeff': -0.5539771943205466, 'error_term': 13.460064210137423, 'win_prob_k': 7.366831838572997}",0.0,-7
2025-02-13,New Orleans Pelicans,Sacramento Kings,140,133,False,False,2025-02-13|Sacramento Kings|New Orleans Pelicans,,,,2025-02-13|Sacramento Kings|New Orleans Pelicans,0.2634135233449352,"[{""p_home_win"": 0.0, ""weight"": 0.25}, {""p_home_win"": 0.2634135233449352, ""weight"": 0.5}, {""p_home_win"": 0.5268270466898703, ""weight"": 0.25}]",-7.575324342058893,,toor,"{'home_advantage': 1.6055455888930084, 'home_coeff': 0.6394155563330213, 'away_coeff': -0.5539771943205466, 'error_term': 13.460064210137423, 'win_prob_k': 7.366831838572997}",1.0,7
2025-02-13,Dallas Mavericks,Miami Heat,118,113,False,False,2025-02-13|Miami Heat|Dallas Mavericks,,,,2025-02-13|Miami Heat|Dallas Mavericks,0.6298709038312401,"[{""p_home_win"": 0.25974180766248023, ""weight"": 0.25}, {""p_home_win"": 0.6298709038312401, ""weight"": 0.5}, {""p_home_win"": 1.0, ""weight"": 0.25}]",3.9166721403771194,,toor,"{'home_advantage': 1.6055455888930084, 'home_coeff': 0.6394155563330213, 'away_coeff': -0.5539771943205466, 'error_term': 13.460064210137423, 'win_prob_k': 7.366831838572997}",1.0,5
2025-02-13,Minnesota Timberwolves,Oklahoma City Thunder,116,101,False,False,2025-02-13|Oklahoma City Thunder|Minnesota Timberwolves,,,,2025-02-13|Oklahoma City Thunder|Minnesota Timberwolves,0.34446063549445266,"[{""p_home_win"": 0.0, ""weight"": 0.25}, {""p_home_win"": 0.34446063549445266, ""weight"": 0.5}, {""p_home_win"": 0.6889212709889053, ""weight"": 0.25}]",-4.740398164485282,,toor,"{'home_advantage': 1.6055455888930084, 'home_coeff': 0.6394155563330213, 'away_coeff': -0.5539771943205466, 'error_term': 13.460064210137423, 'win_prob_k': 7.366831838572997}",1.0,15
2025-02-13,Utah Jazz,Los Angeles Clippers,116,120,False,False,2025-02-13|Los Angeles Clippers|Utah Jazz,,,,2025-02-13|Los Angeles Clippers|Utah Jazz,0.22072980314132007,"[{""p_home_win"": 0.0, ""weight"": 0.25}, {""p_home_win"": 0.22072980314132007, ""weight"": 0.5}, {""p_home_win"": 0.44145960628264014, ""weight"": 0.25}]",-9.292657918514685,,toor,"{'home_advantage': 1.6055455888930084, 'home_coeff': 0.6394155563330213, 'away_coeff': -0.5539771943205466, 'error_term': 13.460064210137423, 'win_prob_k': 7.366831838572997}",0.0,-4
2025-02-19,Los Angeles Lakers,Charlotte Hornets,97,100,False,False,2025-02-19|Charlotte Hornets|Los Angeles Lakers,,,,2025-02-19|Charlotte Hornets|Los Angeles Lakers,0.871821554574831,"[{""p_home_win"": 0.743643109149662, ""weight"": 0.25}, {""p_home_win"": 0.871821554574831, ""weight"": 0.5}, {""p_home_win"": 1.0, ""weight"": 0.25}]",14.19309556341544,,toor,"{'home_advantage': 1.6304357230187645, 'home_coeff': 0.633637292502467, 'away_coeff': -0.5457341261021391, 'error_term': 13.45502574935509, 'win_prob_k': 7.40318254726842}",0.0,-3
2025-02-20,Indiana Pacers,Memphis Grizzlies,127,113,False,False,2025-02-20|Memphis Grizzlies|Indiana Pacers,,,,2025-02-20|Memphis Grizzlies|Indiana Pacers,0.4522525282487849,"[{""p_home_win"": 0.0, ""weight"": 0.25}, {""p_home_win"": 0.4522525282487849, ""weight"": 0.5}, {""p_home_win"": 0.9045050564975698, ""weight"": 0.25}]",-1.4357912390869787,,toor,"{'home_advantage': 1.6059729502337876, 'home_coeff': 0.6359751451906537, 'away_coeff': -0.546500250126442, 'error_term': 13.438548686161326, 'win_prob_k': 7.494722020052711}",1.0,14
2025-02-20,Philadelphia 76ers,Boston Celtics,104,124,False,False,2025-02-20|Boston Celtics|Philadelphia 76ers,,,,2025-02-20|Boston Celtics|Philadelphia 76ers,0.20565317999006394,"[{""p_home_win"": 0.0, ""weight"": 0.25}, {""p_home_win"": 0.20565317999006394, ""weight"": 0.5}, {""p_home_win"": 0.4113063599801279, ""weight"": 0.25}]",-10.127835281761685,,toor,"{'home_advantage': 1.6059729502337876, 'home_coeff': 0.6359751451906537, 'away_coeff': -0.546500250126442, 'error_term': 13.438548686161326, 'win_prob_k': 7.494722020052711}",0.0,-20
2025-02-20,Atlanta Hawks,Orlando Magic,108,114,False,False,2025-02-20|Orlando Magic|Atlanta Hawks,,,,2025-02-20|Orlando Magic|Atlanta Hawks,0.5554160199925651,"[{""p_home_win"": 0.11083203998513014, ""weight"": 0.25}, {""p_home_win"": 0.5554160199925651, ""weight"": 0.5}, {""p_home_win"": 1.0, ""weight"": 0.25}]",1.6681636104843842,,toor,"{'home_advantage': 1.6059729502337876, 'home_coeff': 0.6359751451906537, 'away_coeff': -0.546500250126442, 'error_term': 13.438548686161326, 'win_prob_k': 7.494722020052711}",0.0,-6
2025-02-20,Brooklyn Nets,Cleveland Cavaliers,97,110,False,False,2025-02-20|Cleveland Cavaliers|Brooklyn Nets,,,,2025-02-20|Cleveland Cavaliers|Brooklyn Nets,0.15996952096702163,"[{""p_home_win"": 0.0, ""weight"": 0.25}, {""p_home_win"": 0.15996952096702163, ""weight"": 0.5}, {""p_home_win"": 0.31993904193404327, ""weight"": 0.25}]",-12.429658253019321,,toor,"{'home_advantage': 1.6059729502337876, 'home_coeff': 0.6359751451906537, 'away_coeff': -0.546500250126442, 'error_term': 13.438548686161326, 'win_prob_k': 7.494722020052711}",0.0,-13
2025-02-20,New York Knicks,Chicago Bulls,113,111,False,False,2025-02-20|Chicago Bulls|New York Knicks,,,,2025-02-20|Chicago Bulls|New York Knicks,0.812795465403001,"[{""p_home_win"": 0.6255909308060019, ""weight"": 0.25}, {""p_home_win"": 0.812795465403001, ""weight"": 0.5}, {""p_home_win"": 1.0, ""weight"": 0.25}]",11.004333290696184,,toor,"{'home_advantage': 1.6059729502337876, 'home_coeff': 0.6359751451906537, 'away_coeff': -0.546500250126442, 'error_term': 13.438548686161326, 'win_prob_k': 7.494722020052711}",1.0,2
2025-02-20,Milwaukee Bucks,Los Angeles Clippers,116,110,False,False,2025-02-20|Los Angeles Clippers|Milwaukee Bucks,,,,2025-02-20|Los Angeles Clippers|Milwaukee Bucks,0.5546454351997213,"[{""p_home_win"": 0.10929087039944263, ""weight"": 0.25}, {""p_home_win"": 0.5546454351997213, ""weight"": 0.5}, {""p_home_win"": 1.0, ""weight"": 0.25}]",1.6447790610691144,,toor,"{'home_advantage': 1.6059729502337876, 'home_coeff': 0.6359751451906537, 'away_coeff': -0.546500250126442, 'error_term': 13.438548686161326, 'win_prob_k': 7.494722020052711}",1.0,6
2025-02-20,Denver Nuggets,Charlotte Hornets,129,115,False,False,2025-02-20|Charlotte Hornets|Denver Nuggets,,,,2025-02-20|Charlotte Hornets|Denver Nuggets,0.8835621818201047,"[{""p_home_win"": 0.7671243636402094, ""weight"": 0.25}, {""p_home_win"": 0.8835621818201047, ""weight"": 0.5}, {""p_home_win"": 1.0, ""weight"": 0.25}]",15.188835794711112,,toor,"{'home_advantage': 1.6059729502337876, 'home_coeff': 0.6359751451906537, 'away_coeff': -0.546500250126442, 'error_term': 13.438548686161326, 'win_prob_k': 7.494722020052711}",1.0,14
2025-02-20,San Antonio Spurs,Phoenix Suns,120,109,False,False,2025-02-20|Phoenix Suns|San Antonio Spurs,,,,2025-02-20|Phoenix Suns|San Antonio Spurs,0.5087961189403379,"[{""p_home_win"": 0.017592237880675876, ""weight"": 0.25}, {""p_home_win"": 0.5087961189403379, ""weight"": 0.5}, {""p_home_win"": 1.0, ""weight"": 0.25}]",0.26372507397768863,,toor,"{'home_advantage': 1.6059729502337876, 'home_coeff': 0.6359751451906537, 'away_coeff': -0.546500250126442, 'error_term': 13.438548686161326, 'win_prob_k': 7.494722020052711}",1.0,11
2025-02-20,Portland Trail Blazers,Los Angeles Lakers,102,110,False,False,2025-02-20|Los Angeles Lakers|Portland Trail Blazers,,,,2025-02-20|Los Angeles Lakers|Portland Trail Blazers,0.3464715436692851,"[{""p_home_win"": 0.0, ""weight"": 0.25}, {""p_home_win"": 0.3464715436692851, ""weight"": 0.5}, {""p_home_win"": 0.6929430873385702, ""weight"": 0.25}]",-4.756041069140021,,toor,"{'home_advantage': 1.6059729502337876, 'home_coeff': 0.6359751451906537, 'away_coeff': -0.546500250126442, 'error_term': 13.438548686161326, 'win_prob_k': 7.494722020052711}",0.0,-8
2025-02-21,Cleveland Cavaliers,New York Knicks,142,105,False,False,2025-02-21|New York Knicks|Cleveland Cavaliers,,,,2025-02-21|New York Knicks|Cleveland Cavaliers,0.7331071825781302,"[{""p_home_win"": 0.46621436515626047, ""weight"": 0.25}, {""p_home_win"": 0.7331071825781302, ""weight"": 0.5}, {""p_home_win"": 1.0, ""weight"": 0.25}]",7.503548882996043,,toor,"{'home_advantage': 1.6065064999685275, 'home_coeff': 0.6313398088090799, 'away_coeff': -0.5394476584112998, 'error_term': 13.395574130209843, 'win_prob_k': 7.425986159624069}",1.0,37
2025-02-21,Orlando Magic,Memphis Grizzlies,104,105,False,False,2025-02-21|Memphis Grizzlies|Orlando Magic,,,,2025-02-21|Memphis Grizzlies|Orlando Magic,0.3480696434960121,"[{""p_home_win"": 0.0, ""weight"": 0.25}, {""p_home_win"": 0.3480696434960121, ""weight"": 0.5}, {""p_home_win"": 0.6961392869920242, ""weight"": 0.25}]",-4.660067385382804,,toor,"{'home_advantage': 1.6065064999685275, 'home_coeff': 0.6313398088090799, 'away_coeff': -0.5394476584112998, 'error_term': 13.395574130209843, 'win_prob_k': 7.425986159624069}",0.0,-1
2025-02-21,Washington Wizards,Milwaukee Bucks,101,104,False,False,2025-02-21|Milwaukee Bucks|Washington Wizards,,,,2025-02-21|Milwaukee Bucks|Washington Wizards,0.18706310385842662,"[{""p_home_win"": 0.0, ""weight"": 0.25}, {""p_home_win"": 0.18706310385842662, ""weight"": 0.5}, {""p_home_win"": 0.37412620771685323, ""weight"": 0.25}]",-10.910314369731251,,toor,"{'home_advantage': 1.6065064999685275, 'home_coeff': 0.6313398088090799, 'away_coeff': -0.5394476584112998, 'error_term': 13.395574130209843, 'win_prob_k': 7.425986159624069}",0.0,-3
2025-02-21,Toronto Raptors,Miami Heat,111,120,False,False,2025-02-21|Miami Heat|Toronto Raptors,,,,2025-02-21|Miami Heat|Toronto Raptors,0.3891723973787526,"[{""p_home_win"": 0.0, ""weight"": 0.25}, {""p_home_win"": 0.3891723973787526, ""weight"": 0.5}, {""p_home_win"": 0.7783447947575052, ""weight"": 0.25}]",-3.347577654612243,,toor,"{'home_advantage': 1.6065064999685275, 'home_coeff': 0.6313398088090799, 'away_coeff': -0.5394476584112998, 'error_term': 13.395574130209843, 'win_prob_k': 7.425986159624069}",0.0,-9
2025-02-21,Dallas Mavericks,New Orleans Pelicans,111,103,False,False,2025-02-21|New Orleans Pelicans|Dallas Mavericks,,,,2025-02-21|New Orleans Pelicans|Dallas Mavericks,0.8226614481208594,"[{""p_home_win"": 0.6453228962417188, ""weight"": 0.25}, {""p_home_win"": 0.8226614481208594, ""weight"": 0.5}, {""p_home_win"": 1.0, ""weight"": 0.25}]",11.395057872596986,,toor,"{'home_advantage': 1.6065064999685275, 'home_coeff': 0.6313398088090799, 'away_coeff': -0.5394476584112998, 'error_term': 13.395574130209843, 'win_prob_k': 7.425986159624069}",1.0,8
2025-02-21,San Antonio Spurs,Detroit Pistons,110,125,False,False,2025-02-21|Detroit Pistons|San Antonio Spurs,,,,2025-02-21|Detroit Pistons|San Antonio Spurs,0.43340518902083586,"[{""p_home_win"": 0.0, ""weight"": 0.25}, {""p_home_win"": 0.43340518902083586, ""weight"": 0.5}, {""p_home_win"": 0.8668103780416717, ""weight"": 0.25}]",-1.98995166496348,,toor,"{'home_advantage': 1.6065064999685275, 'home_coeff': 0.6313398088090799, 'away_coeff': -0.5394476584112998, 'error_term': 13.395574130209843, 'win_prob_k': 7.425986159624069}",0.0,-15
2025-02-21,Houston Rockets,Minnesota Timberwolves,121,115,False,False,2025-02-21|Minnesota Timberwolves|Houston Rockets,,,,2025-02-21|Minnesota Timberwolves|Houston Rockets,0.6516185680380907,"[{""p_home_win"": 0.3032371360761814, ""weight"": 0.25}, {""p_home_win"": 0.6516185680380907, ""weight"": 0.5}, {""p_home_win"": 1.0, ""weight"": 0.25}]",4.649866068348145,,toor,"{'home_advantage': 1.6065064999685275, 'home_coeff': 0.6313398088090799, 'away_coeff': -0.5394476584112998, 'error_term': 13.395574130209843, 'win_prob_k': 7.425986159624069}",1.0,6
2025-02-21,Utah Jazz,Oklahoma City Thunder,107,130,False,False,2025-02-21|Oklahoma City Thunder|Utah Jazz,,,,2025-02-21|Oklahoma City Thunder|Utah Jazz,0.09896227559988482,"[{""p_home_win"": 0.0, ""weight"": 0.25}, {""p_home_win"": 0.09896227559988482, ""weight"": 0.5}, {""p_home_win"": 0.19792455119976965, ""weight"": 0.25}]",-16.402580631737035,,toor,"{'home_advantage': 1.6065064999685275, 'home_coeff': 0.6313398088090799, 'away_coeff': -0.5394476584112998, 'error_term': 13.395574130209843, 'win_prob_k': 7.425986159624069}",0.0,-23
2025-02-21,Sacramento Kings,Golden State Warriors,108,132,False,False,2025-02-21|Golden State Warriors|Sacramento Kings,,,,2025-02-21|Golden State Warriors|Sacramento Kings,0.5319164936431032,"[{""p_home_win"": 0.06383298728620646, ""weight"": 0.25}, {""p_home_win"": 0.5319164936431032, ""weight"": 0.5}, {""p_home_win"": 1.0, ""weight"": 0.25}]",0.949336569095421,,toor,"{'home_advantage': 1.6065064999685275, 'home_coeff': 0.6313398088090799, 'away_coeff': -0.5394476584112998, 'error_term': 13.395574130209843, 'win_prob_k': 7.425986159624069}",0.0,-24
2025-02-22,Chicago Bulls,Phoenix Suns,117,121,False,False,2025-02-22|Phoenix Suns|Chicago Bulls,,,,2025-02-22|Phoenix Suns|Chicago Bulls,0.46398188374092186,"[{""p_home_win"": 0.0, ""weight"": 0.25}, {""p_home_win"": 0.46398188374092186, ""weight"": 0.5}, {""p_home_win"": 0.9279637674818437, ""weight"": 0.25}]",-1.0621917419970306,,toor,"{'home_advantage': 1.600809124317229, 'home_coeff': 0.6279355220446194, 'away_coeff': -0.5285354206794106, 'error_term': 13.408684756578483, 'win_prob_k': 7.359851011204261}",0.0,-4
2025-02-22,Philadelphia 76ers,Brooklyn Nets,103,105,False,False,2025-02-22|Brooklyn Nets|Philadelphia 76ers,,,,2025-02-22|Brooklyn Nets|Philadelphia 76ers,0.5181464408993698,"[{""p_home_win"": 0.036292881798739574, ""weight"": 0.25}, {""p_home_win"": 0.5181464408993698, ""weight"": 0.5}, {""p_home_win"": 1.0, ""weight"": 0.25}]",0.5344551447678931,,toor,"{'home_advantage': 1.600809124317229, 'home_coeff': 0.6279355220446194, 'away_coeff': -0.5285354206794106, 'error_term': 13.408684756578483, 'win_prob_k': 7.359851011204261}",0.0,-2
2025-02-22,Denver Nuggets,Los Angeles Lakers,100,123,False,False,2025-02-22|Los Angeles Lakers|Denver Nuggets,,,,2025-02-22|Los Angeles Lakers|Denver Nuggets,0.6342192459237005,"[{""p_home_win"": 0.268438491847401, ""weight"": 0.25}, {""p_home_win"": 0.6342192459237005, ""weight"": 0.5}, {""p_home_win"": 1.0, ""weight"": 0.25}]",4.050571923391566,,toor,"{'home_advantage': 1.600809124317229, 'home_coeff': 0.6279355220446194, 'away_coeff': -0.5285354206794106, 'error_term': 13.408684756578483, 'win_prob_k': 7.359851011204261}",0.0,-23
2025-02-22,Utah Jazz,Houston Rockets,124,115,False,False,2025-02-22|Houston Rockets|Utah Jazz,,,,2025-02-22|Houston Rockets|Utah Jazz,0.15335072024319202,"[{""p_home_win"": 0.0, ""weight"": 0.25}, {""p_home_win"": 0.15335072024319202, ""weight"": 0.5}, {""p_home_win"": 0.30670144048638404, ""weight"": 0.25}]",-12.574739302143628,,toor,"{'home_advantage': 1.600809124317229, 'home_coeff': 0.6279355220446194, 'away_coeff': -0.5285354206794106, 'error_term': 13.408684756578483, 'win_prob_k': 7.359851011204261}",1.0,9
2025-02-22,Portland Trail Blazers,Charlotte Hornets,141,88,False,False,2025-02-22|Charlotte Hornets|Portland Trail Blazers,,,,2025-02-22|Charlotte Hornets|Portland Trail Blazers,0.6763631632252123,"[{""p_home_win"": 0.35272632645042457, ""weight"": 0.25}, {""p_home_win"": 0.6763631632252123, ""weight"": 0.5}, {""p_home_win"": 1.0, ""weight"": 0.25}]",5.425006107980113,,toor,"{'home_advantage': 1.600809124317229, 'home_coeff': 0.6279355220446194, 'away_coeff': -0.5285354206794106, 'error_term': 13.408684756578483, 'win_prob_k': 7.359851011204261}",1.0,53
2025-02-23,Boston Celtics,New York Knicks,118,105,False,False,2025-02-23|New York Knicks|Boston Celtics,,,,2025-02-23|New York Knicks|Boston Celtics,0.65522163569391,"[{""p_home_win"": 0.31044327138782, ""weight"": 0.25}, {""p_home_win"": 0.65522163569391, ""weight"": 0.5}, {""p_home_win"": 1.0, ""weight"": 0.25}]",4.74124408810528,,toor,"{'home_advantage': 1.6478536805100792, 'home_coeff': 0.6138750388684868, 'away_coeff': -0.5339537398992302, 'error_term': 13.52565622670013, 'win_prob_k': 7.3842899578530865}",1.0,13
2025-02-23,Golden State Warriors,Dallas Mavericks,126,102,False,False,2025-02-23|Dallas Mavericks|Golden State Warriors,,,,2025-02-23|Dallas Mavericks|Golden State Warriors,0.5152387646042773,"[{""p_home_win"": 0.03047752920855462, ""weight"": 0.25}, {""p_home_win"": 0.5152387646042773, ""weight"": 0.5}, {""p_home_win"": 1.0, ""weight"": 0.25}]",0.4502492694468918,,toor,"{'home_advantage': 1.6478536805100792, 'home_coeff': 0.6138750388684868, 'away_coeff': -0.5339537398992302, 'error_term': 13.52565622670013, 'win_prob_k': 7.3842899578530865}",1.0,24
2025-02-23,Indiana Pacers,Los Angeles Clippers,129,111,False,False,2025-02-23|Los Angeles Clippers|Indiana Pacers,,,,2025-02-23|Los Angeles Clippers|Indiana Pacers,0.5794138973820578,"[{""p_home_win"": 0.15882779476411568, ""weight"": 0.25}, {""p_home_win"": 0.5794138973820578, ""weight"": 0.5}, {""p_home_win"": 1.0, ""weight"": 0.25}]",2.365689097158058,,toor,"{'home_advantage': 1.6478536805100792, 'home_coeff': 0.6138750388684868, 'away_coeff': -0.5339537398992302, 'error_term': 13.52565622670013, 'win_prob_k': 7.3842899578530865}",1.0,18
2025-02-23,Atlanta Hawks,Detroit Pistons,143,148,False,False,2025-02-23|Detroit Pistons|Atlanta Hawks,,,,2025-02-23|Detroit Pistons|Atlanta Hawks,0.45834290381254017,"[{""p_home_win"": 0.0, ""weight"": 0.25}, {""p_home_win"": 0.45834290381254017, ""weight"": 0.5}, {""p_home_win"": 0.9166858076250803, ""weight"": 0.25}]",-1.233291138663157,,toor,"{'home_advantage': 1.6478536805100792, 'home_coeff': 0.6138750388684868, 'away_coeff': -0.5339537398992302, 'error_term': 13.52565622670013, 'win_prob_k': 7.3842899578530865}",0.0,-5
2025-02-23,Milwaukee Bucks,Miami Heat,120,113,False,False,2025-02-23|Miami Heat|Milwaukee Bucks,,,,2025-02-23|Miami Heat|Milwaukee Bucks,0.64317536393821,"[{""p_home_win"": 0.2863507278764199, ""weight"": 0.25}, {""p_home_win"": 0.64317536393821, ""weight"": 0.5}, {""p_home_win"": 1.0, ""weight"": 0.25}]",4.350624040018338,,toor,"{'home_advantage': 1.6478536805100792, 'home_coeff': 0.6138750388684868, 'away_coeff': -0.5339537398992302, 'error_term': 13.52565622670013, 'win_prob_k': 7.3842899578530865}",1.0,7
2025-02-23,Orlando Magic,Washington Wizards,110,90,False,False,2025-02-23|Washington Wizards|Orlando Magic,,,,2025-02-23|Washington Wizards|Orlando Magic,0.7758945216145466,"[{""p_home_win"": 0.5517890432290933, ""weight"": 0.25}, {""p_home_win"": 0.7758945216145466, ""weight"": 0.5}, {""p_home_win"": 1.0, ""weight"": 0.25}]",9.170547915480924,,toor,"{'home_advantage': 1.6478536805100792, 'home_coeff': 0.6138750388684868, 'away_coeff': -0.5339537398992302, 'error_term': 13.52565622670013, 'win_prob_k': 7.3842899578530865}",1.0,20
2025-02-23,Toronto Raptors,Phoenix Suns,127,109,False,False,2025-02-23|Phoenix Suns|Toronto Raptors,,,,2025-02-23|Phoenix Suns|Toronto Raptors,0.4056573248901103,"[{""p_home_win"": 0.0, ""weight"": 0.25}, {""p_home_win"": 0.4056573248901103, ""weight"": 0.5}, {""p_home_win"": 0.8113146497802206, ""weight"": 0.25}]",-2.8204093999030277,,toor,"{'home_advantage': 1.6478536805100792, 'home_coeff': 0.6138750388684868, 'away_coeff': -0.5339537398992302, 'error_term': 13.52565622670013, 'win_prob_k': 7.3842899578530865}",1.0,18
2025-02-23,Cleveland Cavaliers,Memphis Grizzlies,129,123,False,False,2025-02-23|Memphis Grizzlies|Cleveland Cavaliers,,,,2025-02-23|Memphis Grizzlies|Cleveland Cavaliers,0.726373813600488,"[{""p_home_win"": 0.45274762720097605, ""weight"": 0.25}, {""p_home_win"": 0.726373813600488, ""weight"": 0.5}, {""p_home_win"": 1.0, ""weight"": 0.25}]",7.209296208085298,,toor,"{'home_advantage': 1.6478536805100792, 'home_coeff': 0.6138750388684868, 'away_coeff': -0.5339537398992302, 'error_term': 13.52565622670013, 'win_prob_k': 7.3842899578530865}",1.0,6
2025-02-23,New Orleans Pelicans,San Antonio Spurs,114,96,False,False,2025-02-23|San Antonio Spurs|New Orleans Pelicans,,,,2025-02-23|San Antonio Spurs|New Orleans Pelicans,0.3518217285962993,"[{""p_home_win"": 0.0, ""weight"": 0.25}, {""p_home_win"": 0.3518217285962993, ""weight"": 0.5}, {""p_home_win"": 0.7036434571925986, ""weight"": 0.25}]",-4.512105206857818,,toor,"{'home_advantage': 1.6478536805100792, 'home_coeff': 0.6138750388684868, 'away_coeff': -0.5339537398992302, 'error_term': 13.52565622670013, 'win_prob_k': 7.3842899578530865}",1.0,18
2025-02-23,Minnesota Timberwolves,Oklahoma City Thunder,123,130,False,False,2025-02-23|Oklahoma City Thunder|Minnesota Timberwolves,,,,2025-02-23|Oklahoma City Thunder|Minnesota Timberwolves,0.34904084794605594,"[{""p_home_win"": 0.0, ""weight"": 0.25}, {""p_home_win"": 0.34904084794605594, ""weight"": 0.5}, {""p_home_win"": 0.6980816958921119, ""weight"": 0.25}]",-4.602317315004705,,toor,"{'home_advantage': 1.6478536805100792, 'home_coeff': 0.6138750388684868, 'away_coeff': -0.5339537398992302, 'error_term': 13.52565622670013, 'win_prob_k': 7.3842899578530865}",0.0,-7
2025-02-24,Detroit Pistons,Los Angeles Clippers,106,97,False,False,2025-02-24|Los Angeles Clippers|Detroit Pistons,,,,2025-02-24|Los Angeles Clippers|Detroit Pistons,0.560461183046713,"[{""p_home_win"": 0.12092236609342599, ""weight"": 0.25}, {""p_home_win"": 0.560461183046713, ""weight"": 0.5}, {""p_home_win"": 1.0, ""weight"": 0.25}]",1.782229939230699,,toor,"{'home_advantage': 1.7560100072163076, 'home_coeff': 0.5947129267934236, 'away_coeff': -0.5295527307555297, 'error_term': 13.5280709707669, 'win_prob_k': 7.333254981052262}",1.0,9
2025-02-24,Indiana Pacers,Denver Nuggets,116,125,False,False,2025-02-24|Denver Nuggets|Indiana Pacers,,,,2025-02-24|Denver Nuggets|Indiana Pacers,0.5130927070317531,"[{""p_home_win"": 0.026185414063506274, ""weight"": 0.25}, {""p_home_win"": 0.5130927070317531, ""weight"": 0.5}, {""p_home_win"": 1.0, ""weight"": 0.25}]",0.3841364499868165,,toor,"{'home_advantage': 1.7560100072163076, 'home_coeff': 0.5947129267934236, 'away_coeff': -0.5295527307555297, 'error_term': 13.5280709707669, 'win_prob_k': 7.333254981052262}",0.0,-9
2025-02-24,Philadelphia 76ers,Chicago Bulls,110,142,False,False,2025-02-24|Chicago Bulls|Philadelphia 76ers,,,,2025-02-24|Chicago Bulls|Philadelphia 76ers,0.5194376124113754,"[{""p_home_win"": 0.03887522482275085, ""weight"": 0.25}, {""p_home_win"": 0.5194376124113754, ""weight"": 0.5}, {""p_home_win"": 1.0, ""weight"": 0.25}]",0.5704513592139548,,toor,"{'home_advantage': 1.7560100072163076, 'home_coeff': 0.5947129267934236, 'away_coeff': -0.5295527307555297, 'error_term': 13.5280709707669, 'win_prob_k': 7.333254981052262}",0.0,-32
2025-02-24,Washington Wizards,Brooklyn Nets,107,99,False,False,2025-02-24|Brooklyn Nets|Washington Wizards,,,,2025-02-24|Brooklyn Nets|Washington Wizards,0.3531986676763077,"[{""p_home_win"": 0.0, ""weight"": 0.25}, {""p_home_win"": 0.3531986676763077, ""weight"": 0.5}, {""p_home_win"": 0.7063973353526154, ""weight"": 0.25}]",-4.436681530194969,,toor,"{'home_advantage': 1.7560100072163076, 'home_coeff': 0.5947129267934236, 'away_coeff': -0.5295527307555297, 'error_term': 13.5280709707669, 'win_prob_k': 7.333254981052262}",1.0,8
2025-02-24,Atlanta Hawks,Miami Heat,98,86,False,False,2025-02-24|Miami Heat|Atlanta Hawks,,,,2025-02-24|Miami Heat|Atlanta Hawks,0.509690050786313,"[{""p_home_win"": 0.01938010157262604, ""weight"": 0.25}, {""p_home_win"": 0.509690050786313, ""weight"": 0.5}, {""p_home_win"": 1.0, ""weight"": 0.25}]",0.2842740463522421,,toor,"{'home_advantage': 1.7560100072163076, 'home_coeff': 0.5947129267934236, 'away_coeff': -0.5295527307555297, 'error_term': 13.5280709707669, 'win_prob_k': 7.333254981052262}",1.0,12
2025-02-24,Oklahoma City Thunder,Minnesota Timberwolves,128,131,False,False,2025-02-24|Minnesota Timberwolves|Oklahoma City Thunder,,,,2025-02-24|Minnesota Timberwolves|Oklahoma City Thunder,0.796918456071572,"[{""p_home_win"": 0.5938369121431439, ""weight"": 0.25}, {""p_home_win"": 0.796918456071572, ""weight"": 0.5}, {""p_home_win"": 1.0, ""weight"": 0.25}]",10.025621175035631,,toor,"{'home_advantage': 1.7560100072163076, 'home_coeff': 0.5947129267934236, 'away_coeff': -0.5295527307555297, 'error_term': 13.5280709707669, 'win_prob_k': 7.333254981052262}",0.0,-3
2025-02-24,Utah Jazz,Portland Trail Blazers,112,114,False,False,2025-02-24|Portland Trail Blazers|Utah Jazz,,,,2025-02-24|Portland Trail Blazers|Utah Jazz,0.3846558779834999,"[{""p_home_win"": 0.0, ""weight"": 0.25}, {""p_home_win"": 0.3846558779834999, ""weight"": 0.5}, {""p_home_win"": 0.7693117559669999, ""weight"": 0.25}]",-3.4454018739247103,,toor,"{'home_advantage': 1.7560100072163076, 'home_coeff': 0.5947129267934236, 'away_coeff': -0.5295527307555297, 'error_term': 13.5280709707669, 'win_prob_k': 7.333254981052262}",0.0,-2
2025-02-24,Sacramento Kings,Charlotte Hornets,130,88,False,False,2025-02-24|Charlotte Hornets|Sacramento Kings,,,,2025-02-24|Charlotte Hornets|Sacramento Kings,0.7781616436988837,"[{""p_home_win"": 0.5563232873977675, ""weight"": 0.25}, {""p_home_win"": 0.7781616436988837, ""weight"": 0.5}, {""p_home_win"": 1.0, ""weight"": 0.25}]",9.203127048059446,,toor,"{'home_advantage': 1.7560100072163076, 'home_coeff': 0.5947129267934236, 'away_coeff': -0.5295527307555297, 'error_term': 13.5280709707669, 'win_prob_k': 7.333254981052262}",1.0,42
2025-02-25,Toronto Raptors,Boston Celtics,101,111,False,False,2025-02-25|Boston Celtics|Toronto Raptors,,,,2025-02-25|Boston Celtics|Toronto Raptors,0.18720938455890704,"[{""p_home_win"": 0.0, ""weight"": 0.25}, {""p_home_win"": 0.18720938455890704, ""weight"": 0.5}, {""p_home_win"": 0.3744187691178141, ""weight"": 0.25}]",-10.837717897572842,,toor,"{'home_advantage': 1.7608981939873949, 'home_coeff': 0.5841849237163613, 'away_coeff': -0.5326381867749418, 'error_term': 13.592960801917421, 'win_prob_k': 7.38140550159541}",0.0,-10
2025-02-25,Orlando Magic,Cleveland Cavaliers,82,122,False,False,2025-02-25|Cleveland Cavaliers|Orlando Magic,,,,2025-02-25|Cleveland Cavaliers|Orlando Magic,0.21180874209854939,"[{""p_home_win"": 0.0, ""weight"": 0.25}, {""p_home_win"": 0.21180874209854939, ""weight"": 0.5}, {""p_home_win"": 0.42361748419709877, ""weight"": 0.25}]",-9.69958805573609,,toor,"{'home_advantage': 1.7608981939873949, 'home_coeff': 0.5841849237163613, 'away_coeff': -0.5326381867749418, 'error_term': 13.592960801917421, 'win_prob_k': 7.38140550159541}",0.0,-40
2025-02-25,Houston Rockets,Milwaukee Bucks,100,97,False,False,2025-02-25|Milwaukee Bucks|Houston Rockets,,,,2025-02-25|Milwaukee Bucks|Houston Rockets,0.652236017553743,"[{""p_home_win"": 0.3044720351074861, ""weight"": 0.25}, {""p_home_win"": 0.652236017553743, ""weight"": 0.5}, {""p_home_win"": 1.0, ""weight"": 0.25}]",4.642036363098901,,toor,"{'home_advantage': 1.7608981939873949, 'home_coeff': 0.5841849237163613, 'away_coeff': -0.5326381867749418, 'error_term': 13.592960801917421, 'win_prob_k': 7.38140550159541}",1.0,3
2025-02-25,Memphis Grizzlies,Phoenix Suns,151,148,False,False,2025-02-25|Phoenix Suns|Memphis Grizzlies,,,,2025-02-25|Phoenix Suns|Memphis Grizzlies,0.7825508144567224,"[{""p_home_win"": 0.5651016289134447, ""weight"": 0.25}, {""p_home_win"": 0.7825508144567224, ""weight"": 0.5}, {""p_home_win"": 1.0, ""weight"": 0.25}]",9.452581126809356,,toor,"{'home_advantage': 1.7608981939873949, 'home_coeff': 0.5841849237163613, 'away_coeff': -0.5326381867749418, 'error_term': 13.592960801917421, 'win_prob_k': 7.38140550159541}",1.0,3
2025-02-25,New Orleans Pelicans,San Antonio Spurs,109,103,False,False,2025-02-25|San Antonio Spurs|New Orleans Pelicans,,,,2025-02-25|San Antonio Spurs|New Orleans Pelicans,0.37723874492096554,"[{""p_home_win"": 0.0, ""weight"": 0.25}, {""p_home_win"": 0.37723874492096554, ""weight"": 0.5}, {""p_home_win"": 0.7544774898419311, ""weight"": 0.25}]",-3.700187594848629,,toor,"{'home_advantage': 1.7608981939873949, 'home_coeff': 0.5841849237163613, 'away_coeff': -0.5326381867749418, 'error_term': 13.592960801917421, 'win_prob_k': 7.38140550159541}",1.0,6
2025-02-25,Golden State Warriors,Charlotte Hornets,128,92,False,False,2025-02-25|Charlotte Hornets|Golden State Warriors,,,,2025-02-25|Charlotte Hornets|Golden State Warriors,0.8214311799516345,"[{""p_home_win"": 0.642862359903269, ""weight"": 0.25}, {""p_home_win"": 0.8214311799516345, ""weight"": 0.5}, {""p_home_win"": 1.0, ""weight"": 0.25}]",11.264571661027192,,toor,"{'home_advantage': 1.7608981939873949, 'home_coeff': 0.5841849237163613, 'away_coeff': -0.5326381867749418, 'error_term': 13.592960801917421, 'win_prob_k': 7.38140550159541}",1.0,36
2025-02-25,Los Angeles Lakers,Dallas Mavericks,107,99,False,False,2025-02-25|Dallas Mavericks|Los Angeles Lakers,,,,2025-02-25|Dallas Mavericks|Los Angeles Lakers,0.6323644476488486,"[{""p_home_win"": 0.26472889529769716, ""weight"": 0.25}, {""p_home_win"": 0.6323644476488486, ""weight"": 0.5}, {""p_home_win"": 1.0, ""weight"": 0.25}]",4.003480840788514,,toor,"{'home_advantage': 1.7608981939873949, 'home_coeff': 0.5841849237163613, 'away_coeff': -0.5326381867749418, 'error_term': 13.592960801917421, 'win_prob_k': 7.38140550159541}",1.0,8
