date,home_team,away_team,home_score,away_score,neutral,overtime,game_id,sport,season,notes,game_id_pred,p_home_win,win_prob_dist,pred_margin,pred_total,model_id,extra,home_win,actual_margin
2024-10-23,Detroit Pistons,Indiana Pacers,109,115,False,False,2024-10-23|Indiana Pacers|Detroit Pistons,,,,2024-10-23|Indiana Pacers|Detroit Pistons,0.500000000000001,"[{""p_home_win"": 0.499999999999997, ""weight"": 0.25}, {""p_home_win"": 0.500000000000001, ""weight"": 0.5}, {""p_home_win"": 0.500000000000005, ""weight"": 0.25}]",1.923498213058925e-15,,gssd,"{'home_advantage_points': 1.923498213058925e-15, 'scale': 1.0000000000000002, 'error_term': 5.617333549722722e-15, 'win_prob_k': 0.5000000508125179}",0.0,-6
2024-10-23,Atlanta Hawks,Brooklyn Nets,120,116,False,False,2024-10-23|Brooklyn Nets|Atlanta Hawks,,,,2024-10-23|Brooklyn Nets|Atlanta Hawks,0.500000000000001,"[{""p_home_win"": 0.499999999999997, ""weight"": 0.25}, {""p_home_win"": 0.500000000000001, ""weight"": 0.5}, {""p_home_win"": 0.500000000000005, ""weight"": 0.25}]",1.923498213058925e-15,,gssd,"{'home_advantage_points': 1.923498213058925e-15, 'scale': 1.0000000000000002, 'error_term': 5.617333549722722e-15, 'win_prob_k': 0.5000000508125179}",1.0,4
2024-10-23,Miami Heat,Orlando Magic,97,116,False,False,2024-10-23|Orlando Magic|Miami Heat,,,,2024-10-23|Orlando Magic|Miami Heat,0.500000000000001,"[{""p_home_win"": 0.499999999999997, ""weight"": 0.25}, {""p_home_win"": 0.500000000000001, ""weight"": 0.5}, {""p_home_win"": 0.500000000000005, ""weight"": 0.25}]",1.923498213058925e-15,,gssd,"{'home_advantage_points': 1.923498213058925e-15, 'scale': 1.0000000000000002, 'error_term': 5.617333549722722e-15, 'win_prob_k': 0.5000000508125179}",0.0,-19
2024-10-23,Philadelphia 76ers,Milwaukee Bucks,109,124,False,False,2024-10-23|Milwaukee Bucks|Philadelphia 76ers,,,,2024-10-23|Milwaukee Bucks|Philadelphia 76ers,0.500000000000001,"[{""p_home_win"": 0.499999999999997, ""weight"": 0.25}, {""p_home_win"": 0.500000000000001, ""weight"": 0.5}, {""p_home_win"": 0.500000000000005, ""weight"": 0.25}]",1.923498213058925e-15,,gssd,"{'home_advantage_points': 1.923498213058925e-15, 'scale': 1.0000000000000002, 'error_term': 5.617333549722722e-15, 'win_prob_k': 0.5000000508125179}",0.0,-15
2024-10-23,Toronto Raptors,Cleveland Cavaliers,106,136,False,False,2024-10-23|Cleveland Cavaliers|Toronto Raptors,,,,2024-10-23|Cleveland Cavaliers|Toronto Raptors,0.500000000000001,"[{""p_home_win"": 0.499999999999997, ""weight"": 0.25}, {""p_home_win"": 0.500000000000001, ""weight"": 0.5}, {""p_home_win"": 0.500000000000005, ""weight"": 0.25}]",1.923498213058925e-15,,gssd,"{'home_advantage_points': 1.923498213058925e-15, 'scale': 1.0000000000000002, 'error_term': 5.617333549722722e-15, 'win_prob_k': 0.5000000508125179}",0.0,-30
2024-10-23,Houston Rockets,Charlotte Hornets,105,110,False,False,2024-10-23|Charlotte Hornets|Houston Rockets,,,,2024-10-23|Charlotte Hornets|Houston Rockets,0.500000000000001,"[{""p_home_win"": 0.499999999999997, ""weight"": 0.25}, {""p_home_win"": 0.500000000000001, ""weight"": 0.5}, {""p_home_win"": 0.500000000000005, ""weight"": 0.25}]",1.923498213058925e-15,,gssd,"{'home_advantage_points': 1.923498213058925e-15, 'scale': 1.0000000000000002, 'error_term': 5.617333549722722e-15, 'win_prob_k': 0.5000000508125179}",0.0,-5
2024-10-23,New Orleans Pelicans,Chicago Bulls,123,111,False,False,2024-10-23|Chicago Bulls|New Orleans Pelicans,,,,2024-10-23|Chicago Bulls|New Orleans Pelicans,0.500000000000001,"[{""p_home_win"": 0.499999999999997, ""weight"": 0.25}, {""p_home_win"": 0.500000000000001, ""weight"": 0.5}, {""p_home_win"": 0.500000000000005, ""weight"": 0.25}]",1.923498213058925e-15,,gssd,"{'home_advantage_points': 1.923498213058925e-15, 'scale': 1.0000000000000002, 'error_term': 5.617333549722722e-15, 'win_prob_k': 0.5000000508125179}",1.0,12
2024-10-23,Utah Jazz,Memphis Grizzlies,124,126,False,False,2024-10-23|Memphis Grizzlies|Utah Jazz,,,,2024-10-23|Memphis Grizzlies|Utah Jazz,0.500000000000001,"[{""p_home_win"": 0.499999999999997, ""weight"": 0.25}, {""p_home_win"": 0.500000000000001, ""weight"": 0.5}, {""p_home_win"": 0.500000000000005, ""weight"": 0.25}]",1.923498213058925e-15,,gssd,"{'home_advantage_points': 1.923498213058925e-15, 'scale': 1.0000000000000002, 'error_term': 5.617333549722722e-15, 'win_prob_k': 0.5000000508125179}",0.0,-2
2024-10-23,Los Angeles Clippers,Phoenix Suns,113,116,False,False,2024-10-23|Phoenix Suns|Los Angeles Clippers,,,,2024-10-23|Phoenix Suns|Los Angeles Clippers,0.500000000000001,"[{""p_home_win"": 0.499999999999997, ""weight"": 0.25}, {""p_home_win"": 0.500000000000001, ""weight"": 0.5}, {""p_home_win"": 0.500000000000005, ""weight"": 0.25}]",1.923498213058925e-15,,gssd,"{'home_advantage_points': 1.923498213058925e-15, 'scale': 1.0000000000000002, 'error_term': 5.617333549722722e-15, 'win_prob_k': 0.5000000508125179}",0.0,-3
2024-10-23,Portland Trail Blazers,Golden State Warriors,104,140,False,False,2024-10-23|Golden State Warriors|Portland Trail Blazers,,,,2024-10-23|Golden State Warriors|Portland Trail Blazers,0.500000000000001,"[{""p_home_win"": 0.499999999999997, ""weight"": 0.25}, {""p_home_win"": 0.500000000000001, ""weight"": 0.5}, {""p_home_win"": 0.500000000000005, ""weight"": 0.25}]",1.923498213058925e-15,,gssd,"{'home_advantage_points': 1.923498213058925e-15, 'scale': 1.0000000000000002, 'error_term': 5.617333549722722e-15, 'win_prob_k': 0.5000000508125179}",0.0,-36
2024-10-24,Washington Wizards,Boston Celtics,102,122,False,False,2024-10-24|Boston Celtics|Washington Wizards,,,,2024-10-24|Boston Celtics|Washington Wizards,1.0261903616543787e-10,"[{""p_home_win"": 1.0261903616543681e-10, ""weight"": 0.25}, {""p_home_win"": 1.0261903616543787e-10, ""weight"": 0.5}, {""p_home_win"": 1.0261903616543893e-10, ""weight"": 0.25}]",-11.499999999999998,,gssd,"{'home_advantage_points': -5.576292514241829e-16, 'scale': 0.9999999999999998, 'error_term': 3.666538502885441e-15, 'win_prob_k': 0.5000000508125179}",0.0,-20
2024-10-24,Dallas Mavericks,San Antonio Spurs,120,109,False,False,2024-10-24|San Antonio Spurs|Dallas Mavericks,,,,2024-10-24|San Antonio Spurs|Dallas Mavericks,0.4999999999999998,"[{""p_home_win"": 0.49999999999999717, ""weight"": 0.25}, {""p_home_win"": 0.4999999999999998, ""weight"": 0.5}, {""p_home_win"": 0.5000000000000023, ""weight"": 0.25}]",-5.576292514241829e-16,,gssd,"{'home_advantage_points': -5.576292514241829e-16, 'scale': 0.9999999999999998, 'error_term': 3.666538502885441e-15, 'win_prob_k': 0.5000000508125179}",1.0,11
2024-10-24,Sacramento Kings,Minnesota Timberwolves,115,117,False,False,2024-10-24|Minnesota Timberwolves|Sacramento Kings,,,,2024-10-24|Minnesota Timberwolves|Sacramento Kings,0.9990889481580904,"[{""p_home_win"": 0.9990889481580904, ""weight"": 0.25}, {""p_home_win"": 0.9990889481580904, ""weight"": 0.5}, {""p_home_win"": 0.9990889481580904, ""weight"": 0.25}]",3.4999999999999987,,gssd,"{'home_advantage_points': -5.576292514241829e-16, 'scale': 0.9999999999999998, 'error_term': 3.666538502885441e-15, 'win_prob_k': 0.5000000508125179}",0.0,-2
2024-10-24,Denver Nuggets,Oklahoma City Thunder,87,102,False,False,2024-10-24|Oklahoma City Thunder|Denver Nuggets,,,,2024-10-24|Oklahoma City Thunder|Denver Nuggets,0.4999999999999998,"[{""p_home_win"": 0.49999999999999717, ""weight"": 0.25}, {""p_home_win"": 0.4999999999999998, ""weight"": 0.5}, {""p_home_win"": 0.5000000000000023, ""weight"": 0.25}]",-5.576292514241829e-16,,gssd,"{'home_advantage_points': -5.576292514241829e-16, 'scale': 0.9999999999999998, 'error_term': 3.666538502885441e-15, 'win_prob_k': 0.5000000508125179}",0.0,-15
2024-10-25,Orlando Magic,Brooklyn Nets,116,101,False,False,2024-10-25|Brooklyn Nets|Orlando Magic,,,,2024-10-25|Brooklyn Nets|Orlando Magic,0.9999999890143428,"[{""p_home_win"": 0.9999999780286857, ""weight"": 0.25}, {""p_home_win"": 0.9999999890143428, ""weight"": 0.5}, {""p_home_win"": 1.0, ""weight"": 0.25}]",9.163338582576156,,gssd,"{'home_advantage_points': -0.7480443630508897, 'scale': 0.8618593865762647, 'error_term': 3.0543810810550327, 'win_prob_k': 0.5000000508125179}",1.0,15
2024-10-25,Toronto Raptors,Philadelphia 76ers,115,107,False,False,2024-10-25|Philadelphia 76ers|Toronto Raptors,,,,2024-10-25|Philadelphia 76ers|Toronto Raptors,5.441838960023689e-07,"[{""p_home_win"": 0.0, ""weight"": 0.25}, {""p_home_win"": 5.441838960023689e-07, ""weight"": 0.5}, {""p_home_win"": 1.0883677920047378e-06, ""weight"": 0.25}]",-7.211989762372875,,gssd,"{'home_advantage_points': -0.7480443630508897, 'scale': 0.8618593865762647, 'error_term': 3.0543810810550327, 'win_prob_k': 0.5000000508125179}",1.0,8
2024-10-25,Atlanta Hawks,Charlotte Hornets,125,120,False,False,2024-10-25|Charlotte Hornets|Atlanta Hawks,,,,2024-10-25|Charlotte Hornets|Atlanta Hawks,0.08643610303534129,"[{""p_home_win"": 0.0, ""weight"": 0.25}, {""p_home_win"": 0.08643610303534129, ""weight"": 0.5}, {""p_home_win"": 0.17287220607068257, ""weight"": 0.25}]",-1.178974056339022,,gssd,"{'home_advantage_points': -0.7480443630508897, 'scale': 0.8618593865762647, 'error_term': 3.0543810810550327, 'win_prob_k': 0.5000000508125179}",1.0,5
2024-10-25,Cleveland Cavaliers,Detroit Pistons,113,101,False,False,2024-10-25|Detroit Pistons|Cleveland Cavaliers,,,,2024-10-25|Detroit Pistons|Cleveland Cavaliers,0.9999999999998503,"[{""p_home_win"": 0.9999999999997007, ""weight"": 0.25}, {""p_home_win"": 0.9999999999998503, ""weight"": 0.5}, {""p_home_win"": 1.0, ""weight"": 0.25}]",14.765424595321877,,gssd,"{'home_advantage_points': -0.7480443630508897, 'scale': 0.8618593865762647, 'error_term': 3.0543810810550327, 'win_prob_k': 0.5000000508125179}",1.0,12
2024-10-25,New York Knicks,Indiana Pacers,123,98,False,False,2024-10-25|Indiana Pacers|New York Knicks,,,,2024-10-25|Indiana Pacers|New York Knicks,3.129936983117215e-12,"[{""p_home_win"": 0.0, ""weight"": 0.25}, {""p_home_win"": 3.129936983117215e-12, ""weight"": 0.5}, {""p_home_win"": 6.25987396623443e-12, ""weight"": 0.25}]",-13.245005468406728,,gssd,"{'home_advantage_points': -0.7480443630508897, 'scale': 0.8618593865762647, 'error_term': 3.0543810810550327, 'win_prob_k': 0.5000000508125179}",1.0,25
2024-10-25,Houston Rockets,Memphis Grizzlies,128,108,False,False,2024-10-25|Memphis Grizzlies|Houston Rockets,,,,2024-10-25|Memphis Grizzlies|Houston Rockets,0.0005369311186742567,"[{""p_home_win"": 0.0, ""weight"": 0.25}, {""p_home_win"": 0.0005369311186742567, ""weight"": 0.5}, {""p_home_win"": 0.0010738622373485133, ""weight"": 0.25}]",-3.764552216067816,,gssd,"{'home_advantage_points': -0.7480443630508897, 'scale': 0.8618593865762647, 'error_term': 3.0543810810550327, 'win_prob_k': 0.5000000508125179}",1.0,20
2024-10-25,Milwaukee Bucks,Chicago Bulls,122,133,False,False,2024-10-25|Chicago Bulls|Milwaukee Bucks,,,,2024-10-25|Chicago Bulls|Milwaukee Bucks,0.9999999996503584,"[{""p_home_win"": 0.9999999993007167, ""weight"": 0.25}, {""p_home_win"": 0.9999999996503584, ""weight"": 0.5}, {""p_home_win"": 1.0, ""weight"": 0.25}]",10.887057355728684,,gssd,"{'home_advantage_points': -0.7480443630508897, 'scale': 0.8618593865762647, 'error_term': 3.0543810810550327, 'win_prob_k': 0.5000000508125179}",0.0,-11
2024-10-25,Utah Jazz,Golden State Warriors,86,127,False,False,2024-10-25|Golden State Warriors|Utah Jazz,,,,2024-10-25|Golden State Warriors|Utah Jazz,1.3391491629028938e-15,"[{""p_home_win"": 0.0, ""weight"": 0.25}, {""p_home_win"": 1.3391491629028938e-15, ""weight"": 0.5}, {""p_home_win"": 2.6782983258057876e-15, ""weight"": 0.25}]",-17.12337270799992,,gssd,"{'home_advantage_points': -0.7480443630508897, 'scale': 0.8618593865762647, 'error_term': 3.0543810810550327, 'win_prob_k': 0.5000000508125179}",0.0,-41
2024-10-25,Los Angeles Lakers,Phoenix Suns,123,116,False,False,2024-10-25|Phoenix Suns|Los Angeles Lakers,,,,2024-10-25|Phoenix Suns|Los Angeles Lakers,0.8755936208573863,"[{""p_home_win"": 0.7511872417147727, ""weight"": 0.25}, {""p_home_win"": 0.8755936208573863, ""weight"": 0.5}, {""p_home_win"": 1.0, ""weight"": 0.25}]",0.9756744101016397,,gssd,"{'home_advantage_points': -0.7480443630508897, 'scale': 0.8618593865762647, 'error_term': 3.0543810810550327, 'win_prob_k': 0.5000000508125179}",1.0,7
2024-10-25,Portland Trail Blazers,New Orleans Pelicans,103,105,False,False,2024-10-25|New Orleans Pelicans|Portland Trail Blazers,,,,2024-10-25|New Orleans Pelicans|Portland Trail Blazers,2.4200346090231564e-19,"[{""p_home_win"": 0.0, ""weight"": 0.25}, {""p_home_win"": 2.4200346090231564e-19, ""weight"": 0.5}, {""p_home_win"": 4.840069218046313e-19, ""weight"": 0.25}]",-21.432669640881244,,gssd,"{'home_advantage_points': -0.7480443630508897, 'scale': 0.8618593865762647, 'error_term': 3.0543810810550327, 'win_prob_k': 0.5000000508125179}",0.0,-2
2024-10-26,Denver Nuggets,Los Angeles Clippers,104,109,False,False,2024-10-26|Los Angeles Clippers|Denver Nuggets,,,,2024-10-26|Los Angeles Clippers|Denver Nuggets,0.07266324026067114,"[{""p_home_win"": 0.0, ""weight"": 0.25}, {""p_home_win"": 0.07266324026067114, ""weight"": 0.5}, {""p_home_win"": 0.14532648052134228, ""weight"": 0.25}]",-5.467924696025622,,gssd,"{'home_advantage_points': 0.02116500593087013, 'scale': 0.9148482836594153, 'error_term': 8.224424425420104, 'win_prob_k': 2.147247262631908}",0.0,-5
2024-10-26,Washington Wizards,Cleveland Cavaliers,116,135,False,False,2024-10-26|Cleveland Cavaliers|Washington Wizards,,,,2024-10-26|Cleveland Cavaliers|Washington Wizards,1.8545078476786083e-06,"[{""p_home_win"": 0.0, ""weight"": 0.25}, {""p_home_win"": 1.8545078476786083e-06, ""weight"": 0.5}, {""p_home_win"": 3.7090156953572165e-06, ""weight"": 0.25}]",-28.339131787511,,gssd,"{'home_advantage_points': 0.02116500593087013, 'scale': 0.9148482836594153, 'error_term': 8.224424425420104, 'win_prob_k': 2.147247262631908}",0.0,-19
2024-10-26,Detroit Pistons,Boston Celtics,118,124,False,False,2024-10-26|Boston Celtics|Detroit Pistons,,,,2024-10-26|Boston Celtics|Detroit Pistons,2.294803165694249e-06,"[{""p_home_win"": 0.0, ""weight"": 0.25}, {""p_home_win"": 2.294803165694249e-06, ""weight"": 0.5}, {""p_home_win"": 4.589606331388498e-06, ""weight"": 0.25}]",-27.881707645681296,,gssd,"{'home_advantage_points': 0.02116500593087013, 'scale': 0.9148482836594153, 'error_term': 8.224424425420104, 'win_prob_k': 2.147247262631908}",0.0,-6
2024-10-26,Charlotte Hornets,Miami Heat,106,114,False,False,2024-10-26|Miami Heat|Charlotte Hornets,,,,2024-10-26|Miami Heat|Charlotte Hornets,0.9829999356156149,"[{""p_home_win"": 0.9659998712312299, ""weight"": 0.25}, {""p_home_win"": 0.9829999356156149, ""weight"": 0.5}, {""p_home_win"": 1.0, ""weight"": 0.25}]",8.712223700695315,,gssd,"{'home_advantage_points': 0.02116500593087013, 'scale': 0.9148482836594153, 'error_term': 8.224424425420104, 'win_prob_k': 2.147247262631908}",0.0,-8
2024-10-26,Memphis Grizzlies,Orlando Magic,124,111,False,False,2024-10-26|Orlando Magic|Memphis Grizzlies,,,,2024-10-26|Orlando Magic|Memphis Grizzlies,0.00010617090870814868,"[{""p_home_win"": 0.0, ""weight"": 0.25}, {""p_home_win"": 0.00010617090870814868, ""weight"": 0.5}, {""p_home_win"": 0.00021234181741629736, ""weight"": 0.25}]",-19.648073092746557,,gssd,"{'home_advantage_points': 0.02116500593087013, 'scale': 0.9148482836594153, 'error_term': 8.224424425420104, 'win_prob_k': 2.147247262631908}",1.0,13
2024-10-26,Minnesota Timberwolves,Toronto Raptors,112,101,False,False,2024-10-26|Toronto Raptors|Minnesota Timberwolves,,,,2024-10-26|Toronto Raptors|Minnesota Timberwolves,0.8606376511928886,"[{""p_home_win"": 0.7212753023857772, ""weight"": 0.25}, {""p_home_win"": 0.8606376511928886, ""weight"": 0.5}, {""p_home_win"": 1.0, ""weight"": 0.25}]",3.9092702114833853,,gssd,"{'home_advantage_points': 0.02116500593087013, 'scale': 0.9148482836594153, 'error_term': 8.224424425420104, 'win_prob_k': 2.147247262631908}",1.0,11
2024-10-26,Chicago Bulls,Oklahoma City Thunder,95,114,False,False,2024-10-26|Oklahoma City Thunder|Chicago Bulls,,,,2024-10-26|Oklahoma City Thunder|Chicago Bulls,0.03584390276581963,"[{""p_home_win"": 0.0, ""weight"": 0.25}, {""p_home_win"": 0.03584390276581963, ""weight"": 0.5}, {""p_home_win"": 0.07168780553163925, ""weight"": 0.25}]",-7.068909192429598,,gssd,"{'home_advantage_points': 0.02116500593087013, 'scale': 0.9148482836594153, 'error_term': 8.224424425420104, 'win_prob_k': 2.147247262631908}",0.0,-19
2024-10-26,San Antonio Spurs,Houston Rockets,109,106,False,False,2024-10-26|Houston Rockets|San Antonio Spurs,,,,2024-10-26|Houston Rockets|San Antonio Spurs,0.019243248002080347,"[{""p_home_win"": 0.0, ""weight"": 0.25}, {""p_home_win"": 0.019243248002080347, ""weight"": 0.5}, {""p_home_win"": 0.038486496004160695, ""weight"": 0.25}]",-8.441181617918721,,gssd,"{'home_advantage_points': 0.02116500593087013, 'scale': 0.9148482836594153, 'error_term': 8.224424425420104, 'win_prob_k': 2.147247262631908}",1.0,3
2024-10-26,Phoenix Suns,Dallas Mavericks,114,102,False,False,2024-10-26|Dallas Mavericks|Phoenix Suns,,,,2024-10-26|Dallas Mavericks|Phoenix Suns,0.05955184066555114,"[{""p_home_win"": 0.0, ""weight"": 0.25}, {""p_home_win"": 0.05955184066555114, ""weight"": 0.5}, {""p_home_win"": 0.11910368133110227, ""weight"": 0.25}]",-5.92534883785533,,gssd,"{'home_advantage_points': 0.02116500593087013, 'scale': 0.9148482836594153, 'error_term': 8.224424425420104, 'win_prob_k': 2.147247262631908}",1.0,12
2024-10-26,Los Angeles Lakers,Sacramento Kings,131,127,False,False,2024-10-26|Sacramento Kings|Los Angeles Lakers,,,,2024-10-26|Sacramento Kings|Los Angeles Lakers,0.8729292269189255,"[{""p_home_win"": 0.745858453837851, ""weight"": 0.25}, {""p_home_win"": 0.8729292269189255, ""weight"": 0.5}, {""p_home_win"": 1.0, ""weight"": 0.25}]",4.137982282398239,,gssd,"{'home_advantage_points': 0.02116500593087013, 'scale': 0.9148482836594153, 'error_term': 8.224424425420104, 'win_prob_k': 2.147247262631908}",1.0,4
2024-10-27,Indiana Pacers,Philadelphia 76ers,114,118,False,False,2024-10-27|Philadelphia 76ers|Indiana Pacers,,,,2024-10-27|Philadelphia 76ers|Indiana Pacers,0.8205862915506237,"[{""p_home_win"": 0.6411725831012474, ""weight"": 0.25}, {""p_home_win"": 0.8205862915506237, ""weight"": 0.5}, {""p_home_win"": 1.0, ""weight"": 0.25}]",7.194870130041744,,gssd,"{'home_advantage_points': 1.5596786001548746, 'scale': 0.8348431896128696, 'error_term': 9.646682907085939, 'win_prob_k': 4.7324562042801315}",0.0,-4
2024-10-27,Portland Trail Blazers,New Orleans Pelicans,125,103,False,False,2024-10-27|New Orleans Pelicans|Portland Trail Blazers,,,,2024-10-27|New Orleans Pelicans|Portland Trail Blazers,0.07036071537123607,"[{""p_home_win"": 0.0, ""weight"": 0.25}, {""p_home_win"": 0.07036071537123607, ""weight"": 0.5}, {""p_home_win"": 0.14072143074247215, ""weight"": 0.25}]",-12.215234028457473,,gssd,"{'home_advantage_points': 1.5596786001548746, 'scale': 0.8348431896128696, 'error_term': 9.646682907085939, 'win_prob_k': 4.7324562042801315}",1.0,22
2024-10-27,Brooklyn Nets,Milwaukee Bucks,115,102,False,False,2024-10-27|Milwaukee Bucks|Brooklyn Nets,,,,2024-10-27|Milwaukee Bucks|Brooklyn Nets,0.29709214972859926,"[{""p_home_win"": 0.0, ""weight"": 0.25}, {""p_home_win"": 0.29709214972859926, ""weight"": 0.5}, {""p_home_win"": 0.5941842994571985, ""weight"": 0.25}]",-4.075512929731996,,gssd,"{'home_advantage_points': 1.5596786001548746, 'scale': 0.8348431896128696, 'error_term': 9.646682907085939, 'win_prob_k': 4.7324562042801315}",1.0,13
2024-10-27,Oklahoma City Thunder,Atlanta Hawks,128,104,False,False,2024-10-27|Atlanta Hawks|Oklahoma City Thunder,,,,2024-10-27|Atlanta Hawks|Oklahoma City Thunder,0.8072315317689251,"[{""p_home_win"": 0.6144630635378503, ""weight"": 0.25}, {""p_home_win"": 0.8072315317689251, ""weight"": 0.5}, {""p_home_win"": 1.0, ""weight"": 0.25}]",6.77744853523531,,gssd,"{'home_advantage_points': 1.5596786001548746, 'scale': 0.8348431896128696, 'error_term': 9.646682907085939, 'win_prob_k': 4.7324562042801315}",1.0,24
2024-10-27,Golden State Warriors,Los Angeles Clippers,104,112,False,False,2024-10-27|Los Angeles Clippers|Golden State Warriors,,,,2024-10-27|Los Angeles Clippers|Golden State Warriors,0.9720507282795728,"[{""p_home_win"": 0.9441014565591457, ""weight"": 0.25}, {""p_home_win"": 0.9720507282795728, ""weight"": 0.5}, {""p_home_win"": 1.0, ""weight"": 0.25}]",16.795566810589744,,gssd,"{'home_advantage_points': 1.5596786001548746, 'scale': 0.8348431896128696, 'error_term': 9.646682907085939, 'win_prob_k': 4.7324562042801315}",0.0,-8
2024-10-28,Orlando Magic,Indiana Pacers,119,115,False,False,2024-10-28|Indiana Pacers|Orlando Magic,,,,2024-10-28|Indiana Pacers|Orlando Magic,0.8922055271871114,"[{""p_home_win"": 0.7844110543742229, ""weight"": 0.25}, {""p_home_win"": 0.8922055271871114, ""weight"": 0.5}, {""p_home_win"": 1.0, ""weight"": 0.25}]",14.407281879881122,,gssd,"{'home_advantage_points': 2.069810793452071, 'scale': 0.7833314975510509, 'error_term': 10.917030980015372, 'win_prob_k': 6.816884541696814}",1.0,4
2024-10-28,Atlanta Hawks,Washington Wizards,119,121,False,False,2024-10-28|Washington Wizards|Atlanta Hawks,,,,2024-10-28|Washington Wizards|Atlanta Hawks,0.5753296647993549,"[{""p_home_win"": 0.15065932959870976, ""weight"": 0.25}, {""p_home_win"": 0.5753296647993549, ""weight"": 0.5}, {""p_home_win"": 1.0, ""weight"": 0.25}]",2.069810793452071,,gssd,"{'home_advantage_points': 2.069810793452071, 'scale': 0.7833314975510509, 'error_term': 10.917030980015372, 'win_prob_k': 6.816884541696814}",0.0,-2
2024-10-28,Boston Celtics,Milwaukee Bucks,119,108,False,False,2024-10-28|Milwaukee Bucks|Boston Celtics,,,,2024-10-28|Milwaukee Bucks|Boston Celtics,0.9501011803951228,"[{""p_home_win"": 0.9002023607902456, ""weight"": 0.25}, {""p_home_win"": 0.9501011803951228, ""weight"": 0.5}, {""p_home_win"": 1.0, ""weight"": 0.25}]",20.086435237126242,,gssd,"{'home_advantage_points': 2.069810793452071, 'scale': 0.7833314975510509, 'error_term': 10.917030980015372, 'win_prob_k': 6.816884541696814}",1.0,11
2024-10-28,Toronto Raptors,Denver Nuggets,125,127,False,False,2024-10-28|Denver Nuggets|Toronto Raptors,,,,2024-10-28|Denver Nuggets|Toronto Raptors,0.40472085132566393,"[{""p_home_win"": 0.0, ""weight"": 0.25}, {""p_home_win"": 0.40472085132566393, ""weight"": 0.5}, {""p_home_win"": 0.8094417026513279, ""weight"": 0.25}]",-2.630178191854234,,gssd,"{'home_advantage_points': 2.069810793452071, 'scale': 0.7833314975510509, 'error_term': 10.917030980015372, 'win_prob_k': 6.816884541696814}",0.0,-2
2024-10-28,Miami Heat,Detroit Pistons,106,98,False,False,2024-10-28|Detroit Pistons|Miami Heat,,,,2024-10-28|Detroit Pistons|Miami Heat,0.6694761480994874,"[{""p_home_win"": 0.3389522961989748, ""weight"": 0.25}, {""p_home_win"": 0.6694761480994874, ""weight"": 0.5}, {""p_home_win"": 1.0, ""weight"": 0.25}]",4.81147103488075,,gssd,"{'home_advantage_points': 2.069810793452071, 'scale': 0.7833314975510509, 'error_term': 10.917030980015372, 'win_prob_k': 6.816884541696814}",1.0,8
2024-10-28,New York Knicks,Cleveland Cavaliers,104,110,False,False,2024-10-28|Cleveland Cavaliers|New York Knicks,,,,2024-10-28|Cleveland Cavaliers|New York Knicks,0.15728414629277299,"[{""p_home_win"": 0.0, ""weight"": 0.25}, {""p_home_win"": 0.15728414629277299, ""weight"": 0.5}, {""p_home_win"": 0.31456829258554597, ""weight"": 0.25}]",-11.442657539303557,,gssd,"{'home_advantage_points': 2.069810793452071, 'scale': 0.7833314975510509, 'error_term': 10.917030980015372, 'win_prob_k': 6.816884541696814}",0.0,-6
2024-10-28,San Antonio Spurs,Houston Rockets,101,106,False,False,2024-10-28|Houston Rockets|San Antonio Spurs,,,,2024-10-28|Houston Rockets|San Antonio Spurs,0.3978191045134406,"[{""p_home_win"": 0.0, ""weight"": 0.25}, {""p_home_win"": 0.3978191045134406, ""weight"": 0.5}, {""p_home_win"": 0.7956382090268812, ""weight"": 0.25}]",-2.8260110662419975,,gssd,"{'home_advantage_points': 2.069810793452071, 'scale': 0.7833314975510509, 'error_term': 10.917030980015372, 'win_prob_k': 6.816884541696814}",0.0,-5
2024-10-28,Memphis Grizzlies,Chicago Bulls,123,126,False,False,2024-10-28|Chicago Bulls|Memphis Grizzlies,,,,2024-10-28|Chicago Bulls|Memphis Grizzlies,0.8394077715608769,"[{""p_home_win"": 0.6788155431217537, ""weight"": 0.25}, {""p_home_win"": 0.8394077715608769, ""weight"": 0.5}, {""p_home_win"": 1.0, ""weight"": 0.25}]",11.27395588967692,,gssd,"{'home_advantage_points': 2.069810793452071, 'scale': 0.7833314975510509, 'error_term': 10.917030980015372, 'win_prob_k': 6.816884541696814}",0.0,-3
2024-10-28,Dallas Mavericks,Utah Jazz,110,102,False,False,2024-10-28|Utah Jazz|Dallas Mavericks,,,,2024-10-28|Utah Jazz|Dallas Mavericks,0.8147933772618602,"[{""p_home_win"": 0.6295867545237204, ""weight"": 0.25}, {""p_home_win"": 0.8147933772618602, ""weight"": 0.5}, {""p_home_win"": 1.0, ""weight"": 0.25}]",10.098958643350343,,gssd,"{'home_advantage_points': 2.069810793452071, 'scale': 0.7833314975510509, 'error_term': 10.917030980015372, 'win_prob_k': 6.816884541696814}",1.0,8
2024-10-28,Sacramento Kings,Portland Trail Blazers,111,98,False,False,2024-10-28|Portland Trail Blazers|Sacramento Kings,,,,2024-10-28|Portland Trail Blazers|Sacramento Kings,0.5659452161594053,"[{""p_home_win"": 0.1318904323188106, ""weight"": 0.25}, {""p_home_win"": 0.5659452161594053, ""weight"": 0.5}, {""p_home_win"": 1.0, ""weight"": 0.25}]",1.8087002942683856,,gssd,"{'home_advantage_points': 2.069810793452071, 'scale': 0.7833314975510509, 'error_term': 10.917030980015372, 'win_prob_k': 6.816884541696814}",1.0,13
2024-10-28,Phoenix Suns,Los Angeles Lakers,109,105,False,False,2024-10-28|Los Angeles Lakers|Phoenix Suns,,,,2024-10-28|Los Angeles Lakers|Phoenix Suns,0.6302876396510607,"[{""p_home_win"": 0.26057527930212143, ""weight"": 0.25}, {""p_home_win"": 0.6302876396510607, ""weight"": 0.5}, {""p_home_win"": 1.0, ""weight"": 0.25}]",3.6364737885541727,,gssd,"{'home_advantage_points': 2.069810793452071, 'scale': 0.7833314975510509, 'error_term': 10.917030980015372, 'win_prob_k': 6.816884541696814}",1.0,4
2024-10-29,Brooklyn Nets,Denver Nuggets,139,144,False,False,2024-10-29|Denver Nuggets|Brooklyn Nets,,,,2024-10-29|Denver Nuggets|Brooklyn Nets,0.7135313553660986,"[{""p_home_win"": 0.42706271073219715, ""weight"": 0.25}, {""p_home_win"": 0.7135313553660986, ""weight"": 0.5}, {""p_home_win"": 1.0, ""weight"": 0.25}]",5.849993281547718,,gssd,"{'home_advantage_points': 1.6927689774411516, 'scale': 0.7229955311489682, 'error_term': 10.24783913257103, 'win_prob_k': 6.410268052633265}",0.0,-5
2024-10-29,Minnesota Timberwolves,Dallas Mavericks,114,120,False,False,2024-10-29|Dallas Mavericks|Minnesota Timberwolves,,,,2024-10-29|Dallas Mavericks|Minnesota Timberwolves,0.707733286289048,"[{""p_home_win"": 0.41546657257809594, ""weight"": 0.25}, {""p_home_win"": 0.707733286289048, ""weight"": 0.5}, {""p_home_win"": 1.0, ""weight"": 0.25}]",5.669244398760476,,gssd,"{'home_advantage_points': 1.6927689774411516, 'scale': 0.7229955311489682, 'error_term': 10.24783913257103, 'win_prob_k': 6.410268052633265}",0.0,-6
2024-10-29,Utah Jazz,Sacramento Kings,96,113,False,False,2024-10-29|Sacramento Kings|Utah Jazz,,,,2024-10-29|Sacramento Kings|Utah Jazz,0.18480463767588579,"[{""p_home_win"": 0.0, ""weight"": 0.25}, {""p_home_win"": 0.18480463767588579, ""weight"": 0.5}, {""p_home_win"": 0.36960927535177157, ""weight"": 0.25}]",-9.513661755367856,,gssd,"{'home_advantage_points': 1.6927689774411516, 'scale': 0.7229955311489682, 'error_term': 10.24783913257103, 'win_prob_k': 6.410268052633265}",0.0,-17
2024-10-29,Golden State Warriors,New Orleans Pelicans,124,106,False,False,2024-10-29|New Orleans Pelicans|Golden State Warriors,,,,2024-10-29|New Orleans Pelicans|Golden State Warriors,0.866607196414221,"[{""p_home_win"": 0.733214392828442, ""weight"": 0.25}, {""p_home_win"": 0.866607196414221, ""weight"": 0.5}, {""p_home_win"": 1.0, ""weight"": 0.25}]",11.995455296313947,,gssd,"{'home_advantage_points': 1.6927689774411516, 'scale': 0.7229955311489682, 'error_term': 10.24783913257103, 'win_prob_k': 6.410268052633265}",1.0,18
2024-10-30,Philadelphia 76ers,Detroit Pistons,95,105,False,False,2024-10-30|Detroit Pistons|Philadelphia 76ers,,,,2024-10-30|Detroit Pistons|Philadelphia 76ers,0.530586607662271,"[{""p_home_win"": 0.061173215324541896, ""weight"": 0.25}, {""p_home_win"": 0.530586607662271, ""weight"": 0.5}, {""p_home_win"": 1.0, ""weight"": 0.25}]",0.8287146070577303,,gssd,"{'home_advantage_points': 1.1824395015203415, 'scale': 0.7074497889252226, 'error_term': 9.81356164655798, 'win_prob_k': 6.765051018593661}",0.0,-10
2024-10-30,Washington Wizards,Atlanta Hawks,133,120,False,False,2024-10-30|Atlanta Hawks|Washington Wizards,,,,2024-10-30|Atlanta Hawks|Washington Wizards,0.5969203255627353,"[{""p_home_win"": 0.19384065112547066, ""weight"": 0.25}, {""p_home_win"": 0.5969203255627353, ""weight"": 0.5}, {""p_home_win"": 1.0, ""weight"": 0.25}]",2.65629322844789,,gssd,"{'home_advantage_points': 1.1824395015203415, 'scale': 0.7074497889252226, 'error_term': 9.81356164655798, 'win_prob_k': 6.765051018593661}",1.0,13
2024-10-30,Indiana Pacers,Boston Celtics,135,132,False,False,2024-10-30|Boston Celtics|Indiana Pacers,,,,2024-10-30|Boston Celtics|Indiana Pacers,0.11880005830255638,"[{""p_home_win"": 0.0, ""weight"": 0.25}, {""p_home_win"": 0.11880005830255638, ""weight"": 0.5}, {""p_home_win"": 0.23760011660511277, ""weight"": 0.25}]",-13.55609776775513,,gssd,"{'home_advantage_points': 1.1824395015203415, 'scale': 0.7074497889252226, 'error_term': 9.81356164655798, 'win_prob_k': 6.765051018593661}",1.0,3
2024-10-30,Cleveland Cavaliers,Los Angeles Lakers,134,110,False,False,2024-10-30|Los Angeles Lakers|Cleveland Cavaliers,,,,2024-10-30|Los Angeles Lakers|Cleveland Cavaliers,0.8397345464756475,"[{""p_home_win"": 0.679469092951295, ""weight"": 0.25}, {""p_home_win"": 0.8397345464756475, ""weight"": 0.5}, {""p_home_win"": 1.0, ""weight"": 0.25}]",11.20464484462766,,gssd,"{'home_advantage_points': 1.1824395015203415, 'scale': 0.7074497889252226, 'error_term': 9.81356164655798, 'win_prob_k': 6.765051018593661}",1.0,24
2024-10-30,Charlotte Hornets,Toronto Raptors,138,133,False,False,2024-10-30|Toronto Raptors|Charlotte Hornets,,,,2024-10-30|Toronto Raptors|Charlotte Hornets,0.6791666231793662,"[{""p_home_win"": 0.3583332463587323, ""weight"": 0.25}, {""p_home_win"": 0.6791666231793662, ""weight"": 0.5}, {""p_home_win"": 1.0, ""weight"": 0.25}]",5.073413340609066,,gssd,"{'home_advantage_points': 1.1824395015203415, 'scale': 0.7074497889252226, 'error_term': 9.81356164655798, 'win_prob_k': 6.765051018593661}",1.0,5
2024-10-30,Miami Heat,New York Knicks,107,116,False,False,2024-10-30|New York Knicks|Miami Heat,,,,2024-10-30|New York Knicks|Miami Heat,0.7332901454525521,"[{""p_home_win"": 0.4665802909051042, ""weight"": 0.25}, {""p_home_win"": 0.7332901454525521, ""weight"": 0.5}, {""p_home_win"": 1.0, ""weight"": 0.25}]",6.842037812922122,,gssd,"{'home_advantage_points': 1.1824395015203415, 'scale': 0.7074497889252226, 'error_term': 9.81356164655798, 'win_prob_k': 6.765051018593661}",0.0,-9
2024-10-30,Chicago Bulls,Orlando Magic,102,99,False,False,2024-10-30|Orlando Magic|Chicago Bulls,,,,2024-10-30|Orlando Magic|Chicago Bulls,0.19194843982604803,"[{""p_home_win"": 0.0, ""weight"": 0.25}, {""p_home_win"": 0.19194843982604803, ""weight"": 0.5}, {""p_home_win"": 0.38389687965209607, ""weight"": 0.25}]",-9.72407807774351,,gssd,"{'home_advantage_points': 1.1824395015203415, 'scale': 0.7074497889252226, 'error_term': 9.81356164655798, 'win_prob_k': 6.765051018593661}",1.0,3
2024-10-30,Memphis Grizzlies,Brooklyn Nets,106,119,False,False,2024-10-30|Brooklyn Nets|Memphis Grizzlies,,,,2024-10-30|Brooklyn Nets|Memphis Grizzlies,0.5629681886377524,"[{""p_home_win"": 0.12593637727550488, ""weight"": 0.25}, {""p_home_win"": 0.5629681886377524, ""weight"": 0.5}, {""p_home_win"": 1.0, ""weight"": 0.25}]",1.7130268432142586,,gssd,"{'home_advantage_points': 1.1824395015203415, 'scale': 0.7074497889252226, 'error_term': 9.81356164655798, 'win_prob_k': 6.765051018593661}",0.0,-13
2024-10-30,Oklahoma City Thunder,San Antonio Spurs,105,93,False,False,2024-10-30|San Antonio Spurs|Oklahoma City Thunder,,,,2024-10-30|San Antonio Spurs|Oklahoma City Thunder,0.9500742268898936,"[{""p_home_win"": 0.9001484537797872, ""weight"": 0.25}, {""p_home_win"": 0.9500742268898936, ""weight"": 0.5}, {""p_home_win"": 1.0, ""weight"": 0.25}]",19.929858908038742,,gssd,"{'home_advantage_points': 1.1824395015203415, 'scale': 0.7074497889252226, 'error_term': 9.81356164655798, 'win_prob_k': 6.765051018593661}",1.0,12
2024-10-30,Golden State Warriors,New Orleans Pelicans,104,89,False,False,2024-10-30|New Orleans Pelicans|Golden State Warriors,,,,2024-10-30|New Orleans Pelicans|Golden State Warriors,0.9230219979000013,"[{""p_home_win"": 0.8460439958000026, ""weight"": 0.25}, {""p_home_win"": 0.9230219979000013, ""weight"": 0.5}, {""p_home_win"": 1.0, ""weight"": 0.25}]",16.805289006952336,,gssd,"{'home_advantage_points': 1.1824395015203415, 'scale': 0.7074497889252226, 'error_term': 9.81356164655798, 'win_prob_k': 6.765051018593661}",1.0,15
2024-10-30,Los Angeles Clippers,Portland Trail Blazers,105,106,False,False,2024-10-30|Portland Trail Blazers|Los Angeles Clippers,,,,2024-10-30|Portland Trail Blazers|Los Angeles Clippers,0.7885801620334394,"[{""p_home_win"": 0.5771603240668788, ""weight"": 0.25}, {""p_home_win"": 0.7885801620334394, ""weight"": 0.5}, {""p_home_win"": 1.0, ""weight"": 0.25}]",8.905433030620687,,gssd,"{'home_advantage_points': 1.1824395015203415, 'scale': 0.7074497889252226, 'error_term': 9.81356164655798, 'win_prob_k': 6.765051018593661}",0.0,-1
2024-10-31,Memphis Grizzlies,Milwaukee Bucks,122,99,False,False,2024-10-31|Milwaukee Bucks|Memphis Grizzlies,,,,2024-10-31|Milwaukee Bucks|Memphis Grizzlies,0.581551335494726,"[{""p_home_win"": 0.16357649784126432, ""weight"": 0.25}, {""p_home_win"": 0.581551335494726, ""weight"": 0.5}, {""p_home_win"": 0.9995261731481877, ""weight"": 0.25}]",2.5952318632989337,,gssd,"{'home_advantage_points': 1.1002908684481092, 'scale': 0.7474704974254124, 'error_term': 9.576212095424962, 'win_prob_k': 7.884766922808554}",1.0,23
2024-10-31,Dallas Mavericks,Houston Rockets,102,108,False,False,2024-10-31|Houston Rockets|Dallas Mavericks,,,,2024-10-31|Houston Rockets|Dallas Mavericks,0.5111849061355654,"[{""p_home_win"": 0.08200189358535676, ""weight"": 0.25}, {""p_home_win"": 0.5111849061355654, ""weight"": 0.5}, {""p_home_win"": 0.9403679186857741, ""weight"": 0.25}]",0.3528203710226968,,gssd,"{'home_advantage_points': 1.1002908684481092, 'scale': 0.7474704974254124, 'error_term': 9.576212095424962, 'win_prob_k': 7.884766922808554}",0.0,-6
2024-10-31,Utah Jazz,San Antonio Spurs,88,106,False,False,2024-10-31|San Antonio Spurs|Utah Jazz,,,,2024-10-31|San Antonio Spurs|Utah Jazz,0.3554544732251623,"[{""p_home_win"": 0.0, ""weight"": 0.25}, {""p_home_win"": 0.3554544732251623, ""weight"": 0.5}, {""p_home_win"": 0.7109089464503247, ""weight"": 0.25}]",-4.692605486598837,,gssd,"{'home_advantage_points': 1.1002908684481092, 'scale': 0.7474704974254124, 'error_term': 9.576212095424962, 'win_prob_k': 7.884766922808554}",0.0,-18
2024-10-31,Los Angeles Clippers,Phoenix Suns,119,125,False,False,2024-10-31|Phoenix Suns|Los Angeles Clippers,,,,2024-10-31|Phoenix Suns|Los Angeles Clippers,0.5171050519632382,"[{""p_home_win"": 0.08820970280892654, ""weight"": 0.25}, {""p_home_win"": 0.5171050519632382, ""weight"": 0.5}, {""p_home_win"": 0.9460004011175498, ""weight"": 0.25}]",0.5396879953790499,,gssd,"{'home_advantage_points': 1.1002908684481092, 'scale': 0.7474704974254124, 'error_term': 9.576212095424962, 'win_prob_k': 7.884766922808554}",0.0,-6
2024-11-01,Charlotte Hornets,Boston Celtics,109,124,False,False,2024-11-01|Boston Celtics|Charlotte Hornets,,,,2024-11-01|Boston Celtics|Charlotte Hornets,0.23315749066069058,"[{""p_home_win"": 0.0, ""weight"": 0.25}, {""p_home_win"": 0.23315749066069058, ""weight"": 0.5}, {""p_home_win"": 0.46631498132138116, ""weight"": 0.25}]",-9.17428465534249,,gssd,"{'home_advantage_points': 0.9998321408059477, 'scale': 0.7776395003425556, 'error_term': 9.633695844528631, 'win_prob_k': 7.70580939443809}",0.0,-15
2024-11-01,Cleveland Cavaliers,Orlando Magic,120,109,False,False,2024-11-01|Orlando Magic|Cleveland Cavaliers,,,,2024-11-01|Orlando Magic|Cleveland Cavaliers,0.807407017551585,"[{""p_home_win"": 0.6148140351031699, ""weight"": 0.25}, {""p_home_win"": 0.807407017551585, ""weight"": 0.5}, {""p_home_win"": 1.0, ""weight"": 0.25}]",11.044342353563955,,gssd,"{'home_advantage_points': 0.9998321408059477, 'scale': 0.7776395003425556, 'error_term': 9.633695844528631, 'win_prob_k': 7.70580939443809}",1.0,11
2024-11-01,Detroit Pistons,New York Knicks,98,128,False,False,2024-11-01|New York Knicks|Detroit Pistons,,,,2024-11-01|New York Knicks|Detroit Pistons,0.3852469876888042,"[{""p_home_win"": 0.0, ""weight"": 0.25}, {""p_home_win"": 0.3852469876888042, ""weight"": 0.5}, {""p_home_win"": 0.7704939753776084, ""weight"": 0.25}]",-3.601201569554176,,gssd,"{'home_advantage_points': 0.9998321408059477, 'scale': 0.7776395003425556, 'error_term': 9.633695844528631, 'win_prob_k': 7.70580939443809}",0.0,-30
2024-11-01,Atlanta Hawks,Sacramento Kings,115,123,False,False,2024-11-01|Sacramento Kings|Atlanta Hawks,,,,2024-11-01|Sacramento Kings|Atlanta Hawks,0.21560185251240693,"[{""p_home_win"": 0.0, ""weight"": 0.25}, {""p_home_win"": 0.21560185251240693, ""weight"": 0.5}, {""p_home_win"": 0.43120370502481387, ""weight"": 0.25}]",-9.951924155685045,,gssd,"{'home_advantage_points': 0.9998321408059477, 'scale': 0.7776395003425556, 'error_term': 9.633695844528631, 'win_prob_k': 7.70580939443809}",0.0,-8
2024-11-01,Brooklyn Nets,Chicago Bulls,120,112,False,False,2024-11-01|Chicago Bulls|Brooklyn Nets,,,,2024-11-01|Chicago Bulls|Brooklyn Nets,0.6458145620269429,"[{""p_home_win"": 0.29162912405388575, ""weight"": 0.25}, {""p_home_win"": 0.6458145620269429, ""weight"": 0.5}, {""p_home_win"": 1.0, ""weight"": 0.25}]",4.628816475737877,,gssd,"{'home_advantage_points': 0.9998321408059477, 'scale': 0.7776395003425556, 'error_term': 9.633695844528631, 'win_prob_k': 7.70580939443809}",1.0,8
2024-11-01,Toronto Raptors,Los Angeles Lakers,125,131,False,False,2024-11-01|Los Angeles Lakers|Toronto Raptors,,,,2024-11-01|Los Angeles Lakers|Toronto Raptors,0.4319465695668019,"[{""p_home_win"": 0.0, ""weight"": 0.25}, {""p_home_win"": 0.4319465695668019, ""weight"": 0.5}, {""p_home_win"": 0.8638931391336038, ""weight"": 0.25}]",-2.1107258605642745,,gssd,"{'home_advantage_points': 0.9998321408059477, 'scale': 0.7776395003425556, 'error_term': 9.633695844528631, 'win_prob_k': 7.70580939443809}",0.0,-6
2024-11-01,New Orleans Pelicans,Indiana Pacers,125,118,False,False,2024-11-01|Indiana Pacers|New Orleans Pelicans,,,,2024-11-01|Indiana Pacers|New Orleans Pelicans,0.6174530451758485,"[{""p_home_win"": 0.23490609035169707, ""weight"": 0.25}, {""p_home_win"": 0.6174530451758485, ""weight"": 0.5}, {""p_home_win"": 1.0, ""weight"": 0.25}]",3.6891687461572875,,gssd,"{'home_advantage_points': 0.9998321408059477, 'scale': 0.7776395003425556, 'error_term': 9.633695844528631, 'win_prob_k': 7.70580939443809}",1.0,7
2024-11-01,Minnesota Timberwolves,Denver Nuggets,119,116,False,False,2024-11-01|Denver Nuggets|Minnesota Timberwolves,,,,2024-11-01|Denver Nuggets|Minnesota Timberwolves,0.612474926852434,"[{""p_home_win"": 0.22494985370486797, ""weight"": 0.25}, {""p_home_win"": 0.612474926852434, ""weight"": 0.5}, {""p_home_win"": 1.0, ""weight"": 0.25}]",3.5271605169192535,,gssd,"{'home_advantage_points': 0.9998321408059477, 'scale': 0.7776395003425556, 'error_term': 9.633695844528631, 'win_prob_k': 7.70580939443809}",1.0,3
2024-11-01,Portland Trail Blazers,Oklahoma City Thunder,114,137,False,False,2024-11-01|Oklahoma City Thunder|Portland Trail Blazers,,,,2024-11-01|Oklahoma City Thunder|Portland Trail Blazers,0.09902215861276807,"[{""p_home_win"": 0.0, ""weight"": 0.25}, {""p_home_win"": 0.09902215861276807, ""weight"": 0.5}, {""p_home_win"": 0.19804431722553614, ""weight"": 0.25}]",-17.015482950463255,,gssd,"{'home_advantage_points': 0.9998321408059477, 'scale': 0.7776395003425556, 'error_term': 9.633695844528631, 'win_prob_k': 7.70580939443809}",0.0,-23
2024-11-02,Charlotte Hornets,Boston Celtics,103,113,False,False,2024-11-02|Boston Celtics|Charlotte Hornets,,,,2024-11-02|Boston Celtics|Charlotte Hornets,0.141276328499685,"[{""p_home_win"": 0.0, ""weight"": 0.25}, {""p_home_win"": 0.141276328499685, ""weight"": 0.5}, {""p_home_win"": 0.28255265699937, ""weight"": 0.25}]",-12.089143426258925,,gssd,"{'home_advantage_points': 0.6746972177815107, 'scale': 0.7854671165563345, 'error_term': 9.357583495672008, 'win_prob_k': 6.698590488292853}",0.0,-10
2024-11-02,Philadelphia 76ers,Memphis Grizzlies,107,124,False,False,2024-11-02|Memphis Grizzlies|Philadelphia 76ers,,,,2024-11-02|Memphis Grizzlies|Philadelphia 76ers,0.37404901926973994,"[{""p_home_win"": 0.0, ""weight"": 0.25}, {""p_home_win"": 0.37404901926973994, ""weight"": 0.5}, {""p_home_win"": 0.7480980385394799, ""weight"": 0.25}]",-3.4490051441392455,,gssd,"{'home_advantage_points': 0.6746972177815107, 'scale': 0.7854671165563345, 'error_term': 9.357583495672008, 'win_prob_k': 6.698590488292853}",0.0,-17
2024-11-02,Toronto Raptors,Sacramento Kings,131,128,False,False,2024-11-02|Sacramento Kings|Toronto Raptors,,,,2024-11-02|Sacramento Kings|Toronto Raptors,0.17640481920493417,"[{""p_home_win"": 0.0, ""weight"": 0.25}, {""p_home_win"": 0.17640481920493417, ""weight"": 0.5}, {""p_home_win"": 0.35280963840986834, ""weight"": 0.25}]",-10.321842414007172,,gssd,"{'home_advantage_points': 0.6746972177815107, 'scale': 0.7854671165563345, 'error_term': 9.357583495672008, 'win_prob_k': 6.698590488292853}",1.0,3
2024-11-02,Houston Rockets,Golden State Warriors,121,127,False,False,2024-11-02|Golden State Warriors|Houston Rockets,,,,2024-11-02|Golden State Warriors|Houston Rockets,0.11415163294568982,"[{""p_home_win"": 0.0, ""weight"": 0.25}, {""p_home_win"": 0.11415163294568982, ""weight"": 0.5}, {""p_home_win"": 0.22830326589137964, ""weight"": 0.25}]",-13.725533252417957,,gssd,"{'home_advantage_points': 0.6746972177815107, 'scale': 0.7854671165563345, 'error_term': 9.357583495672008, 'win_prob_k': 6.698590488292853}",0.0,-6
2024-11-02,Milwaukee Bucks,Cleveland Cavaliers,113,114,False,False,2024-11-02|Cleveland Cavaliers|Milwaukee Bucks,,,,2024-11-02|Cleveland Cavaliers|Milwaukee Bucks,0.04712726078298814,"[{""p_home_win"": 0.0, ""weight"": 0.25}, {""p_home_win"": 0.04712726078298814, ""weight"": 0.5}, {""p_home_win"": 0.09425452156597627, ""weight"": 0.25}]",-20.140181370961347,,gssd,"{'home_advantage_points': 0.6746972177815107, 'scale': 0.7854671165563345, 'error_term': 9.357583495672008, 'win_prob_k': 6.698590488292853}",0.0,-1
2024-11-02,San Antonio Spurs,Minnesota Timberwolves,113,103,False,False,2024-11-02|Minnesota Timberwolves|San Antonio Spurs,,,,2024-11-02|Minnesota Timberwolves|San Antonio Spurs,0.48365731467773165,"[{""p_home_win"": 0.0, ""weight"": 0.25}, {""p_home_win"": 0.48365731467773165, ""weight"": 0.5}, {""p_home_win"": 0.9673146293554633, ""weight"": 0.25}]",-0.4380478640066279,,gssd,"{'home_advantage_points': 0.6746972177815107, 'scale': 0.7854671165563345, 'error_term': 9.357583495672008, 'win_prob_k': 6.698590488292853}",1.0,10
2024-11-02,Washington Wizards,Miami Heat,98,118,False,False,2024-11-02|Miami Heat|Washington Wizards,,,,2024-11-02|Miami Heat|Washington Wizards,0.4089489651748867,"[{""p_home_win"": 0.0, ""weight"": 0.25}, {""p_home_win"": 0.4089489651748867, ""weight"": 0.5}, {""p_home_win"": 0.8178979303497734, ""weight"": 0.25}]",-2.4671712484438273,,gssd,"{'home_advantage_points': 0.6746972177815107, 'scale': 0.7854671165563345, 'error_term': 9.357583495672008, 'win_prob_k': 6.698590488292853}",0.0,-20
2024-11-02,Denver Nuggets,Utah Jazz,129,103,False,False,2024-11-02|Utah Jazz|Denver Nuggets,,,,2024-11-02|Utah Jazz|Denver Nuggets,0.76939657862008,"[{""p_home_win"": 0.5387931572401601, ""weight"": 0.25}, {""p_home_win"": 0.76939657862008, ""weight"": 0.5}, {""p_home_win"": 1.0, ""weight"": 0.25}]",8.071179232020326,,gssd,"{'home_advantage_points': 0.6746972177815107, 'scale': 0.7854671165563345, 'error_term': 9.357583495672008, 'win_prob_k': 6.698590488292853}",1.0,26
2024-11-02,Phoenix Suns,Portland Trail Blazers,103,97,False,False,2024-11-02|Portland Trail Blazers|Phoenix Suns,,,,2024-11-02|Portland Trail Blazers|Phoenix Suns,0.8223358517138663,"[{""p_home_win"": 0.6446717034277325, ""weight"": 0.25}, {""p_home_win"": 0.8223358517138663, ""weight"": 0.5}, {""p_home_win"": 1.0, ""weight"": 0.25}]",10.26394159907343,,gssd,"{'home_advantage_points': 0.6746972177815107, 'scale': 0.7854671165563345, 'error_term': 9.357583495672008, 'win_prob_k': 6.698590488292853}",1.0,6
2024-11-02,Los Angeles Clippers,Oklahoma City Thunder,92,105,False,False,2024-11-02|Oklahoma City Thunder|Los Angeles Clippers,,,,2024-11-02|Oklahoma City Thunder|Los Angeles Clippers,0.1320559208052496,"[{""p_home_win"": 0.0, ""weight"": 0.25}, {""p_home_win"": 0.1320559208052496, ""weight"": 0.5}, {""p_home_win"": 0.2641118416104992, ""weight"": 0.25}]",-12.612788170629818,,gssd,"{'home_advantage_points': 0.6746972177815107, 'scale': 0.7854671165563345, 'error_term': 9.357583495672008, 'win_prob_k': 6.698590488292853}",0.0,-13
2024-11-03,Brooklyn Nets,Detroit Pistons,92,106,False,False,2024-11-03|Detroit Pistons|Brooklyn Nets,,,,2024-11-03|Detroit Pistons|Brooklyn Nets,0.821693707542224,"[{""p_home_win"": 0.6433874150844481, ""weight"": 0.25}, {""p_home_win"": 0.821693707542224, ""weight"": 0.5}, {""p_home_win"": 1.0, ""weight"": 0.25}]",9.502098597976238,,gssd,"{'home_advantage_points': 1.1592292565647633, 'scale': 0.807374452394658, 'error_term': 9.483719456358285, 'win_prob_k': 6.2192008281942055}",0.0,-14
2024-11-03,New Orleans Pelicans,Atlanta Hawks,111,126,False,False,2024-11-03|Atlanta Hawks|New Orleans Pelicans,,,,2024-11-03|Atlanta Hawks|New Orleans Pelicans,0.7613404481199798,"[{""p_home_win"": 0.5226808962399596, ""weight"": 0.25}, {""p_home_win"": 0.7613404481199798, ""weight"": 0.5}, {""p_home_win"": 1.0, ""weight"": 0.25}]",7.214537649524698,,gssd,"{'home_advantage_points': 1.1592292565647633, 'scale': 0.807374452394658, 'error_term': 9.483719456358285, 'win_prob_k': 6.2192008281942055}",0.0,-15
2024-11-03,Dallas Mavericks,Orlando Magic,108,85,False,False,2024-11-03|Orlando Magic|Dallas Mavericks,,,,2024-11-03|Orlando Magic|Dallas Mavericks,0.4467324004230104,"[{""p_home_win"": 0.0, ""weight"": 0.25}, {""p_home_win"": 0.4467324004230104, ""weight"": 0.5}, {""p_home_win"": 0.8934648008460208, ""weight"": 0.25}]",-1.3301753049854284,,gssd,"{'home_advantage_points': 1.1592292565647633, 'scale': 0.807374452394658, 'error_term': 9.483719456358285, 'win_prob_k': 6.2192008281942055}",1.0,23
2024-11-04,Cleveland Cavaliers,Milwaukee Bucks,116,114,False,False,2024-11-04|Milwaukee Bucks|Cleveland Cavaliers,,,,2024-11-04|Milwaukee Bucks|Cleveland Cavaliers,0.9528139316019788,"[{""p_home_win"": 0.9056278632039576, ""weight"": 0.25}, {""p_home_win"": 0.9528139316019788, ""weight"": 0.5}, {""p_home_win"": 1.0, ""weight"": 0.25}]",18.584062892391977,,gssd,"{'home_advantage_points': 0.8016760036708988, 'scale': 0.8144604681856984, 'error_term': 9.912920893457509, 'win_prob_k': 6.183719872502881}",1.0,2
2024-11-04,Washington Wizards,Golden State Warriors,112,125,False,False,2024-11-04|Golden State Warriors|Washington Wizards,,,,2024-11-04|Golden State Warriors|Washington Wizards,0.05382092482775062,"[{""p_home_win"": 0.0, ""weight"": 0.25}, {""p_home_win"": 0.05382092482775062, ""weight"": 0.5}, {""p_home_win"": 0.10764184965550123, ""weight"": 0.25}]",-17.727299647553746,,gssd,"{'home_advantage_points': 0.8016760036708988, 'scale': 0.8144604681856984, 'error_term': 9.912920893457509, 'win_prob_k': 6.183719872502881}",0.0,-13
2024-11-04,Detroit Pistons,Los Angeles Lakers,115,103,False,False,2024-11-04|Los Angeles Lakers|Detroit Pistons,,,,2024-11-04|Los Angeles Lakers|Detroit Pistons,0.3455477241366011,"[{""p_home_win"": 0.0, ""weight"": 0.25}, {""p_home_win"": 0.3455477241366011, ""weight"": 0.5}, {""p_home_win"": 0.6910954482732022, ""weight"": 0.25}]",-3.949343394079005,,gssd,"{'home_advantage_points': 0.8016760036708988, 'scale': 0.8144604681856984, 'error_term': 9.912920893457509, 'win_prob_k': 6.183719872502881}",1.0,12
2024-11-04,Atlanta Hawks,Boston Celtics,93,123,False,False,2024-11-04|Boston Celtics|Atlanta Hawks,,,,2024-11-04|Boston Celtics|Atlanta Hawks,0.10702387123319225,"[{""p_home_win"": 0.0, ""weight"": 0.25}, {""p_home_win"": 0.10702387123319225, ""weight"": 0.5}, {""p_home_win"": 0.2140477424663845, ""weight"": 0.25}]",-13.118810831736326,,gssd,"{'home_advantage_points': 0.8016760036708988, 'scale': 0.8144604681856984, 'error_term': 9.912920893457509, 'win_prob_k': 6.183719872502881}",0.0,-30
2024-11-04,Brooklyn Nets,Memphis Grizzlies,106,104,False,False,2024-11-04|Memphis Grizzlies|Brooklyn Nets,,,,2024-11-04|Memphis Grizzlies|Brooklyn Nets,0.4313208392654692,"[{""p_home_win"": 0.0, ""weight"": 0.25}, {""p_home_win"": 0.4313208392654692, ""weight"": 0.5}, {""p_home_win"": 0.8626416785309384, ""weight"": 0.25}]",-1.709577106568334,,gssd,"{'home_advantage_points': 0.8016760036708988, 'scale': 0.8144604681856984, 'error_term': 9.912920893457509, 'win_prob_k': 6.183719872502881}",1.0,2
2024-11-04,Miami Heat,Sacramento Kings,110,111,False,False,2024-11-04|Sacramento Kings|Miami Heat,,,,2024-11-04|Sacramento Kings|Miami Heat,0.4885092937367645,"[{""p_home_win"": 0.0, ""weight"": 0.25}, {""p_home_win"": 0.4885092937367645, ""weight"": 0.5}, {""p_home_win"": 0.977018587473529, ""weight"": 0.25}]",-0.2842712872433677,,gssd,"{'home_advantage_points': 0.8016760036708988, 'scale': 0.8144604681856984, 'error_term': 9.912920893457509, 'win_prob_k': 6.183719872502881}",0.0,-1
2024-11-04,Chicago Bulls,Utah Jazz,126,135,False,False,2024-11-04|Utah Jazz|Chicago Bulls,,,,2024-11-04|Utah Jazz|Chicago Bulls,0.8707643545776454,"[{""p_home_win"": 0.7415287091552909, ""weight"": 0.25}, {""p_home_win"": 0.8707643545776454, ""weight"": 0.5}, {""p_home_win"": 1.0, ""weight"": 0.25}]",11.796892324177827,,gssd,"{'home_advantage_points': 0.8016760036708988, 'scale': 0.8144604681856984, 'error_term': 9.912920893457509, 'win_prob_k': 6.183719872502881}",0.0,-9
2024-11-04,Houston Rockets,New York Knicks,109,97,False,False,2024-11-04|New York Knicks|Houston Rockets,,,,2024-11-04|New York Knicks|Houston Rockets,0.38366287654462145,"[{""p_home_win"": 0.0, ""weight"": 0.25}, {""p_home_win"": 0.38366287654462145, ""weight"": 0.5}, {""p_home_win"": 0.7673257530892429, ""weight"": 0.25}]",-2.9312678088468873,,gssd,"{'home_advantage_points': 0.8016760036708988, 'scale': 0.8144604681856984, 'error_term': 9.912920893457509, 'win_prob_k': 6.183719872502881}",1.0,12
2024-11-04,Minnesota Timberwolves,Charlotte Hornets,114,93,False,False,2024-11-04|Charlotte Hornets|Minnesota Timberwolves,,,,2024-11-04|Charlotte Hornets|Minnesota Timberwolves,0.6075361771567543,"[{""p_home_win"": 0.21507235431350868, ""weight"": 0.25}, {""p_home_win"": 0.6075361771567543, ""weight"": 0.5}, {""p_home_win"": 1.0, ""weight"": 0.25}]",2.7020837627708634,,gssd,"{'home_advantage_points': 0.8016760036708988, 'scale': 0.8144604681856984, 'error_term': 9.912920893457509, 'win_prob_k': 6.183719872502881}",1.0,21
2024-11-04,Oklahoma City Thunder,Orlando Magic,102,86,False,False,2024-11-04|Orlando Magic|Oklahoma City Thunder,,,,2024-11-04|Orlando Magic|Oklahoma City Thunder,0.9046661546654395,"[{""p_home_win"": 0.8093323093308791, ""weight"": 0.25}, {""p_home_win"": 0.9046661546654395, ""weight"": 0.5}, {""p_home_win"": 1.0, ""weight"": 0.25}]",13.914489541460645,,gssd,"{'home_advantage_points': 0.8016760036708988, 'scale': 0.8144604681856984, 'error_term': 9.912920893457509, 'win_prob_k': 6.183719872502881}",1.0,16
2024-11-04,New Orleans Pelicans,Portland Trail Blazers,100,118,False,False,2024-11-04|Portland Trail Blazers|New Orleans Pelicans,,,,2024-11-04|Portland Trail Blazers|New Orleans Pelicans,0.5943766072244813,"[{""p_home_win"": 0.18875321444896254, ""weight"": 0.25}, {""p_home_win"": 0.5943766072244813, ""weight"": 0.5}, {""p_home_win"": 1.0, ""weight"": 0.25}]",2.362725234360158,,gssd,"{'home_advantage_points': 0.8016760036708988, 'scale': 0.8144604681856984, 'error_term': 9.912920893457509, 'win_prob_k': 6.183719872502881}",0.0,-18
2024-11-04,Dallas Mavericks,Indiana Pacers,127,134,False,False,2024-11-04|Indiana Pacers|Dallas Mavericks,,,,2024-11-04|Indiana Pacers|Dallas Mavericks,0.7410851110206531,"[{""p_home_win"": 0.4821702220413062, ""weight"": 0.25}, {""p_home_win"": 0.7410851110206531, ""weight"": 0.5}, {""p_home_win"": 1.0, ""weight"": 0.25}]",6.502899280970787,,gssd,"{'home_advantage_points': 0.8016760036708988, 'scale': 0.8144604681856984, 'error_term': 9.912920893457509, 'win_prob_k': 6.183719872502881}",0.0,-7
2024-11-04,Denver Nuggets,Toronto Raptors,121,119,False,False,2024-11-04|Toronto Raptors|Denver Nuggets,,,,2024-11-04|Toronto Raptors|Denver Nuggets,0.7741020481620764,"[{""p_home_win"": 0.5482040963241528, ""weight"": 0.25}, {""p_home_win"": 0.7741020481620764, ""weight"": 0.5}, {""p_home_win"": 1.0, ""weight"": 0.25}]",7.6159952541579035,,gssd,"{'home_advantage_points': 0.8016760036708988, 'scale': 0.8144604681856984, 'error_term': 9.912920893457509, 'win_prob_k': 6.183719872502881}",1.0,2
2024-11-04,Phoenix Suns,Philadelphia 76ers,118,116,False,False,2024-11-04|Philadelphia 76ers|Phoenix Suns,,,,2024-11-04|Philadelphia 76ers|Phoenix Suns,0.8468581105628761,"[{""p_home_win"": 0.6937162211257522, ""weight"": 0.25}, {""p_home_win"": 0.8468581105628761, ""weight"": 0.5}, {""p_home_win"": 1.0, ""weight"": 0.25}]",10.575201621899286,,gssd,"{'home_advantage_points': 0.8016760036708988, 'scale': 0.8144604681856984, 'error_term': 9.912920893457509, 'win_prob_k': 6.183719872502881}",1.0,2
2024-11-04,Los Angeles Clippers,San Antonio Spurs,113,104,False,False,2024-11-04|San Antonio Spurs|Los Angeles Clippers,,,,2024-11-04|San Antonio Spurs|Los Angeles Clippers,0.5282646341166665,"[{""p_home_win"": 0.05652926823333293, ""weight"": 0.25}, {""p_home_win"": 0.5282646341166665, ""weight"": 0.5}, {""p_home_win"": 1.0, ""weight"": 0.25}]",0.6998684451476805,,gssd,"{'home_advantage_points': 0.8016760036708988, 'scale': 0.8144604681856984, 'error_term': 9.912920893457509, 'win_prob_k': 6.183719872502881}",1.0,9
2024-11-06,Charlotte Hornets,Detroit Pistons,108,107,False,False,2024-11-06|Detroit Pistons|Charlotte Hornets,,,,2024-11-06|Detroit Pistons|Charlotte Hornets,0.39805538445649846,"[{""p_home_win"": 0.0, ""weight"": 0.25}, {""p_home_win"": 0.39805538445649846, ""weight"": 0.5}, {""p_home_win"": 0.7961107689129969, ""weight"": 0.25}]",-2.6302232017370164,,gssd,"{'home_advantage_points': 0.5023588653005884, 'scale': 0.8353552178766946, 'error_term': 10.179651951124562, 'win_prob_k': 6.359735794496485}",1.0,1
2024-11-06,Indiana Pacers,Orlando Magic,118,111,False,False,2024-11-06|Orlando Magic|Indiana Pacers,,,,2024-11-06|Orlando Magic|Indiana Pacers,0.409650012024384,"[{""p_home_win"": 0.0, ""weight"": 0.25}, {""p_home_win"": 0.409650012024384, ""weight"": 0.5}, {""p_home_win"": 0.819300024048768, ""weight"": 0.25}]",-2.323926288515562,,gssd,"{'home_advantage_points': 0.5023588653005884, 'scale': 0.8353552178766946, 'error_term': 10.179651951124562, 'win_prob_k': 6.359735794496485}",1.0,7
2024-11-06,Atlanta Hawks,New York Knicks,121,116,False,False,2024-11-06|New York Knicks|Atlanta Hawks,,,,2024-11-06|New York Knicks|Atlanta Hawks,0.18251412582819054,"[{""p_home_win"": 0.0, ""weight"": 0.25}, {""p_home_win"": 0.18251412582819054, ""weight"": 0.5}, {""p_home_win"": 0.3650282516563811, ""weight"": 0.25}]",-9.535826336184353,,gssd,"{'home_advantage_points': 0.5023588653005884, 'scale': 0.8353552178766946, 'error_term': 10.179651951124562, 'win_prob_k': 6.359735794496485}",1.0,5
2024-11-06,Boston Celtics,Golden State Warriors,112,118,False,False,2024-11-06|Golden State Warriors|Boston Celtics,,,,2024-11-06|Golden State Warriors|Boston Celtics,0.48144555855277615,"[{""p_home_win"": 0.0, ""weight"": 0.25}, {""p_home_win"": 0.48144555855277615, ""weight"": 0.5}, {""p_home_win"": 0.9628911171055523, ""weight"": 0.25}]",-0.472222222222226,,gssd,"{'home_advantage_points': 0.5023588653005884, 'scale': 0.8353552178766946, 'error_term': 10.179651951124562, 'win_prob_k': 6.359735794496485}",0.0,-6
2024-11-06,Houston Rockets,San Antonio Spurs,127,100,False,False,2024-11-06|San Antonio Spurs|Houston Rockets,,,,2024-11-06|San Antonio Spurs|Houston Rockets,0.6578323909447517,"[{""p_home_win"": 0.3156647818895033, ""weight"": 0.25}, {""p_home_win"": 0.6578323909447517, ""weight"": 0.5}, {""p_home_win"": 1.0, ""weight"": 0.25}]",4.157037943511128,,gssd,"{'home_advantage_points': 0.5023588653005884, 'scale': 0.8353552178766946, 'error_term': 10.179651951124562, 'win_prob_k': 6.359735794496485}",1.0,27
2024-11-06,Memphis Grizzlies,Los Angeles Lakers,131,114,False,False,2024-11-06|Los Angeles Lakers|Memphis Grizzlies,,,,2024-11-06|Los Angeles Lakers|Memphis Grizzlies,0.6276851582612987,"[{""p_home_win"": 0.25537031652259734, ""weight"": 0.25}, {""p_home_win"": 0.6276851582612987, ""weight"": 0.5}, {""p_home_win"": 1.0, ""weight"": 0.25}]",3.3216827256344326,,gssd,"{'home_advantage_points': 0.5023588653005884, 'scale': 0.8353552178766946, 'error_term': 10.179651951124562, 'win_prob_k': 6.359735794496485}",1.0,17
2024-11-06,New Orleans Pelicans,Cleveland Cavaliers,122,131,False,False,2024-11-06|Cleveland Cavaliers|New Orleans Pelicans,,,,2024-11-06|Cleveland Cavaliers|New Orleans Pelicans,0.06036694574125454,"[{""p_home_win"": 0.0, ""weight"": 0.25}, {""p_home_win"": 0.06036694574125454, ""weight"": 0.5}, {""p_home_win"": 0.12073389148250908, ""weight"": 0.25}]",-17.457778319048344,,gssd,"{'home_advantage_points': 0.5023588653005884, 'scale': 0.8353552178766946, 'error_term': 10.179651951124562, 'win_prob_k': 6.359735794496485}",0.0,-9
2024-11-06,Dallas Mavericks,Chicago Bulls,119,99,False,False,2024-11-06|Chicago Bulls|Dallas Mavericks,,,,2024-11-06|Chicago Bulls|Dallas Mavericks,0.7127317318925104,"[{""p_home_win"": 0.42546346378502076, ""weight"": 0.25}, {""p_home_win"": 0.7127317318925104, ""weight"": 0.5}, {""p_home_win"": 1.0, ""weight"": 0.25}]",5.779019324888379,,gssd,"{'home_advantage_points': 0.5023588653005884, 'scale': 0.8353552178766946, 'error_term': 10.179651951124562, 'win_prob_k': 6.359735794496485}",1.0,20
2024-11-06,Denver Nuggets,Oklahoma City Thunder,124,122,False,False,2024-11-06|Oklahoma City Thunder|Denver Nuggets,,,,2024-11-06|Oklahoma City Thunder|Denver Nuggets,0.12027996086883658,"[{""p_home_win"": 0.0, ""weight"": 0.25}, {""p_home_win"": 0.12027996086883658, ""weight"": 0.5}, {""p_home_win"": 0.24055992173767315, ""weight"": 0.25}]",-12.65448581625736,,gssd,"{'home_advantage_points': 0.5023588653005884, 'scale': 0.8353552178766946, 'error_term': 10.179651951124562, 'win_prob_k': 6.359735794496485}",1.0,2
2024-11-06,Phoenix Suns,Miami Heat,115,112,False,False,2024-11-06|Miami Heat|Phoenix Suns,,,,2024-11-06|Miami Heat|Phoenix Suns,0.4855457698427356,"[{""p_home_win"": 0.0, ""weight"": 0.25}, {""p_home_win"": 0.4855457698427356, ""weight"": 0.5}, {""p_home_win"": 0.9710915396854712, ""weight"": 0.25}]",-0.3678028199876332,,gssd,"{'home_advantage_points': 0.5023588653005884, 'scale': 0.8353552178766946, 'error_term': 10.179651951124562, 'win_prob_k': 6.359735794496485}",1.0,3
2024-11-06,Los Angeles Clippers,Philadelphia 76ers,110,98,False,False,2024-11-06|Philadelphia 76ers|Los Angeles Clippers,,,,2024-11-06|Philadelphia 76ers|Los Angeles Clippers,0.7978312070037067,"[{""p_home_win"": 0.5956624140074134, ""weight"": 0.25}, {""p_home_win"": 0.7978312070037067, ""weight"": 0.5}, {""p_home_win"": 1.0, ""weight"": 0.25}]",8.73060776138603,,gssd,"{'home_advantage_points': 0.5023588653005884, 'scale': 0.8353552178766946, 'error_term': 10.179651951124562, 'win_prob_k': 6.359735794496485}",1.0,12
2024-11-06,Sacramento Kings,Toronto Raptors,122,107,False,False,2024-11-06|Toronto Raptors|Sacramento Kings,,,,2024-11-06|Toronto Raptors|Sacramento Kings,0.8082175182742866,"[{""p_home_win"": 0.6164350365485731, ""weight"": 0.25}, {""p_home_win"": 0.8082175182742866, ""weight"": 0.5}, {""p_home_win"": 1.0, ""weight"": 0.25}]",9.148285370324379,,gssd,"{'home_advantage_points': 0.5023588653005884, 'scale': 0.8353552178766946, 'error_term': 10.179651951124562, 'win_prob_k': 6.359735794496485}",1.0,15
2024-11-07,Chicago Bulls,Minnesota Timberwolves,119,135,False,False,2024-11-07|Minnesota Timberwolves|Chicago Bulls,,,,2024-11-07|Minnesota Timberwolves|Chicago Bulls,0.3028081538814835,"[{""p_home_win"": 0.0, ""weight"": 0.25}, {""p_home_win"": 0.3028081538814835, ""weight"": 0.5}, {""p_home_win"": 0.605616307762967, ""weight"": 0.25}]",-5.7247080028219575,,gssd,"{'home_advantage_points': 1.1491345829989248, 'scale': 0.8710254596605131, 'error_term': 10.178951536468077, 'win_prob_k': 6.8644778871886505}",0.0,-16
2024-11-07,Milwaukee Bucks,Utah Jazz,123,100,False,False,2024-11-07|Utah Jazz|Milwaukee Bucks,,,,2024-11-07|Utah Jazz|Milwaukee Bucks,0.7542082660816467,"[{""p_home_win"": 0.5084165321632934, ""weight"": 0.25}, {""p_home_win"": 0.7542082660816467, ""weight"": 0.5}, {""p_home_win"": 1.0, ""weight"": 0.25}]",7.696342621447121,,gssd,"{'home_advantage_points': 1.1491345829989248, 'scale': 0.8710254596605131, 'error_term': 10.178951536468077, 'win_prob_k': 6.8644778871886505}",1.0,23
2024-11-07,San Antonio Spurs,Portland Trail Blazers,118,105,False,False,2024-11-07|Portland Trail Blazers|San Antonio Spurs,,,,2024-11-07|Portland Trail Blazers|San Antonio Spurs,0.6070495684954621,"[{""p_home_win"": 0.2140991369909242, ""weight"": 0.25}, {""p_home_win"": 0.6070495684954621, ""weight"": 0.5}, {""p_home_win"": 1.0, ""weight"": 0.25}]",2.98554659378318,,gssd,"{'home_advantage_points': 1.1491345829989248, 'scale': 0.8710254596605131, 'error_term': 10.178951536468077, 'win_prob_k': 6.8644778871886505}",1.0,13
2024-11-08,Charlotte Hornets,Indiana Pacers,103,83,False,False,2024-11-08|Indiana Pacers|Charlotte Hornets,,,,2024-11-08|Indiana Pacers|Charlotte Hornets,0.3956076440253639,"[{""p_home_win"": 0.0, ""weight"": 0.25}, {""p_home_win"": 0.3956076440253639, ""weight"": 0.5}, {""p_home_win"": 0.7912152880507278, ""weight"": 0.25}]",-2.9759060496617593,,gssd,"{'home_advantage_points': 1.3427880172253996, 'scale': 0.8813661360994192, 'error_term': 10.148315213388496, 'win_prob_k': 7.0219476385409685}",1.0,20
2024-11-08,Detroit Pistons,Atlanta Hawks,122,121,False,False,2024-11-08|Atlanta Hawks|Detroit Pistons,,,,2024-11-08|Atlanta Hawks|Detroit Pistons,0.620194424438275,"[{""p_home_win"": 0.24038884887655, ""weight"": 0.25}, {""p_home_win"": 0.620194424438275, ""weight"": 0.5}, {""p_home_win"": 1.0, ""weight"": 0.25}]",3.443377308262348,,gssd,"{'home_advantage_points': 1.3427880172253996, 'scale': 0.8813661360994192, 'error_term': 10.148315213388496, 'win_prob_k': 7.0219476385409685}",1.0,1
2024-11-08,Orlando Magic,New Orleans Pelicans,115,88,False,False,2024-11-08|New Orleans Pelicans|Orlando Magic,,,,2024-11-08|New Orleans Pelicans|Orlando Magic,0.8058903596399217,"[{""p_home_win"": 0.6117807192798435, ""weight"": 0.25}, {""p_home_win"": 0.8058903596399217, ""weight"": 0.5}, {""p_home_win"": 1.0, ""weight"": 0.25}]",9.995914832001484,,gssd,"{'home_advantage_points': 1.3427880172253996, 'scale': 0.8813661360994192, 'error_term': 10.148315213388496, 'win_prob_k': 7.0219476385409685}",1.0,27
2024-11-08,Boston Celtics,Brooklyn Nets,108,104,False,False,2024-11-08|Brooklyn Nets|Boston Celtics,,,,2024-11-08|Brooklyn Nets|Boston Celtics,0.8413264951390751,"[{""p_home_win"": 0.6826529902781502, ""weight"": 0.25}, {""p_home_win"": 0.8413264951390751, ""weight"": 0.5}, {""p_home_win"": 1.0, ""weight"": 0.25}]",11.713529551995226,,gssd,"{'home_advantage_points': 1.3427880172253996, 'scale': 0.8813661360994192, 'error_term': 10.148315213388496, 'win_prob_k': 7.0219476385409685}",1.0,4
2024-11-08,Cleveland Cavaliers,Golden State Warriors,136,117,False,False,2024-11-08|Golden State Warriors|Cleveland Cavaliers,,,,2024-11-08|Golden State Warriors|Cleveland Cavaliers,0.4931555316430402,"[{""p_home_win"": 0.0, ""weight"": 0.25}, {""p_home_win"": 0.4931555316430402, ""weight"": 0.5}, {""p_home_win"": 0.9863110632860804, ""weight"": 0.25}]",-0.1922580031477621,,gssd,"{'home_advantage_points': 1.3427880172253996, 'scale': 0.8813661360994192, 'error_term': 10.148315213388496, 'win_prob_k': 7.0219476385409685}",1.0,19
2024-11-08,Dallas Mavericks,Phoenix Suns,113,114,False,False,2024-11-08|Phoenix Suns|Dallas Mavericks,,,,2024-11-08|Phoenix Suns|Dallas Mavericks,0.5336354071255868,"[{""p_home_win"": 0.06727081425117354, ""weight"": 0.25}, {""p_home_win"": 0.5336354071255868, ""weight"": 0.5}, {""p_home_win"": 1.0, ""weight"": 0.25}]",0.9461732559806585,,gssd,"{'home_advantage_points': 1.3427880172253996, 'scale': 0.8813661360994192, 'error_term': 10.148315213388496, 'win_prob_k': 7.0219476385409685}",0.0,-1
2024-11-08,New York Knicks,Milwaukee Bucks,116,94,False,False,2024-11-08|Milwaukee Bucks|New York Knicks,,,,2024-11-08|Milwaukee Bucks|New York Knicks,0.7254219347729867,"[{""p_home_win"": 0.45084386954597333, ""weight"": 0.25}, {""p_home_win"": 0.7254219347729867, ""weight"": 0.5}, {""p_home_win"": 1.0, ""weight"": 0.25}]",6.821947496643457,,gssd,"{'home_advantage_points': 1.3427880172253996, 'scale': 0.8813661360994192, 'error_term': 10.148315213388496, 'win_prob_k': 7.0219476385409685}",1.0,22
2024-11-08,Memphis Grizzlies,Washington Wizards,128,104,False,False,2024-11-08|Washington Wizards|Memphis Grizzlies,,,,2024-11-08|Washington Wizards|Memphis Grizzlies,0.7726956954991215,"[{""p_home_win"": 0.5453913909982431, ""weight"": 0.25}, {""p_home_win"": 0.7726956954991215, ""weight"": 0.5}, {""p_home_win"": 1.0, ""weight"": 0.25}]",8.592024486643124,,gssd,"{'home_advantage_points': 1.3427880172253996, 'scale': 0.8813661360994192, 'error_term': 10.148315213388496, 'win_prob_k': 7.0219476385409685}",1.0,24
2024-11-08,Oklahoma City Thunder,Houston Rockets,126,107,False,False,2024-11-08|Houston Rockets|Oklahoma City Thunder,,,,2024-11-08|Houston Rockets|Oklahoma City Thunder,0.7961996448450537,"[{""p_home_win"": 0.5923992896901074, ""weight"": 0.25}, {""p_home_win"": 0.7961996448450537, ""weight"": 0.5}, {""p_home_win"": 1.0, ""weight"": 0.25}]",9.568871954153314,,gssd,"{'home_advantage_points': 1.3427880172253996, 'scale': 0.8813661360994192, 'error_term': 10.148315213388496, 'win_prob_k': 7.0219476385409685}",1.0,19
2024-11-08,Denver Nuggets,Miami Heat,135,122,False,False,2024-11-08|Miami Heat|Denver Nuggets,,,,2024-11-08|Miami Heat|Denver Nuggets,0.551545417889745,"[{""p_home_win"": 0.10309083577948996, ""weight"": 0.25}, {""p_home_win"": 0.551545417889745, ""weight"": 0.5}, {""p_home_win"": 1.0, ""weight"": 0.25}]",1.4529587842378209,,gssd,"{'home_advantage_points': 1.3427880172253996, 'scale': 0.8813661360994192, 'error_term': 10.148315213388496, 'win_prob_k': 7.0219476385409685}",1.0,13
2024-11-08,Minnesota Timberwolves,Portland Trail Blazers,127,102,False,False,2024-11-08|Portland Trail Blazers|Minnesota Timberwolves,,,,2024-11-08|Portland Trail Blazers|Minnesota Timberwolves,0.8079854158093321,"[{""p_home_win"": 0.6159708316186643, ""weight"": 0.25}, {""p_home_win"": 0.8079854158093321, ""weight"": 0.5}, {""p_home_win"": 1.0, ""weight"": 0.25}]",10.09034691801214,,gssd,"{'home_advantage_points': 1.3427880172253996, 'scale': 0.8813661360994192, 'error_term': 10.148315213388496, 'win_prob_k': 7.0219476385409685}",1.0,25
2024-11-08,Los Angeles Lakers,Philadelphia 76ers,116,106,False,False,2024-11-08|Philadelphia 76ers|Los Angeles Lakers,,,,2024-11-08|Philadelphia 76ers|Los Angeles Lakers,0.7481304439921282,"[{""p_home_win"": 0.4962608879842565, ""weight"": 0.25}, {""p_home_win"": 0.7481304439921282, ""weight"": 0.5}, {""p_home_win"": 1.0, ""weight"": 0.25}]",7.644555890336245,,gssd,"{'home_advantage_points': 1.3427880172253996, 'scale': 0.8813661360994192, 'error_term': 10.148315213388496, 'win_prob_k': 7.0219476385409685}",1.0,10
2024-11-08,Sacramento Kings,Los Angeles Clippers,98,107,False,False,2024-11-08|Los Angeles Clippers|Sacramento Kings,,,,2024-11-08|Los Angeles Clippers|Sacramento Kings,0.6425851996051566,"[{""p_home_win"": 0.2851703992103132, ""weight"": 0.25}, {""p_home_win"": 0.6425851996051566, ""weight"": 0.5}, {""p_home_win"": 1.0, ""weight"": 0.25}]",4.119091345938575,,gssd,"{'home_advantage_points': 1.3427880172253996, 'scale': 0.8813661360994192, 'error_term': 10.148315213388496, 'win_prob_k': 7.0219476385409685}",0.0,-9
2024-11-09,San Antonio Spurs,Utah Jazz,110,111,False,False,2024-11-09|Utah Jazz|San Antonio Spurs,,,,2024-11-09|Utah Jazz|San Antonio Spurs,0.8948811243493507,"[{""p_home_win"": 0.7897622486987015, ""weight"": 0.25}, {""p_home_win"": 0.8948811243493507, ""weight"": 0.5}, {""p_home_win"": 1.0, ""weight"": 0.25}]",14.871313202488867,,gssd,"{'home_advantage_points': 2.103026832047249, 'scale': 0.8944508840939834, 'error_term': 10.347791783494333, 'win_prob_k': 6.944023135662308}",0.0,-1
2024-11-09,Atlanta Hawks,Chicago Bulls,113,125,False,False,2024-11-09|Chicago Bulls|Atlanta Hawks,,,,2024-11-09|Chicago Bulls|Atlanta Hawks,0.6566703388492895,"[{""p_home_win"": 0.313340677698579, ""weight"": 0.25}, {""p_home_win"": 0.6566703388492895, ""weight"": 0.5}, {""p_home_win"": 1.0, ""weight"": 0.25}]",4.503136704366108,,gssd,"{'home_advantage_points': 2.103026832047249, 'scale': 0.8944508840939834, 'error_term': 10.347791783494333, 'win_prob_k': 6.944023135662308}",0.0,-12
2024-11-09,Cleveland Cavaliers,Brooklyn Nets,105,100,False,False,2024-11-09|Brooklyn Nets|Cleveland Cavaliers,,,,2024-11-09|Brooklyn Nets|Cleveland Cavaliers,0.8933568538958663,"[{""p_home_win"": 0.7867137077917326, ""weight"": 0.25}, {""p_home_win"": 0.8933568538958663, ""weight"": 0.5}, {""p_home_win"": 1.0, ""weight"": 0.25}]",14.759506841977107,,gssd,"{'home_advantage_points': 2.103026832047249, 'scale': 0.8944508840939834, 'error_term': 10.347791783494333, 'win_prob_k': 6.944023135662308}",1.0,5
2024-11-09,Los Angeles Clippers,Toronto Raptors,105,103,False,False,2024-11-09|Toronto Raptors|Los Angeles Clippers,,,,2024-11-09|Toronto Raptors|Los Angeles Clippers,0.8365534647706718,"[{""p_home_win"": 0.6731069295413437, ""weight"": 0.25}, {""p_home_win"": 0.8365534647706718, ""weight"": 0.5}, {""p_home_win"": 1.0, ""weight"": 0.25}]",11.338232210317624,,gssd,"{'home_advantage_points': 2.103026832047249, 'scale': 0.8944508840939834, 'error_term': 10.347791783494333, 'win_prob_k': 6.944023135662308}",1.0,2
2024-11-10,Detroit Pistons,Houston Rockets,99,101,False,False,2024-11-10|Houston Rockets|Detroit Pistons,,,,2024-11-10|Houston Rockets|Detroit Pistons,0.3757533722307283,"[{""p_home_win"": 0.0, ""weight"": 0.25}, {""p_home_win"": 0.3757533722307283, ""weight"": 0.5}, {""p_home_win"": 0.7515067444614566, ""weight"": 0.25}]",-3.5806972591870254,,gssd,"{'home_advantage_points': 1.7719751152477266, 'scale': 0.8884103526032795, 'error_term': 10.407305157739222, 'win_prob_k': 7.053997076619764}",0.0,-2
2024-11-10,Milwaukee Bucks,Boston Celtics,107,113,False,False,2024-11-10|Boston Celtics|Milwaukee Bucks,,,,2024-11-10|Boston Celtics|Milwaukee Bucks,0.19340190855449974,"[{""p_home_win"": 0.0, ""weight"": 0.25}, {""p_home_win"": 0.19340190855449974, ""weight"": 0.5}, {""p_home_win"": 0.38680381710899947, ""weight"": 0.25}]",-10.073496252796009,,gssd,"{'home_advantage_points': 1.7719751152477266, 'scale': 0.8884103526032795, 'error_term': 10.407305157739222, 'win_prob_k': 7.053997076619764}",0.0,-6
2024-11-10,Indiana Pacers,New York Knicks,132,121,False,False,2024-11-10|New York Knicks|Indiana Pacers,,,,2024-11-10|New York Knicks|Indiana Pacers,0.2845141151955222,"[{""p_home_win"": 0.0, ""weight"": 0.25}, {""p_home_win"": 0.2845141151955222, ""weight"": 0.5}, {""p_home_win"": 0.5690282303910444, ""weight"": 0.25}]",-6.505048003172825,,gssd,"{'home_advantage_points': 1.7719751152477266, 'scale': 0.8884103526032795, 'error_term': 10.407305157739222, 'win_prob_k': 7.053997076619764}",1.0,11
2024-11-10,Orlando Magic,Washington Wizards,121,94,False,False,2024-11-10|Washington Wizards|Orlando Magic,,,,2024-11-10|Washington Wizards|Orlando Magic,0.8972239913025901,"[{""p_home_win"": 0.7944479826051802, ""weight"": 0.25}, {""p_home_win"": 0.8972239913025901, ""weight"": 0.5}, {""p_home_win"": 1.0, ""weight"": 0.25}]",15.284273525794756,,gssd,"{'home_advantage_points': 1.7719751152477266, 'scale': 0.8884103526032795, 'error_term': 10.407305157739222, 'win_prob_k': 7.053997076619764}",1.0,27
2024-11-10,Minnesota Timberwolves,Miami Heat,94,95,False,False,2024-11-10|Miami Heat|Minnesota Timberwolves,,,,2024-11-10|Miami Heat|Minnesota Timberwolves,0.7481426497635302,"[{""p_home_win"": 0.49628529952706035, ""weight"": 0.25}, {""p_home_win"": 0.7481426497635302, ""weight"": 0.5}, {""p_home_win"": 1.0, ""weight"": 0.25}]",7.679903960059534,,gssd,"{'home_advantage_points': 1.7719751152477266, 'scale': 0.8884103526032795, 'error_term': 10.407305157739222, 'win_prob_k': 7.053997076619764}",0.0,-1
2024-11-10,Oklahoma City Thunder,Golden State Warriors,116,127,False,False,2024-11-10|Golden State Warriors|Oklahoma City Thunder,,,,2024-11-10|Golden State Warriors|Oklahoma City Thunder,0.6962482599430003,"[{""p_home_win"": 0.39249651988600065, ""weight"": 0.25}, {""p_home_win"": 0.6962482599430003, ""weight"": 0.5}, {""p_home_win"": 1.0, ""weight"": 0.25}]",5.851259317617774,,gssd,"{'home_advantage_points': 1.7719751152477266, 'scale': 0.8884103526032795, 'error_term': 10.407305157739222, 'win_prob_k': 7.053997076619764}",0.0,-11
2024-11-10,Philadelphia 76ers,Charlotte Hornets,107,105,False,False,2024-11-10|Charlotte Hornets|Philadelphia 76ers,,,,2024-11-10|Charlotte Hornets|Philadelphia 76ers,0.3849051095203663,"[{""p_home_win"": 0.0, ""weight"": 0.25}, {""p_home_win"": 0.3849051095203663, ""weight"": 0.5}, {""p_home_win"": 0.7698102190407325, ""weight"": 0.25}]",-3.306770733801023,,gssd,"{'home_advantage_points': 1.7719751152477266, 'scale': 0.8884103526032795, 'error_term': 10.407305157739222, 'win_prob_k': 7.053997076619764}",1.0,2
2024-11-10,Denver Nuggets,Dallas Mavericks,122,120,False,False,2024-11-10|Dallas Mavericks|Denver Nuggets,,,,2024-11-10|Dallas Mavericks|Denver Nuggets,0.582650874677435,"[{""p_home_win"": 0.16530174935487008, ""weight"": 0.25}, {""p_home_win"": 0.582650874677435, ""weight"": 0.5}, {""p_home_win"": 1.0, ""weight"": 0.25}]",2.353672369928452,,gssd,"{'home_advantage_points': 1.7719751152477266, 'scale': 0.8884103526032795, 'error_term': 10.407305157739222, 'win_prob_k': 7.053997076619764}",1.0,2
2024-11-10,Phoenix Suns,Sacramento Kings,118,127,False,False,2024-11-10|Sacramento Kings|Phoenix Suns,,,,2024-11-10|Sacramento Kings|Phoenix Suns,0.5328412822888363,"[{""p_home_win"": 0.06568256457767263, ""weight"": 0.25}, {""p_home_win"": 0.5328412822888363, ""weight"": 0.5}, {""p_home_win"": 1.0, ""weight"": 0.25}]",0.9279852802746021,,gssd,"{'home_advantage_points': 1.7719751152477266, 'scale': 0.8884103526032795, 'error_term': 10.407305157739222, 'win_prob_k': 7.053997076619764}",0.0,-9
2024-11-10,Portland Trail Blazers,Memphis Grizzlies,89,134,False,False,2024-11-10|Memphis Grizzlies|Portland Trail Blazers,,,,2024-11-10|Memphis Grizzlies|Portland Trail Blazers,0.20512136940680947,"[{""p_home_win"": 0.0, ""weight"": 0.25}, {""p_home_win"": 0.20512136940680947, ""weight"": 0.5}, {""p_home_win"": 0.41024273881361895, ""weight"": 0.25}]",-9.555256880444086,,gssd,"{'home_advantage_points': 1.7719751152477266, 'scale': 0.8884103526032795, 'error_term': 10.407305157739222, 'win_prob_k': 7.053997076619764}",0.0,-45
2024-11-10,Los Angeles Lakers,Toronto Raptors,123,103,False,False,2024-11-10|Toronto Raptors|Los Angeles Lakers,,,,2024-11-10|Toronto Raptors|Los Angeles Lakers,0.6964701769081629,"[{""p_home_win"": 0.39294035381632586, ""weight"": 0.25}, {""p_home_win"": 0.6964701769081629, ""weight"": 0.5}, {""p_home_win"": 1.0, ""weight"": 0.25}]",5.858662737222807,,gssd,"{'home_advantage_points': 1.7719751152477266, 'scale': 0.8884103526032795, 'error_term': 10.407305157739222, 'win_prob_k': 7.053997076619764}",1.0,20
2024-11-11,Chicago Bulls,Cleveland Cavaliers,113,119,False,False,2024-11-11|Cleveland Cavaliers|Chicago Bulls,,,,2024-11-11|Cleveland Cavaliers|Chicago Bulls,0.1262141561713165,"[{""p_home_win"": 0.0, ""weight"": 0.25}, {""p_home_win"": 0.1262141561713165, ""weight"": 0.5}, {""p_home_win"": 0.252428312342633, ""weight"": 0.25}]",-14.669975710258043,,gssd,"{'home_advantage_points': 1.6581751415281223, 'scale': 0.8650675947966181, 'error_term': 10.805254304617728, 'win_prob_k': 7.581950171331641}",0.0,-6
2024-11-11,Houston Rockets,Washington Wizards,107,92,False,False,2024-11-11|Washington Wizards|Houston Rockets,,,,2024-11-11|Washington Wizards|Houston Rockets,0.9062445168767355,"[{""p_home_win"": 0.8124890337534709, ""weight"": 0.25}, {""p_home_win"": 0.9062445168767355, ""weight"": 0.5}, {""p_home_win"": 1.0, ""weight"": 0.25}]",17.20055626137402,,gssd,"{'home_advantage_points': 1.6581751415281223, 'scale': 0.8650675947966181, 'error_term': 10.805254304617728, 'win_prob_k': 7.581950171331641}",1.0,15
2024-11-11,New Orleans Pelicans,Brooklyn Nets,105,107,False,False,2024-11-11|Brooklyn Nets|New Orleans Pelicans,,,,2024-11-11|Brooklyn Nets|New Orleans Pelicans,0.30343795617707997,"[{""p_home_win"": 0.0, ""weight"": 0.25}, {""p_home_win"": 0.30343795617707997, ""weight"": 0.5}, {""p_home_win"": 0.6068759123541599, ""weight"": 0.25}]",-6.3004467306007665,,gssd,"{'home_advantage_points': 1.6581751415281223, 'scale': 0.8650675947966181, 'error_term': 10.805254304617728, 'win_prob_k': 7.581950171331641}",0.0,-2
2024-11-11,Oklahoma City Thunder,Los Angeles Clippers,134,128,False,False,2024-11-11|Los Angeles Clippers|Oklahoma City Thunder,,,,2024-11-11|Los Angeles Clippers|Oklahoma City Thunder,0.779159323227454,"[{""p_home_win"": 0.5583186464549079, ""weight"": 0.25}, {""p_home_win"": 0.779159323227454, ""weight"": 0.5}, {""p_home_win"": 1.0, ""weight"": 0.25}]",9.559125840670568,,gssd,"{'home_advantage_points': 1.6581751415281223, 'scale': 0.8650675947966181, 'error_term': 10.805254304617728, 'win_prob_k': 7.581950171331641}",1.0,6
2024-11-11,San Antonio Spurs,Sacramento Kings,116,96,False,False,2024-11-11|Sacramento Kings|San Antonio Spurs,,,,2024-11-11|Sacramento Kings|San Antonio Spurs,0.37061554915802,"[{""p_home_win"": 0.0, ""weight"": 0.25}, {""p_home_win"": 0.37061554915802, ""weight"": 0.5}, {""p_home_win"": 0.74123109831604, ""weight"": 0.25}]",-4.015226501013029,,gssd,"{'home_advantage_points': 1.6581751415281223, 'scale': 0.8650675947966181, 'error_term': 10.805254304617728, 'win_prob_k': 7.581950171331641}",1.0,20
2024-11-12,Boston Celtics,Atlanta Hawks,116,117,False,False,2024-11-12|Atlanta Hawks|Boston Celtics,,,,2024-11-12|Atlanta Hawks|Boston Celtics,0.893312694978455,"[{""p_home_win"": 0.78662538995691, ""weight"": 0.25}, {""p_home_win"": 0.893312694978455, ""weight"": 0.5}, {""p_home_win"": 1.0, ""weight"": 0.25}]",15.37748610727019,,gssd,"{'home_advantage_points': 1.8528642686825756, 'scale': 0.8675587891877508, 'error_term': 10.783717380823473, 'win_prob_k': 7.236346535798356}",0.0,-1
2024-11-12,Detroit Pistons,Miami Heat,123,121,False,False,2024-11-12|Miami Heat|Detroit Pistons,,,,2024-11-12|Miami Heat|Detroit Pistons,0.5352305230806874,"[{""p_home_win"": 0.07046104616137483, ""weight"": 0.25}, {""p_home_win"": 0.5352305230806874, ""weight"": 0.5}, {""p_home_win"": 1.0, ""weight"": 0.25}]",1.0214537623776518,,gssd,"{'home_advantage_points': 1.8528642686825756, 'scale': 0.8675587891877508, 'error_term': 10.783717380823473, 'win_prob_k': 7.236346535798356}",1.0,2
2024-11-12,Orlando Magic,Charlotte Hornets,114,89,False,False,2024-11-12|Charlotte Hornets|Orlando Magic,,,,2024-11-12|Charlotte Hornets|Orlando Magic,0.7862091191968941,"[{""p_home_win"": 0.5724182383937881, ""weight"": 0.25}, {""p_home_win"": 0.7862091191968941, ""weight"": 0.5}, {""p_home_win"": 1.0, ""weight"": 0.25}]",9.423347512428066,,gssd,"{'home_advantage_points': 1.8528642686825756, 'scale': 0.8675587891877508, 'error_term': 10.783717380823473, 'win_prob_k': 7.236346535798356}",1.0,25
2024-11-12,Philadelphia 76ers,New York Knicks,99,111,False,False,2024-11-12|New York Knicks|Philadelphia 76ers,,,,2024-11-12|New York Knicks|Philadelphia 76ers,0.20126000662811902,"[{""p_home_win"": 0.0, ""weight"": 0.25}, {""p_home_win"": 0.20126000662811902, ""weight"": 0.5}, {""p_home_win"": 0.40252001325623804, ""weight"": 0.25}]",-9.974853890577087,,gssd,"{'home_advantage_points': 1.8528642686825756, 'scale': 0.8675587891877508, 'error_term': 10.783717380823473, 'win_prob_k': 7.236346535798356}",0.0,-12
2024-11-12,Milwaukee Bucks,Toronto Raptors,99,85,False,False,2024-11-12|Toronto Raptors|Milwaukee Bucks,,,,2024-11-12|Toronto Raptors|Milwaukee Bucks,0.6558128840353683,"[{""p_home_win"": 0.3116257680707366, ""weight"": 0.25}, {""p_home_win"": 0.6558128840353683, ""weight"": 0.5}, {""p_home_win"": 1.0, ""weight"": 0.25}]",4.665200676966196,,gssd,"{'home_advantage_points': 1.8528642686825756, 'scale': 0.8675587891877508, 'error_term': 10.783717380823473, 'win_prob_k': 7.236346535798356}",1.0,14
2024-11-12,Utah Jazz,Phoenix Suns,112,120,False,False,2024-11-12|Phoenix Suns|Utah Jazz,,,,2024-11-12|Phoenix Suns|Utah Jazz,0.15431653382602745,"[{""p_home_win"": 0.0, ""weight"": 0.25}, {""p_home_win"": 0.15431653382602745, ""weight"": 0.5}, {""p_home_win"": 0.3086330676520549, ""weight"": 0.25}]",-12.310032964807453,,gssd,"{'home_advantage_points': 1.8528642686825756, 'scale': 0.8675587891877508, 'error_term': 10.783717380823473, 'win_prob_k': 7.236346535798356}",0.0,-8
2024-11-12,Golden State Warriors,Dallas Mavericks,120,117,False,False,2024-11-12|Dallas Mavericks|Golden State Warriors,,,,2024-11-12|Dallas Mavericks|Golden State Warriors,0.7874061616838249,"[{""p_home_win"": 0.5748123233676499, ""weight"": 0.25}, {""p_home_win"": 0.7874061616838249, ""weight"": 0.5}, {""p_home_win"": 1.0, ""weight"": 0.25}]",9.474987916546397,,gssd,"{'home_advantage_points': 1.8528642686825756, 'scale': 0.8675587891877508, 'error_term': 10.783717380823473, 'win_prob_k': 7.236346535798356}",1.0,3
2024-11-12,Portland Trail Blazers,Minnesota Timberwolves,122,108,False,False,2024-11-12|Minnesota Timberwolves|Portland Trail Blazers,,,,2024-11-12|Minnesota Timberwolves|Portland Trail Blazers,0.1577369949884567,"[{""p_home_win"": 0.0, ""weight"": 0.25}, {""p_home_win"": 0.1577369949884567, ""weight"": 0.5}, {""p_home_win"": 0.3154739899769134, ""weight"": 0.25}]",-12.122061893816777,,gssd,"{'home_advantage_points': 1.8528642686825756, 'scale': 0.8675587891877508, 'error_term': 10.783717380823473, 'win_prob_k': 7.236346535798356}",1.0,14
2024-11-13,Orlando Magic,Indiana Pacers,94,90,False,False,2024-11-13|Indiana Pacers|Orlando Magic,,,,2024-11-13|Indiana Pacers|Orlando Magic,0.7599970943871849,"[{""p_home_win"": 0.5199941887743698, ""weight"": 0.25}, {""p_home_win"": 0.7599970943871849, ""weight"": 0.5}, {""p_home_win"": 1.0, ""weight"": 0.25}]",8.502927067639256,,gssd,"{'home_advantage_points': 2.0550471590551407, 'scale': 0.8711949691508211, 'error_term': 10.863311634332181, 'win_prob_k': 7.376763883553242}",1.0,4
2024-11-13,Brooklyn Nets,Boston Celtics,114,139,False,False,2024-11-13|Boston Celtics|Brooklyn Nets,,,,2024-11-13|Boston Celtics|Brooklyn Nets,0.29383579341586685,"[{""p_home_win"": 0.0, ""weight"": 0.25}, {""p_home_win"": 0.29383579341586685, ""weight"": 0.5}, {""p_home_win"": 0.5876715868317337, ""weight"": 0.25}]",-6.468143622470391,,gssd,"{'home_advantage_points': 2.0550471590551407, 'scale': 0.8711949691508211, 'error_term': 10.863311634332181, 'win_prob_k': 7.376763883553242}",0.0,-25
2024-11-13,New York Knicks,Chicago Bulls,123,124,False,False,2024-11-13|Chicago Bulls|New York Knicks,,,,2024-11-13|Chicago Bulls|New York Knicks,0.855505660674038,"[{""p_home_win"": 0.711011321348076, ""weight"": 0.25}, {""p_home_win"": 0.855505660674038, ""weight"": 0.5}, {""p_home_win"": 1.0, ""weight"": 0.25}]",13.119223267270565,,gssd,"{'home_advantage_points': 2.0550471590551407, 'scale': 0.8711949691508211, 'error_term': 10.863311634332181, 'win_prob_k': 7.376763883553242}",0.0,-1
2024-11-13,Oklahoma City Thunder,New Orleans Pelicans,106,88,False,False,2024-11-13|New Orleans Pelicans|Oklahoma City Thunder,,,,2024-11-13|New Orleans Pelicans|Oklahoma City Thunder,0.948925887417132,"[{""p_home_win"": 0.897851774834264, ""weight"": 0.25}, {""p_home_win"": 0.948925887417132, ""weight"": 0.5}, {""p_home_win"": 1.0, ""weight"": 0.25}]",21.55529455188102,,gssd,"{'home_advantage_points': 2.0550471590551407, 'scale': 0.8711949691508211, 'error_term': 10.863311634332181, 'win_prob_k': 7.376763883553242}",1.0,18
2024-11-13,Philadelphia 76ers,Cleveland Cavaliers,106,114,False,False,2024-11-13|Cleveland Cavaliers|Philadelphia 76ers,,,,2024-11-13|Cleveland Cavaliers|Philadelphia 76ers,0.11071938759100194,"[{""p_home_win"": 0.0, ""weight"": 0.25}, {""p_home_win"": 0.11071938759100194, ""weight"": 0.5}, {""p_home_win"": 0.2214387751820039, ""weight"": 0.25}]",-15.368852223961282,,gssd,"{'home_advantage_points': 2.0550471590551407, 'scale': 0.8711949691508211, 'error_term': 10.863311634332181, 'win_prob_k': 7.376763883553242}",0.0,-8
2024-11-13,Houston Rockets,Los Angeles Clippers,111,103,False,False,2024-11-13|Los Angeles Clippers|Houston Rockets,,,,2024-11-13|Los Angeles Clippers|Houston Rockets,0.6355539760645982,"[{""p_home_win"": 0.27110795212919636, ""weight"": 0.25}, {""p_home_win"": 0.6355539760645982, ""weight"": 0.5}, {""p_home_win"": 1.0, ""weight"": 0.25}]",4.102355336559565,,gssd,"{'home_advantage_points': 2.0550471590551407, 'scale': 0.8711949691508211, 'error_term': 10.863311634332181, 'win_prob_k': 7.376763883553242}",1.0,8
2024-11-13,Milwaukee Bucks,Detroit Pistons,127,120,False,False,2024-11-13|Detroit Pistons|Milwaukee Bucks,,,,2024-11-13|Detroit Pistons|Milwaukee Bucks,0.5401747887168978,"[{""p_home_win"": 0.08034957743379567, ""weight"": 0.25}, {""p_home_win"": 0.5401747887168978, ""weight"": 0.5}, {""p_home_win"": 1.0, ""weight"": 0.25}]",1.1880007373764556,,gssd,"{'home_advantage_points': 2.0550471590551407, 'scale': 0.8711949691508211, 'error_term': 10.863311634332181, 'win_prob_k': 7.376763883553242}",1.0,7
2024-11-13,San Antonio Spurs,Washington Wizards,139,130,False,False,2024-11-13|Washington Wizards|San Antonio Spurs,,,,2024-11-13|Washington Wizards|San Antonio Spurs,0.8617175235889291,"[{""p_home_win"": 0.7234350471778581, ""weight"": 0.25}, {""p_home_win"": 0.8617175235889291, ""weight"": 0.5}, {""p_home_win"": 1.0, ""weight"": 0.25}]",13.49674108723593,,gssd,"{'home_advantage_points': 2.0550471590551407, 'scale': 0.8711949691508211, 'error_term': 10.863311634332181, 'win_prob_k': 7.376763883553242}",1.0,9
2024-11-13,Los Angeles Lakers,Memphis Grizzlies,128,123,False,False,2024-11-13|Memphis Grizzlies|Los Angeles Lakers,,,,2024-11-13|Memphis Grizzlies|Los Angeles Lakers,0.29876060460425363,"[{""p_home_win"": 0.0, ""weight"": 0.25}, {""p_home_win"": 0.29876060460425363, ""weight"": 0.5}, {""p_home_win"": 0.5975212092085073, ""weight"": 0.25}]",-6.293904628640229,,gssd,"{'home_advantage_points': 2.0550471590551407, 'scale': 0.8711949691508211, 'error_term': 10.863311634332181, 'win_prob_k': 7.376763883553242}",1.0,5
2024-11-13,Portland Trail Blazers,Minnesota Timberwolves,106,98,False,False,2024-11-13|Minnesota Timberwolves|Portland Trail Blazers,,,,2024-11-13|Minnesota Timberwolves|Portland Trail Blazers,0.2400522429834625,"[{""p_home_win"": 0.0, ""weight"": 0.25}, {""p_home_win"": 0.2400522429834625, ""weight"": 0.5}, {""p_home_win"": 0.480104485966925, ""weight"": 0.25}]",-8.500931883822314,,gssd,"{'home_advantage_points': 2.0550471590551407, 'scale': 0.8711949691508211, 'error_term': 10.863311634332181, 'win_prob_k': 7.376763883553242}",1.0,8
2024-11-13,Sacramento Kings,Phoenix Suns,127,104,False,False,2024-11-13|Phoenix Suns|Sacramento Kings,,,,2024-11-13|Phoenix Suns|Sacramento Kings,0.5719892869658062,"[{""p_home_win"": 0.1439785739316124, ""weight"": 0.25}, {""p_home_win"": 0.5719892869658062, ""weight"": 0.5}, {""p_home_win"": 1.0, ""weight"": 0.25}]",2.139055245366116,,gssd,"{'home_advantage_points': 2.0550471590551407, 'scale': 0.8711949691508211, 'error_term': 10.863311634332181, 'win_prob_k': 7.376763883553242}",1.0,23
2024-11-14,Utah Jazz,Dallas Mavericks,115,113,False,False,2024-11-14|Dallas Mavericks|Utah Jazz,,,,2024-11-14|Dallas Mavericks|Utah Jazz,0.18277334317934404,"[{""p_home_win"": 0.0, ""weight"": 0.25}, {""p_home_win"": 0.18277334317934404, ""weight"": 0.5}, {""p_home_win"": 0.3655466863586881, ""weight"": 0.25}]",-11.07794101189425,,gssd,"{'home_advantage_points': 2.17553958360849, 'scale': 0.8632180894954103, 'error_term': 10.868526520674648, 'win_prob_k': 7.396785363788547}",1.0,2
2024-11-15,Indiana Pacers,Miami Heat,111,124,False,False,2024-11-15|Miami Heat|Indiana Pacers,,,,2024-11-15|Miami Heat|Indiana Pacers,0.5870261563033053,"[{""p_home_win"": 0.1740523126066107, ""weight"": 0.25}, {""p_home_win"": 0.5870261563033053, ""weight"": 0.5}, {""p_home_win"": 1.0, ""weight"": 0.25}]",2.653457035687717,,gssd,"{'home_advantage_points': 2.241756710349997, 'scale': 0.864570683209228, 'error_term': 10.879571199950304, 'win_prob_k': 7.544979550251977}",0.0,-13
2024-11-15,Orlando Magic,Philadelphia 76ers,98,86,False,False,2024-11-15|Philadelphia 76ers|Orlando Magic,,,,2024-11-15|Philadelphia 76ers|Orlando Magic,0.8485061026600113,"[{""p_home_win"": 0.6970122053200225, ""weight"": 0.25}, {""p_home_win"": 0.8485061026600113, ""weight"": 0.5}, {""p_home_win"": 1.0, ""weight"": 0.25}]",12.99948621142482,,gssd,"{'home_advantage_points': 2.241756710349997, 'scale': 0.864570683209228, 'error_term': 10.879571199950304, 'win_prob_k': 7.544979550251977}",1.0,12
2024-11-15,Toronto Raptors,Detroit Pistons,95,99,False,False,2024-11-15|Detroit Pistons|Toronto Raptors,,,,2024-11-15|Detroit Pistons|Toronto Raptors,0.42519781662639444,"[{""p_home_win"": 0.0, ""weight"": 0.25}, {""p_home_win"": 0.42519781662639444, ""weight"": 0.5}, {""p_home_win"": 0.8503956332527889, ""weight"": 0.25}]",-2.274595858604873,,gssd,"{'home_advantage_points': 2.241756710349997, 'scale': 0.864570683209228, 'error_term': 10.879571199950304, 'win_prob_k': 7.544979550251977}",0.0,-4
2024-11-15,Atlanta Hawks,Washington Wizards,129,117,False,False,2024-11-15|Washington Wizards|Atlanta Hawks,,,,2024-11-15|Washington Wizards|Atlanta Hawks,0.7767054830052228,"[{""p_home_win"": 0.5534109660104456, ""weight"": 0.25}, {""p_home_win"": 0.7767054830052228, ""weight"": 0.5}, {""p_home_win"": 1.0, ""weight"": 0.25}]",9.40534237122645,,gssd,"{'home_advantage_points': 2.241756710349997, 'scale': 0.864570683209228, 'error_term': 10.879571199950304, 'win_prob_k': 7.544979550251977}",1.0,12
2024-11-15,Cleveland Cavaliers,Chicago Bulls,144,126,False,False,2024-11-15|Chicago Bulls|Cleveland Cavaliers,,,,2024-11-15|Chicago Bulls|Cleveland Cavaliers,0.907692607437132,"[{""p_home_win"": 0.815385214874264, ""weight"": 0.25}, {""p_home_win"": 0.907692607437132, ""weight"": 0.5}, {""p_home_win"": 1.0, ""weight"": 0.25}]",17.246175067283485,,gssd,"{'home_advantage_points': 2.241756710349997, 'scale': 0.864570683209228, 'error_term': 10.879571199950304, 'win_prob_k': 7.544979550251977}",1.0,18
2024-11-15,New York Knicks,Brooklyn Nets,124,122,False,False,2024-11-15|Brooklyn Nets|New York Knicks,,,,2024-11-15|Brooklyn Nets|New York Knicks,0.7675862760153883,"[{""p_home_win"": 0.5351725520307766, ""weight"": 0.25}, {""p_home_win"": 0.7675862760153883, ""weight"": 0.5}, {""p_home_win"": 1.0, ""weight"": 0.25}]",9.01422706215562,,gssd,"{'home_advantage_points': 2.241756710349997, 'scale': 0.864570683209228, 'error_term': 10.879571199950304, 'win_prob_k': 7.544979550251977}",1.0,2
2024-11-15,San Antonio Spurs,Los Angeles Lakers,115,120,False,False,2024-11-15|Los Angeles Lakers|San Antonio Spurs,,,,2024-11-15|Los Angeles Lakers|San Antonio Spurs,0.5760717655642894,"[{""p_home_win"": 0.1521435311285788, ""weight"": 0.25}, {""p_home_win"": 0.5760717655642894, ""weight"": 0.5}, {""p_home_win"": 1.0, ""weight"": 0.25}]",2.3138042672841075,,gssd,"{'home_advantage_points': 2.241756710349997, 'scale': 0.864570683209228, 'error_term': 10.879571199950304, 'win_prob_k': 7.544979550251977}",0.0,-5
2024-11-15,Houston Rockets,Los Angeles Clippers,125,104,False,False,2024-11-15|Los Angeles Clippers|Houston Rockets,,,,2024-11-15|Los Angeles Clippers|Houston Rockets,0.6645076379857696,"[{""p_home_win"": 0.32901527597153923, ""weight"": 0.25}, {""p_home_win"": 0.6645076379857696, ""weight"": 0.5}, {""p_home_win"": 1.0, ""weight"": 0.25}]",5.1565950137411045,,gssd,"{'home_advantage_points': 2.241756710349997, 'scale': 0.864570683209228, 'error_term': 10.879571199950304, 'win_prob_k': 7.544979550251977}",1.0,21
2024-11-15,New Orleans Pelicans,Denver Nuggets,101,94,False,False,2024-11-15|Denver Nuggets|New Orleans Pelicans,,,,2024-11-15|Denver Nuggets|New Orleans Pelicans,0.2389522260623198,"[{""p_home_win"": 0.0, ""weight"": 0.25}, {""p_home_win"": 0.2389522260623198, ""weight"": 0.5}, {""p_home_win"": 0.4779044521246396, ""weight"": 0.25}]",-8.740349468033884,,gssd,"{'home_advantage_points': 2.241756710349997, 'scale': 0.864570683209228, 'error_term': 10.879571199950304, 'win_prob_k': 7.544979550251977}",1.0,7
2024-11-15,Oklahoma City Thunder,Phoenix Suns,99,83,False,False,2024-11-15|Phoenix Suns|Oklahoma City Thunder,,,,2024-11-15|Phoenix Suns|Oklahoma City Thunder,0.8463898403742566,"[{""p_home_win"": 0.6927796807485131, ""weight"": 0.25}, {""p_home_win"": 0.8463898403742566, ""weight"": 0.5}, {""p_home_win"": 1.0, ""weight"": 0.25}]",12.875976113823498,,gssd,"{'home_advantage_points': 2.241756710349997, 'scale': 0.864570683209228, 'error_term': 10.879571199950304, 'win_prob_k': 7.544979550251977}",1.0,16
2024-11-15,Golden State Warriors,Memphis Grizzlies,123,118,False,False,2024-11-15|Memphis Grizzlies|Golden State Warriors,,,,2024-11-15|Memphis Grizzlies|Golden State Warriors,0.6298919587882913,"[{""p_home_win"": 0.2597839175765826, ""weight"": 0.25}, {""p_home_win"": 0.6298919587882913, ""weight"": 0.5}, {""p_home_win"": 1.0, ""weight"": 0.25}]",4.012068109302235,,gssd,"{'home_advantage_points': 2.241756710349997, 'scale': 0.864570683209228, 'error_term': 10.879571199950304, 'win_prob_k': 7.544979550251977}",1.0,5
2024-11-15,Sacramento Kings,Minnesota Timberwolves,126,130,False,False,2024-11-15|Minnesota Timberwolves|Sacramento Kings,,,,2024-11-15|Minnesota Timberwolves|Sacramento Kings,0.6260676434762803,"[{""p_home_win"": 0.2521352869525606, ""weight"": 0.25}, {""p_home_win"": 0.6260676434762803, ""weight"": 0.5}, {""p_home_win"": 1.0, ""weight"": 0.25}]",3.888558011700914,,gssd,"{'home_advantage_points': 2.241756710349997, 'scale': 0.864570683209228, 'error_term': 10.879571199950304, 'win_prob_k': 7.544979550251977}",0.0,-4
2024-11-16,Charlotte Hornets,Milwaukee Bucks,115,114,False,False,2024-11-16|Milwaukee Bucks|Charlotte Hornets,,,,2024-11-16|Milwaukee Bucks|Charlotte Hornets,0.49000481413644476,"[{""p_home_win"": 0.0, ""weight"": 0.25}, {""p_home_win"": 0.49000481413644476, ""weight"": 0.5}, {""p_home_win"": 0.9800096282728895, ""weight"": 0.25}]",-0.2935111412877571,,gssd,"{'home_advantage_points': 2.198575579288317, 'scale': 0.8643075331477735, 'error_term': 10.7270279242502, 'win_prob_k': 7.34033473661469}",1.0,1
2024-11-16,Boston Celtics,Toronto Raptors,126,123,False,False,2024-11-16|Toronto Raptors|Boston Celtics,,,,2024-11-16|Toronto Raptors|Boston Celtics,0.9130298314422512,"[{""p_home_win"": 0.8260596628845025, ""weight"": 0.25}, {""p_home_win"": 0.9130298314422512, ""weight"": 0.5}, {""p_home_win"": 1.0, ""weight"": 0.25}]",17.258619875618532,,gssd,"{'home_advantage_points': 2.198575579288317, 'scale': 0.8643075331477735, 'error_term': 10.7270279242502, 'win_prob_k': 7.34033473661469}",1.0,3
2024-11-16,New Orleans Pelicans,Los Angeles Lakers,99,104,False,False,2024-11-16|Los Angeles Lakers|New Orleans Pelicans,,,,2024-11-16|Los Angeles Lakers|New Orleans Pelicans,0.2927298609032926,"[{""p_home_win"": 0.0, ""weight"": 0.25}, {""p_home_win"": 0.2927298609032926, ""weight"": 0.5}, {""p_home_win"": 0.5854597218065852, ""weight"": 0.25}]",-6.475367878373261,,gssd,"{'home_advantage_points': 2.198575579288317, 'scale': 0.8643075331477735, 'error_term': 10.7270279242502, 'win_prob_k': 7.34033473661469}",0.0,-5
2024-11-16,Dallas Mavericks,San Antonio Spurs,110,93,False,False,2024-11-16|San Antonio Spurs|Dallas Mavericks,,,,2024-11-16|San Antonio Spurs|Dallas Mavericks,0.6702052646019097,"[{""p_home_win"": 0.3404105292038193, ""weight"": 0.25}, {""p_home_win"": 0.6702052646019097, ""weight"": 0.5}, {""p_home_win"": 1.0, ""weight"": 0.25}]",5.2051310695952075,,gssd,"{'home_advantage_points': 2.198575579288317, 'scale': 0.8643075331477735, 'error_term': 10.7270279242502, 'win_prob_k': 7.34033473661469}",1.0,17
2024-11-16,Sacramento Kings,Utah Jazz,121,117,False,False,2024-11-16|Utah Jazz|Sacramento Kings,,,,2024-11-16|Utah Jazz|Sacramento Kings,0.8906789810060015,"[{""p_home_win"": 0.781357962012003, ""weight"": 0.25}, {""p_home_win"": 0.8906789810060015, ""weight"": 0.5}, {""p_home_win"": 1.0, ""weight"": 0.25}]",15.397786335502174,,gssd,"{'home_advantage_points': 2.198575579288317, 'scale': 0.8643075331477735, 'error_term': 10.7270279242502, 'win_prob_k': 7.34033473661469}",1.0,4
2024-11-17,Minnesota Timberwolves,Phoenix Suns,120,117,False,False,2024-11-17|Phoenix Suns|Minnesota Timberwolves,,,,2024-11-17|Phoenix Suns|Minnesota Timberwolves,0.6805402669504513,"[{""p_home_win"": 0.36108053390090267, ""weight"": 0.25}, {""p_home_win"": 0.6805402669504513, ""weight"": 0.5}, {""p_home_win"": 1.0, ""weight"": 0.25}]",5.299322326600068,,gssd,"{'home_advantage_points': 2.1482088987164816, 'scale': 0.8511045914540886, 'error_term': 10.695275344972549, 'win_prob_k': 7.007315010975622}",1.0,3
2024-11-17,Indiana Pacers,Miami Heat,119,110,False,False,2024-11-17|Miami Heat|Indiana Pacers,,,,2024-11-17|Miami Heat|Indiana Pacers,0.5144980708932113,"[{""p_home_win"": 0.028996141786422625, ""weight"": 0.25}, {""p_home_win"": 0.5144980708932113, ""weight"": 0.5}, {""p_home_win"": 1.0, ""weight"": 0.25}]",0.4064841454907877,,gssd,"{'home_advantage_points': 2.1482088987164816, 'scale': 0.8511045914540886, 'error_term': 10.695275344972549, 'win_prob_k': 7.007315010975622}",1.0,9
2024-11-17,Cleveland Cavaliers,Charlotte Hornets,128,114,False,False,2024-11-17|Charlotte Hornets|Cleveland Cavaliers,,,,2024-11-17|Charlotte Hornets|Cleveland Cavaliers,0.9180761885310121,"[{""p_home_win"": 0.8361523770620243, ""weight"": 0.25}, {""p_home_win"": 0.9180761885310121, ""weight"": 0.5}, {""p_home_win"": 1.0, ""weight"": 0.25}]",16.933111515976073,,gssd,"{'home_advantage_points': 2.1482088987164816, 'scale': 0.8511045914540886, 'error_term': 10.695275344972549, 'win_prob_k': 7.007315010975622}",1.0,14
2024-11-17,Memphis Grizzlies,Denver Nuggets,105,90,False,False,2024-11-17|Denver Nuggets|Memphis Grizzlies,,,,2024-11-17|Denver Nuggets|Memphis Grizzlies,0.7369667803006614,"[{""p_home_win"": 0.47393356060132286, ""weight"": 0.25}, {""p_home_win"": 0.7369667803006614, ""weight"": 0.5}, {""p_home_win"": 1.0, ""weight"": 0.25}]",7.219373756130421,,gssd,"{'home_advantage_points': 2.1482088987164816, 'scale': 0.8511045914540886, 'error_term': 10.695275344972549, 'win_prob_k': 7.007315010975622}",1.0,15
2024-11-17,Portland Trail Blazers,Atlanta Hawks,114,110,False,False,2024-11-17|Atlanta Hawks|Portland Trail Blazers,,,,2024-11-17|Atlanta Hawks|Portland Trail Blazers,0.46223098273770524,"[{""p_home_win"": 0.0, ""weight"": 0.25}, {""p_home_win"": 0.46223098273770524, ""weight"": 0.5}, {""p_home_win"": 0.9244619654754105, ""weight"": 0.25}]",-1.0606580550157818,,gssd,"{'home_advantage_points': 2.1482088987164816, 'scale': 0.8511045914540886, 'error_term': 10.695275344972549, 'win_prob_k': 7.007315010975622}",1.0,4
2024-11-17,Washington Wizards,Detroit Pistons,104,124,False,False,2024-11-17|Detroit Pistons|Washington Wizards,,,,2024-11-17|Detroit Pistons|Washington Wizards,0.2652636925071161,"[{""p_home_win"": 0.0, ""weight"": 0.25}, {""p_home_win"": 0.2652636925071161, ""weight"": 0.5}, {""p_home_win"": 0.5305273850142322, ""weight"": 0.25}]",-7.1389633456503905,,gssd,"{'home_advantage_points': 2.1482088987164816, 'scale': 0.8511045914540886, 'error_term': 10.695275344972549, 'win_prob_k': 7.007315010975622}",0.0,-20
2024-11-17,Chicago Bulls,Houston Rockets,107,143,False,False,2024-11-17|Houston Rockets|Chicago Bulls,,,,2024-11-17|Houston Rockets|Chicago Bulls,0.25186339137813085,"[{""p_home_win"": 0.0, ""weight"": 0.25}, {""p_home_win"": 0.25186339137813085, ""weight"": 0.5}, {""p_home_win"": 0.5037267827562617, ""weight"": 0.25}]",-7.628855095612359,,gssd,"{'home_advantage_points': 2.1482088987164816, 'scale': 0.8511045914540886, 'error_term': 10.695275344972549, 'win_prob_k': 7.007315010975622}",0.0,-36
2024-11-17,New York Knicks,Brooklyn Nets,114,104,False,False,2024-11-17|Brooklyn Nets|New York Knicks,,,,2024-11-17|Brooklyn Nets|New York Knicks,0.761221028081415,"[{""p_home_win"": 0.52244205616283, ""weight"": 0.25}, {""p_home_win"": 0.761221028081415, ""weight"": 0.5}, {""p_home_win"": 1.0, ""weight"": 0.25}]",8.124178994426261,,gssd,"{'home_advantage_points': 2.1482088987164816, 'scale': 0.8511045914540886, 'error_term': 10.695275344972549, 'win_prob_k': 7.007315010975622}",1.0,10
2024-11-17,Oklahoma City Thunder,Dallas Mavericks,119,121,False,False,2024-11-17|Dallas Mavericks|Oklahoma City Thunder,,,,2024-11-17|Dallas Mavericks|Oklahoma City Thunder,0.8257902339829665,"[{""p_home_win"": 0.6515804679659329, ""weight"": 0.25}, {""p_home_win"": 0.8257902339829665, ""weight"": 0.5}, {""p_home_win"": 1.0, ""weight"": 0.25}]",10.903947383300412,,gssd,"{'home_advantage_points': 2.1482088987164816, 'scale': 0.8511045914540886, 'error_term': 10.695275344972549, 'win_prob_k': 7.007315010975622}",0.0,-2
2024-11-17,Los Angeles Clippers,Utah Jazz,116,105,False,False,2024-11-17|Utah Jazz|Los Angeles Clippers,,,,2024-11-17|Utah Jazz|Los Angeles Clippers,0.8236687782397631,"[{""p_home_win"": 0.6473375564795263, ""weight"": 0.25}, {""p_home_win"": 0.8236687782397631, ""weight"": 0.5}, {""p_home_win"": 1.0, ""weight"": 0.25}]",10.801105578499714,,gssd,"{'home_advantage_points': 2.1482088987164816, 'scale': 0.8511045914540886, 'error_term': 10.695275344972549, 'win_prob_k': 7.007315010975622}",1.0,11
2024-11-18,Detroit Pistons,Chicago Bulls,112,122,False,False,2024-11-18|Chicago Bulls|Detroit Pistons,,,,2024-11-18|Chicago Bulls|Detroit Pistons,0.7742401404675785,"[{""p_home_win"": 0.548480280935157, ""weight"": 0.25}, {""p_home_win"": 0.7742401404675785, ""weight"": 0.5}, {""p_home_win"": 1.0, ""weight"": 0.25}]",8.734956515591188,,gssd,"{'home_advantage_points': 1.9295529663232913, 'scale': 0.84720844481438, 'error_term': 10.692868616788786, 'win_prob_k': 7.08770211736517}",0.0,-10
2024-11-18,Miami Heat,Philadelphia 76ers,106,89,False,False,2024-11-18|Philadelphia 76ers|Miami Heat,,,,2024-11-18|Philadelphia 76ers|Miami Heat,0.743955597742564,"[{""p_home_win"": 0.48791119548512807, ""weight"": 0.25}, {""p_home_win"": 0.743955597742564, ""weight"": 0.5}, {""p_home_win"": 1.0, ""weight"": 0.25}]",7.559959089152187,,gssd,"{'home_advantage_points': 1.9295529663232913, 'scale': 0.84720844481438, 'error_term': 10.692868616788786, 'win_prob_k': 7.08770211736517}",1.0,17
2024-11-18,New York Knicks,Washington Wizards,134,106,False,False,2024-11-18|Washington Wizards|New York Knicks,,,,2024-11-18|Washington Wizards|New York Knicks,0.9186256592787145,"[{""p_home_win"": 0.8372513185574291, ""weight"": 0.25}, {""p_home_win"": 0.9186256592787145, ""weight"": 0.5}, {""p_home_win"": 1.0, ""weight"": 0.25}]",17.179304972982123,,gssd,"{'home_advantage_points': 1.9295529663232913, 'scale': 0.84720844481438, 'error_term': 10.692868616788786, 'win_prob_k': 7.08770211736517}",1.0,28
2024-11-18,Toronto Raptors,Indiana Pacers,130,119,False,False,2024-11-18|Indiana Pacers|Toronto Raptors,,,,2024-11-18|Indiana Pacers|Toronto Raptors,0.42490899781819025,"[{""p_home_win"": 0.0, ""weight"": 0.25}, {""p_home_win"": 0.42490899781819025, ""weight"": 0.5}, {""p_home_win"": 0.8498179956363805, ""weight"": 0.25}]",-2.145116220641102,,gssd,"{'home_advantage_points': 1.9295529663232913, 'scale': 0.84720844481438, 'error_term': 10.692868616788786, 'win_prob_k': 7.08770211736517}",1.0,11
2024-11-18,Milwaukee Bucks,Houston Rockets,101,100,False,False,2024-11-18|Houston Rockets|Milwaukee Bucks,,,,2024-11-18|Houston Rockets|Milwaukee Bucks,0.2866524673714983,"[{""p_home_win"": 0.0, ""weight"": 0.25}, {""p_home_win"": 0.2866524673714983, ""weight"": 0.5}, {""p_home_win"": 0.5733049347429966, ""weight"": 0.25}]",-6.461844963266753,,gssd,"{'home_advantage_points': 1.9295529663232913, 'scale': 0.84720844481438, 'error_term': 10.692868616788786, 'win_prob_k': 7.08770211736517}",1.0,1
2024-11-18,Phoenix Suns,Orlando Magic,99,109,False,False,2024-11-18|Orlando Magic|Phoenix Suns,,,,2024-11-18|Orlando Magic|Phoenix Suns,0.42743194850566685,"[{""p_home_win"": 0.0, ""weight"": 0.25}, {""p_home_win"": 0.42743194850566685, ""weight"": 0.5}, {""p_home_win"": 0.8548638970113337, ""weight"": 0.25}]",-2.071994063201776,,gssd,"{'home_advantage_points': 1.9295529663232913, 'scale': 0.84720844481438, 'error_term': 10.692868616788786, 'win_prob_k': 7.08770211736517}",0.0,-10
2024-11-18,Sacramento Kings,Atlanta Hawks,108,109,False,False,2024-11-18|Atlanta Hawks|Sacramento Kings,,,,2024-11-18|Atlanta Hawks|Sacramento Kings,0.7568138883003837,"[{""p_home_win"": 0.5136277766007673, ""weight"": 0.25}, {""p_home_win"": 0.7568138883003837, ""weight"": 0.5}, {""p_home_win"": 1.0, ""weight"": 0.25}]",8.046599654179504,,gssd,"{'home_advantage_points': 1.9295529663232913, 'scale': 0.84720844481438, 'error_term': 10.692868616788786, 'win_prob_k': 7.08770211736517}",0.0,-1
2024-11-18,Los Angeles Clippers,Golden State Warriors,102,99,False,False,2024-11-18|Golden State Warriors|Los Angeles Clippers,,,,2024-11-18|Golden State Warriors|Los Angeles Clippers,0.2744612104233283,"[{""p_home_win"": 0.0, ""weight"": 0.25}, {""p_home_win"": 0.2744612104233283, ""weight"": 0.5}, {""p_home_win"": 0.5489224208466565, ""weight"": 0.25}]",-6.889987802342597,,gssd,"{'home_advantage_points': 1.9295529663232913, 'scale': 0.84720844481438, 'error_term': 10.692868616788786, 'win_prob_k': 7.08770211736517}",1.0,3
2024-11-19,Boston Celtics,Cleveland Cavaliers,120,117,False,False,2024-11-19|Cleveland Cavaliers|Boston Celtics,,,,2024-11-19|Cleveland Cavaliers|Boston Celtics,0.49616422548421085,"[{""p_home_win"": 0.0, ""weight"": 0.25}, {""p_home_win"": 0.49616422548421085, ""weight"": 0.5}, {""p_home_win"": 0.9923284509684217, ""weight"": 0.25}]",-0.11629683100750476,,gssd,"{'home_advantage_points': 2.0243315929963988, 'scale': 0.8363385470526876, 'error_term': 10.705549223983635, 'win_prob_k': 7.579600223731509}",1.0,3
2024-11-19,Brooklyn Nets,Charlotte Hornets,116,115,False,False,2024-11-19|Charlotte Hornets|Brooklyn Nets,,,,2024-11-19|Charlotte Hornets|Brooklyn Nets,0.6269034402709533,"[{""p_home_win"": 0.2538068805419067, ""weight"": 0.25}, {""p_home_win"": 0.6269034402709533, ""weight"": 0.5}, {""p_home_win"": 1.0, ""weight"": 0.25}]",3.9334734548696466,,gssd,"{'home_advantage_points': 2.0243315929963988, 'scale': 0.8363385470526876, 'error_term': 10.705549223983635, 'win_prob_k': 7.579600223731509}",1.0,1
2024-11-19,Memphis Grizzlies,Denver Nuggets,110,122,False,False,2024-11-19|Denver Nuggets|Memphis Grizzlies,,,,2024-11-19|Denver Nuggets|Memphis Grizzlies,0.7539613442545849,"[{""p_home_win"": 0.5079226885091699, ""weight"": 0.25}, {""p_home_win"": 0.7539613442545849, ""weight"": 0.5}, {""p_home_win"": 1.0, ""weight"": 0.25}]",8.488033792360742,,gssd,"{'home_advantage_points': 2.0243315929963988, 'scale': 0.8363385470526876, 'error_term': 10.705549223983635, 'win_prob_k': 7.579600223731509}",0.0,-12
2024-11-19,Dallas Mavericks,New Orleans Pelicans,132,91,False,False,2024-11-19|New Orleans Pelicans|Dallas Mavericks,,,,2024-11-19|New Orleans Pelicans|Dallas Mavericks,0.8420978236124201,"[{""p_home_win"": 0.6841956472248403, ""weight"": 0.25}, {""p_home_win"": 0.8420978236124201, ""weight"": 0.5}, {""p_home_win"": 1.0, ""weight"": 0.25}]",12.687648067918166,,gssd,"{'home_advantage_points': 2.0243315929963988, 'scale': 0.8363385470526876, 'error_term': 10.705549223983635, 'win_prob_k': 7.579600223731509}",1.0,41
2024-11-19,San Antonio Spurs,Oklahoma City Thunder,110,104,False,False,2024-11-19|Oklahoma City Thunder|San Antonio Spurs,,,,2024-11-19|Oklahoma City Thunder|San Antonio Spurs,0.21184147353942284,"[{""p_home_win"": 0.0, ""weight"": 0.25}, {""p_home_win"": 0.21184147353942284, ""weight"": 0.5}, {""p_home_win"": 0.4236829470788457, ""weight"": 0.25}]",-9.958541256164052,,gssd,"{'home_advantage_points': 2.0243315929963988, 'scale': 0.8363385470526876, 'error_term': 10.705549223983635, 'win_prob_k': 7.579600223731509}",1.0,6
2024-11-19,Los Angeles Lakers,Utah Jazz,124,118,False,False,2024-11-19|Utah Jazz|Los Angeles Lakers,,,,2024-11-19|Utah Jazz|Los Angeles Lakers,0.8445277850307834,"[{""p_home_win"": 0.6890555700615668, ""weight"": 0.25}, {""p_home_win"": 0.8445277850307834, ""weight"": 0.5}, {""p_home_win"": 1.0, ""weight"": 0.25}]",12.827037825760279,,gssd,"{'home_advantage_points': 2.0243315929963988, 'scale': 0.8363385470526876, 'error_term': 10.705549223983635, 'win_prob_k': 7.579600223731509}",1.0,6
2024-11-20,Cleveland Cavaliers,New Orleans Pelicans,128,100,False,False,2024-11-20|New Orleans Pelicans|Cleveland Cavaliers,,,,2024-11-20|New Orleans Pelicans|Cleveland Cavaliers,0.9405085873582081,"[{""p_home_win"": 0.8810171747164162, ""weight"": 0.25}, {""p_home_win"": 0.9405085873582081, ""weight"": 0.5}, {""p_home_win"": 1.0, ""weight"": 0.25}]",21.425712453490984,,gssd,"{'home_advantage_points': 2.104752339831852, 'scale': 0.8519478475314263, 'error_term': 10.832754760763159, 'win_prob_k': 7.761283547103417}",1.0,28
2024-11-20,Milwaukee Bucks,Chicago Bulls,122,106,False,False,2024-11-20|Chicago Bulls|Milwaukee Bucks,,,,2024-11-20|Chicago Bulls|Milwaukee Bucks,0.7157070825959416,"[{""p_home_win"": 0.43141416519188325, ""weight"": 0.25}, {""p_home_win"": 0.7157070825959416, ""weight"": 0.5}, {""p_home_win"": 1.0, ""weight"": 0.25}]",7.165728243619735,,gssd,"{'home_advantage_points': 2.104752339831852, 'scale': 0.8519478475314263, 'error_term': 10.832754760763159, 'win_prob_k': 7.761283547103417}",1.0,16
2024-11-20,Houston Rockets,Indiana Pacers,130,113,False,False,2024-11-20|Indiana Pacers|Houston Rockets,,,,2024-11-20|Indiana Pacers|Houston Rockets,0.7998264702521826,"[{""p_home_win"": 0.5996529405043651, ""weight"": 0.25}, {""p_home_win"": 0.7998264702521826, ""weight"": 0.5}, {""p_home_win"": 1.0, ""weight"": 0.25}]",10.75100876864781,,gssd,"{'home_advantage_points': 2.104752339831852, 'scale': 0.8519478475314263, 'error_term': 10.832754760763159, 'win_prob_k': 7.761283547103417}",1.0,17
2024-11-20,Memphis Grizzlies,Philadelphia 76ers,117,111,False,False,2024-11-20|Philadelphia 76ers|Memphis Grizzlies,,,,2024-11-20|Philadelphia 76ers|Memphis Grizzlies,0.8761996044131997,"[{""p_home_win"": 0.7523992088263993, ""weight"": 0.25}, {""p_home_win"": 0.8761996044131997, ""weight"": 0.5}, {""p_home_win"": 1.0, ""weight"": 0.25}]",15.188237141207324,,gssd,"{'home_advantage_points': 2.104752339831852, 'scale': 0.8519478475314263, 'error_term': 10.832754760763159, 'win_prob_k': 7.761283547103417}",1.0,6
2024-11-20,Oklahoma City Thunder,Portland Trail Blazers,109,99,False,False,2024-11-20|Portland Trail Blazers|Oklahoma City Thunder,,,,2024-11-20|Portland Trail Blazers|Oklahoma City Thunder,0.8985731748247083,"[{""p_home_win"": 0.7971463496494167, ""weight"": 0.25}, {""p_home_win"": 0.8985731748247083, ""weight"": 0.5}, {""p_home_win"": 1.0, ""weight"": 0.25}]",16.931011408677367,,gssd,"{'home_advantage_points': 2.104752339831852, 'scale': 0.8519478475314263, 'error_term': 10.832754760763159, 'win_prob_k': 7.761283547103417}",1.0,10
2024-11-20,Golden State Warriors,Atlanta Hawks,120,97,False,False,2024-11-20|Atlanta Hawks|Golden State Warriors,,,,2024-11-20|Atlanta Hawks|Golden State Warriors,0.8364605240609383,"[{""p_home_win"": 0.6729210481218766, ""weight"": 0.25}, {""p_home_win"": 0.8364605240609383, ""weight"": 0.5}, {""p_home_win"": 1.0, ""weight"": 0.25}]",12.667384313779515,,gssd,"{'home_advantage_points': 2.104752339831852, 'scale': 0.8519478475314263, 'error_term': 10.832754760763159, 'win_prob_k': 7.761283547103417}",1.0,23
2024-11-20,Phoenix Suns,New York Knicks,122,138,False,False,2024-11-20|New York Knicks|Phoenix Suns,,,,2024-11-20|New York Knicks|Phoenix Suns,0.3761276584245884,"[{""p_home_win"": 0.0, ""weight"": 0.25}, {""p_home_win"": 0.3761276584245884, ""weight"": 0.5}, {""p_home_win"": 0.7522553168491768, ""weight"": 0.25}]",-3.9273426877790403,,gssd,"{'home_advantage_points': 2.104752339831852, 'scale': 0.8519478475314263, 'error_term': 10.832754760763159, 'win_prob_k': 7.761283547103417}",0.0,-16
2024-11-20,Los Angeles Clippers,Orlando Magic,104,93,False,False,2024-11-20|Orlando Magic|Los Angeles Clippers,,,,2024-11-20|Orlando Magic|Los Angeles Clippers,0.41233459806756906,"[{""p_home_win"": 0.0, ""weight"": 0.25}, {""p_home_win"": 0.41233459806756906, ""weight"": 0.5}, {""p_home_win"": 0.8246691961351381, ""weight"": 0.25}]",-2.749998092926597,,gssd,"{'home_advantage_points': 2.104752339831852, 'scale': 0.8519478475314263, 'error_term': 10.832754760763159, 'win_prob_k': 7.761283547103417}",1.0,11
2024-11-21,Charlotte Hornets,Detroit Pistons,123,121,False,False,2024-11-21|Detroit Pistons|Charlotte Hornets,,,,2024-11-21|Detroit Pistons|Charlotte Hornets,0.4689731140111499,"[{""p_home_win"": 0.0, ""weight"": 0.25}, {""p_home_win"": 0.4689731140111499, ""weight"": 0.5}, {""p_home_win"": 0.9379462280222998, ""weight"": 0.25}]",-0.944508594974685,,gssd,"{'home_advantage_points': 2.177530276299993, 'scale': 0.8345306768085053, 'error_term': 10.747827312893618, 'win_prob_k': 7.600625933121204}",1.0,2
2024-11-21,Toronto Raptors,Minnesota Timberwolves,110,105,False,False,2024-11-21|Minnesota Timberwolves|Toronto Raptors,,,,2024-11-21|Minnesota Timberwolves|Toronto Raptors,0.33842646066009957,"[{""p_home_win"": 0.0, ""weight"": 0.25}, {""p_home_win"": 0.33842646066009957, ""weight"": 0.5}, {""p_home_win"": 0.6768529213201991, ""weight"": 0.25}]",-5.094808478745554,,gssd,"{'home_advantage_points': 2.177530276299993, 'scale': 0.8345306768085053, 'error_term': 10.747827312893618, 'win_prob_k': 7.600625933121204}",1.0,5
2024-11-21,San Antonio Spurs,Utah Jazz,126,118,False,False,2024-11-21|Utah Jazz|San Antonio Spurs,,,,2024-11-21|Utah Jazz|San Antonio Spurs,0.785164682066973,"[{""p_home_win"": 0.570329364133946, ""weight"": 0.25}, {""p_home_win"": 0.785164682066973, ""weight"": 0.5}, {""p_home_win"": 1.0, ""weight"": 0.25}]",9.850576221400416,,gssd,"{'home_advantage_points': 2.177530276299993, 'scale': 0.8345306768085053, 'error_term': 10.747827312893618, 'win_prob_k': 7.600625933121204}",1.0,8
2024-11-21,Los Angeles Lakers,Orlando Magic,118,119,False,False,2024-11-21|Orlando Magic|Los Angeles Lakers,,,,2024-11-21|Orlando Magic|Los Angeles Lakers,0.46731873282165776,"[{""p_home_win"": 0.0, ""weight"": 0.25}, {""p_home_win"": 0.46731873282165776, ""weight"": 0.5}, {""p_home_win"": 0.9346374656433155, ""weight"": 0.25}]",-0.9950109474402793,,gssd,"{'home_advantage_points': 2.177530276299993, 'scale': 0.8345306768085053, 'error_term': 10.747827312893618, 'win_prob_k': 7.600625933121204}",0.0,-1
2024-11-22,Philadelphia 76ers,Brooklyn Nets,113,98,False,False,2024-11-22|Brooklyn Nets|Philadelphia 76ers,,,,2024-11-22|Brooklyn Nets|Philadelphia 76ers,0.4115545635762687,"[{""p_home_win"": 0.0, ""weight"": 0.25}, {""p_home_win"": 0.4115545635762687, ""weight"": 0.5}, {""p_home_win"": 0.8231091271525374, ""weight"": 0.25}]",-2.7196135602362017,,gssd,"{'home_advantage_points': 2.2300878175814067, 'scale': 0.8323822136870456, 'error_term': 10.673203795133322, 'win_prob_k': 7.6064043164288595}",1.0,15
2024-11-22,Washington Wizards,Boston Celtics,96,108,False,False,2024-11-22|Boston Celtics|Washington Wizards,,,,2024-11-22|Boston Celtics|Washington Wizards,0.08744588684587645,"[{""p_home_win"": 0.0, ""weight"": 0.25}, {""p_home_win"": 0.08744588684587645, ""weight"": 0.5}, {""p_home_win"": 0.1748917736917529, ""weight"": 0.25}]",-17.83874644753395,,gssd,"{'home_advantage_points': 2.2300878175814067, 'scale': 0.8323822136870456, 'error_term': 10.673203795133322, 'win_prob_k': 7.6064043164288595}",0.0,-12
2024-11-22,New Orleans Pelicans,Golden State Warriors,108,112,False,False,2024-11-22|Golden State Warriors|New Orleans Pelicans,,,,2024-11-22|Golden State Warriors|New Orleans Pelicans,0.10532673634632796,"[{""p_home_win"": 0.0, ""weight"": 0.25}, {""p_home_win"": 0.10532673634632796, ""weight"": 0.5}, {""p_home_win"": 0.2106534726926559, ""weight"": 0.25}]",-16.273075140836877,,gssd,"{'home_advantage_points': 2.2300878175814067, 'scale': 0.8323822136870456, 'error_term': 10.673203795133322, 'win_prob_k': 7.6064043164288595}",0.0,-4
2024-11-22,Chicago Bulls,Atlanta Hawks,136,122,False,False,2024-11-22|Atlanta Hawks|Chicago Bulls,,,,2024-11-22|Atlanta Hawks|Chicago Bulls,0.46007410462757425,"[{""p_home_win"": 0.0, ""weight"": 0.25}, {""p_home_win"": 0.46007410462757425, ""weight"": 0.5}, {""p_home_win"": 0.9201482092551485, ""weight"": 0.25}]",-1.2173618507724395,,gssd,"{'home_advantage_points': 2.2300878175814067, 'scale': 0.8323822136870456, 'error_term': 10.673203795133322, 'win_prob_k': 7.6064043164288595}",1.0,14
2024-11-22,Houston Rockets,Portland Trail Blazers,116,88,False,False,2024-11-22|Portland Trail Blazers|Houston Rockets,,,,2024-11-22|Portland Trail Blazers|Houston Rockets,0.8733568339755208,"[{""p_home_win"": 0.7467136679510415, ""weight"": 0.25}, {""p_home_win"": 0.8733568339755208, ""weight"": 0.5}, {""p_home_win"": 1.0, ""weight"": 0.25}]",14.687744638695266,,gssd,"{'home_advantage_points': 2.2300878175814067, 'scale': 0.8323822136870456, 'error_term': 10.673203795133322, 'win_prob_k': 7.6064043164288595}",1.0,28
2024-11-22,Milwaukee Bucks,Indiana Pacers,129,117,False,False,2024-11-22|Indiana Pacers|Milwaukee Bucks,,,,2024-11-22|Indiana Pacers|Milwaukee Bucks,0.6175481793568393,"[{""p_home_win"": 0.2350963587136785, ""weight"": 0.25}, {""p_home_win"": 0.6175481793568393, ""weight"": 0.5}, {""p_home_win"": 1.0, ""weight"": 0.25}]",3.644642115245997,,gssd,"{'home_advantage_points': 2.2300878175814067, 'scale': 0.8323822136870456, 'error_term': 10.673203795133322, 'win_prob_k': 7.6064043164288595}",1.0,12
2024-11-22,Denver Nuggets,Dallas Mavericks,120,123,False,False,2024-11-22|Dallas Mavericks|Denver Nuggets,,,,2024-11-22|Dallas Mavericks|Denver Nuggets,0.47246899758232763,"[{""p_home_win"": 0.0, ""weight"": 0.25}, {""p_home_win"": 0.47246899758232763, ""weight"": 0.5}, {""p_home_win"": 0.9449379951646553, ""weight"": 0.25}]",-0.838495819383938,,gssd,"{'home_advantage_points': 2.2300878175814067, 'scale': 0.8323822136870456, 'error_term': 10.673203795133322, 'win_prob_k': 7.6064043164288595}",0.0,-3
2024-11-22,Los Angeles Clippers,Sacramento Kings,104,88,False,False,2024-11-22|Sacramento Kings|Los Angeles Clippers,,,,2024-11-22|Sacramento Kings|Los Angeles Clippers,0.49553807459173094,"[{""p_home_win"": 0.0, ""weight"": 0.25}, {""p_home_win"": 0.49553807459173094, ""weight"": 0.5}, {""p_home_win"": 0.9910761491834619, ""weight"": 0.25}]",-0.13576043858267228,,gssd,"{'home_advantage_points': 2.2300878175814067, 'scale': 0.8323822136870456, 'error_term': 10.673203795133322, 'win_prob_k': 7.6064043164288595}",1.0,16
2024-11-23,Utah Jazz,New York Knicks,121,106,False,False,2024-11-23|New York Knicks|Utah Jazz,,,,2024-11-23|New York Knicks|Utah Jazz,0.15694986916830736,"[{""p_home_win"": 0.0, ""weight"": 0.25}, {""p_home_win"": 0.15694986916830736, ""weight"": 0.5}, {""p_home_win"": 0.3138997383366147, ""weight"": 0.25}]",-12.407644520799304,,gssd,"{'home_advantage_points': 2.5868661606364802, 'scale': 0.8359771441862431, 'error_term': 10.657427010225286, 'win_prob_k': 7.380670224741609}",1.0,15
2024-11-23,Orlando Magic,Detroit Pistons,111,100,False,False,2024-11-23|Detroit Pistons|Orlando Magic,,,,2024-11-23|Detroit Pistons|Orlando Magic,0.7558021443556282,"[{""p_home_win"": 0.5116042887112564, ""weight"": 0.25}, {""p_home_win"": 0.7558021443556282, ""weight"": 0.5}, {""p_home_win"": 1.0, ""weight"": 0.25}]",8.338687475903614,,gssd,"{'home_advantage_points': 2.5868661606364802, 'scale': 0.8359771441862431, 'error_term': 10.657427010225286, 'win_prob_k': 7.380670224741609}",1.0,11
2024-11-23,Chicago Bulls,Memphis Grizzlies,131,142,False,False,2024-11-23|Memphis Grizzlies|Chicago Bulls,,,,2024-11-23|Memphis Grizzlies|Chicago Bulls,0.24663153251475495,"[{""p_home_win"": 0.0, ""weight"": 0.25}, {""p_home_win"": 0.24663153251475495, ""weight"": 0.5}, {""p_home_win"": 0.4932630650295099, ""weight"": 0.25}]",-8.24169175227119,,gssd,"{'home_advantage_points': 2.5868661606364802, 'scale': 0.8359771441862431, 'error_term': 10.657427010225286, 'win_prob_k': 7.380670224741609}",0.0,-11
2024-11-23,Houston Rockets,Portland Trail Blazers,98,104,False,False,2024-11-23|Portland Trail Blazers|Houston Rockets,,,,2024-11-23|Portland Trail Blazers|Houston Rockets,0.9076534045055925,"[{""p_home_win"": 0.815306809011185, ""weight"": 0.25}, {""p_home_win"": 0.9076534045055925, ""weight"": 0.5}, {""p_home_win"": 1.0, ""weight"": 0.25}]",16.867147162932195,,gssd,"{'home_advantage_points': 2.5868661606364802, 'scale': 0.8359771441862431, 'error_term': 10.657427010225286, 'win_prob_k': 7.380670224741609}",0.0,-6
2024-11-23,Milwaukee Bucks,Charlotte Hornets,125,119,False,False,2024-11-23|Charlotte Hornets|Milwaukee Bucks,,,,2024-11-23|Charlotte Hornets|Milwaukee Bucks,0.6842647224949147,"[{""p_home_win"": 0.3685294449898293, ""weight"": 0.25}, {""p_home_win"": 0.6842647224949147, ""weight"": 0.5}, {""p_home_win"": 1.0, ""weight"": 0.25}]",5.708510972855748,,gssd,"{'home_advantage_points': 2.5868661606364802, 'scale': 0.8359771441862431, 'error_term': 10.657427010225286, 'win_prob_k': 7.380670224741609}",1.0,6
2024-11-23,San Antonio Spurs,Golden State Warriors,104,94,False,False,2024-11-23|Golden State Warriors|San Antonio Spurs,,,,2024-11-23|Golden State Warriors|San Antonio Spurs,0.26995451436773615,"[{""p_home_win"": 0.0, ""weight"": 0.25}, {""p_home_win"": 0.26995451436773615, ""weight"": 0.5}, {""p_home_win"": 0.5399090287354723, ""weight"": 0.25}]",-7.342684585309009,,gssd,"{'home_advantage_points': 2.5868661606364802, 'scale': 0.8359771441862431, 'error_term': 10.657427010225286, 'win_prob_k': 7.380670224741609}",1.0,10
2024-11-23,Los Angeles Lakers,Denver Nuggets,102,127,False,False,2024-11-23|Denver Nuggets|Los Angeles Lakers,,,,2024-11-23|Denver Nuggets|Los Angeles Lakers,0.5818241004730865,"[{""p_home_win"": 0.16364820094617305, ""weight"": 0.25}, {""p_home_win"": 0.5818241004730865, ""weight"": 0.5}, {""p_home_win"": 1.0, ""weight"": 0.25}]",2.4375845277460777,,gssd,"{'home_advantage_points': 2.5868661606364802, 'scale': 0.8359771441862431, 'error_term': 10.657427010225286, 'win_prob_k': 7.380670224741609}",0.0,-25
2024-11-24,Boston Celtics,Minnesota Timberwolves,107,105,False,False,2024-11-24|Minnesota Timberwolves|Boston Celtics,,,,2024-11-24|Minnesota Timberwolves|Boston Celtics,0.7464243242185914,"[{""p_home_win"": 0.4928486484371828, ""weight"": 0.25}, {""p_home_win"": 0.7464243242185914, ""weight"": 0.5}, {""p_home_win"": 1.0, ""weight"": 0.25}]",8.177451705255233,,gssd,"{'home_advantage_points': 2.5691440070565625, 'scale': 0.8320833323203205, 'error_term': 10.906045703096108, 'win_prob_k': 7.574295865826297}",1.0,2
2024-11-24,Indiana Pacers,Washington Wizards,115,103,False,False,2024-11-24|Washington Wizards|Indiana Pacers,,,,2024-11-24|Washington Wizards|Indiana Pacers,0.8293589174993394,"[{""p_home_win"": 0.6587178349986789, ""weight"": 0.25}, {""p_home_win"": 0.8293589174993394, ""weight"": 0.5}, {""p_home_win"": 1.0, ""weight"": 0.25}]",11.975647963858668,,gssd,"{'home_advantage_points': 2.5691440070565625, 'scale': 0.8320833323203205, 'error_term': 10.906045703096108, 'win_prob_k': 7.574295865826297}",1.0,12
2024-11-24,Miami Heat,Dallas Mavericks,123,118,False,False,2024-11-24|Dallas Mavericks|Miami Heat,,,,2024-11-24|Dallas Mavericks|Miami Heat,0.4536544655093829,"[{""p_home_win"": 0.0, ""weight"": 0.25}, {""p_home_win"": 0.4536544655093829, ""weight"": 0.5}, {""p_home_win"": 0.9073089310187658, ""weight"": 0.25}]",-1.4081813022547194,,gssd,"{'home_advantage_points': 2.5691440070565625, 'scale': 0.8320833323203205, 'error_term': 10.906045703096108, 'win_prob_k': 7.574295865826297}",1.0,5
2024-11-24,Philadelphia 76ers,Los Angeles Clippers,99,125,False,False,2024-11-24|Los Angeles Clippers|Philadelphia 76ers,,,,2024-11-24|Los Angeles Clippers|Philadelphia 76ers,0.3700047019698706,"[{""p_home_win"": 0.0, ""weight"": 0.25}, {""p_home_win"": 0.3700047019698706, ""weight"": 0.5}, {""p_home_win"": 0.7400094039397412, ""weight"": 0.25}]",-4.03101482780135,,gssd,"{'home_advantage_points': 2.5691440070565625, 'scale': 0.8320833323203205, 'error_term': 10.906045703096108, 'win_prob_k': 7.574295865826297}",0.0,-26
2024-11-24,Cleveland Cavaliers,Toronto Raptors,122,108,False,False,2024-11-24|Toronto Raptors|Cleveland Cavaliers,,,,2024-11-24|Toronto Raptors|Cleveland Cavaliers,0.9063675316137325,"[{""p_home_win"": 0.812735063227465, ""weight"": 0.25}, {""p_home_win"": 0.9063675316137325, ""weight"": 0.5}, {""p_home_win"": 1.0, ""weight"": 0.25}]",17.194164243881083,,gssd,"{'home_advantage_points': 2.5691440070565625, 'scale': 0.8320833323203205, 'error_term': 10.906045703096108, 'win_prob_k': 7.574295865826297}",1.0,14
2024-11-24,Sacramento Kings,Brooklyn Nets,103,108,False,False,2024-11-24|Brooklyn Nets|Sacramento Kings,,,,2024-11-24|Brooklyn Nets|Sacramento Kings,0.7217384140872052,"[{""p_home_win"": 0.44347682817441036, ""weight"": 0.25}, {""p_home_win"": 0.7217384140872052, ""weight"": 0.5}, {""p_home_win"": 1.0, ""weight"": 0.25}]",7.219070009993434,,gssd,"{'home_advantage_points': 2.5691440070565625, 'scale': 0.8320833323203205, 'error_term': 10.906045703096108, 'win_prob_k': 7.574295865826297}",0.0,-5
2024-11-25,Charlotte Hornets,Orlando Magic,84,95,False,False,2024-11-25|Orlando Magic|Charlotte Hornets,,,,2024-11-25|Orlando Magic|Charlotte Hornets,0.3181025252362059,"[{""p_home_win"": 0.0, ""weight"": 0.25}, {""p_home_win"": 0.3181025252362059, ""weight"": 0.5}, {""p_home_win"": 0.6362050504724118, ""weight"": 0.25}]",-5.68472807643524,,gssd,"{'home_advantage_points': 2.409219800232836, 'scale': 0.8365837598623337, 'error_term': 10.87229692616519, 'win_prob_k': 7.45532653468887}",0.0,-11
2024-11-25,Detroit Pistons,Toronto Raptors,102,100,False,False,2024-11-25|Toronto Raptors|Detroit Pistons,,,,2024-11-25|Toronto Raptors|Detroit Pistons,0.6748574106192355,"[{""p_home_win"": 0.3497148212384711, ""weight"": 0.25}, {""p_home_win"": 0.6748574106192355, ""weight"": 0.5}, {""p_home_win"": 1.0, ""weight"": 0.25}]",5.444159773511187,,gssd,"{'home_advantage_points': 2.409219800232836, 'scale': 0.8365837598623337, 'error_term': 10.87229692616519, 'win_prob_k': 7.45532653468887}",1.0,2
2024-11-25,Indiana Pacers,New Orleans Pelicans,114,110,False,False,2024-11-25|New Orleans Pelicans|Indiana Pacers,,,,2024-11-25|New Orleans Pelicans|Indiana Pacers,0.7981786678673175,"[{""p_home_win"": 0.596357335734635, ""weight"": 0.25}, {""p_home_win"": 0.7981786678673175, ""weight"": 0.5}, {""p_home_win"": 1.0, ""weight"": 0.25}]",10.25069864937103,,gssd,"{'home_advantage_points': 2.409219800232836, 'scale': 0.8365837598623337, 'error_term': 10.87229692616519, 'win_prob_k': 7.45532653468887}",1.0,4
2024-11-25,Atlanta Hawks,Dallas Mavericks,119,129,False,False,2024-11-25|Dallas Mavericks|Atlanta Hawks,,,,2024-11-25|Dallas Mavericks|Atlanta Hawks,0.30675392376812405,"[{""p_home_win"": 0.0, ""weight"": 0.25}, {""p_home_win"": 0.30675392376812405, ""weight"": 0.5}, {""p_home_win"": 0.6135078475362481, ""weight"": 0.25}]",-6.07861959670376,,gssd,"{'home_advantage_points': 2.409219800232836, 'scale': 0.8365837598623337, 'error_term': 10.87229692616519, 'win_prob_k': 7.45532653468887}",0.0,-10
2024-11-25,Boston Celtics,Los Angeles Clippers,126,94,False,False,2024-11-25|Los Angeles Clippers|Boston Celtics,,,,2024-11-25|Los Angeles Clippers|Boston Celtics,0.738400447174287,"[{""p_home_win"": 0.476800894348574, ""weight"": 0.25}, {""p_home_win"": 0.738400447174287, ""weight"": 0.5}, {""p_home_win"": 1.0, ""weight"": 0.25}]",7.736178963071968,,gssd,"{'home_advantage_points': 2.409219800232836, 'scale': 0.8365837598623337, 'error_term': 10.87229692616519, 'win_prob_k': 7.45532653468887}",1.0,32
2024-11-25,Memphis Grizzlies,Portland Trail Blazers,123,98,False,False,2024-11-25|Portland Trail Blazers|Memphis Grizzlies,,,,2024-11-25|Portland Trail Blazers|Memphis Grizzlies,0.8703734780489899,"[{""p_home_win"": 0.7407469560979798, ""weight"": 0.25}, {""p_home_win"": 0.8703734780489899, ""weight"": 0.5}, {""p_home_win"": 1.0, ""weight"": 0.25}]",14.196917361070858,,gssd,"{'home_advantage_points': 2.409219800232836, 'scale': 0.8365837598623337, 'error_term': 10.87229692616519, 'win_prob_k': 7.45532653468887}",1.0,25
2024-11-25,Denver Nuggets,New York Knicks,118,145,False,False,2024-11-25|New York Knicks|Denver Nuggets,,,,2024-11-25|New York Knicks|Denver Nuggets,0.49557142450674907,"[{""p_home_win"": 0.0, ""weight"": 0.25}, {""p_home_win"": 0.49557142450674907, ""weight"": 0.5}, {""p_home_win"": 0.9911428490134981, ""weight"": 0.25}]",-0.13206935919023755,,gssd,"{'home_advantage_points': 2.409219800232836, 'scale': 0.8365837598623337, 'error_term': 10.87229692616519, 'win_prob_k': 7.45532653468887}",0.0,-27
2024-11-25,Golden State Warriors,Brooklyn Nets,120,128,False,False,2024-11-25|Brooklyn Nets|Golden State Warriors,,,,2024-11-25|Brooklyn Nets|Golden State Warriors,0.8429569373904381,"[{""p_home_win"": 0.6859138747808762, ""weight"": 0.25}, {""p_home_win"": 0.8429569373904381, ""weight"": 0.5}, {""p_home_win"": 1.0, ""weight"": 0.25}]",12.527899562377254,,gssd,"{'home_advantage_points': 2.409219800232836, 'scale': 0.8365837598623337, 'error_term': 10.87229692616519, 'win_prob_k': 7.45532653468887}",0.0,-8
2024-11-25,Sacramento Kings,Oklahoma City Thunder,109,130,False,False,2024-11-25|Oklahoma City Thunder|Sacramento Kings,,,,2024-11-25|Oklahoma City Thunder|Sacramento Kings,0.33032603234639885,"[{""p_home_win"": 0.0, ""weight"": 0.25}, {""p_home_win"": 0.33032603234639885, ""weight"": 0.5}, {""p_home_win"": 0.6606520646927977, ""weight"": 0.25}]",-5.268760040281471,,gssd,"{'home_advantage_points': 2.409219800232836, 'scale': 0.8365837598623337, 'error_term': 10.87229692616519, 'win_prob_k': 7.45532653468887}",0.0,-21
2024-11-26,Washington Wizards,Chicago Bulls,108,127,False,False,2024-11-26|Chicago Bulls|Washington Wizards,,,,2024-11-26|Chicago Bulls|Washington Wizards,0.3737816206154886,"[{""p_home_win"": 0.0, ""weight"": 0.25}, {""p_home_win"": 0.3737816206154886, ""weight"": 0.5}, {""p_home_win"": 0.7475632412309772, ""weight"": 0.25}]",-3.940492746503532,,gssd,"{'home_advantage_points': 2.2710177724011316, 'scale': 0.8323632186136897, 'error_term': 11.050257771453179, 'win_prob_k': 7.636207853007086}",0.0,-19
2024-11-26,Miami Heat,Milwaukee Bucks,103,106,False,False,2024-11-26|Milwaukee Bucks|Miami Heat,,,,2024-11-26|Milwaukee Bucks|Miami Heat,0.627150625795222,"[{""p_home_win"": 0.2543012515904439, ""weight"": 0.25}, {""p_home_win"": 0.627150625795222, ""weight"": 0.5}, {""p_home_win"": 1.0, ""weight"": 0.25}]",3.970921464700878,,gssd,"{'home_advantage_points': 2.2710177724011316, 'scale': 0.8323632186136897, 'error_term': 11.050257771453179, 'win_prob_k': 7.636207853007086}",0.0,-3
2024-11-26,Minnesota Timberwolves,Houston Rockets,111,117,False,False,2024-11-26|Houston Rockets|Minnesota Timberwolves,,,,2024-11-26|Houston Rockets|Minnesota Timberwolves,0.4345238545680863,"[{""p_home_win"": 0.0, ""weight"": 0.25}, {""p_home_win"": 0.4345238545680863, ""weight"": 0.5}, {""p_home_win"": 0.8690477091361726, ""weight"": 0.25}]",-2.0115090038861836,,gssd,"{'home_advantage_points': 2.2710177724011316, 'scale': 0.8323632186136897, 'error_term': 11.050257771453179, 'win_prob_k': 7.636207853007086}",0.0,-6
2024-11-26,Utah Jazz,San Antonio Spurs,115,128,False,False,2024-11-26|San Antonio Spurs|Utah Jazz,,,,2024-11-26|San Antonio Spurs|Utah Jazz,0.37516373491146854,"[{""p_home_win"": 0.0, ""weight"": 0.25}, {""p_home_win"": 0.37516373491146854, ""weight"": 0.5}, {""p_home_win"": 0.7503274698229371, ""weight"": 0.25}]",-3.895436433028426,,gssd,"{'home_advantage_points': 2.2710177724011316, 'scale': 0.8323632186136897, 'error_term': 11.050257771453179, 'win_prob_k': 7.636207853007086}",0.0,-13
2024-11-26,Phoenix Suns,Los Angeles Lakers,127,100,False,False,2024-11-26|Los Angeles Lakers|Phoenix Suns,,,,2024-11-26|Los Angeles Lakers|Phoenix Suns,0.5377012527799123,"[{""p_home_win"": 0.07540250555982464, ""weight"": 0.25}, {""p_home_win"": 0.5377012527799123, ""weight"": 0.5}, {""p_home_win"": 1.0, ""weight"": 0.25}]",1.1537683331309705,,gssd,"{'home_advantage_points': 2.2710177724011316, 'scale': 0.8323632186136897, 'error_term': 11.050257771453179, 'win_prob_k': 7.636207853007086}",1.0,27
2024-11-27,Charlotte Hornets,Miami Heat,94,98,False,False,2024-11-27|Miami Heat|Charlotte Hornets,,,,2024-11-27|Miami Heat|Charlotte Hornets,0.40715725286564186,"[{""p_home_win"": 0.0, ""weight"": 0.25}, {""p_home_win"": 0.40715725286564186, ""weight"": 0.5}, {""p_home_win"": 0.8143145057312837, ""weight"": 0.25}]",-2.834958238706959,,gssd,"{'home_advantage_points': 2.2084174993086463, 'scale': 0.8489850941749707, 'error_term': 11.068290645569174, 'win_prob_k': 7.545206661670338}",0.0,-4
2024-11-27,Cleveland Cavaliers,Atlanta Hawks,124,135,False,False,2024-11-27|Atlanta Hawks|Cleveland Cavaliers,,,,2024-11-27|Atlanta Hawks|Cleveland Cavaliers,0.9060888898681981,"[{""p_home_win"": 0.8121777797363963, ""weight"": 0.25}, {""p_home_win"": 0.9060888898681981, ""weight"": 0.5}, {""p_home_win"": 1.0, ""weight"": 0.25}]",17.10338931822285,,gssd,"{'home_advantage_points': 2.2084174993086463, 'scale': 0.8489850941749707, 'error_term': 11.068290645569174, 'win_prob_k': 7.545206661670338}",0.0,-11
2024-11-27,Indiana Pacers,Portland Trail Blazers,121,114,False,False,2024-11-27|Portland Trail Blazers|Indiana Pacers,,,,2024-11-27|Portland Trail Blazers|Indiana Pacers,0.7210197917757467,"[{""p_home_win"": 0.4420395835514934, ""weight"": 0.25}, {""p_home_win"": 0.7210197917757467, ""weight"": 0.5}, {""p_home_win"": 1.0, ""weight"": 0.25}]",7.164367986555037,,gssd,"{'home_advantage_points': 2.2084174993086463, 'scale': 0.8489850941749707, 'error_term': 11.068290645569174, 'win_prob_k': 7.545206661670338}",1.0,7
2024-11-27,Orlando Magic,Chicago Bulls,133,119,False,False,2024-11-27|Chicago Bulls|Orlando Magic,,,,2024-11-27|Chicago Bulls|Orlando Magic,0.8329232068424262,"[{""p_home_win"": 0.6658464136848523, ""weight"": 0.25}, {""p_home_win"": 0.8329232068424262, ""weight"": 0.5}, {""p_home_win"": 1.0, ""weight"": 0.25}]",12.121283229590261,,gssd,"{'home_advantage_points': 2.2084174993086463, 'scale': 0.8489850941749707, 'error_term': 11.068290645569174, 'win_prob_k': 7.545206661670338}",1.0,14
2024-11-27,Philadelphia 76ers,Houston Rockets,115,122,False,False,2024-11-27|Houston Rockets|Philadelphia 76ers,,,,2024-11-27|Houston Rockets|Philadelphia 76ers,0.1758522559963231,"[{""p_home_win"": 0.0, ""weight"": 0.25}, {""p_home_win"": 0.1758522559963231, ""weight"": 0.5}, {""p_home_win"": 0.3517045119926462, ""weight"": 0.25}]",-11.655123186253089,,gssd,"{'home_advantage_points': 2.2084174993086463, 'scale': 0.8489850941749707, 'error_term': 11.068290645569174, 'win_prob_k': 7.545206661670338}",0.0,-7
2024-11-27,Washington Wizards,Los Angeles Clippers,96,121,False,False,2024-11-27|Los Angeles Clippers|Washington Wizards,,,,2024-11-27|Los Angeles Clippers|Washington Wizards,0.1921621616781267,"[{""p_home_win"": 0.0, ""weight"": 0.25}, {""p_home_win"": 0.1921621616781267, ""weight"": 0.5}, {""p_home_win"": 0.3843243233562534, ""weight"": 0.25}]",-10.835080765743179,,gssd,"{'home_advantage_points': 2.2084174993086463, 'scale': 0.8489850941749707, 'error_term': 11.068290645569174, 'win_prob_k': 7.545206661670338}",0.0,-25
2024-11-27,Dallas Mavericks,New York Knicks,129,114,False,False,2024-11-27|New York Knicks|Dallas Mavericks,,,,2024-11-27|New York Knicks|Dallas Mavericks,0.5339618150669675,"[{""p_home_win"": 0.06792363013393499, ""weight"": 0.25}, {""p_home_win"": 0.5339618150669675, ""weight"": 0.5}, {""p_home_win"": 1.0, ""weight"": 0.25}]",1.0265763444015956,,gssd,"{'home_advantage_points': 2.2084174993086463, 'scale': 0.8489850941749707, 'error_term': 11.068290645569174, 'win_prob_k': 7.545206661670338}",1.0,15
2024-11-27,Memphis Grizzlies,Detroit Pistons,131,111,False,False,2024-11-27|Detroit Pistons|Memphis Grizzlies,,,,2024-11-27|Detroit Pistons|Memphis Grizzlies,0.789425536286053,"[{""p_home_win"": 0.5788510725721061, ""weight"": 0.25}, {""p_home_win"": 0.789425536286053, ""weight"": 0.5}, {""p_home_win"": 1.0, ""weight"": 0.25}]",9.970735381188975,,gssd,"{'home_advantage_points': 2.2084174993086463, 'scale': 0.8489850941749707, 'error_term': 11.068290645569174, 'win_prob_k': 7.545206661670338}",1.0,20
2024-11-27,Minnesota Timberwolves,Sacramento Kings,104,115,False,False,2024-11-27|Sacramento Kings|Minnesota Timberwolves,,,,2024-11-27|Sacramento Kings|Minnesota Timberwolves,0.6171364396086416,"[{""p_home_win"": 0.23427287921728324, ""weight"": 0.25}, {""p_home_win"": 0.6171364396086416, ""weight"": 0.5}, {""p_home_win"": 1.0, ""weight"": 0.25}]",3.6021680289125557,,gssd,"{'home_advantage_points': 2.2084174993086463, 'scale': 0.8489850941749707, 'error_term': 11.068290645569174, 'win_prob_k': 7.545206661670338}",0.0,-11
2024-11-27,New Orleans Pelicans,Toronto Raptors,93,119,False,False,2024-11-27|Toronto Raptors|New Orleans Pelicans,,,,2024-11-27|Toronto Raptors|New Orleans Pelicans,0.4147284698848904,"[{""p_home_win"": 0.0, ""weight"": 0.25}, {""p_home_win"": 0.4147284698848904, ""weight"": 0.5}, {""p_home_win"": 0.8294569397697809, ""weight"": 0.25}]",-2.5989605964571267,,gssd,"{'home_advantage_points': 2.2084174993086463, 'scale': 0.8489850941749707, 'error_term': 11.068290645569174, 'win_prob_k': 7.545206661670338}",0.0,-26
2024-11-27,San Antonio Spurs,Los Angeles Lakers,101,119,False,False,2024-11-27|Los Angeles Lakers|San Antonio Spurs,,,,2024-11-27|Los Angeles Lakers|San Antonio Spurs,0.6343053980061654,"[{""p_home_win"": 0.26861079601233073, ""weight"": 0.25}, {""p_home_win"": 0.6343053980061654, ""weight"": 0.5}, {""p_home_win"": 1.0, ""weight"": 0.25}]",4.155386562681766,,gssd,"{'home_advantage_points': 2.2084174993086463, 'scale': 0.8489850941749707, 'error_term': 11.068290645569174, 'win_prob_k': 7.545206661670338}",0.0,-18
2024-11-27,Phoenix Suns,Brooklyn Nets,117,127,False,False,2024-11-27|Brooklyn Nets|Phoenix Suns,,,,2024-11-27|Brooklyn Nets|Phoenix Suns,0.6206458155718199,"[{""p_home_win"": 0.24129163114363972, ""weight"": 0.25}, {""p_home_win"": 0.6206458155718199, ""weight"": 0.5}, {""p_home_win"": 1.0, ""weight"": 0.25}]",3.714431912848286,,gssd,"{'home_advantage_points': 2.2084174993086463, 'scale': 0.8489850941749707, 'error_term': 11.068290645569174, 'win_prob_k': 7.545206661670338}",0.0,-10
2024-11-27,Utah Jazz,Denver Nuggets,103,122,False,False,2024-11-27|Denver Nuggets|Utah Jazz,,,,2024-11-27|Denver Nuggets|Utah Jazz,0.29307293518228944,"[{""p_home_win"": 0.0, ""weight"": 0.25}, {""p_home_win"": 0.29307293518228944, ""weight"": 0.5}, {""p_home_win"": 0.5861458703645789, ""weight"": 0.25}]",-6.643599702852999,,gssd,"{'home_advantage_points': 2.2084174993086463, 'scale': 0.8489850941749707, 'error_term': 11.068290645569174, 'win_prob_k': 7.545206661670338}",0.0,-19
2024-11-27,Golden State Warriors,Oklahoma City Thunder,101,105,False,False,2024-11-27|Oklahoma City Thunder|Golden State Warriors,,,,2024-11-27|Oklahoma City Thunder|Golden State Warriors,0.47053273905268683,"[{""p_home_win"": 0.0, ""weight"": 0.25}, {""p_home_win"": 0.47053273905268683, ""weight"": 0.5}, {""p_home_win"": 0.9410654781053737, ""weight"": 0.25}]",-0.8903780944300017,,gssd,"{'home_advantage_points': 2.2084174993086463, 'scale': 0.8489850941749707, 'error_term': 11.068290645569174, 'win_prob_k': 7.545206661670338}",0.0,-4
2024-11-29,Charlotte Hornets,New York Knicks,98,99,False,False,2024-11-29|New York Knicks|Charlotte Hornets,,,,2024-11-29|New York Knicks|Charlotte Hornets,0.25812176665011427,"[{""p_home_win"": 0.0, ""weight"": 0.25}, {""p_home_win"": 0.25812176665011427, ""weight"": 0.5}, {""p_home_win"": 0.5162435333002285, ""weight"": 0.25}]",-8.02577282558018,,gssd,"{'home_advantage_points': 1.8575892664338796, 'scale': 0.8543933997615203, 'error_term': 11.218628292613186, 'win_prob_k': 7.601936824149114}",0.0,-1
2024-11-29,Atlanta Hawks,Cleveland Cavaliers,117,101,False,False,2024-11-29|Cleveland Cavaliers|Atlanta Hawks,,,,2024-11-29|Cleveland Cavaliers|Atlanta Hawks,0.18307250825893623,"[{""p_home_win"": 0.0, ""weight"": 0.25}, {""p_home_win"": 0.18307250825893623, ""weight"": 0.5}, {""p_home_win"": 0.36614501651787246, ""weight"": 0.25}]",-11.369974004419477,,gssd,"{'home_advantage_points': 1.8575892664338796, 'scale': 0.8543933997615203, 'error_term': 11.218628292613186, 'win_prob_k': 7.601936824149114}",1.0,16
2024-11-29,Memphis Grizzlies,New Orleans Pelicans,120,109,False,False,2024-11-29|New Orleans Pelicans|Memphis Grizzlies,,,,2024-11-29|New Orleans Pelicans|Memphis Grizzlies,0.9241045239720961,"[{""p_home_win"": 0.8482090479441922, ""weight"": 0.25}, {""p_home_win"": 0.9241045239720961, ""weight"": 0.5}, {""p_home_win"": 1.0, ""weight"": 0.25}]",19.000798652330655,,gssd,"{'home_advantage_points': 1.8575892664338796, 'scale': 0.8543933997615203, 'error_term': 11.218628292613186, 'win_prob_k': 7.601936824149114}",1.0,11
2024-11-29,Brooklyn Nets,Orlando Magic,100,123,False,False,2024-11-29|Orlando Magic|Brooklyn Nets,,,,2024-11-29|Orlando Magic|Brooklyn Nets,0.34433143947451583,"[{""p_home_win"": 0.0, ""weight"": 0.25}, {""p_home_win"": 0.34433143947451583, ""weight"": 0.5}, {""p_home_win"": 0.6886628789490317, ""weight"": 0.25}]",-4.8960330203174,,gssd,"{'home_advantage_points': 1.8575892664338796, 'scale': 0.8543933997615203, 'error_term': 11.218628292613186, 'win_prob_k': 7.601936824149114}",0.0,-23
2024-11-29,Minnesota Timberwolves,Los Angeles Clippers,93,92,False,False,2024-11-29|Los Angeles Clippers|Minnesota Timberwolves,,,,2024-11-29|Los Angeles Clippers|Minnesota Timberwolves,0.5227583072683479,"[{""p_home_win"": 0.045516614536695865, ""weight"": 0.25}, {""p_home_win"": 0.5227583072683479, ""weight"": 0.5}, {""p_home_win"": 1.0, ""weight"": 0.25}]",0.6925073576681613,,gssd,"{'home_advantage_points': 1.8575892664338796, 'scale': 0.8543933997615203, 'error_term': 11.218628292613186, 'win_prob_k': 7.601936824149114}",1.0,1
2024-11-29,Chicago Bulls,Boston Celtics,129,138,False,False,2024-11-29|Boston Celtics|Chicago Bulls,,,,2024-11-29|Boston Celtics|Chicago Bulls,0.15891826330948575,"[{""p_home_win"": 0.0, ""weight"": 0.25}, {""p_home_win"": 0.15891826330948575, ""weight"": 0.5}, {""p_home_win"": 0.3178365266189715, ""weight"": 0.25}]",-12.667098529511959,,gssd,"{'home_advantage_points': 1.8575892664338796, 'scale': 0.8543933997615203, 'error_term': 11.218628292613186, 'win_prob_k': 7.601936824149114}",0.0,-9
2024-11-29,Indiana Pacers,Detroit Pistons,106,130,False,False,2024-11-29|Detroit Pistons|Indiana Pacers,,,,2024-11-29|Detroit Pistons|Indiana Pacers,0.5689767368829357,"[{""p_home_win"": 0.13795347376587141, ""weight"": 0.25}, {""p_home_win"": 0.5689767368829357, ""weight"": 0.5}, {""p_home_win"": 1.0, ""weight"": 0.25}]",2.1108867036359085,,gssd,"{'home_advantage_points': 1.8575892664338796, 'scale': 0.8543933997615203, 'error_term': 11.218628292613186, 'win_prob_k': 7.601936824149114}",0.0,-24
2024-11-29,Miami Heat,Toronto Raptors,121,111,False,False,2024-11-29|Toronto Raptors|Miami Heat,,,,2024-11-29|Toronto Raptors|Miami Heat,0.6833140161903023,"[{""p_home_win"": 0.3666280323806046, ""weight"": 0.25}, {""p_home_win"": 0.6833140161903023, ""weight"": 0.5}, {""p_home_win"": 1.0, ""weight"": 0.25}]",5.846222523275111,,gssd,"{'home_advantage_points': 1.8575892664338796, 'scale': 0.8543933997615203, 'error_term': 11.218628292613186, 'win_prob_k': 7.601936824149114}",1.0,10
2024-11-29,Los Angeles Lakers,Oklahoma City Thunder,93,101,False,False,2024-11-29|Oklahoma City Thunder|Los Angeles Lakers,,,,2024-11-29|Oklahoma City Thunder|Los Angeles Lakers,0.25353752016994074,"[{""p_home_win"": 0.0, ""weight"": 0.25}, {""p_home_win"": 0.25353752016994074, ""weight"": 0.5}, {""p_home_win"": 0.5070750403398815, ""weight"": 0.25}]",-8.208826303256368,,gssd,"{'home_advantage_points': 1.8575892664338796, 'scale': 0.8543933997615203, 'error_term': 11.218628292613186, 'win_prob_k': 7.601936824149114}",0.0,-8
2024-11-29,Portland Trail Blazers,Sacramento Kings,115,106,False,False,2024-11-29|Sacramento Kings|Portland Trail Blazers,,,,2024-11-29|Sacramento Kings|Portland Trail Blazers,0.3151963332252177,"[{""p_home_win"": 0.0, ""weight"": 0.25}, {""p_home_win"": 0.3151963332252177, ""weight"": 0.5}, {""p_home_win"": 0.6303926664504353, ""weight"": 0.25}]",-5.898619907310286,,gssd,"{'home_advantage_points': 1.8575892664338796, 'scale': 0.8543933997615203, 'error_term': 11.218628292613186, 'win_prob_k': 7.601936824149114}",1.0,9
2024-11-30,Charlotte Hornets,Atlanta Hawks,104,107,False,False,2024-11-30|Atlanta Hawks|Charlotte Hornets,,,,2024-11-30|Atlanta Hawks|Charlotte Hornets,0.5161702961842933,"[{""p_home_win"": 0.03234059236858666, ""weight"": 0.25}, {""p_home_win"": 0.5161702961842933, ""weight"": 0.5}, {""p_home_win"": 1.0, ""weight"": 0.25}]",0.4871244885295434,,gssd,"{'home_advantage_points': 1.897360647224701, 'scale': 0.8436490956164097, 'error_term': 11.3427663892458, 'win_prob_k': 7.528535740668799}",0.0,-3
2024-11-30,Detroit Pistons,Philadelphia 76ers,96,111,False,False,2024-11-30|Philadelphia 76ers|Detroit Pistons,,,,2024-11-30|Philadelphia 76ers|Detroit Pistons,0.731032746551333,"[{""p_home_win"": 0.462065493102666, ""weight"": 0.25}, {""p_home_win"": 0.731032746551333, ""weight"": 0.5}, {""p_home_win"": 1.0, ""weight"": 0.25}]",7.527546625609216,,gssd,"{'home_advantage_points': 1.897360647224701, 'scale': 0.8436490956164097, 'error_term': 11.3427663892458, 'win_prob_k': 7.528535740668799}",0.0,-15
2024-11-30,Milwaukee Bucks,Washington Wizards,124,114,False,False,2024-11-30|Washington Wizards|Milwaukee Bucks,,,,2024-11-30|Washington Wizards|Milwaukee Bucks,0.8734180664283884,"[{""p_home_win"": 0.7468361328567767, ""weight"": 0.25}, {""p_home_win"": 0.8734180664283884, ""weight"": 0.5}, {""p_home_win"": 1.0, ""weight"": 0.25}]",14.541551467775639,,gssd,"{'home_advantage_points': 1.897360647224701, 'scale': 0.8436490956164097, 'error_term': 11.3427663892458, 'win_prob_k': 7.528535740668799}",1.0,10
2024-11-30,Phoenix Suns,Golden State Warriors,113,105,False,False,2024-11-30|Golden State Warriors|Phoenix Suns,,,,2024-11-30|Golden State Warriors|Phoenix Suns,0.33201440035381286,"[{""p_home_win"": 0.0, ""weight"": 0.25}, {""p_home_win"": 0.33201440035381286, ""weight"": 0.5}, {""p_home_win"": 0.6640288007076257, ""weight"": 0.25}]",-5.263111051819573,,gssd,"{'home_advantage_points': 1.897360647224701, 'scale': 0.8436490956164097, 'error_term': 11.3427663892458, 'win_prob_k': 7.528535740668799}",1.0,8
2024-11-30,Utah Jazz,Dallas Mavericks,94,106,False,False,2024-11-30|Dallas Mavericks|Utah Jazz,,,,2024-11-30|Dallas Mavericks|Utah Jazz,0.18105886381449604,"[{""p_home_win"": 0.0, ""weight"": 0.25}, {""p_home_win"": 0.18105886381449604, ""weight"": 0.5}, {""p_home_win"": 0.3621177276289921, ""weight"": 0.25}]",-11.3619909722132,,gssd,"{'home_advantage_points': 1.897360647224701, 'scale': 0.8436490956164097, 'error_term': 11.3427663892458, 'win_prob_k': 7.528535740668799}",0.0,-12
2024-12-01,Brooklyn Nets,Orlando Magic,92,100,False,False,2024-12-01|Orlando Magic|Brooklyn Nets,,,,2024-12-01|Orlando Magic|Brooklyn Nets,0.287470849962097,"[{""p_home_win"": 0.0, ""weight"": 0.25}, {""p_home_win"": 0.287470849962097, ""weight"": 0.5}, {""p_home_win"": 0.574941699924194, ""weight"": 0.25}]",-6.849495061594488,,gssd,"{'home_advantage_points': 1.8239983853664914, 'scale': 0.8433376477801358, 'error_term': 11.347420899467165, 'win_prob_k': 7.5459952530456}",0.0,-8
2024-12-01,Memphis Grizzlies,Indiana Pacers,136,121,False,False,2024-12-01|Indiana Pacers|Memphis Grizzlies,,,,2024-12-01|Indiana Pacers|Memphis Grizzlies,0.8246113905070948,"[{""p_home_win"": 0.6492227810141895, ""weight"": 0.25}, {""p_home_win"": 0.8246113905070948, ""weight"": 0.5}, {""p_home_win"": 1.0, ""weight"": 0.25}]",11.680507143796829,,gssd,"{'home_advantage_points': 1.8239983853664914, 'scale': 0.8433376477801358, 'error_term': 11.347420899467165, 'win_prob_k': 7.5459952530456}",1.0,15
2024-12-01,Cleveland Cavaliers,Boston Celtics,115,111,False,False,2024-12-01|Boston Celtics|Cleveland Cavaliers,,,,2024-12-01|Boston Celtics|Cleveland Cavaliers,0.5344105108149216,"[{""p_home_win"": 0.06882102162984327, ""weight"": 0.25}, {""p_home_win"": 0.5344105108149216, ""weight"": 0.5}, {""p_home_win"": 1.0, ""weight"": 0.25}]",1.040290672277882,,gssd,"{'home_advantage_points': 1.8239983853664914, 'scale': 0.8433376477801358, 'error_term': 11.347420899467165, 'win_prob_k': 7.5459952530456}",1.0,4
2024-12-01,New York Knicks,New Orleans Pelicans,118,85,False,False,2024-12-01|New Orleans Pelicans|New York Knicks,,,,2024-12-01|New Orleans Pelicans|New York Knicks,0.905399425895273,"[{""p_home_win"": 0.810798851790546, ""weight"": 0.25}, {""p_home_win"": 0.905399425895273, ""weight"": 0.5}, {""p_home_win"": 1.0, ""weight"": 0.25}]",17.044234981017503,,gssd,"{'home_advantage_points': 1.8239983853664914, 'scale': 0.8433376477801358, 'error_term': 11.347420899467165, 'win_prob_k': 7.5459952530456}",1.0,33
2024-12-01,Toronto Raptors,Miami Heat,119,116,False,False,2024-12-01|Miami Heat|Toronto Raptors,,,,2024-12-01|Miami Heat|Toronto Raptors,0.4080132847410908,"[{""p_home_win"": 0.0, ""weight"": 0.25}, {""p_home_win"": 0.4080132847410908, ""weight"": 0.5}, {""p_home_win"": 0.8160265694821816, ""weight"": 0.25}]",-2.8085021659813396,,gssd,"{'home_advantage_points': 1.8239983853664914, 'scale': 0.8433376477801358, 'error_term': 11.347420899467165, 'win_prob_k': 7.5459952530456}",1.0,3
2024-12-01,Houston Rockets,Oklahoma City Thunder,119,116,False,False,2024-12-01|Oklahoma City Thunder|Houston Rockets,,,,2024-12-01|Oklahoma City Thunder|Houston Rockets,0.48900091697518244,"[{""p_home_win"": 0.0, ""weight"": 0.25}, {""p_home_win"": 0.48900091697518244, ""weight"": 0.5}, {""p_home_win"": 0.9780018339503649, ""weight"": 0.25}]",-0.3320496818370702,,gssd,"{'home_advantage_points': 1.8239983853664914, 'scale': 0.8433376477801358, 'error_term': 11.347420899467165, 'win_prob_k': 7.5459952530456}",1.0,3
2024-12-01,Utah Jazz,Los Angeles Lakers,104,105,False,False,2024-12-01|Los Angeles Lakers|Utah Jazz,,,,2024-12-01|Los Angeles Lakers|Utah Jazz,0.3338429833488075,"[{""p_home_win"": 0.0, ""weight"": 0.25}, {""p_home_win"": 0.3338429833488075, ""weight"": 0.5}, {""p_home_win"": 0.667685966697615, ""weight"": 0.25}]",-5.213185764443306,,gssd,"{'home_advantage_points': 1.8239983853664914, 'scale': 0.8433376477801358, 'error_term': 11.347420899467165, 'win_prob_k': 7.5459952530456}",0.0,-1
2024-12-01,Portland Trail Blazers,Dallas Mavericks,131,137,False,False,2024-12-01|Dallas Mavericks|Portland Trail Blazers,,,,2024-12-01|Dallas Mavericks|Portland Trail Blazers,0.21297033755358896,"[{""p_home_win"": 0.0, ""weight"": 0.25}, {""p_home_win"": 0.21297033755358896, ""weight"": 0.5}, {""p_home_win"": 0.4259406751071779, ""weight"": 0.25}]",-9.863468814172355,,gssd,"{'home_advantage_points': 1.8239983853664914, 'scale': 0.8433376477801358, 'error_term': 11.347420899467165, 'win_prob_k': 7.5459952530456}",0.0,-6
2024-12-01,Sacramento Kings,San Antonio Spurs,125,127,False,False,2024-12-01|San Antonio Spurs|Sacramento Kings,,,,2024-12-01|San Antonio Spurs|Sacramento Kings,0.6004230425129438,"[{""p_home_win"": 0.20084608502588752, ""weight"": 0.25}, {""p_home_win"": 0.6004230425129438, ""weight"": 0.5}, {""p_home_win"": 1.0, ""weight"": 0.25}]",3.0729412827932636,,gssd,"{'home_advantage_points': 1.8239983853664914, 'scale': 0.8433376477801358, 'error_term': 11.347420899467165, 'win_prob_k': 7.5459952530456}",0.0,-2
2024-12-01,Los Angeles Clippers,Denver Nuggets,126,122,False,False,2024-12-01|Denver Nuggets|Los Angeles Clippers,,,,2024-12-01|Denver Nuggets|Los Angeles Clippers,0.5605887585374689,"[{""p_home_win"": 0.12117751707493785, ""weight"": 0.25}, {""p_home_win"": 0.5605887585374689, ""weight"": 0.5}, {""p_home_win"": 1.0, ""weight"": 0.25}]",1.8378410487770274,,gssd,"{'home_advantage_points': 1.8239983853664914, 'scale': 0.8433376477801358, 'error_term': 11.347420899467165, 'win_prob_k': 7.5459952530456}",1.0,4
2024-12-02,Atlanta Hawks,New Orleans Pelicans,124,112,False,False,2024-12-02|New Orleans Pelicans|Atlanta Hawks,,,,2024-12-02|New Orleans Pelicans|Atlanta Hawks,0.7865097119104919,"[{""p_home_win"": 0.5730194238209838, ""weight"": 0.25}, {""p_home_win"": 0.7865097119104919, ""weight"": 0.5}, {""p_home_win"": 1.0, ""weight"": 0.25}]",9.787912695312585,,gssd,"{'home_advantage_points': 1.9484051119906303, 'scale': 0.848348090669371, 'error_term': 11.226095801188164, 'win_prob_k': 7.505988997224298}",1.0,12
2024-12-02,Boston Celtics,Miami Heat,108,89,False,False,2024-12-02|Miami Heat|Boston Celtics,,,,2024-12-02|Miami Heat|Boston Celtics,0.7695505659941209,"[{""p_home_win"": 0.5391011319882417, ""weight"": 0.25}, {""p_home_win"": 0.7695505659941209, ""weight"": 0.5}, {""p_home_win"": 1.0, ""weight"": 0.25}]",9.050535390240881,,gssd,"{'home_advantage_points': 1.9484051119906303, 'scale': 0.848348090669371, 'error_term': 11.226095801188164, 'win_prob_k': 7.505988997224298}",1.0,19
2024-12-02,Chicago Bulls,Brooklyn Nets,128,102,False,False,2024-12-02|Brooklyn Nets|Chicago Bulls,,,,2024-12-02|Brooklyn Nets|Chicago Bulls,0.48758681476910437,"[{""p_home_win"": 0.0, ""weight"": 0.25}, {""p_home_win"": 0.48758681476910437, ""weight"": 0.5}, {""p_home_win"": 0.9751736295382087, ""weight"": 0.25}]",-0.37276952497972893,,gssd,"{'home_advantage_points': 1.9484051119906303, 'scale': 0.848348090669371, 'error_term': 11.226095801188164, 'win_prob_k': 7.505988997224298}",1.0,26
2024-12-02,Minnesota Timberwolves,Los Angeles Lakers,109,80,False,False,2024-12-02|Los Angeles Lakers|Minnesota Timberwolves,,,,2024-12-02|Los Angeles Lakers|Minnesota Timberwolves,0.6155153474547304,"[{""p_home_win"": 0.2310306949094607, ""weight"": 0.25}, {""p_home_win"": 0.6155153474547304, ""weight"": 0.5}, {""p_home_win"": 1.0, ""weight"": 0.25}]",3.5319882145734565,,gssd,"{'home_advantage_points': 1.9484051119906303, 'scale': 0.848348090669371, 'error_term': 11.226095801188164, 'win_prob_k': 7.505988997224298}",1.0,29
2024-12-03,Charlotte Hornets,Philadelphia 76ers,104,110,False,False,2024-12-03|Philadelphia 76ers|Charlotte Hornets,,,,2024-12-03|Philadelphia 76ers|Charlotte Hornets,0.6187373449910026,"[{""p_home_win"": 0.23747468998200527, ""weight"": 0.25}, {""p_home_win"": 0.6187373449910026, ""weight"": 0.5}, {""p_home_win"": 1.0, ""weight"": 0.25}]",3.621085774575223,,gssd,"{'home_advantage_points': 2.141686244725621, 'scale': 0.8555563546118191, 'error_term': 11.34107408906907, 'win_prob_k': 7.478610199314794}",0.0,-6
2024-12-03,Cleveland Cavaliers,Washington Wizards,118,87,False,False,2024-12-03|Washington Wizards|Cleveland Cavaliers,,,,2024-12-03|Washington Wizards|Cleveland Cavaliers,0.9548279392185672,"[{""p_home_win"": 0.9096558784371345, ""weight"": 0.25}, {""p_home_win"": 0.9548279392185672, ""weight"": 0.5}, {""p_home_win"": 1.0, ""weight"": 0.25}]",22.81763148117792,,gssd,"{'home_advantage_points': 2.141686244725621, 'scale': 0.8555563546118191, 'error_term': 11.34107408906907, 'win_prob_k': 7.478610199314794}",1.0,31
2024-12-03,Detroit Pistons,Milwaukee Bucks,107,128,False,False,2024-12-03|Milwaukee Bucks|Detroit Pistons,,,,2024-12-03|Milwaukee Bucks|Detroit Pistons,0.514562715175143,"[{""p_home_win"": 0.02912543035028592, ""weight"": 0.25}, {""p_home_win"": 0.514562715175143, ""weight"": 0.5}, {""p_home_win"": 1.0, ""weight"": 0.25}]",0.43575872552994066,,gssd,"{'home_advantage_points': 2.141686244725621, 'scale': 0.8555563546118191, 'error_term': 11.34107408906907, 'win_prob_k': 7.478610199314794}",0.0,-21
2024-12-03,New York Knicks,Orlando Magic,121,106,False,False,2024-12-03|Orlando Magic|New York Knicks,,,,2024-12-03|Orlando Magic|New York Knicks,0.5818655031204438,"[{""p_home_win"": 0.16373100624088766, ""weight"": 0.25}, {""p_home_win"": 0.5818655031204438, ""weight"": 0.5}, {""p_home_win"": 1.0, ""weight"": 0.25}]",2.4712034090819905,,gssd,"{'home_advantage_points': 2.141686244725621, 'scale': 0.8555563546118191, 'error_term': 11.34107408906907, 'win_prob_k': 7.478610199314794}",1.0,15
2024-12-03,Toronto Raptors,Indiana Pacers,122,111,False,False,2024-12-03|Indiana Pacers|Toronto Raptors,,,,2024-12-03|Indiana Pacers|Toronto Raptors,0.5814353424289496,"[{""p_home_win"": 0.16287068485789913, ""weight"": 0.25}, {""p_home_win"": 0.5814353424289496, ""weight"": 0.5}, {""p_home_win"": 1.0, ""weight"": 0.25}]",2.4579828364305887,,gssd,"{'home_advantage_points': 2.141686244725621, 'scale': 0.8555563546118191, 'error_term': 11.34107408906907, 'win_prob_k': 7.478610199314794}",1.0,11
2024-12-03,Oklahoma City Thunder,Utah Jazz,133,106,False,False,2024-12-03|Utah Jazz|Oklahoma City Thunder,,,,2024-12-03|Utah Jazz|Oklahoma City Thunder,0.9245757266891838,"[{""p_home_win"": 0.8491514533783675, ""weight"": 0.25}, {""p_home_win"": 0.9245757266891838, ""weight"": 0.5}, {""p_home_win"": 1.0, ""weight"": 0.25}]",18.742936317546885,,gssd,"{'home_advantage_points': 2.141686244725621, 'scale': 0.8555563546118191, 'error_term': 11.34107408906907, 'win_prob_k': 7.478610199314794}",1.0,27
2024-12-03,Dallas Mavericks,Memphis Grizzlies,121,116,False,False,2024-12-03|Memphis Grizzlies|Dallas Mavericks,,,,2024-12-03|Memphis Grizzlies|Dallas Mavericks,0.5321167901324718,"[{""p_home_win"": 0.06423358026494363, ""weight"": 0.25}, {""p_home_win"": 0.5321167901324718, ""weight"": 0.5}, {""p_home_win"": 1.0, ""weight"": 0.25}]",0.9620804421651168,,gssd,"{'home_advantage_points': 2.141686244725621, 'scale': 0.8555563546118191, 'error_term': 11.34107408906907, 'win_prob_k': 7.478610199314794}",1.0,5
2024-12-03,Phoenix Suns,San Antonio Spurs,104,93,False,False,2024-12-03|San Antonio Spurs|Phoenix Suns,,,,2024-12-03|San Antonio Spurs|Phoenix Suns,0.5553327700735602,"[{""p_home_win"": 0.11066554014712038, ""weight"": 0.25}, {""p_home_win"": 0.5553327700735602, ""weight"": 0.5}, {""p_home_win"": 1.0, ""weight"": 0.25}]",1.6620561671402059,,gssd,"{'home_advantage_points': 2.141686244725621, 'scale': 0.8555563546118191, 'error_term': 11.34107408906907, 'win_prob_k': 7.478610199314794}",1.0,11
2024-12-03,Denver Nuggets,Golden State Warriors,119,115,False,False,2024-12-03|Golden State Warriors|Denver Nuggets,,,,2024-12-03|Golden State Warriors|Denver Nuggets,0.4392229998392133,"[{""p_home_win"": 0.0, ""weight"": 0.25}, {""p_home_win"": 0.4392229998392133, ""weight"": 0.5}, {""p_home_win"": 0.8784459996784266, ""weight"": 0.25}]",-1.827144622501426,,gssd,"{'home_advantage_points': 2.141686244725621, 'scale': 0.8555563546118191, 'error_term': 11.34107408906907, 'win_prob_k': 7.478610199314794}",1.0,4
2024-12-03,Sacramento Kings,Houston Rockets,120,111,False,False,2024-12-03|Houston Rockets|Sacramento Kings,,,,2024-12-03|Houston Rockets|Sacramento Kings,0.35954293627281547,"[{""p_home_win"": 0.0, ""weight"": 0.25}, {""p_home_win"": 0.35954293627281547, ""weight"": 0.5}, {""p_home_win"": 0.7190858725456309, ""weight"": 0.25}]",-4.3177642325936105,,gssd,"{'home_advantage_points': 2.141686244725621, 'scale': 0.8555563546118191, 'error_term': 11.34107408906907, 'win_prob_k': 7.478610199314794}",1.0,9
2024-12-03,Los Angeles Clippers,Portland Trail Blazers,127,105,False,False,2024-12-03|Portland Trail Blazers|Los Angeles Clippers,,,,2024-12-03|Portland Trail Blazers|Los Angeles Clippers,0.7981028649541222,"[{""p_home_win"": 0.5962057299082444, ""weight"": 0.25}, {""p_home_win"": 0.7981028649541222, ""weight"": 0.5}, {""p_home_win"": 1.0, ""weight"": 0.25}]",10.279193844840307,,gssd,"{'home_advantage_points': 2.141686244725621, 'scale': 0.8555563546118191, 'error_term': 11.34107408906907, 'win_prob_k': 7.478610199314794}",1.0,22
2024-12-04,Boston Celtics,Detroit Pistons,130,120,False,False,2024-12-04|Detroit Pistons|Boston Celtics,,,,2024-12-04|Detroit Pistons|Boston Celtics,0.8581781719515902,"[{""p_home_win"": 0.7163563439031804, ""weight"": 0.25}, {""p_home_win"": 0.8581781719515902, ""weight"": 0.5}, {""p_home_win"": 1.0, ""weight"": 0.25}]",13.479498754109486,,gssd,"{'home_advantage_points': 2.2734571114471898, 'scale': 0.8562648317403322, 'error_term': 11.305693703179077, 'win_prob_k': 7.487611239516234}",1.0,10
2024-12-04,Brooklyn Nets,Indiana Pacers,99,90,False,False,2024-12-04|Indiana Pacers|Brooklyn Nets,,,,2024-12-04|Indiana Pacers|Brooklyn Nets,0.5647113261433228,"[{""p_home_win"": 0.1294226522866455, ""weight"": 0.25}, {""p_home_win"": 0.5647113261433228, ""weight"": 0.5}, {""p_home_win"": 1.0, ""weight"": 0.25}]",1.949064473268634,,gssd,"{'home_advantage_points': 2.2734571114471898, 'scale': 0.8562648317403322, 'error_term': 11.305693703179077, 'win_prob_k': 7.487611239516234}",1.0,9
2024-12-04,Miami Heat,Los Angeles Lakers,134,93,False,False,2024-12-04|Los Angeles Lakers|Miami Heat,,,,2024-12-04|Los Angeles Lakers|Miami Heat,0.6474196755670433,"[{""p_home_win"": 0.29483935113408655, ""weight"": 0.25}, {""p_home_win"": 0.6474196755670433, ""weight"": 0.5}, {""p_home_win"": 1.0, ""weight"": 0.25}]",4.550343141302162,,gssd,"{'home_advantage_points': 2.2734571114471898, 'scale': 0.8562648317403322, 'error_term': 11.305693703179077, 'win_prob_k': 7.487611239516234}",1.0,41
2024-12-04,Philadelphia 76ers,Orlando Magic,102,106,False,False,2024-12-04|Orlando Magic|Philadelphia 76ers,,,,2024-12-04|Orlando Magic|Philadelphia 76ers,0.23060608946842195,"[{""p_home_win"": 0.0, ""weight"": 0.25}, {""p_home_win"": 0.23060608946842195, ""weight"": 0.5}, {""p_home_win"": 0.4612121789368439, ""weight"": 0.25}]",-9.02176333962905,,gssd,"{'home_advantage_points': 2.2734571114471898, 'scale': 0.8562648317403322, 'error_term': 11.305693703179077, 'win_prob_k': 7.487611239516234}",0.0,-4
2024-12-04,Milwaukee Bucks,Atlanta Hawks,104,119,False,False,2024-12-04|Atlanta Hawks|Milwaukee Bucks,,,,2024-12-04|Atlanta Hawks|Milwaukee Bucks,0.6800776289085864,"[{""p_home_win"": 0.3601552578171727, ""weight"": 0.25}, {""p_home_win"": 0.6800776289085864, ""weight"": 0.5}, {""p_home_win"": 1.0, ""weight"": 0.25}]",5.646621600121224,,gssd,"{'home_advantage_points': 2.2734571114471898, 'scale': 0.8562648317403322, 'error_term': 11.305693703179077, 'win_prob_k': 7.487611239516234}",0.0,-15
2024-12-04,Los Angeles Clippers,Minnesota Timberwolves,80,108,False,False,2024-12-04|Minnesota Timberwolves|Los Angeles Clippers,,,,2024-12-04|Minnesota Timberwolves|Los Angeles Clippers,0.6036552929420254,"[{""p_home_win"": 0.2073105858840507, ""weight"": 0.25}, {""p_home_win"": 0.6036552929420254, ""weight"": 0.5}, {""p_home_win"": 1.0, ""weight"": 0.25}]",3.150180485204629,,gssd,"{'home_advantage_points': 2.2734571114471898, 'scale': 0.8562648317403322, 'error_term': 11.305693703179077, 'win_prob_k': 7.487611239516234}",0.0,-28
2024-12-05,Cleveland Cavaliers,Denver Nuggets,126,114,False,False,2024-12-05|Denver Nuggets|Cleveland Cavaliers,,,,2024-12-05|Denver Nuggets|Cleveland Cavaliers,0.7697957382184574,"[{""p_home_win"": 0.5395914764369147, ""weight"": 0.25}, {""p_home_win"": 0.7697957382184574, ""weight"": 0.5}, {""p_home_win"": 1.0, ""weight"": 0.25}]",9.151710004953157,,gssd,"{'home_advantage_points': 2.2827666856958095, 'scale': 0.8510259632054964, 'error_term': 11.559438464540591, 'win_prob_k': 7.581201902126445}",1.0,12
2024-12-05,Washington Wizards,Dallas Mavericks,101,137,False,False,2024-12-05|Dallas Mavericks|Washington Wizards,,,,2024-12-05|Dallas Mavericks|Washington Wizards,0.10047415534092875,"[{""p_home_win"": 0.0, ""weight"": 0.25}, {""p_home_win"": 0.10047415534092875, ""weight"": 0.5}, {""p_home_win"": 0.2009483106818575, ""weight"": 0.25}]",-16.617746297131724,,gssd,"{'home_advantage_points': 2.2827666856958095, 'scale': 0.8510259632054964, 'error_term': 11.559438464540591, 'win_prob_k': 7.581201902126445}",0.0,-36
2024-12-05,New York Knicks,Charlotte Hornets,125,101,False,False,2024-12-05|Charlotte Hornets|New York Knicks,,,,2024-12-05|Charlotte Hornets|New York Knicks,0.8549733333376902,"[{""p_home_win"": 0.7099466666753804, ""weight"": 0.25}, {""p_home_win"": 0.8549733333376902, ""weight"": 0.5}, {""p_home_win"": 1.0, ""weight"": 0.25}]",13.45020941333632,,gssd,"{'home_advantage_points': 2.2827666856958095, 'scale': 0.8510259632054964, 'error_term': 11.559438464540591, 'win_prob_k': 7.581201902126445}",1.0,24
2024-12-05,Toronto Raptors,Oklahoma City Thunder,92,129,False,False,2024-12-05|Oklahoma City Thunder|Toronto Raptors,,,,2024-12-05|Oklahoma City Thunder|Toronto Raptors,0.22331074506762955,"[{""p_home_win"": 0.0, ""weight"": 0.25}, {""p_home_win"": 0.22331074506762955, ""weight"": 0.5}, {""p_home_win"": 0.4466214901352591, ""weight"": 0.25}]",-9.449786707041785,,gssd,"{'home_advantage_points': 2.2827666856958095, 'scale': 0.8510259632054964, 'error_term': 11.559438464540591, 'win_prob_k': 7.581201902126445}",0.0,-37
2024-12-05,Memphis Grizzlies,Sacramento Kings,115,110,False,False,2024-12-05|Sacramento Kings|Memphis Grizzlies,,,,2024-12-05|Sacramento Kings|Memphis Grizzlies,0.7478141258089498,"[{""p_home_win"": 0.4956282516178996, ""weight"": 0.25}, {""p_home_win"": 0.7478141258089498, ""weight"": 0.5}, {""p_home_win"": 1.0, ""weight"": 0.25}]",8.240675800752404,,gssd,"{'home_advantage_points': 2.2827666856958095, 'scale': 0.8510259632054964, 'error_term': 11.559438464540591, 'win_prob_k': 7.581201902126445}",1.0,5
2024-12-05,New Orleans Pelicans,Phoenix Suns,126,124,False,False,2024-12-05|Phoenix Suns|New Orleans Pelicans,,,,2024-12-05|Phoenix Suns|New Orleans Pelicans,0.27456579109099477,"[{""p_home_win"": 0.0, ""weight"": 0.25}, {""p_home_win"": 0.27456579109099477, ""weight"": 0.5}, {""p_home_win"": 0.5491315821819895, ""weight"": 0.25}]",-7.365740172146504,,gssd,"{'home_advantage_points': 2.2827666856958095, 'scale': 0.8510259632054964, 'error_term': 11.559438464540591, 'win_prob_k': 7.581201902126445}",1.0,2
2024-12-05,San Antonio Spurs,Chicago Bulls,124,139,False,False,2024-12-05|Chicago Bulls|San Antonio Spurs,,,,2024-12-05|Chicago Bulls|San Antonio Spurs,0.6685167348871424,"[{""p_home_win"": 0.3370334697742847, ""weight"": 0.25}, {""p_home_win"": 0.6685167348871424, ""weight"": 0.5}, {""p_home_win"": 1.0, ""weight"": 0.25}]",5.318092621128749,,gssd,"{'home_advantage_points': 2.2827666856958095, 'scale': 0.8510259632054964, 'error_term': 11.559438464540591, 'win_prob_k': 7.581201902126445}",0.0,-15
2024-12-05,Golden State Warriors,Houston Rockets,99,93,False,False,2024-12-05|Houston Rockets|Golden State Warriors,,,,2024-12-05|Houston Rockets|Golden State Warriors,0.5389491998118202,"[{""p_home_win"": 0.07789839962364042, ""weight"": 0.25}, {""p_home_win"": 0.5389491998118202, ""weight"": 0.5}, {""p_home_win"": 1.0, ""weight"": 0.25}]",1.1835248165553847,,gssd,"{'home_advantage_points': 2.2827666856958095, 'scale': 0.8510259632054964, 'error_term': 11.559438464540591, 'win_prob_k': 7.581201902126445}",1.0,6
2024-12-06,Philadelphia 76ers,Orlando Magic,102,94,False,False,2024-12-06|Orlando Magic|Philadelphia 76ers,,,,2024-12-06|Orlando Magic|Philadelphia 76ers,0.23719602552966035,"[{""p_home_win"": 0.0, ""weight"": 0.25}, {""p_home_win"": 0.23719602552966035, ""weight"": 0.5}, {""p_home_win"": 0.4743920510593207, ""weight"": 0.25}]",-8.981809821755938,,gssd,"{'home_advantage_points': 2.1823886144949975, 'scale': 0.8486299487015068, 'error_term': 11.628226175862205, 'win_prob_k': 7.689154048731302}",1.0,8
2024-12-06,Atlanta Hawks,Los Angeles Lakers,134,132,False,False,2024-12-06|Los Angeles Lakers|Atlanta Hawks,,,,2024-12-06|Los Angeles Lakers|Atlanta Hawks,0.6227452186489569,"[{""p_home_win"": 0.24549043729791387, ""weight"": 0.25}, {""p_home_win"": 0.6227452186489569, ""weight"": 0.5}, {""p_home_win"": 1.0, ""weight"": 0.25}]",3.853932452846456,,gssd,"{'home_advantage_points': 2.1823886144949975, 'scale': 0.8486299487015068, 'error_term': 11.628226175862205, 'win_prob_k': 7.689154048731302}",1.0,2
2024-12-06,Boston Celtics,Milwaukee Bucks,111,105,False,False,2024-12-06|Milwaukee Bucks|Boston Celtics,,,,2024-12-06|Milwaukee Bucks|Boston Celtics,0.7961518937822877,"[{""p_home_win"": 0.5923037875645754, ""weight"": 0.25}, {""p_home_win"": 0.7961518937822877, ""weight"": 0.5}, {""p_home_win"": 1.0, ""weight"": 0.25}]",10.475817658623367,,gssd,"{'home_advantage_points': 2.1823886144949975, 'scale': 0.8486299487015068, 'error_term': 11.628226175862205, 'win_prob_k': 7.689154048731302}",1.0,6
2024-12-06,Chicago Bulls,Indiana Pacers,123,132,False,False,2024-12-06|Indiana Pacers|Chicago Bulls,,,,2024-12-06|Indiana Pacers|Chicago Bulls,0.57826706568798,"[{""p_home_win"": 0.15653413137596006, ""weight"": 0.25}, {""p_home_win"": 0.57826706568798, ""weight"": 0.5}, {""p_home_win"": 1.0, ""weight"": 0.25}]",2.427185715081966,,gssd,"{'home_advantage_points': 2.1823886144949975, 'scale': 0.8486299487015068, 'error_term': 11.628226175862205, 'win_prob_k': 7.689154048731302}",0.0,-9
2024-12-06,San Antonio Spurs,Sacramento Kings,113,140,False,False,2024-12-06|Sacramento Kings|San Antonio Spurs,,,,2024-12-06|Sacramento Kings|San Antonio Spurs,0.5161213007414109,"[{""p_home_win"": 0.032242601482821875, ""weight"": 0.25}, {""p_home_win"": 0.5161213007414109, ""weight"": 0.5}, {""p_home_win"": 1.0, ""weight"": 0.25}]",0.49600858822918137,,gssd,"{'home_advantage_points': 2.1823886144949975, 'scale': 0.8486299487015068, 'error_term': 11.628226175862205, 'win_prob_k': 7.689154048731302}",0.0,-27
2024-12-06,Golden State Warriors,Minnesota Timberwolves,90,107,False,False,2024-12-06|Minnesota Timberwolves|Golden State Warriors,,,,2024-12-06|Minnesota Timberwolves|Golden State Warriors,0.6359612720347645,"[{""p_home_win"": 0.271922544069529, ""weight"": 0.25}, {""p_home_win"": 0.6359612720347645, ""weight"": 0.5}, {""p_home_win"": 1.0, ""weight"": 0.25}]",4.2896053532783025,,gssd,"{'home_advantage_points': 2.1823886144949975, 'scale': 0.8486299487015068, 'error_term': 11.628226175862205, 'win_prob_k': 7.689154048731302}",0.0,-17
2024-12-06,Portland Trail Blazers,Utah Jazz,99,141,False,False,2024-12-06|Utah Jazz|Portland Trail Blazers,,,,2024-12-06|Utah Jazz|Portland Trail Blazers,0.6342238072137001,"[{""p_home_win"": 0.26844761442740017, ""weight"": 0.25}, {""p_home_win"": 0.6342238072137001, ""weight"": 0.5}, {""p_home_win"": 1.0, ""weight"": 0.25}]",4.231958520904394,,gssd,"{'home_advantage_points': 2.1823886144949975, 'scale': 0.8486299487015068, 'error_term': 11.628226175862205, 'win_prob_k': 7.689154048731302}",0.0,-42
2024-12-07,Charlotte Hornets,Cleveland Cavaliers,102,116,False,False,2024-12-07|Cleveland Cavaliers|Charlotte Hornets,,,,2024-12-07|Cleveland Cavaliers|Charlotte Hornets,0.18210396544320284,"[{""p_home_win"": 0.0, ""weight"": 0.25}, {""p_home_win"": 0.18210396544320284, ""weight"": 0.5}, {""p_home_win"": 0.3642079308864057, ""weight"": 0.25}]",-11.819456522963302,,gssd,"{'home_advantage_points': 1.906860701368162, 'scale': 0.8498689351346571, 'error_term': 11.961125550640372, 'win_prob_k': 7.868320578262853}",0.0,-14
2024-12-07,New Orleans Pelicans,Oklahoma City Thunder,109,119,False,False,2024-12-07|Oklahoma City Thunder|New Orleans Pelicans,,,,2024-12-07|Oklahoma City Thunder|New Orleans Pelicans,0.0890094525725151,"[{""p_home_win"": 0.0, ""weight"": 0.25}, {""p_home_win"": 0.0890094525725151, ""weight"": 0.5}, {""p_home_win"": 0.1780189051450302, ""weight"": 0.25}]",-18.300060911663067,,gssd,"{'home_advantage_points': 1.906860701368162, 'scale': 0.8498689351346571, 'error_term': 11.961125550640372, 'win_prob_k': 7.868320578262853}",0.0,-10
2024-12-07,Washington Wizards,Denver Nuggets,122,113,False,False,2024-12-07|Denver Nuggets|Washington Wizards,,,,2024-12-07|Denver Nuggets|Washington Wizards,0.15563664030975782,"[{""p_home_win"": 0.0, ""weight"": 0.25}, {""p_home_win"": 0.15563664030975782, ""weight"": 0.5}, {""p_home_win"": 0.31127328061951565, ""weight"": 0.25}]",-13.305793237542211,,gssd,"{'home_advantage_points': 1.906860701368162, 'scale': 0.8498689351346571, 'error_term': 11.961125550640372, 'win_prob_k': 7.868320578262853}",1.0,9
2024-12-07,New York Knicks,Detroit Pistons,111,120,False,False,2024-12-07|Detroit Pistons|New York Knicks,,,,2024-12-07|Detroit Pistons|New York Knicks,0.8146462726259507,"[{""p_home_win"": 0.6292925452519014, ""weight"": 0.25}, {""p_home_win"": 0.8146462726259507, ""weight"": 0.5}, {""p_home_win"": 1.0, ""weight"": 0.25}]",11.648953868885517,,gssd,"{'home_advantage_points': 1.906860701368162, 'scale': 0.8498689351346571, 'error_term': 11.961125550640372, 'win_prob_k': 7.868320578262853}",0.0,-9
2024-12-07,Toronto Raptors,Dallas Mavericks,118,125,False,False,2024-12-07|Dallas Mavericks|Toronto Raptors,,,,2024-12-07|Dallas Mavericks|Toronto Raptors,0.24668175646729795,"[{""p_home_win"": 0.0, ""weight"": 0.25}, {""p_home_win"": 0.24668175646729795, ""weight"": 0.5}, {""p_home_win"": 0.4933635129345959, ""weight"": 0.25}]",-8.784104198564398,,gssd,"{'home_advantage_points': 1.906860701368162, 'scale': 0.8498689351346571, 'error_term': 11.961125550640372, 'win_prob_k': 7.868320578262853}",0.0,-7
2024-12-07,Boston Celtics,Memphis Grizzlies,121,127,False,False,2024-12-07|Memphis Grizzlies|Boston Celtics,,,,2024-12-07|Memphis Grizzlies|Boston Celtics,0.6333885627136484,"[{""p_home_win"": 0.2667771254272968, ""weight"": 0.25}, {""p_home_win"": 0.6333885627136484, ""weight"": 0.5}, {""p_home_win"": 1.0, ""weight"": 0.25}]",4.302252472727136,,gssd,"{'home_advantage_points': 1.906860701368162, 'scale': 0.8498689351346571, 'error_term': 11.961125550640372, 'win_prob_k': 7.868320578262853}",0.0,-6
2024-12-07,Miami Heat,Phoenix Suns,121,111,False,False,2024-12-07|Phoenix Suns|Miami Heat,,,,2024-12-07|Phoenix Suns|Miami Heat,0.6442037115853908,"[{""p_home_win"": 0.2884074231707816, ""weight"": 0.25}, {""p_home_win"": 0.6442037115853908, ""weight"": 0.5}, {""p_home_win"": 1.0, ""weight"": 0.25}]",4.671080874230374,,gssd,"{'home_advantage_points': 1.906860701368162, 'scale': 0.8498689351346571, 'error_term': 11.961125550640372, 'win_prob_k': 7.868320578262853}",1.0,10
2024-12-08,Chicago Bulls,Philadelphia 76ers,100,108,False,False,2024-12-08|Philadelphia 76ers|Chicago Bulls,,,,2024-12-08|Philadelphia 76ers|Chicago Bulls,0.6000025841247174,"[{""p_home_win"": 0.20000516824943482, ""weight"": 0.25}, {""p_home_win"": 0.6000025841247174, ""weight"": 0.5}, {""p_home_win"": 1.0, ""weight"": 0.25}]",3.2134359266030232,,gssd,"{'home_advantage_points': 1.9215517742069812, 'scale': 0.8404887797663033, 'error_term': 11.972957207428617, 'win_prob_k': 7.92509769952974}",0.0,-8
2024-12-08,Brooklyn Nets,Milwaukee Bucks,113,118,False,False,2024-12-08|Milwaukee Bucks|Brooklyn Nets,,,,2024-12-08|Milwaukee Bucks|Brooklyn Nets,0.4510818416900589,"[{""p_home_win"": 0.0, ""weight"": 0.25}, {""p_home_win"": 0.4510818416900589, ""weight"": 0.5}, {""p_home_win"": 0.9021636833801178, ""weight"": 0.25}]",-1.555701164646687,,gssd,"{'home_advantage_points': 1.9215517742069812, 'scale': 0.8404887797663033, 'error_term': 11.972957207428617, 'win_prob_k': 7.92509769952974}",0.0,-5
2024-12-08,Indiana Pacers,Charlotte Hornets,109,113,False,False,2024-12-08|Charlotte Hornets|Indiana Pacers,,,,2024-12-08|Charlotte Hornets|Indiana Pacers,0.6431144067186076,"[{""p_home_win"": 0.2862288134372153, ""weight"": 0.25}, {""p_home_win"": 0.6431144067186076, ""weight"": 0.5}, {""p_home_win"": 1.0, ""weight"": 0.25}]",4.66714845477691,,gssd,"{'home_advantage_points': 1.9215517742069812, 'scale': 0.8404887797663033, 'error_term': 11.972957207428617, 'win_prob_k': 7.92509769952974}",0.0,-4
2024-12-08,Atlanta Hawks,Denver Nuggets,111,141,False,False,2024-12-08|Denver Nuggets|Atlanta Hawks,,,,2024-12-08|Denver Nuggets|Atlanta Hawks,0.5031901219669472,"[{""p_home_win"": 0.006380243933894469, ""weight"": 0.25}, {""p_home_win"": 0.5031901219669472, ""weight"": 0.5}, {""p_home_win"": 1.0, ""weight"": 0.25}]",0.10112948530405741,,gssd,"{'home_advantage_points': 1.9215517742069812, 'scale': 0.8404887797663033, 'error_term': 11.972957207428617, 'win_prob_k': 7.92509769952974}",0.0,-30
2024-12-08,Miami Heat,Cleveland Cavaliers,122,113,False,False,2024-12-08|Cleveland Cavaliers|Miami Heat,,,,2024-12-08|Cleveland Cavaliers|Miami Heat,0.36710017714841353,"[{""p_home_win"": 0.0, ""weight"": 0.25}, {""p_home_win"": 0.36710017714841353, ""weight"": 0.5}, {""p_home_win"": 0.7342003542968271, ""weight"": 0.25}]",-4.316621441850714,,gssd,"{'home_advantage_points': 1.9215517742069812, 'scale': 0.8404887797663033, 'error_term': 11.972957207428617, 'win_prob_k': 7.92509769952974}",1.0,9
2024-12-08,Orlando Magic,Phoenix Suns,115,110,False,False,2024-12-08|Phoenix Suns|Orlando Magic,,,,2024-12-08|Phoenix Suns|Orlando Magic,0.7432603298959872,"[{""p_home_win"": 0.48652065979197445, ""weight"": 0.25}, {""p_home_win"": 0.7432603298959872, ""weight"": 0.5}, {""p_home_win"": 1.0, ""weight"": 0.25}]",8.424250034885027,,gssd,"{'home_advantage_points': 1.9215517742069812, 'scale': 0.8404887797663033, 'error_term': 11.972957207428617, 'win_prob_k': 7.92509769952974}",1.0,5
2024-12-08,San Antonio Spurs,New Orleans Pelicans,121,116,False,False,2024-12-08|New Orleans Pelicans|San Antonio Spurs,,,,2024-12-08|New Orleans Pelicans|San Antonio Spurs,0.7733372136552502,"[{""p_home_win"": 0.5466744273105004, ""weight"": 0.25}, {""p_home_win"": 0.7733372136552502, ""weight"": 0.5}, {""p_home_win"": 1.0, ""weight"": 0.25}]",9.726090443465512,,gssd,"{'home_advantage_points': 1.9215517742069812, 'scale': 0.8404887797663033, 'error_term': 11.972957207428617, 'win_prob_k': 7.92509769952974}",1.0,5
2024-12-08,Washington Wizards,Memphis Grizzlies,112,140,False,False,2024-12-08|Memphis Grizzlies|Washington Wizards,,,,2024-12-08|Memphis Grizzlies|Washington Wizards,0.09929852136200716,"[{""p_home_win"": 0.0, ""weight"": 0.25}, {""p_home_win"": 0.09929852136200716, ""weight"": 0.5}, {""p_home_win"": 0.19859704272401432, ""weight"": 0.25}]",-17.475182792607587,,gssd,"{'home_advantage_points': 1.9215517742069812, 'scale': 0.8404887797663033, 'error_term': 11.972957207428617, 'win_prob_k': 7.92509769952974}",0.0,-28
2024-12-08,Golden State Warriors,Minnesota Timberwolves,114,106,False,False,2024-12-08|Minnesota Timberwolves|Golden State Warriors,,,,2024-12-08|Minnesota Timberwolves|Golden State Warriors,0.5759518103954042,"[{""p_home_win"": 0.15190362079080844, ""weight"": 0.25}, {""p_home_win"": 0.5759518103954042, ""weight"": 0.5}, {""p_home_win"": 1.0, ""weight"": 0.25}]",2.4264817759908293,,gssd,"{'home_advantage_points': 1.9215517742069812, 'scale': 0.8404887797663033, 'error_term': 11.972957207428617, 'win_prob_k': 7.92509769952974}",1.0,8
2024-12-08,Los Angeles Clippers,Houston Rockets,106,117,False,False,2024-12-08|Houston Rockets|Los Angeles Clippers,,,,2024-12-08|Houston Rockets|Los Angeles Clippers,0.42772609149374563,"[{""p_home_win"": 0.0, ""weight"": 0.25}, {""p_home_win"": 0.42772609149374563, ""weight"": 0.5}, {""p_home_win"": 0.8554521829874913, ""weight"": 0.25}]",-2.307271101478662,,gssd,"{'home_advantage_points': 1.9215517742069812, 'scale': 0.8404887797663033, 'error_term': 11.972957207428617, 'win_prob_k': 7.92509769952974}",0.0,-11
2024-12-08,Sacramento Kings,Utah Jazz,141,97,False,False,2024-12-08|Utah Jazz|Sacramento Kings,,,,2024-12-08|Utah Jazz|Sacramento Kings,0.7764603948714373,"[{""p_home_win"": 0.5529207897428745, ""weight"": 0.25}, {""p_home_win"": 0.7764603948714373, ""weight"": 0.5}, {""p_home_win"": 1.0, ""weight"": 0.25}]",9.867991146542945,,gssd,"{'home_advantage_points': 1.9215517742069812, 'scale': 0.8404887797663033, 'error_term': 11.972957207428617, 'win_prob_k': 7.92509769952974}",1.0,44
2024-12-08,Los Angeles Lakers,Portland Trail Blazers,107,98,False,False,2024-12-08|Portland Trail Blazers|Los Angeles Lakers,,,,2024-12-08|Portland Trail Blazers|Los Angeles Lakers,0.7103368031704597,"[{""p_home_win"": 0.4206736063409193, ""weight"": 0.25}, {""p_home_win"": 0.7103368031704597, ""weight"": 0.5}, {""p_home_win"": 1.0, ""weight"": 0.25}]",7.108974074035024,,gssd,"{'home_advantage_points': 1.9215517742069812, 'scale': 0.8404887797663033, 'error_term': 11.972957207428617, 'win_prob_k': 7.92509769952974}",1.0,9
2024-12-09,Toronto Raptors,New York Knicks,108,113,False,False,2024-12-09|New York Knicks|Toronto Raptors,,,,2024-12-09|New York Knicks|Toronto Raptors,0.2627815667243236,"[{""p_home_win"": 0.0, ""weight"": 0.25}, {""p_home_win"": 0.2627815667243236, ""weight"": 0.5}, {""p_home_win"": 0.5255631334486472, ""weight"": 0.25}]",-8.328533945711694,,gssd,"{'home_advantage_points': 1.8390410193865874, 'scale': 0.850250171297417, 'error_term': 12.047963186913762, 'win_prob_k': 8.073718605414932}",0.0,-5
2024-12-10,Milwaukee Bucks,Orlando Magic,114,109,False,False,2024-12-10|Orlando Magic|Milwaukee Bucks,,,,2024-12-10|Orlando Magic|Milwaukee Bucks,0.4146603870954487,"[{""p_home_win"": 0.0, ""weight"": 0.25}, {""p_home_win"": 0.4146603870954487, ""weight"": 0.5}, {""p_home_win"": 0.8293207741908974, ""weight"": 0.25}]",-2.768474279096319,,gssd,"{'home_advantage_points': 1.8490616460185152, 'scale': 0.8482860611880709, 'error_term': 12.033020577529426, 'win_prob_k': 8.030792862668054}",1.0,5
2024-12-10,Oklahoma City Thunder,Dallas Mavericks,118,104,False,False,2024-12-10|Dallas Mavericks|Oklahoma City Thunder,,,,2024-12-10|Dallas Mavericks|Oklahoma City Thunder,0.6569187569667461,"[{""p_home_win"": 0.31383751393349213, ""weight"": 0.25}, {""p_home_win"": 0.6569187569667461, ""weight"": 0.5}, {""p_home_win"": 1.0, ""weight"": 0.25}]",5.216747422151232,,gssd,"{'home_advantage_points': 1.8490616460185152, 'scale': 0.8482860611880709, 'error_term': 12.033020577529426, 'win_prob_k': 8.030792862668054}",1.0,14
2024-12-11,New York Knicks,Atlanta Hawks,100,108,False,False,2024-12-11|Atlanta Hawks|New York Knicks,,,,2024-12-11|Atlanta Hawks|New York Knicks,0.7852193930596865,"[{""p_home_win"": 0.5704387861193729, ""weight"": 0.25}, {""p_home_win"": 0.7852193930596865, ""weight"": 0.5}, {""p_home_win"": 1.0, ""weight"": 0.25}]",10.394179010921608,,gssd,"{'home_advantage_points': 1.8888099442406565, 'scale': 0.8513555177428482, 'error_term': 12.01348401808609, 'win_prob_k': 8.018058698078715}",0.0,-8
2024-12-11,Houston Rockets,Golden State Warriors,91,90,False,False,2024-12-11|Golden State Warriors|Houston Rockets,,,,2024-12-11|Golden State Warriors|Houston Rockets,0.6135852776225698,"[{""p_home_win"": 0.22717055524513952, ""weight"": 0.25}, {""p_home_win"": 0.6135852776225698, ""weight"": 0.5}, {""p_home_win"": 1.0, ""weight"": 0.25}]",3.7076149139640115,,gssd,"{'home_advantage_points': 1.8888099442406565, 'scale': 0.8513555177428482, 'error_term': 12.01348401808609, 'win_prob_k': 8.018058698078715}",1.0,1
2024-12-12,Boston Celtics,Detroit Pistons,123,99,False,False,2024-12-12|Detroit Pistons|Boston Celtics,,,,2024-12-12|Detroit Pistons|Boston Celtics,0.8259494576365162,"[{""p_home_win"": 0.6518989152730323, ""weight"": 0.25}, {""p_home_win"": 0.8259494576365162, ""weight"": 0.5}, {""p_home_win"": 1.0, ""weight"": 0.25}]",12.518253870483456,,gssd,"{'home_advantage_points': 1.8282539917926508, 'scale': 0.8528484800007571, 'error_term': 12.02113261029224, 'win_prob_k': 8.039013311555202}",1.0,24
2024-12-12,Miami Heat,Toronto Raptors,114,104,False,False,2024-12-12|Toronto Raptors|Miami Heat,,,,2024-12-12|Toronto Raptors|Miami Heat,0.7432919415628462,"[{""p_home_win"": 0.48658388312569234, ""weight"": 0.25}, {""p_home_win"": 0.7432919415628462, ""weight"": 0.5}, {""p_home_win"": 1.0, ""weight"": 0.25}]",8.546672262567842,,gssd,"{'home_advantage_points': 1.8282539917926508, 'scale': 0.8528484800007571, 'error_term': 12.02113261029224, 'win_prob_k': 8.039013311555202}",1.0,10
2024-12-12,New Orleans Pelicans,Sacramento Kings,109,111,False,False,2024-12-12|Sacramento Kings|New Orleans Pelicans,,,,2024-12-12|Sacramento Kings|New Orleans Pelicans,0.21069781588403283,"[{""p_home_win"": 0.0, ""weight"": 0.25}, {""p_home_win"": 0.21069781588403283, ""weight"": 0.5}, {""p_home_win"": 0.42139563176806566, ""weight"": 0.25}]",-10.617320141038903,,gssd,"{'home_advantage_points': 1.8282539917926508, 'scale': 0.8528484800007571, 'error_term': 12.02113261029224, 'win_prob_k': 8.039013311555202}",0.0,-2
2024-12-13,Cleveland Cavaliers,Washington Wizards,115,105,False,False,2024-12-13|Washington Wizards|Cleveland Cavaliers,,,,2024-12-13|Washington Wizards|Cleveland Cavaliers,0.9517981455955644,"[{""p_home_win"": 0.9035962911911288, ""weight"": 0.25}, {""p_home_win"": 0.9517981455955644, ""weight"": 0.5}, {""p_home_win"": 1.0, ""weight"": 0.25}]",23.675186920388782,,gssd,"{'home_advantage_points': 1.875201306073495, 'scale': 0.8480199176375105, 'error_term': 11.99625819048178, 'win_prob_k': 7.9368220625778285}",1.0,10
2024-12-13,Philadelphia 76ers,Indiana Pacers,107,121,False,False,2024-12-13|Indiana Pacers|Philadelphia 76ers,,,,2024-12-13|Indiana Pacers|Philadelphia 76ers,0.5260004700634824,"[{""p_home_win"": 0.05200094012696477, ""weight"": 0.25}, {""p_home_win"": 0.5260004700634824, ""weight"": 0.5}, {""p_home_win"": 1.0, ""weight"": 0.25}]",0.8261896547102034,,gssd,"{'home_advantage_points': 1.875201306073495, 'scale': 0.8480199176375105, 'error_term': 11.99625819048178, 'win_prob_k': 7.9368220625778285}",0.0,-14
2024-12-13,Chicago Bulls,Charlotte Hornets,109,95,False,False,2024-12-13|Charlotte Hornets|Chicago Bulls,,,,2024-12-13|Charlotte Hornets|Chicago Bulls,0.6105921621541723,"[{""p_home_win"": 0.22118432430834467, ""weight"": 0.25}, {""p_home_win"": 0.6105921621541723, ""weight"": 0.5}, {""p_home_win"": 1.0, ""weight"": 0.25}]",3.5699986213226733,,gssd,"{'home_advantage_points': 1.875201306073495, 'scale': 0.8480199176375105, 'error_term': 11.99625819048178, 'win_prob_k': 7.9368220625778285}",1.0,14
2024-12-13,Memphis Grizzlies,Brooklyn Nets,135,119,False,False,2024-12-13|Brooklyn Nets|Memphis Grizzlies,,,,2024-12-13|Brooklyn Nets|Memphis Grizzlies,0.8246306985698381,"[{""p_home_win"": 0.6492613971396761, ""weight"": 0.25}, {""p_home_win"": 0.8246306985698381, ""weight"": 0.5}, {""p_home_win"": 1.0, ""weight"": 0.25}]",12.28653075443132,,gssd,"{'home_advantage_points': 1.875201306073495, 'scale': 0.8480199176375105, 'error_term': 11.99625819048178, 'win_prob_k': 7.9368220625778285}",1.0,16
2024-12-13,Minnesota Timberwolves,Los Angeles Lakers,97,87,False,False,2024-12-13|Los Angeles Lakers|Minnesota Timberwolves,,,,2024-12-13|Los Angeles Lakers|Minnesota Timberwolves,0.723396008761017,"[{""p_home_win"": 0.4467920175220339, ""weight"": 0.25}, {""p_home_win"": 0.723396008761017, ""weight"": 0.5}, {""p_home_win"": 1.0, ""weight"": 0.25}]",7.630222256450907,,gssd,"{'home_advantage_points': 1.875201306073495, 'scale': 0.8480199176375105, 'error_term': 11.99625819048178, 'win_prob_k': 7.9368220625778285}",1.0,10
2024-12-13,Denver Nuggets,Los Angeles Clippers,120,98,False,False,2024-12-13|Los Angeles Clippers|Denver Nuggets,,,,2024-12-13|Los Angeles Clippers|Denver Nuggets,0.5734452785675886,"[{""p_home_win"": 0.1468905571351773, ""weight"": 0.25}, {""p_home_win"": 0.5734452785675886, ""weight"": 0.5}, {""p_home_win"": 1.0, ""weight"": 0.25}]",2.348679093421102,,gssd,"{'home_advantage_points': 1.875201306073495, 'scale': 0.8480199176375105, 'error_term': 11.99625819048178, 'win_prob_k': 7.9368220625778285}",1.0,22
2024-12-13,Utah Jazz,Phoenix Suns,126,134,False,False,2024-12-13|Phoenix Suns|Utah Jazz,,,,2024-12-13|Phoenix Suns|Utah Jazz,0.3370698836307645,"[{""p_home_win"": 0.0, ""weight"": 0.25}, {""p_home_win"": 0.3370698836307645, ""weight"": 0.5}, {""p_home_win"": 0.674139767261529, ""weight"": 0.25}]",-5.368302157080245,,gssd,"{'home_advantage_points': 1.875201306073495, 'scale': 0.8480199176375105, 'error_term': 11.99625819048178, 'win_prob_k': 7.9368220625778285}",0.0,-8
2024-12-13,Portland Trail Blazers,San Antonio Spurs,116,118,False,False,2024-12-13|San Antonio Spurs|Portland Trail Blazers,,,,2024-12-13|San Antonio Spurs|Portland Trail Blazers,0.37586187290204515,"[{""p_home_win"": 0.0, ""weight"": 0.25}, {""p_home_win"": 0.37586187290204515, ""weight"": 0.5}, {""p_home_win"": 0.7517237458040903, ""weight"": 0.25}]",-4.025159188463113,,gssd,"{'home_advantage_points': 1.875201306073495, 'scale': 0.8480199176375105, 'error_term': 11.99625819048178, 'win_prob_k': 7.9368220625778285}",0.0,-2
2024-12-14,Milwaukee Bucks,Atlanta Hawks,110,102,False,False,2024-12-14|Atlanta Hawks|Milwaukee Bucks,,,,2024-12-14|Atlanta Hawks|Milwaukee Bucks,0.6437630908308346,"[{""p_home_win"": 0.2875261816616692, ""weight"": 0.25}, {""p_home_win"": 0.6437630908308346, ""weight"": 0.5}, {""p_home_win"": 1.0, ""weight"": 0.25}]",4.567822363087456,,gssd,"{'home_advantage_points': 1.906213398297916, 'scale': 0.8458001821442316, 'error_term': 11.971058783289488, 'win_prob_k': 7.719374194534993}",1.0,8
2024-12-14,Oklahoma City Thunder,Houston Rockets,111,96,False,False,2024-12-14|Houston Rockets|Oklahoma City Thunder,,,,2024-12-14|Houston Rockets|Oklahoma City Thunder,0.6970015706392232,"[{""p_home_win"": 0.3940031412784464, ""weight"": 0.25}, {""p_home_win"": 0.6970015706392232, ""weight"": 0.5}, {""p_home_win"": 1.0, ""weight"": 0.25}]",6.430702193165613,,gssd,"{'home_advantage_points': 1.906213398297916, 'scale': 0.8458001821442316, 'error_term': 11.971058783289488, 'win_prob_k': 7.719374194534993}",1.0,15
2024-12-15,Indiana Pacers,New Orleans Pelicans,119,104,False,False,2024-12-15|New Orleans Pelicans|Indiana Pacers,,,,2024-12-15|New Orleans Pelicans|Indiana Pacers,0.7649654064337356,"[{""p_home_win"": 0.5299308128674711, ""weight"": 0.25}, {""p_home_win"": 0.7649654064337356, ""weight"": 0.5}, {""p_home_win"": 1.0, ""weight"": 0.25}]",9.069227086958918,,gssd,"{'home_advantage_points': 1.9363194152265335, 'scale': 0.8481671354213636, 'error_term': 11.95053679113749, 'win_prob_k': 7.685148043983579}",1.0,15
2024-12-15,Orlando Magic,New York Knicks,91,100,False,False,2024-12-15|New York Knicks|Orlando Magic,,,,2024-12-15|New York Knicks|Orlando Magic,0.5568216290307223,"[{""p_home_win"": 0.1136432580614446, ""weight"": 0.25}, {""p_home_win"": 0.5568216290307223, ""weight"": 0.5}, {""p_home_win"": 1.0, ""weight"": 0.25}]",1.7543088885416462,,gssd,"{'home_advantage_points': 1.9363194152265335, 'scale': 0.8481671354213636, 'error_term': 11.95053679113749, 'win_prob_k': 7.685148043983579}",0.0,-9
2024-12-15,Washington Wizards,Boston Celtics,98,112,False,False,2024-12-15|Boston Celtics|Washington Wizards,,,,2024-12-15|Boston Celtics|Washington Wizards,0.06751380331433526,"[{""p_home_win"": 0.0, ""weight"": 0.25}, {""p_home_win"": 0.06751380331433526, ""weight"": 0.5}, {""p_home_win"": 0.13502760662867053, ""weight"": 0.25}]",-20.177527402344975,,gssd,"{'home_advantage_points': 1.9363194152265335, 'scale': 0.8481671354213636, 'error_term': 11.95053679113749, 'win_prob_k': 7.685148043983579}",0.0,-14
2024-12-15,San Antonio Spurs,Minnesota Timberwolves,92,106,False,False,2024-12-15|Minnesota Timberwolves|San Antonio Spurs,,,,2024-12-15|Minnesota Timberwolves|San Antonio Spurs,0.39885681315826077,"[{""p_home_win"": 0.0, ""weight"": 0.25}, {""p_home_win"": 0.39885681315826077, ""weight"": 0.5}, {""p_home_win"": 0.7977136263165215, ""weight"": 0.25}]",-3.152683397301648,,gssd,"{'home_advantage_points': 1.9363194152265335, 'scale': 0.8481671354213636, 'error_term': 11.95053679113749, 'win_prob_k': 7.685148043983579}",0.0,-14
2024-12-15,Phoenix Suns,Portland Trail Blazers,116,109,False,False,2024-12-15|Portland Trail Blazers|Phoenix Suns,,,,2024-12-15|Portland Trail Blazers|Phoenix Suns,0.7714617980815184,"[{""p_home_win"": 0.5429235961630368, ""weight"": 0.25}, {""p_home_win"": 0.7714617980815184, ""weight"": 0.5}, {""p_home_win"": 1.0, ""weight"": 0.25}]",9.349626396938257,,gssd,"{'home_advantage_points': 1.9363194152265335, 'scale': 0.8481671354213636, 'error_term': 11.95053679113749, 'win_prob_k': 7.685148043983579}",1.0,7
2024-12-15,Golden State Warriors,Dallas Mavericks,133,143,False,False,2024-12-15|Dallas Mavericks|Golden State Warriors,,,,2024-12-15|Dallas Mavericks|Golden State Warriors,0.48943724980822706,"[{""p_home_win"": 0.0, ""weight"": 0.25}, {""p_home_win"": 0.48943724980822706, ""weight"": 0.5}, {""p_home_win"": 0.9788744996164541, ""weight"": 0.25}]",-0.3247535127174286,,gssd,"{'home_advantage_points': 1.9363194152265335, 'scale': 0.8481671354213636, 'error_term': 11.95053679113749, 'win_prob_k': 7.685148043983579}",0.0,-10
2024-12-15,Los Angeles Lakers,Memphis Grizzlies,116,110,False,False,2024-12-15|Memphis Grizzlies|Los Angeles Lakers,,,,2024-12-15|Memphis Grizzlies|Los Angeles Lakers,0.2590351423375811,"[{""p_home_win"": 0.0, ""weight"": 0.25}, {""p_home_win"": 0.2590351423375811, ""weight"": 0.5}, {""p_home_win"": 0.5180702846751623, ""weight"": 0.25}]",-8.077009603666845,,gssd,"{'home_advantage_points': 1.9363194152265335, 'scale': 0.8481671354213636, 'error_term': 11.95053679113749, 'win_prob_k': 7.685148043983579}",1.0,6
2024-12-16,Charlotte Hornets,Philadelphia 76ers,108,121,False,False,2024-12-16|Philadelphia 76ers|Charlotte Hornets,,,,2024-12-16|Philadelphia 76ers|Charlotte Hornets,0.5347957351512127,"[{""p_home_win"": 0.0695914703024254, ""weight"": 0.25}, {""p_home_win"": 0.5347957351512127, ""weight"": 0.5}, {""p_home_win"": 1.0, ""weight"": 0.25}]",1.0636571815947555,,gssd,"{'home_advantage_points': 1.9193648535908874, 'scale': 0.8511021409304983, 'error_term': 11.899025689106747, 'win_prob_k': 7.629799070272531}",0.0,-13
2024-12-16,Detroit Pistons,Miami Heat,125,124,False,False,2024-12-16|Miami Heat|Detroit Pistons,,,,2024-12-16|Miami Heat|Detroit Pistons,0.37332877517288077,"[{""p_home_win"": 0.0, ""weight"": 0.25}, {""p_home_win"": 0.37332877517288077, ""weight"": 0.5}, {""p_home_win"": 0.7466575503457615, ""weight"": 0.25}]",-3.951950370131165,,gssd,"{'home_advantage_points': 1.9193648535908874, 'scale': 0.8511021409304983, 'error_term': 11.899025689106747, 'win_prob_k': 7.629799070272531}",1.0,1
2024-12-16,Brooklyn Nets,Cleveland Cavaliers,101,130,False,False,2024-12-16|Cleveland Cavaliers|Brooklyn Nets,,,,2024-12-16|Cleveland Cavaliers|Brooklyn Nets,0.21942576011328827,"[{""p_home_win"": 0.0, ""weight"": 0.25}, {""p_home_win"": 0.21942576011328827, ""weight"": 0.5}, {""p_home_win"": 0.43885152022657653, ""weight"": 0.25}]",-9.682336343244618,,gssd,"{'home_advantage_points': 1.9193648535908874, 'scale': 0.8511021409304983, 'error_term': 11.899025689106747, 'win_prob_k': 7.629799070272531}",0.0,-29
2024-12-16,Toronto Raptors,Chicago Bulls,121,122,False,False,2024-12-16|Chicago Bulls|Toronto Raptors,,,,2024-12-16|Chicago Bulls|Toronto Raptors,0.5103318505244574,"[{""p_home_win"": 0.020663701048914795, ""weight"": 0.25}, {""p_home_win"": 0.5103318505244574, ""weight"": 0.5}, {""p_home_win"": 1.0, ""weight"": 0.25}]",0.31536466491417725,,gssd,"{'home_advantage_points': 1.9193648535908874, 'scale': 0.8511021409304983, 'error_term': 11.899025689106747, 'win_prob_k': 7.629799070272531}",0.0,-1
2024-12-16,Sacramento Kings,Denver Nuggets,129,130,False,False,2024-12-16|Denver Nuggets|Sacramento Kings,,,,2024-12-16|Denver Nuggets|Sacramento Kings,0.5737170795651182,"[{""p_home_win"": 0.1474341591302364, ""weight"": 0.25}, {""p_home_win"": 0.5737170795651182, ""weight"": 0.5}, {""p_home_win"": 1.0, ""weight"": 0.25}]",2.266303051481848,,gssd,"{'home_advantage_points': 1.9193648535908874, 'scale': 0.8511021409304983, 'error_term': 11.899025689106747, 'win_prob_k': 7.629799070272531}",0.0,-1
2024-12-16,Los Angeles Clippers,Utah Jazz,144,107,False,False,2024-12-16|Utah Jazz|Los Angeles Clippers,,,,2024-12-16|Utah Jazz|Los Angeles Clippers,0.7899380252368505,"[{""p_home_win"": 0.579876050473701, ""weight"": 0.25}, {""p_home_win"": 0.7899380252368505, ""weight"": 0.5}, {""p_home_win"": 1.0, ""weight"": 0.25}]",10.10606476525342,,gssd,"{'home_advantage_points': 1.9193648535908874, 'scale': 0.8511021409304983, 'error_term': 11.899025689106747, 'win_prob_k': 7.629799070272531}",1.0,37
2024-12-17,Oklahoma City Thunder,Milwaukee Bucks,81,97,False,False,2024-12-17|Milwaukee Bucks|Oklahoma City Thunder,,,,2024-12-17|Milwaukee Bucks|Oklahoma City Thunder,0.8138392537369512,"[{""p_home_win"": 0.6276785074739024, ""weight"": 0.25}, {""p_home_win"": 0.8138392537369512, ""weight"": 0.5}, {""p_home_win"": 1.0, ""weight"": 0.25}]",11.371693711492581,,gssd,"{'home_advantage_points': 1.8834834200529875, 'scale': 0.8486370640524229, 'error_term': 11.947493381463024, 'win_prob_k': 7.7088266676915485}",0.0,-16
2024-12-19,Detroit Pistons,Utah Jazz,119,126,False,False,2024-12-19|Utah Jazz|Detroit Pistons,,,,2024-12-19|Utah Jazz|Detroit Pistons,0.7324438866260597,"[{""p_home_win"": 0.4648877732521195, ""weight"": 0.25}, {""p_home_win"": 0.7324438866260597, ""weight"": 0.5}, {""p_home_win"": 1.0, ""weight"": 0.25}]",7.813863197871374,,gssd,"{'home_advantage_points': 1.8143491900722197, 'scale': 0.8476038627211268, 'error_term': 12.011291603046308, 'win_prob_k': 7.759103952475707}",0.0,-7
2024-12-19,Orlando Magic,Oklahoma City Thunder,99,105,False,False,2024-12-19|Oklahoma City Thunder|Orlando Magic,,,,2024-12-19|Oklahoma City Thunder|Orlando Magic,0.3961370041290793,"[{""p_home_win"": 0.0, ""weight"": 0.25}, {""p_home_win"": 0.3961370041290793, ""weight"": 0.5}, {""p_home_win"": 0.7922740082581586, ""weight"": 0.25}]",-3.2711390862254563,,gssd,"{'home_advantage_points': 1.8143491900722197, 'scale': 0.8476038627211268, 'error_term': 12.011291603046308, 'win_prob_k': 7.759103952475707}",0.0,-6
2024-12-19,Washington Wizards,Charlotte Hornets,123,114,False,False,2024-12-19|Charlotte Hornets|Washington Wizards,,,,2024-12-19|Charlotte Hornets|Washington Wizards,0.3139230949583575,"[{""p_home_win"": 0.0, ""weight"": 0.25}, {""p_home_win"": 0.3139230949583575, ""weight"": 0.5}, {""p_home_win"": 0.627846189916715, ""weight"": 0.25}]",-6.066390966654492,,gssd,"{'home_advantage_points': 1.8143491900722197, 'scale': 0.8476038627211268, 'error_term': 12.011291603046308, 'win_prob_k': 7.759103952475707}",1.0,9
2024-12-19,Boston Celtics,Chicago Bulls,108,117,False,False,2024-12-19|Chicago Bulls|Boston Celtics,,,,2024-12-19|Chicago Bulls|Boston Celtics,0.8448240350778584,"[{""p_home_win"": 0.6896480701557168, ""weight"": 0.25}, {""p_home_win"": 0.8448240350778584, ""weight"": 0.5}, {""p_home_win"": 1.0, ""weight"": 0.25}]",13.148334174920098,,gssd,"{'home_advantage_points': 1.8143491900722197, 'scale': 0.8476038627211268, 'error_term': 12.011291603046308, 'win_prob_k': 7.759103952475707}",0.0,-9
2024-12-19,Toronto Raptors,Brooklyn Nets,94,101,False,False,2024-12-19|Brooklyn Nets|Toronto Raptors,,,,2024-12-19|Brooklyn Nets|Toronto Raptors,0.5662203930775206,"[{""p_home_win"": 0.13244078615504118, ""weight"": 0.25}, {""p_home_win"": 0.5662203930775206, ""weight"": 0.5}, {""p_home_win"": 1.0, ""weight"": 0.25}]",2.067388438466992,,gssd,"{'home_advantage_points': 1.8143491900722197, 'scale': 0.8476038627211268, 'error_term': 12.011291603046308, 'win_prob_k': 7.759103952475707}",0.0,-7
2024-12-19,Houston Rockets,New Orleans Pelicans,133,113,False,False,2024-12-19|New Orleans Pelicans|Houston Rockets,,,,2024-12-19|New Orleans Pelicans|Houston Rockets,0.8922008671126328,"[{""p_home_win"": 0.7844017342252656, ""weight"": 0.25}, {""p_home_win"": 0.8922008671126328, ""weight"": 0.5}, {""p_home_win"": 1.0, ""weight"": 0.25}]",16.398258509364574,,gssd,"{'home_advantage_points': 1.8143491900722197, 'scale': 0.8476038627211268, 'error_term': 12.011291603046308, 'win_prob_k': 7.759103952475707}",1.0,20
2024-12-19,Memphis Grizzlies,Golden State Warriors,144,93,False,False,2024-12-19|Golden State Warriors|Memphis Grizzlies,,,,2024-12-19|Golden State Warriors|Memphis Grizzlies,0.6638565550389959,"[{""p_home_win"": 0.32771311007799175, ""weight"": 0.25}, {""p_home_win"": 0.6638565550389959, ""weight"": 0.5}, {""p_home_win"": 1.0, ""weight"": 0.25}]",5.280288318468408,,gssd,"{'home_advantage_points': 1.8143491900722197, 'scale': 0.8476038627211268, 'error_term': 12.011291603046308, 'win_prob_k': 7.759103952475707}",1.0,51
2024-12-19,San Antonio Spurs,Atlanta Hawks,133,126,False,False,2024-12-19|Atlanta Hawks|San Antonio Spurs,,,,2024-12-19|Atlanta Hawks|San Antonio Spurs,0.5563593892205677,"[{""p_home_win"": 0.11271877844113543, ""weight"": 0.25}, {""p_home_win"": 0.5563593892205677, ""weight"": 0.5}, {""p_home_win"": 1.0, ""weight"": 0.25}]",1.7566585700202493,,gssd,"{'home_advantage_points': 1.8143491900722197, 'scale': 0.8476038627211268, 'error_term': 12.011291603046308, 'win_prob_k': 7.759103952475707}",1.0,7
2024-12-19,Dallas Mavericks,Los Angeles Clippers,95,118,False,False,2024-12-19|Los Angeles Clippers|Dallas Mavericks,,,,2024-12-19|Los Angeles Clippers|Dallas Mavericks,0.7147634083779151,"[{""p_home_win"": 0.42952681675583015, ""weight"": 0.25}, {""p_home_win"": 0.7147634083779151, ""weight"": 0.5}, {""p_home_win"": 1.0, ""weight"": 0.25}]",7.1277659045052815,,gssd,"{'home_advantage_points': 1.8143491900722197, 'scale': 0.8476038627211268, 'error_term': 12.011291603046308, 'win_prob_k': 7.759103952475707}",0.0,-23
2024-12-19,Phoenix Suns,Indiana Pacers,111,120,False,False,2024-12-19|Indiana Pacers|Phoenix Suns,,,,2024-12-19|Indiana Pacers|Phoenix Suns,0.6117384383289998,"[{""p_home_win"": 0.22347687665799953, ""weight"": 0.25}, {""p_home_win"": 0.6117384383289998, ""weight"": 0.5}, {""p_home_win"": 1.0, ""weight"": 0.25}]",3.5274869972258855,,gssd,"{'home_advantage_points': 1.8143491900722197, 'scale': 0.8476038627211268, 'error_term': 12.011291603046308, 'win_prob_k': 7.759103952475707}",0.0,-9
2024-12-19,Minnesota Timberwolves,New York Knicks,107,133,False,False,2024-12-19|New York Knicks|Minnesota Timberwolves,,,,2024-12-19|New York Knicks|Minnesota Timberwolves,0.49578592091486995,"[{""p_home_win"": 0.0, ""weight"": 0.25}, {""p_home_win"": 0.49578592091486995, ""weight"": 0.5}, {""p_home_win"": 0.9915718418297399, ""weight"": 0.25}]",-0.13079300771087943,,gssd,"{'home_advantage_points': 1.8143491900722197, 'scale': 0.8476038627211268, 'error_term': 12.011291603046308, 'win_prob_k': 7.759103952475707}",0.0,-26
2024-12-19,Portland Trail Blazers,Denver Nuggets,126,124,False,False,2024-12-19|Denver Nuggets|Portland Trail Blazers,,,,2024-12-19|Denver Nuggets|Portland Trail Blazers,0.258817949442767,"[{""p_home_win"": 0.0, ""weight"": 0.25}, {""p_home_win"": 0.258817949442767, ""weight"": 0.5}, {""p_home_win"": 0.517635898885534, ""weight"": 0.25}]",-8.16351900858636,,gssd,"{'home_advantage_points': 1.8143491900722197, 'scale': 0.8476038627211268, 'error_term': 12.011291603046308, 'win_prob_k': 7.759103952475707}",1.0,2
2024-12-19,Sacramento Kings,Los Angeles Lakers,100,113,False,False,2024-12-19|Los Angeles Lakers|Sacramento Kings,,,,2024-12-19|Los Angeles Lakers|Sacramento Kings,0.7077068161457672,"[{""p_home_win"": 0.4154136322915345, ""weight"": 0.25}, {""p_home_win"": 0.7077068161457672, ""weight"": 0.5}, {""p_home_win"": 1.0, ""weight"": 0.25}]",6.861162665724928,,gssd,"{'home_advantage_points': 1.8143491900722197, 'scale': 0.8476038627211268, 'error_term': 12.011291603046308, 'win_prob_k': 7.759103952475707}",0.0,-13
2024-12-20,Philadelphia 76ers,Charlotte Hornets,108,98,False,False,2024-12-20|Charlotte Hornets|Philadelphia 76ers,,,,2024-12-20|Charlotte Hornets|Philadelphia 76ers,0.6029339734172889,"[{""p_home_win"": 0.20586794683457788, ""weight"": 0.25}, {""p_home_win"": 0.6029339734172889, ""weight"": 0.5}, {""p_home_win"": 1.0, ""weight"": 0.25}]",3.354582925765139,,gssd,"{'home_advantage_points': 1.6437621095018633, 'scale': 0.8589895311782134, 'error_term': 12.345168262191894, 'win_prob_k': 8.030983627956413}",1.0,10
2024-12-20,Cleveland Cavaliers,Milwaukee Bucks,124,101,False,False,2024-12-20|Milwaukee Bucks|Cleveland Cavaliers,,,,2024-12-20|Milwaukee Bucks|Cleveland Cavaliers,0.7555340365940202,"[{""p_home_win"": 0.5110680731880404, ""weight"": 0.25}, {""p_home_win"": 0.7555340365940202, ""weight"": 0.5}, {""p_home_win"": 1.0, ""weight"": 0.25}]",9.061750275176589,,gssd,"{'home_advantage_points': 1.6437621095018633, 'scale': 0.8589895311782134, 'error_term': 12.345168262191894, 'win_prob_k': 8.030983627956413}",1.0,23
2024-12-20,Miami Heat,Oklahoma City Thunder,97,104,False,False,2024-12-20|Oklahoma City Thunder|Miami Heat,,,,2024-12-20|Oklahoma City Thunder|Miami Heat,0.3481020233943905,"[{""p_home_win"": 0.0, ""weight"": 0.25}, {""p_home_win"": 0.3481020233943905, ""weight"": 0.5}, {""p_home_win"": 0.696204046788781, ""weight"": 0.25}]",-5.0385786115227855,,gssd,"{'home_advantage_points': 1.6437621095018633, 'scale': 0.8589895311782134, 'error_term': 12.345168262191894, 'win_prob_k': 8.030983627956413}",0.0,-7
2024-12-21,Sacramento Kings,Los Angeles Lakers,99,103,False,False,2024-12-21|Los Angeles Lakers|Sacramento Kings,,,,2024-12-21|Los Angeles Lakers|Sacramento Kings,0.6709416355656795,"[{""p_home_win"": 0.3418832711313591, ""weight"": 0.25}, {""p_home_win"": 0.6709416355656795, ""weight"": 0.5}, {""p_home_win"": 1.0, ""weight"": 0.25}]",5.680383277741672,,gssd,"{'home_advantage_points': 1.6878120968658947, 'scale': 0.8631390025174924, 'error_term': 12.327630095489582, 'win_prob_k': 7.973060647478096}",0.0,-4
2024-12-21,Orlando Magic,Miami Heat,121,114,False,False,2024-12-21|Miami Heat|Orlando Magic,,,,2024-12-21|Miami Heat|Orlando Magic,0.5990152083094935,"[{""p_home_win"": 0.19803041661898702, ""weight"": 0.25}, {""p_home_win"": 0.5990152083094935, ""weight"": 0.5}, {""p_home_win"": 1.0, ""weight"": 0.25}]",3.200095420846856,,gssd,"{'home_advantage_points': 1.6878120968658947, 'scale': 0.8631390025174924, 'error_term': 12.327630095489582, 'win_prob_k': 7.973060647478096}",1.0,7
2024-12-21,Atlanta Hawks,Memphis Grizzlies,112,128,False,False,2024-12-21|Memphis Grizzlies|Atlanta Hawks,,,,2024-12-21|Memphis Grizzlies|Atlanta Hawks,0.24958271044361371,"[{""p_home_win"": 0.0, ""weight"": 0.25}, {""p_home_win"": 0.24958271044361371, ""weight"": 0.5}, {""p_home_win"": 0.49916542088722743, ""weight"": 0.25}]",-8.777056690868221,,gssd,"{'home_advantage_points': 1.6878120968658947, 'scale': 0.8631390025174924, 'error_term': 12.327630095489582, 'win_prob_k': 7.973060647478096}",0.0,-16
2024-12-21,Brooklyn Nets,Utah Jazz,94,105,False,False,2024-12-21|Utah Jazz|Brooklyn Nets,,,,2024-12-21|Utah Jazz|Brooklyn Nets,0.6799385628169157,"[{""p_home_win"": 0.35987712563383134, ""weight"": 0.25}, {""p_home_win"": 0.6799385628169157, ""weight"": 0.5}, {""p_home_win"": 1.0, ""weight"": 0.25}]",6.007617295179639,,gssd,"{'home_advantage_points': 1.6878120968658947, 'scale': 0.8631390025174924, 'error_term': 12.327630095489582, 'win_prob_k': 7.973060647478096}",0.0,-11
2024-12-21,Chicago Bulls,Boston Celtics,98,123,False,False,2024-12-21|Boston Celtics|Chicago Bulls,,,,2024-12-21|Boston Celtics|Chicago Bulls,0.24326528415259052,"[{""p_home_win"": 0.0, ""weight"": 0.25}, {""p_home_win"": 0.24326528415259052, ""weight"": 0.5}, {""p_home_win"": 0.48653056830518104, ""weight"": 0.25}]",-9.048309188293981,,gssd,"{'home_advantage_points': 1.6878120968658947, 'scale': 0.8631390025174924, 'error_term': 12.327630095489582, 'win_prob_k': 7.973060647478096}",0.0,-25
2024-12-21,Cleveland Cavaliers,Philadelphia 76ers,126,99,False,False,2024-12-21|Philadelphia 76ers|Cleveland Cavaliers,,,,2024-12-21|Philadelphia 76ers|Cleveland Cavaliers,0.856426995359236,"[{""p_home_win"": 0.7128539907184721, ""weight"": 0.25}, {""p_home_win"": 0.856426995359236, ""weight"": 0.5}, {""p_home_win"": 1.0, ""weight"": 0.25}]",14.239291758474433,,gssd,"{'home_advantage_points': 1.6878120968658947, 'scale': 0.8631390025174924, 'error_term': 12.327630095489582, 'win_prob_k': 7.973060647478096}",1.0,27
2024-12-21,Milwaukee Bucks,Washington Wizards,112,101,False,False,2024-12-21|Washington Wizards|Milwaukee Bucks,,,,2024-12-21|Washington Wizards|Milwaukee Bucks,0.8729990625290012,"[{""p_home_win"": 0.7459981250580023, ""weight"": 0.25}, {""p_home_win"": 0.8729990625290012, ""weight"": 0.5}, {""p_home_win"": 1.0, ""weight"": 0.25}]",15.369988043365705,,gssd,"{'home_advantage_points': 1.6878120968658947, 'scale': 0.8631390025174924, 'error_term': 12.327630095489582, 'win_prob_k': 7.973060647478096}",1.0,11
2024-12-21,Minnesota Timberwolves,Golden State Warriors,103,113,False,False,2024-12-21|Golden State Warriors|Minnesota Timberwolves,,,,2024-12-21|Golden State Warriors|Minnesota Timberwolves,0.5802410569099348,"[{""p_home_win"": 0.16048211381986954, ""weight"": 0.25}, {""p_home_win"": 0.5802410569099348, ""weight"": 0.5}, {""p_home_win"": 1.0, ""weight"": 0.25}]",2.5813822821644514,,gssd,"{'home_advantage_points': 1.6878120968658947, 'scale': 0.8631390025174924, 'error_term': 12.327630095489582, 'win_prob_k': 7.973060647478096}",0.0,-10
2024-12-21,New Orleans Pelicans,New York Knicks,93,104,False,False,2024-12-21|New York Knicks|New Orleans Pelicans,,,,2024-12-21|New York Knicks|New Orleans Pelicans,0.13968367526628192,"[{""p_home_win"": 0.0, ""weight"": 0.25}, {""p_home_win"": 0.13968367526628192, ""weight"": 0.5}, {""p_home_win"": 0.27936735053256384, ""weight"": 0.25}]",-14.494384317639941,,gssd,"{'home_advantage_points': 1.6878120968658947, 'scale': 0.8631390025174924, 'error_term': 12.327630095489582, 'win_prob_k': 7.973060647478096}",0.0,-11
2024-12-21,Dallas Mavericks,Los Angeles Clippers,113,97,False,False,2024-12-21|Los Angeles Clippers|Dallas Mavericks,,,,2024-12-21|Los Angeles Clippers|Dallas Mavericks,0.6511716560041317,"[{""p_home_win"": 0.3023433120082635, ""weight"": 0.25}, {""p_home_win"": 0.6511716560041317, ""weight"": 0.5}, {""p_home_win"": 1.0, ""weight"": 0.25}]",4.976731337708586,,gssd,"{'home_advantage_points': 1.6878120968658947, 'scale': 0.8631390025174924, 'error_term': 12.327630095489582, 'win_prob_k': 7.973060647478096}",1.0,16
2024-12-21,San Antonio Spurs,Portland Trail Blazers,114,94,False,False,2024-12-21|Portland Trail Blazers|San Antonio Spurs,,,,2024-12-21|Portland Trail Blazers|San Antonio Spurs,0.7098162367447808,"[{""p_home_win"": 0.41963247348956156, ""weight"": 0.25}, {""p_home_win"": 0.7098162367447808, ""weight"": 0.5}, {""p_home_win"": 1.0, ""weight"": 0.25}]",7.131836782880067,,gssd,"{'home_advantage_points': 1.6878120968658947, 'scale': 0.8631390025174924, 'error_term': 12.327630095489582, 'win_prob_k': 7.973060647478096}",1.0,20
2024-12-21,Phoenix Suns,Detroit Pistons,125,133,False,False,2024-12-21|Detroit Pistons|Phoenix Suns,,,,2024-12-21|Detroit Pistons|Phoenix Suns,0.6250970746164233,"[{""p_home_win"": 0.25019414923284655, ""weight"": 0.25}, {""p_home_win"": 0.6250970746164233, ""weight"": 0.5}, {""p_home_win"": 1.0, ""weight"": 0.25}]",4.076146171963748,,gssd,"{'home_advantage_points': 1.6878120968658947, 'scale': 0.8631390025174924, 'error_term': 12.327630095489582, 'win_prob_k': 7.973060647478096}",0.0,-8
2024-12-22,Sacramento Kings,Indiana Pacers,95,122,False,False,2024-12-22|Indiana Pacers|Sacramento Kings,,,,2024-12-22|Indiana Pacers|Sacramento Kings,0.6530064878408485,"[{""p_home_win"": 0.30601297568169694, ""weight"": 0.25}, {""p_home_win"": 0.6530064878408485, ""weight"": 0.5}, {""p_home_win"": 1.0, ""weight"": 0.25}]",5.024586952140785,,gssd,"{'home_advantage_points': 1.6016663077125273, 'scale': 0.8591723580543982, 'error_term': 12.29057969699154, 'win_prob_k': 7.946762747023046}",0.0,-27
2024-12-22,Toronto Raptors,Houston Rockets,110,114,False,False,2024-12-22|Houston Rockets|Toronto Raptors,,,,2024-12-22|Houston Rockets|Toronto Raptors,0.26306052423095466,"[{""p_home_win"": 0.0, ""weight"": 0.25}, {""p_home_win"": 0.26306052423095466, ""weight"": 0.5}, {""p_home_win"": 0.5261210484619093, ""weight"": 0.25}]",-8.186132198394002,,gssd,"{'home_advantage_points': 1.6016663077125273, 'scale': 0.8591723580543982, 'error_term': 12.29057969699154, 'win_prob_k': 7.946762747023046}",0.0,-4
2024-12-22,New Orleans Pelicans,Denver Nuggets,129,132,False,False,2024-12-22|Denver Nuggets|New Orleans Pelicans,,,,2024-12-22|Denver Nuggets|New Orleans Pelicans,0.21218681052266822,"[{""p_home_win"": 0.0, ""weight"": 0.25}, {""p_home_win"": 0.21218681052266822, ""weight"": 0.5}, {""p_home_win"": 0.42437362104533644, ""weight"": 0.25}]",-10.424515088534614,,gssd,"{'home_advantage_points': 1.6016663077125273, 'scale': 0.8591723580543982, 'error_term': 12.29057969699154, 'win_prob_k': 7.946762747023046}",0.0,-3
2024-12-23,Charlotte Hornets,Houston Rockets,101,114,False,False,2024-12-23|Houston Rockets|Charlotte Hornets,,,,2024-12-23|Houston Rockets|Charlotte Hornets,0.22861797090954983,"[{""p_home_win"": 0.0, ""weight"": 0.25}, {""p_home_win"": 0.22861797090954983, ""weight"": 0.5}, {""p_home_win"": 0.45723594181909966, ""weight"": 0.25}]",-9.505659207963701,,gssd,"{'home_advantage_points': 1.5706503911603118, 'scale': 0.8551925337785415, 'error_term': 12.349187444087791, 'win_prob_k': 7.8163094078381885}",0.0,-13
2024-12-23,Cleveland Cavaliers,Utah Jazz,124,113,False,False,2024-12-23|Utah Jazz|Cleveland Cavaliers,,,,2024-12-23|Utah Jazz|Cleveland Cavaliers,0.9183284377231832,"[{""p_home_win"": 0.8366568754463664, ""weight"": 0.25}, {""p_home_win"": 0.9183284377231832, ""weight"": 0.5}, {""p_home_win"": 1.0, ""weight"": 0.25}]",18.91429034581023,,gssd,"{'home_advantage_points': 1.5706503911603118, 'scale': 0.8551925337785415, 'error_term': 12.349187444087791, 'win_prob_k': 7.8163094078381885}",1.0,11
2024-12-23,Orlando Magic,Boston Celtics,108,104,False,False,2024-12-23|Boston Celtics|Orlando Magic,,,,2024-12-23|Boston Celtics|Orlando Magic,0.3878526257779781,"[{""p_home_win"": 0.0, ""weight"": 0.25}, {""p_home_win"": 0.3878526257779781, ""weight"": 0.5}, {""p_home_win"": 0.7757052515559562, ""weight"": 0.25}]",-3.566954227301119,,gssd,"{'home_advantage_points': 1.5706503911603118, 'scale': 0.8551925337785415, 'error_term': 12.349187444087791, 'win_prob_k': 7.8163094078381885}",1.0,4
2024-12-23,Philadelphia 76ers,San Antonio Spurs,111,106,False,False,2024-12-23|San Antonio Spurs|Philadelphia 76ers,,,,2024-12-23|San Antonio Spurs|Philadelphia 76ers,0.4690823460037978,"[{""p_home_win"": 0.0, ""weight"": 0.25}, {""p_home_win"": 0.4690823460037978, ""weight"": 0.5}, {""p_home_win"": 0.9381646920075956, ""weight"": 0.25}]",-0.9678826599617958,,gssd,"{'home_advantage_points': 1.5706503911603118, 'scale': 0.8551925337785415, 'error_term': 12.349187444087791, 'win_prob_k': 7.8163094078381885}",1.0,5
2024-12-23,Atlanta Hawks,Minnesota Timberwolves,117,104,False,False,2024-12-23|Minnesota Timberwolves|Atlanta Hawks,,,,2024-12-23|Minnesota Timberwolves|Atlanta Hawks,0.3941805924982488,"[{""p_home_win"": 0.0, ""weight"": 0.25}, {""p_home_win"": 0.3941805924982488, ""weight"": 0.5}, {""p_home_win"": 0.7883611849964977, ""weight"": 0.25}]",-3.3592369716015185,,gssd,"{'home_advantage_points': 1.5706503911603118, 'scale': 0.8551925337785415, 'error_term': 12.349187444087791, 'win_prob_k': 7.8163094078381885}",1.0,13
2024-12-23,Miami Heat,Brooklyn Nets,110,95,False,False,2024-12-23|Brooklyn Nets|Miami Heat,,,,2024-12-23|Brooklyn Nets|Miami Heat,0.7328608456730453,"[{""p_home_win"": 0.46572169134609065, ""weight"": 0.25}, {""p_home_win"": 0.7328608456730453, ""weight"": 0.5}, {""p_home_win"": 1.0, ""weight"": 0.25}]",7.888111134278205,,gssd,"{'home_advantage_points': 1.5706503911603118, 'scale': 0.8551925337785415, 'error_term': 12.349187444087791, 'win_prob_k': 7.8163094078381885}",1.0,15
2024-12-23,New York Knicks,Toronto Raptors,139,125,False,False,2024-12-23|Toronto Raptors|New York Knicks,,,,2024-12-23|Toronto Raptors|New York Knicks,0.831413216502406,"[{""p_home_win"": 0.6628264330048119, ""weight"": 0.25}, {""p_home_win"": 0.831413216502406, ""weight"": 0.5}, {""p_home_win"": 1.0, ""weight"": 0.25}]",12.472299445553595,,gssd,"{'home_advantage_points': 1.5706503911603118, 'scale': 0.8551925337785415, 'error_term': 12.349187444087791, 'win_prob_k': 7.8163094078381885}",1.0,14
2024-12-23,Chicago Bulls,Milwaukee Bucks,91,112,False,False,2024-12-23|Milwaukee Bucks|Chicago Bulls,,,,2024-12-23|Milwaukee Bucks|Chicago Bulls,0.4257039203414811,"[{""p_home_win"": 0.0, ""weight"": 0.25}, {""p_home_win"": 0.4257039203414811, ""weight"": 0.5}, {""p_home_win"": 0.8514078406829622, ""weight"": 0.25}]",-2.3402108498500205,,gssd,"{'home_advantage_points': 1.5706503911603118, 'scale': 0.8551925337785415, 'error_term': 12.349187444087791, 'win_prob_k': 7.8163094078381885}",0.0,-21
2024-12-23,Memphis Grizzlies,Los Angeles Clippers,110,114,False,False,2024-12-23|Los Angeles Clippers|Memphis Grizzlies,,,,2024-12-23|Los Angeles Clippers|Memphis Grizzlies,0.7491567815013888,"[{""p_home_win"": 0.4983135630027775, ""weight"": 0.25}, {""p_home_win"": 0.7491567815013888, ""weight"": 0.5}, {""p_home_win"": 1.0, ""weight"": 0.25}]",8.551981748640907,,gssd,"{'home_advantage_points': 1.5706503911603118, 'scale': 0.8551925337785415, 'error_term': 12.349187444087791, 'win_prob_k': 7.8163094078381885}",0.0,-4
2024-12-23,Oklahoma City Thunder,Washington Wizards,123,105,False,False,2024-12-23|Washington Wizards|Oklahoma City Thunder,,,,2024-12-23|Washington Wizards|Oklahoma City Thunder,0.9520142997399478,"[{""p_home_win"": 0.9040285994798956, ""weight"": 0.25}, {""p_home_win"": 0.9520142997399478, ""weight"": 0.5}, {""p_home_win"": 1.0, ""weight"": 0.25}]",23.35260784376971,,gssd,"{'home_advantage_points': 1.5706503911603118, 'scale': 0.8551925337785415, 'error_term': 12.349187444087791, 'win_prob_k': 7.8163094078381885}",1.0,18
2024-12-23,Dallas Mavericks,Portland Trail Blazers,132,108,False,False,2024-12-23|Portland Trail Blazers|Dallas Mavericks,,,,2024-12-23|Portland Trail Blazers|Dallas Mavericks,0.8687974701459396,"[{""p_home_win"": 0.7375949402918791, ""weight"": 0.25}, {""p_home_win"": 0.8687974701459396, ""weight"": 0.5}, {""p_home_win"": 1.0, ""weight"": 0.25}]",14.775700233248457,,gssd,"{'home_advantage_points': 1.5706503911603118, 'scale': 0.8551925337785415, 'error_term': 12.349187444087791, 'win_prob_k': 7.8163094078381885}",1.0,24
2024-12-23,Denver Nuggets,Phoenix Suns,117,90,False,False,2024-12-23|Phoenix Suns|Denver Nuggets,,,,2024-12-23|Phoenix Suns|Denver Nuggets,0.6424940719345777,"[{""p_home_win"": 0.2849881438691555, ""weight"": 0.25}, {""p_home_win"": 0.6424940719345777, ""weight"": 0.5}, {""p_home_win"": 1.0, ""weight"": 0.25}]",4.581964707071414,,gssd,"{'home_advantage_points': 1.5706503911603118, 'scale': 0.8551925337785415, 'error_term': 12.349187444087791, 'win_prob_k': 7.8163094078381885}",1.0,27
2024-12-23,Golden State Warriors,Indiana Pacers,105,111,False,False,2024-12-23|Indiana Pacers|Golden State Warriors,,,,2024-12-23|Indiana Pacers|Golden State Warriors,0.6348792567252567,"[{""p_home_win"": 0.2697585134505134, ""weight"": 0.25}, {""p_home_win"": 0.6348792567252567, ""weight"": 0.5}, {""p_home_win"": 1.0, ""weight"": 0.25}]",4.3240349803061315,,gssd,"{'home_advantage_points': 1.5706503911603118, 'scale': 0.8551925337785415, 'error_term': 12.349187444087791, 'win_prob_k': 7.8163094078381885}",0.0,-6
2024-12-23,Los Angeles Lakers,Detroit Pistons,114,117,False,False,2024-12-23|Detroit Pistons|Los Angeles Lakers,,,,2024-12-23|Detroit Pistons|Los Angeles Lakers,0.5857628351295049,"[{""p_home_win"": 0.17152567025900978, ""weight"": 0.25}, {""p_home_win"": 0.5857628351295049, ""weight"": 0.5}, {""p_home_win"": 1.0, ""weight"": 0.25}]",2.7081661011542044,,gssd,"{'home_advantage_points': 1.5706503911603118, 'scale': 0.8551925337785415, 'error_term': 12.349187444087791, 'win_prob_k': 7.8163094078381885}",0.0,-3
2024-12-25,New York Knicks,San Antonio Spurs,117,114,False,False,2024-12-25|San Antonio Spurs|New York Knicks,,,,2024-12-25|San Antonio Spurs|New York Knicks,0.7774630307739564,"[{""p_home_win"": 0.5549260615479128, ""weight"": 0.25}, {""p_home_win"": 0.7774630307739564, ""weight"": 0.5}, {""p_home_win"": 1.0, ""weight"": 0.25}]",9.752430743381133,,gssd,"{'home_advantage_points': 1.5985749699790501, 'scale': 0.8466519161936188, 'error_term': 12.297745243132638, 'win_prob_k': 7.796064164147332}",1.0,3
2024-12-25,Dallas Mavericks,Minnesota Timberwolves,99,105,False,False,2024-12-25|Minnesota Timberwolves|Dallas Mavericks,,,,2024-12-25|Minnesota Timberwolves|Dallas Mavericks,0.6757012125977462,"[{""p_home_win"": 0.35140242519549236, ""weight"": 0.25}, {""p_home_win"": 0.6757012125977462, ""weight"": 0.5}, {""p_home_win"": 1.0, ""weight"": 0.25}]",5.722979304579389,,gssd,"{'home_advantage_points': 1.5985749699790501, 'scale': 0.8466519161936188, 'error_term': 12.297745243132638, 'win_prob_k': 7.796064164147332}",0.0,-6
2024-12-25,Boston Celtics,Philadelphia 76ers,114,118,False,False,2024-12-25|Philadelphia 76ers|Boston Celtics,,,,2024-12-25|Philadelphia 76ers|Boston Celtics,0.8493389620551731,"[{""p_home_win"": 0.6986779241103462, ""weight"": 0.25}, {""p_home_win"": 0.8493389620551731, ""weight"": 0.5}, {""p_home_win"": 1.0, ""weight"": 0.25}]",13.482714687392772,,gssd,"{'home_advantage_points': 1.5985749699790501, 'scale': 0.8466519161936188, 'error_term': 12.297745243132638, 'win_prob_k': 7.796064164147332}",0.0,-4
2024-12-25,Golden State Warriors,Los Angeles Lakers,113,115,False,False,2024-12-25|Los Angeles Lakers|Golden State Warriors,,,,2024-12-25|Los Angeles Lakers|Golden State Warriors,0.6579187255386639,"[{""p_home_win"": 0.31583745107732786, ""weight"": 0.25}, {""p_home_win"": 0.6579187255386639, ""weight"": 0.5}, {""p_home_win"": 1.0, ""weight"": 0.25}]",5.098883645293624,,gssd,"{'home_advantage_points': 1.5985749699790501, 'scale': 0.8466519161936188, 'error_term': 12.297745243132638, 'win_prob_k': 7.796064164147332}",0.0,-2
2024-12-25,Phoenix Suns,Denver Nuggets,110,100,False,False,2024-12-25|Denver Nuggets|Phoenix Suns,,,,2024-12-25|Denver Nuggets|Phoenix Suns,0.4037788296896823,"[{""p_home_win"": 0.0, ""weight"": 0.25}, {""p_home_win"": 0.4037788296896823, ""weight"": 0.5}, {""p_home_win"": 0.8075576593793646, ""weight"": 0.25}]",-3.038472447942925,,gssd,"{'home_advantage_points': 1.5985749699790501, 'scale': 0.8466519161936188, 'error_term': 12.297745243132638, 'win_prob_k': 7.796064164147332}",1.0,10
2024-12-26,Indiana Pacers,Oklahoma City Thunder,114,120,False,False,2024-12-26|Oklahoma City Thunder|Indiana Pacers,,,,2024-12-26|Oklahoma City Thunder|Indiana Pacers,0.26023549636503013,"[{""p_home_win"": 0.0, ""weight"": 0.25}, {""p_home_win"": 0.26023549636503013, ""weight"": 0.5}, {""p_home_win"": 0.5204709927300603, ""weight"": 0.25}]",-8.256637194725625,,gssd,"{'home_advantage_points': 1.5276498677596406, 'scale': 0.8444262953341851, 'error_term': 12.293789506404849, 'win_prob_k': 7.903017310292233}",0.0,-6
2024-12-26,Orlando Magic,Miami Heat,88,89,False,False,2024-12-26|Miami Heat|Orlando Magic,,,,2024-12-26|Miami Heat|Orlando Magic,0.5821087581596249,"[{""p_home_win"": 0.16421751631924986, ""weight"": 0.25}, {""p_home_win"": 0.5821087581596249, ""weight"": 0.5}, {""p_home_win"": 1.0, ""weight"": 0.25}]",2.6193451429169543,,gssd,"{'home_advantage_points': 1.5276498677596406, 'scale': 0.8444262953341851, 'error_term': 12.293789506404849, 'win_prob_k': 7.903017310292233}",0.0,-1
2024-12-26,Washington Wizards,Charlotte Hornets,113,110,False,False,2024-12-26|Charlotte Hornets|Washington Wizards,,,,2024-12-26|Charlotte Hornets|Washington Wizards,0.34039692723989595,"[{""p_home_win"": 0.0, ""weight"": 0.25}, {""p_home_win"": 0.34039692723989595, ""weight"": 0.5}, {""p_home_win"": 0.6807938544797919, ""weight"": 0.25}]",-5.2280504764713,,gssd,"{'home_advantage_points': 1.5276498677596406, 'scale': 0.8444262953341851, 'error_term': 12.293789506404849, 'win_prob_k': 7.903017310292233}",1.0,3
2024-12-26,Atlanta Hawks,Chicago Bulls,141,133,False,False,2024-12-26|Chicago Bulls|Atlanta Hawks,,,,2024-12-26|Chicago Bulls|Atlanta Hawks,0.5831612712480816,"[{""p_home_win"": 0.16632254249616318, ""weight"": 0.25}, {""p_home_win"": 0.5831612712480816, ""weight"": 0.5}, {""p_home_win"": 1.0, ""weight"": 0.25}]",2.6535515948718897,,gssd,"{'home_advantage_points': 1.5276498677596406, 'scale': 0.8444262953341851, 'error_term': 12.293789506404849, 'win_prob_k': 7.903017310292233}",1.0,8
2024-12-26,Memphis Grizzlies,Toronto Raptors,155,126,False,False,2024-12-26|Toronto Raptors|Memphis Grizzlies,,,,2024-12-26|Toronto Raptors|Memphis Grizzlies,0.8532654338025589,"[{""p_home_win"": 0.7065308676051179, ""weight"": 0.25}, {""p_home_win"": 0.8532654338025589, ""weight"": 0.5}, {""p_home_win"": 1.0, ""weight"": 0.25}]",13.912830417987363,,gssd,"{'home_advantage_points': 1.5276498677596406, 'scale': 0.8444262953341851, 'error_term': 12.293789506404849, 'win_prob_k': 7.903017310292233}",1.0,29
2024-12-26,Milwaukee Bucks,Brooklyn Nets,105,111,False,False,2024-12-26|Brooklyn Nets|Milwaukee Bucks,,,,2024-12-26|Brooklyn Nets|Milwaukee Bucks,0.7277337522058902,"[{""p_home_win"": 0.4554675044117804, ""weight"": 0.25}, {""p_home_win"": 0.7277337522058902, ""weight"": 0.5}, {""p_home_win"": 1.0, ""weight"": 0.25}]",7.769889534241591,,gssd,"{'home_advantage_points': 1.5276498677596406, 'scale': 0.8444262953341851, 'error_term': 12.293789506404849, 'win_prob_k': 7.903017310292233}",0.0,-6
2024-12-26,New Orleans Pelicans,Houston Rockets,111,128,False,False,2024-12-26|Houston Rockets|New Orleans Pelicans,,,,2024-12-26|Houston Rockets|New Orleans Pelicans,0.14739744232656132,"[{""p_home_win"": 0.0, ""weight"": 0.25}, {""p_home_win"": 0.14739744232656132, ""weight"": 0.5}, {""p_home_win"": 0.29479488465312265, ""weight"": 0.25}]",-13.871066789298744,,gssd,"{'home_advantage_points': 1.5276498677596406, 'scale': 0.8444262953341851, 'error_term': 12.293789506404849, 'win_prob_k': 7.903017310292233}",0.0,-17
2024-12-26,Portland Trail Blazers,Utah Jazz,122,120,False,False,2024-12-26|Utah Jazz|Portland Trail Blazers,,,,2024-12-26|Utah Jazz|Portland Trail Blazers,0.5434419989953323,"[{""p_home_win"": 0.0868839979906646, ""weight"": 0.25}, {""p_home_win"": 0.5434419989953323, ""weight"": 0.5}, {""p_home_win"": 1.0, ""weight"": 0.25}]",1.3767627973593812,,gssd,"{'home_advantage_points': 1.5276498677596406, 'scale': 0.8444262953341851, 'error_term': 12.293789506404849, 'win_prob_k': 7.903017310292233}",1.0,2
2024-12-26,Sacramento Kings,Detroit Pistons,113,114,False,False,2024-12-26|Detroit Pistons|Sacramento Kings,,,,2024-12-26|Detroit Pistons|Sacramento Kings,0.6594994391436497,"[{""p_home_win"": 0.31899887828729945, ""weight"": 0.25}, {""p_home_win"": 0.6594994391436497, ""weight"": 0.5}, {""p_home_win"": 1.0, ""weight"": 0.25}]",5.224402993261105,,gssd,"{'home_advantage_points': 1.5276498677596406, 'scale': 0.8444262953341851, 'error_term': 12.293789506404849, 'win_prob_k': 7.903017310292233}",0.0,-1
2024-12-27,Orlando Magic,New York Knicks,85,108,False,False,2024-12-27|New York Knicks|Orlando Magic,,,,2024-12-27|New York Knicks|Orlando Magic,0.44524203778950777,"[{""p_home_win"": 0.0, ""weight"": 0.25}, {""p_home_win"": 0.44524203778950777, ""weight"": 0.5}, {""p_home_win"": 0.8904840755790155, ""weight"": 0.25}]",-1.7548974755171305,,gssd,"{'home_advantage_points': 1.5362067275290119, 'scale': 0.8470631241432878, 'error_term': 12.220777059178413, 'win_prob_k': 7.97993066651377}",0.0,-23
2024-12-27,Boston Celtics,Indiana Pacers,142,105,False,False,2024-12-27|Indiana Pacers|Boston Celtics,,,,2024-12-27|Indiana Pacers|Boston Celtics,0.7806975300724041,"[{""p_home_win"": 0.5613950601448081, ""weight"": 0.25}, {""p_home_win"": 0.7806975300724041, ""weight"": 0.5}, {""p_home_win"": 1.0, ""weight"": 0.25}]",10.13240421733249,,gssd,"{'home_advantage_points': 1.5362067275290119, 'scale': 0.8470631241432878, 'error_term': 12.220777059178413, 'win_prob_k': 7.97993066651377}",1.0,37
2024-12-27,Brooklyn Nets,San Antonio Spurs,87,96,False,False,2024-12-27|San Antonio Spurs|Brooklyn Nets,,,,2024-12-27|San Antonio Spurs|Brooklyn Nets,0.45898805287108785,"[{""p_home_win"": 0.0, ""weight"": 0.25}, {""p_home_win"": 0.45898805287108785, ""weight"": 0.5}, {""p_home_win"": 0.9179761057421757, ""weight"": 0.25}]",-1.3120377039794409,,gssd,"{'home_advantage_points': 1.5362067275290119, 'scale': 0.8470631241432878, 'error_term': 12.220777059178413, 'win_prob_k': 7.97993066651377}",0.0,-9
2024-12-27,Houston Rockets,Minnesota Timberwolves,112,113,False,False,2024-12-27|Minnesota Timberwolves|Houston Rockets,,,,2024-12-27|Minnesota Timberwolves|Houston Rockets,0.6738095607353071,"[{""p_home_win"": 0.34761912147061413, ""weight"": 0.25}, {""p_home_win"": 0.6738095607353071, ""weight"": 0.5}, {""p_home_win"": 1.0, ""weight"": 0.25}]",5.789169496665105,,gssd,"{'home_advantage_points': 1.5362067275290119, 'scale': 0.8470631241432878, 'error_term': 12.220777059178413, 'win_prob_k': 7.97993066651377}",0.0,-1
2024-12-27,New Orleans Pelicans,Memphis Grizzlies,124,132,False,False,2024-12-27|Memphis Grizzlies|New Orleans Pelicans,,,,2024-12-27|Memphis Grizzlies|New Orleans Pelicans,0.10904100337910988,"[{""p_home_win"": 0.0, ""weight"": 0.25}, {""p_home_win"": 0.10904100337910988, ""weight"": 0.5}, {""p_home_win"": 0.21808200675821976, ""weight"": 0.25}]",-16.762438212497553,,gssd,"{'home_advantage_points': 1.5362067275290119, 'scale': 0.8470631241432878, 'error_term': 12.220777059178413, 'win_prob_k': 7.97993066651377}",0.0,-8
2024-12-27,Denver Nuggets,Cleveland Cavaliers,135,149,False,False,2024-12-27|Cleveland Cavaliers|Denver Nuggets,,,,2024-12-27|Cleveland Cavaliers|Denver Nuggets,0.3443915245072508,"[{""p_home_win"": 0.0, ""weight"": 0.25}, {""p_home_win"": 0.3443915245072508, ""weight"": 0.5}, {""p_home_win"": 0.6887830490145016, ""weight"": 0.25}]",-5.1373565665026595,,gssd,"{'home_advantage_points': 1.5362067275290119, 'scale': 0.8470631241432878, 'error_term': 12.220777059178413, 'win_prob_k': 7.97993066651377}",0.0,-14
2024-12-27,Phoenix Suns,Dallas Mavericks,89,98,False,False,2024-12-27|Dallas Mavericks|Phoenix Suns,,,,2024-12-27|Dallas Mavericks|Phoenix Suns,0.3398493957442841,"[{""p_home_win"": 0.0, ""weight"": 0.25}, {""p_home_win"": 0.3398493957442841, ""weight"": 0.5}, {""p_home_win"": 0.6796987914885682, ""weight"": 0.25}]",-5.2983981081066025,,gssd,"{'home_advantage_points': 1.5362067275290119, 'scale': 0.8470631241432878, 'error_term': 12.220777059178413, 'win_prob_k': 7.97993066651377}",0.0,-9
2024-12-27,Los Angeles Clippers,Golden State Warriors,102,92,False,False,2024-12-27|Golden State Warriors|Los Angeles Clippers,,,,2024-12-27|Golden State Warriors|Los Angeles Clippers,0.5469851121718549,"[{""p_home_win"": 0.09397022434370972, ""weight"": 0.25}, {""p_home_win"": 0.5469851121718549, ""weight"": 0.5}, {""p_home_win"": 1.0, ""weight"": 0.25}]",1.5041897582533603,,gssd,"{'home_advantage_points': 1.5362067275290119, 'scale': 0.8470631241432878, 'error_term': 12.220777059178413, 'win_prob_k': 7.97993066651377}",1.0,10
2024-12-28,Atlanta Hawks,Miami Heat,120,110,False,False,2024-12-28|Miami Heat|Atlanta Hawks,,,,2024-12-28|Miami Heat|Atlanta Hawks,0.4149968222075113,"[{""p_home_win"": 0.0, ""weight"": 0.25}, {""p_home_win"": 0.4149968222075113, ""weight"": 0.5}, {""p_home_win"": 0.8299936444150225, ""weight"": 0.25}]",-2.7345084177666252,,gssd,"{'home_advantage_points': 1.5019448884527429, 'scale': 0.8445258444910748, 'error_term': 12.24715907495425, 'win_prob_k': 7.964284135751656}",1.0,10
2024-12-28,Charlotte Hornets,Oklahoma City Thunder,94,106,False,False,2024-12-28|Oklahoma City Thunder|Charlotte Hornets,,,,2024-12-28|Oklahoma City Thunder|Charlotte Hornets,0.15994013227286535,"[{""p_home_win"": 0.0, ""weight"": 0.25}, {""p_home_win"": 0.15994013227286535, ""weight"": 0.5}, {""p_home_win"": 0.3198802645457307, ""weight"": 0.25}]",-13.210147747141328,,gssd,"{'home_advantage_points': 1.5019448884527429, 'scale': 0.8445258444910748, 'error_term': 12.24715907495425, 'win_prob_k': 7.964284135751656}",0.0,-12
2024-12-28,Washington Wizards,New York Knicks,132,136,False,False,2024-12-28|New York Knicks|Washington Wizards,,,,2024-12-28|New York Knicks|Washington Wizards,0.10190465772480699,"[{""p_home_win"": 0.0, ""weight"": 0.25}, {""p_home_win"": 0.10190465772480699, ""weight"": 0.5}, {""p_home_win"": 0.20380931544961398, ""weight"": 0.25}]",-17.33218245007047,,gssd,"{'home_advantage_points': 1.5019448884527429, 'scale': 0.8445258444910748, 'error_term': 12.24715907495425, 'win_prob_k': 7.964284135751656}",0.0,-4
2024-12-28,Chicago Bulls,Milwaukee Bucks,116,111,False,False,2024-12-28|Milwaukee Bucks|Chicago Bulls,,,,2024-12-28|Milwaukee Bucks|Chicago Bulls,0.3949687340702854,"[{""p_home_win"": 0.0, ""weight"": 0.25}, {""p_home_win"": 0.3949687340702854, ""weight"": 0.5}, {""p_home_win"": 0.7899374681405708, ""weight"": 0.25}]",-3.396556356573018,,gssd,"{'home_advantage_points': 1.5019448884527429, 'scale': 0.8445258444910748, 'error_term': 12.24715907495425, 'win_prob_k': 7.964284135751656}",1.0,5
2024-12-28,Golden State Warriors,Phoenix Suns,109,105,False,False,2024-12-28|Phoenix Suns|Golden State Warriors,,,,2024-12-28|Phoenix Suns|Golden State Warriors,0.6362846229302576,"[{""p_home_win"": 0.2725692458605151, ""weight"": 0.25}, {""p_home_win"": 0.6362846229302576, ""weight"": 0.5}, {""p_home_win"": 1.0, ""weight"": 0.25}]",4.454219856503867,,gssd,"{'home_advantage_points': 1.5019448884527429, 'scale': 0.8445258444910748, 'error_term': 12.24715907495425, 'win_prob_k': 7.964284135751656}",1.0,4
2024-12-28,Denver Nuggets,Detroit Pistons,134,121,False,False,2024-12-28|Detroit Pistons|Denver Nuggets,,,,2024-12-28|Detroit Pistons|Denver Nuggets,0.6838061156818627,"[{""p_home_win"": 0.36761223136372534, ""weight"": 0.25}, {""p_home_win"": 0.6838061156818627, ""weight"": 0.5}, {""p_home_win"": 1.0, ""weight"": 0.25}]",6.143002380547788,,gssd,"{'home_advantage_points': 1.5019448884527429, 'scale': 0.8445258444910748, 'error_term': 12.24715907495425, 'win_prob_k': 7.964284135751656}",1.0,13
2024-12-28,Utah Jazz,Philadelphia 76ers,111,114,False,False,2024-12-28|Philadelphia 76ers|Utah Jazz,,,,2024-12-28|Philadelphia 76ers|Utah Jazz,0.41711438219322683,"[{""p_home_win"": 0.0, ""weight"": 0.25}, {""p_home_win"": 0.41711438219322683, ""weight"": 0.5}, {""p_home_win"": 0.8342287643864537, ""weight"": 0.25}]",-2.6650922966201676,,gssd,"{'home_advantage_points': 1.5019448884527429, 'scale': 0.8445258444910748, 'error_term': 12.24715907495425, 'win_prob_k': 7.964284135751656}",0.0,-3
2024-12-28,Portland Trail Blazers,Dallas Mavericks,126,122,False,False,2024-12-28|Dallas Mavericks|Portland Trail Blazers,,,,2024-12-28|Dallas Mavericks|Portland Trail Blazers,0.18634667015683898,"[{""p_home_win"": 0.0, ""weight"": 0.25}, {""p_home_win"": 0.18634667015683898, ""weight"": 0.5}, {""p_home_win"": 0.37269334031367796, ""weight"": 0.25}]",-11.738762540697646,,gssd,"{'home_advantage_points': 1.5019448884527429, 'scale': 0.8445258444910748, 'error_term': 12.24715907495425, 'win_prob_k': 7.964284135751656}",1.0,4
2024-12-28,Los Angeles Lakers,Sacramento Kings,132,122,False,False,2024-12-28|Sacramento Kings|Los Angeles Lakers,,,,2024-12-28|Sacramento Kings|Los Angeles Lakers,0.4659901501451106,"[{""p_home_win"": 0.0, ""weight"": 0.25}, {""p_home_win"": 0.4659901501451106, ""weight"": 0.5}, {""p_home_win"": 0.9319803002902212, ""weight"": 0.25}]",-1.0851320197846217,,gssd,"{'home_advantage_points': 1.5019448884527429, 'scale': 0.8445258444910748, 'error_term': 12.24715907495425, 'win_prob_k': 7.964284135751656}",1.0,10
2024-12-29,Orlando Magic,Brooklyn Nets,102,101,False,False,2024-12-29|Brooklyn Nets|Orlando Magic,,,,2024-12-29|Brooklyn Nets|Orlando Magic,0.7396370408252197,"[{""p_home_win"": 0.4792740816504395, ""weight"": 0.25}, {""p_home_win"": 0.7396370408252197, ""weight"": 0.5}, {""p_home_win"": 1.0, ""weight"": 0.25}]",8.186695990263743,,gssd,"{'home_advantage_points': 1.6517106028150896, 'scale': 0.8390163302563888, 'error_term': 12.195340785427357, 'win_prob_k': 7.841040002835159}",1.0,1
2024-12-29,Boston Celtics,Indiana Pacers,114,123,False,False,2024-12-29|Indiana Pacers|Boston Celtics,,,,2024-12-29|Indiana Pacers|Boston Celtics,0.8155410627654305,"[{""p_home_win"": 0.631082125530861, ""weight"": 0.25}, {""p_home_win"": 0.8155410627654305, ""weight"": 0.5}, {""p_home_win"": 1.0, ""weight"": 0.25}]",11.655117081470312,,gssd,"{'home_advantage_points': 1.6517106028150896, 'scale': 0.8390163302563888, 'error_term': 12.195340785427357, 'win_prob_k': 7.841040002835159}",0.0,-9
2024-12-29,Toronto Raptors,Atlanta Hawks,107,136,False,False,2024-12-29|Atlanta Hawks|Toronto Raptors,,,,2024-12-29|Atlanta Hawks|Toronto Raptors,0.44182595859419643,"[{""p_home_win"": 0.0, ""weight"": 0.25}, {""p_home_win"": 0.44182595859419643, ""weight"": 0.5}, {""p_home_win"": 0.8836519171883929, ""weight"": 0.25}]",-1.832880504095325,,gssd,"{'home_advantage_points': 1.6517106028150896, 'scale': 0.8390163302563888, 'error_term': 12.195340785427357, 'win_prob_k': 7.841040002835159}",0.0,-29
2024-12-29,Houston Rockets,Miami Heat,100,104,False,False,2024-12-29|Miami Heat|Houston Rockets,,,,2024-12-29|Miami Heat|Houston Rockets,0.6644487795924773,"[{""p_home_win"": 0.32889755918495456, ""weight"": 0.25}, {""p_home_win"": 0.6644487795924773, ""weight"": 0.5}, {""p_home_win"": 1.0, ""weight"": 0.25}]",5.356866646965178,,gssd,"{'home_advantage_points': 1.6517106028150896, 'scale': 0.8390163302563888, 'error_term': 12.195340785427357, 'win_prob_k': 7.841040002835159}",0.0,-4
2024-12-29,Oklahoma City Thunder,Memphis Grizzlies,130,106,False,False,2024-12-29|Memphis Grizzlies|Oklahoma City Thunder,,,,2024-12-29|Memphis Grizzlies|Oklahoma City Thunder,0.5792851111763418,"[{""p_home_win"": 0.1585702223526837, ""weight"": 0.25}, {""p_home_win"": 0.5792851111763418, ""weight"": 0.5}, {""p_home_win"": 1.0, ""weight"": 0.25}]",2.5078734969636236,,gssd,"{'home_advantage_points': 1.6517106028150896, 'scale': 0.8390163302563888, 'error_term': 12.195340785427357, 'win_prob_k': 7.841040002835159}",1.0,24
2024-12-29,Minnesota Timberwolves,San Antonio Spurs,112,110,False,False,2024-12-29|San Antonio Spurs|Minnesota Timberwolves,,,,2024-12-29|San Antonio Spurs|Minnesota Timberwolves,0.6405627349603733,"[{""p_home_win"": 0.2811254699207466, ""weight"": 0.25}, {""p_home_win"": 0.6405627349603733, ""weight"": 0.5}, {""p_home_win"": 1.0, ""weight"": 0.25}]",4.530610997006415,,gssd,"{'home_advantage_points': 1.6517106028150896, 'scale': 0.8390163302563888, 'error_term': 12.195340785427357, 'win_prob_k': 7.841040002835159}",1.0,2
2024-12-30,Charlotte Hornets,Chicago Bulls,108,115,False,False,2024-12-30|Chicago Bulls|Charlotte Hornets,,,,2024-12-30|Chicago Bulls|Charlotte Hornets,0.46845366399904403,"[{""p_home_win"": 0.0, ""weight"": 0.25}, {""p_home_win"": 0.46845366399904403, ""weight"": 0.5}, {""p_home_win"": 0.9369073279980881, ""weight"": 0.25}]",-0.9845317980940367,,gssd,"{'home_advantage_points': 1.5697858072056583, 'scale': 0.8418592211339132, 'error_term': 12.268177798291099, 'win_prob_k': 7.791903614625793}",0.0,-7
2024-12-30,Washington Wizards,New York Knicks,106,126,False,False,2024-12-30|New York Knicks|Washington Wizards,,,,2024-12-30|New York Knicks|Washington Wizards,0.10203619244416365,"[{""p_home_win"": 0.0, ""weight"": 0.25}, {""p_home_win"": 0.10203619244416365, ""weight"": 0.5}, {""p_home_win"": 0.2040723848883273, ""weight"": 0.25}]",-16.945849013163727,,gssd,"{'home_advantage_points': 1.5697858072056583, 'scale': 0.8418592211339132, 'error_term': 12.268177798291099, 'win_prob_k': 7.791903614625793}",0.0,-20
2024-12-30,New Orleans Pelicans,Los Angeles Clippers,113,116,False,False,2024-12-30|Los Angeles Clippers|New Orleans Pelicans,,,,2024-12-30|Los Angeles Clippers|New Orleans Pelicans,0.21426205149058716,"[{""p_home_win"": 0.0, ""weight"": 0.25}, {""p_home_win"": 0.21426205149058716, ""weight"": 0.5}, {""p_home_win"": 0.4285241029811743, ""weight"": 0.25}]",-10.124982919319311,,gssd,"{'home_advantage_points': 1.5697858072056583, 'scale': 0.8418592211339132, 'error_term': 12.268177798291099, 'win_prob_k': 7.791903614625793}",0.0,-3
2024-12-30,Utah Jazz,Denver Nuggets,121,132,False,False,2024-12-30|Denver Nuggets|Utah Jazz,,,,2024-12-30|Denver Nuggets|Utah Jazz,0.25867794273818867,"[{""p_home_win"": 0.0, ""weight"": 0.25}, {""p_home_win"": 0.25867794273818867, ""weight"": 0.5}, {""p_home_win"": 0.5173558854763773, ""weight"": 0.25}]",-8.203716102852818,,gssd,"{'home_advantage_points': 1.5697858072056583, 'scale': 0.8418592211339132, 'error_term': 12.268177798291099, 'win_prob_k': 7.791903614625793}",0.0,-11
2024-12-30,Golden State Warriors,Cleveland Cavaliers,95,113,False,False,2024-12-30|Cleveland Cavaliers|Golden State Warriors,,,,2024-12-30|Cleveland Cavaliers|Golden State Warriors,0.30122106561313433,"[{""p_home_win"": 0.0, ""weight"": 0.25}, {""p_home_win"": 0.30122106561313433, ""weight"": 0.5}, {""p_home_win"": 0.6024421312262687, ""weight"": 0.25}]",-6.55680897235877,,gssd,"{'home_advantage_points': 1.5697858072056583, 'scale': 0.8418592211339132, 'error_term': 12.268177798291099, 'win_prob_k': 7.791903614625793}",0.0,-18
2024-12-30,Portland Trail Blazers,Philadelphia 76ers,103,125,False,False,2024-12-30|Philadelphia 76ers|Portland Trail Blazers,,,,2024-12-30|Philadelphia 76ers|Portland Trail Blazers,0.42112160390059733,"[{""p_home_win"": 0.0, ""weight"": 0.25}, {""p_home_win"": 0.42112160390059733, ""weight"": 0.5}, {""p_home_win"": 0.8422432078011947, ""weight"": 0.25}]",-2.4791561611050614,,gssd,"{'home_advantage_points': 1.5697858072056583, 'scale': 0.8418592211339132, 'error_term': 12.268177798291099, 'win_prob_k': 7.791903614625793}",0.0,-22
2024-12-30,Sacramento Kings,Dallas Mavericks,110,100,False,False,2024-12-30|Dallas Mavericks|Sacramento Kings,,,,2024-12-30|Dallas Mavericks|Sacramento Kings,0.40262796907497894,"[{""p_home_win"": 0.0, ""weight"": 0.25}, {""p_home_win"": 0.40262796907497894, ""weight"": 0.5}, {""p_home_win"": 0.8052559381499579, ""weight"": 0.25}]",-3.074117173687939,,gssd,"{'home_advantage_points': 1.5697858072056583, 'scale': 0.8418592211339132, 'error_term': 12.268177798291099, 'win_prob_k': 7.791903614625793}",1.0,10
2024-12-31,Boston Celtics,Toronto Raptors,125,71,False,False,2024-12-31|Toronto Raptors|Boston Celtics,,,,2024-12-31|Toronto Raptors|Boston Celtics,0.879403919416777,"[{""p_home_win"": 0.758807838833554, ""weight"": 0.25}, {""p_home_win"": 0.879403919416777, ""weight"": 0.5}, {""p_home_win"": 1.0, ""weight"": 0.25}]",15.310535971861862,,gssd,"{'home_advantage_points': 1.5248715948501548, 'scale': 0.8378179343327868, 'error_term': 12.24637365235866, 'win_prob_k': 7.706138016993496}",1.0,54
2024-12-31,Indiana Pacers,Milwaukee Bucks,112,120,False,False,2024-12-31|Milwaukee Bucks|Indiana Pacers,,,,2024-12-31|Milwaukee Bucks|Indiana Pacers,0.4693176396640779,"[{""p_home_win"": 0.0, ""weight"": 0.25}, {""p_home_win"": 0.4693176396640779, ""weight"": 0.5}, {""p_home_win"": 0.9386352793281558, ""weight"": 0.25}]",-0.946959842820774,,gssd,"{'home_advantage_points': 1.5248715948501548, 'scale': 0.8378179343327868, 'error_term': 12.24637365235866, 'win_prob_k': 7.706138016993496}",0.0,-8
2024-12-31,San Antonio Spurs,Los Angeles Clippers,122,86,False,False,2024-12-31|Los Angeles Clippers|San Antonio Spurs,,,,2024-12-31|Los Angeles Clippers|San Antonio Spurs,0.4604954525351448,"[{""p_home_win"": 0.0, ""weight"": 0.25}, {""p_home_win"": 0.4604954525351448, ""weight"": 0.5}, {""p_home_win"": 0.9209909050702896, ""weight"": 0.25}]",-1.2202533391030597,,gssd,"{'home_advantage_points': 1.5248715948501548, 'scale': 0.8378179343327868, 'error_term': 12.24637365235866, 'win_prob_k': 7.706138016993496}",1.0,36
2024-12-31,Oklahoma City Thunder,Minnesota Timberwolves,113,105,False,False,2024-12-31|Minnesota Timberwolves|Oklahoma City Thunder,,,,2024-12-31|Minnesota Timberwolves|Oklahoma City Thunder,0.7661248704455658,"[{""p_home_win"": 0.5322497408911315, ""weight"": 0.25}, {""p_home_win"": 0.7661248704455658, ""weight"": 0.5}, {""p_home_win"": 1.0, ""weight"": 0.25}]",9.143778435188935,,gssd,"{'home_advantage_points': 1.5248715948501548, 'scale': 0.8378179343327868, 'error_term': 12.24637365235866, 'win_prob_k': 7.706138016993496}",1.0,8
2024-12-31,Los Angeles Lakers,Cleveland Cavaliers,110,122,False,False,2024-12-31|Cleveland Cavaliers|Los Angeles Lakers,,,,2024-12-31|Cleveland Cavaliers|Los Angeles Lakers,0.22546534349705466,"[{""p_home_win"": 0.0, ""weight"": 0.25}, {""p_home_win"": 0.22546534349705466, ""weight"": 0.5}, {""p_home_win"": 0.4509306869941093, ""weight"": 0.25}]",-9.510113686365417,,gssd,"{'home_advantage_points': 1.5248715948501548, 'scale': 0.8378179343327868, 'error_term': 12.24637365235866, 'win_prob_k': 7.706138016993496}",0.0,-12
2024-12-31,Phoenix Suns,Memphis Grizzlies,112,117,False,False,2024-12-31|Memphis Grizzlies|Phoenix Suns,,,,2024-12-31|Memphis Grizzlies|Phoenix Suns,0.2738843663728296,"[{""p_home_win"": 0.0, ""weight"": 0.25}, {""p_home_win"": 0.2738843663728296, ""weight"": 0.5}, {""p_home_win"": 0.5477687327456592, ""weight"": 0.25}]",-7.5135098452845765,,gssd,"{'home_advantage_points': 1.5248715948501548, 'scale': 0.8378179343327868, 'error_term': 12.24637365235866, 'win_prob_k': 7.706138016993496}",0.0,-5
2025-01-01,Detroit Pistons,Orlando Magic,105,96,False,False,2025-01-01|Orlando Magic|Detroit Pistons,,,,2025-01-01|Orlando Magic|Detroit Pistons,0.39841192535111747,"[{""p_home_win"": 0.0, ""weight"": 0.25}, {""p_home_win"": 0.39841192535111747, ""weight"": 0.5}, {""p_home_win"": 0.7968238507022349, ""weight"": 0.25}]",-3.1988632400854855,,gssd,"{'home_advantage_points': 1.645187935582062, 'scale': 0.8329478853632573, 'error_term': 12.412033102692126, 'win_prob_k': 7.762601558884128}",1.0,9
2025-01-01,Washington Wizards,Chicago Bulls,125,107,False,False,2025-01-01|Chicago Bulls|Washington Wizards,,,,2025-01-01|Chicago Bulls|Washington Wizards,0.28256998307967857,"[{""p_home_win"": 0.0, ""weight"": 0.25}, {""p_home_win"": 0.28256998307967857, ""weight"": 0.5}, {""p_home_win"": 0.5651399661593571, ""weight"": 0.25}]",-7.232797465298342,,gssd,"{'home_advantage_points': 1.645187935582062, 'scale': 0.8329478853632573, 'error_term': 12.412033102692126, 'win_prob_k': 7.762601558884128}",1.0,18
2025-01-01,Miami Heat,New Orleans Pelicans,119,108,False,False,2025-01-01|New Orleans Pelicans|Miami Heat,,,,2025-01-01|New Orleans Pelicans|Miami Heat,0.8526852155811346,"[{""p_home_win"": 0.7053704311622693, ""weight"": 0.25}, {""p_home_win"": 0.8526852155811346, ""weight"": 0.5}, {""p_home_win"": 1.0, ""weight"": 0.25}]",13.629721438558636,,gssd,"{'home_advantage_points': 1.645187935582062, 'scale': 0.8329478853632573, 'error_term': 12.412033102692126, 'win_prob_k': 7.762601558884128}",1.0,11
2025-01-01,New York Knicks,Utah Jazz,119,103,False,False,2025-01-01|Utah Jazz|New York Knicks,,,,2025-01-01|Utah Jazz|New York Knicks,0.8873795497904627,"[{""p_home_win"": 0.7747590995809255, ""weight"": 0.25}, {""p_home_win"": 0.8873795497904627, ""weight"": 0.5}, {""p_home_win"": 1.0, ""weight"": 0.25}]",16.023946201690244,,gssd,"{'home_advantage_points': 1.645187935582062, 'scale': 0.8329478853632573, 'error_term': 12.412033102692126, 'win_prob_k': 7.762601558884128}",1.0,16
2025-01-01,Toronto Raptors,Brooklyn Nets,130,113,False,False,2025-01-01|Brooklyn Nets|Toronto Raptors,,,,2025-01-01|Brooklyn Nets|Toronto Raptors,0.4693422216764302,"[{""p_home_win"": 0.0, ""weight"": 0.25}, {""p_home_win"": 0.4693422216764302, ""weight"": 0.5}, {""p_home_win"": 0.9386844433528604, ""weight"": 0.25}]",-0.9531321355051441,,gssd,"{'home_advantage_points': 1.645187935582062, 'scale': 0.8329478853632573, 'error_term': 12.412033102692126, 'win_prob_k': 7.762601558884128}",1.0,17
2025-01-01,Houston Rockets,Dallas Mavericks,110,99,False,False,2025-01-01|Dallas Mavericks|Houston Rockets,,,,2025-01-01|Dallas Mavericks|Houston Rockets,0.5646180618329242,"[{""p_home_win"": 0.12923612366584836, ""weight"": 0.25}, {""p_home_win"": 0.5646180618329242, ""weight"": 0.5}, {""p_home_win"": 1.0, ""weight"": 0.25}]",2.017700739869519,,gssd,"{'home_advantage_points': 1.645187935582062, 'scale': 0.8329478853632573, 'error_term': 12.412033102692126, 'win_prob_k': 7.762601558884128}",1.0,11
2025-01-01,Denver Nuggets,Atlanta Hawks,139,120,False,False,2025-01-01|Atlanta Hawks|Denver Nuggets,,,,2025-01-01|Atlanta Hawks|Denver Nuggets,0.6548410674583006,"[{""p_home_win"": 0.30968213491660124, ""weight"": 0.25}, {""p_home_win"": 0.6548410674583006, ""weight"": 0.5}, {""p_home_win"": 1.0, ""weight"": 0.25}]",4.97107359654539,,gssd,"{'home_advantage_points': 1.645187935582062, 'scale': 0.8329478853632573, 'error_term': 12.412033102692126, 'win_prob_k': 7.762601558884128}",1.0,19
2025-01-01,Sacramento Kings,Philadelphia 76ers,113,107,False,False,2025-01-01|Philadelphia 76ers|Sacramento Kings,,,,2025-01-01|Philadelphia 76ers|Sacramento Kings,0.660410727239025,"[{""p_home_win"": 0.3208214544780501, ""weight"": 0.25}, {""p_home_win"": 0.660410727239025, ""weight"": 0.5}, {""p_home_win"": 1.0, ""weight"": 0.25}]",5.163101055742907,,gssd,"{'home_advantage_points': 1.645187935582062, 'scale': 0.8329478853632573, 'error_term': 12.412033102692126, 'win_prob_k': 7.762601558884128}",1.0,6
2025-01-02,Miami Heat,Indiana Pacers,115,128,False,False,2025-01-02|Indiana Pacers|Miami Heat,,,,2025-01-02|Indiana Pacers|Miami Heat,0.6723407408718326,"[{""p_home_win"": 0.3446814817436652, ""weight"": 0.25}, {""p_home_win"": 0.6723407408718326, ""weight"": 0.5}, {""p_home_win"": 1.0, ""weight"": 0.25}]",5.57712794072852,,gssd,"{'home_advantage_points': 1.7872447915032674, 'scale': 0.8353455380081894, 'error_term': 12.414440954109498, 'win_prob_k': 7.7590392899304685}",0.0,-13
2025-01-02,Minnesota Timberwolves,Boston Celtics,115,118,False,False,2025-01-02|Boston Celtics|Minnesota Timberwolves,,,,2025-01-02|Boston Celtics|Minnesota Timberwolves,0.32456846796495287,"[{""p_home_win"": 0.0, ""weight"": 0.25}, {""p_home_win"": 0.32456846796495287, ""weight"": 0.5}, {""p_home_win"": 0.6491369359299057, ""weight"": 0.25}]",-5.686252943664429,,gssd,"{'home_advantage_points': 1.7872447915032674, 'scale': 0.8353455380081894, 'error_term': 12.414440954109498, 'win_prob_k': 7.7590392899304685}",0.0,-3
2025-01-02,Milwaukee Bucks,Brooklyn Nets,110,113,False,False,2025-01-02|Brooklyn Nets|Milwaukee Bucks,,,,2025-01-02|Brooklyn Nets|Milwaukee Bucks,0.7340091017801836,"[{""p_home_win"": 0.4680182035603673, ""weight"": 0.25}, {""p_home_win"": 0.7340091017801836, ""weight"": 0.5}, {""p_home_win"": 1.0, ""weight"": 0.25}]",7.875885283644253,,gssd,"{'home_advantage_points': 1.7872447915032674, 'scale': 0.8353455380081894, 'error_term': 12.414440954109498, 'win_prob_k': 7.7590392899304685}",0.0,-3
2025-01-02,Oklahoma City Thunder,Los Angeles Clippers,116,98,False,False,2025-01-02|Los Angeles Clippers|Oklahoma City Thunder,,,,2025-01-02|Los Angeles Clippers|Oklahoma City Thunder,0.7896776486831075,"[{""p_home_win"": 0.579355297366215, ""weight"": 0.25}, {""p_home_win"": 0.7896776486831075, ""weight"": 0.5}, {""p_home_win"": 1.0, ""weight"": 0.25}]",10.26508066529594,,gssd,"{'home_advantage_points': 1.7872447915032674, 'scale': 0.8353455380081894, 'error_term': 12.414440954109498, 'win_prob_k': 7.7590392899304685}",1.0,18
2025-01-02,Golden State Warriors,Philadelphia 76ers,139,105,False,False,2025-01-02|Philadelphia 76ers|Golden State Warriors,,,,2025-01-02|Philadelphia 76ers|Golden State Warriors,0.6662172856472588,"[{""p_home_win"": 0.3324345712945176, ""weight"": 0.25}, {""p_home_win"": 0.6662172856472588, ""weight"": 0.5}, {""p_home_win"": 1.0, ""weight"": 0.25}]",5.362471046350295,,gssd,"{'home_advantage_points': 1.7872447915032674, 'scale': 0.8353455380081894, 'error_term': 12.414440954109498, 'win_prob_k': 7.7590392899304685}",1.0,34
2025-01-02,Los Angeles Lakers,Portland Trail Blazers,114,106,False,False,2025-01-02|Portland Trail Blazers|Los Angeles Lakers,,,,2025-01-02|Portland Trail Blazers|Los Angeles Lakers,0.7311624484971324,"[{""p_home_win"": 0.4623248969942648, ""weight"": 0.25}, {""p_home_win"": 0.7311624484971324, ""weight"": 0.5}, {""p_home_win"": 1.0, ""weight"": 0.25}]",7.763138882340035,,gssd,"{'home_advantage_points': 1.7872447915032674, 'scale': 0.8353455380081894, 'error_term': 12.414440954109498, 'win_prob_k': 7.7590392899304685}",1.0,8
2025-01-03,Detroit Pistons,Charlotte Hornets,98,94,False,False,2025-01-03|Charlotte Hornets|Detroit Pistons,,,,2025-01-03|Charlotte Hornets|Detroit Pistons,0.6605708358864474,"[{""p_home_win"": 0.32114167177289477, ""weight"": 0.25}, {""p_home_win"": 0.6605708358864474, ""weight"": 0.5}, {""p_home_win"": 1.0, ""weight"": 0.25}]",5.173609034817876,,gssd,"{'home_advantage_points': 1.8073735912819826, 'scale': 0.8386250743352868, 'error_term': 12.439979590330662, 'win_prob_k': 7.770059072233284}",1.0,4
2025-01-03,Toronto Raptors,Orlando Magic,97,106,False,False,2025-01-03|Orlando Magic|Toronto Raptors,,,,2025-01-03|Orlando Magic|Toronto Raptors,0.30375522917909265,"[{""p_home_win"": 0.0, ""weight"": 0.25}, {""p_home_win"": 0.30375522917909265, ""weight"": 0.5}, {""p_home_win"": 0.6075104583581853, ""weight"": 0.25}]",-6.445101379387906,,gssd,"{'home_advantage_points': 1.8073735912819826, 'scale': 0.8386250743352868, 'error_term': 12.439979590330662, 'win_prob_k': 7.770059072233284}",0.0,-9
2025-01-03,Houston Rockets,Boston Celtics,86,109,False,False,2025-01-03|Boston Celtics|Houston Rockets,,,,2025-01-03|Boston Celtics|Houston Rockets,0.4471061758298486,"[{""p_home_win"": 0.0, ""weight"": 0.25}, {""p_home_win"": 0.4471061758298486, ""weight"": 0.5}, {""p_home_win"": 0.8942123516596971, ""weight"": 0.25}]",-1.6501265684526962,,gssd,"{'home_advantage_points': 1.8073735912819826, 'scale': 0.8386250743352868, 'error_term': 12.439979590330662, 'win_prob_k': 7.770059072233284}",0.0,-23
2025-01-03,New Orleans Pelicans,Washington Wizards,132,120,False,False,2025-01-03|Washington Wizards|New Orleans Pelicans,,,,2025-01-03|Washington Wizards|New Orleans Pelicans,0.6046245509282967,"[{""p_home_win"": 0.2092491018565934, ""weight"": 0.25}, {""p_home_win"": 0.6046245509282967, ""weight"": 0.5}, {""p_home_win"": 1.0, ""weight"": 0.25}]",3.30050252972189,,gssd,"{'home_advantage_points': 1.8073735912819826, 'scale': 0.8386250743352868, 'error_term': 12.439979590330662, 'win_prob_k': 7.770059072233284}",1.0,12
2025-01-03,Oklahoma City Thunder,New York Knicks,117,107,False,False,2025-01-03|New York Knicks|Oklahoma City Thunder,,,,2025-01-03|New York Knicks|Oklahoma City Thunder,0.6297277463239537,"[{""p_home_win"": 0.25945549264790735, ""weight"": 0.25}, {""p_home_win"": 0.6297277463239537, ""weight"": 0.5}, {""p_home_win"": 1.0, ""weight"": 0.25}]",4.126282267223568,,gssd,"{'home_advantage_points': 1.8073735912819826, 'scale': 0.8386250743352868, 'error_term': 12.439979590330662, 'win_prob_k': 7.770059072233284}",1.0,10
2025-01-03,Dallas Mavericks,Cleveland Cavaliers,122,134,False,False,2025-01-03|Cleveland Cavaliers|Dallas Mavericks,,,,2025-01-03|Cleveland Cavaliers|Dallas Mavericks,0.395424098056495,"[{""p_home_win"": 0.0, ""weight"": 0.25}, {""p_home_win"": 0.395424098056495, ""weight"": 0.5}, {""p_home_win"": 0.79084819611299, ""weight"": 0.25}]",-3.2989213057817635,,gssd,"{'home_advantage_points': 1.8073735912819826, 'scale': 0.8386250743352868, 'error_term': 12.439979590330662, 'win_prob_k': 7.770059072233284}",0.0,-12
2025-01-03,Denver Nuggets,San Antonio Spurs,110,113,False,False,2025-01-03|San Antonio Spurs|Denver Nuggets,,,,2025-01-03|San Antonio Spurs|Denver Nuggets,0.6557197356623249,"[{""p_home_win"": 0.3114394713246498, ""weight"": 0.25}, {""p_home_win"": 0.6557197356623249, ""weight"": 0.5}, {""p_home_win"": 1.0, ""weight"": 0.25}]",5.006073595622451,,gssd,"{'home_advantage_points': 1.8073735912819826, 'scale': 0.8386250743352868, 'error_term': 12.439979590330662, 'win_prob_k': 7.770059072233284}",0.0,-3
2025-01-03,Sacramento Kings,Memphis Grizzlies,138,133,False,False,2025-01-03|Memphis Grizzlies|Sacramento Kings,,,,2025-01-03|Memphis Grizzlies|Sacramento Kings,0.3548415955504152,"[{""p_home_win"": 0.0, ""weight"": 0.25}, {""p_home_win"": 0.3548415955504152, ""weight"": 0.5}, {""p_home_win"": 0.7096831911008304, ""weight"": 0.25}]",-4.645130862113043,,gssd,"{'home_advantage_points': 1.8073735912819826, 'scale': 0.8386250743352868, 'error_term': 12.439979590330662, 'win_prob_k': 7.770059072233284}",1.0,5
2025-01-03,Los Angeles Lakers,Atlanta Hawks,119,102,False,False,2025-01-03|Atlanta Hawks|Los Angeles Lakers,,,,2025-01-03|Atlanta Hawks|Los Angeles Lakers,0.54587043707063,"[{""p_home_win"": 0.09174087414125998, ""weight"": 0.25}, {""p_home_win"": 0.54587043707063, ""weight"": 0.5}, {""p_home_win"": 1.0, ""weight"": 0.25}]",1.4296839897890665,,gssd,"{'home_advantage_points': 1.8073735912819826, 'scale': 0.8386250743352868, 'error_term': 12.439979590330662, 'win_prob_k': 7.770059072233284}",1.0,17
2025-01-04,Brooklyn Nets,Philadelphia 76ers,94,123,False,False,2025-01-04|Philadelphia 76ers|Brooklyn Nets,,,,2025-01-04|Philadelphia 76ers|Brooklyn Nets,0.5281798878765089,"[{""p_home_win"": 0.05635977575301787, ""weight"": 0.25}, {""p_home_win"": 0.5281798878765089, ""weight"": 0.5}, {""p_home_win"": 1.0, ""weight"": 0.25}]",0.8709833284298327,,gssd,"{'home_advantage_points': 1.7934218450469606, 'scale': 0.8521059610979448, 'error_term': 12.410848417515377, 'win_prob_k': 7.718805922690809}",0.0,-29
2025-01-04,Detroit Pistons,Minnesota Timberwolves,119,105,False,False,2025-01-04|Minnesota Timberwolves|Detroit Pistons,,,,2025-01-04|Minnesota Timberwolves|Detroit Pistons,0.43999105969575947,"[{""p_home_win"": 0.0, ""weight"": 0.25}, {""p_home_win"": 0.43999105969575947, ""weight"": 0.5}, {""p_home_win"": 0.8799821193915189, ""weight"": 0.25}]",-1.8617631799522523,,gssd,"{'home_advantage_points': 1.7934218450469606, 'scale': 0.8521059610979448, 'error_term': 12.410848417515377, 'win_prob_k': 7.718805922690809}",1.0,14
2025-01-04,Indiana Pacers,Phoenix Suns,126,108,False,False,2025-01-04|Phoenix Suns|Indiana Pacers,,,,2025-01-04|Phoenix Suns|Indiana Pacers,0.5782461168450298,"[{""p_home_win"": 0.1564922336900596, ""weight"": 0.25}, {""p_home_win"": 0.5782461168450298, ""weight"": 0.5}, {""p_home_win"": 1.0, ""weight"": 0.25}]",2.435882688731918,,gssd,"{'home_advantage_points': 1.7934218450469606, 'scale': 0.8521059610979448, 'error_term': 12.410848417515377, 'win_prob_k': 7.718805922690809}",1.0,18
2025-01-04,Chicago Bulls,New York Knicks,139,126,False,False,2025-01-04|New York Knicks|Chicago Bulls,,,,2025-01-04|New York Knicks|Chicago Bulls,0.24671321944676353,"[{""p_home_win"": 0.0, ""weight"": 0.25}, {""p_home_win"": 0.24671321944676353, ""weight"": 0.5}, {""p_home_win"": 0.49342643889352705, ""weight"": 0.25}]",-8.6158809061155,,gssd,"{'home_advantage_points': 1.7934218450469606, 'scale': 0.8521059610979448, 'error_term': 12.410848417515377, 'win_prob_k': 7.718805922690809}",1.0,13
2025-01-04,Miami Heat,Utah Jazz,100,136,False,False,2025-01-04|Utah Jazz|Miami Heat,,,,2025-01-04|Utah Jazz|Miami Heat,0.8134067184806825,"[{""p_home_win"": 0.6268134369613649, ""weight"": 0.25}, {""p_home_win"": 0.8134067184806825, ""weight"": 0.5}, {""p_home_win"": 1.0, ""weight"": 0.25}]",11.364397729522087,,gssd,"{'home_advantage_points': 1.7934218450469606, 'scale': 0.8521059610979448, 'error_term': 12.410848417515377, 'win_prob_k': 7.718805922690809}",0.0,-36
2025-01-04,Milwaukee Bucks,Portland Trail Blazers,102,105,False,False,2025-01-04|Portland Trail Blazers|Milwaukee Bucks,,,,2025-01-04|Portland Trail Blazers|Milwaukee Bucks,0.804938518511794,"[{""p_home_win"": 0.609877037023588, ""weight"": 0.25}, {""p_home_win"": 0.804938518511794, ""weight"": 0.5}, {""p_home_win"": 1.0, ""weight"": 0.25}]",10.94102995683372,,gssd,"{'home_advantage_points': 1.7934218450469606, 'scale': 0.8521059610979448, 'error_term': 12.410848417515377, 'win_prob_k': 7.718805922690809}",0.0,-3
2025-01-04,San Antonio Spurs,Denver Nuggets,111,122,False,False,2025-01-04|Denver Nuggets|San Antonio Spurs,,,,2025-01-04|Denver Nuggets|San Antonio Spurs,0.46549938966043614,"[{""p_home_win"": 0.0, ""weight"": 0.25}, {""p_home_win"": 0.46549938966043614, ""weight"": 0.5}, {""p_home_win"": 0.9309987793208723, ""weight"": 0.25}]",-1.0669094621254513,,gssd,"{'home_advantage_points': 1.7934218450469606, 'scale': 0.8521059610979448, 'error_term': 12.410848417515377, 'win_prob_k': 7.718805922690809}",0.0,-11
2025-01-04,Golden State Warriors,Memphis Grizzlies,121,113,False,False,2025-01-04|Memphis Grizzlies|Golden State Warriors,,,,2025-01-04|Memphis Grizzlies|Golden State Warriors,0.37760848985505824,"[{""p_home_win"": 0.0, ""weight"": 0.25}, {""p_home_win"": 0.37760848985505824, ""weight"": 0.5}, {""p_home_win"": 0.7552169797101165, ""weight"": 0.25}]",-3.857175425983881,,gssd,"{'home_advantage_points': 1.7934218450469606, 'scale': 0.8521059610979448, 'error_term': 12.410848417515377, 'win_prob_k': 7.718805922690809}",1.0,8
2025-01-04,Los Angeles Clippers,Atlanta Hawks,131,105,False,False,2025-01-04|Atlanta Hawks|Los Angeles Clippers,,,,2025-01-04|Atlanta Hawks|Los Angeles Clippers,0.6231868938839824,"[{""p_home_win"": 0.2463737877679648, ""weight"": 0.25}, {""p_home_win"": 0.6231868938839824, ""weight"": 0.5}, {""p_home_win"": 1.0, ""weight"": 0.25}]",3.8833091777397923,,gssd,"{'home_advantage_points': 1.7934218450469606, 'scale': 0.8521059610979448, 'error_term': 12.410848417515377, 'win_prob_k': 7.718805922690809}",1.0,26
2025-01-05,Oklahoma City Thunder,Boston Celtics,105,92,False,False,2025-01-05|Boston Celtics|Oklahoma City Thunder,,,,2025-01-05|Boston Celtics|Oklahoma City Thunder,0.5662766409702521,"[{""p_home_win"": 0.1325532819405042, ""weight"": 0.25}, {""p_home_win"": 0.5662766409702521, ""weight"": 0.5}, {""p_home_win"": 1.0, ""weight"": 0.25}]",2.0740684110840313,,gssd,"{'home_advantage_points': 1.7869376616360406, 'scale': 0.8515877837286837, 'error_term': 12.668106256784464, 'win_prob_k': 7.777489739898529}",1.0,13
2025-01-05,Cleveland Cavaliers,Charlotte Hornets,115,105,False,False,2025-01-05|Charlotte Hornets|Cleveland Cavaliers,,,,2025-01-05|Charlotte Hornets|Cleveland Cavaliers,0.9049972744072353,"[{""p_home_win"": 0.8099945488144706, ""weight"": 0.25}, {""p_home_win"": 0.9049972744072353, ""weight"": 0.5}, {""p_home_win"": 1.0, ""weight"": 0.25}]",17.530666813320078,,gssd,"{'home_advantage_points': 1.7869376616360406, 'scale': 0.8515877837286837, 'error_term': 12.668106256784464, 'win_prob_k': 7.777489739898529}",1.0,10
2025-01-05,Washington Wizards,New Orleans Pelicans,98,110,False,False,2025-01-05|New Orleans Pelicans|Washington Wizards,,,,2025-01-05|New Orleans Pelicans|Washington Wizards,0.49954090109925786,"[{""p_home_win"": 0.0, ""weight"": 0.25}, {""p_home_win"": 0.49954090109925786, ""weight"": 0.5}, {""p_home_win"": 0.9990818021985157, ""weight"": 0.25}]",-0.01428255197429551,,gssd,"{'home_advantage_points': 1.7869376616360406, 'scale': 0.8515877837286837, 'error_term': 12.668106256784464, 'win_prob_k': 7.777489739898529}",0.0,-12
2025-01-05,Orlando Magic,Utah Jazz,92,105,False,False,2025-01-05|Utah Jazz|Orlando Magic,,,,2025-01-05|Utah Jazz|Orlando Magic,0.797665651896743,"[{""p_home_win"": 0.595331303793486, ""weight"": 0.25}, {""p_home_win"": 0.797665651896743, ""weight"": 0.5}, {""p_home_win"": 1.0, ""weight"": 0.25}]",10.668911618243648,,gssd,"{'home_advantage_points': 1.7869376616360406, 'scale': 0.8515877837286837, 'error_term': 12.668106256784464, 'win_prob_k': 7.777489739898529}",0.0,-13
2025-01-05,Houston Rockets,Los Angeles Lakers,119,115,False,False,2025-01-05|Los Angeles Lakers|Houston Rockets,,,,2025-01-05|Los Angeles Lakers|Houston Rockets,0.7313959407118392,"[{""p_home_win"": 0.46279188142367844, ""weight"": 0.25}, {""p_home_win"": 0.7313959407118392, ""weight"": 0.5}, {""p_home_win"": 1.0, ""weight"": 0.25}]",7.7908402594192765,,gssd,"{'home_advantage_points': 1.7869376616360406, 'scale': 0.8515877837286837, 'error_term': 12.668106256784464, 'win_prob_k': 7.777489739898529}",1.0,4
2025-01-05,Golden State Warriors,Sacramento Kings,99,129,False,False,2025-01-05|Sacramento Kings|Golden State Warriors,,,,2025-01-05|Sacramento Kings|Golden State Warriors,0.5802433630038025,"[{""p_home_win"": 0.16048672600760505, ""weight"": 0.25}, {""p_home_win"": 0.5802433630038025, ""weight"": 0.5}, {""p_home_win"": 1.0, ""weight"": 0.25}]",2.5181372914149818,,gssd,"{'home_advantage_points': 1.7869376616360406, 'scale': 0.8515877837286837, 'error_term': 12.668106256784464, 'win_prob_k': 7.777489739898529}",0.0,-30
2025-01-06,Detroit Pistons,Portland Trail Blazers,118,115,False,False,2025-01-06|Portland Trail Blazers|Detroit Pistons,,,,2025-01-06|Portland Trail Blazers|Detroit Pistons,0.7223946344835456,"[{""p_home_win"": 0.44478926896709114, ""weight"": 0.25}, {""p_home_win"": 0.7223946344835456, ""weight"": 0.5}, {""p_home_win"": 1.0, ""weight"": 0.25}]",7.450131909728979,,gssd,"{'home_advantage_points': 1.6544254199663981, 'scale': 0.8571611641390541, 'error_term': 12.745557694640613, 'win_prob_k': 7.790001755706145}",1.0,3
2025-01-06,Philadelphia 76ers,Phoenix Suns,99,109,False,False,2025-01-06|Phoenix Suns|Philadelphia 76ers,,,,2025-01-06|Phoenix Suns|Philadelphia 76ers,0.5305315569412328,"[{""p_home_win"": 0.06106311388246555, ""weight"": 0.25}, {""p_home_win"": 0.5305315569412328, ""weight"": 0.5}, {""p_home_win"": 1.0, ""weight"": 0.25}]",0.9525486321377482,,gssd,"{'home_advantage_points': 1.6544254199663981, 'scale': 0.8571611641390541, 'error_term': 12.745557694640613, 'win_prob_k': 7.790001755706145}",0.0,-10
2025-01-06,Brooklyn Nets,Indiana Pacers,99,113,False,False,2025-01-06|Indiana Pacers|Brooklyn Nets,,,,2025-01-06|Indiana Pacers|Brooklyn Nets,0.40961436243794647,"[{""p_home_win"": 0.0, ""weight"": 0.25}, {""p_home_win"": 0.40961436243794647, ""weight"": 0.5}, {""p_home_win"": 0.8192287248758929, ""weight"": 0.25}]",-2.8477115516782527,,gssd,"{'home_advantage_points': 1.6544254199663981, 'scale': 0.8571611641390541, 'error_term': 12.745557694640613, 'win_prob_k': 7.790001755706145}",0.0,-14
2025-01-06,New York Knicks,Orlando Magic,94,103,False,False,2025-01-06|Orlando Magic|New York Knicks,,,,2025-01-06|Orlando Magic|New York Knicks,0.7001683368544508,"[{""p_home_win"": 0.4003366737089016, ""weight"": 0.25}, {""p_home_win"": 0.7001683368544508, ""weight"": 0.5}, {""p_home_win"": 1.0, ""weight"": 0.25}]",6.6066973187437315,,gssd,"{'home_advantage_points': 1.6544254199663981, 'scale': 0.8571611641390541, 'error_term': 12.745557694640613, 'win_prob_k': 7.790001755706145}",0.0,-9
2025-01-06,Toronto Raptors,Milwaukee Bucks,104,128,False,False,2025-01-06|Milwaukee Bucks|Toronto Raptors,,,,2025-01-06|Milwaukee Bucks|Toronto Raptors,0.3115583488431426,"[{""p_home_win"": 0.0, ""weight"": 0.25}, {""p_home_win"": 0.3115583488431426, ""weight"": 0.5}, {""p_home_win"": 0.6231166976862852, ""weight"": 0.25}]",-6.176255609878501,,gssd,"{'home_advantage_points': 1.6544254199663981, 'scale': 0.8571611641390541, 'error_term': 12.745557694640613, 'win_prob_k': 7.790001755706145}",0.0,-24
2025-01-06,Chicago Bulls,San Antonio Spurs,114,110,False,False,2025-01-06|San Antonio Spurs|Chicago Bulls,,,,2025-01-06|San Antonio Spurs|Chicago Bulls,0.4679927290253517,"[{""p_home_win"": 0.0, ""weight"": 0.25}, {""p_home_win"": 0.4679927290253517, ""weight"": 0.5}, {""p_home_win"": 0.9359854580507034, ""weight"": 0.25}]",-0.9987124774659659,,gssd,"{'home_advantage_points': 1.6544254199663981, 'scale': 0.8571611641390541, 'error_term': 12.745557694640613, 'win_prob_k': 7.790001755706145}",1.0,4
2025-01-06,Memphis Grizzlies,Dallas Mavericks,119,104,False,False,2025-01-06|Dallas Mavericks|Memphis Grizzlies,,,,2025-01-06|Dallas Mavericks|Memphis Grizzlies,0.6404334850908069,"[{""p_home_win"": 0.2808669701816138, ""weight"": 0.25}, {""p_home_win"": 0.6404334850908069, ""weight"": 0.5}, {""p_home_win"": 1.0, ""weight"": 0.25}]",4.496748030219163,,gssd,"{'home_advantage_points': 1.6544254199663981, 'scale': 0.8571611641390541, 'error_term': 12.745557694640613, 'win_prob_k': 7.790001755706145}",1.0,15
2025-01-06,Minnesota Timberwolves,Los Angeles Clippers,108,106,False,False,2025-01-06|Los Angeles Clippers|Minnesota Timberwolves,,,,2025-01-06|Los Angeles Clippers|Minnesota Timberwolves,0.5571253204495303,"[{""p_home_win"": 0.11425064089906067, ""weight"": 0.25}, {""p_home_win"": 0.5571253204495303, ""weight"": 0.5}, {""p_home_win"": 1.0, ""weight"": 0.25}]",1.78783163056157,,gssd,"{'home_advantage_points': 1.6544254199663981, 'scale': 0.8571611641390541, 'error_term': 12.745557694640613, 'win_prob_k': 7.790001755706145}",1.0,2
2025-01-06,Sacramento Kings,Miami Heat,123,118,False,False,2025-01-06|Miami Heat|Sacramento Kings,,,,2025-01-06|Miami Heat|Sacramento Kings,0.5874910537911398,"[{""p_home_win"": 0.1749821075822795, ""weight"": 0.25}, {""p_home_win"": 0.5874910537911398, ""weight"": 0.5}, {""p_home_win"": 1.0, ""weight"": 0.25}]",2.754568964528069,,gssd,"{'home_advantage_points': 1.6544254199663981, 'scale': 0.8571611641390541, 'error_term': 12.745557694640613, 'win_prob_k': 7.790001755706145}",1.0,5
2025-01-07,Charlotte Hornets,Phoenix Suns,115,104,False,False,2025-01-07|Phoenix Suns|Charlotte Hornets,,,,2025-01-07|Phoenix Suns|Charlotte Hornets,0.4201141682251362,"[{""p_home_win"": 0.0, ""weight"": 0.25}, {""p_home_win"": 0.4201141682251362, ""weight"": 0.5}, {""p_home_win"": 0.8402283364502724, ""weight"": 0.25}]",-2.488666301288502,,gssd,"{'home_advantage_points': 1.5713054755315972, 'scale': 0.8622948906520572, 'error_term': 12.706992904610399, 'win_prob_k': 7.721469778532715}",1.0,11
2025-01-07,Washington Wizards,Houston Rockets,112,135,False,False,2025-01-07|Houston Rockets|Washington Wizards,,,,2025-01-07|Houston Rockets|Washington Wizards,0.13182739022841977,"[{""p_home_win"": 0.0, ""weight"": 0.25}, {""p_home_win"": 0.13182739022841977, ""weight"": 0.5}, {""p_home_win"": 0.26365478045683954, ""weight"": 0.25}]",-14.554176278932038,,gssd,"{'home_advantage_points': 1.5713054755315972, 'scale': 0.8622948906520572, 'error_term': 12.706992904610399, 'win_prob_k': 7.721469778532715}",0.0,-23
2025-01-07,Dallas Mavericks,Los Angeles Lakers,118,97,False,False,2025-01-07|Los Angeles Lakers|Dallas Mavericks,,,,2025-01-07|Los Angeles Lakers|Dallas Mavericks,0.7040606100611438,"[{""p_home_win"": 0.4081212201222877, ""weight"": 0.25}, {""p_home_win"": 0.7040606100611438, ""weight"": 0.5}, {""p_home_win"": 1.0, ""weight"": 0.25}]",6.692273347177304,,gssd,"{'home_advantage_points': 1.5713054755315972, 'scale': 0.8622948906520572, 'error_term': 12.706992904610399, 'win_prob_k': 7.721469778532715}",1.0,21
2025-01-07,New Orleans Pelicans,Minnesota Timberwolves,97,104,False,False,2025-01-07|Minnesota Timberwolves|New Orleans Pelicans,,,,2025-01-07|Minnesota Timberwolves|New Orleans Pelicans,0.252575625896923,"[{""p_home_win"": 0.0, ""weight"": 0.25}, {""p_home_win"": 0.252575625896923, ""weight"": 0.5}, {""p_home_win"": 0.505151251793846, ""weight"": 0.25}]",-8.37719564722613,,gssd,"{'home_advantage_points': 1.5713054755315972, 'scale': 0.8622948906520572, 'error_term': 12.706992904610399, 'win_prob_k': 7.721469778532715}",0.0,-7
2025-01-07,Utah Jazz,Atlanta Hawks,121,124,False,False,2025-01-07|Atlanta Hawks|Utah Jazz,,,,2025-01-07|Atlanta Hawks|Utah Jazz,0.41440886336014443,"[{""p_home_win"": 0.0, ""weight"": 0.25}, {""p_home_win"": 0.41440886336014443, ""weight"": 0.5}, {""p_home_win"": 0.8288177267202889, ""weight"": 0.25}]",-2.6698429371111523,,gssd,"{'home_advantage_points': 1.5713054755315972, 'scale': 0.8622948906520572, 'error_term': 12.706992904610399, 'win_prob_k': 7.721469778532715}",0.0,-3
2025-01-07,Denver Nuggets,Boston Celtics,106,118,False,False,2025-01-07|Boston Celtics|Denver Nuggets,,,,2025-01-07|Boston Celtics|Denver Nuggets,0.3685302296486038,"[{""p_home_win"": 0.0, ""weight"": 0.25}, {""p_home_win"": 0.3685302296486038, ""weight"": 0.5}, {""p_home_win"": 0.7370604592972076, ""weight"": 0.25}]",-4.158222491628984,,gssd,"{'home_advantage_points': 1.5713054755315972, 'scale': 0.8622948906520572, 'error_term': 12.706992904610399, 'win_prob_k': 7.721469778532715}",0.0,-12
2025-01-07,Golden State Warriors,Miami Heat,98,114,False,False,2025-01-07|Miami Heat|Golden State Warriors,,,,2025-01-07|Miami Heat|Golden State Warriors,0.5621314539842833,"[{""p_home_win"": 0.12426290796856665, ""weight"": 0.25}, {""p_home_win"": 0.5621314539842833, ""weight"": 0.5}, {""p_home_win"": 1.0, ""weight"": 0.25}]",1.9289542948258402,,gssd,"{'home_advantage_points': 1.5713054755315972, 'scale': 0.8622948906520572, 'error_term': 12.706992904610399, 'win_prob_k': 7.721469778532715}",0.0,-16
2025-01-08,Cleveland Cavaliers,Oklahoma City Thunder,129,122,False,False,2025-01-08|Oklahoma City Thunder|Cleveland Cavaliers,,,,2025-01-08|Oklahoma City Thunder|Cleveland Cavaliers,0.5601735715339066,"[{""p_home_win"": 0.12034714306781313, ""weight"": 0.25}, {""p_home_win"": 0.5601735715339066, ""weight"": 0.5}, {""p_home_win"": 1.0, ""weight"": 0.25}]",1.8670492759026511,,gssd,"{'home_advantage_points': 1.5673900905312435, 'scale': 0.8626552306146655, 'error_term': 12.68419740165634, 'win_prob_k': 7.7193375195394704}",1.0,7
2025-01-08,Indiana Pacers,Chicago Bulls,129,113,False,False,2025-01-08|Chicago Bulls|Indiana Pacers,,,,2025-01-08|Chicago Bulls|Indiana Pacers,0.6263069249899523,"[{""p_home_win"": 0.25261384997990466, ""weight"": 0.25}, {""p_home_win"": 0.6263069249899523, ""weight"": 0.5}, {""p_home_win"": 1.0, ""weight"": 0.25}]",3.9863102119315608,,gssd,"{'home_advantage_points': 1.5673900905312435, 'scale': 0.8626552306146655, 'error_term': 12.68419740165634, 'win_prob_k': 7.7193375195394704}",1.0,16
2025-01-08,Philadelphia 76ers,Washington Wizards,109,103,False,False,2025-01-08|Washington Wizards|Philadelphia 76ers,,,,2025-01-08|Washington Wizards|Philadelphia 76ers,0.7896272091495946,"[{""p_home_win"": 0.5792544182991892, ""weight"": 0.25}, {""p_home_win"": 0.7896272091495946, ""weight"": 0.5}, {""p_home_win"": 1.0, ""weight"": 0.25}]",10.210211771641248,,gssd,"{'home_advantage_points': 1.5673900905312435, 'scale': 0.8626552306146655, 'error_term': 12.68419740165634, 'win_prob_k': 7.7193375195394704}",1.0,6
2025-01-08,Brooklyn Nets,Detroit Pistons,98,113,False,False,2025-01-08|Detroit Pistons|Brooklyn Nets,,,,2025-01-08|Detroit Pistons|Brooklyn Nets,0.4281166038260804,"[{""p_home_win"": 0.0, ""weight"": 0.25}, {""p_home_win"": 0.4281166038260804, ""weight"": 0.5}, {""p_home_win"": 0.8562332076521608, ""weight"": 0.25}]",-2.235053283468922,,gssd,"{'home_advantage_points': 1.5673900905312435, 'scale': 0.8626552306146655, 'error_term': 12.68419740165634, 'win_prob_k': 7.7193375195394704}",0.0,-15
2025-01-08,New York Knicks,Toronto Raptors,112,98,False,False,2025-01-08|Toronto Raptors|New York Knicks,,,,2025-01-08|Toronto Raptors|New York Knicks,0.8720469367585091,"[{""p_home_win"": 0.7440938735170182, ""weight"": 0.25}, {""p_home_win"": 0.8720469367585091, ""weight"": 0.5}, {""p_home_win"": 1.0, ""weight"": 0.25}]",14.81479621828586,,gssd,"{'home_advantage_points': 1.5673900905312435, 'scale': 0.8626552306146655, 'error_term': 12.68419740165634, 'win_prob_k': 7.7193375195394704}",1.0,14
2025-01-08,New Orleans Pelicans,Portland Trail Blazers,100,119,False,False,2025-01-08|Portland Trail Blazers|New Orleans Pelicans,,,,2025-01-08|Portland Trail Blazers|New Orleans Pelicans,0.5021592971371783,"[{""p_home_win"": 0.0043185942743566574, ""weight"": 0.25}, {""p_home_win"": 0.5021592971371783, ""weight"": 0.5}, {""p_home_win"": 1.0, ""weight"": 0.25}]",0.06667378812389768,,gssd,"{'home_advantage_points': 1.5673900905312435, 'scale': 0.8626552306146655, 'error_term': 12.68419740165634, 'win_prob_k': 7.7193375195394704}",0.0,-19
2025-01-08,Denver Nuggets,Los Angeles Clippers,126,103,False,False,2025-01-08|Los Angeles Clippers|Denver Nuggets,,,,2025-01-08|Los Angeles Clippers|Denver Nuggets,0.6028225008829495,"[{""p_home_win"": 0.20564500176589906, ""weight"": 0.25}, {""p_home_win"": 0.6028225008829495, ""weight"": 0.5}, {""p_home_win"": 1.0, ""weight"": 0.25}]",3.2208126158760173,,gssd,"{'home_advantage_points': 1.5673900905312435, 'scale': 0.8626552306146655, 'error_term': 12.68419740165634, 'win_prob_k': 7.7193375195394704}",1.0,23
2025-01-08,Milwaukee Bucks,San Antonio Spurs,121,105,False,False,2025-01-08|San Antonio Spurs|Milwaukee Bucks,,,,2025-01-08|San Antonio Spurs|Milwaukee Bucks,0.6185129080969829,"[{""p_home_win"": 0.2370258161939658, ""weight"": 0.25}, {""p_home_win"": 0.6185129080969829, ""weight"": 0.5}, {""p_home_win"": 1.0, ""weight"": 0.25}]",3.7303007418656735,,gssd,"{'home_advantage_points': 1.5673900905312435, 'scale': 0.8626552306146655, 'error_term': 12.68419740165634, 'win_prob_k': 7.7193375195394704}",1.0,16
2025-01-09,Cleveland Cavaliers,Toronto Raptors,132,126,False,False,2025-01-09|Toronto Raptors|Cleveland Cavaliers,,,,2025-01-09|Toronto Raptors|Cleveland Cavaliers,0.9220086518122352,"[{""p_home_win"": 0.8440173036244705, ""weight"": 0.25}, {""p_home_win"": 0.9220086518122352, ""weight"": 0.5}, {""p_home_win"": 1.0, ""weight"": 0.25}]",18.856830505750256,,gssd,"{'home_advantage_points': 1.6044940467444029, 'scale': 0.8707157599824827, 'error_term': 12.685326929702262, 'win_prob_k': 7.634478146656718}",1.0,6
2025-01-09,Detroit Pistons,Golden State Warriors,104,107,False,False,2025-01-09|Golden State Warriors|Detroit Pistons,,,,2025-01-09|Golden State Warriors|Detroit Pistons,0.4891755518636823,"[{""p_home_win"": 0.0, ""weight"": 0.25}, {""p_home_win"": 0.4891755518636823, ""weight"": 0.5}, {""p_home_win"": 0.9783511037273646, ""weight"": 0.25}]",-0.3306077065990225,,gssd,"{'home_advantage_points': 1.6044940467444029, 'scale': 0.8707157599824827, 'error_term': 12.685326929702262, 'win_prob_k': 7.634478146656718}",0.0,-3
2025-01-09,Orlando Magic,Minnesota Timberwolves,89,104,False,False,2025-01-09|Minnesota Timberwolves|Orlando Magic,,,,2025-01-09|Minnesota Timberwolves|Orlando Magic,0.5737228148193593,"[{""p_home_win"": 0.14744562963871854, ""weight"": 0.25}, {""p_home_win"": 0.5737228148193593, ""weight"": 0.5}, {""p_home_win"": 1.0, ""weight"": 0.25}]",2.267871926797786,,gssd,"{'home_advantage_points': 1.6044940467444029, 'scale': 0.8707157599824827, 'error_term': 12.685326929702262, 'win_prob_k': 7.634478146656718}",0.0,-15
2025-01-09,Dallas Mavericks,Portland Trail Blazers,117,111,False,False,2025-01-09|Portland Trail Blazers|Dallas Mavericks,,,,2025-01-09|Portland Trail Blazers|Dallas Mavericks,0.8404390250350321,"[{""p_home_win"": 0.6808780500700642, ""weight"": 0.25}, {""p_home_win"": 0.8404390250350321, ""weight"": 0.5}, {""p_home_win"": 1.0, ""weight"": 0.25}]",12.684672208609719,,gssd,"{'home_advantage_points': 1.6044940467444029, 'scale': 0.8707157599824827, 'error_term': 12.685326929702262, 'win_prob_k': 7.634478146656718}",1.0,6
2025-01-09,Memphis Grizzlies,Houston Rockets,115,119,False,False,2025-01-09|Houston Rockets|Memphis Grizzlies,,,,2025-01-09|Houston Rockets|Memphis Grizzlies,0.6150923121218711,"[{""p_home_win"": 0.2301846242437422, ""weight"": 0.25}, {""p_home_win"": 0.6150923121218711, ""weight"": 0.5}, {""p_home_win"": 1.0, ""weight"": 0.25}]",3.578805340836084,,gssd,"{'home_advantage_points': 1.6044940467444029, 'scale': 0.8707157599824827, 'error_term': 12.685326929702262, 'win_prob_k': 7.634478146656718}",0.0,-4
2025-01-09,Phoenix Suns,Atlanta Hawks,123,115,False,False,2025-01-09|Atlanta Hawks|Phoenix Suns,,,,2025-01-09|Atlanta Hawks|Phoenix Suns,0.5554337182519424,"[{""p_home_win"": 0.11086743650388486, ""weight"": 0.25}, {""p_home_win"": 0.5554337182519424, ""weight"": 0.5}, {""p_home_win"": 1.0, ""weight"": 0.25}]",1.6998175041281018,,gssd,"{'home_advantage_points': 1.6044940467444029, 'scale': 0.8707157599824827, 'error_term': 12.685326929702262, 'win_prob_k': 7.634478146656718}",1.0,8
2025-01-09,Utah Jazz,Miami Heat,92,97,False,False,2025-01-09|Miami Heat|Utah Jazz,,,,2025-01-09|Miami Heat|Utah Jazz,0.3186521550322379,"[{""p_home_win"": 0.0, ""weight"": 0.25}, {""p_home_win"": 0.3186521550322379, ""weight"": 0.5}, {""p_home_win"": 0.6373043100644759, ""weight"": 0.25}]",-5.801996318152343,,gssd,"{'home_advantage_points': 1.6044940467444029, 'scale': 0.8707157599824827, 'error_term': 12.685326929702262, 'win_prob_k': 7.634478146656718}",0.0,-5
2025-01-10,Indiana Pacers,Golden State Warriors,108,96,False,False,2025-01-10|Golden State Warriors|Indiana Pacers,,,,2025-01-10|Golden State Warriors|Indiana Pacers,0.5276741974308272,"[{""p_home_win"": 0.05534839486165444, ""weight"": 0.25}, {""p_home_win"": 0.5276741974308272, ""weight"": 0.5}, {""p_home_win"": 1.0, ""weight"": 0.25}]",0.8340064612958963,,gssd,"{'home_advantage_points': 1.5355554226240369, 'scale': 0.8711494053927284, 'error_term': 12.644607931810693, 'win_prob_k': 7.526452413656806}",1.0,12
2025-01-10,Orlando Magic,Milwaukee Bucks,106,109,False,False,2025-01-10|Milwaukee Bucks|Orlando Magic,,,,2025-01-10|Milwaukee Bucks|Orlando Magic,0.5292896787169914,"[{""p_home_win"": 0.05857935743398279, ""weight"": 0.25}, {""p_home_win"": 0.5292896787169914, ""weight"": 0.5}, {""p_home_win"": 1.0, ""weight"": 0.25}]",0.8828002064005739,,gssd,"{'home_advantage_points': 1.5355554226240369, 'scale': 0.8711494053927284, 'error_term': 12.644607931810693, 'win_prob_k': 7.526452413656806}",0.0,-3
2025-01-10,Philadelphia 76ers,New Orleans Pelicans,115,123,False,False,2025-01-10|New Orleans Pelicans|Philadelphia 76ers,,,,2025-01-10|New Orleans Pelicans|Philadelphia 76ers,0.7441423006209169,"[{""p_home_win"": 0.4882846012418338, ""weight"": 0.25}, {""p_home_win"": 0.7441423006209169, ""weight"": 0.5}, {""p_home_win"": 1.0, ""weight"": 0.25}]",8.035322279068659,,gssd,"{'home_advantage_points': 1.5355554226240369, 'scale': 0.8711494053927284, 'error_term': 12.644607931810693, 'win_prob_k': 7.526452413656806}",0.0,-8
2025-01-10,Boston Celtics,Sacramento Kings,97,114,False,False,2025-01-10|Sacramento Kings|Boston Celtics,,,,2025-01-10|Sacramento Kings|Boston Celtics,0.7553854767145884,"[{""p_home_win"": 0.5107709534291769, ""weight"": 0.25}, {""p_home_win"": 0.7553854767145884, ""weight"": 0.5}, {""p_home_win"": 1.0, ""weight"": 0.25}]",8.486410678283907,,gssd,"{'home_advantage_points': 1.5355554226240369, 'scale': 0.8711494053927284, 'error_term': 12.644607931810693, 'win_prob_k': 7.526452413656806}",0.0,-17
2025-01-10,New York Knicks,Oklahoma City Thunder,101,126,False,False,2025-01-10|Oklahoma City Thunder|New York Knicks,,,,2025-01-10|Oklahoma City Thunder|New York Knicks,0.4481264494059464,"[{""p_home_win"": 0.0, ""weight"": 0.25}, {""p_home_win"": 0.4481264494059464, ""weight"": 0.5}, {""p_home_win"": 0.8962528988118929, ""weight"": 0.25}]",-1.5673347879145008,,gssd,"{'home_advantage_points': 1.5355554226240369, 'scale': 0.8711494053927284, 'error_term': 12.644607931810693, 'win_prob_k': 7.526452413656806}",0.0,-25
2025-01-10,Chicago Bulls,Washington Wizards,138,105,False,False,2025-01-10|Washington Wizards|Chicago Bulls,,,,2025-01-10|Washington Wizards|Chicago Bulls,0.789400566197108,"[{""p_home_win"": 0.5788011323942159, ""weight"": 0.25}, {""p_home_win"": 0.789400566197108, ""weight"": 0.5}, {""p_home_win"": 1.0, ""weight"": 0.25}]",9.944821766171655,,gssd,"{'home_advantage_points': 1.5355554226240369, 'scale': 0.8711494053927284, 'error_term': 12.644607931810693, 'win_prob_k': 7.526452413656806}",1.0,33
2025-01-10,Denver Nuggets,Brooklyn Nets,124,105,False,False,2025-01-10|Brooklyn Nets|Denver Nuggets,,,,2025-01-10|Brooklyn Nets|Denver Nuggets,0.7972794524852654,"[{""p_home_win"": 0.5945589049705309, ""weight"": 0.25}, {""p_home_win"": 0.7972794524852654, ""weight"": 0.5}, {""p_home_win"": 1.0, ""weight"": 0.25}]",10.306549550318339,,gssd,"{'home_advantage_points': 1.5355554226240369, 'scale': 0.8711494053927284, 'error_term': 12.644607931810693, 'win_prob_k': 7.526452413656806}",1.0,19
2025-01-11,Phoenix Suns,Utah Jazz,114,106,False,False,2025-01-11|Utah Jazz|Phoenix Suns,,,,2025-01-11|Utah Jazz|Phoenix Suns,0.6852558056666928,"[{""p_home_win"": 0.3705116113333855, ""weight"": 0.25}, {""p_home_win"": 0.6852558056666928, ""weight"": 0.5}, {""p_home_win"": 1.0, ""weight"": 0.25}]",5.902613455359341,,gssd,"{'home_advantage_points': 1.4805511266748077, 'scale': 0.8788076860672538, 'error_term': 12.713383251838628, 'win_prob_k': 7.586594904432758}",1.0,8
2025-01-11,Detroit Pistons,Toronto Raptors,123,114,False,False,2025-01-11|Toronto Raptors|Detroit Pistons,,,,2025-01-11|Toronto Raptors|Detroit Pistons,0.726714768023879,"[{""p_home_win"": 0.45342953604775804, ""weight"": 0.25}, {""p_home_win"": 0.726714768023879, ""weight"": 0.5}, {""p_home_win"": 1.0, ""weight"": 0.25}]",7.419826405012664,,gssd,"{'home_advantage_points': 1.4805511266748077, 'scale': 0.8788076860672538, 'error_term': 12.713383251838628, 'win_prob_k': 7.586594904432758}",1.0,9
2025-01-11,Minnesota Timberwolves,Memphis Grizzlies,125,127,False,False,2025-01-11|Memphis Grizzlies|Minnesota Timberwolves,,,,2025-01-11|Memphis Grizzlies|Minnesota Timberwolves,0.37710922056788276,"[{""p_home_win"": 0.0, ""weight"": 0.25}, {""p_home_win"": 0.37710922056788276, ""weight"": 0.5}, {""p_home_win"": 0.7542184411357655, ""weight"": 0.25}]",-3.8072289765507694,,gssd,"{'home_advantage_points': 1.4805511266748077, 'scale': 0.8788076860672538, 'error_term': 12.713383251838628, 'win_prob_k': 7.586594904432758}",0.0,-2
2025-01-11,Portland Trail Blazers,Miami Heat,98,119,False,False,2025-01-11|Miami Heat|Portland Trail Blazers,,,,2025-01-11|Miami Heat|Portland Trail Blazers,0.2950221758494246,"[{""p_home_win"": 0.0, ""weight"": 0.25}, {""p_home_win"": 0.2950221758494246, ""weight"": 0.5}, {""p_home_win"": 0.5900443516988492, ""weight"": 0.25}]",-6.60880285124661,,gssd,"{'home_advantage_points': 1.4805511266748077, 'scale': 0.8788076860672538, 'error_term': 12.713383251838628, 'win_prob_k': 7.586594904432758}",0.0,-21
2025-01-12,Dallas Mavericks,Denver Nuggets,101,112,False,False,2025-01-12|Denver Nuggets|Dallas Mavericks,,,,2025-01-12|Denver Nuggets|Dallas Mavericks,0.5703910145733585,"[{""p_home_win"": 0.140782029146717, ""weight"": 0.25}, {""p_home_win"": 0.5703910145733585, ""weight"": 0.5}, {""p_home_win"": 1.0, ""weight"": 0.25}]",2.137242195397297,,gssd,"{'home_advantage_points': 1.4633743484672794, 'scale': 0.8791257053216313, 'error_term': 12.683920672135073, 'win_prob_k': 7.54019191961256}",0.0,-11
2025-01-12,New York Knicks,Milwaukee Bucks,140,106,False,False,2025-01-12|Milwaukee Bucks|New York Knicks,,,,2025-01-12|Milwaukee Bucks|New York Knicks,0.6525680667335505,"[{""p_home_win"": 0.305136133467101, ""weight"": 0.25}, {""p_home_win"": 0.6525680667335505, ""weight"": 0.5}, {""p_home_win"": 1.0, ""weight"": 0.25}]",4.752934945071772,,gssd,"{'home_advantage_points': 1.4633743484672794, 'scale': 0.8791257053216313, 'error_term': 12.683920672135073, 'win_prob_k': 7.54019191961256}",1.0,34
2025-01-12,Chicago Bulls,Sacramento Kings,119,124,False,False,2025-01-12|Sacramento Kings|Chicago Bulls,,,,2025-01-12|Sacramento Kings|Chicago Bulls,0.3949240413406828,"[{""p_home_win"": 0.0, ""weight"": 0.25}, {""p_home_win"": 0.3949240413406828, ""weight"": 0.5}, {""p_home_win"": 0.7898480826813656, ""weight"": 0.25}]",-3.217102474108579,,gssd,"{'home_advantage_points': 1.4633743484672794, 'scale': 0.8791257053216313, 'error_term': 12.683920672135073, 'win_prob_k': 7.54019191961256}",0.0,-5
2025-01-12,Boston Celtics,New Orleans Pelicans,120,119,False,False,2025-01-12|New Orleans Pelicans|Boston Celtics,,,,2025-01-12|New Orleans Pelicans|Boston Celtics,0.9223986318508758,"[{""p_home_win"": 0.8447972637017516, ""weight"": 0.25}, {""p_home_win"": 0.9223986318508758, ""weight"": 0.5}, {""p_home_win"": 1.0, ""weight"": 0.25}]",18.66493398259387,,gssd,"{'home_advantage_points': 1.4633743484672794, 'scale': 0.8791257053216313, 'error_term': 12.683920672135073, 'win_prob_k': 7.54019191961256}",1.0,1
2025-01-12,Cleveland Cavaliers,Indiana Pacers,93,108,False,False,2025-01-12|Indiana Pacers|Cleveland Cavaliers,,,,2025-01-12|Indiana Pacers|Cleveland Cavaliers,0.8137612819039386,"[{""p_home_win"": 0.6275225638078772, ""weight"": 0.25}, {""p_home_win"": 0.8137612819039386, ""weight"": 0.5}, {""p_home_win"": 1.0, ""weight"": 0.25}]",11.119051843504254,,gssd,"{'home_advantage_points': 1.4633743484672794, 'scale': 0.8791257053216313, 'error_term': 12.683920672135073, 'win_prob_k': 7.54019191961256}",0.0,-15
2025-01-12,Orlando Magic,Philadelphia 76ers,104,99,False,False,2025-01-12|Philadelphia 76ers|Orlando Magic,,,,2025-01-12|Philadelphia 76ers|Orlando Magic,0.679086268212695,"[{""p_home_win"": 0.35817253642539004, ""weight"": 0.25}, {""p_home_win"": 0.679086268212695, ""weight"": 0.5}, {""p_home_win"": 1.0, ""weight"": 0.25}]",5.651945636585205,,gssd,"{'home_advantage_points': 1.4633743484672794, 'scale': 0.8791257053216313, 'error_term': 12.683920672135073, 'win_prob_k': 7.54019191961256}",1.0,5
2025-01-12,Washington Wizards,Oklahoma City Thunder,95,136,False,False,2025-01-12|Oklahoma City Thunder|Washington Wizards,,,,2025-01-12|Oklahoma City Thunder|Washington Wizards,0.06161163129590593,"[{""p_home_win"": 0.0, ""weight"": 0.25}, {""p_home_win"": 0.06161163129590593, ""weight"": 0.5}, {""p_home_win"": 0.12322326259181186, ""weight"": 0.25}]",-20.53430441135843,,gssd,"{'home_advantage_points': 1.4633743484672794, 'scale': 0.8791257053216313, 'error_term': 12.683920672135073, 'win_prob_k': 7.54019191961256}",0.0,-41
2025-01-12,Utah Jazz,Brooklyn Nets,112,111,False,False,2025-01-12|Brooklyn Nets|Utah Jazz,,,,2025-01-12|Brooklyn Nets|Utah Jazz,0.5375078380363612,"[{""p_home_win"": 0.0750156760727223, ""weight"": 0.25}, {""p_home_win"": 0.5375078380363612, ""weight"": 0.5}, {""p_home_win"": 1.0, ""weight"": 0.25}]",1.1333943918479568,,gssd,"{'home_advantage_points': 1.4633743484672794, 'scale': 0.8791257053216313, 'error_term': 12.683920672135073, 'win_prob_k': 7.54019191961256}",1.0,1
2025-01-12,Phoenix Suns,Charlotte Hornets,120,113,False,False,2025-01-12|Charlotte Hornets|Phoenix Suns,,,,2025-01-12|Charlotte Hornets|Phoenix Suns,0.6716358634121762,"[{""p_home_win"": 0.34327172682435236, ""weight"": 0.25}, {""p_home_win"": 0.6716358634121762, ""weight"": 0.5}, {""p_home_win"": 1.0, ""weight"": 0.25}]",5.395709752311607,,gssd,"{'home_advantage_points': 1.4633743484672794, 'scale': 0.8791257053216313, 'error_term': 12.683920672135073, 'win_prob_k': 7.54019191961256}",1.0,7
2025-01-13,Washington Wizards,Minnesota Timberwolves,106,120,False,False,2025-01-13|Minnesota Timberwolves|Washington Wizards,,,,2025-01-13|Minnesota Timberwolves|Washington Wizards,0.1543781642204091,"[{""p_home_win"": 0.0, ""weight"": 0.25}, {""p_home_win"": 0.1543781642204091, ""weight"": 0.5}, {""p_home_win"": 0.3087563284408182, ""weight"": 0.25}]",-12.81855367804241,,gssd,"{'home_advantage_points': 1.3936436879964385, 'scale': 0.8764588347017567, 'error_term': 12.742719136499812, 'win_prob_k': 7.537368149860054}",0.0,-14
2025-01-13,New York Knicks,Detroit Pistons,119,124,False,False,2025-01-13|Detroit Pistons|New York Knicks,,,,2025-01-13|Detroit Pistons|New York Knicks,0.7539544649446136,"[{""p_home_win"": 0.5079089298892272, ""weight"": 0.25}, {""p_home_win"": 0.7539544649446136, ""weight"": 0.5}, {""p_home_win"": 1.0, ""weight"": 0.25}]",8.4404605845459,,gssd,"{'home_advantage_points': 1.3936436879964385, 'scale': 0.8764588347017567, 'error_term': 12.742719136499812, 'win_prob_k': 7.537368149860054}",0.0,-5
2025-01-13,Toronto Raptors,Golden State Warriors,104,101,False,False,2025-01-13|Golden State Warriors|Toronto Raptors,,,,2025-01-13|Golden State Warriors|Toronto Raptors,0.3066258056625234,"[{""p_home_win"": 0.0, ""weight"": 0.25}, {""p_home_win"": 0.3066258056625234, ""weight"": 0.5}, {""p_home_win"": 0.6132516113250468, ""weight"": 0.25}]",-6.150052878752371,,gssd,"{'home_advantage_points': 1.3936436879964385, 'scale': 0.8764588347017567, 'error_term': 12.742719136499812, 'win_prob_k': 7.537368149860054}",1.0,3
2025-01-13,Houston Rockets,Memphis Grizzlies,120,118,False,False,2025-01-13|Memphis Grizzlies|Houston Rockets,,,,2025-01-13|Memphis Grizzlies|Houston Rockets,0.49340078939600557,"[{""p_home_win"": 0.0, ""weight"": 0.25}, {""p_home_win"": 0.49340078939600557, ""weight"": 0.5}, {""p_home_win"": 0.9868015787920111, ""weight"": 0.25}]",-0.19897427348136243,,gssd,"{'home_advantage_points': 1.3936436879964385, 'scale': 0.8764588347017567, 'error_term': 12.742719136499812, 'win_prob_k': 7.537368149860054}",1.0,2
2025-01-13,Los Angeles Clippers,Miami Heat,109,98,False,False,2025-01-13|Miami Heat|Los Angeles Clippers,,,,2025-01-13|Miami Heat|Los Angeles Clippers,0.508748752488176,"[{""p_home_win"": 0.01749750497635194, ""weight"": 0.25}, {""p_home_win"": 0.508748752488176, ""weight"": 0.5}, {""p_home_win"": 1.0, ""weight"": 0.25}]",0.26379719723886796,,gssd,"{'home_advantage_points': 1.3936436879964385, 'scale': 0.8764588347017567, 'error_term': 12.742719136499812, 'win_prob_k': 7.537368149860054}",1.0,11
2025-01-13,Los Angeles Lakers,San Antonio Spurs,102,126,False,False,2025-01-13|San Antonio Spurs|Los Angeles Lakers,,,,2025-01-13|San Antonio Spurs|Los Angeles Lakers,0.5154997830059552,"[{""p_home_win"": 0.03099956601191045, ""weight"": 0.25}, {""p_home_win"": 0.5154997830059552, ""weight"": 0.5}, {""p_home_win"": 1.0, ""weight"": 0.25}]",0.4674600602732918,,gssd,"{'home_advantage_points': 1.3936436879964385, 'scale': 0.8764588347017567, 'error_term': 12.742719136499812, 'win_prob_k': 7.537368149860054}",0.0,-24
2025-01-14,Indiana Pacers,Cleveland Cavaliers,117,127,False,False,2025-01-14|Cleveland Cavaliers|Indiana Pacers,,,,2025-01-14|Cleveland Cavaliers|Indiana Pacers,0.2751854013151543,"[{""p_home_win"": 0.0, ""weight"": 0.25}, {""p_home_win"": 0.2751854013151543, ""weight"": 0.5}, {""p_home_win"": 0.5503708026303086, ""weight"": 0.25}]",-7.3806427431090444,,gssd,"{'home_advantage_points': 1.360275032736929, 'scale': 0.8776743561512514, 'error_term': 12.738446796295271, 'win_prob_k': 7.620924084833378}",0.0,-10
2025-01-14,Philadelphia 76ers,Oklahoma City Thunder,102,118,False,False,2025-01-14|Oklahoma City Thunder|Philadelphia 76ers,,,,2025-01-14|Oklahoma City Thunder|Philadelphia 76ers,0.1690545471248316,"[{""p_home_win"": 0.0, ""weight"": 0.25}, {""p_home_win"": 0.1690545471248316, ""weight"": 0.5}, {""p_home_win"": 0.3381090942496632, ""weight"": 0.25}]",-12.13512302776771,,gssd,"{'home_advantage_points': 1.360275032736929, 'scale': 0.8776743561512514, 'error_term': 12.738446796295271, 'win_prob_k': 7.620924084833378}",0.0,-16
2025-01-14,Atlanta Hawks,Phoenix Suns,122,117,False,False,2025-01-14|Phoenix Suns|Atlanta Hawks,,,,2025-01-14|Phoenix Suns|Atlanta Hawks,0.5241999809964207,"[{""p_home_win"": 0.04839996199284147, ""weight"": 0.25}, {""p_home_win"": 0.5241999809964207, ""weight"": 0.5}, {""p_home_win"": 1.0, ""weight"": 0.25}]",0.7382817215148928,,gssd,"{'home_advantage_points': 1.360275032736929, 'scale': 0.8776743561512514, 'error_term': 12.738446796295271, 'win_prob_k': 7.620924084833378}",1.0,5
2025-01-14,Chicago Bulls,New Orleans Pelicans,113,119,False,False,2025-01-14|New Orleans Pelicans|Chicago Bulls,,,,2025-01-14|New Orleans Pelicans|Chicago Bulls,0.7278912283590179,"[{""p_home_win"": 0.45578245671803574, ""weight"": 0.25}, {""p_home_win"": 0.7278912283590179, ""weight"": 0.5}, {""p_home_win"": 1.0, ""weight"": 0.25}]",7.498606297293003,,gssd,"{'home_advantage_points': 1.360275032736929, 'scale': 0.8776743561512514, 'error_term': 12.738446796295271, 'win_prob_k': 7.620924084833378}",0.0,-6
2025-01-14,Milwaukee Bucks,Sacramento Kings,130,115,False,False,2025-01-14|Sacramento Kings|Milwaukee Bucks,,,,2025-01-14|Sacramento Kings|Milwaukee Bucks,0.5104816152117393,"[{""p_home_win"": 0.020963230423478585, ""weight"": 0.25}, {""p_home_win"": 0.5104816152117393, ""weight"": 0.5}, {""p_home_win"": 1.0, ""weight"": 0.25}]",0.3195651924708953,,gssd,"{'home_advantage_points': 1.360275032736929, 'scale': 0.8776743561512514, 'error_term': 12.738446796295271, 'win_prob_k': 7.620924084833378}",1.0,15
2025-01-14,Dallas Mavericks,Denver Nuggets,99,118,False,False,2025-01-14|Denver Nuggets|Dallas Mavericks,,,,2025-01-14|Denver Nuggets|Dallas Mavericks,0.545895179033748,"[{""p_home_win"": 0.09179035806749591, ""weight"": 0.25}, {""p_home_win"": 0.545895179033748, ""weight"": 0.5}, {""p_home_win"": 1.0, ""weight"": 0.25}]",1.4030039158653471,,gssd,"{'home_advantage_points': 1.360275032736929, 'scale': 0.8776743561512514, 'error_term': 12.738446796295271, 'win_prob_k': 7.620924084833378}",0.0,-19
2025-01-14,Portland Trail Blazers,Brooklyn Nets,114,132,False,False,2025-01-14|Brooklyn Nets|Portland Trail Blazers,,,,2025-01-14|Brooklyn Nets|Portland Trail Blazers,0.5016702445102879,"[{""p_home_win"": 0.00334048902057571, ""weight"": 0.25}, {""p_home_win"": 0.5016702445102879, ""weight"": 0.5}, {""p_home_win"": 1.0, ""weight"": 0.25}]",0.050915415850734336,,gssd,"{'home_advantage_points': 1.360275032736929, 'scale': 0.8776743561512514, 'error_term': 12.738446796295271, 'win_prob_k': 7.620924084833378}",0.0,-18
2025-01-15,Philadelphia 76ers,New York Knicks,119,125,False,False,2025-01-15|New York Knicks|Philadelphia 76ers,,,,2025-01-15|New York Knicks|Philadelphia 76ers,0.2655945609368054,"[{""p_home_win"": 0.0, ""weight"": 0.25}, {""p_home_win"": 0.2655945609368054, ""weight"": 0.5}, {""p_home_win"": 0.5311891218736108, ""weight"": 0.25}]",-7.734459969447048,,gssd,"{'home_advantage_points': 1.295263886351858, 'scale': 0.8831368515335414, 'error_term': 12.734908860340646, 'win_prob_k': 7.60449678916069}",0.0,-6
2025-01-15,Toronto Raptors,Boston Celtics,110,97,False,False,2025-01-15|Boston Celtics|Toronto Raptors,,,,2025-01-15|Boston Celtics|Toronto Raptors,0.13677230271539692,"[{""p_home_win"": 0.0, ""weight"": 0.25}, {""p_home_win"": 0.13677230271539692, ""weight"": 0.5}, {""p_home_win"": 0.27354460543079384, ""weight"": 0.25}]",-14.010228164661783,,gssd,"{'home_advantage_points': 1.295263886351858, 'scale': 0.8831368515335414, 'error_term': 12.734908860340646, 'win_prob_k': 7.60449678916069}",1.0,13
2025-01-15,Chicago Bulls,Atlanta Hawks,94,110,False,False,2025-01-15|Atlanta Hawks|Chicago Bulls,,,,2025-01-15|Atlanta Hawks|Chicago Bulls,0.5302720103296189,"[{""p_home_win"": 0.06054402065923781, ""weight"": 0.25}, {""p_home_win"": 0.5302720103296189, ""weight"": 0.5}, {""p_home_win"": 1.0, ""weight"": 0.25}]",0.9219412072574771,,gssd,"{'home_advantage_points': 1.295263886351858, 'scale': 0.8831368515335414, 'error_term': 12.734908860340646, 'win_prob_k': 7.60449678916069}",0.0,-16
2025-01-15,Milwaukee Bucks,Orlando Magic,122,93,False,False,2025-01-15|Orlando Magic|Milwaukee Bucks,,,,2025-01-15|Orlando Magic|Milwaukee Bucks,0.5525994520885483,"[{""p_home_win"": 0.10519890417709665, ""weight"": 0.25}, {""p_home_win"": 0.5525994520885483, ""weight"": 0.5}, {""p_home_win"": 1.0, ""weight"": 0.25}]",1.6059111472860286,,gssd,"{'home_advantage_points': 1.295263886351858, 'scale': 0.8831368515335414, 'error_term': 12.734908860340646, 'win_prob_k': 7.60449678916069}",1.0,29
2025-01-15,New Orleans Pelicans,Dallas Mavericks,119,116,False,False,2025-01-15|Dallas Mavericks|New Orleans Pelicans,,,,2025-01-15|Dallas Mavericks|New Orleans Pelicans,0.21177743521639483,"[{""p_home_win"": 0.0, ""weight"": 0.25}, {""p_home_win"": 0.21177743521639483, ""weight"": 0.5}, {""p_home_win"": 0.42355487043278967, ""weight"": 0.25}]",-9.994168865751911,,gssd,"{'home_advantage_points': 1.295263886351858, 'scale': 0.8831368515335414, 'error_term': 12.734908860340646, 'win_prob_k': 7.60449678916069}",1.0,3
2025-01-15,San Antonio Spurs,Memphis Grizzlies,115,129,False,False,2025-01-15|Memphis Grizzlies|San Antonio Spurs,,,,2025-01-15|Memphis Grizzlies|San Antonio Spurs,0.3271026950623418,"[{""p_home_win"": 0.0, ""weight"": 0.25}, {""p_home_win"": 0.3271026950623418, ""weight"": 0.5}, {""p_home_win"": 0.6542053901246836, ""weight"": 0.25}]",-5.485264607088998,,gssd,"{'home_advantage_points': 1.295263886351858, 'scale': 0.8831368515335414, 'error_term': 12.734908860340646, 'win_prob_k': 7.60449678916069}",0.0,-14
2025-01-15,Denver Nuggets,Houston Rockets,108,128,False,False,2025-01-15|Houston Rockets|Denver Nuggets,,,,2025-01-15|Houston Rockets|Denver Nuggets,0.5069394349807907,"[{""p_home_win"": 0.013878869961581497, ""weight"": 0.25}, {""p_home_win"": 0.5069394349807907, ""weight"": 0.5}, {""p_home_win"": 1.0, ""weight"": 0.25}]",0.21109719887712997,,gssd,"{'home_advantage_points': 1.295263886351858, 'scale': 0.8831368515335414, 'error_term': 12.734908860340646, 'win_prob_k': 7.60449678916069}",0.0,-20
2025-01-15,Utah Jazz,Charlotte Hornets,112,117,False,False,2025-01-15|Charlotte Hornets|Utah Jazz,,,,2025-01-15|Charlotte Hornets|Utah Jazz,0.5265274581849113,"[{""p_home_win"": 0.053054916369822624, ""weight"": 0.25}, {""p_home_win"": 0.5265274581849113, ""weight"": 0.5}, {""p_home_win"": 1.0, ""weight"": 0.25}]",0.8076702686321018,,gssd,"{'home_advantage_points': 1.295263886351858, 'scale': 0.8831368515335414, 'error_term': 12.734908860340646, 'win_prob_k': 7.60449678916069}",0.0,-5
2025-01-15,Minnesota Timberwolves,Golden State Warriors,115,116,False,False,2025-01-15|Golden State Warriors|Minnesota Timberwolves,,,,2025-01-15|Golden State Warriors|Minnesota Timberwolves,0.5891793018956311,"[{""p_home_win"": 0.17835860379126212, ""weight"": 0.25}, {""p_home_win"": 0.5891793018956311, ""weight"": 0.5}, {""p_home_win"": 1.0, ""weight"": 0.25}]",2.741981491824574,,gssd,"{'home_advantage_points': 1.295263886351858, 'scale': 0.8831368515335414, 'error_term': 12.734908860340646, 'win_prob_k': 7.60449678916069}",0.0,-1
2025-01-15,Los Angeles Lakers,Miami Heat,117,108,False,False,2025-01-15|Miami Heat|Los Angeles Lakers,,,,2025-01-15|Miami Heat|Los Angeles Lakers,0.4197417373454302,"[{""p_home_win"": 0.0, ""weight"": 0.25}, {""p_home_win"": 0.4197417373454302, ""weight"": 0.5}, {""p_home_win"": 0.8394834746908604, ""weight"": 0.25}]",-2.462592132723307,,gssd,"{'home_advantage_points': 1.295263886351858, 'scale': 0.8831368515335414, 'error_term': 12.734908860340646, 'win_prob_k': 7.60449678916069}",1.0,9
2025-01-15,Los Angeles Clippers,Brooklyn Nets,126,67,False,False,2025-01-15|Brooklyn Nets|Los Angeles Clippers,,,,2025-01-15|Brooklyn Nets|Los Angeles Clippers,0.7280895975757893,"[{""p_home_win"": 0.45617919515157856, ""weight"": 0.25}, {""p_home_win"": 0.7280895975757893, ""weight"": 0.5}, {""p_home_win"": 1.0, ""weight"": 0.25}]",7.490060557541031,,gssd,"{'home_advantage_points': 1.295263886351858, 'scale': 0.8831368515335414, 'error_term': 12.734908860340646, 'win_prob_k': 7.60449678916069}",1.0,59
2025-01-16,Detroit Pistons,Indiana Pacers,100,111,False,False,2025-01-16|Indiana Pacers|Detroit Pistons,,,,2025-01-16|Indiana Pacers|Detroit Pistons,0.507627825499105,"[{""p_home_win"": 0.015255650998210024, ""weight"": 0.25}, {""p_home_win"": 0.507627825499105, ""weight"": 0.5}, {""p_home_win"": 1.0, ""weight"": 0.25}]",0.23706661961971776,,gssd,"{'home_advantage_points': 1.4110735343577836, 'scale': 0.8842086589016023, 'error_term': 12.942400413762403, 'win_prob_k': 7.769194093442648}",0.0,-11
2025-01-16,Washington Wizards,Phoenix Suns,123,130,False,False,2025-01-16|Phoenix Suns|Washington Wizards,,,,2025-01-16|Phoenix Suns|Washington Wizards,0.21862149404020115,"[{""p_home_win"": 0.0, ""weight"": 0.25}, {""p_home_win"": 0.21862149404020115, ""weight"": 0.5}, {""p_home_win"": 0.4372429880804023, ""weight"": 0.25}]",-9.8957606402761,,gssd,"{'home_advantage_points': 1.4110735343577836, 'scale': 0.8842086589016023, 'error_term': 12.942400413762403, 'win_prob_k': 7.769194093442648}",0.0,-7
2025-01-16,Oklahoma City Thunder,Cleveland Cavaliers,134,114,False,False,2025-01-16|Cleveland Cavaliers|Oklahoma City Thunder,,,,2025-01-16|Cleveland Cavaliers|Oklahoma City Thunder,0.5855165200434246,"[{""p_home_win"": 0.17103304008684916, ""weight"": 0.25}, {""p_home_win"": 0.5855165200434246, ""weight"": 0.5}, {""p_home_win"": 1.0, ""weight"": 0.25}]",2.6839557320920733,,gssd,"{'home_advantage_points': 1.4110735343577836, 'scale': 0.8842086589016023, 'error_term': 12.942400413762403, 'win_prob_k': 7.769194093442648}",1.0,20
2025-01-16,Portland Trail Blazers,Los Angeles Clippers,89,118,False,False,2025-01-16|Los Angeles Clippers|Portland Trail Blazers,,,,2025-01-16|Los Angeles Clippers|Portland Trail Blazers,0.2640745200947902,"[{""p_home_win"": 0.0, ""weight"": 0.25}, {""p_home_win"": 0.2640745200947902, ""weight"": 0.5}, {""p_home_win"": 0.5281490401895804, ""weight"": 0.25}]",-7.962627813718396,,gssd,"{'home_advantage_points': 1.4110735343577836, 'scale': 0.8842086589016023, 'error_term': 12.942400413762403, 'win_prob_k': 7.769194093442648}",0.0,-29
2025-01-16,Sacramento Kings,Houston Rockets,132,127,False,False,2025-01-16|Houston Rockets|Sacramento Kings,,,,2025-01-16|Houston Rockets|Sacramento Kings,0.43179959470018053,"[{""p_home_win"": 0.0, ""weight"": 0.25}, {""p_home_win"": 0.43179959470018053, ""weight"": 0.5}, {""p_home_win"": 0.8635991894003611, ""weight"": 0.25}]",-2.1327416959241567,,gssd,"{'home_advantage_points': 1.4110735343577836, 'scale': 0.8842086589016023, 'error_term': 12.942400413762403, 'win_prob_k': 7.769194093442648}",1.0,5
2025-01-17,Boston Celtics,Orlando Magic,121,94,False,False,2025-01-17|Orlando Magic|Boston Celtics,,,,2025-01-17|Orlando Magic|Boston Celtics,0.7477518314139906,"[{""p_home_win"": 0.4955036628279812, ""weight"": 0.25}, {""p_home_win"": 0.7477518314139906, ""weight"": 0.5}, {""p_home_win"": 1.0, ""weight"": 0.25}]",8.487106066743465,,gssd,"{'home_advantage_points': 1.4052385975777248, 'scale': 0.8926441700196281, 'error_term': 12.939095651115764, 'win_prob_k': 7.810284409758189}",1.0,27
2025-01-17,New York Knicks,Minnesota Timberwolves,99,116,False,False,2025-01-17|Minnesota Timberwolves|New York Knicks,,,,2025-01-17|Minnesota Timberwolves|New York Knicks,0.6712550176905175,"[{""p_home_win"": 0.3425100353810351, ""weight"": 0.25}, {""p_home_win"": 0.6712550176905175, ""weight"": 0.5}, {""p_home_win"": 1.0, ""weight"": 0.25}]",5.575502742594866,,gssd,"{'home_advantage_points': 1.4052385975777248, 'scale': 0.8926441700196281, 'error_term': 12.939095651115764, 'win_prob_k': 7.810284409758189}",0.0,-17
2025-01-17,Chicago Bulls,Charlotte Hornets,123,125,False,False,2025-01-17|Charlotte Hornets|Chicago Bulls,,,,2025-01-17|Charlotte Hornets|Chicago Bulls,0.6258928743628814,"[{""p_home_win"": 0.25178574872576287, ""weight"": 0.25}, {""p_home_win"": 0.6258928743628814, ""weight"": 0.5}, {""p_home_win"": 1.0, ""weight"": 0.25}]",4.019461655310645,,gssd,"{'home_advantage_points': 1.4052385975777248, 'scale': 0.8926441700196281, 'error_term': 12.939095651115764, 'win_prob_k': 7.810284409758189}",0.0,-2
2025-01-17,Miami Heat,Denver Nuggets,113,133,False,False,2025-01-17|Denver Nuggets|Miami Heat,,,,2025-01-17|Denver Nuggets|Miami Heat,0.47170711350953515,"[{""p_home_win"": 0.0, ""weight"": 0.25}, {""p_home_win"": 0.47170711350953515, ""weight"": 0.5}, {""p_home_win"": 0.9434142270190703, ""weight"": 0.25}]",-0.8848471808549818,,gssd,"{'home_advantage_points': 1.4052385975777248, 'scale': 0.8926441700196281, 'error_term': 12.939095651115764, 'win_prob_k': 7.810284409758189}",0.0,-20
2025-01-17,Milwaukee Bucks,Toronto Raptors,130,112,False,False,2025-01-17|Toronto Raptors|Milwaukee Bucks,,,,2025-01-17|Toronto Raptors|Milwaukee Bucks,0.7888519778903335,"[{""p_home_win"": 0.5777039557806669, ""weight"": 0.25}, {""p_home_win"": 0.7888519778903335, ""weight"": 0.5}, {""p_home_win"": 1.0, ""weight"": 0.25}]",10.294105449195486,,gssd,"{'home_advantage_points': 1.4052385975777248, 'scale': 0.8926441700196281, 'error_term': 12.939095651115764, 'win_prob_k': 7.810284409758189}",1.0,18
2025-01-17,New Orleans Pelicans,Utah Jazz,136,123,False,False,2025-01-17|Utah Jazz|New Orleans Pelicans,,,,2025-01-17|Utah Jazz|New Orleans Pelicans,0.48259644504369376,"[{""p_home_win"": 0.0, ""weight"": 0.25}, {""p_home_win"": 0.48259644504369376, ""weight"": 0.5}, {""p_home_win"": 0.9651928900873875, ""weight"": 0.25}]",-0.543926588826245,,gssd,"{'home_advantage_points': 1.4052385975777248, 'scale': 0.8926441700196281, 'error_term': 12.939095651115764, 'win_prob_k': 7.810284409758189}",1.0,13
2025-01-17,Dallas Mavericks,Oklahoma City Thunder,106,98,False,False,2025-01-17|Oklahoma City Thunder|Dallas Mavericks,,,,2025-01-17|Oklahoma City Thunder|Dallas Mavericks,0.30536212471818686,"[{""p_home_win"": 0.0, ""weight"": 0.25}, {""p_home_win"": 0.30536212471818686, ""weight"": 0.5}, {""p_home_win"": 0.6107242494363737, ""weight"": 0.25}]",-6.419212621296708,,gssd,"{'home_advantage_points': 1.4052385975777248, 'scale': 0.8926441700196281, 'error_term': 12.939095651115764, 'win_prob_k': 7.810284409758189}",1.0,8
2025-01-17,San Antonio Spurs,Memphis Grizzlies,112,140,False,False,2025-01-17|Memphis Grizzlies|San Antonio Spurs,,,,2025-01-17|Memphis Grizzlies|San Antonio Spurs,0.3158694441562922,"[{""p_home_win"": 0.0, ""weight"": 0.25}, {""p_home_win"": 0.3158694441562922, ""weight"": 0.5}, {""p_home_win"": 0.6317388883125844, ""weight"": 0.25}]",-6.035942386391457,,gssd,"{'home_advantage_points': 1.4052385975777248, 'scale': 0.8926441700196281, 'error_term': 12.939095651115764, 'win_prob_k': 7.810284409758189}",0.0,-28
2025-01-17,Los Angeles Lakers,Brooklyn Nets,102,101,False,False,2025-01-17|Brooklyn Nets|Los Angeles Lakers,,,,2025-01-17|Brooklyn Nets|Los Angeles Lakers,0.6785449351094404,"[{""p_home_win"": 0.3570898702188807, ""weight"": 0.25}, {""p_home_win"": 0.6785449351094404, ""weight"": 0.5}, {""p_home_win"": 1.0, ""weight"": 0.25}]",5.835008321335484,,gssd,"{'home_advantage_points': 1.4052385975777248, 'scale': 0.8926441700196281, 'error_term': 12.939095651115764, 'win_prob_k': 7.810284409758189}",1.0,1
2025-01-18,Detroit Pistons,Phoenix Suns,121,125,False,False,2025-01-18|Phoenix Suns|Detroit Pistons,,,,2025-01-18|Phoenix Suns|Detroit Pistons,0.5490837681680528,"[{""p_home_win"": 0.09816753633610564, ""weight"": 0.25}, {""p_home_win"": 0.5490837681680528, ""weight"": 0.5}, {""p_home_win"": 1.0, ""weight"": 0.25}]",1.5531262985298433,,gssd,"{'home_advantage_points': 1.3699265252069912, 'scale': 0.8985459072626852, 'error_term': 12.976700078902443, 'win_prob_k': 7.88511345237116}",0.0,-4
2025-01-18,Boston Celtics,Atlanta Hawks,115,119,False,False,2025-01-18|Atlanta Hawks|Boston Celtics,,,,2025-01-18|Atlanta Hawks|Boston Celtics,0.80722586602141,"[{""p_home_win"": 0.61445173204282, ""weight"": 0.25}, {""p_home_win"": 0.80722586602141, ""weight"": 0.5}, {""p_home_win"": 1.0, ""weight"": 0.25}]",11.292147173666972,,gssd,"{'home_advantage_points': 1.3699265252069912, 'scale': 0.8985459072626852, 'error_term': 12.976700078902443, 'win_prob_k': 7.88511345237116}",0.0,-4
2025-01-18,Indiana Pacers,Philadelphia 76ers,115,102,False,False,2025-01-18|Philadelphia 76ers|Indiana Pacers,,,,2025-01-18|Philadelphia 76ers|Indiana Pacers,0.6594383402542671,"[{""p_home_win"": 0.3188766805085341, ""weight"": 0.25}, {""p_home_win"": 0.6594383402542671, ""weight"": 0.5}, {""p_home_win"": 1.0, ""weight"": 0.25}]",5.210422080590709,,gssd,"{'home_advantage_points': 1.3699265252069912, 'scale': 0.8985459072626852, 'error_term': 12.976700078902443, 'win_prob_k': 7.88511345237116}",1.0,13
2025-01-18,Golden State Warriors,Washington Wizards,122,114,False,False,2025-01-18|Washington Wizards|Golden State Warriors,,,,2025-01-18|Washington Wizards|Golden State Warriors,0.8651690534857704,"[{""p_home_win"": 0.7303381069715409, ""weight"": 0.25}, {""p_home_win"": 0.8651690534857704, ""weight"": 0.5}, {""p_home_win"": 1.0, ""weight"": 0.25}]",14.657662469020938,,gssd,"{'home_advantage_points': 1.3699265252069912, 'scale': 0.8985459072626852, 'error_term': 12.976700078902443, 'win_prob_k': 7.88511345237116}",1.0,8
2025-01-18,Minnesota Timberwolves,Cleveland Cavaliers,117,124,False,False,2025-01-18|Cleveland Cavaliers|Minnesota Timberwolves,,,,2025-01-18|Cleveland Cavaliers|Minnesota Timberwolves,0.33395630701460066,"[{""p_home_win"": 0.0, ""weight"": 0.25}, {""p_home_win"": 0.33395630701460066, ""weight"": 0.5}, {""p_home_win"": 0.6679126140292013, ""weight"": 0.25}]",-5.443449485046954,,gssd,"{'home_advantage_points': 1.3699265252069912, 'scale': 0.8985459072626852, 'error_term': 12.976700078902443, 'win_prob_k': 7.88511345237116}",0.0,-7
2025-01-18,Portland Trail Blazers,Houston Rockets,103,125,False,False,2025-01-18|Houston Rockets|Portland Trail Blazers,,,,2025-01-18|Houston Rockets|Portland Trail Blazers,0.17676201798757588,"[{""p_home_win"": 0.0, ""weight"": 0.25}, {""p_home_win"": 0.17676201798757588, ""weight"": 0.5}, {""p_home_win"": 0.35352403597515175, ""weight"": 0.25}]",-12.13078203128373,,gssd,"{'home_advantage_points': 1.3699265252069912, 'scale': 0.8985459072626852, 'error_term': 12.976700078902443, 'win_prob_k': 7.88511345237116}",0.0,-22
2025-01-19,Miami Heat,San Antonio Spurs,128,107,False,False,2025-01-19|San Antonio Spurs|Miami Heat,,,,2025-01-19|San Antonio Spurs|Miami Heat,0.5941203640148608,"[{""p_home_win"": 0.18824072802972158, ""weight"": 0.25}, {""p_home_win"": 0.5941203640148608, ""weight"": 0.5}, {""p_home_win"": 1.0, ""weight"": 0.25}]",3.0036918410111797,,gssd,"{'home_advantage_points': 1.3204578530703226, 'scale': 0.898329729413178, 'error_term': 12.939617516427573, 'win_prob_k': 7.88318257132439}",1.0,21
2025-01-19,Orlando Magic,Denver Nuggets,100,113,False,False,2025-01-19|Denver Nuggets|Orlando Magic,,,,2025-01-19|Denver Nuggets|Orlando Magic,0.4258416683385614,"[{""p_home_win"": 0.0, ""weight"": 0.25}, {""p_home_win"": 0.4258416683385614, ""weight"": 0.5}, {""p_home_win"": 0.8516833366771228, ""weight"": 0.25}]",-2.3557912874383944,,gssd,"{'home_advantage_points': 1.3204578530703226, 'scale': 0.898329729413178, 'error_term': 12.939617516427573, 'win_prob_k': 7.88318257132439}",0.0,-13
2025-01-19,Milwaukee Bucks,Philadelphia 76ers,123,109,False,False,2025-01-19|Philadelphia 76ers|Milwaukee Bucks,,,,2025-01-19|Philadelphia 76ers|Milwaukee Bucks,0.7160117974367517,"[{""p_home_win"": 0.4320235948735034, ""weight"": 0.25}, {""p_home_win"": 0.7160117974367517, ""weight"": 0.5}, {""p_home_win"": 1.0, ""weight"": 0.25}]",7.290083026928771,,gssd,"{'home_advantage_points': 1.3204578530703226, 'scale': 0.898329729413178, 'error_term': 12.939617516427573, 'win_prob_k': 7.88318257132439}",1.0,14
2025-01-19,Oklahoma City Thunder,Brooklyn Nets,127,101,False,False,2025-01-19|Brooklyn Nets|Oklahoma City Thunder,,,,2025-01-19|Brooklyn Nets|Oklahoma City Thunder,0.9124502504895122,"[{""p_home_win"": 0.8249005009790245, ""weight"": 0.25}, {""p_home_win"": 0.9124502504895122, ""weight"": 0.5}, {""p_home_win"": 1.0, ""weight"": 0.25}]",18.47759947954781,,gssd,"{'home_advantage_points': 1.3204578530703226, 'scale': 0.898329729413178, 'error_term': 12.939617516427573, 'win_prob_k': 7.88318257132439}",1.0,26
2025-01-19,Los Angeles Clippers,Los Angeles Lakers,116,102,False,False,2025-01-19|Los Angeles Lakers|Los Angeles Clippers,,,,2025-01-19|Los Angeles Lakers|Los Angeles Clippers,0.686425568237225,"[{""p_home_win"": 0.37285113647445, ""weight"": 0.25}, {""p_home_win"": 0.686425568237225, ""weight"": 0.5}, {""p_home_win"": 1.0, ""weight"": 0.25}]",6.176166443108922,,gssd,"{'home_advantage_points': 1.3204578530703226, 'scale': 0.898329729413178, 'error_term': 12.939617516427573, 'win_prob_k': 7.88318257132439}",1.0,14
2025-01-19,Portland Trail Blazers,Chicago Bulls,113,102,False,False,2025-01-19|Chicago Bulls|Portland Trail Blazers,,,,2025-01-19|Chicago Bulls|Portland Trail Blazers,0.3641287454526073,"[{""p_home_win"": 0.0, ""weight"": 0.25}, {""p_home_win"": 0.3641287454526073, ""weight"": 0.5}, {""p_home_win"": 0.7282574909052146, ""weight"": 0.25}]",-4.3947845058268395,,gssd,"{'home_advantage_points': 1.3204578530703226, 'scale': 0.898329729413178, 'error_term': 12.939617516427573, 'win_prob_k': 7.88318257132439}",1.0,11
2025-01-19,Sacramento Kings,Washington Wizards,123,100,False,False,2025-01-19|Washington Wizards|Sacramento Kings,,,,2025-01-19|Washington Wizards|Sacramento Kings,0.8856403504915283,"[{""p_home_win"": 0.7712807009830567, ""weight"": 0.25}, {""p_home_win"": 0.8856403504915283, ""weight"": 0.5}, {""p_home_win"": 1.0, ""weight"": 0.25}]",16.1365802125415,,gssd,"{'home_advantage_points': 1.3204578530703226, 'scale': 0.898329729413178, 'error_term': 12.939617516427573, 'win_prob_k': 7.88318257132439}",1.0,23
2025-01-20,Charlotte Hornets,Dallas Mavericks,110,105,False,False,2025-01-20|Dallas Mavericks|Charlotte Hornets,,,,2025-01-20|Dallas Mavericks|Charlotte Hornets,0.2946021983197993,"[{""p_home_win"": 0.0, ""weight"": 0.25}, {""p_home_win"": 0.2946021983197993, ""weight"": 0.5}, {""p_home_win"": 0.5892043966395986, ""weight"": 0.25}]",-6.891982426211138,,gssd,"{'home_advantage_points': 1.3990273277796759, 'scale': 0.8957792829250829, 'error_term': 12.91945489177338, 'win_prob_k': 7.893367054694737}",1.0,5
2025-01-20,Houston Rockets,Detroit Pistons,96,107,False,False,2025-01-20|Detroit Pistons|Houston Rockets,,,,2025-01-20|Detroit Pistons|Houston Rockets,0.7403586470736837,"[{""p_home_win"": 0.4807172941473674, ""weight"": 0.25}, {""p_home_win"": 0.7403586470736837, ""weight"": 0.5}, {""p_home_win"": 1.0, ""weight"": 0.25}]",8.270934112504948,,gssd,"{'home_advantage_points': 1.3990273277796759, 'scale': 0.8957792829250829, 'error_term': 12.91945489177338, 'win_prob_k': 7.893367054694737}",0.0,-11
2025-01-20,Memphis Grizzlies,Minnesota Timberwolves,108,106,False,False,2025-01-20|Minnesota Timberwolves|Memphis Grizzlies,,,,2025-01-20|Minnesota Timberwolves|Memphis Grizzlies,0.7132098640614408,"[{""p_home_win"": 0.42641972812288165, ""weight"": 0.25}, {""p_home_win"": 0.7132098640614408, ""weight"": 0.5}, {""p_home_win"": 1.0, ""weight"": 0.25}]",7.191054736692998,,gssd,"{'home_advantage_points': 1.3990273277796759, 'scale': 0.8957792829250829, 'error_term': 12.91945489177338, 'win_prob_k': 7.893367054694737}",1.0,2
2025-01-20,New York Knicks,Atlanta Hawks,119,110,False,False,2025-01-20|Atlanta Hawks|New York Knicks,,,,2025-01-20|Atlanta Hawks|New York Knicks,0.7404131842147353,"[{""p_home_win"": 0.4808263684294707, ""weight"": 0.25}, {""p_home_win"": 0.7404131842147353, ""weight"": 0.5}, {""p_home_win"": 1.0, ""weight"": 0.25}]",8.273173701213445,,gssd,"{'home_advantage_points': 1.3990273277796759, 'scale': 0.8957792829250829, 'error_term': 12.91945489177338, 'win_prob_k': 7.893367054694737}",1.0,9
2025-01-20,Cleveland Cavaliers,Phoenix Suns,118,92,False,False,2025-01-20|Phoenix Suns|Cleveland Cavaliers,,,,2025-01-20|Phoenix Suns|Cleveland Cavaliers,0.8069550004174528,"[{""p_home_win"": 0.6139100008349057, ""weight"": 0.25}, {""p_home_win"": 0.8069550004174528, ""weight"": 0.5}, {""p_home_win"": 1.0, ""weight"": 0.25}]",11.290234823817828,,gssd,"{'home_advantage_points': 1.3990273277796759, 'scale': 0.8957792829250829, 'error_term': 12.91945489177338, 'win_prob_k': 7.893367054694737}",1.0,26
2025-01-20,Golden State Warriors,Boston Celtics,85,125,False,False,2025-01-20|Boston Celtics|Golden State Warriors,,,,2025-01-20|Boston Celtics|Golden State Warriors,0.31662393943558687,"[{""p_home_win"": 0.0, ""weight"": 0.25}, {""p_home_win"": 0.31662393943558687, ""weight"": 0.5}, {""p_home_win"": 0.6332478788711737, ""weight"": 0.25}]",-6.072608421014015,,gssd,"{'home_advantage_points': 1.3990273277796759, 'scale': 0.8957792829250829, 'error_term': 12.91945489177338, 'win_prob_k': 7.893367054694737}",0.0,-40
2025-01-20,New Orleans Pelicans,Utah Jazz,123,119,False,False,2025-01-20|Utah Jazz|New Orleans Pelicans,,,,2025-01-20|Utah Jazz|New Orleans Pelicans,0.4985726149000018,"[{""p_home_win"": 0.0, ""weight"": 0.25}, {""p_home_win"": 0.4985726149000018, ""weight"": 0.5}, {""p_home_win"": 0.9971452298000036, ""weight"": 0.25}]",-0.04506762052040658,,gssd,"{'home_advantage_points': 1.3990273277796759, 'scale': 0.8957792829250829, 'error_term': 12.91945489177338, 'win_prob_k': 7.893367054694737}",1.0,4
2025-01-20,Los Angeles Clippers,Chicago Bulls,99,112,False,False,2025-01-20|Chicago Bulls|Los Angeles Clippers,,,,2025-01-20|Chicago Bulls|Los Angeles Clippers,0.7087422506825162,"[{""p_home_win"": 0.41748450136503235, ""weight"": 0.25}, {""p_home_win"": 0.7087422506825162, ""weight"": 0.5}, {""p_home_win"": 1.0, ""weight"": 0.25}]",7.019439578099471,,gssd,"{'home_advantage_points': 1.3990273277796759, 'scale': 0.8957792829250829, 'error_term': 12.91945489177338, 'win_prob_k': 7.893367054694737}",0.0,-13
2025-01-21,Brooklyn Nets,New York Knicks,95,99,False,False,2025-01-21|New York Knicks|Brooklyn Nets,,,,2025-01-21|New York Knicks|Brooklyn Nets,0.20270410462494193,"[{""p_home_win"": 0.0, ""weight"": 0.25}, {""p_home_win"": 0.20270410462494193, ""weight"": 0.5}, {""p_home_win"": 0.40540820924988386, ""weight"": 0.25}]",-10.923276543278256,,gssd,"{'home_advantage_points': 1.319976772718939, 'scale': 0.8947615683979432, 'error_term': 12.981017283206779, 'win_prob_k': 7.976230366696779}",0.0,-4
2025-01-21,Miami Heat,Portland Trail Blazers,107,116,False,False,2025-01-21|Portland Trail Blazers|Miami Heat,,,,2025-01-21|Portland Trail Blazers|Miami Heat,0.7864401713701791,"[{""p_home_win"": 0.5728803427403582, ""weight"": 0.25}, {""p_home_win"": 0.7864401713701791, ""weight"": 0.5}, {""p_home_win"": 1.0, ""weight"": 0.25}]",10.397810946517055,,gssd,"{'home_advantage_points': 1.319976772718939, 'scale': 0.8947615683979432, 'error_term': 12.981017283206779, 'win_prob_k': 7.976230366696779}",0.0,-9
2025-01-21,Toronto Raptors,Orlando Magic,109,93,False,False,2025-01-21|Orlando Magic|Toronto Raptors,,,,2025-01-21|Orlando Magic|Toronto Raptors,0.3345721391900375,"[{""p_home_win"": 0.0, ""weight"": 0.25}, {""p_home_win"": 0.3345721391900375, ""weight"": 0.5}, {""p_home_win"": 0.669144278380075, ""weight"": 0.25}]",-5.484278245143599,,gssd,"{'home_advantage_points': 1.319976772718939, 'scale': 0.8947615683979432, 'error_term': 12.981017283206779, 'win_prob_k': 7.976230366696779}",1.0,16
2025-01-21,Denver Nuggets,Philadelphia 76ers,144,109,False,False,2025-01-21|Philadelphia 76ers|Denver Nuggets,,,,2025-01-21|Philadelphia 76ers|Denver Nuggets,0.7595285753169804,"[{""p_home_win"": 0.5190571506339607, ""weight"": 0.25}, {""p_home_win"": 0.7595285753169804, ""weight"": 0.5}, {""p_home_win"": 1.0, ""weight"": 0.25}]",9.173436055534243,,gssd,"{'home_advantage_points': 1.319976772718939, 'scale': 0.8947615683979432, 'error_term': 12.981017283206779, 'win_prob_k': 7.976230366696779}",1.0,35
2025-01-21,Los Angeles Lakers,Washington Wizards,111,88,False,False,2025-01-21|Washington Wizards|Los Angeles Lakers,,,,2025-01-21|Washington Wizards|Los Angeles Lakers,0.8152871278800358,"[{""p_home_win"": 0.6305742557600715, ""weight"": 0.25}, {""p_home_win"": 0.8152871278800358, ""weight"": 0.5}, {""p_home_win"": 1.0, ""weight"": 0.25}]",11.842610555659725,,gssd,"{'home_advantage_points': 1.319976772718939, 'scale': 0.8947615683979432, 'error_term': 12.981017283206779, 'win_prob_k': 7.976230366696779}",1.0,23
2025-01-22,Atlanta Hawks,Detroit Pistons,104,114,False,False,2025-01-22|Detroit Pistons|Atlanta Hawks,,,,2025-01-22|Detroit Pistons|Atlanta Hawks,0.520389741729802,"[{""p_home_win"": 0.04077948345960403, ""weight"": 0.25}, {""p_home_win"": 0.520389741729802, ""weight"": 0.5}, {""p_home_win"": 1.0, ""weight"": 0.25}]",0.651749412360569,,gssd,"{'home_advantage_points': 1.388565937986789, 'scale': 0.8953229190294294, 'error_term': 13.021170545081668, 'win_prob_k': 7.9867119155328865}",0.0,-10
2025-01-22,Brooklyn Nets,Phoenix Suns,84,108,False,False,2025-01-22|Phoenix Suns|Brooklyn Nets,,,,2025-01-22|Phoenix Suns|Brooklyn Nets,0.38299630005581664,"[{""p_home_win"": 0.0, ""weight"": 0.25}, {""p_home_win"": 0.38299630005581664, ""weight"": 0.5}, {""p_home_win"": 0.7659926001116333, ""weight"": 0.25}]",-3.8084611158177446,,gssd,"{'home_advantage_points': 1.388565937986789, 'scale': 0.8953229190294294, 'error_term': 13.021170545081668, 'win_prob_k': 7.9867119155328865}",0.0,-24
2025-01-22,Dallas Mavericks,Minnesota Timberwolves,114,115,False,False,2025-01-22|Minnesota Timberwolves|Dallas Mavericks,,,,2025-01-22|Minnesota Timberwolves|Dallas Mavericks,0.5846571169267546,"[{""p_home_win"": 0.1693142338535092, ""weight"": 0.25}, {""p_home_win"": 0.5846571169267546, ""weight"": 0.5}, {""p_home_win"": 1.0, ""weight"": 0.25}]",2.7308256998262714,,gssd,"{'home_advantage_points': 1.388565937986789, 'scale': 0.8953229190294294, 'error_term': 13.021170545081668, 'win_prob_k': 7.9867119155328865}",0.0,-1
2025-01-22,Houston Rockets,Cleveland Cavaliers,109,108,False,False,2025-01-22|Cleveland Cavaliers|Houston Rockets,,,,2025-01-22|Cleveland Cavaliers|Houston Rockets,0.4275854027979796,"[{""p_home_win"": 0.0, ""weight"": 0.25}, {""p_home_win"": 0.4275854027979796, ""weight"": 0.5}, {""p_home_win"": 0.8551708055959591, ""weight"": 0.25}]",-2.3297998038644345,,gssd,"{'home_advantage_points': 1.388565937986789, 'scale': 0.8953229190294294, 'error_term': 13.021170545081668, 'win_prob_k': 7.9867119155328865}",1.0,1
2025-01-22,Memphis Grizzlies,Charlotte Hornets,132,120,False,False,2025-01-22|Charlotte Hornets|Memphis Grizzlies,,,,2025-01-22|Charlotte Hornets|Memphis Grizzlies,0.8468900623682587,"[{""p_home_win"": 0.6937801247365174, ""weight"": 0.25}, {""p_home_win"": 0.8468900623682587, ""weight"": 0.5}, {""p_home_win"": 1.0, ""weight"": 0.25}]",13.660589303326336,,gssd,"{'home_advantage_points': 1.388565937986789, 'scale': 0.8953229190294294, 'error_term': 13.021170545081668, 'win_prob_k': 7.9867119155328865}",1.0,12
2025-01-22,Oklahoma City Thunder,Utah Jazz,123,114,False,False,2025-01-22|Utah Jazz|Oklahoma City Thunder,,,,2025-01-22|Utah Jazz|Oklahoma City Thunder,0.9095192345314367,"[{""p_home_win"": 0.8190384690628734, ""weight"": 0.25}, {""p_home_win"": 0.9095192345314367, ""weight"": 0.5}, {""p_home_win"": 1.0, ""weight"": 0.25}]",18.431564874407577,,gssd,"{'home_advantage_points': 1.388565937986789, 'scale': 0.8953229190294294, 'error_term': 13.021170545081668, 'win_prob_k': 7.9867119155328865}",1.0,9
2025-01-22,Sacramento Kings,Golden State Warriors,123,117,False,False,2025-01-22|Golden State Warriors|Sacramento Kings,,,,2025-01-22|Golden State Warriors|Sacramento Kings,0.62782634308174,"[{""p_home_win"": 0.25565268616348, ""weight"": 0.25}, {""p_home_win"": 0.62782634308174, ""weight"": 0.5}, {""p_home_win"": 1.0, ""weight"": 0.25}]",4.176275935873878,,gssd,"{'home_advantage_points': 1.388565937986789, 'scale': 0.8953229190294294, 'error_term': 13.021170545081668, 'win_prob_k': 7.9867119155328865}",1.0,6
2025-01-22,Los Angeles Clippers,Boston Celtics,113,117,False,False,2025-01-22|Boston Celtics|Los Angeles Clippers,,,,2025-01-22|Boston Celtics|Los Angeles Clippers,0.34959979976665106,"[{""p_home_win"": 0.0, ""weight"": 0.25}, {""p_home_win"": 0.34959979976665106, ""weight"": 0.5}, {""p_home_win"": 0.6991995995333021, ""weight"": 0.25}]",-4.958141133686455,,gssd,"{'home_advantage_points': 1.388565937986789, 'scale': 0.8953229190294294, 'error_term': 13.021170545081668, 'win_prob_k': 7.9867119155328865}",0.0,-4
2025-01-23,Indiana Pacers,San Antonio Spurs,110,140,False,False,2025-01-23|San Antonio Spurs|Indiana Pacers,,,,2025-01-23|San Antonio Spurs|Indiana Pacers,0.6084505672949057,"[{""p_home_win"": 0.2169011345898113, ""weight"": 0.25}, {""p_home_win"": 0.6084505672949057, ""weight"": 0.5}, {""p_home_win"": 1.0, ""weight"": 0.25}]",3.487502078325474,,gssd,"{'home_advantage_points': 1.3251854646384362, 'scale': 0.894161593920376, 'error_term': 12.983158861982968, 'win_prob_k': 7.911686080763726}",0.0,-30
2025-01-23,Orlando Magic,Portland Trail Blazers,79,101,False,False,2025-01-23|Portland Trail Blazers|Orlando Magic,,,,2025-01-23|Portland Trail Blazers|Orlando Magic,0.7461012454943406,"[{""p_home_win"": 0.4922024909886813, ""weight"": 0.25}, {""p_home_win"": 0.7461012454943406, ""weight"": 0.5}, {""p_home_win"": 1.0, ""weight"": 0.25}]",8.528209959085098,,gssd,"{'home_advantage_points': 1.3251854646384362, 'scale': 0.894161593920376, 'error_term': 12.983158861982968, 'win_prob_k': 7.911686080763726}",0.0,-22
2025-01-23,Atlanta Hawks,Toronto Raptors,119,122,False,False,2025-01-23|Toronto Raptors|Atlanta Hawks,,,,2025-01-23|Toronto Raptors|Atlanta Hawks,0.6803181172501708,"[{""p_home_win"": 0.36063623450034155, ""weight"": 0.25}, {""p_home_win"": 0.6803181172501708, ""weight"": 0.5}, {""p_home_win"": 1.0, ""weight"": 0.25}]",5.975175301321028,,gssd,"{'home_advantage_points': 1.3251854646384362, 'scale': 0.894161593920376, 'error_term': 12.983158861982968, 'win_prob_k': 7.911686080763726}",0.0,-3
2025-01-23,Oklahoma City Thunder,Dallas Mavericks,115,121,False,False,2025-01-23|Dallas Mavericks|Oklahoma City Thunder,,,,2025-01-23|Dallas Mavericks|Oklahoma City Thunder,0.7609137248006287,"[{""p_home_win"": 0.5218274496012574, ""weight"": 0.25}, {""p_home_win"": 0.7609137248006287, ""weight"": 0.5}, {""p_home_win"": 1.0, ""weight"": 0.25}]",9.159323449994465,,gssd,"{'home_advantage_points': 1.3251854646384362, 'scale': 0.894161593920376, 'error_term': 12.983158861982968, 'win_prob_k': 7.911686080763726}",0.0,-6
2025-01-23,Milwaukee Bucks,Miami Heat,125,96,False,False,2025-01-23|Miami Heat|Milwaukee Bucks,,,,2025-01-23|Miami Heat|Milwaukee Bucks,0.592337421369299,"[{""p_home_win"": 0.18467484273859802, ""weight"": 0.25}, {""p_home_win"": 0.592337421369299, ""weight"": 0.5}, {""p_home_win"": 1.0, ""weight"": 0.25}]",2.956095661246583,,gssd,"{'home_advantage_points': 1.3251854646384362, 'scale': 0.894161593920376, 'error_term': 12.983158861982968, 'win_prob_k': 7.911686080763726}",1.0,29
2025-01-23,Denver Nuggets,Sacramento Kings,132,123,False,False,2025-01-23|Sacramento Kings|Denver Nuggets,,,,2025-01-23|Sacramento Kings|Denver Nuggets,0.6103455248901681,"[{""p_home_win"": 0.22069104978033627, ""weight"": 0.25}, {""p_home_win"": 0.6103455248901681, ""weight"": 0.5}, {""p_home_win"": 1.0, ""weight"": 0.25}]",3.550486584676907,,gssd,"{'home_advantage_points': 1.3251854646384362, 'scale': 0.894161593920376, 'error_term': 12.983158861982968, 'win_prob_k': 7.911686080763726}",1.0,9
2025-01-23,Golden State Warriors,Chicago Bulls,131,106,False,False,2025-01-23|Chicago Bulls|Golden State Warriors,,,,2025-01-23|Chicago Bulls|Golden State Warriors,0.6053575740234883,"[{""p_home_win"": 0.21071514804697666, ""weight"": 0.25}, {""p_home_win"": 0.6053575740234883, ""weight"": 0.5}, {""p_home_win"": 1.0, ""weight"": 0.25}]",3.3849295278029388,,gssd,"{'home_advantage_points': 1.3251854646384362, 'scale': 0.894161593920376, 'error_term': 12.983158861982968, 'win_prob_k': 7.911686080763726}",1.0,25
2025-01-23,Los Angeles Lakers,Boston Celtics,117,96,False,False,2025-01-23|Boston Celtics|Los Angeles Lakers,,,,2025-01-23|Boston Celtics|Los Angeles Lakers,0.24071194396684703,"[{""p_home_win"": 0.0, ""weight"": 0.25}, {""p_home_win"": 0.24071194396684703, ""weight"": 0.5}, {""p_home_win"": 0.48142388793369406, ""weight"": 0.25}]",-9.088788796893946,,gssd,"{'home_advantage_points': 1.3251854646384362, 'scale': 0.894161593920376, 'error_term': 12.983158861982968, 'win_prob_k': 7.911686080763726}",1.0,21
2025-01-23,Los Angeles Clippers,Washington Wizards,110,93,False,False,2025-01-23|Washington Wizards|Los Angeles Clippers,,,,2025-01-23|Washington Wizards|Los Angeles Clippers,0.8886757374197474,"[{""p_home_win"": 0.7773514748394947, ""weight"": 0.25}, {""p_home_win"": 0.8886757374197474, ""weight"": 0.5}, {""p_home_win"": 1.0, ""weight"": 0.25}]",16.43482833938711,,gssd,"{'home_advantage_points': 1.3251854646384362, 'scale': 0.894161593920376, 'error_term': 12.983158861982968, 'win_prob_k': 7.911686080763726}",1.0,17
2025-01-24,Charlotte Hornets,Portland Trail Blazers,97,102,False,False,2025-01-24|Portland Trail Blazers|Charlotte Hornets,,,,2025-01-24|Portland Trail Blazers|Charlotte Hornets,0.6022996401249647,"[{""p_home_win"": 0.20459928024992946, ""weight"": 0.25}, {""p_home_win"": 0.6022996401249647, ""weight"": 0.5}, {""p_home_win"": 1.0, ""weight"": 0.25}]",3.2984168744819824,,gssd,"{'home_advantage_points': 1.307675953949178, 'scale': 0.8992334662433387, 'error_term': 13.135540837282873, 'win_prob_k': 7.946916179584839}",0.0,-5
2025-01-24,Philadelphia 76ers,Cleveland Cavaliers,132,129,False,False,2025-01-24|Cleveland Cavaliers|Philadelphia 76ers,,,,2025-01-24|Cleveland Cavaliers|Philadelphia 76ers,0.18032553848892066,"[{""p_home_win"": 0.0, ""weight"": 0.25}, {""p_home_win"": 0.18032553848892066, ""weight"": 0.5}, {""p_home_win"": 0.3606510769778413, ""weight"": 0.25}]",-12.032771467856033,,gssd,"{'home_advantage_points': 1.307675953949178, 'scale': 0.8992334662433387, 'error_term': 13.135540837282873, 'win_prob_k': 7.946916179584839}",1.0,3
2025-01-24,Memphis Grizzlies,New Orleans Pelicans,139,126,False,False,2025-01-24|New Orleans Pelicans|Memphis Grizzlies,,,,2025-01-24|New Orleans Pelicans|Memphis Grizzlies,0.8856611511044712,"[{""p_home_win"": 0.7713223022089424, ""weight"": 0.25}, {""p_home_win"": 0.8856611511044712, ""weight"": 0.5}, {""p_home_win"": 1.0, ""weight"": 0.25}]",16.268672748572722,,gssd,"{'home_advantage_points': 1.307675953949178, 'scale': 0.8992334662433387, 'error_term': 13.135540837282873, 'win_prob_k': 7.946916179584839}",1.0,13
2025-01-25,San Antonio Spurs,Indiana Pacers,98,136,False,False,2025-01-25|Indiana Pacers|San Antonio Spurs,,,,2025-01-25|Indiana Pacers|San Antonio Spurs,0.5199765880811231,"[{""p_home_win"": 0.03995317616224625, ""weight"": 0.25}, {""p_home_win"": 0.5199765880811231, ""weight"": 0.5}, {""p_home_win"": 1.0, ""weight"": 0.25}]",0.6391886417508513,,gssd,"{'home_advantage_points': 1.3158698216470066, 'scale': 0.8977076959426339, 'error_term': 13.122788651513464, 'win_prob_k': 7.994963795894229}",0.0,-38
2025-01-25,Minnesota Timberwolves,Denver Nuggets,133,104,False,False,2025-01-25|Denver Nuggets|Minnesota Timberwolves,,,,2025-01-25|Denver Nuggets|Minnesota Timberwolves,0.44386947544602656,"[{""p_home_win"": 0.0, ""weight"": 0.25}, {""p_home_win"": 0.44386947544602656, ""weight"": 0.5}, {""p_home_win"": 0.8877389508920531, ""weight"": 0.25}]",-1.802644299371889,,gssd,"{'home_advantage_points': 1.3158698216470066, 'scale': 0.8977076959426339, 'error_term': 13.122788651513464, 'win_prob_k': 7.994963795894229}",1.0,29
2025-01-25,Dallas Mavericks,Boston Celtics,107,122,False,False,2025-01-25|Boston Celtics|Dallas Mavericks,,,,2025-01-25|Boston Celtics|Dallas Mavericks,0.39094954876655574,"[{""p_home_win"": 0.0, ""weight"": 0.25}, {""p_home_win"": 0.39094954876655574, ""weight"": 0.5}, {""p_home_win"": 0.7818990975331115, ""weight"": 0.25}]",-3.5443480302005144,,gssd,"{'home_advantage_points': 1.3158698216470066, 'scale': 0.8977076959426339, 'error_term': 13.122788651513464, 'win_prob_k': 7.994963795894229}",0.0,-15
2025-01-25,Brooklyn Nets,Miami Heat,97,106,False,False,2025-01-25|Miami Heat|Brooklyn Nets,,,,2025-01-25|Miami Heat|Brooklyn Nets,0.3162068581832564,"[{""p_home_win"": 0.0, ""weight"": 0.25}, {""p_home_win"": 0.3162068581832564, ""weight"": 0.5}, {""p_home_win"": 0.6324137163665128, ""weight"": 0.25}]",-6.166186452809569,,gssd,"{'home_advantage_points': 1.3158698216470066, 'scale': 0.8977076959426339, 'error_term': 13.122788651513464, 'win_prob_k': 7.994963795894229}",0.0,-9
2025-01-25,Charlotte Hornets,New Orleans Pelicans,123,92,False,False,2025-01-25|New Orleans Pelicans|Charlotte Hornets,,,,2025-01-25|New Orleans Pelicans|Charlotte Hornets,0.617176122983703,"[{""p_home_win"": 0.2343522459674059, ""weight"": 0.25}, {""p_home_win"": 0.617176122983703, ""weight"": 0.5}, {""p_home_win"": 1.0, ""weight"": 0.25}]",3.8182300240870997,,gssd,"{'home_advantage_points': 1.3158698216470066, 'scale': 0.8977076959426339, 'error_term': 13.122788651513464, 'win_prob_k': 7.994963795894229}",1.0,31
2025-01-25,Orlando Magic,Detroit Pistons,121,113,False,False,2025-01-25|Detroit Pistons|Orlando Magic,,,,2025-01-25|Detroit Pistons|Orlando Magic,0.5377331667880507,"[{""p_home_win"": 0.07546633357610144, ""weight"": 0.25}, {""p_home_win"": 0.5377331667880507, ""weight"": 0.5}, {""p_home_win"": 1.0, ""weight"": 0.25}]",1.2089998578443044,,gssd,"{'home_advantage_points': 1.3158698216470066, 'scale': 0.8977076959426339, 'error_term': 13.122788651513464, 'win_prob_k': 7.994963795894229}",1.0,8
2025-01-25,Atlanta Hawks,Toronto Raptors,94,117,False,False,2025-01-25|Toronto Raptors|Atlanta Hawks,,,,2025-01-25|Toronto Raptors|Atlanta Hawks,0.6694500367674353,"[{""p_home_win"": 0.3389000735348706, ""weight"": 0.25}, {""p_home_win"": 0.6694500367674353, ""weight"": 0.5}, {""p_home_win"": 1.0, ""weight"": 0.25}]",5.642035654182564,,gssd,"{'home_advantage_points': 1.3158698216470066, 'scale': 0.8977076959426339, 'error_term': 13.122788651513464, 'win_prob_k': 7.994963795894229}",0.0,-23
2025-01-25,Cleveland Cavaliers,Houston Rockets,131,135,False,False,2025-01-25|Houston Rockets|Cleveland Cavaliers,,,,2025-01-25|Houston Rockets|Cleveland Cavaliers,0.6439301359963349,"[{""p_home_win"": 0.2878602719926697, ""weight"": 0.25}, {""p_home_win"": 0.6439301359963349, ""weight"": 0.5}, {""p_home_win"": 1.0, ""weight"": 0.25}]",4.73672244955112,,gssd,"{'home_advantage_points': 1.3158698216470066, 'scale': 0.8977076959426339, 'error_term': 13.122788651513464, 'win_prob_k': 7.994963795894229}",0.0,-4
2025-01-25,New York Knicks,Sacramento Kings,143,120,False,False,2025-01-25|Sacramento Kings|New York Knicks,,,,2025-01-25|Sacramento Kings|New York Knicks,0.6355213781405279,"[{""p_home_win"": 0.2710427562810558, ""weight"": 0.25}, {""p_home_win"": 0.6355213781405279, ""weight"": 0.5}, {""p_home_win"": 1.0, ""weight"": 0.25}]",4.445022628575755,,gssd,"{'home_advantage_points': 1.3158698216470066, 'scale': 0.8977076959426339, 'error_term': 13.122788651513464, 'win_prob_k': 7.994963795894229}",1.0,23
2025-01-25,Chicago Bulls,Philadelphia 76ers,97,109,False,False,2025-01-25|Philadelphia 76ers|Chicago Bulls,,,,2025-01-25|Philadelphia 76ers|Chicago Bulls,0.5787154406778686,"[{""p_home_win"": 0.15743088135573724, ""weight"": 0.25}, {""p_home_win"": 0.5787154406778686, ""weight"": 0.5}, {""p_home_win"": 1.0, ""weight"": 0.25}]",2.538419966457422,,gssd,"{'home_advantage_points': 1.3158698216470066, 'scale': 0.8977076959426339, 'error_term': 13.122788651513464, 'win_prob_k': 7.994963795894229}",0.0,-12
2025-01-25,Memphis Grizzlies,Utah Jazz,125,103,False,False,2025-01-25|Utah Jazz|Memphis Grizzlies,,,,2025-01-25|Utah Jazz|Memphis Grizzlies,0.867371225705969,"[{""p_home_win"": 0.7347424514119381, ""weight"": 0.25}, {""p_home_win"": 0.867371225705969, ""weight"": 0.5}, {""p_home_win"": 1.0, ""weight"": 0.25}]",15.013846469963589,,gssd,"{'home_advantage_points': 1.3158698216470066, 'scale': 0.8977076959426339, 'error_term': 13.122788651513464, 'win_prob_k': 7.994963795894229}",1.0,22
2025-01-25,Golden State Warriors,Los Angeles Lakers,108,118,False,False,2025-01-25|Los Angeles Lakers|Golden State Warriors,,,,2025-01-25|Los Angeles Lakers|Golden State Warriors,0.590153430496831,"[{""p_home_win"": 0.180306860993662, ""weight"": 0.25}, {""p_home_win"": 0.590153430496831, ""weight"": 0.5}, {""p_home_win"": 1.0, ""weight"": 0.25}]",2.9149612883284073,,gssd,"{'home_advantage_points': 1.3158698216470066, 'scale': 0.8977076959426339, 'error_term': 13.122788651513464, 'win_prob_k': 7.994963795894229}",0.0,-10
2025-01-25,Phoenix Suns,Washington Wizards,119,109,False,False,2025-01-25|Washington Wizards|Phoenix Suns,,,,2025-01-25|Washington Wizards|Phoenix Suns,0.8431752500398952,"[{""p_home_win"": 0.6863505000797905, ""weight"": 0.25}, {""p_home_win"": 0.8431752500398952, ""weight"": 0.5}, {""p_home_win"": 1.0, ""weight"": 0.25}]",13.447895956352337,,gssd,"{'home_advantage_points': 1.3158698216470066, 'scale': 0.8977076959426339, 'error_term': 13.122788651513464, 'win_prob_k': 7.994963795894229}",1.0,10
2025-01-25,Los Angeles Clippers,Milwaukee Bucks,127,117,False,False,2025-01-25|Milwaukee Bucks|Los Angeles Clippers,,,,2025-01-25|Milwaukee Bucks|Los Angeles Clippers,0.5193328907028517,"[{""p_home_win"": 0.038665781405703425, ""weight"": 0.25}, {""p_home_win"": 0.5193328907028517, ""weight"": 0.5}, {""p_home_win"": 1.0, ""weight"": 0.25}]",0.6185714315091149,,gssd,"{'home_advantage_points': 1.3158698216470066, 'scale': 0.8977076959426339, 'error_term': 13.122788651513464, 'win_prob_k': 7.994963795894229}",1.0,10
2025-01-26,Portland Trail Blazers,Oklahoma City Thunder,108,118,False,False,2025-01-26|Oklahoma City Thunder|Portland Trail Blazers,,,,2025-01-26|Oklahoma City Thunder|Portland Trail Blazers,0.11747765209254671,"[{""p_home_win"": 0.0, ""weight"": 0.25}, {""p_home_win"": 0.11747765209254671, ""weight"": 0.5}, {""p_home_win"": 0.23495530418509342, ""weight"": 0.25}]",-16.11127881163406,,gssd,"{'home_advantage_points': 1.2929848657313712, 'scale': 0.9067812987431827, 'error_term': 13.26404428224091, 'win_prob_k': 7.989581579842314}",0.0,-10
2025-01-27,Charlotte Hornets,Los Angeles Lakers,107,112,False,False,2025-01-27|Los Angeles Lakers|Charlotte Hornets,,,,2025-01-27|Los Angeles Lakers|Charlotte Hornets,0.4414430315147396,"[{""p_home_win"": 0.0, ""weight"": 0.25}, {""p_home_win"": 0.4414430315147396, ""weight"": 0.5}, {""p_home_win"": 0.8828860630294793, ""weight"": 0.25}]",-1.871747056894753,,gssd,"{'home_advantage_points': 1.3025592628633431, 'scale': 0.9046787697654265, 'error_term': 13.256351850619998, 'win_prob_k': 7.954467909721949}",0.0,-5
2025-01-27,Cleveland Cavaliers,Detroit Pistons,110,91,False,False,2025-01-27|Detroit Pistons|Cleveland Cavaliers,,,,2025-01-27|Detroit Pistons|Cleveland Cavaliers,0.7922114208226372,"[{""p_home_win"": 0.5844228416452744, ""weight"": 0.25}, {""p_home_win"": 0.7922114208226372, ""weight"": 0.5}, {""p_home_win"": 1.0, ""weight"": 0.25}]",10.64552155776224,,gssd,"{'home_advantage_points': 1.3025592628633431, 'scale': 0.9046787697654265, 'error_term': 13.256351850619998, 'win_prob_k': 7.954467909721949}",1.0,19
2025-01-27,Boston Celtics,Houston Rockets,112,114,False,False,2025-01-27|Houston Rockets|Boston Celtics,,,,2025-01-27|Houston Rockets|Boston Celtics,0.6267290215255777,"[{""p_home_win"": 0.2534580430511555, ""weight"": 0.25}, {""p_home_win"": 0.6267290215255777, ""weight"": 0.5}, {""p_home_win"": 1.0, ""weight"": 0.25}]",4.122081831875356,,gssd,"{'home_advantage_points': 1.3025592628633431, 'scale': 0.9046787697654265, 'error_term': 13.256351850619998, 'win_prob_k': 7.954467909721949}",0.0,-2
2025-01-27,Brooklyn Nets,Sacramento Kings,96,110,False,False,2025-01-27|Sacramento Kings|Brooklyn Nets,,,,2025-01-27|Sacramento Kings|Brooklyn Nets,0.2784028288443345,"[{""p_home_win"": 0.0, ""weight"": 0.25}, {""p_home_win"": 0.2784028288443345, ""weight"": 0.5}, {""p_home_win"": 0.556805657688669, ""weight"": 0.25}]",-7.575819002265347,,gssd,"{'home_advantage_points': 1.3025592628633431, 'scale': 0.9046787697654265, 'error_term': 13.256351850619998, 'win_prob_k': 7.954467909721949}",0.0,-14
2025-01-27,Miami Heat,Orlando Magic,125,119,False,False,2025-01-27|Orlando Magic|Miami Heat,,,,2025-01-27|Orlando Magic|Miami Heat,0.5806868430551357,"[{""p_home_win"": 0.16137368611027147, ""weight"": 0.25}, {""p_home_win"": 0.5806868430551357, ""weight"": 0.5}, {""p_home_win"": 1.0, ""weight"": 0.25}]",2.5899237078827984,,gssd,"{'home_advantage_points': 1.3025592628633431, 'scale': 0.9046787697654265, 'error_term': 13.256351850619998, 'win_prob_k': 7.954467909721949}",1.0,6
2025-01-27,New York Knicks,Memphis Grizzlies,143,106,False,False,2025-01-27|Memphis Grizzlies|New York Knicks,,,,2025-01-27|Memphis Grizzlies|New York Knicks,0.4796767305517492,"[{""p_home_win"": 0.0, ""weight"": 0.25}, {""p_home_win"": 0.4796767305517492, ""weight"": 0.5}, {""p_home_win"": 0.9593534611034984, ""weight"": 0.25}]",-0.6469996472783905,,gssd,"{'home_advantage_points': 1.3025592628633431, 'scale': 0.9046787697654265, 'error_term': 13.256351850619998, 'win_prob_k': 7.954467909721949}",1.0,37
2025-01-27,Toronto Raptors,New Orleans Pelicans,113,104,False,False,2025-01-27|New Orleans Pelicans|Toronto Raptors,,,,2025-01-27|New Orleans Pelicans|Toronto Raptors,0.6138724262220234,"[{""p_home_win"": 0.22774485244404685, ""weight"": 0.25}, {""p_home_win"": 0.6138724262220234, ""weight"": 0.5}, {""p_home_win"": 1.0, ""weight"": 0.25}]",3.687844961901484,,gssd,"{'home_advantage_points': 1.3025592628633431, 'scale': 0.9046787697654265, 'error_term': 13.256351850619998, 'win_prob_k': 7.954467909721949}",1.0,9
2025-01-27,Chicago Bulls,Denver Nuggets,129,121,False,False,2025-01-27|Denver Nuggets|Chicago Bulls,,,,2025-01-27|Denver Nuggets|Chicago Bulls,0.31780432640001716,"[{""p_home_win"": 0.0, ""weight"": 0.25}, {""p_home_win"": 0.31780432640001716, ""weight"": 0.5}, {""p_home_win"": 0.6356086528000343, ""weight"": 0.25}]",-6.076264201008977,,gssd,"{'home_advantage_points': 1.3025592628633431, 'scale': 0.9046787697654265, 'error_term': 13.256351850619998, 'win_prob_k': 7.954467909721949}",1.0,8
2025-01-27,Minnesota Timberwolves,Atlanta Hawks,100,92,False,False,2025-01-27|Atlanta Hawks|Minnesota Timberwolves,,,,2025-01-27|Atlanta Hawks|Minnesota Timberwolves,0.6802134531569989,"[{""p_home_win"": 0.36042690631399776, ""weight"": 0.25}, {""p_home_win"": 0.6802134531569989, ""weight"": 0.5}, {""p_home_win"": 1.0, ""weight"": 0.25}]",6.003657870037254,,gssd,"{'home_advantage_points': 1.3025592628633431, 'scale': 0.9046787697654265, 'error_term': 13.256351850619998, 'win_prob_k': 7.954467909721949}",1.0,8
2025-01-27,Dallas Mavericks,Washington Wizards,130,108,False,False,2025-01-27|Washington Wizards|Dallas Mavericks,,,,2025-01-27|Washington Wizards|Dallas Mavericks,0.8946802509649435,"[{""p_home_win"": 0.789360501929887, ""weight"": 0.25}, {""p_home_win"": 0.8946802509649435, ""weight"": 0.5}, {""p_home_win"": 1.0, ""weight"": 0.25}]",17.01830919602444,,gssd,"{'home_advantage_points': 1.3025592628633431, 'scale': 0.9046787697654265, 'error_term': 13.256351850619998, 'win_prob_k': 7.954467909721949}",1.0,22
2025-01-27,Utah Jazz,Milwaukee Bucks,110,125,False,False,2025-01-27|Milwaukee Bucks|Utah Jazz,,,,2025-01-27|Milwaukee Bucks|Utah Jazz,0.2652408383211475,"[{""p_home_win"": 0.0, ""weight"": 0.25}, {""p_home_win"": 0.2652408383211475, ""weight"": 0.5}, {""p_home_win"": 0.530481676642295, ""weight"": 0.25}]",-8.104843444405763,,gssd,"{'home_advantage_points': 1.3025592628633431, 'scale': 0.9046787697654265, 'error_term': 13.256351850619998, 'win_prob_k': 7.954467909721949}",0.0,-15
2025-01-27,Phoenix Suns,Los Angeles Clippers,111,109,False,False,2025-01-27|Los Angeles Clippers|Phoenix Suns,,,,2025-01-27|Los Angeles Clippers|Phoenix Suns,0.4427727619732799,"[{""p_home_win"": 0.0, ""weight"": 0.25}, {""p_home_win"": 0.4427727619732799, ""weight"": 0.5}, {""p_home_win"": 0.8855455239465598, ""weight"": 0.25}]",-1.828862933392894,,gssd,"{'home_advantage_points': 1.3025592628633431, 'scale': 0.9046787697654265, 'error_term': 13.256351850619998, 'win_prob_k': 7.954467909721949}",1.0,2
2025-01-28,Atlanta Hawks,Houston Rockets,96,100,False,False,2025-01-28|Houston Rockets|Atlanta Hawks,,,,2025-01-28|Houston Rockets|Atlanta Hawks,0.31046905699677896,"[{""p_home_win"": 0.0, ""weight"": 0.25}, {""p_home_win"": 0.31046905699677896, ""weight"": 0.5}, {""p_home_win"": 0.6209381139935579, ""weight"": 0.25}]",-6.317953526991273,,gssd,"{'home_advantage_points': 1.3751904209869577, 'scale': 0.907295755729374, 'error_term': 13.242392168063496, 'win_prob_k': 7.917956019634666}",0.0,-4
2025-01-28,Philadelphia 76ers,Los Angeles Lakers,118,104,False,False,2025-01-28|Los Angeles Lakers|Philadelphia 76ers,,,,2025-01-28|Los Angeles Lakers|Philadelphia 76ers,0.448343573711291,"[{""p_home_win"": 0.0, ""weight"": 0.25}, {""p_home_win"": 0.448343573711291, ""weight"": 0.5}, {""p_home_win"": 0.896687147422582, ""weight"": 0.25}]",-1.6419116394479656,,gssd,"{'home_advantage_points': 1.3751904209869577, 'scale': 0.907295755729374, 'error_term': 13.242392168063496, 'win_prob_k': 7.917956019634666}",1.0,14
2025-01-28,Golden State Warriors,Utah Jazz,114,103,False,False,2025-01-28|Utah Jazz|Golden State Warriors,,,,2025-01-28|Utah Jazz|Golden State Warriors,0.73383024707618,"[{""p_home_win"": 0.4676604941523601, ""weight"": 0.25}, {""p_home_win"": 0.73383024707618, ""weight"": 0.5}, {""p_home_win"": 1.0, ""weight"": 0.25}]",8.02994328797894,,gssd,"{'home_advantage_points': 1.3751904209869577, 'scale': 0.907295755729374, 'error_term': 13.242392168063496, 'win_prob_k': 7.917956019634666}",1.0,11
2025-01-28,Portland Trail Blazers,Milwaukee Bucks,125,112,False,False,2025-01-28|Milwaukee Bucks|Portland Trail Blazers,,,,2025-01-28|Milwaukee Bucks|Portland Trail Blazers,0.2510344273693415,"[{""p_home_win"": 0.0, ""weight"": 0.25}, {""p_home_win"": 0.2510344273693415, ""weight"": 0.5}, {""p_home_win"": 0.502068854738683, ""weight"": 0.25}]",-8.65514090452771,,gssd,"{'home_advantage_points': 1.3751904209869577, 'scale': 0.907295755729374, 'error_term': 13.242392168063496, 'win_prob_k': 7.917956019634666}",1.0,13
2025-01-29,Charlotte Hornets,Brooklyn Nets,83,104,False,False,2025-01-29|Brooklyn Nets|Charlotte Hornets,,,,2025-01-29|Brooklyn Nets|Charlotte Hornets,0.6328466335708378,"[{""p_home_win"": 0.2656932671416756, ""weight"": 0.25}, {""p_home_win"": 0.6328466335708378, ""weight"": 0.5}, {""p_home_win"": 1.0, ""weight"": 0.25}]",4.296185426220749,,gssd,"{'home_advantage_points': 1.4377336398690181, 'scale': 0.9071274067607927, 'error_term': 13.241495167858629, 'win_prob_k': 7.890894699506861}",0.0,-21
2025-01-29,Indiana Pacers,Detroit Pistons,133,119,False,False,2025-01-29|Detroit Pistons|Indiana Pacers,,,,2025-01-29|Detroit Pistons|Indiana Pacers,0.6076678221229538,"[{""p_home_win"": 0.21533564424590756, ""weight"": 0.25}, {""p_home_win"": 0.6076678221229538, ""weight"": 0.5}, {""p_home_win"": 1.0, ""weight"": 0.25}]",3.452420413741562,,gssd,"{'home_advantage_points': 1.4377336398690181, 'scale': 0.9071274067607927, 'error_term': 13.241495167858629, 'win_prob_k': 7.890894699506861}",1.0,14
2025-01-29,Washington Wizards,Toronto Raptors,82,106,False,False,2025-01-29|Toronto Raptors|Washington Wizards,,,,2025-01-29|Toronto Raptors|Washington Wizards,0.3073825598492641,"[{""p_home_win"": 0.0, ""weight"": 0.25}, {""p_home_win"": 0.3073825598492641, ""weight"": 0.5}, {""p_home_win"": 0.6147651196985282, ""weight"": 0.25}]",-6.410442259235846,,gssd,"{'home_advantage_points': 1.4377336398690181, 'scale': 0.9071274067607927, 'error_term': 13.241495167858629, 'win_prob_k': 7.890894699506861}",0.0,-24
2025-01-29,Boston Celtics,Chicago Bulls,122,100,False,False,2025-01-29|Chicago Bulls|Boston Celtics,,,,2025-01-29|Chicago Bulls|Boston Celtics,0.826420559625254,"[{""p_home_win"": 0.6528411192505079, ""weight"": 0.25}, {""p_home_win"": 0.826420559625254, ""weight"": 0.5}, {""p_home_win"": 1.0, ""weight"": 0.25}]",12.31349207758579,,gssd,"{'home_advantage_points': 1.4377336398690181, 'scale': 0.9071274067607927, 'error_term': 13.241495167858629, 'win_prob_k': 7.890894699506861}",1.0,22
2025-01-29,Miami Heat,Cleveland Cavaliers,106,126,False,False,2025-01-29|Cleveland Cavaliers|Miami Heat,,,,2025-01-29|Cleveland Cavaliers|Miami Heat,0.30460738431425477,"[{""p_home_win"": 0.0, ""weight"": 0.25}, {""p_home_win"": 0.30460738431425477, ""weight"": 0.5}, {""p_home_win"": 0.6092147686285095, ""weight"": 0.25}]",-6.513562054463178,,gssd,"{'home_advantage_points': 1.4377336398690181, 'scale': 0.9071274067607927, 'error_term': 13.241495167858629, 'win_prob_k': 7.890894699506861}",0.0,-20
2025-01-29,New York Knicks,Denver Nuggets,122,112,False,False,2025-01-29|Denver Nuggets|New York Knicks,,,,2025-01-29|Denver Nuggets|New York Knicks,0.6162338791737029,"[{""p_home_win"": 0.23246775834740574, ""weight"": 0.25}, {""p_home_win"": 0.6162338791737029, ""weight"": 0.5}, {""p_home_win"": 1.0, ""weight"": 0.25}]",3.7370745353656245,,gssd,"{'home_advantage_points': 1.4377336398690181, 'scale': 0.9071274067607927, 'error_term': 13.241495167858629, 'win_prob_k': 7.890894699506861}",1.0,10
2025-01-29,Philadelphia 76ers,Sacramento Kings,117,104,False,False,2025-01-29|Sacramento Kings|Philadelphia 76ers,,,,2025-01-29|Sacramento Kings|Philadelphia 76ers,0.37263033365540693,"[{""p_home_win"": 0.0, ""weight"": 0.25}, {""p_home_win"": 0.37263033365540693, ""weight"": 0.5}, {""p_home_win"": 0.7452606673108139, ""weight"": 0.25}]",-4.11075434012654,,gssd,"{'home_advantage_points': 1.4377336398690181, 'scale': 0.9071274067607927, 'error_term': 13.241495167858629, 'win_prob_k': 7.890894699506861}",1.0,13
2025-01-29,New Orleans Pelicans,Dallas Mavericks,136,137,False,False,2025-01-29|Dallas Mavericks|New Orleans Pelicans,,,,2025-01-29|Dallas Mavericks|New Orleans Pelicans,0.23186252842837204,"[{""p_home_win"": 0.0, ""weight"": 0.25}, {""p_home_win"": 0.23186252842837204, ""weight"": 0.5}, {""p_home_win"": 0.4637250568567441, ""weight"": 0.25}]",-9.451903608138936,,gssd,"{'home_advantage_points': 1.4377336398690181, 'scale': 0.9071274067607927, 'error_term': 13.241495167858629, 'win_prob_k': 7.890894699506861}",0.0,-1
2025-01-29,San Antonio Spurs,Los Angeles Clippers,116,128,False,False,2025-01-29|Los Angeles Clippers|San Antonio Spurs,,,,2025-01-29|Los Angeles Clippers|San Antonio Spurs,0.4269252674412612,"[{""p_home_win"": 0.0, ""weight"": 0.25}, {""p_home_win"": 0.4269252674412612, ""weight"": 0.5}, {""p_home_win"": 0.8538505348825224, ""weight"": 0.25}]",-2.323135829806585,,gssd,"{'home_advantage_points': 1.4377336398690181, 'scale': 0.9071274067607927, 'error_term': 13.241495167858629, 'win_prob_k': 7.890894699506861}",0.0,-12
2025-01-29,Phoenix Suns,Minnesota Timberwolves,113,121,False,False,2025-01-29|Minnesota Timberwolves|Phoenix Suns,,,,2025-01-29|Minnesota Timberwolves|Phoenix Suns,0.44332468177873297,"[{""p_home_win"": 0.0, ""weight"": 0.25}, {""p_home_win"": 0.44332468177873297, ""weight"": 0.5}, {""p_home_win"": 0.8866493635574659, ""weight"": 0.25}]",-1.7965968595821897,,gssd,"{'home_advantage_points': 1.4377336398690181, 'scale': 0.9071274067607927, 'error_term': 13.241495167858629, 'win_prob_k': 7.890894699506861}",0.0,-8
2025-01-29,Golden State Warriors,Oklahoma City Thunder,116,109,False,False,2025-01-29|Oklahoma City Thunder|Golden State Warriors,,,,2025-01-29|Oklahoma City Thunder|Golden State Warriors,0.2415430605229935,"[{""p_home_win"": 0.0, ""weight"": 0.25}, {""p_home_win"": 0.2415430605229935, ""weight"": 0.5}, {""p_home_win"": 0.483086121045987, ""weight"": 0.25}]",-9.029063659516325,,gssd,"{'home_advantage_points': 1.4377336398690181, 'scale': 0.9071274067607927, 'error_term': 13.241495167858629, 'win_prob_k': 7.890894699506861}",1.0,7
2025-01-30,Cleveland Cavaliers,Atlanta Hawks,137,115,False,False,2025-01-30|Atlanta Hawks|Cleveland Cavaliers,,,,2025-01-30|Atlanta Hawks|Cleveland Cavaliers,0.8374500570576753,"[{""p_home_win"": 0.6749001141153506, ""weight"": 0.25}, {""p_home_win"": 0.8374500570576753, ""weight"": 0.5}, {""p_home_win"": 1.0, ""weight"": 0.25}]",12.874456086604084,,gssd,"{'home_advantage_points': 1.435890424122033, 'scale': 0.9123647472068925, 'error_term': 13.240213735307814, 'win_prob_k': 7.853264579238553}",1.0,22
2025-01-30,Washington Wizards,Los Angeles Lakers,96,134,False,False,2025-01-30|Los Angeles Lakers|Washington Wizards,,,,2025-01-30|Los Angeles Lakers|Washington Wizards,0.1984609081017715,"[{""p_home_win"": 0.0, ""weight"": 0.25}, {""p_home_win"": 0.1984609081017715, ""weight"": 0.5}, {""p_home_win"": 0.396921816203543, ""weight"": 0.25}]",-10.962698722477176,,gssd,"{'home_advantage_points': 1.435890424122033, 'scale': 0.9123647472068925, 'error_term': 13.240213735307814, 'win_prob_k': 7.853264579238553}",0.0,-38
2025-01-30,Utah Jazz,Minnesota Timberwolves,113,138,False,False,2025-01-30|Minnesota Timberwolves|Utah Jazz,,,,2025-01-30|Minnesota Timberwolves|Utah Jazz,0.26461993209171947,"[{""p_home_win"": 0.0, ""weight"": 0.25}, {""p_home_win"": 0.26461993209171947, ""weight"": 0.5}, {""p_home_win"": 0.5292398641834389, ""weight"": 0.25}]",-8.026765864358445,,gssd,"{'home_advantage_points': 1.435890424122033, 'scale': 0.9123647472068925, 'error_term': 13.240213735307814, 'win_prob_k': 7.853264579238553}",0.0,-25
2025-01-30,Memphis Grizzlies,Houston Rockets,120,119,False,False,2025-01-30|Houston Rockets|Memphis Grizzlies,,,,2025-01-30|Houston Rockets|Memphis Grizzlies,0.5985914103043716,"[{""p_home_win"": 0.19718282060874315, ""weight"": 0.25}, {""p_home_win"": 0.5985914103043716, ""weight"": 0.5}, {""p_home_win"": 1.0, ""weight"": 0.25}]",3.1381598940012996,,gssd,"{'home_advantage_points': 1.435890424122033, 'scale': 0.9123647472068925, 'error_term': 13.240213735307814, 'win_prob_k': 7.853264579238553}",1.0,1
2025-01-30,Portland Trail Blazers,Orlando Magic,119,90,False,False,2025-01-30|Orlando Magic|Portland Trail Blazers,,,,2025-01-30|Orlando Magic|Portland Trail Blazers,0.3678691831267226,"[{""p_home_win"": 0.0, ""weight"": 0.25}, {""p_home_win"": 0.3678691831267226, ""weight"": 0.5}, {""p_home_win"": 0.7357383662534452, ""weight"": 0.25}]",-4.251513733738325,,gssd,"{'home_advantage_points': 1.435890424122033, 'scale': 0.9123647472068925, 'error_term': 13.240213735307814, 'win_prob_k': 7.853264579238553}",1.0,29
2025-01-31,Charlotte Hornets,Los Angeles Clippers,104,112,False,False,2025-01-31|Los Angeles Clippers|Charlotte Hornets,,,,2025-01-31|Los Angeles Clippers|Charlotte Hornets,0.314451913913967,"[{""p_home_win"": 0.0, ""weight"": 0.25}, {""p_home_win"": 0.314451913913967, ""weight"": 0.5}, {""p_home_win"": 0.628903827827934, ""weight"": 0.25}]",-6.07105023469213,,gssd,"{'home_advantage_points': 1.4301743081821814, 'scale': 0.9150370942236479, 'error_term': 13.307643189015133, 'win_prob_k': 7.7895147379523095}",0.0,-8
2025-01-31,Detroit Pistons,Dallas Mavericks,117,102,False,False,2025-01-31|Dallas Mavericks|Detroit Pistons,,,,2025-01-31|Dallas Mavericks|Detroit Pistons,0.40150998777413527,"[{""p_home_win"": 0.0, ""weight"": 0.25}, {""p_home_win"": 0.40150998777413527, ""weight"": 0.5}, {""p_home_win"": 0.8030199755482705, ""weight"": 0.25}]",-3.1093984555143486,,gssd,"{'home_advantage_points': 1.4301743081821814, 'scale': 0.9150370942236479, 'error_term': 13.307643189015133, 'win_prob_k': 7.7895147379523095}",1.0,15
2025-01-31,Philadelphia 76ers,Denver Nuggets,134,137,False,False,2025-01-31|Denver Nuggets|Philadelphia 76ers,,,,2025-01-31|Denver Nuggets|Philadelphia 76ers,0.32874600762632944,"[{""p_home_win"": 0.0, ""weight"": 0.25}, {""p_home_win"": 0.32874600762632944, ""weight"": 0.5}, {""p_home_win"": 0.6574920152526589, ""weight"": 0.25}]",-5.560639770694502,,gssd,"{'home_advantage_points': 1.4301743081821814, 'scale': 0.9150370942236479, 'error_term': 13.307643189015133, 'win_prob_k': 7.7895147379523095}",0.0,-3
2025-01-31,Toronto Raptors,Chicago Bulls,106,122,False,False,2025-01-31|Chicago Bulls|Toronto Raptors,,,,2025-01-31|Chicago Bulls|Toronto Raptors,0.5015619412871039,"[{""p_home_win"": 0.0031238825742077037, ""weight"": 0.25}, {""p_home_win"": 0.5015619412871039, ""weight"": 0.5}, {""p_home_win"": 1.0, ""weight"": 0.25}]",0.048667217011913566,,gssd,"{'home_advantage_points': 1.4301743081821814, 'scale': 0.9150370942236479, 'error_term': 13.307643189015133, 'win_prob_k': 7.7895147379523095}",0.0,-16
2025-01-31,New Orleans Pelicans,Boston Celtics,116,118,False,False,2025-01-31|Boston Celtics|New Orleans Pelicans,,,,2025-01-31|Boston Celtics|New Orleans Pelicans,0.13141873244736896,"[{""p_home_win"": 0.0, ""weight"": 0.25}, {""p_home_win"": 0.13141873244736896, ""weight"": 0.5}, {""p_home_win"": 0.2628374648947379, ""weight"": 0.25}]",-14.710284349493207,,gssd,"{'home_advantage_points': 1.4301743081821814, 'scale': 0.9150370942236479, 'error_term': 13.307643189015133, 'win_prob_k': 7.7895147379523095}",0.0,-2
2025-01-31,San Antonio Spurs,Milwaukee Bucks,144,118,False,False,2025-01-31|Milwaukee Bucks|San Antonio Spurs,,,,2025-01-31|Milwaukee Bucks|San Antonio Spurs,0.4007110182313241,"[{""p_home_win"": 0.0, ""weight"": 0.25}, {""p_home_win"": 0.4007110182313241, ""weight"": 0.5}, {""p_home_win"": 0.8014220364626482, ""weight"": 0.25}]",-3.135306224057924,,gssd,"{'home_advantage_points': 1.4301743081821814, 'scale': 0.9150370942236479, 'error_term': 13.307643189015133, 'win_prob_k': 7.7895147379523095}",1.0,26
2025-01-31,Golden State Warriors,Phoenix Suns,105,130,False,False,2025-01-31|Phoenix Suns|Golden State Warriors,,,,2025-01-31|Phoenix Suns|Golden State Warriors,0.5836089495462207,"[{""p_home_win"": 0.16721789909244134, ""weight"": 0.25}, {""p_home_win"": 0.5836089495462207, ""weight"": 0.5}, {""p_home_win"": 1.0, ""weight"": 0.25}]",2.629789309893833,,gssd,"{'home_advantage_points': 1.4301743081821814, 'scale': 0.9150370942236479, 'error_term': 13.307643189015133, 'win_prob_k': 7.7895147379523095}",0.0,-25
2025-02-01,Indiana Pacers,Atlanta Hawks,132,127,False,False,2025-02-01|Atlanta Hawks|Indiana Pacers,,,,2025-02-01|Atlanta Hawks|Indiana Pacers,0.6669301317778928,"[{""p_home_win"": 0.3338602635557857, ""weight"": 0.25}, {""p_home_win"": 0.6669301317778928, ""weight"": 0.5}, {""p_home_win"": 1.0, ""weight"": 0.25}]",5.331260879696646,,gssd,"{'home_advantage_points': 1.4561203982092266, 'scale': 0.9100607460095933, 'error_term': 13.366623133610451, 'win_prob_k': 7.678247783320357}",1.0,5
2025-02-01,Utah Jazz,Orlando Magic,113,99,False,False,2025-02-01|Orlando Magic|Utah Jazz,,,,2025-02-01|Orlando Magic|Utah Jazz,0.3548990646774415,"[{""p_home_win"": 0.0, ""weight"": 0.25}, {""p_home_win"": 0.3548990646774415, ""weight"": 0.5}, {""p_home_win"": 0.709798129354883, ""weight"": 0.25}]",-4.588316397659112,,gssd,"{'home_advantage_points': 1.4561203982092266, 'scale': 0.9100607460095933, 'error_term': 13.366623133610451, 'win_prob_k': 7.678247783320357}",1.0,14
2025-02-01,Charlotte Hornets,Denver Nuggets,104,107,False,False,2025-02-01|Denver Nuggets|Charlotte Hornets,,,,2025-02-01|Denver Nuggets|Charlotte Hornets,0.2817448942207695,"[{""p_home_win"": 0.0, ""weight"": 0.25}, {""p_home_win"": 0.2817448942207695, ""weight"": 0.5}, {""p_home_win"": 0.563489788441539, ""weight"": 0.25}]",-7.185479150656339,,gssd,"{'home_advantage_points': 1.4561203982092266, 'scale': 0.9100607460095933, 'error_term': 13.366623133610451, 'win_prob_k': 7.678247783320357}",0.0,-3
2025-02-01,Houston Rockets,Brooklyn Nets,98,110,False,False,2025-02-01|Brooklyn Nets|Houston Rockets,,,,2025-02-01|Brooklyn Nets|Houston Rockets,0.8511993438830449,"[{""p_home_win"": 0.7023986877660897, ""weight"": 0.25}, {""p_home_win"": 0.8511993438830449, ""weight"": 0.5}, {""p_home_win"": 1.0, ""weight"": 0.25}]",13.391162172942725,,gssd,"{'home_advantage_points': 1.4561203982092266, 'scale': 0.9100607460095933, 'error_term': 13.366623133610451, 'win_prob_k': 7.678247783320357}",0.0,-12
2025-02-01,Minnesota Timberwolves,Washington Wizards,103,105,False,False,2025-02-01|Washington Wizards|Minnesota Timberwolves,,,,2025-02-01|Washington Wizards|Minnesota Timberwolves,0.9157286485298811,"[{""p_home_win"": 0.8314572970597622, ""weight"": 0.25}, {""p_home_win"": 0.9157286485298811, ""weight"": 0.5}, {""p_home_win"": 1.0, ""weight"": 0.25}]",18.317827725253544,,gssd,"{'home_advantage_points': 1.4561203982092266, 'scale': 0.9100607460095933, 'error_term': 13.366623133610451, 'win_prob_k': 7.678247783320357}",0.0,-2
2025-02-01,Oklahoma City Thunder,Sacramento Kings,144,110,False,False,2025-02-01|Sacramento Kings|Oklahoma City Thunder,,,,2025-02-01|Sacramento Kings|Oklahoma City Thunder,0.7852567720589643,"[{""p_home_win"": 0.5705135441179285, ""weight"": 0.25}, {""p_home_win"": 0.7852567720589643, ""weight"": 0.5}, {""p_home_win"": 1.0, ""weight"": 0.25}]",9.955368350329337,,gssd,"{'home_advantage_points': 1.4561203982092266, 'scale': 0.9100607460095933, 'error_term': 13.366623133610451, 'win_prob_k': 7.678247783320357}",1.0,34
2025-02-01,New York Knicks,Los Angeles Lakers,112,128,False,False,2025-02-01|Los Angeles Lakers|New York Knicks,,,,2025-02-01|Los Angeles Lakers|New York Knicks,0.7398897607235454,"[{""p_home_win"": 0.4797795214470908, ""weight"": 0.25}, {""p_home_win"": 0.7398897607235454, ""weight"": 0.5}, {""p_home_win"": 1.0, ""weight"": 0.25}]",8.02680694543913,,gssd,"{'home_advantage_points': 1.4561203982092266, 'scale': 0.9100607460095933, 'error_term': 13.366623133610451, 'win_prob_k': 7.678247783320357}",0.0,-16
2025-02-01,San Antonio Spurs,Miami Heat,103,105,False,False,2025-02-01|Miami Heat|San Antonio Spurs,,,,2025-02-01|Miami Heat|San Antonio Spurs,0.5053319126861511,"[{""p_home_win"": 0.01066382537230215, ""weight"": 0.25}, {""p_home_win"": 0.5053319126861511, ""weight"": 0.5}, {""p_home_win"": 1.0, ""weight"": 0.25}]",0.1637651948796992,,gssd,"{'home_advantage_points': 1.4561203982092266, 'scale': 0.9100607460095933, 'error_term': 13.366623133610451, 'win_prob_k': 7.678247783320357}",0.0,-2
2025-02-01,Portland Trail Blazers,Phoenix Suns,127,108,False,False,2025-02-01|Phoenix Suns|Portland Trail Blazers,,,,2025-02-01|Phoenix Suns|Portland Trail Blazers,0.3769275723733915,"[{""p_home_win"": 0.0, ""weight"": 0.25}, {""p_home_win"": 0.3769275723733915, ""weight"": 0.5}, {""p_home_win"": 0.753855144746783, ""weight"": 0.25}]",-3.8591619299337685,,gssd,"{'home_advantage_points': 1.4561203982092266, 'scale': 0.9100607460095933, 'error_term': 13.366623133610451, 'win_prob_k': 7.678247783320357}",1.0,19
2025-02-02,Detroit Pistons,Chicago Bulls,127,119,False,False,2025-02-02|Chicago Bulls|Detroit Pistons,,,,2025-02-02|Chicago Bulls|Detroit Pistons,0.6039797381197772,"[{""p_home_win"": 0.20795947623955446, ""weight"": 0.25}, {""p_home_win"": 0.6039797381197772, ""weight"": 0.5}, {""p_home_win"": 1.0, ""weight"": 0.25}]",3.2926493224169073,,gssd,"{'home_advantage_points': 1.4600377154035293, 'scale': 0.9101927664244992, 'error_term': 13.434268915620097, 'win_prob_k': 7.8010950136154555}",1.0,8
2025-02-02,Cleveland Cavaliers,Dallas Mavericks,144,101,False,False,2025-02-02|Dallas Mavericks|Cleveland Cavaliers,,,,2025-02-02|Dallas Mavericks|Cleveland Cavaliers,0.7313909150384142,"[{""p_home_win"": 0.4627818300768285, ""weight"": 0.25}, {""p_home_win"": 0.7313909150384142, ""weight"": 0.5}, {""p_home_win"": 1.0, ""weight"": 0.25}]",7.8142864890058386,,gssd,"{'home_advantage_points': 1.4600377154035293, 'scale': 0.9101927664244992, 'error_term': 13.434268915620097, 'win_prob_k': 7.8010950136154555}",1.0,43
2025-02-02,Toronto Raptors,Los Angeles Clippers,115,108,False,False,2025-02-02|Los Angeles Clippers|Toronto Raptors,,,,2025-02-02|Los Angeles Clippers|Toronto Raptors,0.30643151539995983,"[{""p_home_win"": 0.0, ""weight"": 0.25}, {""p_home_win"": 0.30643151539995983, ""weight"": 0.5}, {""p_home_win"": 0.6128630307999197, ""weight"": 0.25}]",-6.37236890767197,,gssd,"{'home_advantage_points': 1.4600377154035293, 'scale': 0.9101927664244992, 'error_term': 13.434268915620097, 'win_prob_k': 7.8010950136154555}",1.0,7
2025-02-02,Philadelphia 76ers,Boston Celtics,110,118,False,False,2025-02-02|Boston Celtics|Philadelphia 76ers,,,,2025-02-02|Boston Celtics|Philadelphia 76ers,0.22209791883125135,"[{""p_home_win"": 0.0, ""weight"": 0.25}, {""p_home_win"": 0.22209791883125135, ""weight"": 0.5}, {""p_home_win"": 0.4441958376625027, ""weight"": 0.25}]",-9.778534490024192,,gssd,"{'home_advantage_points': 1.4600377154035293, 'scale': 0.9101927664244992, 'error_term': 13.434268915620097, 'win_prob_k': 7.8010950136154555}",0.0,-8
2025-02-02,Milwaukee Bucks,Memphis Grizzlies,119,132,False,False,2025-02-02|Memphis Grizzlies|Milwaukee Bucks,,,,2025-02-02|Memphis Grizzlies|Milwaukee Bucks,0.4114300844343811,"[{""p_home_win"": 0.0, ""weight"": 0.25}, {""p_home_win"": 0.4114300844343811, ""weight"": 0.5}, {""p_home_win"": 0.8228601688687622, ""weight"": 0.25}]",-2.793233721700342,,gssd,"{'home_advantage_points': 1.4600377154035293, 'scale': 0.9101927664244992, 'error_term': 13.434268915620097, 'win_prob_k': 7.8010950136154555}",0.0,-13
2025-02-03,Charlotte Hornets,Washington Wizards,114,124,False,False,2025-02-03|Washington Wizards|Charlotte Hornets,,,,2025-02-03|Washington Wizards|Charlotte Hornets,0.7874588890143934,"[{""p_home_win"": 0.5749177780287869, ""weight"": 0.25}, {""p_home_win"": 0.7874588890143934, ""weight"": 0.5}, {""p_home_win"": 1.0, ""weight"": 0.25}]",10.19511211727888,,gssd,"{'home_advantage_points': 1.5171294504816104, 'scale': 0.9106234564203796, 'error_term': 13.464753913200788, 'win_prob_k': 7.7844552432034195}",0.0,-10
2025-02-03,Detroit Pistons,Atlanta Hawks,130,132,False,False,2025-02-03|Atlanta Hawks|Detroit Pistons,,,,2025-02-03|Atlanta Hawks|Detroit Pistons,0.6087323222884881,"[{""p_home_win"": 0.21746464457697612, ""weight"": 0.25}, {""p_home_win"": 0.6087323222884881, ""weight"": 0.5}, {""p_home_win"": 1.0, ""weight"": 0.25}]",3.4406257708855312,,gssd,"{'home_advantage_points': 1.5171294504816104, 'scale': 0.9106234564203796, 'error_term': 13.464753913200788, 'win_prob_k': 7.7844552432034195}",0.0,-2
2025-02-03,New York Knicks,Houston Rockets,124,118,False,False,2025-02-03|Houston Rockets|New York Knicks,,,,2025-02-03|Houston Rockets|New York Knicks,0.5844180820989926,"[{""p_home_win"": 0.1688361641979852, ""weight"": 0.25}, {""p_home_win"": 0.5844180820989926, ""weight"": 0.5}, {""p_home_win"": 1.0, ""weight"": 0.25}]",2.654007811843363,,gssd,"{'home_advantage_points': 1.5171294504816104, 'scale': 0.9106234564203796, 'error_term': 13.464753913200788, 'win_prob_k': 7.7844552432034195}",1.0,6
2025-02-03,Memphis Grizzlies,San Antonio Spurs,128,109,False,False,2025-02-03|San Antonio Spurs|Memphis Grizzlies,,,,2025-02-03|San Antonio Spurs|Memphis Grizzlies,0.7731349869446337,"[{""p_home_win"": 0.5462699738892673, ""weight"": 0.25}, {""p_home_win"": 0.7731349869446337, ""weight"": 0.5}, {""p_home_win"": 1.0, ""weight"": 0.25}]",9.544508712021209,,gssd,"{'home_advantage_points': 1.5171294504816104, 'scale': 0.9106234564203796, 'error_term': 13.464753913200788, 'win_prob_k': 7.7844552432034195}",1.0,19
2025-02-03,Minnesota Timberwolves,Sacramento Kings,114,116,False,False,2025-02-03|Sacramento Kings|Minnesota Timberwolves,,,,2025-02-03|Sacramento Kings|Minnesota Timberwolves,0.6053246506443448,"[{""p_home_win"": 0.21064930128868964, ""weight"": 0.25}, {""p_home_win"": 0.6053246506443448, ""weight"": 0.5}, {""p_home_win"": 1.0, ""weight"": 0.25}]",3.329422406928135,,gssd,"{'home_advantage_points': 1.5171294504816104, 'scale': 0.9106234564203796, 'error_term': 13.464753913200788, 'win_prob_k': 7.7844552432034195}",0.0,-2
2025-02-03,Oklahoma City Thunder,Milwaukee Bucks,125,96,False,False,2025-02-03|Milwaukee Bucks|Oklahoma City Thunder,,,,2025-02-03|Milwaukee Bucks|Oklahoma City Thunder,0.7848738120570867,"[{""p_home_win"": 0.5697476241141735, ""weight"": 0.25}, {""p_home_win"": 0.7848738120570867, ""weight"": 0.5}, {""p_home_win"": 1.0, ""weight"": 0.25}]",10.075406247865486,,gssd,"{'home_advantage_points': 1.5171294504816104, 'scale': 0.9106234564203796, 'error_term': 13.464753913200788, 'win_prob_k': 7.7844552432034195}",1.0,29
2025-02-03,Denver Nuggets,New Orleans Pelicans,125,113,False,False,2025-02-03|New Orleans Pelicans|Denver Nuggets,,,,2025-02-03|New Orleans Pelicans|Denver Nuggets,0.8435283476595097,"[{""p_home_win"": 0.6870566953190194, ""weight"": 0.25}, {""p_home_win"": 0.8435283476595097, ""weight"": 0.5}, {""p_home_win"": 1.0, ""weight"": 0.25}]",13.114616930155117,,gssd,"{'home_advantage_points': 1.5171294504816104, 'scale': 0.9106234564203796, 'error_term': 13.464753913200788, 'win_prob_k': 7.7844552432034195}",1.0,12
2025-02-03,Utah Jazz,Indiana Pacers,111,112,False,False,2025-02-03|Indiana Pacers|Utah Jazz,,,,2025-02-03|Indiana Pacers|Utah Jazz,0.30716333356740766,"[{""p_home_win"": 0.0, ""weight"": 0.25}, {""p_home_win"": 0.30716333356740766, ""weight"": 0.5}, {""p_home_win"": 0.6143266671348153, ""weight"": 0.25}]",-6.331989886990726,,gssd,"{'home_advantage_points': 1.5171294504816104, 'scale': 0.9106234564203796, 'error_term': 13.464753913200788, 'win_prob_k': 7.7844552432034195}",0.0,-1
2025-02-03,Golden State Warriors,Orlando Magic,104,99,False,False,2025-02-03|Orlando Magic|Golden State Warriors,,,,2025-02-03|Orlando Magic|Golden State Warriors,0.5846381168523094,"[{""p_home_win"": 0.16927623370461875, ""weight"": 0.25}, {""p_home_win"": 0.5846381168523094, ""weight"": 0.5}, {""p_home_win"": 1.0, ""weight"": 0.25}]",2.6610607887972417,,gssd,"{'home_advantage_points': 1.5171294504816104, 'scale': 0.9106234564203796, 'error_term': 13.464753913200788, 'win_prob_k': 7.7844552432034195}",1.0,5
2025-02-03,Portland Trail Blazers,Phoenix Suns,121,119,False,False,2025-02-03|Phoenix Suns|Portland Trail Blazers,,,,2025-02-03|Phoenix Suns|Portland Trail Blazers,0.40409127464189726,"[{""p_home_win"": 0.0, ""weight"": 0.25}, {""p_home_win"": 0.40409127464189726, ""weight"": 0.5}, {""p_home_win"": 0.8081825492837945, ""weight"": 0.25}]",-3.0238461855346865,,gssd,"{'home_advantage_points': 1.5171294504816104, 'scale': 0.9106234564203796, 'error_term': 13.464753913200788, 'win_prob_k': 7.7844552432034195}",1.0,2
2025-02-04,Philadelphia 76ers,Dallas Mavericks,118,116,False,False,2025-02-04|Dallas Mavericks|Philadelphia 76ers,,,,2025-02-04|Dallas Mavericks|Philadelphia 76ers,0.38284978459808405,"[{""p_home_win"": 0.0, ""weight"": 0.25}, {""p_home_win"": 0.38284978459808405, ""weight"": 0.5}, {""p_home_win"": 0.7656995691961681, ""weight"": 0.25}]",-3.7317566790922116,,gssd,"{'home_advantage_points': 1.535563188194298, 'scale': 0.9168222028415014, 'error_term': 13.419557538545588, 'win_prob_k': 7.815692359281991}",1.0,2
2025-02-04,Brooklyn Nets,Houston Rockets,99,97,False,False,2025-02-04|Houston Rockets|Brooklyn Nets,,,,2025-02-04|Houston Rockets|Brooklyn Nets,0.22538170403271976,"[{""p_home_win"": 0.0, ""weight"": 0.25}, {""p_home_win"": 0.22538170403271976, ""weight"": 0.5}, {""p_home_win"": 0.4507634080654395, ""weight"": 0.25}]",-9.649058077824646,,gssd,"{'home_advantage_points': 1.535563188194298, 'scale': 0.9168222028415014, 'error_term': 13.419557538545588, 'win_prob_k': 7.815692359281991}",1.0,2
2025-02-04,Cleveland Cavaliers,Boston Celtics,105,112,False,False,2025-02-04|Boston Celtics|Cleveland Cavaliers,,,,2025-02-04|Boston Celtics|Cleveland Cavaliers,0.5976819438960886,"[{""p_home_win"": 0.19536388779217728, ""weight"": 0.25}, {""p_home_win"": 0.5976819438960886, ""weight"": 0.5}, {""p_home_win"": 1.0, ""weight"": 0.25}]",3.0935744137705075,,gssd,"{'home_advantage_points': 1.535563188194298, 'scale': 0.9168222028415014, 'error_term': 13.419557538545588, 'win_prob_k': 7.815692359281991}",0.0,-7
2025-02-04,Toronto Raptors,New York Knicks,115,121,False,False,2025-02-04|New York Knicks|Toronto Raptors,,,,2025-02-04|New York Knicks|Toronto Raptors,0.2365908805325386,"[{""p_home_win"": 0.0, ""weight"": 0.25}, {""p_home_win"": 0.2365908805325386, ""weight"": 0.5}, {""p_home_win"": 0.4731817610650772, ""weight"": 0.25}]",-9.155784094644037,,gssd,"{'home_advantage_points': 1.535563188194298, 'scale': 0.9168222028415014, 'error_term': 13.419557538545588, 'win_prob_k': 7.815692359281991}",0.0,-6
2025-02-04,Chicago Bulls,Miami Heat,133,124,False,False,2025-02-04|Miami Heat|Chicago Bulls,,,,2025-02-04|Miami Heat|Chicago Bulls,0.44288708092071366,"[{""p_home_win"": 0.0, ""weight"": 0.25}, {""p_home_win"": 0.44288708092071366, ""weight"": 0.5}, {""p_home_win"": 0.8857741618414273, ""weight"": 0.25}]",-1.7933348828502031,,gssd,"{'home_advantage_points': 1.535563188194298, 'scale': 0.9168222028415014, 'error_term': 13.419557538545588, 'win_prob_k': 7.815692359281991}",1.0,9
2025-02-04,Los Angeles Clippers,Los Angeles Lakers,97,122,False,False,2025-02-04|Los Angeles Lakers|Los Angeles Clippers,,,,2025-02-04|Los Angeles Lakers|Los Angeles Clippers,0.6310220404425004,"[{""p_home_win"": 0.26204408088500086, ""weight"": 0.25}, {""p_home_win"": 0.6310220404425004, ""weight"": 0.5}, {""p_home_win"": 1.0, ""weight"": 0.25}]",4.193930839069717,,gssd,"{'home_advantage_points': 1.535563188194298, 'scale': 0.9168222028415014, 'error_term': 13.419557538545588, 'win_prob_k': 7.815692359281991}",0.0,-25
2025-02-04,Portland Trail Blazers,Indiana Pacers,112,89,False,False,2025-02-04|Indiana Pacers|Portland Trail Blazers,,,,2025-02-04|Indiana Pacers|Portland Trail Blazers,0.35259296976660676,"[{""p_home_win"": 0.0, ""weight"": 0.25}, {""p_home_win"": 0.35259296976660676, ""weight"": 0.5}, {""p_home_win"": 0.7051859395332135, ""weight"": 0.25}]",-4.749290411791302,,gssd,"{'home_advantage_points': 1.535563188194298, 'scale': 0.9168222028415014, 'error_term': 13.419557538545588, 'win_prob_k': 7.815692359281991}",1.0,23
2025-02-05,Atlanta Hawks,San Antonio Spurs,125,126,False,False,2025-02-05|San Antonio Spurs|Atlanta Hawks,,,,2025-02-05|San Antonio Spurs|Atlanta Hawks,0.5089512592215527,"[{""p_home_win"": 0.01790251844310542, ""weight"": 0.25}, {""p_home_win"": 0.5089512592215527, ""weight"": 0.5}, {""p_home_win"": 1.0, ""weight"": 0.25}]",0.28064211180836773,,gssd,"{'home_advantage_points': 1.5647286393219435, 'scale': 0.9183951990766931, 'error_term': 13.455120626704284, 'win_prob_k': 7.8372249186450365}",0.0,-1
2025-02-05,Charlotte Hornets,Milwaukee Bucks,102,112,False,False,2025-02-05|Milwaukee Bucks|Charlotte Hornets,,,,2025-02-05|Milwaukee Bucks|Charlotte Hornets,0.34420230411921554,"[{""p_home_win"": 0.0, ""weight"": 0.25}, {""p_home_win"": 0.34420230411921554, ""weight"": 0.5}, {""p_home_win"": 0.6884046082384311, ""weight"": 0.25}]",-5.052053660248109,,gssd,"{'home_advantage_points': 1.5647286393219435, 'scale': 0.9183951990766931, 'error_term': 13.455120626704284, 'win_prob_k': 7.8372249186450365}",0.0,-10
2025-02-05,Detroit Pistons,Cleveland Cavaliers,115,118,False,False,2025-02-05|Cleveland Cavaliers|Detroit Pistons,,,,2025-02-05|Cleveland Cavaliers|Detroit Pistons,0.24712449432213704,"[{""p_home_win"": 0.0, ""weight"": 0.25}, {""p_home_win"": 0.24712449432213704, ""weight"": 0.5}, {""p_home_win"": 0.4942489886442741, ""weight"": 0.25}]",-8.730728496747778,,gssd,"{'home_advantage_points': 1.5647286393219435, 'scale': 0.9183951990766931, 'error_term': 13.455120626704284, 'win_prob_k': 7.8372249186450365}",0.0,-3
2025-02-05,Brooklyn Nets,Washington Wizards,102,119,False,False,2025-02-05|Washington Wizards|Brooklyn Nets,,,,2025-02-05|Washington Wizards|Brooklyn Nets,0.7443527646543608,"[{""p_home_win"": 0.4887055293087217, ""weight"": 0.25}, {""p_home_win"": 0.7443527646543608, ""weight"": 0.5}, {""p_home_win"": 1.0, ""weight"": 0.25}]",8.375772064803472,,gssd,"{'home_advantage_points': 1.5647286393219435, 'scale': 0.9183951990766931, 'error_term': 13.455120626704284, 'win_prob_k': 7.8372249186450365}",0.0,-17
2025-02-05,Philadelphia 76ers,Miami Heat,101,108,False,False,2025-02-05|Miami Heat|Philadelphia 76ers,,,,2025-02-05|Miami Heat|Philadelphia 76ers,0.44520384313163636,"[{""p_home_win"": 0.0, ""weight"": 0.25}, {""p_home_win"": 0.44520384313163636, ""weight"": 0.5}, {""p_home_win"": 0.8904076862632727, ""weight"": 0.25}]",-1.724726407431612,,gssd,"{'home_advantage_points': 1.5647286393219435, 'scale': 0.9183951990766931, 'error_term': 13.455120626704284, 'win_prob_k': 7.8372249186450365}",0.0,-7
2025-02-05,Toronto Raptors,Memphis Grizzlies,107,138,False,False,2025-02-05|Memphis Grizzlies|Toronto Raptors,,,,2025-02-05|Memphis Grizzlies|Toronto Raptors,0.20971540438436387,"[{""p_home_win"": 0.0, ""weight"": 0.25}, {""p_home_win"": 0.20971540438436387, ""weight"": 0.5}, {""p_home_win"": 0.41943080876872774, ""weight"": 0.25}]",-10.397189654560744,,gssd,"{'home_advantage_points': 1.5647286393219435, 'scale': 0.9183951990766931, 'error_term': 13.455120626704284, 'win_prob_k': 7.8372249186450365}",0.0,-31
2025-02-05,Minnesota Timberwolves,Chicago Bulls,127,108,False,False,2025-02-05|Chicago Bulls|Minnesota Timberwolves,,,,2025-02-05|Chicago Bulls|Minnesota Timberwolves,0.7150839972996686,"[{""p_home_win"": 0.4301679945993373, ""weight"": 0.25}, {""p_home_win"": 0.7150839972996686, ""weight"": 0.5}, {""p_home_win"": 1.0, ""weight"": 0.25}]",7.211858298362552,,gssd,"{'home_advantage_points': 1.5647286393219435, 'scale': 0.9183951990766931, 'error_term': 13.455120626704284, 'win_prob_k': 7.8372249186450365}",1.0,19
2025-02-05,Denver Nuggets,New Orleans Pelicans,144,119,False,False,2025-02-05|New Orleans Pelicans|Denver Nuggets,,,,2025-02-05|New Orleans Pelicans|Denver Nuggets,0.8463057320047507,"[{""p_home_win"": 0.6926114640095014, ""weight"": 0.25}, {""p_home_win"": 0.8463057320047507, ""weight"": 0.5}, {""p_home_win"": 1.0, ""weight"": 0.25}]",13.36964208071787,,gssd,"{'home_advantage_points': 1.5647286393219435, 'scale': 0.9183951990766931, 'error_term': 13.455120626704284, 'win_prob_k': 7.8372249186450365}",1.0,25
2025-02-05,Utah Jazz,Golden State Warriors,131,128,False,False,2025-02-05|Golden State Warriors|Utah Jazz,,,,2025-02-05|Golden State Warriors|Utah Jazz,0.3466863589716824,"[{""p_home_win"": 0.0, ""weight"": 0.25}, {""p_home_win"": 0.3466863589716824, ""weight"": 0.5}, {""p_home_win"": 0.6933727179433647, ""weight"": 0.25}]",-4.965954237762131,,gssd,"{'home_advantage_points': 1.5647286393219435, 'scale': 0.9183951990766931, 'error_term': 13.455120626704284, 'win_prob_k': 7.8372249186450365}",1.0,3
2025-02-05,Oklahoma City Thunder,Phoenix Suns,140,109,False,False,2025-02-05|Phoenix Suns|Oklahoma City Thunder,,,,2025-02-05|Phoenix Suns|Oklahoma City Thunder,0.8447657044761224,"[{""p_home_win"": 0.6895314089522449, ""weight"": 0.25}, {""p_home_win"": 0.8447657044761224, ""weight"": 0.5}, {""p_home_win"": 1.0, ""weight"": 0.25}]",13.277228919314917,,gssd,"{'home_advantage_points': 1.5647286393219435, 'scale': 0.9183951990766931, 'error_term': 13.455120626704284, 'win_prob_k': 7.8372249186450365}",1.0,31
2025-02-05,Sacramento Kings,Orlando Magic,111,130,False,False,2025-02-05|Orlando Magic|Sacramento Kings,,,,2025-02-05|Orlando Magic|Sacramento Kings,0.6258120096556209,"[{""p_home_win"": 0.2516240193112418, ""weight"": 0.25}, {""p_home_win"": 0.6258120096556209, ""weight"": 0.5}, {""p_home_win"": 1.0, ""weight"": 0.25}]",4.0306197488428595,,gssd,"{'home_advantage_points': 1.5647286393219435, 'scale': 0.9183951990766931, 'error_term': 13.455120626704284, 'win_prob_k': 7.8372249186450365}",0.0,-19
2025-02-06,Boston Celtics,Dallas Mavericks,120,127,False,False,2025-02-06|Dallas Mavericks|Boston Celtics,,,,2025-02-06|Dallas Mavericks|Boston Celtics,0.7245795819845476,"[{""p_home_win"": 0.4491591639690953, ""weight"": 0.25}, {""p_home_win"": 0.7245795819845476, ""weight"": 0.5}, {""p_home_win"": 1.0, ""weight"": 0.25}]",7.660191283728678,,gssd,"{'home_advantage_points': 1.5383536733343917, 'scale': 0.9198874100982034, 'error_term': 13.466416079285793, 'win_prob_k': 7.919205721695596}",0.0,-7
2025-02-06,Minnesota Timberwolves,Houston Rockets,127,114,False,False,2025-02-06|Houston Rockets|Minnesota Timberwolves,,,,2025-02-06|Houston Rockets|Minnesota Timberwolves,0.5044091443223122,"[{""p_home_win"": 0.008818288644624417, ""weight"": 0.25}, {""p_home_win"": 0.5044091443223122, ""weight"": 0.5}, {""p_home_win"": 1.0, ""weight"": 0.25}]",0.1396713042385358,,gssd,"{'home_advantage_points': 1.5383536733343917, 'scale': 0.9198874100982034, 'error_term': 13.466416079285793, 'win_prob_k': 7.919205721695596}",1.0,13
2025-02-06,Denver Nuggets,Orlando Magic,112,90,False,False,2025-02-06|Orlando Magic|Denver Nuggets,,,,2025-02-06|Orlando Magic|Denver Nuggets,0.7026486770015198,"[{""p_home_win"": 0.40529735400303957, ""weight"": 0.25}, {""p_home_win"": 0.7026486770015198, ""weight"": 0.5}, {""p_home_win"": 1.0, ""weight"": 0.25}]",6.810062938215963,,gssd,"{'home_advantage_points': 1.5383536733343917, 'scale': 0.9198874100982034, 'error_term': 13.466416079285793, 'win_prob_k': 7.919205721695596}",1.0,22
2025-02-06,Los Angeles Lakers,Golden State Warriors,120,112,False,False,2025-02-06|Golden State Warriors|Los Angeles Lakers,,,,2025-02-06|Golden State Warriors|Los Angeles Lakers,0.5743574717502388,"[{""p_home_win"": 0.14871494350047754, ""weight"": 0.25}, {""p_home_win"": 0.5743574717502388, ""weight"": 0.5}, {""p_home_win"": 1.0, ""weight"": 0.25}]",2.373006760468953,,gssd,"{'home_advantage_points': 1.5383536733343917, 'scale': 0.9198874100982034, 'error_term': 13.466416079285793, 'win_prob_k': 7.919205721695596}",1.0,8
2025-02-06,Portland Trail Blazers,Sacramento Kings,108,102,False,False,2025-02-06|Sacramento Kings|Portland Trail Blazers,,,,2025-02-06|Sacramento Kings|Portland Trail Blazers,0.3799962456701467,"[{""p_home_win"": 0.0, ""weight"": 0.25}, {""p_home_win"": 0.3799962456701467, ""weight"": 0.5}, {""p_home_win"": 0.7599924913402935, ""weight"": 0.25}]",-3.8769593012483456,,gssd,"{'home_advantage_points': 1.5383536733343917, 'scale': 0.9198874100982034, 'error_term': 13.466416079285793, 'win_prob_k': 7.919205721695596}",1.0,6
2025-02-06,Los Angeles Clippers,Indiana Pacers,112,119,False,False,2025-02-06|Indiana Pacers|Los Angeles Clippers,,,,2025-02-06|Indiana Pacers|Los Angeles Clippers,0.5945256244582006,"[{""p_home_win"": 0.18905124891640113, ""weight"": 0.25}, {""p_home_win"": 0.5945256244582006, ""weight"": 0.5}, {""p_home_win"": 1.0, ""weight"": 0.25}]",3.0307286411999437,,gssd,"{'home_advantage_points': 1.5383536733343917, 'scale': 0.9198874100982034, 'error_term': 13.466416079285793, 'win_prob_k': 7.919205721695596}",0.0,-7
2025-02-07,Charlotte Hornets,San Antonio Spurs,117,116,False,False,2025-02-07|San Antonio Spurs|Charlotte Hornets,,,,2025-02-07|San Antonio Spurs|Charlotte Hornets,0.43280682068805676,"[{""p_home_win"": 0.0, ""weight"": 0.25}, {""p_home_win"": 0.43280682068805676, ""weight"": 0.5}, {""p_home_win"": 0.8656136413761135, ""weight"": 0.25}]",-2.1518532842383036,,gssd,"{'home_advantage_points': 1.5634551787623416, 'scale': 0.9202315463610752, 'error_term': 13.454227512165847, 'win_prob_k': 7.957788227328166}",1.0,1
2025-02-07,Washington Wizards,Cleveland Cavaliers,124,134,False,False,2025-02-07|Cleveland Cavaliers|Washington Wizards,,,,2025-02-07|Cleveland Cavaliers|Washington Wizards,0.07207936358713023,"[{""p_home_win"": 0.0, ""weight"": 0.25}, {""p_home_win"": 0.07207936358713023, ""weight"": 0.5}, {""p_home_win"": 0.14415872717426045, ""weight"": 0.25}]",-20.333568781377245,,gssd,"{'home_advantage_points': 1.5634551787623416, 'scale': 0.9202315463610752, 'error_term': 13.454227512165847, 'win_prob_k': 7.957788227328166}",0.0,-10
2025-02-07,Atlanta Hawks,Milwaukee Bucks,115,110,False,False,2025-02-07|Milwaukee Bucks|Atlanta Hawks,,,,2025-02-07|Milwaukee Bucks|Atlanta Hawks,0.40557536368159075,"[{""p_home_win"": 0.0, ""weight"": 0.25}, {""p_home_win"": 0.40557536368159075, ""weight"": 0.5}, {""p_home_win"": 0.8111507273631815, ""weight"": 0.25}]",-3.042160817677582,,gssd,"{'home_advantage_points': 1.5634551787623416, 'scale': 0.9202315463610752, 'error_term': 13.454227512165847, 'win_prob_k': 7.957788227328166}",1.0,5
2025-02-07,Brooklyn Nets,Miami Heat,102,86,False,False,2025-02-07|Miami Heat|Brooklyn Nets,,,,2025-02-07|Miami Heat|Brooklyn Nets,0.3419209844804277,"[{""p_home_win"": 0.0, ""weight"": 0.25}, {""p_home_win"": 0.3419209844804277, ""weight"": 0.5}, {""p_home_win"": 0.6838419689608554, ""weight"": 0.25}]",-5.210324739881543,,gssd,"{'home_advantage_points': 1.5634551787623416, 'scale': 0.9202315463610752, 'error_term': 13.454227512165847, 'win_prob_k': 7.957788227328166}",1.0,16
2025-02-07,Detroit Pistons,Philadelphia 76ers,125,112,False,False,2025-02-07|Philadelphia 76ers|Detroit Pistons,,,,2025-02-07|Philadelphia 76ers|Detroit Pistons,0.6182657098405451,"[{""p_home_win"": 0.23653141968109015, ""weight"": 0.25}, {""p_home_win"": 0.6182657098405451, ""weight"": 0.5}, {""p_home_win"": 1.0, ""weight"": 0.25}]",3.8371939578961567,,gssd,"{'home_advantage_points': 1.5634551787623416, 'scale': 0.9202315463610752, 'error_term': 13.454227512165847, 'win_prob_k': 7.957788227328166}",1.0,13
2025-02-07,Oklahoma City Thunder,Toronto Raptors,121,109,False,False,2025-02-07|Toronto Raptors|Oklahoma City Thunder,,,,2025-02-07|Toronto Raptors|Oklahoma City Thunder,0.9081761409593023,"[{""p_home_win"": 0.8163522819186046, ""weight"": 0.25}, {""p_home_win"": 0.9081761409593023, ""weight"": 0.5}, {""p_home_win"": 1.0, ""weight"": 0.25}]",18.235798380225237,,gssd,"{'home_advantage_points': 1.5634551787623416, 'scale': 0.9202315463610752, 'error_term': 13.454227512165847, 'win_prob_k': 7.957788227328166}",1.0,12
2025-02-07,Phoenix Suns,Utah Jazz,135,127,False,False,2025-02-07|Utah Jazz|Phoenix Suns,,,,2025-02-07|Utah Jazz|Phoenix Suns,0.7019530359404714,"[{""p_home_win"": 0.40390607188094285, ""weight"": 0.25}, {""p_home_win"": 0.7019530359404714, ""weight"": 0.5}, {""p_home_win"": 1.0, ""weight"": 0.25}]",6.816764182727594,,gssd,"{'home_advantage_points': 1.5634551787623416, 'scale': 0.9202315463610752, 'error_term': 13.454227512165847, 'win_prob_k': 7.957788227328166}",1.0,8
2025-02-08,Dallas Mavericks,Houston Rockets,116,105,False,False,2025-02-08|Houston Rockets|Dallas Mavericks,,,,2025-02-08|Houston Rockets|Dallas Mavericks,0.48579043108343073,"[{""p_home_win"": 0.0, ""weight"": 0.25}, {""p_home_win"": 0.48579043108343073, ""weight"": 0.5}, {""p_home_win"": 0.9715808621668615, ""weight"": 0.25}]",-0.4475530722579186,,gssd,"{'home_advantage_points': 1.6255956959041968, 'scale': 0.9151887170316931, 'error_term': 13.427537065942293, 'win_prob_k': 7.872029063063836}",1.0,11
2025-02-08,Los Angeles Lakers,Indiana Pacers,124,117,False,False,2025-02-08|Indiana Pacers|Los Angeles Lakers,,,,2025-02-08|Indiana Pacers|Los Angeles Lakers,0.5473441289885613,"[{""p_home_win"": 0.09468825797712266, ""weight"": 0.25}, {""p_home_win"": 0.5473441289885613, ""weight"": 0.5}, {""p_home_win"": 1.0, ""weight"": 0.25}]",1.4952569301240004,,gssd,"{'home_advantage_points': 1.6255956959041968, 'scale': 0.9151887170316931, 'error_term': 13.427537065942293, 'win_prob_k': 7.872029063063836}",1.0,7
2025-02-08,Orlando Magic,San Antonio Spurs,112,111,False,False,2025-02-08|San Antonio Spurs|Orlando Magic,,,,2025-02-08|San Antonio Spurs|Orlando Magic,0.5568428088231466,"[{""p_home_win"": 0.11368561764629326, ""weight"": 0.25}, {""p_home_win"": 0.5568428088231466, ""weight"": 0.5}, {""p_home_win"": 1.0, ""weight"": 0.25}]",1.7976443494030014,,gssd,"{'home_advantage_points': 1.6255956959041968, 'scale': 0.9151887170316931, 'error_term': 13.427537065942293, 'win_prob_k': 7.872029063063836}",1.0,1
2025-02-08,Washington Wizards,Atlanta Hawks,111,125,False,False,2025-02-08|Atlanta Hawks|Washington Wizards,,,,2025-02-08|Atlanta Hawks|Washington Wizards,0.25965417939377267,"[{""p_home_win"": 0.0, ""weight"": 0.25}, {""p_home_win"": 0.25965417939377267, ""weight"": 0.5}, {""p_home_win"": 0.5193083587875453, ""weight"": 0.25}]",-8.248050195207318,,gssd,"{'home_advantage_points': 1.6255956959041968, 'scale': 0.9151887170316931, 'error_term': 13.427537065942293, 'win_prob_k': 7.872029063063836}",0.0,-14
2025-02-08,Chicago Bulls,Golden State Warriors,111,132,False,False,2025-02-08|Golden State Warriors|Chicago Bulls,,,,2025-02-08|Golden State Warriors|Chicago Bulls,0.4633314441858126,"[{""p_home_win"": 0.0, ""weight"": 0.25}, {""p_home_win"": 0.4633314441858126, ""weight"": 0.5}, {""p_home_win"": 0.9266628883716252, ""weight"": 0.25}]",-1.1567004371453342,,gssd,"{'home_advantage_points': 1.6255956959041968, 'scale': 0.9151887170316931, 'error_term': 13.427537065942293, 'win_prob_k': 7.872029063063836}",0.0,-21
2025-02-08,Memphis Grizzlies,Oklahoma City Thunder,112,125,False,False,2025-02-08|Oklahoma City Thunder|Memphis Grizzlies,,,,2025-02-08|Oklahoma City Thunder|Memphis Grizzlies,0.4357901371656062,"[{""p_home_win"": 0.0, ""weight"": 0.25}, {""p_home_win"": 0.4357901371656062, ""weight"": 0.5}, {""p_home_win"": 0.8715802743312124, ""weight"": 0.25}]",-2.033073433961593,,gssd,"{'home_advantage_points': 1.6255956959041968, 'scale': 0.9151887170316931, 'error_term': 13.427537065942293, 'win_prob_k': 7.872029063063836}",0.0,-13
2025-02-08,Minnesota Timberwolves,Portland Trail Blazers,114,98,False,False,2025-02-08|Portland Trail Blazers|Minnesota Timberwolves,,,,2025-02-08|Portland Trail Blazers|Minnesota Timberwolves,0.7668054282052853,"[{""p_home_win"": 0.5336108564105706, ""weight"": 0.25}, {""p_home_win"": 0.7668054282052853, ""weight"": 0.5}, {""p_home_win"": 1.0, ""weight"": 0.25}]",9.370547830766037,,gssd,"{'home_advantage_points': 1.6255956959041968, 'scale': 0.9151887170316931, 'error_term': 13.427537065942293, 'win_prob_k': 7.872029063063836}",1.0,16
2025-02-08,New York Knicks,Boston Celtics,104,131,False,False,2025-02-08|Boston Celtics|New York Knicks,,,,2025-02-08|Boston Celtics|New York Knicks,0.49197051104318507,"[{""p_home_win"": 0.0, ""weight"": 0.25}, {""p_home_win"": 0.49197051104318507, ""weight"": 0.5}, {""p_home_win"": 0.9839410220863701, ""weight"": 0.25}]",-0.2528552195559781,,gssd,"{'home_advantage_points': 1.6255956959041968, 'scale': 0.9151887170316931, 'error_term': 13.427537065942293, 'win_prob_k': 7.872029063063836}",0.0,-27
2025-02-08,Phoenix Suns,Denver Nuggets,105,122,False,False,2025-02-08|Denver Nuggets|Phoenix Suns,,,,2025-02-08|Denver Nuggets|Phoenix Suns,0.37483887665479787,"[{""p_home_win"": 0.0, ""weight"": 0.25}, {""p_home_win"": 0.37483887665479787, ""weight"": 0.5}, {""p_home_win"": 0.7496777533095957, ""weight"": 0.25}]",-4.0266463237372125,,gssd,"{'home_advantage_points': 1.6255956959041968, 'scale': 0.9151887170316931, 'error_term': 13.427537065942293, 'win_prob_k': 7.872029063063836}",0.0,-17
2025-02-08,Sacramento Kings,New Orleans Pelicans,123,118,False,False,2025-02-08|New Orleans Pelicans|Sacramento Kings,,,,2025-02-08|New Orleans Pelicans|Sacramento Kings,0.7872091638337527,"[{""p_home_win"": 0.5744183276675054, ""weight"": 0.25}, {""p_home_win"": 0.7872091638337527, ""weight"": 0.5}, {""p_home_win"": 1.0, ""weight"": 0.25}]",10.298064776760683,,gssd,"{'home_advantage_points': 1.6255956959041968, 'scale': 0.9151887170316931, 'error_term': 13.427537065942293, 'win_prob_k': 7.872029063063836}",1.0,5
2025-02-08,Los Angeles Clippers,Utah Jazz,130,110,False,False,2025-02-08|Utah Jazz|Los Angeles Clippers,,,,2025-02-08|Utah Jazz|Los Angeles Clippers,0.7817313095265486,"[{""p_home_win"": 0.5634626190530971, ""weight"": 0.25}, {""p_home_win"": 0.7817313095265486, ""weight"": 0.5}, {""p_home_win"": 1.0, ""weight"": 0.25}]",10.043010761791711,,gssd,"{'home_advantage_points': 1.6255956959041968, 'scale': 0.9151887170316931, 'error_term': 13.427537065942293, 'win_prob_k': 7.872029063063836}",1.0,20
2025-02-09,Detroit Pistons,Charlotte Hornets,112,102,False,False,2025-02-09|Charlotte Hornets|Detroit Pistons,,,,2025-02-09|Charlotte Hornets|Detroit Pistons,0.6813390422332525,"[{""p_home_win"": 0.36267808446650496, ""weight"": 0.25}, {""p_home_win"": 0.6813390422332525, ""weight"": 0.5}, {""p_home_win"": 1.0, ""weight"": 0.25}]",5.933996419682839,,gssd,"{'home_advantage_points': 1.5629007663402767, 'scale': 0.9249178785750195, 'error_term': 13.407740779737612, 'win_prob_k': 7.808585273900894}",1.0,10
2025-02-09,Houston Rockets,Toronto Raptors,94,87,False,False,2025-02-09|Toronto Raptors|Houston Rockets,,,,2025-02-09|Toronto Raptors|Houston Rockets,0.8036289795379189,"[{""p_home_win"": 0.6072579590758378, ""weight"": 0.25}, {""p_home_win"": 0.8036289795379189, ""weight"": 0.5}, {""p_home_win"": 1.0, ""weight"": 0.25}]",11.003326314839311,,gssd,"{'home_advantage_points': 1.5629007663402767, 'scale': 0.9249178785750195, 'error_term': 13.407740779737612, 'win_prob_k': 7.808585273900894}",1.0,7
2025-02-09,Milwaukee Bucks,Philadelphia 76ers,135,127,False,False,2025-02-09|Philadelphia 76ers|Milwaukee Bucks,,,,2025-02-09|Philadelphia 76ers|Milwaukee Bucks,0.7056412552355775,"[{""p_home_win"": 0.41128251047115505, ""weight"": 0.25}, {""p_home_win"": 0.7056412552355775, ""weight"": 0.5}, {""p_home_win"": 1.0, ""weight"": 0.25}]",6.8271064460145565,,gssd,"{'home_advantage_points': 1.5629007663402767, 'scale': 0.9249178785750195, 'error_term': 13.407740779737612, 'win_prob_k': 7.808585273900894}",1.0,8
2025-02-10,Cleveland Cavaliers,Minnesota Timberwolves,128,107,False,False,2025-02-10|Minnesota Timberwolves|Cleveland Cavaliers,,,,2025-02-10|Minnesota Timberwolves|Cleveland Cavaliers,0.723346727733776,"[{""p_home_win"": 0.4466934554675519, ""weight"": 0.25}, {""p_home_win"": 0.723346727733776, ""weight"": 0.5}, {""p_home_win"": 1.0, ""weight"": 0.25}]",7.450709627734592,,gssd,"{'home_advantage_points': 1.5649872766136737, 'scale': 0.924253689222206, 'error_term': 13.383255760240399, 'win_prob_k': 7.752082067571239}",1.0,21
2025-02-10,Orlando Magic,Atlanta Hawks,106,112,False,False,2025-02-10|Atlanta Hawks|Orlando Magic,,,,2025-02-10|Atlanta Hawks|Orlando Magic,0.5847107604074293,"[{""p_home_win"": 0.16942152081485862, ""weight"": 0.25}, {""p_home_win"": 0.5847107604074293, ""weight"": 0.5}, {""p_home_win"": 1.0, ""weight"": 0.25}]",2.652313312152673,,gssd,"{'home_advantage_points': 1.5649872766136737, 'scale': 0.924253689222206, 'error_term': 13.383255760240399, 'win_prob_k': 7.752082067571239}",0.0,-6
2025-02-10,Washington Wizards,San Antonio Spurs,121,131,False,False,2025-02-10|San Antonio Spurs|Washington Wizards,,,,2025-02-10|San Antonio Spurs|Washington Wizards,0.2234514075320643,"[{""p_home_win"": 0.0, ""weight"": 0.25}, {""p_home_win"": 0.2234514075320643, ""weight"": 0.5}, {""p_home_win"": 0.4469028150641286, ""weight"": 0.25}]",-9.656499208097934,,gssd,"{'home_advantage_points': 1.5649872766136737, 'scale': 0.924253689222206, 'error_term': 13.383255760240399, 'win_prob_k': 7.752082067571239}",0.0,-10
2025-02-10,Brooklyn Nets,Charlotte Hornets,97,89,False,False,2025-02-10|Charlotte Hornets|Brooklyn Nets,,,,2025-02-10|Charlotte Hornets|Brooklyn Nets,0.5207309157548213,"[{""p_home_win"": 0.041461831509642666, ""weight"": 0.25}, {""p_home_win"": 0.5207309157548213, ""weight"": 0.5}, {""p_home_win"": 1.0, ""weight"": 0.25}]",0.6431997815540095,,gssd,"{'home_advantage_points': 1.5649872766136737, 'scale': 0.924253689222206, 'error_term': 13.383255760240399, 'win_prob_k': 7.752082067571239}",1.0,8
2025-02-10,Miami Heat,Boston Celtics,85,103,False,False,2025-02-10|Boston Celtics|Miami Heat,,,,2025-02-10|Boston Celtics|Miami Heat,0.2986846863493071,"[{""p_home_win"": 0.0, ""weight"": 0.25}, {""p_home_win"": 0.2986846863493071, ""weight"": 0.5}, {""p_home_win"": 0.5973693726986142, ""weight"": 0.25}]",-6.616937986027936,,gssd,"{'home_advantage_points': 1.5649872766136737, 'scale': 0.924253689222206, 'error_term': 13.383255760240399, 'win_prob_k': 7.752082067571239}",0.0,-18
2025-02-10,Milwaukee Bucks,Golden State Warriors,111,125,False,False,2025-02-10|Golden State Warriors|Milwaukee Bucks,,,,2025-02-10|Golden State Warriors|Milwaukee Bucks,0.6060597235958736,"[{""p_home_win"": 0.21211944719174713, ""weight"": 0.25}, {""p_home_win"": 0.6060597235958736, ""weight"": 0.5}, {""p_home_win"": 1.0, ""weight"": 0.25}]",3.339435865857589,,gssd,"{'home_advantage_points': 1.5649872766136737, 'scale': 0.924253689222206, 'error_term': 13.383255760240399, 'win_prob_k': 7.752082067571239}",0.0,-14
2025-02-10,Oklahoma City Thunder,New Orleans Pelicans,137,101,False,False,2025-02-10|New Orleans Pelicans|Oklahoma City Thunder,,,,2025-02-10|New Orleans Pelicans|Oklahoma City Thunder,0.937080567344093,"[{""p_home_win"": 0.8741611346881859, ""weight"": 0.25}, {""p_home_win"": 0.937080567344093, ""weight"": 0.5}, {""p_home_win"": 1.0, ""weight"": 0.25}]",20.9377085487609,,gssd,"{'home_advantage_points': 1.5649872766136737, 'scale': 0.924253689222206, 'error_term': 13.383255760240399, 'win_prob_k': 7.752082067571239}",1.0,36
2025-02-10,Dallas Mavericks,Sacramento Kings,128,129,False,False,2025-02-10|Sacramento Kings|Dallas Mavericks,,,,2025-02-10|Sacramento Kings|Dallas Mavericks,0.599246951486469,"[{""p_home_win"": 0.198493902972938, ""weight"": 0.25}, {""p_home_win"": 0.599246951486469, ""weight"": 0.5}, {""p_home_win"": 1.0, ""weight"": 0.25}]",3.1188826788295656,,gssd,"{'home_advantage_points': 1.5649872766136737, 'scale': 0.924253689222206, 'error_term': 13.383255760240399, 'win_prob_k': 7.752082067571239}",0.0,-1
2025-02-10,Denver Nuggets,Portland Trail Blazers,146,117,False,False,2025-02-10|Portland Trail Blazers|Denver Nuggets,,,,2025-02-10|Portland Trail Blazers|Denver Nuggets,0.8083432011007222,"[{""p_home_win"": 0.6166864022014444, ""weight"": 0.25}, {""p_home_win"": 0.8083432011007222, ""weight"": 0.5}, {""p_home_win"": 1.0, ""weight"": 0.25}]",11.157420208327,,gssd,"{'home_advantage_points': 1.5649872766136737, 'scale': 0.924253689222206, 'error_term': 13.383255760240399, 'win_prob_k': 7.752082067571239}",1.0,29
2025-02-10,Los Angeles Lakers,Utah Jazz,132,113,False,False,2025-02-10|Utah Jazz|Los Angeles Lakers,,,,2025-02-10|Utah Jazz|Los Angeles Lakers,0.7630331004334823,"[{""p_home_win"": 0.5260662008669645, ""weight"": 0.25}, {""p_home_win"": 0.7630331004334823, ""weight"": 0.5}, {""p_home_win"": 1.0, ""weight"": 0.25}]",9.065137055413398,,gssd,"{'home_advantage_points': 1.5649872766136737, 'scale': 0.924253689222206, 'error_term': 13.383255760240399, 'win_prob_k': 7.752082067571239}",1.0,19
2025-02-11,Philadelphia 76ers,Toronto Raptors,103,106,False,False,2025-02-11|Toronto Raptors|Philadelphia 76ers,,,,2025-02-11|Toronto Raptors|Philadelphia 76ers,0.6109584756614845,"[{""p_home_win"": 0.22191695132296907, ""weight"": 0.25}, {""p_home_win"": 0.6109584756614845, ""weight"": 0.5}, {""p_home_win"": 1.0, ""weight"": 0.25}]",3.5097393163774875,,gssd,"{'home_advantage_points': 1.5880104756030016, 'scale': 0.9269935038986378, 'error_term': 13.359832403408012, 'win_prob_k': 7.776214555596617}",0.0,-3
2025-02-11,Indiana Pacers,New York Knicks,115,128,False,False,2025-02-11|New York Knicks|Indiana Pacers,,,,2025-02-11|New York Knicks|Indiana Pacers,0.4032101124830272,"[{""p_home_win"": 0.0, ""weight"": 0.25}, {""p_home_win"": 0.4032101124830272, ""weight"": 0.5}, {""p_home_win"": 0.8064202249660544, ""weight"": 0.25}]",-3.049110549846955,,gssd,"{'home_advantage_points': 1.5880104756030016, 'scale': 0.9269935038986378, 'error_term': 13.359832403408012, 'win_prob_k': 7.776214555596617}",0.0,-13
2025-02-11,Chicago Bulls,Detroit Pistons,92,132,False,False,2025-02-11|Detroit Pistons|Chicago Bulls,,,,2025-02-11|Detroit Pistons|Chicago Bulls,0.4566825234106641,"[{""p_home_win"": 0.0, ""weight"": 0.25}, {""p_home_win"": 0.4566825234106641, ""weight"": 0.5}, {""p_home_win"": 0.9133650468213282, ""weight"": 0.25}]",-1.3507702123263652,,gssd,"{'home_advantage_points': 1.5880104756030016, 'scale': 0.9269935038986378, 'error_term': 13.359832403408012, 'win_prob_k': 7.776214555596617}",0.0,-40
2025-02-11,Phoenix Suns,Memphis Grizzlies,112,119,False,False,2025-02-11|Memphis Grizzlies|Phoenix Suns,,,,2025-02-11|Memphis Grizzlies|Phoenix Suns,0.2870217404985576,"[{""p_home_win"": 0.0, ""weight"": 0.25}, {""p_home_win"": 0.2870217404985576, ""weight"": 0.5}, {""p_home_win"": 0.5740434809971152, ""weight"": 0.25}]",-7.075522915434188,,gssd,"{'home_advantage_points': 1.5880104756030016, 'scale': 0.9269935038986378, 'error_term': 13.359832403408012, 'win_prob_k': 7.776214555596617}",0.0,-7
2025-02-12,Boston Celtics,San Antonio Spurs,116,103,False,False,2025-02-12|San Antonio Spurs|Boston Celtics,,,,2025-02-12|San Antonio Spurs|Boston Celtics,0.8046995681034109,"[{""p_home_win"": 0.6093991362068218, ""weight"": 0.25}, {""p_home_win"": 0.8046995681034109, ""weight"": 0.5}, {""p_home_win"": 1.0, ""weight"": 0.25}]",11.026713103922356,,gssd,"{'home_advantage_points': 1.516842037237377, 'scale': 0.9288727891123237, 'error_term': 13.397475073677672, 'win_prob_k': 7.787612018051542}",1.0,13
2025-02-12,Orlando Magic,Charlotte Hornets,102,86,False,False,2025-02-12|Charlotte Hornets|Orlando Magic,,,,2025-02-12|Charlotte Hornets|Orlando Magic,0.6631102638839109,"[{""p_home_win"": 0.32622052776782184, ""weight"": 0.25}, {""p_home_win"": 0.6631102638839109, ""weight"": 0.5}, {""p_home_win"": 1.0, ""weight"": 0.25}]",5.273658737354678,,gssd,"{'home_advantage_points': 1.516842037237377, 'scale': 0.9288727891123237, 'error_term': 13.397475073677672, 'win_prob_k': 7.787612018051542}",1.0,16
2025-02-12,Washington Wizards,Indiana Pacers,130,134,False,False,2025-02-12|Indiana Pacers|Washington Wizards,,,,2025-02-12|Indiana Pacers|Washington Wizards,0.18535193497272284,"[{""p_home_win"": 0.0, ""weight"": 0.25}, {""p_home_win"": 0.18535193497272284, ""weight"": 0.5}, {""p_home_win"": 0.3707038699454457, ""weight"": 0.25}]",-11.529558259662965,,gssd,"{'home_advantage_points': 1.516842037237377, 'scale': 0.9288727891123237, 'error_term': 13.397475073677672, 'win_prob_k': 7.787612018051542}",0.0,-4
2025-02-12,Brooklyn Nets,Philadelphia 76ers,100,96,False,False,2025-02-12|Philadelphia 76ers|Brooklyn Nets,,,,2025-02-12|Philadelphia 76ers|Brooklyn Nets,0.4758638311940391,"[{""p_home_win"": 0.0, ""weight"": 0.25}, {""p_home_win"": 0.4758638311940391, ""weight"": 0.5}, {""p_home_win"": 0.9517276623880782, ""weight"": 0.25}]",-0.7524372844467908,,gssd,"{'home_advantage_points': 1.516842037237377, 'scale': 0.9288727891123237, 'error_term': 13.397475073677672, 'win_prob_k': 7.787612018051542}",1.0,4
2025-02-12,New York Knicks,Atlanta Hawks,149,148,False,False,2025-02-12|Atlanta Hawks|New York Knicks,,,,2025-02-12|Atlanta Hawks|New York Knicks,0.7675914711087785,"[{""p_home_win"": 0.5351829422175569, ""weight"": 0.25}, {""p_home_win"": 0.7675914711087785, ""weight"": 0.5}, {""p_home_win"": 1.0, ""weight"": 0.25}]",9.3043345730048,,gssd,"{'home_advantage_points': 1.516842037237377, 'scale': 0.9288727891123237, 'error_term': 13.397475073677672, 'win_prob_k': 7.787612018051542}",1.0,1
2025-02-12,Toronto Raptors,Cleveland Cavaliers,108,131,False,False,2025-02-12|Cleveland Cavaliers|Toronto Raptors,,,,2025-02-12|Cleveland Cavaliers|Toronto Raptors,0.15354073031161752,"[{""p_home_win"": 0.0, ""weight"": 0.25}, {""p_home_win"": 0.15354073031161752, ""weight"": 0.5}, {""p_home_win"": 0.30708146062323505, ""weight"": 0.25}]",-13.294202948484678,,gssd,"{'home_advantage_points': 1.516842037237377, 'scale': 0.9288727891123237, 'error_term': 13.397475073677672, 'win_prob_k': 7.787612018051542}",0.0,-23
2025-02-12,Chicago Bulls,Detroit Pistons,110,128,False,False,2025-02-12|Detroit Pistons|Chicago Bulls,,,,2025-02-12|Detroit Pistons|Chicago Bulls,0.4133503954479658,"[{""p_home_win"": 0.0, ""weight"": 0.25}, {""p_home_win"": 0.4133503954479658, ""weight"": 0.5}, {""p_home_win"": 0.8267007908959316, ""weight"": 0.25}]",-2.7266926960098967,,gssd,"{'home_advantage_points': 1.516842037237377, 'scale': 0.9288727891123237, 'error_term': 13.397475073677672, 'win_prob_k': 7.787612018051542}",0.0,-18
2025-02-12,Minnesota Timberwolves,Milwaukee Bucks,101,103,False,False,2025-02-12|Milwaukee Bucks|Minnesota Timberwolves,,,,2025-02-12|Milwaukee Bucks|Minnesota Timberwolves,0.5988162723442239,"[{""p_home_win"": 0.1976325446884477, ""weight"": 0.25}, {""p_home_win"": 0.5988162723442239, ""weight"": 0.5}, {""p_home_win"": 1.0, ""weight"": 0.25}]",3.1192137574866927,,gssd,"{'home_advantage_points': 1.516842037237377, 'scale': 0.9288727891123237, 'error_term': 13.397475073677672, 'win_prob_k': 7.787612018051542}",0.0,-2
2025-02-12,New Orleans Pelicans,Sacramento Kings,111,119,False,False,2025-02-12|Sacramento Kings|New Orleans Pelicans,,,,2025-02-12|Sacramento Kings|New Orleans Pelicans,0.27369066798348146,"[{""p_home_win"": 0.0, ""weight"": 0.25}, {""p_home_win"": 0.27369066798348146, ""weight"": 0.5}, {""p_home_win"": 0.5473813359669629, ""weight"": 0.25}]",-7.600533964726256,,gssd,"{'home_advantage_points': 1.516842037237377, 'scale': 0.9288727891123237, 'error_term': 13.397475073677672, 'win_prob_k': 7.787612018051542}",0.0,-8
2025-02-12,Oklahoma City Thunder,Miami Heat,115,101,False,False,2025-02-12|Miami Heat|Oklahoma City Thunder,,,,2025-02-12|Miami Heat|Oklahoma City Thunder,0.8534033724230807,"[{""p_home_win"": 0.7068067448461615, ""weight"": 0.25}, {""p_home_win"": 0.8534033724230807, ""weight"": 0.5}, {""p_home_win"": 1.0, ""weight"": 0.25}]",13.718248773855157,,gssd,"{'home_advantage_points': 1.516842037237377, 'scale': 0.9288727891123237, 'error_term': 13.397475073677672, 'win_prob_k': 7.787612018051542}",1.0,14
2025-02-12,Houston Rockets,Phoenix Suns,119,111,False,False,2025-02-12|Phoenix Suns|Houston Rockets,,,,2025-02-12|Phoenix Suns|Houston Rockets,0.7139548500486295,"[{""p_home_win"": 0.4279097000972589, ""weight"": 0.25}, {""p_home_win"": 0.7139548500486295, ""weight"": 0.5}, {""p_home_win"": 1.0, ""weight"": 0.25}]",7.123095550181364,,gssd,"{'home_advantage_points': 1.516842037237377, 'scale': 0.9288727891123237, 'error_term': 13.397475073677672, 'win_prob_k': 7.787612018051542}",1.0,8
2025-02-12,Denver Nuggets,Portland Trail Blazers,132,121,False,False,2025-02-12|Portland Trail Blazers|Denver Nuggets,,,,2025-02-12|Portland Trail Blazers|Denver Nuggets,0.8227351462714494,"[{""p_home_win"": 0.6454702925428988, ""weight"": 0.25}, {""p_home_win"": 0.8227351462714494, ""weight"": 0.5}, {""p_home_win"": 1.0, ""weight"": 0.25}]",11.953901673142333,,gssd,"{'home_advantage_points': 1.516842037237377, 'scale': 0.9288727891123237, 'error_term': 13.397475073677672, 'win_prob_k': 7.787612018051542}",1.0,11
2025-02-12,Utah Jazz,Los Angeles Lakers,131,119,False,False,2025-02-12|Los Angeles Lakers|Utah Jazz,,,,2025-02-12|Los Angeles Lakers|Utah Jazz,0.3031231232920746,"[{""p_home_win"": 0.0, ""weight"": 0.25}, {""p_home_win"": 0.3031231232920746, ""weight"": 0.5}, {""p_home_win"": 0.6062462465841492, ""weight"": 0.25}]",-6.4829508628844055,,gssd,"{'home_advantage_points': 1.516842037237377, 'scale': 0.9288727891123237, 'error_term': 13.397475073677672, 'win_prob_k': 7.787612018051542}",1.0,12
2025-02-12,Dallas Mavericks,Golden State Warriors,111,107,False,False,2025-02-12|Golden State Warriors|Dallas Mavericks,,,,2025-02-12|Golden State Warriors|Dallas Mavericks,0.6050764542082148,"[{""p_home_win"": 0.21015290841642953, ""weight"": 0.25}, {""p_home_win"": 0.6050764542082148, ""weight"": 0.5}, {""p_home_win"": 1.0, ""weight"": 0.25}]",3.3226830205978923,,gssd,"{'home_advantage_points': 1.516842037237377, 'scale': 0.9288727891123237, 'error_term': 13.397475073677672, 'win_prob_k': 7.787612018051542}",1.0,4
2025-02-12,Los Angeles Clippers,Memphis Grizzlies,128,114,False,False,2025-02-12|Memphis Grizzlies|Los Angeles Clippers,,,,2025-02-12|Memphis Grizzlies|Los Angeles Clippers,0.3881750496527352,"[{""p_home_win"": 0.0, ""weight"": 0.25}, {""p_home_win"": 0.3881750496527352, ""weight"": 0.5}, {""p_home_win"": 0.7763500993054704, ""weight"": 0.25}]",-3.5432841589657897,,gssd,"{'home_advantage_points': 1.516842037237377, 'scale': 0.9288727891123237, 'error_term': 13.397475073677672, 'win_prob_k': 7.787612018051542}",1.0,14
2025-02-13,Houston Rockets,Golden State Warriors,98,105,False,False,2025-02-13|Golden State Warriors|Houston Rockets,,,,2025-02-13|Golden State Warriors|Houston Rockets,0.6694433768734472,"[{""p_home_win"": 0.3388867537468945, ""weight"": 0.25}, {""p_home_win"": 0.6694433768734472, ""weight"": 0.5}, {""p_home_win"": 1.0, ""weight"": 0.25}]",5.409343602136611,,gssd,"{'home_advantage_points': 1.5498097641756095, 'scale': 0.9263490586614488, 'error_term': 13.330276029137332, 'win_prob_k': 7.66555785413343}",0.0,-7
2025-02-13,New Orleans Pelicans,Sacramento Kings,140,133,False,False,2025-02-13|Sacramento Kings|New Orleans Pelicans,,,,2025-02-13|Sacramento Kings|New Orleans Pelicans,0.2663948250381843,"[{""p_home_win"": 0.0, ""weight"": 0.25}, {""p_home_win"": 0.2663948250381843, ""weight"": 0.5}, {""p_home_win"": 0.5327896500763686, ""weight"": 0.25}]",-7.765144659031176,,gssd,"{'home_advantage_points': 1.5498097641756095, 'scale': 0.9263490586614488, 'error_term': 13.330276029137332, 'win_prob_k': 7.66555785413343}",1.0,7
2025-02-13,Dallas Mavericks,Miami Heat,118,113,False,False,2025-02-13|Miami Heat|Dallas Mavericks,,,,2025-02-13|Miami Heat|Dallas Mavericks,0.6346089904705454,"[{""p_home_win"": 0.26921798094109084, ""weight"": 0.25}, {""p_home_win"": 0.6346089904705454, ""weight"": 0.5}, {""p_home_win"": 1.0, ""weight"": 0.25}]",4.231702277130672,,gssd,"{'home_advantage_points': 1.5498097641756095, 'scale': 0.9263490586614488, 'error_term': 13.330276029137332, 'win_prob_k': 7.66555785413343}",1.0,5
2025-02-13,Minnesota Timberwolves,Oklahoma City Thunder,116,101,False,False,2025-02-13|Oklahoma City Thunder|Minnesota Timberwolves,,,,2025-02-13|Oklahoma City Thunder|Minnesota Timberwolves,0.2800526274493284,"[{""p_home_win"": 0.0, ""weight"": 0.25}, {""p_home_win"": 0.2800526274493284, ""weight"": 0.5}, {""p_home_win"": 0.5601052548986568, ""weight"": 0.25}]",-7.2378241333764795,,gssd,"{'home_advantage_points': 1.5498097641756095, 'scale': 0.9263490586614488, 'error_term': 13.330276029137332, 'win_prob_k': 7.66555785413343}",1.0,15
2025-02-13,Utah Jazz,Los Angeles Clippers,116,120,False,False,2025-02-13|Los Angeles Clippers|Utah Jazz,,,,2025-02-13|Los Angeles Clippers|Utah Jazz,0.27696395969067117,"[{""p_home_win"": 0.0, ""weight"": 0.25}, {""p_home_win"": 0.27696395969067117, ""weight"": 0.5}, {""p_home_win"": 0.5539279193813423, ""weight"": 0.25}]",-7.355652235111389,,gssd,"{'home_advantage_points': 1.5498097641756095, 'scale': 0.9263490586614488, 'error_term': 13.330276029137332, 'win_prob_k': 7.66555785413343}",0.0,-4
2025-02-19,Los Angeles Lakers,Charlotte Hornets,97,100,False,False,2025-02-19|Charlotte Hornets|Los Angeles Lakers,,,,2025-02-19|Charlotte Hornets|Los Angeles Lakers,0.7338099043343981,"[{""p_home_win"": 0.46761980866879616, ""weight"": 0.25}, {""p_home_win"": 0.7338099043343981, ""weight"": 0.5}, {""p_home_win"": 1.0, ""weight"": 0.25}]",7.816190329631737,,gssd,"{'home_advantage_points': 1.5854796367471813, 'scale': 0.9267308582283058, 'error_term': 13.329782213926944, 'win_prob_k': 7.7079756678488796}",0.0,-3
2025-02-20,Indiana Pacers,Memphis Grizzlies,127,113,False,False,2025-02-20|Memphis Grizzlies|Indiana Pacers,,,,2025-02-20|Memphis Grizzlies|Indiana Pacers,0.34764032788279753,"[{""p_home_win"": 0.0, ""weight"": 0.25}, {""p_home_win"": 0.34764032788279753, ""weight"": 0.5}, {""p_home_win"": 0.6952806557655951, ""weight"": 0.25}]",-4.879606555224125,,gssd,"{'home_advantage_points': 1.5707483721052564, 'scale': 0.9266593587044091, 'error_term': 13.32721548881731, 'win_prob_k': 7.752450276931045}",1.0,14
2025-02-20,Philadelphia 76ers,Boston Celtics,104,124,False,False,2025-02-20|Boston Celtics|Philadelphia 76ers,,,,2025-02-20|Boston Celtics|Philadelphia 76ers,0.20811085671836332,"[{""p_home_win"": 0.0, ""weight"": 0.25}, {""p_home_win"": 0.20811085671836332, ""weight"": 0.5}, {""p_home_win"": 0.41622171343672665, ""weight"": 0.25}]",-10.359990871214004,,gssd,"{'home_advantage_points': 1.5707483721052564, 'scale': 0.9266593587044091, 'error_term': 13.32721548881731, 'win_prob_k': 7.752450276931045}",0.0,-20
2025-02-20,Atlanta Hawks,Orlando Magic,108,114,False,False,2025-02-20|Orlando Magic|Atlanta Hawks,,,,2025-02-20|Orlando Magic|Atlanta Hawks,0.5181024563229238,"[{""p_home_win"": 0.03620491264584769, ""weight"": 0.25}, {""p_home_win"": 0.5181024563229238, ""weight"": 0.5}, {""p_home_win"": 1.0, ""weight"": 0.25}]",0.5615990364997372,,gssd,"{'home_advantage_points': 1.5707483721052564, 'scale': 0.9266593587044091, 'error_term': 13.32721548881731, 'win_prob_k': 7.752450276931045}",0.0,-6
2025-02-20,Brooklyn Nets,Cleveland Cavaliers,97,110,False,False,2025-02-20|Cleveland Cavaliers|Brooklyn Nets,,,,2025-02-20|Cleveland Cavaliers|Brooklyn Nets,0.14413760948126747,"[{""p_home_win"": 0.0, ""weight"": 0.25}, {""p_home_win"": 0.14413760948126747, ""weight"": 0.5}, {""p_home_win"": 0.28827521896253494, ""weight"": 0.25}]",-13.809758612711047,,gssd,"{'home_advantage_points': 1.5707483721052564, 'scale': 0.9266593587044091, 'error_term': 13.32721548881731, 'win_prob_k': 7.752450276931045}",0.0,-13
2025-02-20,New York Knicks,Chicago Bulls,113,111,False,False,2025-02-20|Chicago Bulls|New York Knicks,,,,2025-02-20|Chicago Bulls|New York Knicks,0.8112383991963213,"[{""p_home_win"": 0.6224767983926427, ""weight"": 0.25}, {""p_home_win"": 0.8112383991963213, ""weight"": 0.5}, {""p_home_win"": 1.0, ""weight"": 0.25}]",11.303670377009837,,gssd,"{'home_advantage_points': 1.5707483721052564, 'scale': 0.9266593587044091, 'error_term': 13.32721548881731, 'win_prob_k': 7.752450276931045}",1.0,2
2025-02-20,Milwaukee Bucks,Los Angeles Clippers,116,110,False,False,2025-02-20|Los Angeles Clippers|Milwaukee Bucks,,,,2025-02-20|Los Angeles Clippers|Milwaukee Bucks,0.5216568579533372,"[{""p_home_win"": 0.04331371590667432, ""weight"": 0.25}, {""p_home_win"": 0.5216568579533372, ""weight"": 0.5}, {""p_home_win"": 1.0, ""weight"": 0.25}]",0.6719953067319502,,gssd,"{'home_advantage_points': 1.5707483721052564, 'scale': 0.9266593587044091, 'error_term': 13.32721548881731, 'win_prob_k': 7.752450276931045}",1.0,6
2025-02-20,Denver Nuggets,Charlotte Hornets,129,115,False,False,2025-02-20|Charlotte Hornets|Denver Nuggets,,,,2025-02-20|Charlotte Hornets|Denver Nuggets,0.824780904169149,"[{""p_home_win"": 0.6495618083382979, ""weight"": 0.25}, {""p_home_win"": 0.824780904169149, ""weight"": 0.5}, {""p_home_win"": 1.0, ""weight"": 0.25}]",12.009170429793409,,gssd,"{'home_advantage_points': 1.5707483721052564, 'scale': 0.9266593587044091, 'error_term': 13.32721548881731, 'win_prob_k': 7.752450276931045}",1.0,14
2025-02-20,San Antonio Spurs,Phoenix Suns,120,109,False,False,2025-02-20|Phoenix Suns|San Antonio Spurs,,,,2025-02-20|Phoenix Suns|San Antonio Spurs,0.5592490501831572,"[{""p_home_win"": 0.11849810036631436, ""weight"": 0.25}, {""p_home_win"": 0.5592490501831572, ""weight"": 0.5}, {""p_home_win"": 1.0, ""weight"": 0.25}]",1.8459741218059231,,gssd,"{'home_advantage_points': 1.5707483721052564, 'scale': 0.9266593587044091, 'error_term': 13.32721548881731, 'win_prob_k': 7.752450276931045}",1.0,11
2025-02-20,Portland Trail Blazers,Los Angeles Lakers,102,110,False,False,2025-02-20|Los Angeles Lakers|Portland Trail Blazers,,,,2025-02-20|Los Angeles Lakers|Portland Trail Blazers,0.3619084148252321,"[{""p_home_win"": 0.0, ""weight"": 0.25}, {""p_home_win"": 0.3619084148252321, ""weight"": 0.5}, {""p_home_win"": 0.7238168296504642, ""weight"": 0.25}]",-4.396341999788033,,gssd,"{'home_advantage_points': 1.5707483721052564, 'scale': 0.9266593587044091, 'error_term': 13.32721548881731, 'win_prob_k': 7.752450276931045}",0.0,-8
2025-02-21,Cleveland Cavaliers,New York Knicks,142,105,False,False,2025-02-21|New York Knicks|Cleveland Cavaliers,,,,2025-02-21|New York Knicks|Cleveland Cavaliers,0.6887264486512974,"[{""p_home_win"": 0.3774528973025948, ""weight"": 0.25}, {""p_home_win"": 0.6887264486512974, ""weight"": 0.5}, {""p_home_win"": 1.0, ""weight"": 0.25}]",6.090405768677488,,gssd,"{'home_advantage_points': 1.582713783979063, 'scale': 0.9224855896120279, 'error_term': 13.28631728031124, 'win_prob_k': 7.668874446930483}",1.0,37
2025-02-21,Orlando Magic,Memphis Grizzlies,104,105,False,False,2025-02-21|Memphis Grizzlies|Orlando Magic,,,,2025-02-21|Memphis Grizzlies|Orlando Magic,0.31186443234368716,"[{""p_home_win"": 0.0, ""weight"": 0.25}, {""p_home_win"": 0.31186443234368716, ""weight"": 0.5}, {""p_home_win"": 0.6237288646873743, ""weight"": 0.25}]",-6.0692797774720235,,gssd,"{'home_advantage_points': 1.582713783979063, 'scale': 0.9224855896120279, 'error_term': 13.28631728031124, 'win_prob_k': 7.668874446930483}",0.0,-1
2025-02-21,Washington Wizards,Milwaukee Bucks,101,104,False,False,2025-02-21|Milwaukee Bucks|Washington Wizards,,,,2025-02-21|Milwaukee Bucks|Washington Wizards,0.16706269124387774,"[{""p_home_win"": 0.0, ""weight"": 0.25}, {""p_home_win"": 0.16706269124387774, ""weight"": 0.5}, {""p_home_win"": 0.3341253824877555, ""weight"": 0.25}]",-12.320731177748604,,gssd,"{'home_advantage_points': 1.582713783979063, 'scale': 0.9224855896120279, 'error_term': 13.28631728031124, 'win_prob_k': 7.668874446930483}",0.0,-3
2025-02-21,Toronto Raptors,Miami Heat,111,120,False,False,2025-02-21|Miami Heat|Toronto Raptors,,,,2025-02-21|Miami Heat|Toronto Raptors,0.3940288493075927,"[{""p_home_win"": 0.0, ""weight"": 0.25}, {""p_home_win"": 0.3940288493075927, ""weight"": 0.5}, {""p_home_win"": 0.7880576986151854, ""weight"": 0.25}]",-3.3007468348336637,,gssd,"{'home_advantage_points': 1.582713783979063, 'scale': 0.9224855896120279, 'error_term': 13.28631728031124, 'win_prob_k': 7.668874446930483}",0.0,-9
2025-02-21,Dallas Mavericks,New Orleans Pelicans,111,103,False,False,2025-02-21|New Orleans Pelicans|Dallas Mavericks,,,,2025-02-21|New Orleans Pelicans|Dallas Mavericks,0.8248236361382041,"[{""p_home_win"": 0.6496472722764082, ""weight"": 0.25}, {""p_home_win"": 0.8248236361382041, ""weight"": 0.5}, {""p_home_win"": 1.0, ""weight"": 0.25}]",11.881972539429228,,gssd,"{'home_advantage_points': 1.582713783979063, 'scale': 0.9224855896120279, 'error_term': 13.28631728031124, 'win_prob_k': 7.668874446930483}",1.0,8
2025-02-21,San Antonio Spurs,Detroit Pistons,110,125,False,False,2025-02-21|Detroit Pistons|San Antonio Spurs,,,,2025-02-21|Detroit Pistons|San Antonio Spurs,0.4999310171419677,"[{""p_home_win"": 0.0, ""weight"": 0.25}, {""p_home_win"": 0.4999310171419677, ""weight"": 0.5}, {""p_home_win"": 0.9998620342839354, ""weight"": 0.25}]",-0.0021160835223874574,,gssd,"{'home_advantage_points': 1.582713783979063, 'scale': 0.9224855896120279, 'error_term': 13.28631728031124, 'win_prob_k': 7.668874446930483}",0.0,-15
2025-02-21,Houston Rockets,Minnesota Timberwolves,121,115,False,False,2025-02-21|Minnesota Timberwolves|Houston Rockets,,,,2025-02-21|Minnesota Timberwolves|Houston Rockets,0.5740334799518186,"[{""p_home_win"": 0.14806695990363727, ""weight"": 0.25}, {""p_home_win"": 0.5740334799518186, ""weight"": 0.5}, {""p_home_win"": 1.0, ""weight"": 0.25}]",2.2878320794871145,,gssd,"{'home_advantage_points': 1.582713783979063, 'scale': 0.9224855896120279, 'error_term': 13.28631728031124, 'win_prob_k': 7.668874446930483}",1.0,6
2025-02-21,Utah Jazz,Oklahoma City Thunder,107,130,False,False,2025-02-21|Oklahoma City Thunder|Utah Jazz,,,,2025-02-21|Oklahoma City Thunder|Utah Jazz,0.10880438800592789,"[{""p_home_win"": 0.0, ""weight"": 0.25}, {""p_home_win"": 0.10880438800592789, ""weight"": 0.5}, {""p_home_win"": 0.21760877601185577, ""weight"": 0.25}]",-16.127737142655164,,gssd,"{'home_advantage_points': 1.582713783979063, 'scale': 0.9224855896120279, 'error_term': 13.28631728031124, 'win_prob_k': 7.668874446930483}",0.0,-23
2025-02-21,Sacramento Kings,Golden State Warriors,108,132,False,False,2025-02-21|Golden State Warriors|Sacramento Kings,,,,2025-02-21|Golden State Warriors|Sacramento Kings,0.5653017540557392,"[{""p_home_win"": 0.13060350811147847, ""weight"": 0.25}, {""p_home_win"": 0.5653017540557392, ""weight"": 0.5}, {""p_home_win"": 1.0, ""weight"": 0.25}]",2.014671321971997,,gssd,"{'home_advantage_points': 1.582713783979063, 'scale': 0.9224855896120279, 'error_term': 13.28631728031124, 'win_prob_k': 7.668874446930483}",0.0,-24
2025-02-22,Chicago Bulls,Phoenix Suns,117,121,False,False,2025-02-22|Phoenix Suns|Chicago Bulls,,,,2025-02-22|Phoenix Suns|Chicago Bulls,0.46916405894769264,"[{""p_home_win"": 0.0, ""weight"": 0.25}, {""p_home_win"": 0.46916405894769264, ""weight"": 0.5}, {""p_home_win"": 0.9383281178953853, ""weight"": 0.25}]",-0.9355372918550491,,gssd,"{'home_advantage_points': 1.574104024544527, 'scale': 0.9239215512618244, 'error_term': 13.301068188477856, 'win_prob_k': 7.575170189793784}",0.0,-4
2025-02-22,Philadelphia 76ers,Brooklyn Nets,103,105,False,False,2025-02-22|Brooklyn Nets|Philadelphia 76ers,,,,2025-02-22|Brooklyn Nets|Philadelphia 76ers,0.6118367155056214,"[{""p_home_win"": 0.2236734310112427, ""weight"": 0.25}, {""p_home_win"": 0.6118367155056214, ""weight"": 0.5}, {""p_home_win"": 1.0, ""weight"": 0.25}]",3.447000555376211,,gssd,"{'home_advantage_points': 1.574104024544527, 'scale': 0.9239215512618244, 'error_term': 13.301068188477856, 'win_prob_k': 7.575170189793784}",0.0,-2
2025-02-22,Denver Nuggets,Los Angeles Lakers,100,123,False,False,2025-02-22|Los Angeles Lakers|Denver Nuggets,,,,2025-02-22|Los Angeles Lakers|Denver Nuggets,0.6894097646411794,"[{""p_home_win"": 0.37881952928235885, ""weight"": 0.25}, {""p_home_win"": 0.6894097646411794, ""weight"": 0.5}, {""p_home_win"": 1.0, ""weight"": 0.25}]",6.04014789664666,,gssd,"{'home_advantage_points': 1.574104024544527, 'scale': 0.9239215512618244, 'error_term': 13.301068188477856, 'win_prob_k': 7.575170189793784}",0.0,-23
2025-02-22,Utah Jazz,Houston Rockets,124,115,False,False,2025-02-22|Houston Rockets|Utah Jazz,,,,2025-02-22|Houston Rockets|Utah Jazz,0.23215318961888146,"[{""p_home_win"": 0.0, ""weight"": 0.25}, {""p_home_win"": 0.23215318961888146, ""weight"": 0.5}, {""p_home_win"": 0.4643063792377629, ""weight"": 0.25}]",-9.061363992511568,,gssd,"{'home_advantage_points': 1.574104024544527, 'scale': 0.9239215512618244, 'error_term': 13.301068188477856, 'win_prob_k': 7.575170189793784}",1.0,9
2025-02-22,Portland Trail Blazers,Charlotte Hornets,141,88,False,False,2025-02-22|Charlotte Hornets|Portland Trail Blazers,,,,2025-02-22|Charlotte Hornets|Portland Trail Blazers,0.5505248255106806,"[{""p_home_win"": 0.10104965102136121, ""weight"": 0.25}, {""p_home_win"": 0.5505248255106806, ""weight"": 0.5}, {""p_home_win"": 1.0, ""weight"": 0.25}]",1.5361795818145696,,gssd,"{'home_advantage_points': 1.574104024544527, 'scale': 0.9239215512618244, 'error_term': 13.301068188477856, 'win_prob_k': 7.575170189793784}",1.0,53
2025-02-23,Boston Celtics,New York Knicks,118,105,False,False,2025-02-23|New York Knicks|Boston Celtics,,,,2025-02-23|New York Knicks|Boston Celtics,0.6761374705845791,"[{""p_home_win"": 0.35227494116915814, ""weight"": 0.25}, {""p_home_win"": 0.6761374705845791, ""weight"": 0.5}, {""p_home_win"": 1.0, ""weight"": 0.25}]",5.561368657324442,,gssd,"{'home_advantage_points': 1.6144504219406217, 'scale': 0.92595228500575, 'error_term': 13.426684466764083, 'win_prob_k': 7.555414092319145}",1.0,13
2025-02-23,Golden State Warriors,Dallas Mavericks,126,102,False,False,2025-02-23|Dallas Mavericks|Golden State Warriors,,,,2025-02-23|Dallas Mavericks|Golden State Warriors,0.506707214373537,"[{""p_home_win"": 0.013414428747074103, ""weight"": 0.25}, {""p_home_win"": 0.506707214373537, ""weight"": 0.5}, {""p_home_win"": 1.0, ""weight"": 0.25}]",0.20271528790476112,,gssd,"{'home_advantage_points': 1.6144504219406217, 'scale': 0.92595228500575, 'error_term': 13.426684466764083, 'win_prob_k': 7.555414092319145}",1.0,24
2025-02-23,Indiana Pacers,Los Angeles Clippers,129,111,False,False,2025-02-23|Los Angeles Clippers|Indiana Pacers,,,,2025-02-23|Los Angeles Clippers|Indiana Pacers,0.4997903988980784,"[{""p_home_win"": 0.0, ""weight"": 0.25}, {""p_home_win"": 0.4997903988980784, ""weight"": 0.5}, {""p_home_win"": 0.9995807977961568, ""weight"": 0.25}]",-0.006334492847951179,,gssd,"{'home_advantage_points': 1.6144504219406217, 'scale': 0.92595228500575, 'error_term': 13.426684466764083, 'win_prob_k': 7.555414092319145}",1.0,18
2025-02-23,Atlanta Hawks,Detroit Pistons,143,148,False,False,2025-02-23|Detroit Pistons|Atlanta Hawks,,,,2025-02-23|Detroit Pistons|Atlanta Hawks,0.45696500221029934,"[{""p_home_win"": 0.0, ""weight"": 0.25}, {""p_home_win"": 0.45696500221029934, ""weight"": 0.5}, {""p_home_win"": 0.9139300044205987, ""weight"": 0.25}]",-1.303814872757548,,gssd,"{'home_advantage_points': 1.6144504219406217, 'scale': 0.92595228500575, 'error_term': 13.426684466764083, 'win_prob_k': 7.555414092319145}",0.0,-5
2025-02-23,Milwaukee Bucks,Miami Heat,120,113,False,False,2025-02-23|Miami Heat|Milwaukee Bucks,,,,2025-02-23|Miami Heat|Milwaukee Bucks,0.6219839971576381,"[{""p_home_win"": 0.24396799431527616, ""weight"": 0.25}, {""p_home_win"": 0.6219839971576381, ""weight"": 0.5}, {""p_home_win"": 1.0, ""weight"": 0.25}]",3.7624287452748124,,gssd,"{'home_advantage_points': 1.6144504219406217, 'scale': 0.92595228500575, 'error_term': 13.426684466764083, 'win_prob_k': 7.555414092319145}",1.0,7
2025-02-23,Orlando Magic,Washington Wizards,110,90,False,False,2025-02-23|Washington Wizards|Orlando Magic,,,,2025-02-23|Washington Wizards|Orlando Magic,0.8443622256608619,"[{""p_home_win"": 0.6887244513217239, ""weight"": 0.25}, {""p_home_win"": 0.8443622256608619, ""weight"": 0.5}, {""p_home_win"": 1.0, ""weight"": 0.25}]",12.776584752855175,,gssd,"{'home_advantage_points': 1.6144504219406217, 'scale': 0.92595228500575, 'error_term': 13.426684466764083, 'win_prob_k': 7.555414092319145}",1.0,20
2025-02-23,Toronto Raptors,Phoenix Suns,127,109,False,False,2025-02-23|Phoenix Suns|Toronto Raptors,,,,2025-02-23|Phoenix Suns|Toronto Raptors,0.42086271498317884,"[{""p_home_win"": 0.0, ""weight"": 0.25}, {""p_home_win"": 0.42086271498317884, ""weight"": 0.5}, {""p_home_win"": 0.8417254299663577, ""weight"": 0.25}]",-2.4119365152981,,gssd,"{'home_advantage_points': 1.6144504219406217, 'scale': 0.92595228500575, 'error_term': 13.426684466764083, 'win_prob_k': 7.555414092319145}",1.0,18
2025-02-23,Cleveland Cavaliers,Memphis Grizzlies,129,123,False,False,2025-02-23|Memphis Grizzlies|Cleveland Cavaliers,,,,2025-02-23|Memphis Grizzlies|Cleveland Cavaliers,0.6666626086482128,"[{""p_home_win"": 0.3333252172964256, ""weight"": 0.25}, {""p_home_win"": 0.6666626086482128, ""weight"": 0.5}, {""p_home_win"": 1.0, ""weight"": 0.25}]",5.2368760064296405,,gssd,"{'home_advantage_points': 1.6144504219406217, 'scale': 0.92595228500575, 'error_term': 13.426684466764083, 'win_prob_k': 7.555414092319145}",1.0,6
2025-02-23,New Orleans Pelicans,San Antonio Spurs,114,96,False,False,2025-02-23|San Antonio Spurs|New Orleans Pelicans,,,,2025-02-23|San Antonio Spurs|New Orleans Pelicans,0.33575970870538674,"[{""p_home_win"": 0.0, ""weight"": 0.25}, {""p_home_win"": 0.33575970870538674, ""weight"": 0.5}, {""p_home_win"": 0.6715194174107735, ""weight"": 0.25}]",-5.154667793444822,,gssd,"{'home_advantage_points': 1.6144504219406217, 'scale': 0.92595228500575, 'error_term': 13.426684466764083, 'win_prob_k': 7.555414092319145}",1.0,18
2025-02-23,Minnesota Timberwolves,Oklahoma City Thunder,123,130,False,False,2025-02-23|Oklahoma City Thunder|Minnesota Timberwolves,,,,2025-02-23|Oklahoma City Thunder|Minnesota Timberwolves,0.28635648704048805,"[{""p_home_win"": 0.0, ""weight"": 0.25}, {""p_home_win"": 0.28635648704048805, ""weight"": 0.5}, {""p_home_win"": 0.5727129740809761, ""weight"": 0.25}]",-6.899196634764059,,gssd,"{'home_advantage_points': 1.6144504219406217, 'scale': 0.92595228500575, 'error_term': 13.426684466764083, 'win_prob_k': 7.555414092319145}",0.0,-7
2025-02-24,Detroit Pistons,Los Angeles Clippers,106,97,False,False,2025-02-24|Los Angeles Clippers|Detroit Pistons,,,,2025-02-24|Los Angeles Clippers|Detroit Pistons,0.5107747885531723,"[{""p_home_win"": 0.02154957710634453, ""weight"": 0.25}, {""p_home_win"": 0.5107747885531723, ""weight"": 0.5}, {""p_home_win"": 1.0, ""weight"": 0.25}]",0.3233870408059296,,gssd,"{'home_advantage_points': 1.7335982065369313, 'scale': 0.9319283814553492, 'error_term': 13.429260691455534, 'win_prob_k': 7.502165225588374}",1.0,9
2025-02-24,Indiana Pacers,Denver Nuggets,116,125,False,False,2025-02-24|Denver Nuggets|Indiana Pacers,,,,2025-02-24|Denver Nuggets|Indiana Pacers,0.4289626961805484,"[{""p_home_win"": 0.0, ""weight"": 0.25}, {""p_home_win"": 0.4289626961805484, ""weight"": 0.5}, {""p_home_win"": 0.8579253923610968, ""weight"": 0.25}]",-2.1462537752521005,,gssd,"{'home_advantage_points': 1.7335982065369313, 'scale': 0.9319283814553492, 'error_term': 13.429260691455534, 'win_prob_k': 7.502165225588374}",0.0,-9
2025-02-24,Philadelphia 76ers,Chicago Bulls,110,142,False,False,2025-02-24|Chicago Bulls|Philadelphia 76ers,,,,2025-02-24|Chicago Bulls|Philadelphia 76ers,0.573192342332906,"[{""p_home_win"": 0.1463846846658119, ""weight"": 0.25}, {""p_home_win"": 0.573192342332906, ""weight"": 0.5}, {""p_home_win"": 1.0, ""weight"": 0.25}]",2.212297561608896,,gssd,"{'home_advantage_points': 1.7335982065369313, 'scale': 0.9319283814553492, 'error_term': 13.429260691455534, 'win_prob_k': 7.502165225588374}",0.0,-32
2025-02-24,Washington Wizards,Brooklyn Nets,107,99,False,False,2025-02-24|Brooklyn Nets|Washington Wizards,,,,2025-02-24|Brooklyn Nets|Washington Wizards,0.3360024555132143,"[{""p_home_win"": 0.0, ""weight"": 0.25}, {""p_home_win"": 0.3360024555132143, ""weight"": 0.5}, {""p_home_win"": 0.6720049110264286, ""weight"": 0.25}]",-5.110174740495701,,gssd,"{'home_advantage_points': 1.7335982065369313, 'scale': 0.9319283814553492, 'error_term': 13.429260691455534, 'win_prob_k': 7.502165225588374}",1.0,8
2025-02-24,Atlanta Hawks,Miami Heat,98,86,False,False,2025-02-24|Miami Heat|Atlanta Hawks,,,,2025-02-24|Miami Heat|Atlanta Hawks,0.4994044755660387,"[{""p_home_win"": 0.0, ""weight"": 0.25}, {""p_home_win"": 0.4994044755660387, ""weight"": 0.5}, {""p_home_win"": 0.9988089511320773, ""weight"": 0.25}]",-0.017870899248350502,,gssd,"{'home_advantage_points': 1.7335982065369313, 'scale': 0.9319283814553492, 'error_term': 13.429260691455534, 'win_prob_k': 7.502165225588374}",1.0,12
2025-02-24,Oklahoma City Thunder,Minnesota Timberwolves,128,131,False,False,2025-02-24|Minnesota Timberwolves|Oklahoma City Thunder,,,,2025-02-24|Minnesota Timberwolves|Oklahoma City Thunder,0.8005715104202735,"[{""p_home_win"": 0.601143020840547, ""weight"": 0.25}, {""p_home_win"": 0.8005715104202735, ""weight"": 0.5}, {""p_home_win"": 1.0, ""weight"": 0.25}]",10.427035408306185,,gssd,"{'home_advantage_points': 1.7335982065369313, 'scale': 0.9319283814553492, 'error_term': 13.429260691455534, 'win_prob_k': 7.502165225588374}",0.0,-3
2025-02-24,Utah Jazz,Portland Trail Blazers,112,114,False,False,2025-02-24|Portland Trail Blazers|Utah Jazz,,,,2025-02-24|Portland Trail Blazers|Utah Jazz,0.48676819712587854,"[{""p_home_win"": 0.0, ""weight"": 0.25}, {""p_home_win"": 0.48676819712587854, ""weight"": 0.5}, {""p_home_win"": 0.9735363942517571, ""weight"": 0.25}]",-0.3971614165798578,,gssd,"{'home_advantage_points': 1.7335982065369313, 'scale': 0.9319283814553492, 'error_term': 13.429260691455534, 'win_prob_k': 7.502165225588374}",0.0,-2
2025-02-24,Sacramento Kings,Charlotte Hornets,130,88,False,False,2025-02-24|Charlotte Hornets|Sacramento Kings,,,,2025-02-24|Charlotte Hornets|Sacramento Kings,0.7473058639533005,"[{""p_home_win"": 0.4946117279066009, ""weight"": 0.25}, {""p_home_win"": 0.7473058639533005, ""weight"": 0.5}, {""p_home_win"": 1.0, ""weight"": 0.25}]",8.134558358965755,,gssd,"{'home_advantage_points': 1.7335982065369313, 'scale': 0.9319283814553492, 'error_term': 13.429260691455534, 'win_prob_k': 7.502165225588374}",1.0,42
2025-02-25,Toronto Raptors,Boston Celtics,101,111,False,False,2025-02-25|Boston Celtics|Toronto Raptors,,,,2025-02-25|Boston Celtics|Toronto Raptors,0.16353297388264815,"[{""p_home_win"": 0.0, ""weight"": 0.25}, {""p_home_win"": 0.16353297388264815, ""weight"": 0.5}, {""p_home_win"": 0.3270659477652963, ""weight"": 0.25}]",-12.358061385828504,,gssd,"{'home_advantage_points': 1.7458292732829468, 'scale': 0.9375001868733536, 'error_term': 13.491284547668297, 'win_prob_k': 7.571541440370979}",0.0,-10
2025-02-25,Orlando Magic,Cleveland Cavaliers,82,122,False,False,2025-02-25|Cleveland Cavaliers|Orlando Magic,,,,2025-02-25|Cleveland Cavaliers|Orlando Magic,0.2258566480165014,"[{""p_home_win"": 0.0, ""weight"": 0.25}, {""p_home_win"": 0.2258566480165014, ""weight"": 0.5}, {""p_home_win"": 0.4517132960330028, ""weight"": 0.25}]",-9.327053057105534,,gssd,"{'home_advantage_points': 1.7458292732829468, 'scale': 0.9375001868733536, 'error_term': 13.491284547668297, 'win_prob_k': 7.571541440370979}",0.0,-40
2025-02-25,Houston Rockets,Milwaukee Bucks,100,97,False,False,2025-02-25|Milwaukee Bucks|Houston Rockets,,,,2025-02-25|Milwaukee Bucks|Houston Rockets,0.6223354338660572,"[{""p_home_win"": 0.24467086773211433, ""weight"": 0.25}, {""p_home_win"": 0.6223354338660572, ""weight"": 0.5}, {""p_home_win"": 1.0, ""weight"": 0.25}]",3.7817791522920468,,gssd,"{'home_advantage_points': 1.7458292732829468, 'scale': 0.9375001868733536, 'error_term': 13.491284547668297, 'win_prob_k': 7.571541440370979}",1.0,3
2025-02-25,Memphis Grizzlies,Phoenix Suns,151,148,False,False,2025-02-25|Phoenix Suns|Memphis Grizzlies,,,,2025-02-25|Phoenix Suns|Memphis Grizzlies,0.7926625911703922,"[{""p_home_win"": 0.5853251823407843, ""weight"": 0.25}, {""p_home_win"": 0.7926625911703922, ""weight"": 0.5}, {""p_home_win"": 1.0, ""weight"": 0.25}]",10.153817060371193,,gssd,"{'home_advantage_points': 1.7458292732829468, 'scale': 0.9375001868733536, 'error_term': 13.491284547668297, 'win_prob_k': 7.571541440370979}",1.0,3
2025-02-25,New Orleans Pelicans,San Antonio Spurs,109,103,False,False,2025-02-25|San Antonio Spurs|New Orleans Pelicans,,,,2025-02-25|San Antonio Spurs|New Orleans Pelicans,0.35609999665220815,"[{""p_home_win"": 0.0, ""weight"": 0.25}, {""p_home_win"": 0.35609999665220815, ""weight"": 0.5}, {""p_home_win"": 0.7121999933044163, ""weight"": 0.25}]",-4.484865215817402,,gssd,"{'home_advantage_points': 1.7458292732829468, 'scale': 0.9375001868733536, 'error_term': 13.491284547668297, 'win_prob_k': 7.571541440370979}",1.0,6
2025-02-25,Golden State Warriors,Charlotte Hornets,128,92,False,False,2025-02-25|Charlotte Hornets|Golden State Warriors,,,,2025-02-25|Charlotte Hornets|Golden State Warriors,0.7787730851351685,"[{""p_home_win"": 0.557546170270337, ""weight"": 0.25}, {""p_home_win"": 0.7787730851351685, ""weight"": 0.5}, {""p_home_win"": 1.0, ""weight"": 0.25}]",9.529017914208872,,gssd,"{'home_advantage_points': 1.7458292732829468, 'scale': 0.9375001868733536, 'error_term': 13.491284547668297, 'win_prob_k': 7.571541440370979}",1.0,36
2025-02-25,Los Angeles Lakers,Dallas Mavericks,107,99,False,False,2025-02-25|Dallas Mavericks|Los Angeles Lakers,,,,2025-02-25|Dallas Mavericks|Los Angeles Lakers,0.544165952929017,"[{""p_home_win"": 0.08833190585803408, ""weight"": 0.25}, {""p_home_win"": 0.544165952929017, ""weight"": 0.5}, {""p_home_win"": 1.0, ""weight"": 0.25}]",1.3411126806738345,,gssd,"{'home_advantage_points': 1.7458292732829468, 'scale': 0.9375001868733536, 'error_term': 13.491284547668297, 'win_prob_k': 7.571541440370979}",1.0,8
