date,home_team,away_team,home_score,away_score,neutral,overtime,game_id,sport,season,notes,game_id_pred,p_home_win,pred_margin,pred_total,model_id,extra,home_win,actual_margin
2024-10-23,Detroit Pistons,Indiana Pacers,109,115,False,False,2024-10-23|Indiana Pacers|Detroit Pistons,,,,2024-10-23|Indiana Pacers|Detroit Pistons,0.5044041414526746,0.012751624595318835,,elo,"{'home_advantage': 0.012751624595318835, 'scale': 0.4371633161645228, 'error_term': 8.0, 'win_prob_k': 0.72382409509597}",0.0,-6
2024-10-23,Atlanta Hawks,Brooklyn Nets,120,116,False,False,2024-10-23|Brooklyn Nets|Atlanta Hawks,,,,2024-10-23|Brooklyn Nets|Atlanta Hawks,0.5044041414526746,0.012751624595318835,,elo,"{'home_advantage': 0.012751624595318835, 'scale': 0.4371633161645228, 'error_term': 8.0, 'win_prob_k': 0.72382409509597}",1.0,4
2024-10-23,Miami Heat,Orlando Magic,97,116,False,False,2024-10-23|Orlando Magic|Miami Heat,,,,2024-10-23|Orlando Magic|Miami Heat,0.5044041414526746,0.012751624595318835,,elo,"{'home_advantage': 0.012751624595318835, 'scale': 0.4371633161645228, 'error_term': 8.0, 'win_prob_k': 0.72382409509597}",0.0,-19
2024-10-23,Philadelphia 76ers,Milwaukee Bucks,109,124,False,False,2024-10-23|Milwaukee Bucks|Philadelphia 76ers,,,,2024-10-23|Milwaukee Bucks|Philadelphia 76ers,0.5044041414526746,0.012751624595318835,,elo,"{'home_advantage': 0.012751624595318835, 'scale': 0.4371633161645228, 'error_term': 8.0, 'win_prob_k': 0.72382409509597}",0.0,-15
2024-10-23,Toronto Raptors,Cleveland Cavaliers,106,136,False,False,2024-10-23|Cleveland Cavaliers|Toronto Raptors,,,,2024-10-23|Cleveland Cavaliers|Toronto Raptors,0.5044041414526746,0.012751624595318835,,elo,"{'home_advantage': 0.012751624595318835, 'scale': 0.4371633161645228, 'error_term': 8.0, 'win_prob_k': 0.72382409509597}",0.0,-30
2024-10-23,Houston Rockets,Charlotte Hornets,105,110,False,False,2024-10-23|Charlotte Hornets|Houston Rockets,,,,2024-10-23|Charlotte Hornets|Houston Rockets,0.5044041414526746,0.012751624595318835,,elo,"{'home_advantage': 0.012751624595318835, 'scale': 0.4371633161645228, 'error_term': 8.0, 'win_prob_k': 0.72382409509597}",0.0,-5
2024-10-23,New Orleans Pelicans,Chicago Bulls,123,111,False,False,2024-10-23|Chicago Bulls|New Orleans Pelicans,,,,2024-10-23|Chicago Bulls|New Orleans Pelicans,0.5044041414526746,0.012751624595318835,,elo,"{'home_advantage': 0.012751624595318835, 'scale': 0.4371633161645228, 'error_term': 8.0, 'win_prob_k': 0.72382409509597}",1.0,12
2024-10-23,Utah Jazz,Memphis Grizzlies,124,126,False,False,2024-10-23|Memphis Grizzlies|Utah Jazz,,,,2024-10-23|Memphis Grizzlies|Utah Jazz,0.5044041414526746,0.012751624595318835,,elo,"{'home_advantage': 0.012751624595318835, 'scale': 0.4371633161645228, 'error_term': 8.0, 'win_prob_k': 0.72382409509597}",0.0,-2
2024-10-23,Los Angeles Clippers,Phoenix Suns,113,116,False,False,2024-10-23|Phoenix Suns|Los Angeles Clippers,,,,2024-10-23|Phoenix Suns|Los Angeles Clippers,0.5044041414526746,0.012751624595318835,,elo,"{'home_advantage': 0.012751624595318835, 'scale': 0.4371633161645228, 'error_term': 8.0, 'win_prob_k': 0.72382409509597}",0.0,-3
2024-10-23,Portland Trail Blazers,Golden State Warriors,104,140,False,False,2024-10-23|Golden State Warriors|Portland Trail Blazers,,,,2024-10-23|Golden State Warriors|Portland Trail Blazers,0.5044041414526746,0.012751624595318835,,elo,"{'home_advantage': 0.012751624595318835, 'scale': 0.4371633161645228, 'error_term': 8.0, 'win_prob_k': 0.72382409509597}",0.0,-36
2024-10-24,Washington Wizards,Boston Celtics,102,122,False,False,2024-10-24|Boston Celtics|Washington Wizards,,,,2024-10-24|Boston Celtics|Washington Wizards,8.322863749984421e-05,-5.212938421073101,,elo,"{'home_advantage': 0.35804105261793284, 'scale': 0.325, 'error_term': 10.735455276791944, 'win_prob_k': 0.5549318203747855}",0.0,-20
2024-10-24,Dallas Mavericks,San Antonio Spurs,120,109,False,False,2024-10-24|San Antonio Spurs|Dallas Mavericks,,,,2024-10-24|San Antonio Spurs|Dallas Mavericks,0.6559275903426849,0.35804105261793284,,elo,"{'home_advantage': 0.35804105261793284, 'scale': 0.325, 'error_term': 10.735455276791944, 'win_prob_k': 0.5549318203747855}",1.0,11
2024-10-24,Sacramento Kings,Minnesota Timberwolves,115,117,False,False,2024-10-24|Minnesota Timberwolves|Sacramento Kings,,,,2024-10-24|Minnesota Timberwolves|Sacramento Kings,0.9999770972893918,5.9290205263089675,,elo,"{'home_advantage': 0.35804105261793284, 'scale': 0.325, 'error_term': 10.735455276791944, 'win_prob_k': 0.5549318203747855}",0.0,-2
2024-10-24,Denver Nuggets,Oklahoma City Thunder,87,102,False,False,2024-10-24|Oklahoma City Thunder|Denver Nuggets,,,,2024-10-24|Oklahoma City Thunder|Denver Nuggets,0.6559275903426849,0.35804105261793284,,elo,"{'home_advantage': 0.35804105261793284, 'scale': 0.325, 'error_term': 10.735455276791944, 'win_prob_k': 0.5549318203747855}",0.0,-15
2024-10-25,Orlando Magic,Brooklyn Nets,116,101,False,False,2024-10-25|Brooklyn Nets|Orlando Magic,,,,2024-10-25|Brooklyn Nets|Orlando Magic,0.9999999999988372,13.740046295401077,,elo,"{'home_advantage': 0.7608757030301289, 'scale': 0.3244792648092737, 'error_term': 9.06696628394131, 'win_prob_k': 0.5000000508125179}",1.0,15
2024-10-25,Toronto Raptors,Philadelphia 76ers,115,107,False,False,2024-10-25|Philadelphia 76ers|Toronto Raptors,,,,2024-10-25|Philadelphia 76ers|Toronto Raptors,0.8207962165195393,0.7608757030301289,,elo,"{'home_advantage': 0.7608757030301289, 'scale': 0.3244792648092737, 'error_term': 9.06696628394131, 'win_prob_k': 0.5000000508125179}",1.0,8
2024-10-25,Atlanta Hawks,Charlotte Hornets,125,120,False,False,2024-10-25|Charlotte Hornets|Atlanta Hawks,,,,2024-10-25|Charlotte Hornets|Atlanta Hawks,0.10079916470083648,-1.0941882807819194,,elo,"{'home_advantage': 0.7608757030301289, 'scale': 0.3244792648092737, 'error_term': 9.06696628394131, 'win_prob_k': 0.5000000508125179}",1.0,5
2024-10-25,Cleveland Cavaliers,Detroit Pistons,113,101,False,False,2024-10-25|Detroit Pistons|Cleveland Cavaliers,,,,2024-10-25|Detroit Pistons|Cleveland Cavaliers,0.9999999999999716,15.595110279213124,,elo,"{'home_advantage': 0.7608757030301289, 'scale': 0.3244792648092737, 'error_term': 9.06696628394131, 'win_prob_k': 0.5000000508125179}",1.0,12
2024-10-25,New York Knicks,Indiana Pacers,123,98,False,False,2024-10-25|Indiana Pacers|New York Knicks,,,,2024-10-25|Indiana Pacers|New York Knicks,2.4396357066307924e-11,-12.21829488934082,,elo,"{'home_advantage': 0.7608757030301289, 'scale': 0.3244792648092737, 'error_term': 9.06696628394131, 'win_prob_k': 0.5000000508125179}",1.0,25
2024-10-25,Houston Rockets,Memphis Grizzlies,128,108,False,False,2024-10-25|Memphis Grizzlies|Houston Rockets,,,,2024-10-25|Memphis Grizzlies|Houston Rockets,5.970862104107806e-13,-14.073358873152866,,elo,"{'home_advantage': 0.7608757030301289, 'scale': 0.3244792648092737, 'error_term': 9.06696628394131, 'win_prob_k': 0.5000000508125179}",1.0,20
2024-10-25,Milwaukee Bucks,Chicago Bulls,122,133,False,False,2024-10-25|Chicago Bulls|Milwaukee Bucks,,,,2024-10-25|Chicago Bulls|Milwaukee Bucks,0.9999999999988372,13.740046295401077,,elo,"{'home_advantage': 0.7608757030301289, 'scale': 0.3244792648092737, 'error_term': 9.06696628394131, 'win_prob_k': 0.5000000508125179}",0.0,-11
2024-10-25,Utah Jazz,Golden State Warriors,86,127,False,False,2024-10-25|Golden State Warriors|Utah Jazz,,,,2024-10-25|Golden State Warriors|Utah Jazz,5.970862104107806e-13,-14.073358873152866,,elo,"{'home_advantage': 0.7608757030301289, 'scale': 0.3244792648092737, 'error_term': 9.06696628394131, 'win_prob_k': 0.5000000508125179}",0.0,-41
2024-10-25,Los Angeles Lakers,Phoenix Suns,123,116,False,False,2024-10-25|Phoenix Suns|Los Angeles Lakers,,,,2024-10-25|Phoenix Suns|Los Angeles Lakers,0.10079916470083648,-1.0941882807819194,,elo,"{'home_advantage': 0.7608757030301289, 'scale': 0.3244792648092737, 'error_term': 9.06696628394131, 'win_prob_k': 0.5000000508125179}",1.0,7
2024-10-25,Portland Trail Blazers,New Orleans Pelicans,103,105,False,False,2024-10-25|New Orleans Pelicans|Portland Trail Blazers,,,,2024-10-25|New Orleans Pelicans|Portland Trail Blazers,2.4396357066307924e-11,-12.21829488934082,,elo,"{'home_advantage': 0.7608757030301289, 'scale': 0.3244792648092737, 'error_term': 9.06696628394131, 'win_prob_k': 0.5000000508125179}",0.0,-2
2024-10-26,Denver Nuggets,Los Angeles Clippers,104,109,False,False,2024-10-26|Los Angeles Clippers|Denver Nuggets,,,,2024-10-26|Los Angeles Clippers|Denver Nuggets,0.5508683994365692,0.29463515460853845,,elo,"{'home_advantage': 0.29463515460853845, 'scale': 0.27236564374438177, 'error_term': 10.945701126701124, 'win_prob_k': 1.4430167284172692}",0.0,-5
2024-10-26,Washington Wizards,Cleveland Cavaliers,116,135,False,False,2024-10-26|Cleveland Cavaliers|Washington Wizards,,,,2024-10-26|Cleveland Cavaliers|Washington Wizards,1.6672902716727597e-05,-15.875650236607669,,elo,"{'home_advantage': 0.29463515460853845, 'scale': 0.27236564374438177, 'error_term': 10.945701126701124, 'win_prob_k': 1.4430167284172692}",0.0,-19
2024-10-26,Detroit Pistons,Boston Celtics,118,124,False,False,2024-10-26|Boston Celtics|Detroit Pistons,,,,2024-10-26|Boston Celtics|Detroit Pistons,6.559911850652675e-07,-20.544399192418734,,elo,"{'home_advantage': 0.29463515460853845, 'scale': 0.27236564374438177, 'error_term': 10.945701126701124, 'win_prob_k': 1.4430167284172692}",0.0,-6
2024-10-26,Charlotte Hornets,Miami Heat,106,114,False,False,2024-10-26|Miami Heat|Charlotte Hornets,,,,2024-10-26|Miami Heat|Charlotte Hornets,0.9960761849345336,7.989636340256019,,elo,"{'home_advantage': 0.29463515460853845, 'scale': 0.27236564374438177, 'error_term': 10.945701126701124, 'win_prob_k': 1.4430167284172692}",0.0,-8
2024-10-26,Memphis Grizzlies,Orlando Magic,124,111,False,False,2024-10-26|Orlando Magic|Memphis Grizzlies,,,,2024-10-26|Orlando Magic|Memphis Grizzlies,0.0017565979527872624,-9.152504134754444,,elo,"{'home_advantage': 0.29463515460853845, 'scale': 0.27236564374438177, 'error_term': 10.945701126701124, 'win_prob_k': 1.4430167284172692}",1.0,13
2024-10-26,Minnesota Timberwolves,Toronto Raptors,112,101,False,False,2024-10-26|Toronto Raptors|Minnesota Timberwolves,,,,2024-10-26|Toronto Raptors|Minnesota Timberwolves,0.9271257271126854,3.6701016716478088,,elo,"{'home_advantage': 0.29463515460853845, 'scale': 0.27236564374438177, 'error_term': 10.945701126701124, 'win_prob_k': 1.4430167284172692}",1.0,11
2024-10-26,Chicago Bulls,Oklahoma City Thunder,95,114,False,False,2024-10-26|Oklahoma City Thunder|Chicago Bulls,,,,2024-10-26|Oklahoma City Thunder|Chicago Bulls,0.06822991510379421,-3.7723386426798418,,elo,"{'home_advantage': 0.29463515460853845, 'scale': 0.27236564374438177, 'error_term': 10.945701126701124, 'win_prob_k': 1.4430167284172692}",0.0,-19
2024-10-26,San Antonio Spurs,Houston Rockets,109,106,False,False,2024-10-26|Houston Rockets|San Antonio Spurs,,,,2024-10-26|Houston Rockets|San Antonio Spurs,0.07979342825447873,-3.5284024993129206,,elo,"{'home_advantage': 0.29463515460853845, 'scale': 0.27236564374438177, 'error_term': 10.945701126701124, 'win_prob_k': 1.4430167284172692}",1.0,3
2024-10-26,Phoenix Suns,Dallas Mavericks,114,102,False,False,2024-10-26|Dallas Mavericks|Phoenix Suns,,,,2024-10-26|Dallas Mavericks|Phoenix Suns,0.11783057559365484,-2.9049894095192523,,elo,"{'home_advantage': 0.29463515460853845, 'scale': 0.27236564374438177, 'error_term': 10.945701126701124, 'win_prob_k': 1.4430167284172692}",1.0,12
2024-10-26,Los Angeles Lakers,Sacramento Kings,131,127,False,False,2024-10-26|Sacramento Kings|Los Angeles Lakers,,,,2024-10-26|Sacramento Kings|Los Angeles Lakers,0.9999867498357792,16.207224147397724,,elo,"{'home_advantage': 0.29463515460853845, 'scale': 0.27236564374438177, 'error_term': 10.945701126701124, 'win_prob_k': 1.4430167284172692}",1.0,4
2024-10-27,Indiana Pacers,Philadelphia 76ers,114,118,False,False,2024-10-27|Philadelphia 76ers|Indiana Pacers,,,,2024-10-27|Philadelphia 76ers|Indiana Pacers,0.9654722623453603,8.507814967261638,,elo,"{'home_advantage': 0.6174579262599891, 'scale': 0.1816630945711712, 'error_term': 11.523634205758524, 'win_prob_k': 2.5542440444447037}",0.0,-4
2024-10-27,Portland Trail Blazers,New Orleans Pelicans,125,103,False,False,2024-10-27|New Orleans Pelicans|Portland Trail Blazers,,,,2024-10-27|New Orleans Pelicans|Portland Trail Blazers,0.003950769367562585,-14.12467927125454,,elo,"{'home_advantage': 0.6174579262599891, 'scale': 0.1816630945711712, 'error_term': 11.523634205758524, 'win_prob_k': 2.5542440444447037}",1.0,22
2024-10-27,Brooklyn Nets,Milwaukee Bucks,115,102,False,False,2024-10-27|Milwaukee Bucks|Brooklyn Nets,,,,2024-10-27|Milwaukee Bucks|Brooklyn Nets,0.13212991925185885,-4.807742076194538,,elo,"{'home_advantage': 0.6174579262599891, 'scale': 0.1816630945711712, 'error_term': 11.523634205758524, 'win_prob_k': 2.5542440444447037}",1.0,13
2024-10-27,Oklahoma City Thunder,Atlanta Hawks,128,104,False,False,2024-10-27|Atlanta Hawks|Oklahoma City Thunder,,,,2024-10-27|Atlanta Hawks|Oklahoma City Thunder,0.7254695904139453,2.482104835252925,,elo,"{'home_advantage': 0.6174579262599891, 'scale': 0.1816630945711712, 'error_term': 11.523634205758524, 'win_prob_k': 2.5542440444447037}",1.0,24
2024-10-27,Golden State Warriors,Los Angeles Clippers,104,112,False,False,2024-10-27|Los Angeles Clippers|Golden State Warriors,,,,2024-10-27|Los Angeles Clippers|Golden State Warriors,0.9646837980128853,8.448056274837555,,elo,"{'home_advantage': 0.6174579262599891, 'scale': 0.1816630945711712, 'error_term': 11.523634205758524, 'win_prob_k': 2.5542440444447037}",0.0,-8
2024-10-28,Orlando Magic,Indiana Pacers,119,115,False,False,2024-10-28|Indiana Pacers|Orlando Magic,,,,2024-10-28|Indiana Pacers|Orlando Magic,0.9520455824559881,9.075596972459717,,elo,"{'home_advantage': 1.5586600571550946, 'scale': 0.18564907350379642, 'error_term': 12.591018158354592, 'win_prob_k': 3.0369804613333358}",1.0,4
2024-10-28,Atlanta Hawks,Washington Wizards,119,121,False,False,2024-10-28|Washington Wizards|Atlanta Hawks,,,,2024-10-28|Washington Wizards|Atlanta Hawks,0.9843813692565979,12.58387708709273,,elo,"{'home_advantage': 1.5586600571550946, 'scale': 0.18564907350379642, 'error_term': 12.591018158354592, 'win_prob_k': 3.0369804613333358}",0.0,-2
2024-10-28,Boston Celtics,Milwaukee Bucks,119,108,False,False,2024-10-28|Milwaukee Bucks|Boston Celtics,,,,2024-10-28|Milwaukee Bucks|Boston Celtics,0.9951082602389779,16.142472923959087,,elo,"{'home_advantage': 1.5586600571550946, 'scale': 0.18564907350379642, 'error_term': 12.591018158354592, 'win_prob_k': 3.0369804613333358}",1.0,11
2024-10-28,Toronto Raptors,Denver Nuggets,125,127,False,False,2024-10-28|Denver Nuggets|Toronto Raptors,,,,2024-10-28|Denver Nuggets|Toronto Raptors,0.8757779202983388,5.9313492221312725,,elo,"{'home_advantage': 1.5586600571550946, 'scale': 0.18564907350379642, 'error_term': 12.591018158354592, 'win_prob_k': 3.0369804613333358}",0.0,-2
2024-10-28,Miami Heat,Detroit Pistons,106,98,False,False,2024-10-28|Detroit Pistons|Miami Heat,,,,2024-10-28|Detroit Pistons|Miami Heat,0.982538436369132,12.23944842649438,,elo,"{'home_advantage': 1.5586600571550946, 'scale': 0.18564907350379642, 'error_term': 12.591018158354592, 'win_prob_k': 3.0369804613333358}",1.0,8
2024-10-28,New York Knicks,Cleveland Cavaliers,104,110,False,False,2024-10-28|Cleveland Cavaliers|New York Knicks,,,,2024-10-28|Cleveland Cavaliers|New York Knicks,0.05581863314802568,-8.58922012793493,,elo,"{'home_advantage': 1.5586600571550946, 'scale': 0.18564907350379642, 'error_term': 12.591018158354592, 'win_prob_k': 3.0369804613333358}",0.0,-6
2024-10-28,San Antonio Spurs,Houston Rockets,101,106,False,False,2024-10-28|Houston Rockets|San Antonio Spurs,,,,2024-10-28|Houston Rockets|San Antonio Spurs,0.8639113242226502,5.612836221712418,,elo,"{'home_advantage': 1.5586600571550946, 'scale': 0.18564907350379642, 'error_term': 12.591018158354592, 'win_prob_k': 3.0369804613333358}",0.0,-5
2024-10-28,Memphis Grizzlies,Chicago Bulls,123,126,False,False,2024-10-28|Chicago Bulls|Memphis Grizzlies,,,,2024-10-28|Chicago Bulls|Memphis Grizzlies,0.9389347477912185,8.299469269631793,,elo,"{'home_advantage': 1.5586600571550946, 'scale': 0.18564907350379642, 'error_term': 12.591018158354592, 'win_prob_k': 3.0369804613333358}",0.0,-3
2024-10-28,Dallas Mavericks,Utah Jazz,110,102,False,False,2024-10-28|Utah Jazz|Dallas Mavericks,,,,2024-10-28|Utah Jazz|Dallas Mavericks,0.957202786795154,9.437545184095217,,elo,"{'home_advantage': 1.5586600571550946, 'scale': 0.18564907350379642, 'error_term': 12.591018158354592, 'win_prob_k': 3.0369804613333358}",1.0,8
2024-10-28,Sacramento Kings,Portland Trail Blazers,111,98,False,False,2024-10-28|Portland Trail Blazers|Sacramento Kings,,,,2024-10-28|Portland Trail Blazers|Sacramento Kings,0.38401912853781817,-1.4350447736321619,,elo,"{'home_advantage': 1.5586600571550946, 'scale': 0.18564907350379642, 'error_term': 12.591018158354592, 'win_prob_k': 3.0369804613333358}",1.0,13
2024-10-28,Phoenix Suns,Los Angeles Lakers,109,105,False,False,2024-10-28|Los Angeles Lakers|Phoenix Suns,,,,2024-10-28|Los Angeles Lakers|Phoenix Suns,0.2617389556580679,-3.1491963611131517,,elo,"{'home_advantage': 1.5586600571550946, 'scale': 0.18564907350379642, 'error_term': 12.591018158354592, 'win_prob_k': 3.0369804613333358}",1.0,4
2024-10-29,Brooklyn Nets,Denver Nuggets,139,144,False,False,2024-10-29|Denver Nuggets|Brooklyn Nets,,,,2024-10-29|Denver Nuggets|Brooklyn Nets,0.6858383106301689,2.573566038823584,,elo,"{'home_advantage': 1.2611875293876444, 'scale': 0.15785587629198156, 'error_term': 11.148006767967992, 'win_prob_k': 3.2963412183305834}",0.0,-5
2024-10-29,Minnesota Timberwolves,Dallas Mavericks,114,120,False,False,2024-10-29|Dallas Mavericks|Minnesota Timberwolves,,,,2024-10-29|Dallas Mavericks|Minnesota Timberwolves,0.6927439437591756,2.6798561280608464,,elo,"{'home_advantage': 1.2611875293876444, 'scale': 0.15785587629198156, 'error_term': 11.148006767967992, 'win_prob_k': 3.2963412183305834}",0.0,-6
2024-10-29,Utah Jazz,Sacramento Kings,96,113,False,False,2024-10-29|Sacramento Kings|Utah Jazz,,,,2024-10-29|Sacramento Kings|Utah Jazz,0.1905731048986051,-4.767467274395849,,elo,"{'home_advantage': 1.2611875293876444, 'scale': 0.15785587629198156, 'error_term': 11.148006767967992, 'win_prob_k': 3.2963412183305834}",0.0,-17
2024-10-29,Golden State Warriors,New Orleans Pelicans,124,106,False,False,2024-10-29|New Orleans Pelicans|Golden State Warriors,,,,2024-10-29|New Orleans Pelicans|Golden State Warriors,0.6167047086909218,1.5676892172537547,,elo,"{'home_advantage': 1.2611875293876444, 'scale': 0.15785587629198156, 'error_term': 11.148006767967992, 'win_prob_k': 3.2963412183305834}",1.0,18
2024-10-30,Philadelphia 76ers,Detroit Pistons,95,105,False,False,2024-10-30|Detroit Pistons|Philadelphia 76ers,,,,2024-10-30|Detroit Pistons|Philadelphia 76ers,0.9500088481831986,9.985742213865024,,elo,"{'home_advantage': 1.0903280936367044, 'scale': 0.1611092935459096, 'error_term': 10.611301261390853, 'win_prob_k': 3.3911758849994187}",0.0,-10
2024-10-30,Washington Wizards,Atlanta Hawks,133,120,False,False,2024-10-30|Atlanta Hawks|Washington Wizards,,,,2024-10-30|Atlanta Hawks|Washington Wizards,0.4949364620048049,-0.06868773998403865,,elo,"{'home_advantage': 1.0903280936367044, 'scale': 0.1611092935459096, 'error_term': 10.611301261390853, 'win_prob_k': 3.3911758849994187}",1.0,13
2024-10-30,Indiana Pacers,Boston Celtics,135,132,False,False,2024-10-30|Boston Celtics|Indiana Pacers,,,,2024-10-30|Boston Celtics|Indiana Pacers,0.008418072270143235,-16.17224894018296,,elo,"{'home_advantage': 1.0903280936367044, 'scale': 0.1611092935459096, 'error_term': 10.611301261390853, 'win_prob_k': 3.3911758849994187}",1.0,3
2024-10-30,Cleveland Cavaliers,Los Angeles Lakers,134,110,False,False,2024-10-30|Los Angeles Lakers|Cleveland Cavaliers,,,,2024-10-30|Los Angeles Lakers|Cleveland Cavaliers,0.9269114745644478,8.614219814860657,,elo,"{'home_advantage': 1.0903280936367044, 'scale': 0.1611092935459096, 'error_term': 10.611301261390853, 'win_prob_k': 3.3911758849994187}",1.0,24
2024-10-30,Charlotte Hornets,Toronto Raptors,138,133,False,False,2024-10-30|Toronto Raptors|Charlotte Hornets,,,,2024-10-30|Toronto Raptors|Charlotte Hornets,0.8345845627499074,5.488529864793219,,elo,"{'home_advantage': 1.0903280936367044, 'scale': 0.1611092935459096, 'error_term': 10.611301261390853, 'win_prob_k': 3.3911758849994187}",1.0,5
2024-10-30,Miami Heat,New York Knicks,107,116,False,False,2024-10-30|New York Knicks|Miami Heat,,,,2024-10-30|New York Knicks|Miami Heat,0.8687854401595752,6.410212083158451,,elo,"{'home_advantage': 1.0903280936367044, 'scale': 0.1611092935459096, 'error_term': 10.611301261390853, 'win_prob_k': 3.3911758849994187}",0.0,-9
2024-10-30,Chicago Bulls,Orlando Magic,102,99,False,False,2024-10-30|Orlando Magic|Chicago Bulls,,,,2024-10-30|Orlando Magic|Chicago Bulls,0.31834579513082684,-2.581988078129802,,elo,"{'home_advantage': 1.0903280936367044, 'scale': 0.1611092935459096, 'error_term': 10.611301261390853, 'win_prob_k': 3.3911758849994187}",1.0,3
2024-10-30,Memphis Grizzlies,Brooklyn Nets,106,119,False,False,2024-10-30|Brooklyn Nets|Memphis Grizzlies,,,,2024-10-30|Brooklyn Nets|Memphis Grizzlies,0.8735416330128183,6.553931153951012,,elo,"{'home_advantage': 1.0903280936367044, 'scale': 0.1611092935459096, 'error_term': 10.611301261390853, 'win_prob_k': 3.3911758849994187}",0.0,-13
2024-10-30,Oklahoma City Thunder,San Antonio Spurs,105,93,False,False,2024-10-30|San Antonio Spurs|Oklahoma City Thunder,,,,2024-10-30|San Antonio Spurs|Oklahoma City Thunder,0.987211084668176,14.739084960686304,,elo,"{'home_advantage': 1.0903280936367044, 'scale': 0.1611092935459096, 'error_term': 10.611301261390853, 'win_prob_k': 3.3911758849994187}",1.0,12
2024-10-30,Golden State Warriors,New Orleans Pelicans,104,89,False,False,2024-10-30|New Orleans Pelicans|Golden State Warriors,,,,2024-10-30|New Orleans Pelicans|Golden State Warriors,0.8841260841844004,6.891198390847628,,elo,"{'home_advantage': 1.0903280936367044, 'scale': 0.1611092935459096, 'error_term': 10.611301261390853, 'win_prob_k': 3.3911758849994187}",1.0,15
2024-10-30,Los Angeles Clippers,Portland Trail Blazers,105,106,False,False,2024-10-30|Portland Trail Blazers|Los Angeles Clippers,,,,2024-10-30|Portland Trail Blazers|Los Angeles Clippers,0.9679087443841701,11.552224549610033,,elo,"{'home_advantage': 1.0903280936367044, 'scale': 0.1611092935459096, 'error_term': 10.611301261390853, 'win_prob_k': 3.3911758849994187}",0.0,-1
2024-10-31,Memphis Grizzlies,Milwaukee Bucks,122,99,False,False,2024-10-31|Milwaukee Bucks|Memphis Grizzlies,,,,2024-10-31|Milwaukee Bucks|Memphis Grizzlies,0.6114472644499059,2.2604287827379292,,elo,"{'home_advantage': 1.1379448124934506, 'scale': 0.17037351310753115, 'error_term': 10.045868042587301, 'win_prob_k': 4.9855088915064805}",1.0,23
2024-10-31,Dallas Mavericks,Houston Rockets,102,108,False,False,2024-10-31|Houston Rockets|Dallas Mavericks,,,,2024-10-31|Houston Rockets|Dallas Mavericks,0.8031343481642754,7.009627904673229,,elo,"{'home_advantage': 1.1379448124934506, 'scale': 0.17037351310753115, 'error_term': 10.045868042587301, 'win_prob_k': 4.9855088915064805}",0.0,-6
2024-10-31,Utah Jazz,San Antonio Spurs,88,106,False,False,2024-10-31|San Antonio Spurs|Utah Jazz,,,,2024-10-31|San Antonio Spurs|Utah Jazz,0.22605947138274313,-6.135650446680659,,elo,"{'home_advantage': 1.1379448124934506, 'scale': 0.17037351310753115, 'error_term': 10.045868042587301, 'win_prob_k': 4.9855088915064805}",0.0,-18
2024-10-31,Los Angeles Clippers,Phoenix Suns,119,125,False,False,2024-10-31|Phoenix Suns|Los Angeles Clippers,,,,2024-10-31|Phoenix Suns|Los Angeles Clippers,0.2246106733941748,-6.177029050234623,,elo,"{'home_advantage': 1.1379448124934506, 'scale': 0.17037351310753115, 'error_term': 10.045868042587301, 'win_prob_k': 4.9855088915064805}",0.0,-6
2024-11-01,Charlotte Hornets,Boston Celtics,109,124,False,False,2024-11-01|Boston Celtics|Charlotte Hornets,,,,2024-11-01|Boston Celtics|Charlotte Hornets,0.214609332360115,-6.901138135456634,,elo,"{'home_advantage': 1.2463198075000952, 'scale': 0.16108873000777676, 'error_term': 10.194167906410469, 'win_prob_k': 5.319362242096609}",0.0,-15
2024-11-01,Cleveland Cavaliers,Orlando Magic,120,109,False,False,2024-11-01|Orlando Magic|Cleveland Cavaliers,,,,2024-11-01|Orlando Magic|Cleveland Cavaliers,0.9268409434061838,13.50663757461899,,elo,"{'home_advantage': 1.2463198075000952, 'scale': 0.16108873000777676, 'error_term': 10.194167906410469, 'win_prob_k': 5.319362242096609}",1.0,11
2024-11-01,Detroit Pistons,New York Knicks,98,128,False,False,2024-11-01|New York Knicks|Detroit Pistons,,,,2024-11-01|New York Knicks|Detroit Pistons,0.21082054651696863,-7.0214861249400595,,elo,"{'home_advantage': 1.2463198075000952, 'scale': 0.16108873000777676, 'error_term': 10.194167906410469, 'win_prob_k': 5.319362242096609}",0.0,-30
2024-11-01,Atlanta Hawks,Sacramento Kings,115,123,False,False,2024-11-01|Sacramento Kings|Atlanta Hawks,,,,2024-11-01|Sacramento Kings|Atlanta Hawks,0.36116894484663875,-3.033601380455371,,elo,"{'home_advantage': 1.2463198075000952, 'scale': 0.16108873000777676, 'error_term': 10.194167906410469, 'win_prob_k': 5.319362242096609}",0.0,-8
2024-11-01,Brooklyn Nets,Chicago Bulls,120,112,False,False,2024-11-01|Chicago Bulls|Brooklyn Nets,,,,2024-11-01|Chicago Bulls|Brooklyn Nets,0.2672742640626925,-5.364556224221145,,elo,"{'home_advantage': 1.2463198075000952, 'scale': 0.16108873000777676, 'error_term': 10.194167906410469, 'win_prob_k': 5.319362242096609}",1.0,8
2024-11-01,Toronto Raptors,Los Angeles Lakers,125,131,False,False,2024-11-01|Los Angeles Lakers|Toronto Raptors,,,,2024-11-01|Los Angeles Lakers|Toronto Raptors,0.10827824350307295,-11.21560883491479,,elo,"{'home_advantage': 1.2463198075000952, 'scale': 0.16108873000777676, 'error_term': 10.194167906410469, 'win_prob_k': 5.319362242096609}",0.0,-6
2024-11-01,New Orleans Pelicans,Indiana Pacers,125,118,False,False,2024-11-01|Indiana Pacers|New Orleans Pelicans,,,,2024-11-01|Indiana Pacers|New Orleans Pelicans,0.5374002646234386,0.7972713898349173,,elo,"{'home_advantage': 1.2463198075000952, 'scale': 0.16108873000777676, 'error_term': 10.194167906410469, 'win_prob_k': 5.319362242096609}",1.0,7
2024-11-01,Minnesota Timberwolves,Denver Nuggets,119,116,False,False,2024-11-01|Denver Nuggets|Minnesota Timberwolves,,,,2024-11-01|Denver Nuggets|Minnesota Timberwolves,0.5431641713804707,0.9207152527323783,,elo,"{'home_advantage': 1.2463198075000952, 'scale': 0.16108873000777676, 'error_term': 10.194167906410469, 'win_prob_k': 5.319362242096609}",1.0,3
2024-11-01,Portland Trail Blazers,Oklahoma City Thunder,114,137,False,False,2024-11-01|Oklahoma City Thunder|Portland Trail Blazers,,,,2024-11-01|Oklahoma City Thunder|Portland Trail Blazers,0.08230840639872702,-12.827046989247838,,elo,"{'home_advantage': 1.2463198075000952, 'scale': 0.16108873000777676, 'error_term': 10.194167906410469, 'win_prob_k': 5.319362242096609}",0.0,-23
2024-11-02,Charlotte Hornets,Boston Celtics,103,113,False,False,2024-11-02|Boston Celtics|Charlotte Hornets,,,,2024-11-02|Boston Celtics|Charlotte Hornets,0.09001331753673325,-11.78996082852076,,elo,"{'home_advantage': 1.0628473641422465, 'scale': 0.1420027626687624, 'error_term': 9.967436264577797, 'win_prob_k': 5.0962186414333335}",0.0,-10
2024-11-02,Philadelphia 76ers,Memphis Grizzlies,107,124,False,False,2024-11-02|Memphis Grizzlies|Philadelphia 76ers,,,,2024-11-02|Memphis Grizzlies|Philadelphia 76ers,0.3480218327531731,-3.199130153535453,,elo,"{'home_advantage': 1.0628473641422465, 'scale': 0.1420027626687624, 'error_term': 9.967436264577797, 'win_prob_k': 5.0962186414333335}",0.0,-17
2024-11-02,Toronto Raptors,Sacramento Kings,131,128,False,False,2024-11-02|Sacramento Kings|Toronto Raptors,,,,2024-11-02|Sacramento Kings|Toronto Raptors,0.065802189314434,-13.520446905037822,,elo,"{'home_advantage': 1.0628473641422465, 'scale': 0.1420027626687624, 'error_term': 9.967436264577797, 'win_prob_k': 5.0962186414333335}",1.0,3
2024-11-02,Houston Rockets,Golden State Warriors,121,127,False,False,2024-11-02|Golden State Warriors|Houston Rockets,,,,2024-11-02|Golden State Warriors|Houston Rockets,0.3985945757032785,-2.0961995369179567,,elo,"{'home_advantage': 1.0628473641422465, 'scale': 0.1420027626687624, 'error_term': 9.967436264577797, 'win_prob_k': 5.0962186414333335}",0.0,-6
2024-11-02,Milwaukee Bucks,Cleveland Cavaliers,113,114,False,False,2024-11-02|Cleveland Cavaliers|Milwaukee Bucks,,,,2024-11-02|Cleveland Cavaliers|Milwaukee Bucks,0.016120720430345136,-20.952582000493447,,elo,"{'home_advantage': 1.0628473641422465, 'scale': 0.1420027626687624, 'error_term': 9.967436264577797, 'win_prob_k': 5.0962186414333335}",0.0,-1
2024-11-02,San Antonio Spurs,Minnesota Timberwolves,113,103,False,False,2024-11-02|Minnesota Timberwolves|San Antonio Spurs,,,,2024-11-02|Minnesota Timberwolves|San Antonio Spurs,0.3325468383006233,-3.550476925197059,,elo,"{'home_advantage': 1.0628473641422465, 'scale': 0.1420027626687624, 'error_term': 9.967436264577797, 'win_prob_k': 5.0962186414333335}",1.0,10
2024-11-02,Washington Wizards,Miami Heat,98,118,False,False,2024-11-02|Miami Heat|Washington Wizards,,,,2024-11-02|Miami Heat|Washington Wizards,0.6287076602188536,2.684059358535884,,elo,"{'home_advantage': 1.0628473641422465, 'scale': 0.1420027626687624, 'error_term': 9.967436264577797, 'win_prob_k': 5.0962186414333335}",0.0,-20
2024-11-02,Denver Nuggets,Utah Jazz,129,103,False,False,2024-11-02|Utah Jazz|Denver Nuggets,,,,2024-11-02|Utah Jazz|Denver Nuggets,0.9266336720506744,12.924485588017482,,elo,"{'home_advantage': 1.0628473641422465, 'scale': 0.1420027626687624, 'error_term': 9.967436264577797, 'win_prob_k': 5.0962186414333335}",1.0,26
2024-11-02,Phoenix Suns,Portland Trail Blazers,103,97,False,False,2024-11-02|Portland Trail Blazers|Phoenix Suns,,,,2024-11-02|Portland Trail Blazers|Phoenix Suns,0.943220496380538,14.321009732266146,,elo,"{'home_advantage': 1.0628473641422465, 'scale': 0.1420027626687624, 'error_term': 9.967436264577797, 'win_prob_k': 5.0962186414333335}",1.0,6
2024-11-02,Los Angeles Clippers,Oklahoma City Thunder,92,105,False,False,2024-11-02|Oklahoma City Thunder|Los Angeles Clippers,,,,2024-11-02|Oklahoma City Thunder|Los Angeles Clippers,0.04959607644307757,-15.049008027839747,,elo,"{'home_advantage': 1.0628473641422465, 'scale': 0.1420027626687624, 'error_term': 9.967436264577797, 'win_prob_k': 5.0962186414333335}",0.0,-13
2024-11-03,Brooklyn Nets,Detroit Pistons,92,106,False,False,2024-11-03|Detroit Pistons|Brooklyn Nets,,,,2024-11-03|Detroit Pistons|Brooklyn Nets,0.8792733767688169,9.66149197346113,,elo,"{'home_advantage': 1.1252719228864438, 'scale': 0.11909998918309898, 'error_term': 10.057749026723204, 'win_prob_k': 4.865860025710832}",0.0,-14
2024-11-03,New Orleans Pelicans,Atlanta Hawks,111,126,False,False,2024-11-03|Atlanta Hawks|New Orleans Pelicans,,,,2024-11-03|Atlanta Hawks|New Orleans Pelicans,0.8031503122383841,6.841892854954876,,elo,"{'home_advantage': 1.1252719228864438, 'scale': 0.11909998918309898, 'error_term': 10.057749026723204, 'win_prob_k': 4.865860025710832}",0.0,-15
2024-11-03,Dallas Mavericks,Orlando Magic,108,85,False,False,2024-11-03|Orlando Magic|Dallas Mavericks,,,,2024-11-03|Orlando Magic|Dallas Mavericks,0.6204672985782722,2.3917265848148768,,elo,"{'home_advantage': 1.1252719228864438, 'scale': 0.11909998918309898, 'error_term': 10.057749026723204, 'win_prob_k': 4.865860025710832}",1.0,23
2024-11-04,Cleveland Cavaliers,Milwaukee Bucks,116,114,False,False,2024-11-04|Milwaukee Bucks|Cleveland Cavaliers,,,,2024-11-04|Milwaukee Bucks|Cleveland Cavaliers,0.9900252502780188,22.88541721954867,,elo,"{'home_advantage': 0.7716957719965416, 'scale': 0.12064354641769062, 'error_term': 10.397775216900303, 'win_prob_k': 4.977608096844245}",1.0,2
2024-11-04,Washington Wizards,Golden State Warriors,112,125,False,False,2024-11-04|Golden State Warriors|Washington Wizards,,,,2024-11-04|Golden State Warriors|Washington Wizards,0.10955688469454007,-10.429459357613784,,elo,"{'home_advantage': 0.7716957719965416, 'scale': 0.12064354641769062, 'error_term': 10.397775216900303, 'win_prob_k': 4.977608096844245}",0.0,-13
2024-11-04,Detroit Pistons,Los Angeles Lakers,115,103,False,False,2024-11-04|Los Angeles Lakers|Detroit Pistons,,,,2024-11-04|Los Angeles Lakers|Detroit Pistons,0.1724443518635636,-7.806889334326157,,elo,"{'home_advantage': 0.7716957719965416, 'scale': 0.12064354641769062, 'error_term': 10.397775216900303, 'win_prob_k': 4.977608096844245}",1.0,12
2024-11-04,Atlanta Hawks,Boston Celtics,93,123,False,False,2024-11-04|Boston Celtics|Atlanta Hawks,,,,2024-11-04|Boston Celtics|Atlanta Hawks,0.08162214272665956,-12.04834187711387,,elo,"{'home_advantage': 0.7716957719965416, 'scale': 0.12064354641769062, 'error_term': 10.397775216900303, 'win_prob_k': 4.977608096844245}",0.0,-30
2024-11-04,Brooklyn Nets,Memphis Grizzlies,106,104,False,False,2024-11-04|Memphis Grizzlies|Brooklyn Nets,,,,2024-11-04|Memphis Grizzlies|Brooklyn Nets,0.36298194352641716,-2.799630341064269,,elo,"{'home_advantage': 0.7716957719965416, 'scale': 0.12064354641769062, 'error_term': 10.397775216900303, 'win_prob_k': 4.977608096844245}",1.0,2
2024-11-04,Miami Heat,Sacramento Kings,110,111,False,False,2024-11-04|Sacramento Kings|Miami Heat,,,,2024-11-04|Sacramento Kings|Miami Heat,0.62727108677829,2.590981506850981,,elo,"{'home_advantage': 0.7716957719965416, 'scale': 0.12064354641769062, 'error_term': 10.397775216900303, 'win_prob_k': 4.977608096844245}",0.0,-1
2024-11-04,Chicago Bulls,Utah Jazz,126,135,False,False,2024-11-04|Utah Jazz|Chicago Bulls,,,,2024-11-04|Utah Jazz|Chicago Bulls,0.9567997355548173,15.419372989017866,,elo,"{'home_advantage': 0.7716957719965416, 'scale': 0.12064354641769062, 'error_term': 10.397775216900303, 'win_prob_k': 4.977608096844245}",0.0,-9
2024-11-04,Houston Rockets,New York Knicks,109,97,False,False,2024-11-04|New York Knicks|Houston Rockets,,,,2024-11-04|New York Knicks|Houston Rockets,0.412685174370317,-1.7564784014695158,,elo,"{'home_advantage': 0.7716957719965416, 'scale': 0.12064354641769062, 'error_term': 10.397775216900303, 'win_prob_k': 4.977608096844245}",1.0,12
2024-11-04,Minnesota Timberwolves,Charlotte Hornets,114,93,False,False,2024-11-04|Charlotte Hornets|Minnesota Timberwolves,,,,2024-11-04|Charlotte Hornets|Minnesota Timberwolves,0.7506814377835567,5.486568189382158,,elo,"{'home_advantage': 0.7716957719965416, 'scale': 0.12064354641769062, 'error_term': 10.397775216900303, 'win_prob_k': 4.977608096844245}",1.0,21
2024-11-04,Oklahoma City Thunder,Orlando Magic,102,86,False,False,2024-11-04|Orlando Magic|Oklahoma City Thunder,,,,2024-11-04|Orlando Magic|Oklahoma City Thunder,0.9581095845998048,15.579441012921272,,elo,"{'home_advantage': 0.7716957719965416, 'scale': 0.12064354641769062, 'error_term': 10.397775216900303, 'win_prob_k': 4.977608096844245}",1.0,16
2024-11-04,New Orleans Pelicans,Portland Trail Blazers,100,118,False,False,2024-11-04|Portland Trail Blazers|New Orleans Pelicans,,,,2024-11-04|Portland Trail Blazers|New Orleans Pelicans,0.6487133910410832,3.0532078771150473,,elo,"{'home_advantage': 0.7716957719965416, 'scale': 0.12064354641769062, 'error_term': 10.397775216900303, 'win_prob_k': 4.977608096844245}",0.0,-18
2024-11-04,Dallas Mavericks,Indiana Pacers,127,134,False,False,2024-11-04|Indiana Pacers|Dallas Mavericks,,,,2024-11-04|Indiana Pacers|Dallas Mavericks,0.833435992228333,8.014831260547943,,elo,"{'home_advantage': 0.7716957719965416, 'scale': 0.12064354641769062, 'error_term': 10.397775216900303, 'win_prob_k': 4.977608096844245}",0.0,-7
2024-11-04,Denver Nuggets,Toronto Raptors,121,119,False,False,2024-11-04|Toronto Raptors|Denver Nuggets,,,,2024-11-04|Toronto Raptors|Denver Nuggets,0.8142234512253597,7.3553628912923354,,elo,"{'home_advantage': 0.7716957719965416, 'scale': 0.12064354641769062, 'error_term': 10.397775216900303, 'win_prob_k': 4.977608096844245}",1.0,2
2024-11-04,Phoenix Suns,Philadelphia 76ers,118,116,False,False,2024-11-04|Philadelphia 76ers|Phoenix Suns,,,,2024-11-04|Philadelphia 76ers|Phoenix Suns,0.9693793568018326,17.19754454856587,,elo,"{'home_advantage': 0.7716957719965416, 'scale': 0.12064354641769062, 'error_term': 10.397775216900303, 'win_prob_k': 4.977608096844245}",1.0,2
2024-11-04,Los Angeles Clippers,San Antonio Spurs,113,104,False,False,2024-11-04|San Antonio Spurs|Los Angeles Clippers,,,,2024-11-04|San Antonio Spurs|Los Angeles Clippers,0.29944654031987483,-4.230642213497157,,elo,"{'home_advantage': 0.7716957719965416, 'scale': 0.12064354641769062, 'error_term': 10.397775216900303, 'win_prob_k': 4.977608096844245}",1.0,9
2024-11-06,Charlotte Hornets,Detroit Pistons,108,107,False,False,2024-11-06|Detroit Pistons|Charlotte Hornets,,,,2024-11-06|Detroit Pistons|Charlotte Hornets,0.3269555097928547,-3.8319475258404854,,elo,"{'home_advantage': 0.27883581517328876, 'scale': 0.10282528181995222, 'error_term': 10.778893678893315, 'win_prob_k': 5.30749969291595}",1.0,1
2024-11-06,Indiana Pacers,Orlando Magic,118,111,False,False,2024-11-06|Orlando Magic|Indiana Pacers,,,,2024-11-06|Orlando Magic|Indiana Pacers,0.6111101249294822,2.398888881226849,,elo,"{'home_advantage': 0.27883581517328876, 'scale': 0.10282528181995222, 'error_term': 10.778893678893315, 'win_prob_k': 5.30749969291595}",1.0,7
2024-11-06,Atlanta Hawks,New York Knicks,121,116,False,False,2024-11-06|New York Knicks|Atlanta Hawks,,,,2024-11-06|New York Knicks|Atlanta Hawks,0.29744001330001446,-4.56189268443067,,elo,"{'home_advantage': 0.27883581517328876, 'scale': 0.10282528181995222, 'error_term': 10.778893678893315, 'win_prob_k': 5.30749969291595}",1.0,5
2024-11-06,Boston Celtics,Golden State Warriors,112,118,False,False,2024-11-06|Golden State Warriors|Boston Celtics,,,,2024-11-06|Golden State Warriors|Boston Celtics,0.5727109258730515,1.554674531189234,,elo,"{'home_advantage': 0.27883581517328876, 'scale': 0.10282528181995222, 'error_term': 10.778893678893315, 'win_prob_k': 5.30749969291595}",0.0,-6
2024-11-06,Houston Rockets,San Antonio Spurs,127,100,False,False,2024-11-06|San Antonio Spurs|Houston Rockets,,,,2024-11-06|San Antonio Spurs|Houston Rockets,0.6979913197955825,4.446362684304539,,elo,"{'home_advantage': 0.27883581517328876, 'scale': 0.10282528181995222, 'error_term': 10.778893678893315, 'win_prob_k': 5.30749969291595}",1.0,27
2024-11-06,Memphis Grizzlies,Los Angeles Lakers,131,114,False,False,2024-11-06|Los Angeles Lakers|Memphis Grizzlies,,,,2024-11-06|Los Angeles Lakers|Memphis Grizzlies,0.41277127851660056,-1.8710037946750195,,elo,"{'home_advantage': 0.27883581517328876, 'scale': 0.10282528181995222, 'error_term': 10.778893678893315, 'win_prob_k': 5.30749969291595}",1.0,17
2024-11-06,New Orleans Pelicans,Cleveland Cavaliers,122,131,False,False,2024-11-06|Cleveland Cavaliers|New Orleans Pelicans,,,,2024-11-06|Cleveland Cavaliers|New Orleans Pelicans,0.034251158478906744,-17.722714942504677,,elo,"{'home_advantage': 0.27883581517328876, 'scale': 0.10282528181995222, 'error_term': 10.778893678893315, 'win_prob_k': 5.30749969291595}",0.0,-9
2024-11-06,Dallas Mavericks,Chicago Bulls,119,99,False,False,2024-11-06|Chicago Bulls|Dallas Mavericks,,,,2024-11-06|Chicago Bulls|Dallas Mavericks,0.6199485393291274,2.5971178011441243,,elo,"{'home_advantage': 0.27883581517328876, 'scale': 0.10282528181995222, 'error_term': 10.778893678893315, 'win_prob_k': 5.30749969291595}",1.0,20
2024-11-06,Denver Nuggets,Oklahoma City Thunder,124,122,False,False,2024-11-06|Oklahoma City Thunder|Denver Nuggets,,,,2024-11-06|Oklahoma City Thunder|Denver Nuggets,0.11559570356967458,-10.799782735828543,,elo,"{'home_advantage': 0.27883581517328876, 'scale': 0.10282528181995222, 'error_term': 10.778893678893315, 'win_prob_k': 5.30749969291595}",1.0,2
2024-11-06,Phoenix Suns,Miami Heat,115,112,False,False,2024-11-06|Miami Heat|Phoenix Suns,,,,2024-11-06|Miami Heat|Phoenix Suns,0.8666649489563474,9.93451058460872,,elo,"{'home_advantage': 0.27883581517328876, 'scale': 0.10282528181995222, 'error_term': 10.778893678893315, 'win_prob_k': 5.30749969291595}",1.0,3
2024-11-06,Los Angeles Clippers,Philadelphia 76ers,110,98,False,False,2024-11-06|Philadelphia 76ers|Los Angeles Clippers,,,,2024-11-06|Philadelphia 76ers|Los Angeles Clippers,0.7483575827911234,5.78449432410361,,elo,"{'home_advantage': 0.27883581517328876, 'scale': 0.10282528181995222, 'error_term': 10.778893678893315, 'win_prob_k': 5.30749969291595}",1.0,12
2024-11-06,Sacramento Kings,Toronto Raptors,122,107,False,False,2024-11-06|Toronto Raptors|Sacramento Kings,,,,2024-11-06|Toronto Raptors|Sacramento Kings,0.8680725179691496,9.999450772919912,,elo,"{'home_advantage': 0.27883581517328876, 'scale': 0.10282528181995222, 'error_term': 10.778893678893315, 'win_prob_k': 5.30749969291595}",1.0,15
2024-11-07,Chicago Bulls,Minnesota Timberwolves,119,135,False,False,2024-11-07|Minnesota Timberwolves|Chicago Bulls,,,,2024-11-07|Minnesota Timberwolves|Chicago Bulls,0.32703789151402674,-3.89533876658003,,elo,"{'home_advantage': 0.5654530598824042, 'scale': 0.09237740060062742, 'error_term': 10.966233493207923, 'win_prob_k': 5.398099599091086}",0.0,-16
2024-11-07,Milwaukee Bucks,Utah Jazz,123,100,False,False,2024-11-07|Utah Jazz|Milwaukee Bucks,,,,2024-11-07|Utah Jazz|Milwaukee Bucks,0.5659491692379455,1.4323458817716428,,elo,"{'home_advantage': 0.5654530598824042, 'scale': 0.09237740060062742, 'error_term': 10.966233493207923, 'win_prob_k': 5.398099599091086}",1.0,23
2024-11-07,San Antonio Spurs,Portland Trail Blazers,118,105,False,False,2024-11-07|Portland Trail Blazers|San Antonio Spurs,,,,2024-11-07|Portland Trail Blazers|San Antonio Spurs,0.47722647728813383,-0.49207543936764797,,elo,"{'home_advantage': 0.5654530598824042, 'scale': 0.09237740060062742, 'error_term': 10.966233493207923, 'win_prob_k': 5.398099599091086}",1.0,13
2024-11-08,Charlotte Hornets,Indiana Pacers,103,83,False,False,2024-11-08|Indiana Pacers|Charlotte Hornets,,,,2024-11-08|Indiana Pacers|Charlotte Hornets,0.33451303941624333,-3.7606699081008195,,elo,"{'home_advantage': 0.7673621162793116, 'scale': 0.09438257023450833, 'error_term': 10.928680082437369, 'win_prob_k': 5.467336157009795}",1.0,20
2024-11-08,Detroit Pistons,Atlanta Hawks,122,121,False,False,2024-11-08|Atlanta Hawks|Detroit Pistons,,,,2024-11-08|Atlanta Hawks|Detroit Pistons,0.4614810002047877,-0.8440577184136262,,elo,"{'home_advantage': 0.7673621162793116, 'scale': 0.09438257023450833, 'error_term': 10.928680082437369, 'win_prob_k': 5.467336157009795}",1.0,1
2024-11-08,Orlando Magic,New Orleans Pelicans,115,88,False,False,2024-11-08|New Orleans Pelicans|Orlando Magic,,,,2024-11-08|New Orleans Pelicans|Orlando Magic,0.619970045876876,2.675829607782747,,elo,"{'home_advantage': 0.7673621162793116, 'scale': 0.09438257023450833, 'error_term': 10.928680082437369, 'win_prob_k': 5.467336157009795}",1.0,27
2024-11-08,Boston Celtics,Brooklyn Nets,108,104,False,False,2024-11-08|Brooklyn Nets|Boston Celtics,,,,2024-11-08|Brooklyn Nets|Boston Celtics,0.8163384550362761,8.155813465853813,,elo,"{'home_advantage': 0.7673621162793116, 'scale': 0.09438257023450833, 'error_term': 10.928680082437369, 'win_prob_k': 5.467336157009795}",1.0,4
2024-11-08,Cleveland Cavaliers,Golden State Warriors,136,117,False,False,2024-11-08|Golden State Warriors|Cleveland Cavaliers,,,,2024-11-08|Golden State Warriors|Cleveland Cavaliers,0.6473534363027679,3.321002653955209,,elo,"{'home_advantage': 0.7673621162793116, 'scale': 0.09438257023450833, 'error_term': 10.928680082437369, 'win_prob_k': 5.467336157009795}",1.0,19
2024-11-08,Dallas Mavericks,Phoenix Suns,113,114,False,False,2024-11-08|Phoenix Suns|Dallas Mavericks,,,,2024-11-08|Phoenix Suns|Dallas Mavericks,0.23126099677841674,-6.567389261546833,,elo,"{'home_advantage': 0.7673621162793116, 'scale': 0.09438257023450833, 'error_term': 10.928680082437369, 'win_prob_k': 5.467336157009795}",0.0,-1
2024-11-08,New York Knicks,Milwaukee Bucks,116,94,False,False,2024-11-08|Milwaukee Bucks|New York Knicks,,,,2024-11-08|Milwaukee Bucks|New York Knicks,0.7163733641850618,5.065720835532107,,elo,"{'home_advantage': 0.7673621162793116, 'scale': 0.09438257023450833, 'error_term': 10.928680082437369, 'win_prob_k': 5.467336157009795}",1.0,22
2024-11-08,Memphis Grizzlies,Washington Wizards,128,104,False,False,2024-11-08|Washington Wizards|Memphis Grizzlies,,,,2024-11-08|Washington Wizards|Memphis Grizzlies,0.7276128426319308,5.371902001405194,,elo,"{'home_advantage': 0.7673621162793116, 'scale': 0.09438257023450833, 'error_term': 10.928680082437369, 'win_prob_k': 5.467336157009795}",1.0,24
2024-11-08,Oklahoma City Thunder,Houston Rockets,126,107,False,False,2024-11-08|Houston Rockets|Oklahoma City Thunder,,,,2024-11-08|Houston Rockets|Oklahoma City Thunder,0.7527273114291356,6.086300369120122,,elo,"{'home_advantage': 0.7673621162793116, 'scale': 0.09438257023450833, 'error_term': 10.928680082437369, 'win_prob_k': 5.467336157009795}",1.0,19
2024-11-08,Denver Nuggets,Miami Heat,135,122,False,False,2024-11-08|Miami Heat|Denver Nuggets,,,,2024-11-08|Miami Heat|Denver Nuggets,0.7519940403862846,6.06478271801872,,elo,"{'home_advantage': 0.7673621162793116, 'scale': 0.09438257023450833, 'error_term': 10.928680082437369, 'win_prob_k': 5.467336157009795}",1.0,13
2024-11-08,Minnesota Timberwolves,Portland Trail Blazers,127,102,False,False,2024-11-08|Portland Trail Blazers|Minnesota Timberwolves,,,,2024-11-08|Portland Trail Blazers|Minnesota Timberwolves,0.7948754240399112,7.405878170917779,,elo,"{'home_advantage': 0.7673621162793116, 'scale': 0.09438257023450833, 'error_term': 10.928680082437369, 'win_prob_k': 5.467336157009795}",1.0,25
2024-11-08,Los Angeles Lakers,Philadelphia 76ers,116,106,False,False,2024-11-08|Philadelphia 76ers|Los Angeles Lakers,,,,2024-11-08|Philadelphia 76ers|Los Angeles Lakers,0.8219524817212785,8.3630129636464,,elo,"{'home_advantage': 0.7673621162793116, 'scale': 0.09438257023450833, 'error_term': 10.928680082437369, 'win_prob_k': 5.467336157009795}",1.0,10
2024-11-08,Sacramento Kings,Los Angeles Clippers,98,107,False,False,2024-11-08|Los Angeles Clippers|Sacramento Kings,,,,2024-11-08|Los Angeles Clippers|Sacramento Kings,0.6941912768798619,4.48205503700694,,elo,"{'home_advantage': 0.7673621162793116, 'scale': 0.09438257023450833, 'error_term': 10.928680082437369, 'win_prob_k': 5.467336157009795}",0.0,-9
2024-11-09,San Antonio Spurs,Utah Jazz,110,111,False,False,2024-11-09|Utah Jazz|San Antonio Spurs,,,,2024-11-09|Utah Jazz|San Antonio Spurs,0.8714370507330854,9.552102752644263,,elo,"{'home_advantage': 1.6289149648379104, 'scale': 0.09207530411657147, 'error_term': 11.137088189373971, 'win_prob_k': 4.991366526057554}",0.0,-1
2024-11-09,Atlanta Hawks,Chicago Bulls,113,125,False,False,2024-11-09|Chicago Bulls|Atlanta Hawks,,,,2024-11-09|Chicago Bulls|Atlanta Hawks,0.6624603771031768,3.365567856451019,,elo,"{'home_advantage': 1.6289149648379104, 'scale': 0.09207530411657147, 'error_term': 11.137088189373971, 'win_prob_k': 4.991366526057554}",0.0,-12
2024-11-09,Cleveland Cavaliers,Brooklyn Nets,105,100,False,False,2024-11-09|Brooklyn Nets|Cleveland Cavaliers,,,,2024-11-09|Brooklyn Nets|Cleveland Cavaliers,0.9688305419975575,17.153584823768814,,elo,"{'home_advantage': 1.6289149648379104, 'scale': 0.09207530411657147, 'error_term': 11.137088189373971, 'win_prob_k': 4.991366526057554}",1.0,5
2024-11-09,Los Angeles Clippers,Toronto Raptors,105,103,False,False,2024-11-09|Toronto Raptors|Los Angeles Clippers,,,,2024-11-09|Toronto Raptors|Los Angeles Clippers,0.9049490468200084,11.247872479846858,,elo,"{'home_advantage': 1.6289149648379104, 'scale': 0.09207530411657147, 'error_term': 11.137088189373971, 'win_prob_k': 4.991366526057554}",1.0,2
2024-11-10,Detroit Pistons,Houston Rockets,99,101,False,False,2024-11-10|Houston Rockets|Detroit Pistons,,,,2024-11-10|Houston Rockets|Detroit Pistons,0.3838777312942064,-2.2807518681478225,,elo,"{'home_advantage': 1.3726661374456952, 'scale': 0.08544379167953892, 'error_term': 11.297498618325296, 'win_prob_k': 4.82064892027444}",0.0,-2
2024-11-10,Milwaukee Bucks,Boston Celtics,107,113,False,False,2024-11-10|Boston Celtics|Milwaukee Bucks,,,,2024-11-10|Boston Celtics|Milwaukee Bucks,0.06982793499877296,-12.482277095852767,,elo,"{'home_advantage': 1.3726661374456952, 'scale': 0.08544379167953892, 'error_term': 11.297498618325296, 'win_prob_k': 4.82064892027444}",0.0,-6
2024-11-10,Indiana Pacers,New York Knicks,132,121,False,False,2024-11-10|New York Knicks|Indiana Pacers,,,,2024-11-10|New York Knicks|Indiana Pacers,0.5172898838246374,0.3335268209610851,,elo,"{'home_advantage': 1.3726661374456952, 'scale': 0.08544379167953892, 'error_term': 11.297498618325296, 'win_prob_k': 4.82064892027444}",1.0,11
2024-11-10,Orlando Magic,Washington Wizards,121,94,False,False,2024-11-10|Washington Wizards|Orlando Magic,,,,2024-11-10|Washington Wizards|Orlando Magic,0.6858290431929567,3.7634377194416118,,elo,"{'home_advantage': 1.3726661374456952, 'scale': 0.08544379167953892, 'error_term': 11.297498618325296, 'win_prob_k': 4.82064892027444}",1.0,27
2024-11-10,Minnesota Timberwolves,Miami Heat,94,95,False,False,2024-11-10|Miami Heat|Minnesota Timberwolves,,,,2024-11-10|Miami Heat|Minnesota Timberwolves,0.8504425608868772,8.378655864067728,,elo,"{'home_advantage': 1.3726661374456952, 'scale': 0.08544379167953892, 'error_term': 11.297498618325296, 'win_prob_k': 4.82064892027444}",0.0,-1
2024-11-10,Oklahoma City Thunder,Golden State Warriors,116,127,False,False,2024-11-10|Golden State Warriors|Oklahoma City Thunder,,,,2024-11-10|Golden State Warriors|Oklahoma City Thunder,0.6249909385932545,2.4623246166179733,,elo,"{'home_advantage': 1.3726661374456952, 'scale': 0.08544379167953892, 'error_term': 11.297498618325296, 'win_prob_k': 4.82064892027444}",0.0,-11
2024-11-10,Philadelphia 76ers,Charlotte Hornets,107,105,False,False,2024-11-10|Charlotte Hornets|Philadelphia 76ers,,,,2024-11-10|Charlotte Hornets|Philadelphia 76ers,0.23620493387221436,-5.657512237757659,,elo,"{'home_advantage': 1.3726661374456952, 'scale': 0.08544379167953892, 'error_term': 11.297498618325296, 'win_prob_k': 4.82064892027444}",1.0,2
2024-11-10,Denver Nuggets,Dallas Mavericks,122,120,False,False,2024-11-10|Dallas Mavericks|Denver Nuggets,,,,2024-11-10|Dallas Mavericks|Denver Nuggets,0.7571811793614537,5.4824613114154594,,elo,"{'home_advantage': 1.3726661374456952, 'scale': 0.08544379167953892, 'error_term': 11.297498618325296, 'win_prob_k': 4.82064892027444}",1.0,2
2024-11-10,Phoenix Suns,Sacramento Kings,118,127,False,False,2024-11-10|Sacramento Kings|Phoenix Suns,,,,2024-11-10|Sacramento Kings|Phoenix Suns,0.8953602279308407,10.348498689324916,,elo,"{'home_advantage': 1.3726661374456952, 'scale': 0.08544379167953892, 'error_term': 11.297498618325296, 'win_prob_k': 4.82064892027444}",0.0,-9
2024-11-10,Portland Trail Blazers,Memphis Grizzlies,89,134,False,False,2024-11-10|Memphis Grizzlies|Portland Trail Blazers,,,,2024-11-10|Memphis Grizzlies|Portland Trail Blazers,0.2600178502834282,-5.041799951080512,,elo,"{'home_advantage': 1.3726661374456952, 'scale': 0.08544379167953892, 'error_term': 11.297498618325296, 'win_prob_k': 4.82064892027444}",0.0,-45
2024-11-10,Los Angeles Lakers,Toronto Raptors,123,103,False,False,2024-11-10|Toronto Raptors|Los Angeles Lakers,,,,2024-11-10|Toronto Raptors|Los Angeles Lakers,0.8909175569880982,10.124075900895496,,elo,"{'home_advantage': 1.3726661374456952, 'scale': 0.08544379167953892, 'error_term': 11.297498618325296, 'win_prob_k': 4.82064892027444}",1.0,20
2024-11-11,Chicago Bulls,Cleveland Cavaliers,113,119,False,False,2024-11-11|Cleveland Cavaliers|Chicago Bulls,,,,2024-11-11|Cleveland Cavaliers|Chicago Bulls,0.058064033929920496,-14.738652553950057,,elo,"{'home_advantage': 1.4187534974469684, 'scale': 0.08253793667567187, 'error_term': 11.690698970576834, 'win_prob_k': 5.289513671942581}",0.0,-6
2024-11-11,Houston Rockets,Washington Wizards,107,92,False,False,2024-11-11|Washington Wizards|Houston Rockets,,,,2024-11-11|Washington Wizards|Houston Rockets,0.8865868828421671,10.87704949933787,,elo,"{'home_advantage': 1.4187534974469684, 'scale': 0.08253793667567187, 'error_term': 11.690698970576834, 'win_prob_k': 5.289513671942581}",1.0,15
2024-11-11,New Orleans Pelicans,Brooklyn Nets,105,107,False,False,2024-11-11|Brooklyn Nets|New Orleans Pelicans,,,,2024-11-11|Brooklyn Nets|New Orleans Pelicans,0.355021806058213,-3.1580369360275498,,elo,"{'home_advantage': 1.4187534974469684, 'scale': 0.08253793667567187, 'error_term': 11.690698970576834, 'win_prob_k': 5.289513671942581}",0.0,-2
2024-11-11,Oklahoma City Thunder,Los Angeles Clippers,134,128,False,False,2024-11-11|Los Angeles Clippers|Oklahoma City Thunder,,,,2024-11-11|Los Angeles Clippers|Oklahoma City Thunder,0.7517886318319852,5.861704356839151,,elo,"{'home_advantage': 1.4187534974469684, 'scale': 0.08253793667567187, 'error_term': 11.690698970576834, 'win_prob_k': 5.289513671942581}",1.0,6
2024-11-11,San Antonio Spurs,Sacramento Kings,116,96,False,False,2024-11-11|Sacramento Kings|San Antonio Spurs,,,,2024-11-11|Sacramento Kings|San Antonio Spurs,0.27587553435107165,-5.104452048874571,,elo,"{'home_advantage': 1.4187534974469684, 'scale': 0.08253793667567187, 'error_term': 11.690698970576834, 'win_prob_k': 5.289513671942581}",1.0,20
2024-11-12,Boston Celtics,Atlanta Hawks,116,117,False,False,2024-11-12|Atlanta Hawks|Boston Celtics,,,,2024-11-12|Atlanta Hawks|Boston Celtics,0.946871247274631,14.771107332551555,,elo,"{'home_advantage': 1.6525871398811696, 'scale': 0.07942330357863109, 'error_term': 11.578461902541058, 'win_prob_k': 5.12806460275706}",0.0,-1
2024-11-12,Detroit Pistons,Miami Heat,123,121,False,False,2024-11-12|Miami Heat|Detroit Pistons,,,,2024-11-12|Miami Heat|Detroit Pistons,0.46643628445217106,-0.6895045108894842,,elo,"{'home_advantage': 1.6525871398811696, 'scale': 0.07942330357863109, 'error_term': 11.578461902541058, 'win_prob_k': 5.12806460275706}",1.0,2
2024-11-12,Orlando Magic,Charlotte Hornets,114,89,False,False,2024-11-12|Charlotte Hornets|Orlando Magic,,,,2024-11-12|Charlotte Hornets|Orlando Magic,0.6836377529984177,3.9513802741303525,,elo,"{'home_advantage': 1.6525871398811696, 'scale': 0.07942330357863109, 'error_term': 11.578461902541058, 'win_prob_k': 5.12806460275706}",1.0,25
2024-11-12,Philadelphia 76ers,New York Knicks,99,111,False,False,2024-11-12|New York Knicks|Philadelphia 76ers,,,,2024-11-12|New York Knicks|Philadelphia 76ers,0.34232710285348233,-3.348323475264203,,elo,"{'home_advantage': 1.6525871398811696, 'scale': 0.07942330357863109, 'error_term': 11.578461902541058, 'win_prob_k': 5.12806460275706}",0.0,-12
2024-11-12,Milwaukee Bucks,Toronto Raptors,99,85,False,False,2024-11-12|Toronto Raptors|Milwaukee Bucks,,,,2024-11-12|Toronto Raptors|Milwaukee Bucks,0.6603694427248487,3.409860453890751,,elo,"{'home_advantage': 1.6525871398811696, 'scale': 0.07942330357863109, 'error_term': 11.578461902541058, 'win_prob_k': 5.12806460275706}",1.0,14
2024-11-12,Utah Jazz,Phoenix Suns,112,120,False,False,2024-11-12|Phoenix Suns|Utah Jazz,,,,2024-11-12|Phoenix Suns|Utah Jazz,0.10601234892677874,-10.933733074555526,,elo,"{'home_advantage': 1.6525871398811696, 'scale': 0.07942330357863109, 'error_term': 11.578461902541058, 'win_prob_k': 5.12806460275706}",0.0,-8
2024-11-12,Golden State Warriors,Dallas Mavericks,120,117,False,False,2024-11-12|Dallas Mavericks|Golden State Warriors,,,,2024-11-12|Dallas Mavericks|Golden State Warriors,0.9173098776422456,12.339893566126616,,elo,"{'home_advantage': 1.6525871398811696, 'scale': 0.07942330357863109, 'error_term': 11.578461902541058, 'win_prob_k': 5.12806460275706}",1.0,3
2024-11-12,Portland Trail Blazers,Minnesota Timberwolves,122,108,False,False,2024-11-12|Minnesota Timberwolves|Portland Trail Blazers,,,,2024-11-12|Minnesota Timberwolves|Portland Trail Blazers,0.2600725567539961,-5.361860632921419,,elo,"{'home_advantage': 1.6525871398811696, 'scale': 0.07942330357863109, 'error_term': 11.578461902541058, 'win_prob_k': 5.12806460275706}",1.0,14
2024-11-13,Orlando Magic,Indiana Pacers,94,90,False,False,2024-11-13|Indiana Pacers|Orlando Magic,,,,2024-11-13|Indiana Pacers|Orlando Magic,0.5730977677365697,1.5168258780776367,,elo,"{'home_advantage': 1.780947304009529, 'scale': 0.07732434475234312, 'error_term': 11.655429891887762, 'win_prob_k': 5.150489518710243}",1.0,4
2024-11-13,Brooklyn Nets,Boston Celtics,114,139,False,False,2024-11-13|Boston Celtics|Brooklyn Nets,,,,2024-11-13|Boston Celtics|Brooklyn Nets,0.31086118695934717,-4.100285405267123,,elo,"{'home_advantage': 1.780947304009529, 'scale': 0.07732434475234312, 'error_term': 11.655429891887762, 'win_prob_k': 5.150489518710243}",0.0,-25
2024-11-13,New York Knicks,Chicago Bulls,123,124,False,False,2024-11-13|Chicago Bulls|New York Knicks,,,,2024-11-13|Chicago Bulls|New York Knicks,0.7456253433578214,5.538913927643139,,elo,"{'home_advantage': 1.780947304009529, 'scale': 0.07732434475234312, 'error_term': 11.655429891887762, 'win_prob_k': 5.150489518710243}",0.0,-1
2024-11-13,Oklahoma City Thunder,New Orleans Pelicans,106,88,False,False,2024-11-13|New Orleans Pelicans|Oklahoma City Thunder,,,,2024-11-13|New Orleans Pelicans|Oklahoma City Thunder,0.9648715732553858,17.06349104832166,,elo,"{'home_advantage': 1.780947304009529, 'scale': 0.07732434475234312, 'error_term': 11.655429891887762, 'win_prob_k': 5.150489518710243}",1.0,18
2024-11-13,Philadelphia 76ers,Cleveland Cavaliers,106,114,False,False,2024-11-13|Cleveland Cavaliers|Philadelphia 76ers,,,,2024-11-13|Cleveland Cavaliers|Philadelphia 76ers,0.022992918360260156,-19.31076964676596,,elo,"{'home_advantage': 1.780947304009529, 'scale': 0.07732434475234312, 'error_term': 11.655429891887762, 'win_prob_k': 5.150489518710243}",0.0,-8
2024-11-13,Houston Rockets,Los Angeles Clippers,111,103,False,False,2024-11-13|Los Angeles Clippers|Houston Rockets,,,,2024-11-13|Los Angeles Clippers|Houston Rockets,0.7164563759792801,4.774253328840213,,elo,"{'home_advantage': 1.780947304009529, 'scale': 0.07732434475234312, 'error_term': 11.655429891887762, 'win_prob_k': 5.150489518710243}",1.0,8
2024-11-13,Milwaukee Bucks,Detroit Pistons,127,120,False,False,2024-11-13|Detroit Pistons|Milwaukee Bucks,,,,2024-11-13|Detroit Pistons|Milwaukee Bucks,0.39994084998466206,-2.089613202197772,,elo,"{'home_advantage': 1.780947304009529, 'scale': 0.07732434475234312, 'error_term': 11.655429891887762, 'win_prob_k': 5.150489518710243}",1.0,7
2024-11-13,San Antonio Spurs,Washington Wizards,139,130,False,False,2024-11-13|Washington Wizards|San Antonio Spurs,,,,2024-11-13|Washington Wizards|San Antonio Spurs,0.779503124025926,6.503899973254955,,elo,"{'home_advantage': 1.780947304009529, 'scale': 0.07732434475234312, 'error_term': 11.655429891887762, 'win_prob_k': 5.150489518710243}",1.0,9
2024-11-13,Los Angeles Lakers,Memphis Grizzlies,128,123,False,False,2024-11-13|Memphis Grizzlies|Los Angeles Lakers,,,,2024-11-13|Memphis Grizzlies|Los Angeles Lakers,0.49561725629129755,-0.09029541476587766,,elo,"{'home_advantage': 1.780947304009529, 'scale': 0.07732434475234312, 'error_term': 11.655429891887762, 'win_prob_k': 5.150489518710243}",1.0,5
2024-11-13,Portland Trail Blazers,Minnesota Timberwolves,106,98,False,False,2024-11-13|Minnesota Timberwolves|Portland Trail Blazers,,,,2024-11-13|Minnesota Timberwolves|Portland Trail Blazers,0.42222566627925423,-1.6154172556136537,,elo,"{'home_advantage': 1.780947304009529, 'scale': 0.07732434475234312, 'error_term': 11.655429891887762, 'win_prob_k': 5.150489518710243}",1.0,8
2024-11-13,Sacramento Kings,Phoenix Suns,127,104,False,False,2024-11-13|Phoenix Suns|Sacramento Kings,,,,2024-11-13|Phoenix Suns|Sacramento Kings,0.2861749070605849,-4.707726540827387,,elo,"{'home_advantage': 1.780947304009529, 'scale': 0.07732434475234312, 'error_term': 11.655429891887762, 'win_prob_k': 5.150489518710243}",1.0,23
2024-11-14,Utah Jazz,Dallas Mavericks,115,113,False,False,2024-11-14|Dallas Mavericks|Utah Jazz,,,,2024-11-14|Dallas Mavericks|Utah Jazz,0.3812925975456667,-2.4519326266707813,,elo,"{'home_advantage': 2.0269930830347356, 'scale': 0.07283085065507387, 'error_term': 11.654732021968567, 'win_prob_k': 5.065291912037441}",1.0,2
2024-11-15,Indiana Pacers,Miami Heat,111,124,False,False,2024-11-15|Miami Heat|Indiana Pacers,,,,2024-11-15|Miami Heat|Indiana Pacers,0.6648385053240353,3.4260109579379696,,elo,"{'home_advantage': 2.0585859377172913, 'scale': 0.0716131078616193, 'error_term': 11.726358801022146, 'win_prob_k': 5.001974787386999}",0.0,-13
2024-11-15,Orlando Magic,Philadelphia 76ers,98,86,False,False,2024-11-15|Philadelphia 76ers|Orlando Magic,,,,2024-11-15|Philadelphia 76ers|Orlando Magic,0.9045426918059706,11.248192754633557,,elo,"{'home_advantage': 2.0585859377172913, 'scale': 0.0716131078616193, 'error_term': 11.726358801022146, 'win_prob_k': 5.001974787386999}",1.0,12
2024-11-15,Toronto Raptors,Detroit Pistons,95,99,False,False,2024-11-15|Detroit Pistons|Toronto Raptors,,,,2024-11-15|Detroit Pistons|Toronto Raptors,0.3119638362331582,-3.9563326091576885,,elo,"{'home_advantage': 2.0585859377172913, 'scale': 0.0716131078616193, 'error_term': 11.726358801022146, 'win_prob_k': 5.001974787386999}",0.0,-4
2024-11-15,Atlanta Hawks,Washington Wizards,129,117,False,False,2024-11-15|Washington Wizards|Atlanta Hawks,,,,2024-11-15|Washington Wizards|Atlanta Hawks,0.7913404506140681,6.667753974694132,,elo,"{'home_advantage': 2.0585859377172913, 'scale': 0.0716131078616193, 'error_term': 11.726358801022146, 'win_prob_k': 5.001974787386999}",1.0,12
2024-11-15,Cleveland Cavaliers,Chicago Bulls,144,126,False,False,2024-11-15|Chicago Bulls|Cleveland Cavaliers,,,,2024-11-15|Chicago Bulls|Cleveland Cavaliers,0.9650637741796205,16.599903199449287,,elo,"{'home_advantage': 2.0585859377172913, 'scale': 0.0716131078616193, 'error_term': 11.726358801022146, 'win_prob_k': 5.001974787386999}",1.0,18
2024-11-15,New York Knicks,Brooklyn Nets,124,122,False,False,2024-11-15|Brooklyn Nets|New York Knicks,,,,2024-11-15|Brooklyn Nets|New York Knicks,0.6027286757901055,2.08506145892975,,elo,"{'home_advantage': 2.0585859377172913, 'scale': 0.0716131078616193, 'error_term': 11.726358801022146, 'win_prob_k': 5.001974787386999}",1.0,2
2024-11-15,San Antonio Spurs,Los Angeles Lakers,115,120,False,False,2024-11-15|Los Angeles Lakers|San Antonio Spurs,,,,2024-11-15|Los Angeles Lakers|San Antonio Spurs,0.4510981967819056,-0.9815600898059218,,elo,"{'home_advantage': 2.0585859377172913, 'scale': 0.0716131078616193, 'error_term': 11.726358801022146, 'win_prob_k': 5.001974787386999}",0.0,-5
2024-11-15,Houston Rockets,Los Angeles Clippers,125,104,False,False,2024-11-15|Los Angeles Clippers|Houston Rockets,,,,2024-11-15|Los Angeles Clippers|Houston Rockets,0.8014421577991402,6.979417223975518,,elo,"{'home_advantage': 2.0585859377172913, 'scale': 0.0716131078616193, 'error_term': 11.726358801022146, 'win_prob_k': 5.001974787386999}",1.0,21
2024-11-15,New Orleans Pelicans,Denver Nuggets,101,94,False,False,2024-11-15|Denver Nuggets|New Orleans Pelicans,,,,2024-11-15|Denver Nuggets|New Orleans Pelicans,0.11967326919682146,-9.98157999783953,,elo,"{'home_advantage': 2.0585859377172913, 'scale': 0.0716131078616193, 'error_term': 11.726358801022146, 'win_prob_k': 5.001974787386999}",1.0,7
2024-11-15,Oklahoma City Thunder,Phoenix Suns,99,83,False,False,2024-11-15|Phoenix Suns|Oklahoma City Thunder,,,,2024-11-15|Phoenix Suns|Oklahoma City Thunder,0.6970523759257644,4.1681486916070085,,elo,"{'home_advantage': 2.0585859377172913, 'scale': 0.0716131078616193, 'error_term': 11.726358801022146, 'win_prob_k': 5.001974787386999}",1.0,16
2024-11-15,Golden State Warriors,Memphis Grizzlies,123,118,False,False,2024-11-15|Memphis Grizzlies|Golden State Warriors,,,,2024-11-15|Memphis Grizzlies|Golden State Warriors,0.8738105434050457,9.67921727589756,,elo,"{'home_advantage': 2.0585859377172913, 'scale': 0.0716131078616193, 'error_term': 11.726358801022146, 'win_prob_k': 5.001974787386999}",1.0,5
2024-11-15,Sacramento Kings,Minnesota Timberwolves,126,130,False,False,2024-11-15|Minnesota Timberwolves|Sacramento Kings,,,,2024-11-15|Minnesota Timberwolves|Sacramento Kings,0.7842878444174058,6.456705094849979,,elo,"{'home_advantage': 2.0585859377172913, 'scale': 0.0716131078616193, 'error_term': 11.726358801022146, 'win_prob_k': 5.001974787386999}",0.0,-4
2024-11-16,Charlotte Hornets,Milwaukee Bucks,115,114,False,False,2024-11-16|Milwaukee Bucks|Charlotte Hornets,,,,2024-11-16|Milwaukee Bucks|Charlotte Hornets,0.587595713448778,1.7755342436106005,,elo,"{'home_advantage': 2.130560634727824, 'scale': 0.06968792537639025, 'error_term': 11.48167148220142, 'win_prob_k': 5.015137566956623}",1.0,1
2024-11-16,Boston Celtics,Toronto Raptors,126,123,False,False,2024-11-16|Toronto Raptors|Boston Celtics,,,,2024-11-16|Toronto Raptors|Boston Celtics,0.9750557603340466,18.38475077124787,,elo,"{'home_advantage': 2.130560634727824, 'scale': 0.06968792537639025, 'error_term': 11.48167148220142, 'win_prob_k': 5.015137566956623}",1.0,3
2024-11-16,New Orleans Pelicans,Los Angeles Lakers,99,104,False,False,2024-11-16|Los Angeles Lakers|New Orleans Pelicans,,,,2024-11-16|Los Angeles Lakers|New Orleans Pelicans,0.18734259295775113,-7.3590656141942175,,elo,"{'home_advantage': 2.130560634727824, 'scale': 0.06968792537639025, 'error_term': 11.48167148220142, 'win_prob_k': 5.015137566956623}",0.0,-5
2024-11-16,Dallas Mavericks,San Antonio Spurs,110,93,False,False,2024-11-16|San Antonio Spurs|Dallas Mavericks,,,,2024-11-16|San Antonio Spurs|Dallas Mavericks,0.5390627051719651,0.7852195192354061,,elo,"{'home_advantage': 2.130560634727824, 'scale': 0.06968792537639025, 'error_term': 11.48167148220142, 'win_prob_k': 5.015137566956623}",1.0,17
2024-11-16,Sacramento Kings,Utah Jazz,121,117,False,False,2024-11-16|Utah Jazz|Sacramento Kings,,,,2024-11-16|Utah Jazz|Sacramento Kings,0.8179165242589186,7.534216306645409,,elo,"{'home_advantage': 2.130560634727824, 'scale': 0.06968792537639025, 'error_term': 11.48167148220142, 'win_prob_k': 5.015137566956623}",1.0,4
2024-11-17,Minnesota Timberwolves,Phoenix Suns,120,117,False,False,2024-11-17|Phoenix Suns|Minnesota Timberwolves,,,,2024-11-17|Phoenix Suns|Minnesota Timberwolves,0.40857925125049693,-1.7937166109534317,,elo,"{'home_advantage': 2.1211363256016016, 'scale': 0.06554115955905318, 'error_term': 11.435966476283044, 'win_prob_k': 4.849956548402954}",1.0,3
2024-11-17,Indiana Pacers,Miami Heat,119,110,False,False,2024-11-17|Miami Heat|Indiana Pacers,,,,2024-11-17|Miami Heat|Indiana Pacers,0.5121818246923845,0.23637205831810282,,elo,"{'home_advantage': 2.1211363256016016, 'scale': 0.06554115955905318, 'error_term': 11.435966476283044, 'win_prob_k': 4.849956548402954}",1.0,9
2024-11-17,Cleveland Cavaliers,Charlotte Hornets,128,114,False,False,2024-11-17|Charlotte Hornets|Cleveland Cavaliers,,,,2024-11-17|Charlotte Hornets|Cleveland Cavaliers,0.971692891083251,17.149091470661777,,elo,"{'home_advantage': 2.1211363256016016, 'scale': 0.06554115955905318, 'error_term': 11.435966476283044, 'win_prob_k': 4.849956548402954}",1.0,14
2024-11-17,Memphis Grizzlies,Denver Nuggets,105,90,False,False,2024-11-17|Denver Nuggets|Memphis Grizzlies,,,,2024-11-17|Denver Nuggets|Memphis Grizzlies,0.5292889923985976,0.5688526082369392,,elo,"{'home_advantage': 2.1211363256016016, 'scale': 0.06554115955905318, 'error_term': 11.435966476283044, 'win_prob_k': 4.849956548402954}",1.0,15
2024-11-17,Portland Trail Blazers,Atlanta Hawks,114,110,False,False,2024-11-17|Atlanta Hawks|Portland Trail Blazers,,,,2024-11-17|Atlanta Hawks|Portland Trail Blazers,0.5700031410285155,1.367027994675042,,elo,"{'home_advantage': 2.1211363256016016, 'scale': 0.06554115955905318, 'error_term': 11.435966476283044, 'win_prob_k': 4.849956548402954}",1.0,4
2024-11-17,Washington Wizards,Detroit Pistons,104,124,False,False,2024-11-17|Detroit Pistons|Washington Wizards,,,,2024-11-17|Detroit Pistons|Washington Wizards,0.3248346600041816,-3.5484284877779624,,elo,"{'home_advantage': 2.1211363256016016, 'scale': 0.06554115955905318, 'error_term': 11.435966476283044, 'win_prob_k': 4.849956548402954}",0.0,-20
2024-11-17,Chicago Bulls,Houston Rockets,107,143,False,False,2024-11-17|Houston Rockets|Chicago Bulls,,,,2024-11-17|Houston Rockets|Chicago Bulls,0.2568803670895939,-5.151849690163764,,elo,"{'home_advantage': 2.1211363256016016, 'scale': 0.06554115955905318, 'error_term': 11.435966476283044, 'win_prob_k': 4.849956548402954}",0.0,-36
2024-11-17,New York Knicks,Brooklyn Nets,114,104,False,False,2024-11-17|Brooklyn Nets|New York Knicks,,,,2024-11-17|Brooklyn Nets|New York Knicks,0.7119914973184835,4.389579110394915,,elo,"{'home_advantage': 2.1211363256016016, 'scale': 0.06554115955905318, 'error_term': 11.435966476283044, 'win_prob_k': 4.849956548402954}",1.0,10
2024-11-17,Oklahoma City Thunder,Dallas Mavericks,119,121,False,False,2024-11-17|Dallas Mavericks|Oklahoma City Thunder,,,,2024-11-17|Dallas Mavericks|Oklahoma City Thunder,0.9219170566438812,11.973008294515349,,elo,"{'home_advantage': 2.1211363256016016, 'scale': 0.06554115955905318, 'error_term': 11.435966476283044, 'win_prob_k': 4.849956548402954}",0.0,-2
2024-11-17,Los Angeles Clippers,Utah Jazz,116,105,False,False,2024-11-17|Utah Jazz|Los Angeles Clippers,,,,2024-11-17|Utah Jazz|Los Angeles Clippers,0.7947197840147333,6.564967272177772,,elo,"{'home_advantage': 2.1211363256016016, 'scale': 0.06554115955905318, 'error_term': 11.435966476283044, 'win_prob_k': 4.849956548402954}",1.0,11
2024-11-18,Detroit Pistons,Chicago Bulls,112,122,False,False,2024-11-18|Chicago Bulls|Detroit Pistons,,,,2024-11-18|Chicago Bulls|Detroit Pistons,0.7112109123867073,4.591003631346056,,elo,"{'home_advantage': 1.966575131068804, 'scale': 0.06715856789751763, 'error_term': 11.358591109816599, 'win_prob_k': 5.093913446524308}",0.0,-10
2024-11-18,Miami Heat,Philadelphia 76ers,106,89,False,False,2024-11-18|Philadelphia 76ers|Miami Heat,,,,2024-11-18|Philadelphia 76ers|Miami Heat,0.8349406975953101,8.25751836325505,,elo,"{'home_advantage': 1.966575131068804, 'scale': 0.06715856789751763, 'error_term': 11.358591109816599, 'win_prob_k': 5.093913446524308}",1.0,17
2024-11-18,New York Knicks,Washington Wizards,134,106,False,False,2024-11-18|Washington Wizards|New York Knicks,,,,2024-11-18|Washington Wizards|New York Knicks,0.8998055112666274,11.181473446913602,,elo,"{'home_advantage': 1.966575131068804, 'scale': 0.06715856789751763, 'error_term': 11.358591109816599, 'win_prob_k': 5.093913446524308}",1.0,28
2024-11-18,Toronto Raptors,Indiana Pacers,130,119,False,False,2024-11-18|Indiana Pacers|Toronto Raptors,,,,2024-11-18|Indiana Pacers|Toronto Raptors,0.20008763601442825,-7.058873881058998,,elo,"{'home_advantage': 1.966575131068804, 'scale': 0.06715856789751763, 'error_term': 11.358591109816599, 'win_prob_k': 5.093913446524308}",1.0,11
2024-11-18,Milwaukee Bucks,Houston Rockets,101,100,False,False,2024-11-18|Houston Rockets|Milwaukee Bucks,,,,2024-11-18|Houston Rockets|Milwaukee Bucks,0.1377824154554199,-9.341381054644867,,elo,"{'home_advantage': 1.966575131068804, 'scale': 0.06715856789751763, 'error_term': 11.358591109816599, 'win_prob_k': 5.093913446524308}",1.0,1
2024-11-18,Phoenix Suns,Orlando Magic,99,109,False,False,2024-11-18|Orlando Magic|Phoenix Suns,,,,2024-11-18|Orlando Magic|Phoenix Suns,0.6233797531710135,2.566917283204946,,elo,"{'home_advantage': 1.966575131068804, 'scale': 0.06715856789751763, 'error_term': 11.358591109816599, 'win_prob_k': 5.093913446524308}",0.0,-10
2024-11-18,Sacramento Kings,Atlanta Hawks,108,109,False,False,2024-11-18|Atlanta Hawks|Sacramento Kings,,,,2024-11-18|Atlanta Hawks|Sacramento Kings,0.7622698680739519,5.935247214385766,,elo,"{'home_advantage': 1.966575131068804, 'scale': 0.06715856789751763, 'error_term': 11.358591109816599, 'win_prob_k': 5.093913446524308}",0.0,-1
2024-11-18,Los Angeles Clippers,Golden State Warriors,102,99,False,False,2024-11-18|Golden State Warriors|Los Angeles Clippers,,,,2024-11-18|Golden State Warriors|Los Angeles Clippers,0.19011925905452126,-7.382279940531843,,elo,"{'home_advantage': 1.966575131068804, 'scale': 0.06715856789751763, 'error_term': 11.358591109816599, 'win_prob_k': 5.093913446524308}",1.0,3
2024-11-19,Boston Celtics,Cleveland Cavaliers,120,117,False,False,2024-11-19|Cleveland Cavaliers|Boston Celtics,,,,2024-11-19|Cleveland Cavaliers|Boston Celtics,0.28950968807315547,-4.940700956928824,,elo,"{'home_advantage': 2.0849635119095407, 'scale': 0.06990722548391097, 'error_term': 11.349248986746579, 'win_prob_k': 5.503324838482479}",1.0,3
2024-11-19,Brooklyn Nets,Charlotte Hornets,116,115,False,False,2024-11-19|Charlotte Hornets|Brooklyn Nets,,,,2024-11-19|Charlotte Hornets|Brooklyn Nets,0.5631999018037385,1.3987194344403715,,elo,"{'home_advantage': 2.0849635119095407, 'scale': 0.06990722548391097, 'error_term': 11.349248986746579, 'win_prob_k': 5.503324838482479}",1.0,1
2024-11-19,Memphis Grizzlies,Denver Nuggets,110,122,False,False,2024-11-19|Denver Nuggets|Memphis Grizzlies,,,,2024-11-19|Denver Nuggets|Memphis Grizzlies,0.6336016220953313,3.014166583574459,,elo,"{'home_advantage': 2.0849635119095407, 'scale': 0.06990722548391097, 'error_term': 11.349248986746579, 'win_prob_k': 5.503324838482479}",0.0,-12
2024-11-19,Dallas Mavericks,New Orleans Pelicans,132,91,False,False,2024-11-19|New Orleans Pelicans|Dallas Mavericks,,,,2024-11-19|New Orleans Pelicans|Dallas Mavericks,0.8341271989975306,8.88877585712913,,elo,"{'home_advantage': 2.0849635119095407, 'scale': 0.06990722548391097, 'error_term': 11.349248986746579, 'win_prob_k': 5.503324838482479}",1.0,41
2024-11-19,San Antonio Spurs,Oklahoma City Thunder,110,104,False,False,2024-11-19|Oklahoma City Thunder|San Antonio Spurs,,,,2024-11-19|Oklahoma City Thunder|San Antonio Spurs,0.20383930519187288,-7.498109927355774,,elo,"{'home_advantage': 2.0849635119095407, 'scale': 0.06990722548391097, 'error_term': 11.349248986746579, 'win_prob_k': 5.503324838482479}",1.0,6
2024-11-19,Los Angeles Lakers,Utah Jazz,124,118,False,False,2024-11-19|Utah Jazz|Los Angeles Lakers,,,,2024-11-19|Utah Jazz|Los Angeles Lakers,0.9217887280913047,13.576164552245174,,elo,"{'home_advantage': 2.0849635119095407, 'scale': 0.06990722548391097, 'error_term': 11.349248986746579, 'win_prob_k': 5.503324838482479}",1.0,6
2024-11-20,Cleveland Cavaliers,New Orleans Pelicans,128,100,False,False,2024-11-20|New Orleans Pelicans|Cleveland Cavaliers,,,,2024-11-20|New Orleans Pelicans|Cleveland Cavaliers,0.9792862449122455,21.8886234444501,,elo,"{'home_advantage': 2.2256842846086236, 'scale': 0.06975557705602373, 'error_term': 11.52298861170757, 'win_prob_k': 5.676471942320884}",1.0,28
2024-11-20,Milwaukee Bucks,Chicago Bulls,122,106,False,False,2024-11-20|Chicago Bulls|Milwaukee Bucks,,,,2024-11-20|Chicago Bulls|Milwaukee Bucks,0.52790947637986,0.6343688327471642,,elo,"{'home_advantage': 2.2256842846086236, 'scale': 0.06975557705602373, 'error_term': 11.52298861170757, 'win_prob_k': 5.676471942320884}",1.0,16
2024-11-20,Houston Rockets,Indiana Pacers,130,113,False,False,2024-11-20|Indiana Pacers|Houston Rockets,,,,2024-11-20|Indiana Pacers|Houston Rockets,0.8562400481279336,10.129129793399695,,elo,"{'home_advantage': 2.2256842846086236, 'scale': 0.06975557705602373, 'error_term': 11.52298861170757, 'win_prob_k': 5.676471942320884}",1.0,17
2024-11-20,Memphis Grizzlies,Philadelphia 76ers,117,111,False,False,2024-11-20|Philadelphia 76ers|Memphis Grizzlies,,,,2024-11-20|Philadelphia 76ers|Memphis Grizzlies,0.8869049026117491,11.6907435183989,,elo,"{'home_advantage': 2.2256842846086236, 'scale': 0.06975557705602373, 'error_term': 11.52298861170757, 'win_prob_k': 5.676471942320884}",1.0,6
2024-11-20,Oklahoma City Thunder,Portland Trail Blazers,109,99,False,False,2024-11-20|Portland Trail Blazers|Oklahoma City Thunder,,,,2024-11-20|Portland Trail Blazers|Oklahoma City Thunder,0.7940583764080311,7.6607634999236005,,elo,"{'home_advantage': 2.2256842846086236, 'scale': 0.06975557705602373, 'error_term': 11.52298861170757, 'win_prob_k': 5.676471942320884}",1.0,10
2024-11-20,Golden State Warriors,Atlanta Hawks,120,97,False,False,2024-11-20|Atlanta Hawks|Golden State Warriors,,,,2024-11-20|Atlanta Hawks|Golden State Warriors,0.873017535440111,10.943707946301972,,elo,"{'home_advantage': 2.2256842846086236, 'scale': 0.06975557705602373, 'error_term': 11.52298861170757, 'win_prob_k': 5.676471942320884}",1.0,23
2024-11-20,Phoenix Suns,New York Knicks,122,138,False,False,2024-11-20|New York Knicks|Phoenix Suns,,,,2024-11-20|New York Knicks|Phoenix Suns,0.5888333073371309,2.0386732429871093,,elo,"{'home_advantage': 2.2256842846086236, 'scale': 0.06975557705602373, 'error_term': 11.52298861170757, 'win_prob_k': 5.676471942320884}",0.0,-16
2024-11-20,Los Angeles Clippers,Orlando Magic,104,93,False,False,2024-11-20|Orlando Magic|Los Angeles Clippers,,,,2024-11-20|Orlando Magic|Los Angeles Clippers,0.5095442451509244,0.216736885970799,,elo,"{'home_advantage': 2.2256842846086236, 'scale': 0.06975557705602373, 'error_term': 11.52298861170757, 'win_prob_k': 5.676471942320884}",1.0,11
2024-11-21,Charlotte Hornets,Detroit Pistons,123,121,False,False,2024-11-21|Detroit Pistons|Charlotte Hornets,,,,2024-11-21|Detroit Pistons|Charlotte Hornets,0.49675595004437134,-0.07620448401892155,,elo,"{'home_advantage': 2.2583746386913064, 'scale': 0.0706895992642467, 'error_term': 11.28061909174908, 'win_prob_k': 5.872552500894114}",1.0,2
2024-11-21,Toronto Raptors,Minnesota Timberwolves,110,105,False,False,2024-11-21|Minnesota Timberwolves|Toronto Raptors,,,,2024-11-21|Minnesota Timberwolves|Toronto Raptors,0.20040540980856486,-8.126217771816398,,elo,"{'home_advantage': 2.2583746386913064, 'scale': 0.0706895992642467, 'error_term': 11.28061909174908, 'win_prob_k': 5.872552500894114}",1.0,5
2024-11-21,San Antonio Spurs,Utah Jazz,126,118,False,False,2024-11-21|Utah Jazz|San Antonio Spurs,,,,2024-11-21|Utah Jazz|San Antonio Spurs,0.796882589709086,8.027328051021529,,elo,"{'home_advantage': 2.2583746386913064, 'scale': 0.0706895992642467, 'error_term': 11.28061909174908, 'win_prob_k': 5.872552500894114}",1.0,8
2024-11-21,Los Angeles Lakers,Orlando Magic,118,119,False,False,2024-11-21|Orlando Magic|Los Angeles Lakers,,,,2024-11-21|Orlando Magic|Los Angeles Lakers,0.712915656356306,5.341597802212457,,elo,"{'home_advantage': 2.2583746386913064, 'scale': 0.0706895992642467, 'error_term': 11.28061909174908, 'win_prob_k': 5.872552500894114}",0.0,-1
2024-11-22,Philadelphia 76ers,Brooklyn Nets,113,98,False,False,2024-11-22|Brooklyn Nets|Philadelphia 76ers,,,,2024-11-22|Brooklyn Nets|Philadelphia 76ers,0.2973063939987924,-5.1528909311255395,,elo,"{'home_advantage': 2.270050696601854, 'scale': 0.07237662796820678, 'error_term': 11.133477366413494, 'win_prob_k': 5.990634970193636}",1.0,15
2024-11-22,Washington Wizards,Boston Celtics,96,108,False,False,2024-11-22|Boston Celtics|Washington Wizards,,,,2024-11-22|Boston Celtics|Washington Wizards,0.06134445143863537,-16.342115872450314,,elo,"{'home_advantage': 2.270050696601854, 'scale': 0.07237662796820678, 'error_term': 11.133477366413494, 'win_prob_k': 5.990634970193636}",0.0,-12
2024-11-22,New Orleans Pelicans,Golden State Warriors,108,112,False,False,2024-11-22|Golden State Warriors|New Orleans Pelicans,,,,2024-11-22|Golden State Warriors|New Orleans Pelicans,0.07539288036138009,-15.01646148795075,,elo,"{'home_advantage': 2.270050696601854, 'scale': 0.07237662796820678, 'error_term': 11.133477366413494, 'win_prob_k': 5.990634970193636}",0.0,-4
2024-11-22,Chicago Bulls,Atlanta Hawks,136,122,False,False,2024-11-22|Atlanta Hawks|Chicago Bulls,,,,2024-11-22|Atlanta Hawks|Chicago Bulls,0.5422979811414621,1.0159953517410354,,elo,"{'home_advantage': 2.270050696601854, 'scale': 0.07237662796820678, 'error_term': 11.133477366413494, 'win_prob_k': 5.990634970193636}",1.0,14
2024-11-22,Houston Rockets,Portland Trail Blazers,116,88,False,False,2024-11-22|Portland Trail Blazers|Houston Rockets,,,,2024-11-22|Portland Trail Blazers|Houston Rockets,0.8450513921759678,10.161937733810632,,elo,"{'home_advantage': 2.270050696601854, 'scale': 0.07237662796820678, 'error_term': 11.133477366413494, 'win_prob_k': 5.990634970193636}",1.0,28
2024-11-22,Milwaukee Bucks,Indiana Pacers,129,117,False,False,2024-11-22|Indiana Pacers|Milwaukee Bucks,,,,2024-11-22|Indiana Pacers|Milwaukee Bucks,0.6712576137619247,4.2765858955361455,,elo,"{'home_advantage': 2.270050696601854, 'scale': 0.07237662796820678, 'error_term': 11.133477366413494, 'win_prob_k': 5.990634970193636}",1.0,12
2024-11-22,Denver Nuggets,Dallas Mavericks,120,123,False,False,2024-11-22|Dallas Mavericks|Denver Nuggets,,,,2024-11-22|Dallas Mavericks|Denver Nuggets,0.6665481802614477,4.14919788348756,,elo,"{'home_advantage': 2.270050696601854, 'scale': 0.07237662796820678, 'error_term': 11.133477366413494, 'win_prob_k': 5.990634970193636}",0.0,-3
2024-11-22,Los Angeles Clippers,Sacramento Kings,104,88,False,False,2024-11-22|Sacramento Kings|Los Angeles Clippers,,,,2024-11-22|Sacramento Kings|Los Angeles Clippers,0.7221022747900498,5.720539001100789,,elo,"{'home_advantage': 2.270050696601854, 'scale': 0.07237662796820678, 'error_term': 11.133477366413494, 'win_prob_k': 5.990634970193636}",1.0,16
2024-11-23,Utah Jazz,New York Knicks,121,106,False,False,2024-11-23|New York Knicks|Utah Jazz,,,,2024-11-23|New York Knicks|Utah Jazz,0.19343000715523206,-8.569009383764998,,elo,"{'home_advantage': 2.5661057633385265, 'scale': 0.07049634608324497, 'error_term': 11.049543470953804, 'win_prob_k': 6.001232367634065}",1.0,15
2024-11-23,Orlando Magic,Detroit Pistons,111,100,False,False,2024-11-23|Detroit Pistons|Orlando Magic,,,,2024-11-23|Detroit Pistons|Orlando Magic,0.8491193965592306,10.368395115472614,,elo,"{'home_advantage': 2.5661057633385265, 'scale': 0.07049634608324497, 'error_term': 11.049543470953804, 'win_prob_k': 6.001232367634065}",1.0,11
2024-11-23,Chicago Bulls,Memphis Grizzlies,131,142,False,False,2024-11-23|Memphis Grizzlies|Chicago Bulls,,,,2024-11-23|Memphis Grizzlies|Chicago Bulls,0.5026893954012849,0.06455936952847319,,elo,"{'home_advantage': 2.5661057633385265, 'scale': 0.07049634608324497, 'error_term': 11.049543470953804, 'win_prob_k': 6.001232367634065}",0.0,-11
2024-11-23,Houston Rockets,Portland Trail Blazers,98,104,False,False,2024-11-23|Portland Trail Blazers|Houston Rockets,,,,2024-11-23|Portland Trail Blazers|Houston Rockets,0.8783749518803662,11.86522026328891,,elo,"{'home_advantage': 2.5661057633385265, 'scale': 0.07049634608324497, 'error_term': 11.049543470953804, 'win_prob_k': 6.001232367634065}",0.0,-6
2024-11-23,Milwaukee Bucks,Charlotte Hornets,125,119,False,False,2024-11-23|Charlotte Hornets|Milwaukee Bucks,,,,2024-11-23|Charlotte Hornets|Milwaukee Bucks,0.7011251152068709,5.117018663217399,,elo,"{'home_advantage': 2.5661057633385265, 'scale': 0.07049634608324497, 'error_term': 11.049543470953804, 'win_prob_k': 6.001232367634065}",1.0,6
2024-11-23,San Antonio Spurs,Golden State Warriors,104,94,False,False,2024-11-23|Golden State Warriors|San Antonio Spurs,,,,2024-11-23|Golden State Warriors|San Antonio Spurs,0.21959171189613186,-7.609846271913174,,elo,"{'home_advantage': 2.5661057633385265, 'scale': 0.07049634608324497, 'error_term': 11.049543470953804, 'win_prob_k': 6.001232367634065}",1.0,10
2024-11-23,Los Angeles Lakers,Denver Nuggets,102,127,False,False,2024-11-23|Denver Nuggets|Los Angeles Lakers,,,,2024-11-23|Denver Nuggets|Los Angeles Lakers,0.7085625992667939,5.331573907141317,,elo,"{'home_advantage': 2.5661057633385265, 'scale': 0.07049634608324497, 'error_term': 11.049543470953804, 'win_prob_k': 6.001232367634065}",0.0,-25
2024-11-24,Boston Celtics,Minnesota Timberwolves,107,105,False,False,2024-11-24|Minnesota Timberwolves|Boston Celtics,,,,2024-11-24|Minnesota Timberwolves|Boston Celtics,0.8726000410015532,11.711308680209367,,elo,"{'home_advantage': 2.454173158083141, 'scale': 0.06996427026359947, 'error_term': 11.32912595446349, 'win_prob_k': 6.0864972677762985}",1.0,2
2024-11-24,Indiana Pacers,Washington Wizards,115,103,False,False,2024-11-24|Washington Wizards|Indiana Pacers,,,,2024-11-24|Washington Wizards|Indiana Pacers,0.7897071766854543,8.053417382498015,,elo,"{'home_advantage': 2.454173158083141, 'scale': 0.06996427026359947, 'error_term': 11.32912595446349, 'win_prob_k': 6.0864972677762985}",1.0,12
2024-11-24,Miami Heat,Dallas Mavericks,123,118,False,False,2024-11-24|Dallas Mavericks|Miami Heat,,,,2024-11-24|Dallas Mavericks|Miami Heat,0.45741930538249764,-1.0391862225548265,,elo,"{'home_advantage': 2.454173158083141, 'scale': 0.06996427026359947, 'error_term': 11.32912595446349, 'win_prob_k': 6.0864972677762985}",1.0,5
2024-11-24,Philadelphia 76ers,Los Angeles Clippers,99,125,False,False,2024-11-24|Los Angeles Clippers|Philadelphia 76ers,,,,2024-11-24|Los Angeles Clippers|Philadelphia 76ers,0.164143991374119,-9.907066594306677,,elo,"{'home_advantage': 2.454173158083141, 'scale': 0.06996427026359947, 'error_term': 11.32912595446349, 'win_prob_k': 6.0864972677762985}",0.0,-26
2024-11-24,Cleveland Cavaliers,Toronto Raptors,122,108,False,False,2024-11-24|Toronto Raptors|Cleveland Cavaliers,,,,2024-11-24|Toronto Raptors|Cleveland Cavaliers,0.9736427974750685,21.968012363782154,,elo,"{'home_advantage': 2.454173158083141, 'scale': 0.06996427026359947, 'error_term': 11.32912595446349, 'win_prob_k': 6.0864972677762985}",1.0,14
2024-11-24,Sacramento Kings,Brooklyn Nets,103,108,False,False,2024-11-24|Brooklyn Nets|Sacramento Kings,,,,2024-11-24|Brooklyn Nets|Sacramento Kings,0.7114012620340182,5.49123394053923,,elo,"{'home_advantage': 2.454173158083141, 'scale': 0.06996427026359947, 'error_term': 11.32912595446349, 'win_prob_k': 6.0864972677762985}",0.0,-5
2024-11-25,Charlotte Hornets,Orlando Magic,84,95,False,False,2024-11-25|Orlando Magic|Charlotte Hornets,,,,2024-11-25|Orlando Magic|Charlotte Hornets,0.2502070327492059,-6.450933150516501,,elo,"{'home_advantage': 2.3674404643745737, 'scale': 0.066729394129527, 'error_term': 11.366474763624828, 'win_prob_k': 5.877798330410322}",0.0,-11
2024-11-25,Detroit Pistons,Toronto Raptors,102,100,False,False,2024-11-25|Toronto Raptors|Detroit Pistons,,,,2024-11-25|Toronto Raptors|Detroit Pistons,0.7118402778836644,5.315520150329721,,elo,"{'home_advantage': 2.3674404643745737, 'scale': 0.066729394129527, 'error_term': 11.366474763624828, 'win_prob_k': 5.877798330410322}",1.0,2
2024-11-25,Indiana Pacers,New Orleans Pelicans,114,110,False,False,2024-11-25|New Orleans Pelicans|Indiana Pacers,,,,2024-11-25|New Orleans Pelicans|Indiana Pacers,0.7656537018807985,6.9589020908072445,,elo,"{'home_advantage': 2.3674404643745737, 'scale': 0.066729394129527, 'error_term': 11.366474763624828, 'win_prob_k': 5.877798330410322}",1.0,4
2024-11-25,Atlanta Hawks,Dallas Mavericks,119,129,False,False,2024-11-25|Dallas Mavericks|Atlanta Hawks,,,,2024-11-25|Dallas Mavericks|Atlanta Hawks,0.4407765761304616,-1.3989804306206821,,elo,"{'home_advantage': 2.3674404643745737, 'scale': 0.066729394129527, 'error_term': 11.366474763624828, 'win_prob_k': 5.877798330410322}",0.0,-10
2024-11-25,Boston Celtics,Los Angeles Clippers,126,94,False,False,2024-11-25|Los Angeles Clippers|Boston Celtics,,,,2024-11-25|Los Angeles Clippers|Boston Celtics,0.761329687728267,6.818148142628992,,elo,"{'home_advantage': 2.3674404643745737, 'scale': 0.066729394129527, 'error_term': 11.366474763624828, 'win_prob_k': 5.877798330410322}",1.0,32
2024-11-25,Memphis Grizzlies,Portland Trail Blazers,123,98,False,False,2024-11-25|Portland Trail Blazers|Memphis Grizzlies,,,,2024-11-25|Portland Trail Blazers|Memphis Grizzlies,0.7095447351540349,5.249896501877795,,elo,"{'home_advantage': 2.3674404643745737, 'scale': 0.066729394129527, 'error_term': 11.366474763624828, 'win_prob_k': 5.877798330410322}",1.0,25
2024-11-25,Denver Nuggets,New York Knicks,118,145,False,False,2024-11-25|New York Knicks|Denver Nuggets,,,,2024-11-25|New York Knicks|Denver Nuggets,0.6621343353286512,3.9547007671461847,,elo,"{'home_advantage': 2.3674404643745737, 'scale': 0.066729394129527, 'error_term': 11.366474763624828, 'win_prob_k': 5.877798330410322}",0.0,-27
2024-11-25,Golden State Warriors,Brooklyn Nets,120,128,False,False,2024-11-25|Brooklyn Nets|Golden State Warriors,,,,2024-11-25|Brooklyn Nets|Golden State Warriors,0.8872249218877843,12.124153132409496,,elo,"{'home_advantage': 2.3674404643745737, 'scale': 0.066729394129527, 'error_term': 11.366474763624828, 'win_prob_k': 5.877798330410322}",0.0,-8
2024-11-25,Sacramento Kings,Oklahoma City Thunder,109,130,False,False,2024-11-25|Oklahoma City Thunder|Sacramento Kings,,,,2024-11-25|Oklahoma City Thunder|Sacramento Kings,0.27310035740899574,-5.754065312717976,,elo,"{'home_advantage': 2.3674404643745737, 'scale': 0.066729394129527, 'error_term': 11.366474763624828, 'win_prob_k': 5.877798330410322}",0.0,-21
2024-11-26,Washington Wizards,Chicago Bulls,108,127,False,False,2024-11-26|Chicago Bulls|Washington Wizards,,,,2024-11-26|Chicago Bulls|Washington Wizards,0.28174614687397037,-5.7006546288893585,,elo,"{'home_advantage': 2.2593019096896656, 'scale': 0.06665264086091585, 'error_term': 11.469328443591618, 'win_prob_k': 6.091636671499652}",0.0,-19
2024-11-26,Miami Heat,Milwaukee Bucks,103,106,False,False,2024-11-26|Milwaukee Bucks|Miami Heat,,,,2024-11-26|Milwaukee Bucks|Miami Heat,0.5940656716177437,2.319685971606204,,elo,"{'home_advantage': 2.2593019096896656, 'scale': 0.06665264086091585, 'error_term': 11.469328443591618, 'win_prob_k': 6.091636671499652}",0.0,-3
2024-11-26,Minnesota Timberwolves,Houston Rockets,111,117,False,False,2024-11-26|Houston Rockets|Minnesota Timberwolves,,,,2024-11-26|Houston Rockets|Minnesota Timberwolves,0.3761584719710035,-3.0816728077491344,,elo,"{'home_advantage': 2.2593019096896656, 'scale': 0.06665264086091585, 'error_term': 11.469328443591618, 'win_prob_k': 6.091636671499652}",0.0,-6
2024-11-26,Utah Jazz,San Antonio Spurs,115,128,False,False,2024-11-26|San Antonio Spurs|Utah Jazz,,,,2024-11-26|San Antonio Spurs|Utah Jazz,0.31140594805624316,-4.834046014285484,,elo,"{'home_advantage': 2.2593019096896656, 'scale': 0.06665264086091585, 'error_term': 11.469328443591618, 'win_prob_k': 6.091636671499652}",0.0,-13
2024-11-26,Phoenix Suns,Los Angeles Lakers,127,100,False,False,2024-11-26|Los Angeles Lakers|Phoenix Suns,,,,2024-11-26|Los Angeles Lakers|Phoenix Suns,0.49688379904658303,-0.07593203916308955,,elo,"{'home_advantage': 2.2593019096896656, 'scale': 0.06665264086091585, 'error_term': 11.469328443591618, 'win_prob_k': 6.091636671499652}",1.0,27
2024-11-27,Charlotte Hornets,Miami Heat,94,98,False,False,2024-11-27|Miami Heat|Charlotte Hornets,,,,2024-11-27|Miami Heat|Charlotte Hornets,0.4285065519742816,-1.742891254727701,,elo,"{'home_advantage': 2.2074695463912475, 'scale': 0.0660431891366234, 'error_term': 11.490847771837462, 'win_prob_k': 6.052819837734251}",0.0,-4
2024-11-27,Cleveland Cavaliers,Atlanta Hawks,124,135,False,False,2024-11-27|Atlanta Hawks|Cleveland Cavaliers,,,,2024-11-27|Atlanta Hawks|Cleveland Cavaliers,0.9531631446041368,18.23784634981066,,elo,"{'home_advantage': 2.2074695463912475, 'scale': 0.0660431891366234, 'error_term': 11.490847771837462, 'win_prob_k': 6.052819837734251}",0.0,-11
2024-11-27,Indiana Pacers,Portland Trail Blazers,121,114,False,False,2024-11-27|Portland Trail Blazers|Indiana Pacers,,,,2024-11-27|Portland Trail Blazers|Indiana Pacers,0.537949379909464,0.920573453692656,,elo,"{'home_advantage': 2.2074695463912475, 'scale': 0.0660431891366234, 'error_term': 11.490847771837462, 'win_prob_k': 6.052819837734251}",1.0,7
2024-11-27,Orlando Magic,Chicago Bulls,133,119,False,False,2024-11-27|Chicago Bulls|Orlando Magic,,,,2024-11-27|Chicago Bulls|Orlando Magic,0.8309296870636408,9.637484341890058,,elo,"{'home_advantage': 2.2074695463912475, 'scale': 0.0660431891366234, 'error_term': 11.490847771837462, 'win_prob_k': 6.052819837734251}",1.0,14
2024-11-27,Philadelphia 76ers,Houston Rockets,115,122,False,False,2024-11-27|Houston Rockets|Philadelphia 76ers,,,,2024-11-27|Houston Rockets|Philadelphia 76ers,0.12148319576088264,-11.975256422377758,,elo,"{'home_advantage': 2.2074695463912475, 'scale': 0.0660431891366234, 'error_term': 11.490847771837462, 'win_prob_k': 6.052819837734251}",0.0,-7
2024-11-27,Washington Wizards,Los Angeles Clippers,96,121,False,False,2024-11-27|Los Angeles Clippers|Washington Wizards,,,,2024-11-27|Los Angeles Clippers|Washington Wizards,0.09996452162560639,-13.30179093274333,,elo,"{'home_advantage': 2.2074695463912475, 'scale': 0.0660431891366234, 'error_term': 11.490847771837462, 'win_prob_k': 6.052819837734251}",0.0,-25
2024-11-27,Dallas Mavericks,New York Knicks,129,114,False,False,2024-11-27|New York Knicks|Dallas Mavericks,,,,2024-11-27|New York Knicks|Dallas Mavericks,0.5818503222700555,1.9996930136518953,,elo,"{'home_advantage': 2.2074695463912475, 'scale': 0.0660431891366234, 'error_term': 11.490847771837462, 'win_prob_k': 6.052819837734251}",1.0,15
2024-11-27,Memphis Grizzlies,Detroit Pistons,131,111,False,False,2024-11-27|Detroit Pistons|Memphis Grizzlies,,,,2024-11-27|Detroit Pistons|Memphis Grizzlies,0.8065020644347928,8.64003481162648,,elo,"{'home_advantage': 2.2074695463912475, 'scale': 0.0660431891366234, 'error_term': 11.490847771837462, 'win_prob_k': 6.052819837734251}",1.0,20
2024-11-27,Minnesota Timberwolves,Sacramento Kings,104,115,False,False,2024-11-27|Sacramento Kings|Minnesota Timberwolves,,,,2024-11-27|Sacramento Kings|Minnesota Timberwolves,0.6573391971059104,3.9431646969777177,,elo,"{'home_advantage': 2.2074695463912475, 'scale': 0.0660431891366234, 'error_term': 11.490847771837462, 'win_prob_k': 6.052819837734251}",0.0,-11
2024-11-27,New Orleans Pelicans,Toronto Raptors,93,119,False,False,2024-11-27|Toronto Raptors|New Orleans Pelicans,,,,2024-11-27|Toronto Raptors|New Orleans Pelicans,0.5450984966573807,1.0948678681378767,,elo,"{'home_advantage': 2.2074695463912475, 'scale': 0.0660431891366234, 'error_term': 11.490847771837462, 'win_prob_k': 6.052819837734251}",0.0,-26
2024-11-27,San Antonio Spurs,Los Angeles Lakers,101,119,False,False,2024-11-27|Los Angeles Lakers|San Antonio Spurs,,,,2024-11-27|Los Angeles Lakers|San Antonio Spurs,0.6503975167624749,3.757511828490157,,elo,"{'home_advantage': 2.2074695463912475, 'scale': 0.0660431891366234, 'error_term': 11.490847771837462, 'win_prob_k': 6.052819837734251}",0.0,-18
2024-11-27,Phoenix Suns,Brooklyn Nets,117,127,False,False,2024-11-27|Brooklyn Nets|Phoenix Suns,,,,2024-11-27|Brooklyn Nets|Phoenix Suns,0.63870242756518,3.4485138554373194,,elo,"{'home_advantage': 2.2074695463912475, 'scale': 0.0660431891366234, 'error_term': 11.490847771837462, 'win_prob_k': 6.052819837734251}",0.0,-10
2024-11-27,Utah Jazz,Denver Nuggets,103,122,False,False,2024-11-27|Denver Nuggets|Utah Jazz,,,,2024-11-27|Denver Nuggets|Utah Jazz,0.2749520221130539,-5.8690635614116475,,elo,"{'home_advantage': 2.2074695463912475, 'scale': 0.0660431891366234, 'error_term': 11.490847771837462, 'win_prob_k': 6.052819837734251}",0.0,-19
2024-11-27,Golden State Warriors,Oklahoma City Thunder,101,105,False,False,2024-11-27|Oklahoma City Thunder|Golden State Warriors,,,,2024-11-27|Oklahoma City Thunder|Golden State Warriors,0.5512749616311695,1.245811923216796,,elo,"{'home_advantage': 2.2074695463912475, 'scale': 0.0660431891366234, 'error_term': 11.490847771837462, 'win_prob_k': 6.052819837734251}",0.0,-4
2024-11-29,Charlotte Hornets,New York Knicks,98,99,False,False,2024-11-29|New York Knicks|Charlotte Hornets,,,,2024-11-29|New York Knicks|Charlotte Hornets,0.29786311792103476,-5.575089834191619,,elo,"{'home_advantage': 1.913986598518843, 'scale': 0.06370738955966959, 'error_term': 11.636683929196101, 'win_prob_k': 6.501605489740035}",0.0,-1
2024-11-29,Atlanta Hawks,Cleveland Cavaliers,117,101,False,False,2024-11-29|Cleveland Cavaliers|Atlanta Hawks,,,,2024-11-29|Cleveland Cavaliers|Atlanta Hawks,0.19423273781752792,-9.250080051636033,,elo,"{'home_advantage': 1.913986598518843, 'scale': 0.06370738955966959, 'error_term': 11.636683929196101, 'win_prob_k': 6.501605489740035}",1.0,16
2024-11-29,Memphis Grizzlies,New Orleans Pelicans,120,109,False,False,2024-11-29|New Orleans Pelicans|Memphis Grizzlies,,,,2024-11-29|New Orleans Pelicans|Memphis Grizzlies,0.9218021882413749,16.04003931864789,,elo,"{'home_advantage': 1.913986598518843, 'scale': 0.06370738955966959, 'error_term': 11.636683929196101, 'win_prob_k': 6.501605489740035}",1.0,11
2024-11-29,Brooklyn Nets,Orlando Magic,100,123,False,False,2024-11-29|Orlando Magic|Brooklyn Nets,,,,2024-11-29|Orlando Magic|Brooklyn Nets,0.3783896515466212,-3.2273251751808516,,elo,"{'home_advantage': 1.913986598518843, 'scale': 0.06370738955966959, 'error_term': 11.636683929196101, 'win_prob_k': 6.501605489740035}",0.0,-23
2024-11-29,Minnesota Timberwolves,Los Angeles Clippers,93,92,False,False,2024-11-29|Los Angeles Clippers|Minnesota Timberwolves,,,,2024-11-29|Los Angeles Clippers|Minnesota Timberwolves,0.28146332366145016,-6.093399586968765,,elo,"{'home_advantage': 1.913986598518843, 'scale': 0.06370738955966959, 'error_term': 11.636683929196101, 'win_prob_k': 6.501605489740035}",1.0,1
2024-11-29,Chicago Bulls,Boston Celtics,129,138,False,False,2024-11-29|Boston Celtics|Chicago Bulls,,,,2024-11-29|Boston Celtics|Chicago Bulls,0.17495862415102892,-10.083236091379415,,elo,"{'home_advantage': 1.913986598518843, 'scale': 0.06370738955966959, 'error_term': 11.636683929196101, 'win_prob_k': 6.501605489740035}",0.0,-9
2024-11-29,Indiana Pacers,Detroit Pistons,106,130,False,False,2024-11-29|Detroit Pistons|Indiana Pacers,,,,2024-11-29|Detroit Pistons|Indiana Pacers,0.6551156582148135,4.171447492550448,,elo,"{'home_advantage': 1.913986598518843, 'scale': 0.06370738955966959, 'error_term': 11.636683929196101, 'win_prob_k': 6.501605489740035}",0.0,-24
2024-11-29,Miami Heat,Toronto Raptors,121,111,False,False,2024-11-29|Toronto Raptors|Miami Heat,,,,2024-11-29|Toronto Raptors|Miami Heat,0.7849958542144828,8.419716461142269,,elo,"{'home_advantage': 1.913986598518843, 'scale': 0.06370738955966959, 'error_term': 11.636683929196101, 'win_prob_k': 6.501605489740035}",1.0,10
2024-11-29,Los Angeles Lakers,Oklahoma City Thunder,93,101,False,False,2024-11-29|Oklahoma City Thunder|Los Angeles Lakers,,,,2024-11-29|Oklahoma City Thunder|Los Angeles Lakers,0.37395371099746927,-3.3502271820802427,,elo,"{'home_advantage': 1.913986598518843, 'scale': 0.06370738955966959, 'error_term': 11.636683929196101, 'win_prob_k': 6.501605489740035}",0.0,-8
2024-11-29,Portland Trail Blazers,Sacramento Kings,115,106,False,False,2024-11-29|Sacramento Kings|Portland Trail Blazers,,,,2024-11-29|Sacramento Kings|Portland Trail Blazers,0.5602252128788816,1.5738834327791915,,elo,"{'home_advantage': 1.913986598518843, 'scale': 0.06370738955966959, 'error_term': 11.636683929196101, 'win_prob_k': 6.501605489740035}",1.0,9
2024-11-30,Charlotte Hornets,Atlanta Hawks,104,107,False,False,2024-11-30|Atlanta Hawks|Charlotte Hornets,,,,2024-11-30|Atlanta Hawks|Charlotte Hornets,0.31833862469678625,-5.007126612621663,,elo,"{'home_advantage': 1.9205286451930115, 'scale': 0.06139314274121574, 'error_term': 11.692259236957812, 'win_prob_k': 6.576060624990895}",0.0,-3
2024-11-30,Detroit Pistons,Philadelphia 76ers,96,111,False,False,2024-11-30|Philadelphia 76ers|Detroit Pistons,,,,2024-11-30|Philadelphia 76ers|Detroit Pistons,0.7864310470939886,8.572192940763857,,elo,"{'home_advantage': 1.9205286451930115, 'scale': 0.06139314274121574, 'error_term': 11.692259236957812, 'win_prob_k': 6.576060624990895}",0.0,-15
2024-11-30,Milwaukee Bucks,Washington Wizards,124,114,False,False,2024-11-30|Washington Wizards|Milwaukee Bucks,,,,2024-11-30|Washington Wizards|Milwaukee Bucks,0.9097112780839283,15.191454419409482,,elo,"{'home_advantage': 1.9205286451930115, 'scale': 0.06139314274121574, 'error_term': 11.692259236957812, 'win_prob_k': 6.576060624990895}",1.0,10
2024-11-30,Phoenix Suns,Golden State Warriors,113,105,False,False,2024-11-30|Golden State Warriors|Phoenix Suns,,,,2024-11-30|Golden State Warriors|Phoenix Suns,0.41323355289107155,-2.305658451156043,,elo,"{'home_advantage': 1.9205286451930115, 'scale': 0.06139314274121574, 'error_term': 11.692259236957812, 'win_prob_k': 6.576060624990895}",1.0,8
2024-11-30,Utah Jazz,Dallas Mavericks,94,106,False,False,2024-11-30|Dallas Mavericks|Utah Jazz,,,,2024-11-30|Dallas Mavericks|Utah Jazz,0.2042586359714052,-8.942700665486052,,elo,"{'home_advantage': 1.9205286451930115, 'scale': 0.06139314274121574, 'error_term': 11.692259236957812, 'win_prob_k': 6.576060624990895}",0.0,-12
2024-12-01,Brooklyn Nets,Orlando Magic,92,100,False,False,2024-12-01|Orlando Magic|Brooklyn Nets,,,,2024-12-01|Orlando Magic|Brooklyn Nets,0.3138045987731624,-5.098595884911991,,elo,"{'home_advantage': 1.833618534326386, 'scale': 0.05916047680483748, 'error_term': 11.750160396282505, 'win_prob_k': 6.5166774705592285}",0.0,-8
2024-12-01,Memphis Grizzlies,Indiana Pacers,136,121,False,False,2024-12-01|Indiana Pacers|Memphis Grizzlies,,,,2024-12-01|Indiana Pacers|Memphis Grizzlies,0.7940929607697012,8.796053105526562,,elo,"{'home_advantage': 1.833618534326386, 'scale': 0.05916047680483748, 'error_term': 11.750160396282505, 'win_prob_k': 6.5166774705592285}",1.0,15
2024-12-01,Cleveland Cavaliers,Boston Celtics,115,111,False,False,2024-12-01|Boston Celtics|Cleveland Cavaliers,,,,2024-12-01|Boston Celtics|Cleveland Cavaliers,0.47689722265017326,-0.6026425102929711,,elo,"{'home_advantage': 1.833618534326386, 'scale': 0.05916047680483748, 'error_term': 11.750160396282505, 'win_prob_k': 6.5166774705592285}",1.0,4
2024-12-01,New York Knicks,New Orleans Pelicans,118,85,False,False,2024-12-01|New Orleans Pelicans|New York Knicks,,,,2024-12-01|New Orleans Pelicans|New York Knicks,0.8947209858082239,13.945023900627783,,elo,"{'home_advantage': 1.833618534326386, 'scale': 0.05916047680483748, 'error_term': 11.750160396282505, 'win_prob_k': 6.5166774705592285}",1.0,33
2024-12-01,Toronto Raptors,Miami Heat,119,116,False,False,2024-12-01|Miami Heat|Toronto Raptors,,,,2024-12-01|Miami Heat|Toronto Raptors,0.2974913547300186,-5.599602020304164,,elo,"{'home_advantage': 1.833618534326386, 'scale': 0.05916047680483748, 'error_term': 11.750160396282505, 'win_prob_k': 6.5166774705592285}",1.0,3
2024-12-01,Houston Rockets,Oklahoma City Thunder,119,116,False,False,2024-12-01|Oklahoma City Thunder|Houston Rockets,,,,2024-12-01|Oklahoma City Thunder|Houston Rockets,0.4804622652102216,-0.5095439097627275,,elo,"{'home_advantage': 1.833618534326386, 'scale': 0.05916047680483748, 'error_term': 11.750160396282505, 'win_prob_k': 6.5166774705592285}",1.0,3
2024-12-01,Utah Jazz,Los Angeles Lakers,104,105,False,False,2024-12-01|Los Angeles Lakers|Utah Jazz,,,,2024-12-01|Los Angeles Lakers|Utah Jazz,0.2509490496064731,-7.126358765479925,,elo,"{'home_advantage': 1.833618534326386, 'scale': 0.05916047680483748, 'error_term': 11.750160396282505, 'win_prob_k': 6.5166774705592285}",0.0,-1
2024-12-01,Portland Trail Blazers,Dallas Mavericks,131,137,False,False,2024-12-01|Dallas Mavericks|Portland Trail Blazers,,,,2024-12-01|Dallas Mavericks|Portland Trail Blazers,0.3693814337889445,-3.4855842897043186,,elo,"{'home_advantage': 1.833618534326386, 'scale': 0.05916047680483748, 'error_term': 11.750160396282505, 'win_prob_k': 6.5166774705592285}",0.0,-6
2024-12-01,Sacramento Kings,San Antonio Spurs,125,127,False,False,2024-12-01|San Antonio Spurs|Sacramento Kings,,,,2024-12-01|San Antonio Spurs|Sacramento Kings,0.43181307392697665,-1.7885520783514999,,elo,"{'home_advantage': 1.833618534326386, 'scale': 0.05916047680483748, 'error_term': 11.750160396282505, 'win_prob_k': 6.5166774705592285}",0.0,-2
2024-12-01,Los Angeles Clippers,Denver Nuggets,126,122,False,False,2024-12-01|Denver Nuggets|Los Angeles Clippers,,,,2024-12-01|Denver Nuggets|Los Angeles Clippers,0.5982832394435099,2.5957035621828703,,elo,"{'home_advantage': 1.833618534326386, 'scale': 0.05916047680483748, 'error_term': 11.750160396282505, 'win_prob_k': 6.5166774705592285}",1.0,4
2024-12-02,Atlanta Hawks,New Orleans Pelicans,124,112,False,False,2024-12-02|New Orleans Pelicans|Atlanta Hawks,,,,2024-12-02|New Orleans Pelicans|Atlanta Hawks,0.8791127695538975,12.972509887883138,,elo,"{'home_advantage': 1.9366886578987874, 'scale': 0.05759506811916772, 'error_term': 11.618861407174357, 'win_prob_k': 6.538382027222315}",1.0,12
2024-12-02,Boston Celtics,Miami Heat,108,89,False,False,2024-12-02|Miami Heat|Boston Celtics,,,,2024-12-02|Miami Heat|Boston Celtics,0.8388141011641603,10.784608436074931,,elo,"{'home_advantage': 1.9366886578987874, 'scale': 0.05759506811916772, 'error_term': 11.618861407174357, 'win_prob_k': 6.538382027222315}",1.0,19
2024-12-02,Chicago Bulls,Brooklyn Nets,128,102,False,False,2024-12-02|Brooklyn Nets|Chicago Bulls,,,,2024-12-02|Brooklyn Nets|Chicago Bulls,0.5027837336202754,0.07280520773193677,,elo,"{'home_advantage': 1.9366886578987874, 'scale': 0.05759506811916772, 'error_term': 11.618861407174357, 'win_prob_k': 6.538382027222315}",1.0,26
2024-12-02,Minnesota Timberwolves,Los Angeles Lakers,109,80,False,False,2024-12-02|Los Angeles Lakers|Minnesota Timberwolves,,,,2024-12-02|Los Angeles Lakers|Minnesota Timberwolves,0.4358573111844448,-1.6868521651393238,,elo,"{'home_advantage': 1.9366886578987874, 'scale': 0.05759506811916772, 'error_term': 11.618861407174357, 'win_prob_k': 6.538382027222315}",1.0,29
2024-12-03,Charlotte Hornets,Philadelphia 76ers,104,110,False,False,2024-12-03|Philadelphia 76ers|Charlotte Hornets,,,,2024-12-03|Philadelphia 76ers|Charlotte Hornets,0.5507114729204903,1.3260152823568334,,elo,"{'home_advantage': 2.12000269067035, 'scale': 0.05729588990552209, 'error_term': 11.732067238114343, 'win_prob_k': 6.514581073561223}",0.0,-6
2024-12-03,Cleveland Cavaliers,Washington Wizards,118,87,False,False,2024-12-03|Washington Wizards|Cleveland Cavaliers,,,,2024-12-03|Washington Wizards|Cleveland Cavaliers,0.9639685818443376,21.41126135791593,,elo,"{'home_advantage': 2.12000269067035, 'scale': 0.05729588990552209, 'error_term': 11.732067238114343, 'win_prob_k': 6.514581073561223}",1.0,31
2024-12-03,Detroit Pistons,Milwaukee Bucks,107,128,False,False,2024-12-03|Milwaukee Bucks|Detroit Pistons,,,,2024-12-03|Milwaukee Bucks|Detroit Pistons,0.3675459338955029,-3.5358494253039807,,elo,"{'home_advantage': 2.12000269067035, 'scale': 0.05729588990552209, 'error_term': 11.732067238114343, 'win_prob_k': 6.514581073561223}",0.0,-21
2024-12-03,New York Knicks,Orlando Magic,121,106,False,False,2024-12-03|Orlando Magic|New York Knicks,,,,2024-12-03|Orlando Magic|New York Knicks,0.39226896496744074,-2.8519837115959112,,elo,"{'home_advantage': 2.12000269067035, 'scale': 0.05729588990552209, 'error_term': 11.732067238114343, 'win_prob_k': 6.514581073561223}",1.0,15
2024-12-03,Toronto Raptors,Indiana Pacers,122,111,False,False,2024-12-03|Indiana Pacers|Toronto Raptors,,,,2024-12-03|Indiana Pacers|Toronto Raptors,0.5225042516696854,0.586819555204531,,elo,"{'home_advantage': 2.12000269067035, 'scale': 0.05729588990552209, 'error_term': 11.732067238114343, 'win_prob_k': 6.514581073561223}",1.0,11
2024-12-03,Oklahoma City Thunder,Utah Jazz,133,106,False,False,2024-12-03|Utah Jazz|Oklahoma City Thunder,,,,2024-12-03|Utah Jazz|Oklahoma City Thunder,0.9345241865490376,17.318080206881273,,elo,"{'home_advantage': 2.12000269067035, 'scale': 0.05729588990552209, 'error_term': 11.732067238114343, 'win_prob_k': 6.514581073561223}",1.0,27
2024-12-03,Dallas Mavericks,Memphis Grizzlies,121,116,False,False,2024-12-03|Memphis Grizzlies|Dallas Mavericks,,,,2024-12-03|Memphis Grizzlies|Dallas Mavericks,0.5895230871726718,2.3582405476459423,,elo,"{'home_advantage': 2.12000269067035, 'scale': 0.05729588990552209, 'error_term': 11.732067238114343, 'win_prob_k': 6.514581073561223}",1.0,5
2024-12-03,Phoenix Suns,San Antonio Spurs,104,93,False,False,2024-12-03|San Antonio Spurs|Phoenix Suns,,,,2024-12-03|San Antonio Spurs|Phoenix Suns,0.541157299215013,1.0749224338096262,,elo,"{'home_advantage': 2.12000269067035, 'scale': 0.05729588990552209, 'error_term': 11.732067238114343, 'win_prob_k': 6.514581073561223}",1.0,11
2024-12-03,Denver Nuggets,Golden State Warriors,119,115,False,False,2024-12-03|Golden State Warriors|Denver Nuggets,,,,2024-12-03|Golden State Warriors|Denver Nuggets,0.5333052122373148,0.8691650258719379,,elo,"{'home_advantage': 2.12000269067035, 'scale': 0.05729588990552209, 'error_term': 11.732067238114343, 'win_prob_k': 6.514581073561223}",1.0,4
2024-12-03,Sacramento Kings,Houston Rockets,120,111,False,False,2024-12-03|Houston Rockets|Sacramento Kings,,,,2024-12-03|Houston Rockets|Sacramento Kings,0.21241449330900788,-8.536918253060442,,elo,"{'home_advantage': 2.12000269067035, 'scale': 0.05729588990552209, 'error_term': 11.732067238114343, 'win_prob_k': 6.514581073561223}",1.0,9
2024-12-03,Los Angeles Clippers,Portland Trail Blazers,127,105,False,False,2024-12-03|Portland Trail Blazers|Los Angeles Clippers,,,,2024-12-03|Portland Trail Blazers|Los Angeles Clippers,0.771058167450298,7.910628761627844,,elo,"{'home_advantage': 2.12000269067035, 'scale': 0.05729588990552209, 'error_term': 11.732067238114343, 'win_prob_k': 6.514581073561223}",1.0,22
2024-12-04,Boston Celtics,Detroit Pistons,130,120,False,False,2024-12-04|Detroit Pistons|Boston Celtics,,,,2024-12-04|Detroit Pistons|Boston Celtics,0.9167008424945388,15.883719533033275,,elo,"{'home_advantage': 2.3229815544808314, 'scale': 0.05797674743771382, 'error_term': 11.707777398114102, 'win_prob_k': 6.622789649423144}",1.0,10
2024-12-04,Brooklyn Nets,Indiana Pacers,99,90,False,False,2024-12-04|Indiana Pacers|Brooklyn Nets,,,,2024-12-04|Indiana Pacers|Brooklyn Nets,0.6728075172029375,4.774439600786854,,elo,"{'home_advantage': 2.3229815544808314, 'scale': 0.05797674743771382, 'error_term': 11.707777398114102, 'win_prob_k': 6.622789649423144}",1.0,9
2024-12-04,Miami Heat,Los Angeles Lakers,134,93,False,False,2024-12-04|Los Angeles Lakers|Miami Heat,,,,2024-12-04|Los Angeles Lakers|Miami Heat,0.527636164493315,0.7328609297222768,,elo,"{'home_advantage': 2.3229815544808314, 'scale': 0.05797674743771382, 'error_term': 11.707777398114102, 'win_prob_k': 6.622789649423144}",1.0,41
2024-12-04,Philadelphia 76ers,Orlando Magic,102,106,False,False,2024-12-04|Orlando Magic|Philadelphia 76ers,,,,2024-12-04|Orlando Magic|Philadelphia 76ers,0.19431058029369416,-9.419199825330596,,elo,"{'home_advantage': 2.3229815544808314, 'scale': 0.05797674743771382, 'error_term': 11.707777398114102, 'win_prob_k': 6.622789649423144}",0.0,-4
2024-12-04,Milwaukee Bucks,Atlanta Hawks,104,119,False,False,2024-12-04|Atlanta Hawks|Milwaukee Bucks,,,,2024-12-04|Atlanta Hawks|Milwaukee Bucks,0.6435282198653688,3.912153379828988,,elo,"{'home_advantage': 2.3229815544808314, 'scale': 0.05797674743771382, 'error_term': 11.707777398114102, 'win_prob_k': 6.622789649423144}",0.0,-15
2024-12-04,Los Angeles Clippers,Minnesota Timberwolves,80,108,False,False,2024-12-04|Minnesota Timberwolves|Los Angeles Clippers,,,,2024-12-04|Minnesota Timberwolves|Los Angeles Clippers,0.7486382783756564,7.227866942552285,,elo,"{'home_advantage': 2.3229815544808314, 'scale': 0.05797674743771382, 'error_term': 11.707777398114102, 'win_prob_k': 6.622789649423144}",0.0,-28
2024-12-05,Cleveland Cavaliers,Denver Nuggets,126,114,False,False,2024-12-05|Denver Nuggets|Cleveland Cavaliers,,,,2024-12-05|Denver Nuggets|Cleveland Cavaliers,0.7905157247933589,8.740589402643511,,elo,"{'home_advantage': 2.3384521262917866, 'scale': 0.05648847365542645, 'error_term': 11.993539510086357, 'win_prob_k': 6.58158639631216}",1.0,12
2024-12-05,Washington Wizards,Dallas Mavericks,101,137,False,False,2024-12-05|Dallas Mavericks|Washington Wizards,,,,2024-12-05|Dallas Mavericks|Washington Wizards,0.0982586067041654,-14.58956663270891,,elo,"{'home_advantage': 2.3384521262917866, 'scale': 0.05648847365542645, 'error_term': 11.993539510086357, 'win_prob_k': 6.58158639631216}",0.0,-36
2024-12-05,New York Knicks,Charlotte Hornets,125,101,False,False,2024-12-05|Charlotte Hornets|New York Knicks,,,,2024-12-05|Charlotte Hornets|New York Knicks,0.9025741947899725,14.651662930705543,,elo,"{'home_advantage': 2.3384521262917866, 'scale': 0.05648847365542645, 'error_term': 11.993539510086357, 'win_prob_k': 6.58158639631216}",1.0,24
2024-12-05,Toronto Raptors,Oklahoma City Thunder,92,129,False,False,2024-12-05|Oklahoma City Thunder|Toronto Raptors,,,,2024-12-05|Oklahoma City Thunder|Toronto Raptors,0.22144461320385847,-8.274815525614798,,elo,"{'home_advantage': 2.3384521262917866, 'scale': 0.05648847365542645, 'error_term': 11.993539510086357, 'win_prob_k': 6.58158639631216}",0.0,-37
2024-12-05,Memphis Grizzlies,Sacramento Kings,115,110,False,False,2024-12-05|Sacramento Kings|Memphis Grizzlies,,,,2024-12-05|Sacramento Kings|Memphis Grizzlies,0.7828439646677823,8.43968173754174,,elo,"{'home_advantage': 2.3384521262917866, 'scale': 0.05648847365542645, 'error_term': 11.993539510086357, 'win_prob_k': 6.58158639631216}",1.0,5
2024-12-05,New Orleans Pelicans,Phoenix Suns,126,124,False,False,2024-12-05|Phoenix Suns|New Orleans Pelicans,,,,2024-12-05|Phoenix Suns|New Orleans Pelicans,0.19100131631776907,-9.500631654083842,,elo,"{'home_advantage': 2.3384521262917866, 'scale': 0.05648847365542645, 'error_term': 11.993539510086357, 'win_prob_k': 6.58158639631216}",1.0,2
2024-12-05,San Antonio Spurs,Chicago Bulls,124,139,False,False,2024-12-05|Chicago Bulls|San Antonio Spurs,,,,2024-12-05|Chicago Bulls|San Antonio Spurs,0.6677167974513321,4.593134496502016,,elo,"{'home_advantage': 2.3384521262917866, 'scale': 0.05648847365542645, 'error_term': 11.993539510086357, 'win_prob_k': 6.58158639631216}",0.0,-15
2024-12-05,Golden State Warriors,Houston Rockets,99,93,False,False,2024-12-05|Houston Rockets|Golden State Warriors,,,,2024-12-05|Houston Rockets|Golden State Warriors,0.44197336375371105,-1.5345434605959665,,elo,"{'home_advantage': 2.3384521262917866, 'scale': 0.05648847365542645, 'error_term': 11.993539510086357, 'win_prob_k': 6.58158639631216}",1.0,6
2024-12-06,Philadelphia 76ers,Orlando Magic,102,94,False,False,2024-12-06|Orlando Magic|Philadelphia 76ers,,,,2024-12-06|Orlando Magic|Philadelphia 76ers,0.16628112049655358,-10.866751247290775,,elo,"{'home_advantage': 2.2644282954045627, 'scale': 0.05809763080473439, 'error_term': 12.045557662968344, 'win_prob_k': 6.740255916320693}",1.0,8
2024-12-06,Atlanta Hawks,Los Angeles Lakers,134,132,False,False,2024-12-06|Los Angeles Lakers|Atlanta Hawks,,,,2024-12-06|Los Angeles Lakers|Atlanta Hawks,0.7012778693664684,5.752069599160796,,elo,"{'home_advantage': 2.2644282954045627, 'scale': 0.05809763080473439, 'error_term': 12.045557662968344, 'win_prob_k': 6.740255916320693}",1.0,2
2024-12-06,Boston Celtics,Milwaukee Bucks,111,105,False,False,2024-12-06|Milwaukee Bucks|Boston Celtics,,,,2024-12-06|Milwaukee Bucks|Boston Celtics,0.8131946674733013,9.914265695814034,,elo,"{'home_advantage': 2.2644282954045627, 'scale': 0.05809763080473439, 'error_term': 12.045557662968344, 'win_prob_k': 6.740255916320693}",1.0,6
2024-12-06,Chicago Bulls,Indiana Pacers,123,132,False,False,2024-12-06|Indiana Pacers|Chicago Bulls,,,,2024-12-06|Indiana Pacers|Chicago Bulls,0.7488424888031571,7.363381718015085,,elo,"{'home_advantage': 2.2644282954045627, 'scale': 0.05809763080473439, 'error_term': 12.045557662968344, 'win_prob_k': 6.740255916320693}",0.0,-9
2024-12-06,San Antonio Spurs,Sacramento Kings,113,140,False,False,2024-12-06|Sacramento Kings|San Antonio Spurs,,,,2024-12-06|Sacramento Kings|San Antonio Spurs,0.6652970778177528,4.630490673516777,,elo,"{'home_advantage': 2.2644282954045627, 'scale': 0.05809763080473439, 'error_term': 12.045557662968344, 'win_prob_k': 6.740255916320693}",0.0,-27
2024-12-06,Golden State Warriors,Minnesota Timberwolves,90,107,False,False,2024-12-06|Minnesota Timberwolves|Golden State Warriors,,,,2024-12-06|Minnesota Timberwolves|Golden State Warriors,0.6328725295054619,3.6704731408774247,,elo,"{'home_advantage': 2.2644282954045627, 'scale': 0.05809763080473439, 'error_term': 12.045557662968344, 'win_prob_k': 6.740255916320693}",0.0,-17
2024-12-06,Portland Trail Blazers,Utah Jazz,99,141,False,False,2024-12-06|Utah Jazz|Portland Trail Blazers,,,,2024-12-06|Utah Jazz|Portland Trail Blazers,0.7733803541826172,8.273650211288906,,elo,"{'home_advantage': 2.2644282954045627, 'scale': 0.05809763080473439, 'error_term': 12.045557662968344, 'win_prob_k': 6.740255916320693}",0.0,-42
2024-12-07,Charlotte Hornets,Cleveland Cavaliers,102,116,False,False,2024-12-07|Cleveland Cavaliers|Charlotte Hornets,,,,2024-12-07|Cleveland Cavaliers|Charlotte Hornets,0.0851983001837183,-16.57126320839746,,elo,"{'home_advantage': 1.917356343082586, 'scale': 0.05880219907028889, 'error_term': 12.357888266762357, 'win_prob_k': 6.9811192793886665}",0.0,-14
2024-12-07,New Orleans Pelicans,Oklahoma City Thunder,109,119,False,False,2024-12-07|Oklahoma City Thunder|New Orleans Pelicans,,,,2024-12-07|Oklahoma City Thunder|New Orleans Pelicans,0.10581899088729568,-14.898952748124715,,elo,"{'home_advantage': 1.917356343082586, 'scale': 0.05880219907028889, 'error_term': 12.357888266762357, 'win_prob_k': 6.9811192793886665}",0.0,-10
2024-12-07,Washington Wizards,Denver Nuggets,122,113,False,False,2024-12-07|Denver Nuggets|Washington Wizards,,,,2024-12-07|Denver Nuggets|Washington Wizards,0.1621340640653209,-11.466031556196425,,elo,"{'home_advantage': 1.917356343082586, 'scale': 0.05880219907028889, 'error_term': 12.357888266762357, 'win_prob_k': 6.9811192793886665}",1.0,9
2024-12-07,New York Knicks,Detroit Pistons,111,120,False,False,2024-12-07|Detroit Pistons|New York Knicks,,,,2024-12-07|Detroit Pistons|New York Knicks,0.8369139026846832,11.417222205810727,,elo,"{'home_advantage': 1.917356343082586, 'scale': 0.05880219907028889, 'error_term': 12.357888266762357, 'win_prob_k': 6.9811192793886665}",0.0,-9
2024-12-07,Toronto Raptors,Dallas Mavericks,118,125,False,False,2024-12-07|Dallas Mavericks|Toronto Raptors,,,,2024-12-07|Dallas Mavericks|Toronto Raptors,0.2112010065202871,-9.199029319728542,,elo,"{'home_advantage': 1.917356343082586, 'scale': 0.05880219907028889, 'error_term': 12.357888266762357, 'win_prob_k': 6.9811192793886665}",0.0,-7
2024-12-07,Boston Celtics,Memphis Grizzlies,121,127,False,False,2024-12-07|Memphis Grizzlies|Boston Celtics,,,,2024-12-07|Memphis Grizzlies|Boston Celtics,0.7471038837881318,7.562126051322848,,elo,"{'home_advantage': 1.917356343082586, 'scale': 0.05880219907028889, 'error_term': 12.357888266762357, 'win_prob_k': 6.9811192793886665}",0.0,-6
2024-12-07,Miami Heat,Phoenix Suns,121,111,False,False,2024-12-07|Phoenix Suns|Miami Heat,,,,2024-12-07|Phoenix Suns|Miami Heat,0.5700726082115951,1.9697046357560777,,elo,"{'home_advantage': 1.917356343082586, 'scale': 0.05880219907028889, 'error_term': 12.357888266762357, 'win_prob_k': 6.9811192793886665}",1.0,10
2024-12-08,Chicago Bulls,Philadelphia 76ers,100,108,False,False,2024-12-08|Philadelphia 76ers|Chicago Bulls,,,,2024-12-08|Philadelphia 76ers|Chicago Bulls,0.6469966438753045,4.338043300317034,,elo,"{'home_advantage': 1.9357188567080597, 'scale': 0.057680079710481794, 'error_term': 12.37057165642955, 'win_prob_k': 7.160099581441303}",0.0,-8
2024-12-08,Brooklyn Nets,Milwaukee Bucks,113,118,False,False,2024-12-08|Milwaukee Bucks|Brooklyn Nets,,,,2024-12-08|Milwaukee Bucks|Brooklyn Nets,0.4881966072518745,-0.3381166878305164,,elo,"{'home_advantage': 1.9357188567080597, 'scale': 0.057680079710481794, 'error_term': 12.37057165642955, 'win_prob_k': 7.160099581441303}",0.0,-5
2024-12-08,Indiana Pacers,Charlotte Hornets,109,113,False,False,2024-12-08|Charlotte Hornets|Indiana Pacers,,,,2024-12-08|Charlotte Hornets|Indiana Pacers,0.7438561441239981,7.633442579247847,,elo,"{'home_advantage': 1.9357188567080597, 'scale': 0.057680079710481794, 'error_term': 12.37057165642955, 'win_prob_k': 7.160099581441303}",0.0,-4
2024-12-08,Atlanta Hawks,Denver Nuggets,111,141,False,False,2024-12-08|Denver Nuggets|Atlanta Hawks,,,,2024-12-08|Denver Nuggets|Atlanta Hawks,0.7003526517110366,6.07876500931486,,elo,"{'home_advantage': 1.9357188567080597, 'scale': 0.057680079710481794, 'error_term': 12.37057165642955, 'win_prob_k': 7.160099581441303}",0.0,-30
2024-12-08,Miami Heat,Cleveland Cavaliers,122,113,False,False,2024-12-08|Cleveland Cavaliers|Miami Heat,,,,2024-12-08|Cleveland Cavaliers|Miami Heat,0.2855716725560539,-6.565737144962587,,elo,"{'home_advantage': 1.9357188567080597, 'scale': 0.057680079710481794, 'error_term': 12.37057165642955, 'win_prob_k': 7.160099581441303}",1.0,9
2024-12-08,Orlando Magic,Phoenix Suns,115,110,False,False,2024-12-08|Phoenix Suns|Orlando Magic,,,,2024-12-08|Phoenix Suns|Orlando Magic,0.7619458069318954,8.32989577168729,,elo,"{'home_advantage': 1.9357188567080597, 'scale': 0.057680079710481794, 'error_term': 12.37057165642955, 'win_prob_k': 7.160099581441303}",1.0,5
2024-12-08,San Antonio Spurs,New Orleans Pelicans,121,116,False,False,2024-12-08|New Orleans Pelicans|San Antonio Spurs,,,,2024-12-08|New Orleans Pelicans|San Antonio Spurs,0.7762950813641296,8.908630636415255,,elo,"{'home_advantage': 1.9357188567080597, 'scale': 0.057680079710481794, 'error_term': 12.37057165642955, 'win_prob_k': 7.160099581441303}",1.0,5
2024-12-08,Washington Wizards,Memphis Grizzlies,112,140,False,False,2024-12-08|Memphis Grizzlies|Washington Wizards,,,,2024-12-08|Memphis Grizzlies|Washington Wizards,0.12128414718473605,-14.17932754823936,,elo,"{'home_advantage': 1.9357188567080597, 'scale': 0.057680079710481794, 'error_term': 12.37057165642955, 'win_prob_k': 7.160099581441303}",0.0,-28
2024-12-08,Golden State Warriors,Minnesota Timberwolves,114,106,False,False,2024-12-08|Minnesota Timberwolves|Golden State Warriors,,,,2024-12-08|Minnesota Timberwolves|Golden State Warriors,0.518812987485395,0.5390659391190007,,elo,"{'home_advantage': 1.9357188567080597, 'scale': 0.057680079710481794, 'error_term': 12.37057165642955, 'win_prob_k': 7.160099581441303}",1.0,8
2024-12-08,Los Angeles Clippers,Houston Rockets,106,117,False,False,2024-12-08|Houston Rockets|Los Angeles Clippers,,,,2024-12-08|Houston Rockets|Los Angeles Clippers,0.5256882423251947,0.7363698424826199,,elo,"{'home_advantage': 1.9357188567080597, 'scale': 0.057680079710481794, 'error_term': 12.37057165642955, 'win_prob_k': 7.160099581441303}",0.0,-11
2024-12-08,Sacramento Kings,Utah Jazz,141,97,False,False,2024-12-08|Utah Jazz|Sacramento Kings,,,,2024-12-08|Utah Jazz|Sacramento Kings,0.7408543251380353,7.521066399611212,,elo,"{'home_advantage': 1.9357188567080597, 'scale': 0.057680079710481794, 'error_term': 12.37057165642955, 'win_prob_k': 7.160099581441303}",1.0,44
2024-12-08,Los Angeles Lakers,Portland Trail Blazers,107,98,False,False,2024-12-08|Portland Trail Blazers|Los Angeles Lakers,,,,2024-12-08|Portland Trail Blazers|Los Angeles Lakers,0.6751377409702348,5.237723514821614,,elo,"{'home_advantage': 1.9357188567080597, 'scale': 0.057680079710481794, 'error_term': 12.37057165642955, 'win_prob_k': 7.160099581441303}",1.0,9
2024-12-09,Toronto Raptors,New York Knicks,108,113,False,False,2024-12-09|New York Knicks|Toronto Raptors,,,,2024-12-09|New York Knicks|Toronto Raptors,0.30277838963471504,-6.232664340251652,,elo,"{'home_advantage': 1.8321865272234228, 'scale': 0.059039727819180966, 'error_term': 12.39342637818656, 'win_prob_k': 7.472303334217425}",0.0,-5
2024-12-10,Milwaukee Bucks,Orlando Magic,114,109,False,False,2024-12-10|Orlando Magic|Milwaukee Bucks,,,,2024-12-10|Orlando Magic|Milwaukee Bucks,0.43394614534190473,-1.977044322108515,,elo,"{'home_advantage': 1.842874943249542, 'scale': 0.05847906482427195, 'error_term': 12.37298062204595, 'win_prob_k': 7.438963591022947}",1.0,5
2024-12-10,Oklahoma City Thunder,Dallas Mavericks,118,104,False,False,2024-12-10|Dallas Mavericks|Oklahoma City Thunder,,,,2024-12-10|Dallas Mavericks|Oklahoma City Thunder,0.5989883808343969,2.984897515855878,,elo,"{'home_advantage': 1.842874943249542, 'scale': 0.05847906482427195, 'error_term': 12.37298062204595, 'win_prob_k': 7.438963591022947}",1.0,14
2024-12-11,New York Knicks,Atlanta Hawks,100,108,False,False,2024-12-11|Atlanta Hawks|New York Knicks,,,,2024-12-11|Atlanta Hawks|New York Knicks,0.6045565462524862,3.1532420944043187,,elo,"{'home_advantage': 1.8543907211686632, 'scale': 0.058959278834488704, 'error_term': 12.33475501629577, 'win_prob_k': 7.428352543500072}",0.0,-8
2024-12-11,Houston Rockets,Golden State Warriors,91,90,False,False,2024-12-11|Golden State Warriors|Houston Rockets,,,,2024-12-11|Golden State Warriors|Houston Rockets,0.6629803008664316,5.026052261254332,,elo,"{'home_advantage': 1.8543907211686632, 'scale': 0.058959278834488704, 'error_term': 12.33475501629577, 'win_prob_k': 7.428352543500072}",1.0,1
2024-12-12,Boston Celtics,Detroit Pistons,123,99,False,False,2024-12-12|Detroit Pistons|Boston Celtics,,,,2024-12-12|Detroit Pistons|Boston Celtics,0.8586133970132849,13.282603715628278,,elo,"{'home_advantage': 1.8023815429719716, 'scale': 0.05781986674549404, 'error_term': 12.396326071049653, 'win_prob_k': 7.363594012884603}",1.0,24
2024-12-12,Miami Heat,Toronto Raptors,114,104,False,False,2024-12-12|Toronto Raptors|Miami Heat,,,,2024-12-12|Toronto Raptors|Miami Heat,0.805957245964643,10.485405747152463,,elo,"{'home_advantage': 1.8023815429719716, 'scale': 0.05781986674549404, 'error_term': 12.396326071049653, 'win_prob_k': 7.363594012884603}",1.0,10
2024-12-12,New Orleans Pelicans,Sacramento Kings,109,111,False,False,2024-12-12|Sacramento Kings|New Orleans Pelicans,,,,2024-12-12|Sacramento Kings|New Orleans Pelicans,0.27711549726417783,-7.060325021043802,,elo,"{'home_advantage': 1.8023815429719716, 'scale': 0.05781986674549404, 'error_term': 12.396326071049653, 'win_prob_k': 7.363594012884603}",0.0,-2
2024-12-13,Cleveland Cavaliers,Washington Wizards,115,105,False,False,2024-12-13|Washington Wizards|Cleveland Cavaliers,,,,2024-12-13|Washington Wizards|Cleveland Cavaliers,0.941013337129999,20.232055756184465,,elo,"{'home_advantage': 1.8354500186859832, 'scale': 0.05675892942599328, 'error_term': 12.357344179763656, 'win_prob_k': 7.3049249396443}",1.0,10
2024-12-13,Philadelphia 76ers,Indiana Pacers,107,121,False,False,2024-12-13|Indiana Pacers|Philadelphia 76ers,,,,2024-12-13|Indiana Pacers|Philadelphia 76ers,0.644567653452819,4.348219032177056,,elo,"{'home_advantage': 1.8354500186859832, 'scale': 0.05675892942599328, 'error_term': 12.357344179763656, 'win_prob_k': 7.3049249396443}",0.0,-14
2024-12-13,Chicago Bulls,Charlotte Hornets,109,95,False,False,2024-12-13|Charlotte Hornets|Chicago Bulls,,,,2024-12-13|Charlotte Hornets|Chicago Bulls,0.702481136532632,6.2759599284138865,,elo,"{'home_advantage': 1.8354500186859832, 'scale': 0.05675892942599328, 'error_term': 12.357344179763656, 'win_prob_k': 7.3049249396443}",1.0,14
2024-12-13,Memphis Grizzlies,Brooklyn Nets,135,119,False,False,2024-12-13|Brooklyn Nets|Memphis Grizzlies,,,,2024-12-13|Brooklyn Nets|Memphis Grizzlies,0.8083215929394123,10.512816879688657,,elo,"{'home_advantage': 1.8354500186859832, 'scale': 0.05675892942599328, 'error_term': 12.357344179763656, 'win_prob_k': 7.3049249396443}",1.0,16
2024-12-13,Minnesota Timberwolves,Los Angeles Lakers,97,87,False,False,2024-12-13|Los Angeles Lakers|Minnesota Timberwolves,,,,2024-12-13|Los Angeles Lakers|Minnesota Timberwolves,0.6191448066607768,3.5496087531481937,,elo,"{'home_advantage': 1.8354500186859832, 'scale': 0.05675892942599328, 'error_term': 12.357344179763656, 'win_prob_k': 7.3049249396443}",1.0,10
2024-12-13,Denver Nuggets,Los Angeles Clippers,120,98,False,False,2024-12-13|Los Angeles Clippers|Denver Nuggets,,,,2024-12-13|Los Angeles Clippers|Denver Nuggets,0.5548164651297224,1.608184562057307,,elo,"{'home_advantage': 1.8354500186859832, 'scale': 0.05675892942599328, 'error_term': 12.357344179763656, 'win_prob_k': 7.3049249396443}",1.0,22
2024-12-13,Utah Jazz,Phoenix Suns,126,134,False,False,2024-12-13|Phoenix Suns|Utah Jazz,,,,2024-12-13|Phoenix Suns|Utah Jazz,0.35246845484683725,-4.442901970649886,,elo,"{'home_advantage': 1.8354500186859832, 'scale': 0.05675892942599328, 'error_term': 12.357344179763656, 'win_prob_k': 7.3049249396443}",0.0,-8
2024-12-13,Portland Trail Blazers,San Antonio Spurs,116,118,False,False,2024-12-13|San Antonio Spurs|Portland Trail Blazers,,,,2024-12-13|San Antonio Spurs|Portland Trail Blazers,0.43610397544644547,-1.8772867444303833,,elo,"{'home_advantage': 1.8354500186859832, 'scale': 0.05675892942599328, 'error_term': 12.357344179763656, 'win_prob_k': 7.3049249396443}",0.0,-2
2024-12-14,Milwaukee Bucks,Atlanta Hawks,110,102,False,False,2024-12-14|Atlanta Hawks|Milwaukee Bucks,,,,2024-12-14|Atlanta Hawks|Milwaukee Bucks,0.5616265405927836,1.77993136174425,,elo,"{'home_advantage': 1.861963312141046, 'scale': 0.05516628947765998, 'error_term': 12.285532702495448, 'win_prob_k': 7.183923389919345}",1.0,8
2024-12-14,Oklahoma City Thunder,Houston Rockets,111,96,False,False,2024-12-14|Houston Rockets|Oklahoma City Thunder,,,,2024-12-14|Houston Rockets|Oklahoma City Thunder,0.6653410931441749,4.936705993517006,,elo,"{'home_advantage': 1.861963312141046, 'scale': 0.05516628947765998, 'error_term': 12.285532702495448, 'win_prob_k': 7.183923389919345}",1.0,15
2024-12-15,Indiana Pacers,New Orleans Pelicans,119,104,False,False,2024-12-15|New Orleans Pelicans|Indiana Pacers,,,,2024-12-15|New Orleans Pelicans|Indiana Pacers,0.7643120958990843,8.441374551515537,,elo,"{'home_advantage': 1.8925834830076997, 'scale': 0.055351081009697926, 'error_term': 12.23943386378497, 'win_prob_k': 7.175185870073987}",1.0,15
2024-12-15,Orlando Magic,New York Knicks,91,100,False,False,2024-12-15|New York Knicks|Orlando Magic,,,,2024-12-15|New York Knicks|Orlando Magic,0.6537876536108279,4.56148310425618,,elo,"{'home_advantage': 1.8925834830076997, 'scale': 0.055351081009697926, 'error_term': 12.23943386378497, 'win_prob_k': 7.175185870073987}",0.0,-9
2024-12-15,Washington Wizards,Boston Celtics,98,112,False,False,2024-12-15|Boston Celtics|Washington Wizards,,,,2024-12-15|Boston Celtics|Washington Wizards,0.08646491819490022,-16.916096352089703,,elo,"{'home_advantage': 1.8925834830076997, 'scale': 0.055351081009697926, 'error_term': 12.23943386378497, 'win_prob_k': 7.175185870073987}",0.0,-14
2024-12-15,San Antonio Spurs,Minnesota Timberwolves,92,106,False,False,2024-12-15|Minnesota Timberwolves|San Antonio Spurs,,,,2024-12-15|Minnesota Timberwolves|San Antonio Spurs,0.4764436070467,-0.6765868754830433,,elo,"{'home_advantage': 1.8925834830076997, 'scale': 0.055351081009697926, 'error_term': 12.23943386378497, 'win_prob_k': 7.175185870073987}",0.0,-14
2024-12-15,Phoenix Suns,Portland Trail Blazers,116,109,False,False,2024-12-15|Portland Trail Blazers|Phoenix Suns,,,,2024-12-15|Portland Trail Blazers|Phoenix Suns,0.7400601801717661,7.507263269305369,,elo,"{'home_advantage': 1.8925834830076997, 'scale': 0.055351081009697926, 'error_term': 12.23943386378497, 'win_prob_k': 7.175185870073987}",1.0,7
2024-12-15,Golden State Warriors,Dallas Mavericks,133,143,False,False,2024-12-15|Dallas Mavericks|Golden State Warriors,,,,2024-12-15|Dallas Mavericks|Golden State Warriors,0.4008493393564865,-2.8839041053704344,,elo,"{'home_advantage': 1.8925834830076997, 'scale': 0.055351081009697926, 'error_term': 12.23943386378497, 'win_prob_k': 7.175185870073987}",0.0,-10
2024-12-15,Los Angeles Lakers,Memphis Grizzlies,116,110,False,False,2024-12-15|Memphis Grizzlies|Los Angeles Lakers,,,,2024-12-15|Memphis Grizzlies|Los Angeles Lakers,0.2969268078246304,-6.184833210376576,,elo,"{'home_advantage': 1.8925834830076997, 'scale': 0.055351081009697926, 'error_term': 12.23943386378497, 'win_prob_k': 7.175185870073987}",1.0,6
2024-12-16,Charlotte Hornets,Philadelphia 76ers,108,121,False,False,2024-12-16|Philadelphia 76ers|Charlotte Hornets,,,,2024-12-16|Philadelphia 76ers|Charlotte Hornets,0.42419686375226223,-2.171926484966977,,elo,"{'home_advantage': 1.8899832479198915, 'scale': 0.054494750317378264, 'error_term': 12.181266526063371, 'win_prob_k': 7.107829461623943}",0.0,-13
2024-12-16,Detroit Pistons,Miami Heat,125,124,False,False,2024-12-16|Miami Heat|Detroit Pistons,,,,2024-12-16|Miami Heat|Detroit Pistons,0.3496904892169048,-4.409697208000944,,elo,"{'home_advantage': 1.8899832479198915, 'scale': 0.054494750317378264, 'error_term': 12.181266526063371, 'win_prob_k': 7.107829461623943}",1.0,1
2024-12-16,Brooklyn Nets,Cleveland Cavaliers,101,130,False,False,2024-12-16|Cleveland Cavaliers|Brooklyn Nets,,,,2024-12-16|Cleveland Cavaliers|Brooklyn Nets,0.2271355481198456,-8.703940277358477,,elo,"{'home_advantage': 1.8899832479198915, 'scale': 0.054494750317378264, 'error_term': 12.181266526063371, 'win_prob_k': 7.107829461623943}",0.0,-29
2024-12-16,Toronto Raptors,Chicago Bulls,121,122,False,False,2024-12-16|Chicago Bulls|Toronto Raptors,,,,2024-12-16|Chicago Bulls|Toronto Raptors,0.42858494026088506,-2.044402953329543,,elo,"{'home_advantage': 1.8899832479198915, 'scale': 0.054494750317378264, 'error_term': 12.181266526063371, 'win_prob_k': 7.107829461623943}",0.0,-1
2024-12-16,Sacramento Kings,Denver Nuggets,129,130,False,False,2024-12-16|Denver Nuggets|Sacramento Kings,,,,2024-12-16|Denver Nuggets|Sacramento Kings,0.48778677153390954,-0.3473072652796583,,elo,"{'home_advantage': 1.8899832479198915, 'scale': 0.054494750317378264, 'error_term': 12.181266526063371, 'win_prob_k': 7.107829461623943}",0.0,-1
2024-12-16,Los Angeles Clippers,Utah Jazz,144,107,False,False,2024-12-16|Utah Jazz|Los Angeles Clippers,,,,2024-12-16|Utah Jazz|Los Angeles Clippers,0.8187106820448574,10.716023608399361,,elo,"{'home_advantage': 1.8899832479198915, 'scale': 0.054494750317378264, 'error_term': 12.181266526063371, 'win_prob_k': 7.107829461623943}",1.0,37
2024-12-17,Oklahoma City Thunder,Milwaukee Bucks,81,97,False,False,2024-12-17|Milwaukee Bucks|Oklahoma City Thunder,,,,2024-12-17|Milwaukee Bucks|Oklahoma City Thunder,0.7287238203767908,6.969446612623994,,elo,"{'home_advantage': 1.91057558695277, 'scale': 0.05381621468631596, 'error_term': 12.26847941132153, 'win_prob_k': 7.052972154264742}",0.0,-16
2024-12-19,Detroit Pistons,Utah Jazz,119,126,False,False,2024-12-19|Utah Jazz|Detroit Pistons,,,,2024-12-19|Utah Jazz|Detroit Pistons,0.7712375249799965,8.593327184982195,,elo,"{'home_advantage': 1.8517540894816835, 'scale': 0.05354862739725782, 'error_term': 12.346133949372904, 'win_prob_k': 7.070880597976096}",0.0,-7
2024-12-19,Orlando Magic,Oklahoma City Thunder,99,105,False,False,2024-12-19|Oklahoma City Thunder|Orlando Magic,,,,2024-12-19|Oklahoma City Thunder|Orlando Magic,0.40507870673651775,-2.7176769120236624,,elo,"{'home_advantage': 1.8517540894816835, 'scale': 0.05354862739725782, 'error_term': 12.346133949372904, 'win_prob_k': 7.070880597976096}",0.0,-6
2024-12-19,Washington Wizards,Charlotte Hornets,123,114,False,False,2024-12-19|Charlotte Hornets|Washington Wizards,,,,2024-12-19|Charlotte Hornets|Washington Wizards,0.5126713377108136,0.3584668189415383,,elo,"{'home_advantage': 1.8517540894816835, 'scale': 0.05354862739725782, 'error_term': 12.346133949372904, 'win_prob_k': 7.070880597976096}",1.0,9
2024-12-19,Boston Celtics,Chicago Bulls,108,117,False,False,2024-12-19|Chicago Bulls|Boston Celtics,,,,2024-12-19|Chicago Bulls|Boston Celtics,0.8387857916387004,11.661447546579195,,elo,"{'home_advantage': 1.8517540894816835, 'scale': 0.05354862739725782, 'error_term': 12.346133949372904, 'win_prob_k': 7.070880597976096}",0.0,-9
2024-12-19,Toronto Raptors,Brooklyn Nets,94,101,False,False,2024-12-19|Brooklyn Nets|Toronto Raptors,,,,2024-12-19|Brooklyn Nets|Toronto Raptors,0.42854087402296476,-2.0350477865672643,,elo,"{'home_advantage': 1.8517540894816835, 'scale': 0.05354862739725782, 'error_term': 12.346133949372904, 'win_prob_k': 7.070880597976096}",0.0,-7
2024-12-19,Houston Rockets,New Orleans Pelicans,133,113,False,False,2024-12-19|New Orleans Pelicans|Houston Rockets,,,,2024-12-19|New Orleans Pelicans|Houston Rockets,0.9181715444568544,17.095686549768782,,elo,"{'home_advantage': 1.8517540894816835, 'scale': 0.05354862739725782, 'error_term': 12.346133949372904, 'win_prob_k': 7.070880597976096}",1.0,20
2024-12-19,Memphis Grizzlies,Golden State Warriors,144,93,False,False,2024-12-19|Golden State Warriors|Memphis Grizzlies,,,,2024-12-19|Golden State Warriors|Memphis Grizzlies,0.7261276790510116,6.894560058588846,,elo,"{'home_advantage': 1.8517540894816835, 'scale': 0.05354862739725782, 'error_term': 12.346133949372904, 'win_prob_k': 7.070880597976096}",1.0,51
2024-12-19,San Antonio Spurs,Atlanta Hawks,133,126,False,False,2024-12-19|Atlanta Hawks|San Antonio Spurs,,,,2024-12-19|Atlanta Hawks|San Antonio Spurs,0.42436976168096036,-2.155631152071113,,elo,"{'home_advantage': 1.8517540894816835, 'scale': 0.05354862739725782, 'error_term': 12.346133949372904, 'win_prob_k': 7.070880597976096}",1.0,7
2024-12-19,Dallas Mavericks,Los Angeles Clippers,95,118,False,False,2024-12-19|Los Angeles Clippers|Dallas Mavericks,,,,2024-12-19|Los Angeles Clippers|Dallas Mavericks,0.7473414046060921,7.668249541136586,,elo,"{'home_advantage': 1.8517540894816835, 'scale': 0.05354862739725782, 'error_term': 12.346133949372904, 'win_prob_k': 7.070880597976096}",0.0,-23
2024-12-19,Phoenix Suns,Indiana Pacers,111,120,False,False,2024-12-19|Indiana Pacers|Phoenix Suns,,,,2024-12-19|Indiana Pacers|Phoenix Suns,0.6655361612270638,4.865219836428803,,elo,"{'home_advantage': 1.8517540894816835, 'scale': 0.05354862739725782, 'error_term': 12.346133949372904, 'win_prob_k': 7.070880597976096}",0.0,-9
2024-12-19,Minnesota Timberwolves,New York Knicks,107,133,False,False,2024-12-19|New York Knicks|Minnesota Timberwolves,,,,2024-12-19|New York Knicks|Minnesota Timberwolves,0.5565290439236792,1.6057054023052122,,elo,"{'home_advantage': 1.8517540894816835, 'scale': 0.05354862739725782, 'error_term': 12.346133949372904, 'win_prob_k': 7.070880597976096}",0.0,-26
2024-12-19,Portland Trail Blazers,Denver Nuggets,126,124,False,False,2024-12-19|Denver Nuggets|Portland Trail Blazers,,,,2024-12-19|Denver Nuggets|Portland Trail Blazers,0.24564283724545075,-7.93343856090066,,elo,"{'home_advantage': 1.8517540894816835, 'scale': 0.05354862739725782, 'error_term': 12.346133949372904, 'win_prob_k': 7.070880597976096}",1.0,2
2024-12-19,Sacramento Kings,Los Angeles Lakers,100,113,False,False,2024-12-19|Los Angeles Lakers|Sacramento Kings,,,,2024-12-19|Los Angeles Lakers|Sacramento Kings,0.5172633827562765,0.48846343317343366,,elo,"{'home_advantage': 1.8517540894816835, 'scale': 0.05354862739725782, 'error_term': 12.346133949372904, 'win_prob_k': 7.070880597976096}",0.0,-13
2024-12-20,Philadelphia 76ers,Charlotte Hornets,108,98,False,False,2024-12-20|Charlotte Hornets|Philadelphia 76ers,,,,2024-12-20|Charlotte Hornets|Philadelphia 76ers,0.771976985827554,8.681260760576885,,elo,"{'home_advantage': 1.7063563560240638, 'scale': 0.053469633377074395, 'error_term': 12.729636719709763, 'win_prob_k': 7.118657288791754}",1.0,10
2024-12-20,Cleveland Cavaliers,Milwaukee Bucks,124,101,False,False,2024-12-20|Milwaukee Bucks|Cleveland Cavaliers,,,,2024-12-20|Milwaukee Bucks|Cleveland Cavaliers,0.649922018631423,4.404287998892497,,elo,"{'home_advantage': 1.7063563560240638, 'scale': 0.053469633377074395, 'error_term': 12.729636719709763, 'win_prob_k': 7.118657288791754}",1.0,23
2024-12-20,Miami Heat,Oklahoma City Thunder,97,104,False,False,2024-12-20|Oklahoma City Thunder|Miami Heat,,,,2024-12-20|Oklahoma City Thunder|Miami Heat,0.31926706359837287,-5.389835291538209,,elo,"{'home_advantage': 1.7063563560240638, 'scale': 0.053469633377074395, 'error_term': 12.729636719709763, 'win_prob_k': 7.118657288791754}",0.0,-7
2024-12-21,Sacramento Kings,Los Angeles Lakers,99,103,False,False,2024-12-21|Los Angeles Lakers|Sacramento Kings,,,,2024-12-21|Los Angeles Lakers|Sacramento Kings,0.4344406193972497,-1.8500162297853817,,elo,"{'home_advantage': 1.7502784901320896, 'scale': 0.05272867639112197, 'error_term': 12.714487881377611, 'win_prob_k': 7.014119332888653}",0.0,-4
2024-12-21,Orlando Magic,Miami Heat,121,114,False,False,2024-12-21|Miami Heat|Orlando Magic,,,,2024-12-21|Miami Heat|Orlando Magic,0.6108111413636025,3.161425540779426,,elo,"{'home_advantage': 1.7502784901320896, 'scale': 0.05272867639112197, 'error_term': 12.714487881377611, 'win_prob_k': 7.014119332888653}",1.0,7
2024-12-21,Atlanta Hawks,Memphis Grizzlies,112,128,False,False,2024-12-21|Memphis Grizzlies|Atlanta Hawks,,,,2024-12-21|Memphis Grizzlies|Atlanta Hawks,0.40425428393257123,-2.719863857761446,,elo,"{'home_advantage': 1.7502784901320896, 'scale': 0.05272867639112197, 'error_term': 12.714487881377611, 'win_prob_k': 7.014119332888653}",0.0,-16
2024-12-21,Brooklyn Nets,Utah Jazz,94,105,False,False,2024-12-21|Utah Jazz|Brooklyn Nets,,,,2024-12-21|Utah Jazz|Brooklyn Nets,0.7187360825954493,6.580652314555753,,elo,"{'home_advantage': 1.7502784901320896, 'scale': 0.05272867639112197, 'error_term': 12.714487881377611, 'win_prob_k': 7.014119332888653}",0.0,-11
2024-12-21,Chicago Bulls,Boston Celtics,98,123,False,False,2024-12-21|Boston Celtics|Chicago Bulls,,,,2024-12-21|Boston Celtics|Chicago Bulls,0.3428149327935867,-4.564612927026016,,elo,"{'home_advantage': 1.7502784901320896, 'scale': 0.05272867639112197, 'error_term': 12.714487881377611, 'win_prob_k': 7.014119332888653}",0.0,-25
2024-12-21,Cleveland Cavaliers,Philadelphia 76ers,126,99,False,False,2024-12-21|Philadelphia 76ers|Cleveland Cavaliers,,,,2024-12-21|Philadelphia 76ers|Cleveland Cavaliers,0.8661745985875051,13.099222259593883,,elo,"{'home_advantage': 1.7502784901320896, 'scale': 0.05272867639112197, 'error_term': 12.714487881377611, 'win_prob_k': 7.014119332888653}",1.0,27
2024-12-21,Milwaukee Bucks,Washington Wizards,112,101,False,False,2024-12-21|Washington Wizards|Milwaukee Bucks,,,,2024-12-21|Washington Wizards|Milwaukee Bucks,0.905459830746037,15.847828171235808,,elo,"{'home_advantage': 1.7502784901320896, 'scale': 0.05272867639112197, 'error_term': 12.714487881377611, 'win_prob_k': 7.014119332888653}",1.0,11
2024-12-21,Minnesota Timberwolves,Golden State Warriors,103,113,False,False,2024-12-21|Golden State Warriors|Minnesota Timberwolves,,,,2024-12-21|Golden State Warriors|Minnesota Timberwolves,0.6420187675536093,4.097206446034337,,elo,"{'home_advantage': 1.7502784901320896, 'scale': 0.05272867639112197, 'error_term': 12.714487881377611, 'win_prob_k': 7.014119332888653}",0.0,-10
2024-12-21,New Orleans Pelicans,New York Knicks,93,104,False,False,2024-12-21|New York Knicks|New Orleans Pelicans,,,,2024-12-21|New York Knicks|New Orleans Pelicans,0.13013662492428021,-13.325082318449741,,elo,"{'home_advantage': 1.7502784901320896, 'scale': 0.05272867639112197, 'error_term': 12.714487881377611, 'win_prob_k': 7.014119332888653}",0.0,-11
2024-12-21,Dallas Mavericks,Los Angeles Clippers,113,97,False,False,2024-12-21|Los Angeles Clippers|Dallas Mavericks,,,,2024-12-21|Los Angeles Clippers|Dallas Mavericks,0.6540557062192683,4.467396160087204,,elo,"{'home_advantage': 1.7502784901320896, 'scale': 0.05272867639112197, 'error_term': 12.714487881377611, 'win_prob_k': 7.014119332888653}",1.0,16
2024-12-21,San Antonio Spurs,Portland Trail Blazers,114,94,False,False,2024-12-21|Portland Trail Blazers|San Antonio Spurs,,,,2024-12-21|Portland Trail Blazers|San Antonio Spurs,0.7153164934288183,6.462438036201114,,elo,"{'home_advantage': 1.7502784901320896, 'scale': 0.05272867639112197, 'error_term': 12.714487881377611, 'win_prob_k': 7.014119332888653}",1.0,20
2024-12-21,Phoenix Suns,Detroit Pistons,125,133,False,False,2024-12-21|Detroit Pistons|Phoenix Suns,,,,2024-12-21|Detroit Pistons|Phoenix Suns,0.6378946022619965,3.971659121653274,,elo,"{'home_advantage': 1.7502784901320896, 'scale': 0.05272867639112197, 'error_term': 12.714487881377611, 'win_prob_k': 7.014119332888653}",0.0,-8
2024-12-22,Sacramento Kings,Indiana Pacers,95,122,False,False,2024-12-22|Indiana Pacers|Sacramento Kings,,,,2024-12-22|Indiana Pacers|Sacramento Kings,0.4972471101961309,-0.07699642874186541,,elo,"{'home_advantage': 1.694958778620536, 'scale': 0.05151563384582869, 'error_term': 12.674794184518877, 'win_prob_k': 6.992256883488944}",0.0,-27
2024-12-22,Toronto Raptors,Houston Rockets,110,114,False,False,2024-12-22|Houston Rockets|Toronto Raptors,,,,2024-12-22|Houston Rockets|Toronto Raptors,0.17135601507067036,-11.020127302141258,,elo,"{'home_advantage': 1.694958778620536, 'scale': 0.05151563384582869, 'error_term': 12.674794184518877, 'win_prob_k': 6.992256883488944}",0.0,-4
2024-12-22,New Orleans Pelicans,Denver Nuggets,129,132,False,False,2024-12-22|Denver Nuggets|New Orleans Pelicans,,,,2024-12-22|Denver Nuggets|New Orleans Pelicans,0.17830479282604186,-10.683295373251205,,elo,"{'home_advantage': 1.694958778620536, 'scale': 0.05151563384582869, 'error_term': 12.674794184518877, 'win_prob_k': 6.992256883488944}",0.0,-3
2024-12-23,Charlotte Hornets,Houston Rockets,101,114,False,False,2024-12-23|Houston Rockets|Charlotte Hornets,,,,2024-12-23|Houston Rockets|Charlotte Hornets,0.12737819590187938,-13.205805647719721,,elo,"{'home_advantage': 1.6967020801522328, 'scale': 0.049870798065774, 'error_term': 12.747853914768399, 'win_prob_k': 6.862505697375244}",0.0,-13
2024-12-23,Cleveland Cavaliers,Utah Jazz,124,113,False,False,2024-12-23|Utah Jazz|Cleveland Cavaliers,,,,2024-12-23|Utah Jazz|Cleveland Cavaliers,0.9106025141318221,15.927971279570299,,elo,"{'home_advantage': 1.6967020801522328, 'scale': 0.049870798065774, 'error_term': 12.747853914768399, 'win_prob_k': 6.862505697375244}",1.0,11
2024-12-23,Orlando Magic,Boston Celtics,108,104,False,False,2024-12-23|Boston Celtics|Orlando Magic,,,,2024-12-23|Boston Celtics|Orlando Magic,0.4071984859572589,-2.577274960439132,,elo,"{'home_advantage': 1.6967020801522328, 'scale': 0.049870798065774, 'error_term': 12.747853914768399, 'win_prob_k': 6.862505697375244}",1.0,4
2024-12-23,Philadelphia 76ers,San Antonio Spurs,111,106,False,False,2024-12-23|San Antonio Spurs|Philadelphia 76ers,,,,2024-12-23|San Antonio Spurs|Philadelphia 76ers,0.4606887948922577,-1.0813252254013654,,elo,"{'home_advantage': 1.6967020801522328, 'scale': 0.049870798065774, 'error_term': 12.747853914768399, 'win_prob_k': 6.862505697375244}",1.0,5
2024-12-23,Atlanta Hawks,Minnesota Timberwolves,117,104,False,False,2024-12-23|Minnesota Timberwolves|Atlanta Hawks,,,,2024-12-23|Minnesota Timberwolves|Atlanta Hawks,0.5551983989493684,1.5213981816867492,,elo,"{'home_advantage': 1.6967020801522328, 'scale': 0.049870798065774, 'error_term': 12.747853914768399, 'win_prob_k': 6.862505697375244}",1.0,13
2024-12-23,Miami Heat,Brooklyn Nets,110,95,False,False,2024-12-23|Brooklyn Nets|Miami Heat,,,,2024-12-23|Brooklyn Nets|Miami Heat,0.6802113430529877,5.17942963308376,,elo,"{'home_advantage': 1.6967020801522328, 'scale': 0.049870798065774, 'error_term': 12.747853914768399, 'win_prob_k': 6.862505697375244}",1.0,15
2024-12-23,New York Knicks,Toronto Raptors,139,125,False,False,2024-12-23|Toronto Raptors|New York Knicks,,,,2024-12-23|Toronto Raptors|New York Knicks,0.8915065196594216,14.45396506089436,,elo,"{'home_advantage': 1.6967020801522328, 'scale': 0.049870798065774, 'error_term': 12.747853914768399, 'win_prob_k': 6.862505697375244}",1.0,14
2024-12-23,Chicago Bulls,Milwaukee Bucks,91,112,False,False,2024-12-23|Milwaukee Bucks|Chicago Bulls,,,,2024-12-23|Milwaukee Bucks|Chicago Bulls,0.3710331935150753,-3.621940981760119,,elo,"{'home_advantage': 1.6967020801522328, 'scale': 0.049870798065774, 'error_term': 12.747853914768399, 'win_prob_k': 6.862505697375244}",0.0,-21
2024-12-23,Memphis Grizzlies,Los Angeles Clippers,110,114,False,False,2024-12-23|Los Angeles Clippers|Memphis Grizzlies,,,,2024-12-23|Los Angeles Clippers|Memphis Grizzlies,0.7209413433673795,6.513449703815009,,elo,"{'home_advantage': 1.6967020801522328, 'scale': 0.049870798065774, 'error_term': 12.747853914768399, 'win_prob_k': 6.862505697375244}",0.0,-4
2024-12-23,Oklahoma City Thunder,Washington Wizards,123,105,False,False,2024-12-23|Washington Wizards|Oklahoma City Thunder,,,,2024-12-23|Washington Wizards|Oklahoma City Thunder,0.9455942504115824,19.594812594727163,,elo,"{'home_advantage': 1.6967020801522328, 'scale': 0.049870798065774, 'error_term': 12.747853914768399, 'win_prob_k': 6.862505697375244}",1.0,18
2024-12-23,Dallas Mavericks,Portland Trail Blazers,132,108,False,False,2024-12-23|Portland Trail Blazers|Dallas Mavericks,,,,2024-12-23|Portland Trail Blazers|Dallas Mavericks,0.8637345884411498,12.672721584226856,,elo,"{'home_advantage': 1.6967020801522328, 'scale': 0.049870798065774, 'error_term': 12.747853914768399, 'win_prob_k': 6.862505697375244}",1.0,24
2024-12-23,Denver Nuggets,Phoenix Suns,117,90,False,False,2024-12-23|Phoenix Suns|Denver Nuggets,,,,2024-12-23|Phoenix Suns|Denver Nuggets,0.7135318462115862,6.262720611844288,,elo,"{'home_advantage': 1.6967020801522328, 'scale': 0.049870798065774, 'error_term': 12.747853914768399, 'win_prob_k': 6.862505697375244}",1.0,27
2024-12-23,Golden State Warriors,Indiana Pacers,105,111,False,False,2024-12-23|Indiana Pacers|Golden State Warriors,,,,2024-12-23|Indiana Pacers|Golden State Warriors,0.605049338404921,2.9271960135552,,elo,"{'home_advantage': 1.6967020801522328, 'scale': 0.049870798065774, 'error_term': 12.747853914768399, 'win_prob_k': 6.862505697375244}",0.0,-6
2024-12-23,Los Angeles Lakers,Detroit Pistons,114,117,False,False,2024-12-23|Detroit Pistons|Los Angeles Lakers,,,,2024-12-23|Detroit Pistons|Los Angeles Lakers,0.7026606042645915,5.901753254802137,,elo,"{'home_advantage': 1.6967020801522328, 'scale': 0.049870798065774, 'error_term': 12.747853914768399, 'win_prob_k': 6.862505697375244}",0.0,-3
2024-12-25,New York Knicks,San Antonio Spurs,117,114,False,False,2024-12-25|San Antonio Spurs|New York Knicks,,,,2024-12-25|San Antonio Spurs|New York Knicks,0.7434200693224208,7.316956229736419,,elo,"{'home_advantage': 1.772315820053908, 'scale': 0.048384967962196206, 'error_term': 12.733078037367616, 'win_prob_k': 6.87799555490116}",1.0,3
2024-12-25,Dallas Mavericks,Minnesota Timberwolves,99,105,False,False,2024-12-25|Minnesota Timberwolves|Dallas Mavericks,,,,2024-12-25|Minnesota Timberwolves|Dallas Mavericks,0.7573459076922983,7.828418672013843,,elo,"{'home_advantage': 1.772315820053908, 'scale': 0.048384967962196206, 'error_term': 12.733078037367616, 'win_prob_k': 6.87799555490116}",0.0,-6
2024-12-25,Boston Celtics,Philadelphia 76ers,114,118,False,False,2024-12-25|Philadelphia 76ers|Boston Celtics,,,,2024-12-25|Philadelphia 76ers|Boston Celtics,0.7897821735660059,9.103803752094391,,elo,"{'home_advantage': 1.772315820053908, 'scale': 0.048384967962196206, 'error_term': 12.733078037367616, 'win_prob_k': 6.87799555490116}",0.0,-4
2024-12-25,Golden State Warriors,Los Angeles Lakers,113,115,False,False,2024-12-25|Los Angeles Lakers|Golden State Warriors,,,,2024-12-25|Los Angeles Lakers|Golden State Warriors,0.5238210826558888,0.6558617229010477,,elo,"{'home_advantage': 1.772315820053908, 'scale': 0.048384967962196206, 'error_term': 12.733078037367616, 'win_prob_k': 6.87799555490116}",0.0,-2
2024-12-25,Phoenix Suns,Denver Nuggets,110,100,False,False,2024-12-25|Denver Nuggets|Phoenix Suns,,,,2024-12-25|Denver Nuggets|Phoenix Suns,0.3637574772561656,-3.845435326851785,,elo,"{'home_advantage': 1.772315820053908, 'scale': 0.048384967962196206, 'error_term': 12.733078037367616, 'win_prob_k': 6.87799555490116}",1.0,10
2024-12-26,Indiana Pacers,Oklahoma City Thunder,114,120,False,False,2024-12-26|Oklahoma City Thunder|Indiana Pacers,,,,2024-12-26|Oklahoma City Thunder|Indiana Pacers,0.28884920070473363,-6.2018199683542266,,elo,"{'home_advantage': 1.7360502701072524, 'scale': 0.04777882060069113, 'error_term': 12.79620142091383, 'win_prob_k': 6.883417734603832}",0.0,-6
2024-12-26,Orlando Magic,Miami Heat,88,89,False,False,2024-12-26|Miami Heat|Orlando Magic,,,,2024-12-26|Miami Heat|Orlando Magic,0.6716231510669113,4.925329871427321,,elo,"{'home_advantage': 1.7360502701072524, 'scale': 0.04777882060069113, 'error_term': 12.79620142091383, 'win_prob_k': 6.883417734603832}",0.0,-1
2024-12-26,Washington Wizards,Charlotte Hornets,113,110,False,False,2024-12-26|Charlotte Hornets|Washington Wizards,,,,2024-12-26|Charlotte Hornets|Washington Wizards,0.5943922367719486,2.6305176396501864,,elo,"{'home_advantage': 1.7360502701072524, 'scale': 0.04777882060069113, 'error_term': 12.79620142091383, 'win_prob_k': 6.883417734603832}",1.0,3
2024-12-26,Atlanta Hawks,Chicago Bulls,141,133,False,False,2024-12-26|Chicago Bulls|Atlanta Hawks,,,,2024-12-26|Chicago Bulls|Atlanta Hawks,0.6444449662739926,4.093633128529213,,elo,"{'home_advantage': 1.7360502701072524, 'scale': 0.04777882060069113, 'error_term': 12.79620142091383, 'win_prob_k': 6.883417734603832}",1.0,8
2024-12-26,Memphis Grizzlies,Toronto Raptors,155,126,False,False,2024-12-26|Toronto Raptors|Memphis Grizzlies,,,,2024-12-26|Toronto Raptors|Memphis Grizzlies,0.8918989827280962,14.525985192089342,,elo,"{'home_advantage': 1.7360502701072524, 'scale': 0.04777882060069113, 'error_term': 12.79620142091383, 'win_prob_k': 6.883417734603832}",1.0,29
2024-12-26,Milwaukee Bucks,Brooklyn Nets,105,111,False,False,2024-12-26|Brooklyn Nets|Milwaukee Bucks,,,,2024-12-26|Brooklyn Nets|Milwaukee Bucks,0.8362152103488874,11.22226102577214,,elo,"{'home_advantage': 1.7360502701072524, 'scale': 0.04777882060069113, 'error_term': 12.79620142091383, 'win_prob_k': 6.883417734603832}",0.0,-6
2024-12-26,New Orleans Pelicans,Houston Rockets,111,128,False,False,2024-12-26|Houston Rockets|New Orleans Pelicans,,,,2024-12-26|Houston Rockets|New Orleans Pelicans,0.11487482559211704,-14.055154391039498,,elo,"{'home_advantage': 1.7360502701072524, 'scale': 0.04777882060069113, 'error_term': 12.79620142091383, 'win_prob_k': 6.883417734603832}",0.0,-17
2024-12-26,Portland Trail Blazers,Utah Jazz,122,120,False,False,2024-12-26|Utah Jazz|Portland Trail Blazers,,,,2024-12-26|Utah Jazz|Portland Trail Blazers,0.5550530551531264,1.521983230581922,,elo,"{'home_advantage': 1.7360502701072524, 'scale': 0.04777882060069113, 'error_term': 12.79620142091383, 'win_prob_k': 6.883417734603832}",1.0,2
2024-12-26,Sacramento Kings,Detroit Pistons,113,114,False,False,2024-12-26|Detroit Pistons|Sacramento Kings,,,,2024-12-26|Detroit Pistons|Sacramento Kings,0.4416334539929706,-1.6144050683520945,,elo,"{'home_advantage': 1.7360502701072524, 'scale': 0.04777882060069113, 'error_term': 12.79620142091383, 'win_prob_k': 6.883417734603832}",0.0,-1
2024-12-27,Orlando Magic,New York Knicks,85,108,False,False,2024-12-27|New York Knicks|Orlando Magic,,,,2024-12-27|New York Knicks|Orlando Magic,0.4652523174913442,-0.9528951260561813,,elo,"{'home_advantage': 1.7422492570868515, 'scale': 0.04697213993521642, 'error_term': 12.762880918236874, 'win_prob_k': 6.844766620039742}",0.0,-23
2024-12-27,Boston Celtics,Indiana Pacers,142,105,False,False,2024-12-27|Indiana Pacers|Boston Celtics,,,,2024-12-27|Indiana Pacers|Boston Celtics,0.7030020330552332,5.897686997890581,,elo,"{'home_advantage': 1.7422492570868515, 'scale': 0.04697213993521642, 'error_term': 12.762880918236874, 'win_prob_k': 6.844766620039742}",1.0,37
2024-12-27,Brooklyn Nets,San Antonio Spurs,87,96,False,False,2024-12-27|San Antonio Spurs|Brooklyn Nets,,,,2024-12-27|San Antonio Spurs|Brooklyn Nets,0.5207588991630259,0.5686861839236241,,elo,"{'home_advantage': 1.7422492570868515, 'scale': 0.04697213993521642, 'error_term': 12.762880918236874, 'win_prob_k': 6.844766620039742}",0.0,-9
2024-12-27,Houston Rockets,Minnesota Timberwolves,112,113,False,False,2024-12-27|Minnesota Timberwolves|Houston Rockets,,,,2024-12-27|Minnesota Timberwolves|Houston Rockets,0.7139166913462186,6.259424214342656,,elo,"{'home_advantage': 1.7422492570868515, 'scale': 0.04697213993521642, 'error_term': 12.762880918236874, 'win_prob_k': 6.844766620039742}",0.0,-1
2024-12-27,New Orleans Pelicans,Memphis Grizzlies,124,132,False,False,2024-12-27|Memphis Grizzlies|New Orleans Pelicans,,,,2024-12-27|Memphis Grizzlies|New Orleans Pelicans,0.11780430163637386,-13.7811786734684,,elo,"{'home_advantage': 1.7422492570868515, 'scale': 0.04697213993521642, 'error_term': 12.762880918236874, 'win_prob_k': 6.844766620039742}",0.0,-8
2024-12-27,Denver Nuggets,Cleveland Cavaliers,135,149,False,False,2024-12-27|Cleveland Cavaliers|Denver Nuggets,,,,2024-12-27|Cleveland Cavaliers|Denver Nuggets,0.3096440384225088,-5.488024197769831,,elo,"{'home_advantage': 1.7422492570868515, 'scale': 0.04697213993521642, 'error_term': 12.762880918236874, 'win_prob_k': 6.844766620039742}",0.0,-14
2024-12-27,Phoenix Suns,Dallas Mavericks,89,98,False,False,2024-12-27|Dallas Mavericks|Phoenix Suns,,,,2024-12-27|Dallas Mavericks|Phoenix Suns,0.3500478737142163,-4.235738584659822,,elo,"{'home_advantage': 1.7422492570868515, 'scale': 0.04697213993521642, 'error_term': 12.762880918236874, 'win_prob_k': 6.844766620039742}",0.0,-9
2024-12-27,Los Angeles Clippers,Golden State Warriors,102,92,False,False,2024-12-27|Golden State Warriors|Los Angeles Clippers,,,,2024-12-27|Golden State Warriors|Los Angeles Clippers,0.7028022993384352,5.891140399881482,,elo,"{'home_advantage': 1.7422492570868515, 'scale': 0.04697213993521642, 'error_term': 12.762880918236874, 'win_prob_k': 6.844766620039742}",1.0,10
2024-12-28,Atlanta Hawks,Miami Heat,120,110,False,False,2024-12-28|Miami Heat|Atlanta Hawks,,,,2024-12-28|Miami Heat|Atlanta Hawks,0.5589693163335296,1.6434733382453885,,elo,"{'home_advantage': 1.6849251093110127, 'scale': 0.04590483585883711, 'error_term': 12.79324602931266, 'win_prob_k': 6.935068067652404}",1.0,10
2024-12-28,Charlotte Hornets,Oklahoma City Thunder,94,106,False,False,2024-12-28|Oklahoma City Thunder|Charlotte Hornets,,,,2024-12-28|Oklahoma City Thunder|Charlotte Hornets,0.07594739088021212,-17.328849670836675,,elo,"{'home_advantage': 1.6849251093110127, 'scale': 0.04590483585883711, 'error_term': 12.79324602931266, 'win_prob_k': 6.935068067652404}",0.0,-12
2024-12-28,Washington Wizards,New York Knicks,132,136,False,False,2024-12-28|New York Knicks|Washington Wizards,,,,2024-12-28|New York Knicks|Washington Wizards,0.15078253179778706,-11.987103483411905,,elo,"{'home_advantage': 1.6849251093110127, 'scale': 0.04590483585883711, 'error_term': 12.79324602931266, 'win_prob_k': 6.935068067652404}",0.0,-4
2024-12-28,Chicago Bulls,Milwaukee Bucks,116,111,False,False,2024-12-28|Milwaukee Bucks|Chicago Bulls,,,,2024-12-28|Milwaukee Bucks|Chicago Bulls,0.3619734791019581,-3.930858332629379,,elo,"{'home_advantage': 1.6849251093110127, 'scale': 0.04590483585883711, 'error_term': 12.79324602931266, 'win_prob_k': 6.935068067652404}",1.0,5
2024-12-28,Golden State Warriors,Phoenix Suns,109,105,False,False,2024-12-28|Phoenix Suns|Golden State Warriors,,,,2024-12-28|Phoenix Suns|Golden State Warriors,0.5803426432519171,2.2482112835734367,,elo,"{'home_advantage': 1.6849251093110127, 'scale': 0.04590483585883711, 'error_term': 12.79324602931266, 'win_prob_k': 6.935068067652404}",1.0,4
2024-12-28,Denver Nuggets,Detroit Pistons,134,121,False,False,2024-12-28|Detroit Pistons|Denver Nuggets,,,,2024-12-28|Detroit Pistons|Denver Nuggets,0.5789924488124985,2.2097808368599616,,elo,"{'home_advantage': 1.6849251093110127, 'scale': 0.04590483585883711, 'error_term': 12.79324602931266, 'win_prob_k': 6.935068067652404}",1.0,13
2024-12-28,Utah Jazz,Philadelphia 76ers,111,114,False,False,2024-12-28|Philadelphia 76ers|Utah Jazz,,,,2024-12-28|Philadelphia 76ers|Utah Jazz,0.3517013717165527,-4.241272619440546,,elo,"{'home_advantage': 1.6849251093110127, 'scale': 0.04590483585883711, 'error_term': 12.79324602931266, 'win_prob_k': 6.935068067652404}",0.0,-3
2024-12-28,Portland Trail Blazers,Dallas Mavericks,126,122,False,False,2024-12-28|Dallas Mavericks|Portland Trail Blazers,,,,2024-12-28|Dallas Mavericks|Portland Trail Blazers,0.24964592799967017,-7.632053262883207,,elo,"{'home_advantage': 1.6849251093110127, 'scale': 0.04590483585883711, 'error_term': 12.79324602931266, 'win_prob_k': 6.935068067652404}",1.0,4
2024-12-28,Los Angeles Lakers,Sacramento Kings,132,122,False,False,2024-12-28|Sacramento Kings|Los Angeles Lakers,,,,2024-12-28|Sacramento Kings|Los Angeles Lakers,0.7631964241103483,8.116002187165348,,elo,"{'home_advantage': 1.6849251093110127, 'scale': 0.04590483585883711, 'error_term': 12.79324602931266, 'win_prob_k': 6.935068067652404}",1.0,10
2024-12-29,Orlando Magic,Brooklyn Nets,102,101,False,False,2024-12-29|Brooklyn Nets|Orlando Magic,,,,2024-12-29|Brooklyn Nets|Orlando Magic,0.7263567057061563,6.54584983245886,,elo,"{'home_advantage': 1.8108333811385493, 'scale': 0.04449596935345715, 'error_term': 12.775519063799548, 'win_prob_k': 6.705330679776241}",1.0,1
2024-12-29,Boston Celtics,Indiana Pacers,114,123,False,False,2024-12-29|Indiana Pacers|Boston Celtics,,,,2024-12-29|Indiana Pacers|Boston Celtics,0.7353673913163495,6.853033992228209,,elo,"{'home_advantage': 1.8108333811385493, 'scale': 0.04449596935345715, 'error_term': 12.775519063799548, 'win_prob_k': 6.705330679776241}",0.0,-9
2024-12-29,Toronto Raptors,Atlanta Hawks,107,136,False,False,2024-12-29|Atlanta Hawks|Toronto Raptors,,,,2024-12-29|Atlanta Hawks|Toronto Raptors,0.22234462864234047,-8.395442128282014,,elo,"{'home_advantage': 1.8108333811385493, 'scale': 0.04449596935345715, 'error_term': 12.775519063799548, 'win_prob_k': 6.705330679776241}",0.0,-29
2024-12-29,Houston Rockets,Miami Heat,100,104,False,False,2024-12-29|Miami Heat|Houston Rockets,,,,2024-12-29|Miami Heat|Houston Rockets,0.6732099462103496,4.846206064600199,,elo,"{'home_advantage': 1.8108333811385493, 'scale': 0.04449596935345715, 'error_term': 12.775519063799548, 'win_prob_k': 6.705330679776241}",0.0,-4
2024-12-29,Oklahoma City Thunder,Memphis Grizzlies,130,106,False,False,2024-12-29|Memphis Grizzlies|Oklahoma City Thunder,,,,2024-12-29|Memphis Grizzlies|Oklahoma City Thunder,0.701778058785004,5.738282658852759,,elo,"{'home_advantage': 1.8108333811385493, 'scale': 0.04449596935345715, 'error_term': 12.775519063799548, 'win_prob_k': 6.705330679776241}",1.0,24
2024-12-29,Minnesota Timberwolves,San Antonio Spurs,112,110,False,False,2024-12-29|San Antonio Spurs|Minnesota Timberwolves,,,,2024-12-29|San Antonio Spurs|Minnesota Timberwolves,0.6537729824773424,4.2623473100899645,,elo,"{'home_advantage': 1.8108333811385493, 'scale': 0.04449596935345715, 'error_term': 12.775519063799548, 'win_prob_k': 6.705330679776241}",1.0,2
2024-12-30,Charlotte Hornets,Chicago Bulls,108,115,False,False,2024-12-30|Chicago Bulls|Charlotte Hornets,,,,2024-12-30|Chicago Bulls|Charlotte Hornets,0.2531187121891409,-7.2417827852669685,,elo,"{'home_advantage': 1.7765553319347518, 'scale': 0.04348918216006113, 'error_term': 12.87281818503685, 'win_prob_k': 6.692665279387663}",0.0,-7
2024-12-30,Washington Wizards,New York Knicks,106,126,False,False,2024-12-30|New York Knicks|Washington Wizards,,,,2024-12-30|New York Knicks|Washington Wizards,0.14547495261133347,-11.849644230680966,,elo,"{'home_advantage': 1.7765553319347518, 'scale': 0.04348918216006113, 'error_term': 12.87281818503685, 'win_prob_k': 6.692665279387663}",0.0,-20
2024-12-30,New Orleans Pelicans,Los Angeles Clippers,113,116,False,False,2024-12-30|Los Angeles Clippers|New Orleans Pelicans,,,,2024-12-30|Los Angeles Clippers|New Orleans Pelicans,0.15369784197485445,-11.416936362015718,,elo,"{'home_advantage': 1.7765553319347518, 'scale': 0.04348918216006113, 'error_term': 12.87281818503685, 'win_prob_k': 6.692665279387663}",0.0,-3
2024-12-30,Utah Jazz,Denver Nuggets,121,132,False,False,2024-12-30|Denver Nuggets|Utah Jazz,,,,2024-12-30|Denver Nuggets|Utah Jazz,0.2924724950507254,-5.9123398391278394,,elo,"{'home_advantage': 1.7765553319347518, 'scale': 0.04348918216006113, 'error_term': 12.87281818503685, 'win_prob_k': 6.692665279387663}",0.0,-11
2024-12-30,Golden State Warriors,Cleveland Cavaliers,95,113,False,False,2024-12-30|Cleveland Cavaliers|Golden State Warriors,,,,2024-12-30|Cleveland Cavaliers|Golden State Warriors,0.23370195038216657,-7.947704696337933,,elo,"{'home_advantage': 1.7765553319347518, 'scale': 0.04348918216006113, 'error_term': 12.87281818503685, 'win_prob_k': 6.692665279387663}",0.0,-18
2024-12-30,Portland Trail Blazers,Philadelphia 76ers,103,125,False,False,2024-12-30|Philadelphia 76ers|Portland Trail Blazers,,,,2024-12-30|Philadelphia 76ers|Portland Trail Blazers,0.42711971751767036,-1.965049655380939,,elo,"{'home_advantage': 1.7765553319347518, 'scale': 0.04348918216006113, 'error_term': 12.87281818503685, 'win_prob_k': 6.692665279387663}",0.0,-22
2024-12-30,Sacramento Kings,Dallas Mavericks,110,100,False,False,2024-12-30|Dallas Mavericks|Sacramento Kings,,,,2024-12-30|Dallas Mavericks|Sacramento Kings,0.27570011196124933,-6.464390463276336,,elo,"{'home_advantage': 1.7765553319347518, 'scale': 0.04348918216006113, 'error_term': 12.87281818503685, 'win_prob_k': 6.692665279387663}",1.0,10
2024-12-31,Boston Celtics,Toronto Raptors,125,71,False,False,2024-12-31|Toronto Raptors|Boston Celtics,,,,2024-12-31|Toronto Raptors|Boston Celtics,0.8724984297419001,12.743186684004012,,elo,"{'home_advantage': 1.7251890993031929, 'scale': 0.042594154842353946, 'error_term': 12.84468827560367, 'win_prob_k': 6.625922161530712}",1.0,54
2024-12-31,Indiana Pacers,Milwaukee Bucks,112,120,False,False,2024-12-31|Milwaukee Bucks|Indiana Pacers,,,,2024-12-31|Milwaukee Bucks|Indiana Pacers,0.5010931348782582,0.028972152621759006,,elo,"{'home_advantage': 1.7251890993031929, 'scale': 0.042594154842353946, 'error_term': 12.84468827560367, 'win_prob_k': 6.625922161530712}",0.0,-8
2024-12-31,San Antonio Spurs,Los Angeles Clippers,122,86,False,False,2024-12-31|Los Angeles Clippers|San Antonio Spurs,,,,2024-12-31|Los Angeles Clippers|San Antonio Spurs,0.4087232586824111,-2.4465943887126356,,elo,"{'home_advantage': 1.7251890993031929, 'scale': 0.042594154842353946, 'error_term': 12.84468827560367, 'win_prob_k': 6.625922161530712}",1.0,36
2024-12-31,Oklahoma City Thunder,Minnesota Timberwolves,113,105,False,False,2024-12-31|Minnesota Timberwolves|Oklahoma City Thunder,,,,2024-12-31|Minnesota Timberwolves|Oklahoma City Thunder,0.7707585974802078,8.034590652845043,,elo,"{'home_advantage': 1.7251890993031929, 'scale': 0.042594154842353946, 'error_term': 12.84468827560367, 'win_prob_k': 6.625922161530712}",1.0,8
2024-12-31,Los Angeles Lakers,Cleveland Cavaliers,110,122,False,False,2024-12-31|Cleveland Cavaliers|Los Angeles Lakers,,,,2024-12-31|Cleveland Cavaliers|Los Angeles Lakers,0.3138419308056723,-5.182919349305343,,elo,"{'home_advantage': 1.7251890993031929, 'scale': 0.042594154842353946, 'error_term': 12.84468827560367, 'win_prob_k': 6.625922161530712}",0.0,-12
2024-12-31,Phoenix Suns,Memphis Grizzlies,112,117,False,False,2024-12-31|Memphis Grizzlies|Phoenix Suns,,,,2024-12-31|Memphis Grizzlies|Phoenix Suns,0.3033093200538504,-5.510039886036778,,elo,"{'home_advantage': 1.7251890993031929, 'scale': 0.042594154842353946, 'error_term': 12.84468827560367, 'win_prob_k': 6.625922161530712}",0.0,-5
2025-01-01,Detroit Pistons,Orlando Magic,105,96,False,False,2025-01-01|Orlando Magic|Detroit Pistons,,,,2025-01-01|Orlando Magic|Detroit Pistons,0.4768455968692921,-0.6214012794533674,,elo,"{'home_advantage': 1.8341743049946115, 'scale': 0.042911235883167705, 'error_term': 12.973604624591683, 'win_prob_k': 6.704522052931395}",1.0,9
2025-01-01,Washington Wizards,Chicago Bulls,125,107,False,False,2025-01-01|Chicago Bulls|Washington Wizards,,,,2025-01-01|Chicago Bulls|Washington Wizards,0.2954282931637216,-5.827328974311928,,elo,"{'home_advantage': 1.8341743049946115, 'scale': 0.042911235883167705, 'error_term': 12.973604624591683, 'win_prob_k': 6.704522052931395}",1.0,18
2025-01-01,Miami Heat,New Orleans Pelicans,119,108,False,False,2025-01-01|New Orleans Pelicans|Miami Heat,,,,2025-01-01|New Orleans Pelicans|Miami Heat,0.8927491467162652,14.207788124260931,,elo,"{'home_advantage': 1.8341743049946115, 'scale': 0.042911235883167705, 'error_term': 12.973604624591683, 'win_prob_k': 6.704522052931395}",1.0,11
2025-01-01,New York Knicks,Utah Jazz,119,103,False,False,2025-01-01|Utah Jazz|New York Knicks,,,,2025-01-01|Utah Jazz|New York Knicks,0.9011248567679746,14.81555862781621,,elo,"{'home_advantage': 1.8341743049946115, 'scale': 0.042911235883167705, 'error_term': 12.973604624591683, 'win_prob_k': 6.704522052931395}",1.0,16
2025-01-01,Toronto Raptors,Brooklyn Nets,130,113,False,False,2025-01-01|Brooklyn Nets|Toronto Raptors,,,,2025-01-01|Brooklyn Nets|Toronto Raptors,0.40072550943438384,-2.6981883934920265,,elo,"{'home_advantage': 1.8341743049946115, 'scale': 0.042911235883167705, 'error_term': 12.973604624591683, 'win_prob_k': 6.704522052931395}",1.0,17
2025-01-01,Houston Rockets,Dallas Mavericks,110,99,False,False,2025-01-01|Dallas Mavericks|Houston Rockets,,,,2025-01-01|Dallas Mavericks|Houston Rockets,0.5919612599660115,2.4946123472510005,,elo,"{'home_advantage': 1.8341743049946115, 'scale': 0.042911235883167705, 'error_term': 12.973604624591683, 'win_prob_k': 6.704522052931395}",1.0,11
2025-01-01,Denver Nuggets,Atlanta Hawks,139,120,False,False,2025-01-01|Atlanta Hawks|Denver Nuggets,,,,2025-01-01|Atlanta Hawks|Denver Nuggets,0.5350562963682315,0.9416879185209406,,elo,"{'home_advantage': 1.8341743049946115, 'scale': 0.042911235883167705, 'error_term': 12.973604624591683, 'win_prob_k': 6.704522052931395}",1.0,19
2025-01-01,Sacramento Kings,Philadelphia 76ers,113,107,False,False,2025-01-01|Philadelphia 76ers|Sacramento Kings,,,,2025-01-01|Philadelphia 76ers|Sacramento Kings,0.3797010996430749,-3.2906940434167185,,elo,"{'home_advantage': 1.8341743049946115, 'scale': 0.042911235883167705, 'error_term': 12.973604624591683, 'win_prob_k': 6.704522052931395}",1.0,6
2025-01-02,Miami Heat,Indiana Pacers,115,128,False,False,2025-01-02|Indiana Pacers|Miami Heat,,,,2025-01-02|Indiana Pacers|Miami Heat,0.6573799264278016,4.388179523316724,,elo,"{'home_advantage': 1.9675341321038278, 'scale': 0.043503260929888335, 'error_term': 12.933284456652089, 'win_prob_k': 6.734055399381559}",0.0,-13
2025-01-02,Minnesota Timberwolves,Boston Celtics,115,118,False,False,2025-01-02|Boston Celtics|Minnesota Timberwolves,,,,2025-01-02|Boston Celtics|Minnesota Timberwolves,0.5315362465203936,0.8505964540942335,,elo,"{'home_advantage': 1.9675341321038278, 'scale': 0.043503260929888335, 'error_term': 12.933284456652089, 'win_prob_k': 6.734055399381559}",0.0,-3
2025-01-02,Milwaukee Bucks,Brooklyn Nets,110,113,False,False,2025-01-02|Brooklyn Nets|Milwaukee Bucks,,,,2025-01-02|Brooklyn Nets|Milwaukee Bucks,0.8172570951382966,10.086762818477487,,elo,"{'home_advantage': 1.9675341321038278, 'scale': 0.043503260929888335, 'error_term': 12.933284456652089, 'win_prob_k': 6.734055399381559}",0.0,-3
2025-01-02,Oklahoma City Thunder,Los Angeles Clippers,116,98,False,False,2025-01-02|Los Angeles Clippers|Oklahoma City Thunder,,,,2025-01-02|Los Angeles Clippers|Oklahoma City Thunder,0.7964684221239593,9.187718357575337,,elo,"{'home_advantage': 1.9675341321038278, 'scale': 0.043503260929888335, 'error_term': 12.933284456652089, 'win_prob_k': 6.734055399381559}",1.0,18
2025-01-02,Golden State Warriors,Philadelphia 76ers,139,105,False,False,2025-01-02|Philadelphia 76ers|Golden State Warriors,,,,2025-01-02|Philadelphia 76ers|Golden State Warriors,0.49892633334984393,-0.02892056726183312,,elo,"{'home_advantage': 1.9675341321038278, 'scale': 0.043503260929888335, 'error_term': 12.933284456652089, 'win_prob_k': 6.734055399381559}",1.0,34
2025-01-02,Los Angeles Lakers,Portland Trail Blazers,114,106,False,False,2025-01-02|Portland Trail Blazers|Los Angeles Lakers,,,,2025-01-02|Portland Trail Blazers|Los Angeles Lakers,0.745637368926495,7.242331470828915,,elo,"{'home_advantage': 1.9675341321038278, 'scale': 0.043503260929888335, 'error_term': 12.933284456652089, 'win_prob_k': 6.734055399381559}",1.0,8
2025-01-03,Detroit Pistons,Charlotte Hornets,98,94,False,False,2025-01-03|Charlotte Hornets|Detroit Pistons,,,,2025-01-03|Charlotte Hornets|Detroit Pistons,0.8694908742524955,12.727087860656361,,elo,"{'home_advantage': 2.003445436459608, 'scale': 0.044156040530867066, 'error_term': 12.924161499270372, 'win_prob_k': 6.7109543150600075}",1.0,4
2025-01-03,Toronto Raptors,Orlando Magic,97,106,False,False,2025-01-03|Orlando Magic|Toronto Raptors,,,,2025-01-03|Orlando Magic|Toronto Raptors,0.2764990203383446,-6.455230865845773,,elo,"{'home_advantage': 2.003445436459608, 'scale': 0.044156040530867066, 'error_term': 12.924161499270372, 'win_prob_k': 6.7109543150600075}",0.0,-9
2025-01-03,Houston Rockets,Boston Celtics,86,109,False,False,2025-01-03|Boston Celtics|Houston Rockets,,,,2025-01-03|Boston Celtics|Houston Rockets,0.5391538477015438,1.0531950283874447,,elo,"{'home_advantage': 2.003445436459608, 'scale': 0.044156040530867066, 'error_term': 12.924161499270372, 'win_prob_k': 6.7109543150600075}",0.0,-23
2025-01-03,New Orleans Pelicans,Washington Wizards,132,120,False,False,2025-01-03|Washington Wizards|New Orleans Pelicans,,,,2025-01-03|Washington Wizards|New Orleans Pelicans,0.4286791716492897,-1.927668847818084,,elo,"{'home_advantage': 2.003445436459608, 'scale': 0.044156040530867066, 'error_term': 12.924161499270372, 'win_prob_k': 6.7109543150600075}",1.0,12
2025-01-03,Oklahoma City Thunder,New York Knicks,117,107,False,False,2025-01-03|New York Knicks|Oklahoma City Thunder,,,,2025-01-03|New York Knicks|Oklahoma City Thunder,0.6971113086425644,5.594115365257679,,elo,"{'home_advantage': 2.003445436459608, 'scale': 0.044156040530867066, 'error_term': 12.924161499270372, 'win_prob_k': 6.7109543150600075}",1.0,10
2025-01-03,Dallas Mavericks,Cleveland Cavaliers,122,134,False,False,2025-01-03|Cleveland Cavaliers|Dallas Mavericks,,,,2025-01-03|Cleveland Cavaliers|Dallas Mavericks,0.277883623983591,-6.408853352977883,,elo,"{'home_advantage': 2.003445436459608, 'scale': 0.044156040530867066, 'error_term': 12.924161499270372, 'win_prob_k': 6.7109543150600075}",0.0,-12
2025-01-03,Denver Nuggets,San Antonio Spurs,110,113,False,False,2025-01-03|San Antonio Spurs|Denver Nuggets,,,,2025-01-03|San Antonio Spurs|Denver Nuggets,0.6667629198361148,4.654586050053791,,elo,"{'home_advantage': 2.003445436459608, 'scale': 0.044156040530867066, 'error_term': 12.924161499270372, 'win_prob_k': 6.7109543150600075}",0.0,-3
2025-01-03,Sacramento Kings,Memphis Grizzlies,138,133,False,False,2025-01-03|Memphis Grizzlies|Sacramento Kings,,,,2025-01-03|Memphis Grizzlies|Sacramento Kings,0.29956694375804127,-5.700022093292742,,elo,"{'home_advantage': 2.003445436459608, 'scale': 0.044156040530867066, 'error_term': 12.924161499270372, 'win_prob_k': 6.7109543150600075}",1.0,5
2025-01-03,Los Angeles Lakers,Atlanta Hawks,119,102,False,False,2025-01-03|Atlanta Hawks|Los Angeles Lakers,,,,2025-01-03|Atlanta Hawks|Los Angeles Lakers,0.5676575828265692,1.827396102566518,,elo,"{'home_advantage': 2.003445436459608, 'scale': 0.044156040530867066, 'error_term': 12.924161499270372, 'win_prob_k': 6.7109543150600075}",1.0,17
2025-01-04,Brooklyn Nets,Philadelphia 76ers,94,123,False,False,2025-01-04|Philadelphia 76ers|Brooklyn Nets,,,,2025-01-04|Philadelphia 76ers|Brooklyn Nets,0.4659614153165948,-0.9023966205204788,,elo,"{'home_advantage': 1.9617500992273722, 'scale': 0.04363318509981867, 'error_term': 12.908875938832537, 'win_prob_k': 6.6174963586570215}",0.0,-29
2025-01-04,Detroit Pistons,Minnesota Timberwolves,119,105,False,False,2025-01-04|Minnesota Timberwolves|Detroit Pistons,,,,2025-01-04|Minnesota Timberwolves|Detroit Pistons,0.5433786318825078,1.1511256802865195,,elo,"{'home_advantage': 1.9617500992273722, 'scale': 0.04363318509981867, 'error_term': 12.908875938832537, 'win_prob_k': 6.6174963586570215}",1.0,14
2025-01-04,Indiana Pacers,Phoenix Suns,126,108,False,False,2025-01-04|Phoenix Suns|Indiana Pacers,,,,2025-01-04|Phoenix Suns|Indiana Pacers,0.73268594410749,6.672374930493996,,elo,"{'home_advantage': 1.9617500992273722, 'scale': 0.04363318509981867, 'error_term': 12.908875938832537, 'win_prob_k': 6.6174963586570215}",1.0,18
2025-01-04,Chicago Bulls,New York Knicks,139,126,False,False,2025-01-04|New York Knicks|Chicago Bulls,,,,2025-01-04|New York Knicks|Chicago Bulls,0.30743312738492884,-5.374381196101478,,elo,"{'home_advantage': 1.9617500992273722, 'scale': 0.04363318509981867, 'error_term': 12.908875938832537, 'win_prob_k': 6.6174963586570215}",1.0,13
2025-01-04,Miami Heat,Utah Jazz,100,136,False,False,2025-01-04|Utah Jazz|Miami Heat,,,,2025-01-04|Utah Jazz|Miami Heat,0.8247293678246105,10.248675725527386,,elo,"{'home_advantage': 1.9617500992273722, 'scale': 0.04363318509981867, 'error_term': 12.908875938832537, 'win_prob_k': 6.6174963586570215}",0.0,-36
2025-01-04,Milwaukee Bucks,Portland Trail Blazers,102,105,False,False,2025-01-04|Portland Trail Blazers|Milwaukee Bucks,,,,2025-01-04|Portland Trail Blazers|Milwaukee Bucks,0.7792910717890401,8.348235413795615,,elo,"{'home_advantage': 1.9617500992273722, 'scale': 0.04363318509981867, 'error_term': 12.908875938832537, 'win_prob_k': 6.6174963586570215}",0.0,-3
2025-01-04,San Antonio Spurs,Denver Nuggets,111,122,False,False,2025-01-04|Denver Nuggets|San Antonio Spurs,,,,2025-01-04|Denver Nuggets|San Antonio Spurs,0.5609846844212458,1.6223408065626417,,elo,"{'home_advantage': 1.9617500992273722, 'scale': 0.04363318509981867, 'error_term': 12.908875938832537, 'win_prob_k': 6.6174963586570215}",0.0,-11
2025-01-04,Golden State Warriors,Memphis Grizzlies,121,113,False,False,2025-01-04|Memphis Grizzlies|Golden State Warriors,,,,2025-01-04|Memphis Grizzlies|Golden State Warriors,0.4067899775398082,-2.496460289572129,,elo,"{'home_advantage': 1.9617500992273722, 'scale': 0.04363318509981867, 'error_term': 12.908875938832537, 'win_prob_k': 6.6174963586570215}",1.0,8
2025-01-04,Los Angeles Clippers,Atlanta Hawks,131,105,False,False,2025-01-04|Atlanta Hawks|Los Angeles Clippers,,,,2025-01-04|Atlanta Hawks|Los Angeles Clippers,0.6002263075384583,2.6894044208469814,,elo,"{'home_advantage': 1.9617500992273722, 'scale': 0.04363318509981867, 'error_term': 12.908875938832537, 'win_prob_k': 6.6174963586570215}",1.0,26
2025-01-05,Oklahoma City Thunder,Boston Celtics,105,92,False,False,2025-01-05|Boston Celtics|Oklahoma City Thunder,,,,2025-01-05|Boston Celtics|Oklahoma City Thunder,0.7496053678400566,7.191996655478403,,elo,"{'home_advantage': 1.9496090927489096, 'scale': 0.04349297258273463, 'error_term': 13.195364897539273, 'win_prob_k': 6.558996496523335}",1.0,13
2025-01-05,Cleveland Cavaliers,Charlotte Hornets,115,105,False,False,2025-01-05|Charlotte Hornets|Cleveland Cavaliers,,,,2025-01-05|Charlotte Hornets|Cleveland Cavaliers,0.96929561949923,22.642733618065108,,elo,"{'home_advantage': 1.9496090927489096, 'scale': 0.04349297258273463, 'error_term': 13.195364897539273, 'win_prob_k': 6.558996496523335}",1.0,10
2025-01-05,Washington Wizards,New Orleans Pelicans,98,110,False,False,2025-01-05|New Orleans Pelicans|Washington Wizards,,,,2025-01-05|New Orleans Pelicans|Washington Wizards,0.6439791430321189,3.8873665165053266,,elo,"{'home_advantage': 1.9496090927489096, 'scale': 0.04349297258273463, 'error_term': 13.195364897539273, 'win_prob_k': 6.558996496523335}",0.0,-12
2025-01-05,Orlando Magic,Utah Jazz,92,105,False,False,2025-01-05|Utah Jazz|Orlando Magic,,,,2025-01-05|Utah Jazz|Orlando Magic,0.8030612203379567,9.218919035886731,,elo,"{'home_advantage': 1.9496090927489096, 'scale': 0.04349297258273463, 'error_term': 13.195364897539273, 'win_prob_k': 6.558996496523335}",0.0,-13
2025-01-05,Houston Rockets,Los Angeles Lakers,119,115,False,False,2025-01-05|Los Angeles Lakers|Houston Rockets,,,,2025-01-05|Los Angeles Lakers|Houston Rockets,0.5693263337412343,1.830636535624138,,elo,"{'home_advantage': 1.9496090927489096, 'scale': 0.04349297258273463, 'error_term': 13.195364897539273, 'win_prob_k': 6.558996496523335}",1.0,4
2025-01-05,Golden State Warriors,Sacramento Kings,99,129,False,False,2025-01-05|Sacramento Kings|Golden State Warriors,,,,2025-01-05|Sacramento Kings|Golden State Warriors,0.6393549325518837,3.7554548996772175,,elo,"{'home_advantage': 1.9496090927489096, 'scale': 0.04349297258273463, 'error_term': 13.195364897539273, 'win_prob_k': 6.558996496523335}",0.0,-30
2025-01-06,Detroit Pistons,Portland Trail Blazers,118,115,False,False,2025-01-06|Portland Trail Blazers|Detroit Pistons,,,,2025-01-06|Portland Trail Blazers|Detroit Pistons,0.7206317301059461,6.205361585505923,,elo,"{'home_advantage': 1.8082366294613923, 'scale': 0.0432412880551739, 'error_term': 13.248781889255813, 'win_prob_k': 6.548521429036029}",1.0,3
2025-01-06,Philadelphia 76ers,Phoenix Suns,99,109,False,False,2025-01-06|Phoenix Suns|Philadelphia 76ers,,,,2025-01-06|Phoenix Suns|Philadelphia 76ers,0.7243417065170452,6.326534540360143,,elo,"{'home_advantage': 1.8082366294613923, 'scale': 0.0432412880551739, 'error_term': 13.248781889255813, 'win_prob_k': 6.548521429036029}",0.0,-10
2025-01-06,Brooklyn Nets,Indiana Pacers,99,113,False,False,2025-01-06|Indiana Pacers|Brooklyn Nets,,,,2025-01-06|Indiana Pacers|Brooklyn Nets,0.3579767386005919,-3.825361537781787,,elo,"{'home_advantage': 1.8082366294613923, 'scale': 0.0432412880551739, 'error_term': 13.248781889255813, 'win_prob_k': 6.548521429036029}",0.0,-14
2025-01-06,New York Knicks,Orlando Magic,94,103,False,False,2025-01-06|Orlando Magic|New York Knicks,,,,2025-01-06|Orlando Magic|New York Knicks,0.7243104928862246,6.3255108755889085,,elo,"{'home_advantage': 1.8082366294613923, 'scale': 0.0432412880551739, 'error_term': 13.248781889255813, 'win_prob_k': 6.548521429036029}",0.0,-9
2025-01-06,Toronto Raptors,Milwaukee Bucks,104,128,False,False,2025-01-06|Milwaukee Bucks|Toronto Raptors,,,,2025-01-06|Milwaukee Bucks|Toronto Raptors,0.265268579170691,-6.671386094879731,,elo,"{'home_advantage': 1.8082366294613923, 'scale': 0.0432412880551739, 'error_term': 13.248781889255813, 'win_prob_k': 6.548521429036029}",0.0,-24
2025-01-06,Chicago Bulls,San Antonio Spurs,114,110,False,False,2025-01-06|San Antonio Spurs|Chicago Bulls,,,,2025-01-06|San Antonio Spurs|Chicago Bulls,0.5490449999787911,1.2888331593424542,,elo,"{'home_advantage': 1.8082366294613923, 'scale': 0.0432412880551739, 'error_term': 13.248781889255813, 'win_prob_k': 6.548521429036029}",1.0,4
2025-01-06,Memphis Grizzlies,Dallas Mavericks,119,104,False,False,2025-01-06|Dallas Mavericks|Memphis Grizzlies,,,,2025-01-06|Dallas Mavericks|Memphis Grizzlies,0.6363311338695925,3.663736209911066,,elo,"{'home_advantage': 1.8082366294613923, 'scale': 0.0432412880551739, 'error_term': 13.248781889255813, 'win_prob_k': 6.548521429036029}",1.0,15
2025-01-06,Minnesota Timberwolves,Los Angeles Clippers,108,106,False,False,2025-01-06|Los Angeles Clippers|Minnesota Timberwolves,,,,2025-01-06|Los Angeles Clippers|Minnesota Timberwolves,0.48916010872286914,-0.28398553914045976,,elo,"{'home_advantage': 1.8082366294613923, 'scale': 0.0432412880551739, 'error_term': 13.248781889255813, 'win_prob_k': 6.548521429036029}",1.0,2
2025-01-06,Sacramento Kings,Miami Heat,123,118,False,False,2025-01-06|Miami Heat|Sacramento Kings,,,,2025-01-06|Miami Heat|Sacramento Kings,0.5593662096045164,1.5624133716348916,,elo,"{'home_advantage': 1.8082366294613923, 'scale': 0.0432412880551739, 'error_term': 13.248781889255813, 'win_prob_k': 6.548521429036029}",1.0,5
2025-01-07,Charlotte Hornets,Phoenix Suns,115,104,False,False,2025-01-07|Phoenix Suns|Charlotte Hornets,,,,2025-01-07|Phoenix Suns|Charlotte Hornets,0.2887319773252429,-5.894947954252992,,elo,"{'home_advantage': 1.7047023612594343, 'scale': 0.04330084754714584, 'error_term': 13.190729379618393, 'win_prob_k': 6.5386776219567455}",1.0,11
2025-01-07,Washington Wizards,Houston Rockets,112,135,False,False,2025-01-07|Houston Rockets|Washington Wizards,,,,2025-01-07|Houston Rockets|Washington Wizards,0.16989879368863853,-10.37259659154832,,elo,"{'home_advantage': 1.7047023612594343, 'scale': 0.04330084754714584, 'error_term': 13.190729379618393, 'win_prob_k': 6.5386776219567455}",0.0,-23
2025-01-07,Dallas Mavericks,Los Angeles Lakers,118,97,False,False,2025-01-07|Los Angeles Lakers|Dallas Mavericks,,,,2025-01-07|Los Angeles Lakers|Dallas Mavericks,0.5008509688620976,0.02225686571201857,,elo,"{'home_advantage': 1.7047023612594343, 'scale': 0.04330084754714584, 'error_term': 13.190729379618393, 'win_prob_k': 6.5386776219567455}",1.0,21
2025-01-07,New Orleans Pelicans,Minnesota Timberwolves,97,104,False,False,2025-01-07|Minnesota Timberwolves|New Orleans Pelicans,,,,2025-01-07|Minnesota Timberwolves|New Orleans Pelicans,0.21835323207935345,-8.33870268438924,,elo,"{'home_advantage': 1.7047023612594343, 'scale': 0.04330084754714584, 'error_term': 13.190729379618393, 'win_prob_k': 6.5386776219567455}",0.0,-7
2025-01-07,Utah Jazz,Atlanta Hawks,121,124,False,False,2025-01-07|Atlanta Hawks|Utah Jazz,,,,2025-01-07|Atlanta Hawks|Utah Jazz,0.37998031655165637,-3.201544311895958,,elo,"{'home_advantage': 1.7047023612594343, 'scale': 0.04330084754714584, 'error_term': 13.190729379618393, 'win_prob_k': 6.5386776219567455}",0.0,-3
2025-01-07,Denver Nuggets,Boston Celtics,106,118,False,False,2025-01-07|Boston Celtics|Denver Nuggets,,,,2025-01-07|Boston Celtics|Denver Nuggets,0.47844207582111387,-0.5641910450374772,,elo,"{'home_advantage': 1.7047023612594343, 'scale': 0.04330084754714584, 'error_term': 13.190729379618393, 'win_prob_k': 6.5386776219567455}",0.0,-12
2025-01-07,Golden State Warriors,Miami Heat,98,114,False,False,2025-01-07|Miami Heat|Golden State Warriors,,,,2025-01-07|Miami Heat|Golden State Warriors,0.5696856557075667,1.8345486243135323,,elo,"{'home_advantage': 1.7047023612594343, 'scale': 0.04330084754714584, 'error_term': 13.190729379618393, 'win_prob_k': 6.5386776219567455}",0.0,-16
2025-01-08,Cleveland Cavaliers,Oklahoma City Thunder,129,122,False,False,2025-01-08|Oklahoma City Thunder|Cleveland Cavaliers,,,,2025-01-08|Oklahoma City Thunder|Cleveland Cavaliers,0.5349785437316041,0.9335006048754971,,elo,"{'home_advantage': 1.707796754956939, 'scale': 0.04336625236344547, 'error_term': 13.136576654242472, 'win_prob_k': 6.661053206542684}",1.0,7
2025-01-08,Indiana Pacers,Chicago Bulls,129,113,False,False,2025-01-08|Chicago Bulls|Indiana Pacers,,,,2025-01-08|Chicago Bulls|Indiana Pacers,0.6229758135953517,3.345169964523878,,elo,"{'home_advantage': 1.707796754956939, 'scale': 0.04336625236344547, 'error_term': 13.136576654242472, 'win_prob_k': 6.661053206542684}",1.0,16
2025-01-08,Philadelphia 76ers,Washington Wizards,109,103,False,False,2025-01-08|Washington Wizards|Philadelphia 76ers,,,,2025-01-08|Washington Wizards|Philadelphia 76ers,0.8187763597173048,10.045395333069145,,elo,"{'home_advantage': 1.707796754956939, 'scale': 0.04336625236344547, 'error_term': 13.136576654242472, 'win_prob_k': 6.661053206542684}",1.0,6
2025-01-08,Brooklyn Nets,Detroit Pistons,98,113,False,False,2025-01-08|Detroit Pistons|Brooklyn Nets,,,,2025-01-08|Detroit Pistons|Brooklyn Nets,0.32044556111295713,-5.007279826461873,,elo,"{'home_advantage': 1.707796754956939, 'scale': 0.04336625236344547, 'error_term': 13.136576654242472, 'win_prob_k': 6.661053206542684}",0.0,-15
2025-01-08,New York Knicks,Toronto Raptors,112,98,False,False,2025-01-08|Toronto Raptors|New York Knicks,,,,2025-01-08|Toronto Raptors|New York Knicks,0.8844198043318214,13.555024911854918,,elo,"{'home_advantage': 1.707796754956939, 'scale': 0.04336625236344547, 'error_term': 13.136576654242472, 'win_prob_k': 6.661053206542684}",1.0,14
2025-01-08,New Orleans Pelicans,Portland Trail Blazers,100,119,False,False,2025-01-08|Portland Trail Blazers|New Orleans Pelicans,,,,2025-01-08|Portland Trail Blazers|New Orleans Pelicans,0.36148227463340393,-3.7897158211565207,,elo,"{'home_advantage': 1.707796754956939, 'scale': 0.04336625236344547, 'error_term': 13.136576654242472, 'win_prob_k': 6.661053206542684}",0.0,-19
2025-01-08,Denver Nuggets,Los Angeles Clippers,126,103,False,False,2025-01-08|Los Angeles Clippers|Denver Nuggets,,,,2025-01-08|Los Angeles Clippers|Denver Nuggets,0.5583959736798321,1.5630476315004929,,elo,"{'home_advantage': 1.707796754956939, 'scale': 0.04336625236344547, 'error_term': 13.136576654242472, 'win_prob_k': 6.661053206542684}",1.0,23
2025-01-08,Milwaukee Bucks,San Antonio Spurs,121,105,False,False,2025-01-08|San Antonio Spurs|Milwaukee Bucks,,,,2025-01-08|San Antonio Spurs|Milwaukee Bucks,0.6256519793107871,3.421172690401808,,elo,"{'home_advantage': 1.707796754956939, 'scale': 0.04336625236344547, 'error_term': 13.136576654242472, 'win_prob_k': 6.661053206542684}",1.0,16
2025-01-09,Cleveland Cavaliers,Toronto Raptors,132,126,False,False,2025-01-09|Toronto Raptors|Cleveland Cavaliers,,,,2025-01-09|Toronto Raptors|Cleveland Cavaliers,0.9593370851883307,20.818167424501695,,elo,"{'home_advantage': 1.7708356001381167, 'scale': 0.0421814153135894, 'error_term': 13.14229079985537, 'win_prob_k': 6.586097654686446}",1.0,6
2025-01-09,Detroit Pistons,Golden State Warriors,104,107,False,False,2025-01-09|Golden State Warriors|Detroit Pistons,,,,2025-01-09|Golden State Warriors|Detroit Pistons,0.7133195146847663,6.003630707446367,,elo,"{'home_advantage': 1.7708356001381167, 'scale': 0.0421814153135894, 'error_term': 13.14229079985537, 'win_prob_k': 6.586097654686446}",0.0,-3
2025-01-09,Orlando Magic,Minnesota Timberwolves,89,104,False,False,2025-01-09|Minnesota Timberwolves|Orlando Magic,,,,2025-01-09|Minnesota Timberwolves|Orlando Magic,0.5494321758238697,1.3065284405044597,,elo,"{'home_advantage': 1.7708356001381167, 'scale': 0.0421814153135894, 'error_term': 13.14229079985537, 'win_prob_k': 6.586097654686446}",0.0,-15
2025-01-09,Dallas Mavericks,Portland Trail Blazers,117,111,False,False,2025-01-09|Portland Trail Blazers|Dallas Mavericks,,,,2025-01-09|Portland Trail Blazers|Dallas Mavericks,0.6988516479339582,5.544410665017946,,elo,"{'home_advantage': 1.7708356001381167, 'scale': 0.0421814153135894, 'error_term': 13.14229079985537, 'win_prob_k': 6.586097654686446}",1.0,6
2025-01-09,Memphis Grizzlies,Houston Rockets,115,119,False,False,2025-01-09|Houston Rockets|Memphis Grizzlies,,,,2025-01-09|Houston Rockets|Memphis Grizzlies,0.5562560607010891,1.4883332389418362,,elo,"{'home_advantage': 1.7708356001381167, 'scale': 0.0421814153135894, 'error_term': 13.14229079985537, 'win_prob_k': 6.586097654686446}",0.0,-4
2025-01-09,Phoenix Suns,Atlanta Hawks,123,115,False,False,2025-01-09|Atlanta Hawks|Phoenix Suns,,,,2025-01-09|Atlanta Hawks|Phoenix Suns,0.3705668164825555,-3.489221909536848,,elo,"{'home_advantage': 1.7708356001381167, 'scale': 0.0421814153135894, 'error_term': 13.14229079985537, 'win_prob_k': 6.586097654686446}",1.0,8
2025-01-09,Utah Jazz,Miami Heat,92,97,False,False,2025-01-09|Miami Heat|Utah Jazz,,,,2025-01-09|Miami Heat|Utah Jazz,0.3823574891944876,-3.1583883025770865,,elo,"{'home_advantage': 1.7708356001381167, 'scale': 0.0421814153135894, 'error_term': 13.14229079985537, 'win_prob_k': 6.586097654686446}",0.0,-5
2025-01-10,Indiana Pacers,Golden State Warriors,108,96,False,False,2025-01-10|Golden State Warriors|Indiana Pacers,,,,2025-01-10|Golden State Warriors|Indiana Pacers,0.6846627349885068,5.048522293810931,,elo,"{'home_advantage': 1.6844624027416577, 'scale': 0.042335267883997635, 'error_term': 13.039149029644799, 'win_prob_k': 6.5118393115917765}",1.0,12
2025-01-10,Orlando Magic,Milwaukee Bucks,106,109,False,False,2025-01-10|Milwaukee Bucks|Orlando Magic,,,,2025-01-10|Milwaukee Bucks|Orlando Magic,0.5126914229401416,0.3306490506583668,,elo,"{'home_advantage': 1.6844624027416577, 'scale': 0.042335267883997635, 'error_term': 13.039149029644799, 'win_prob_k': 6.5118393115917765}",0.0,-3
2025-01-10,Philadelphia 76ers,New Orleans Pelicans,115,123,False,False,2025-01-10|New Orleans Pelicans|Philadelphia 76ers,,,,2025-01-10|New Orleans Pelicans|Philadelphia 76ers,0.8368785290403844,10.648054082040641,,elo,"{'home_advantage': 1.6844624027416577, 'scale': 0.042335267883997635, 'error_term': 13.039149029644799, 'win_prob_k': 6.5118393115917765}",0.0,-8
2025-01-10,Boston Celtics,Sacramento Kings,97,114,False,False,2025-01-10|Sacramento Kings|Boston Celtics,,,,2025-01-10|Sacramento Kings|Boston Celtics,0.744357905547983,6.959486440567915,,elo,"{'home_advantage': 1.6844624027416577, 'scale': 0.042335267883997635, 'error_term': 13.039149029644799, 'win_prob_k': 6.5118393115917765}",0.0,-17
2025-01-10,New York Knicks,Oklahoma City Thunder,101,126,False,False,2025-01-10|Oklahoma City Thunder|New York Knicks,,,,2025-01-10|Oklahoma City Thunder|New York Knicks,0.3293943664198488,-4.62943274715818,,elo,"{'home_advantage': 1.6844624027416577, 'scale': 0.042335267883997635, 'error_term': 13.039149029644799, 'win_prob_k': 6.5118393115917765}",0.0,-25
2025-01-10,Chicago Bulls,Washington Wizards,138,105,False,False,2025-01-10|Washington Wizards|Chicago Bulls,,,,2025-01-10|Washington Wizards|Chicago Bulls,0.8420635394482393,10.898622370059169,,elo,"{'home_advantage': 1.6844624027416577, 'scale': 0.042335267883997635, 'error_term': 13.039149029644799, 'win_prob_k': 6.5118393115917765}",1.0,33
2025-01-10,Denver Nuggets,Brooklyn Nets,124,105,False,False,2025-01-10|Brooklyn Nets|Denver Nuggets,,,,2025-01-10|Brooklyn Nets|Denver Nuggets,0.8086085051302953,9.383520295207841,,elo,"{'home_advantage': 1.6844624027416577, 'scale': 0.042335267883997635, 'error_term': 13.039149029644799, 'win_prob_k': 6.5118393115917765}",1.0,19
2025-01-11,Phoenix Suns,Utah Jazz,114,106,False,False,2025-01-11|Utah Jazz|Phoenix Suns,,,,2025-01-11|Utah Jazz|Phoenix Suns,0.6537552939238231,4.234421554133122,,elo,"{'home_advantage': 1.6127237911980004, 'scale': 0.042401947202710705, 'error_term': 13.120484570277233, 'win_prob_k': 6.66221816260796}",1.0,8
2025-01-11,Detroit Pistons,Toronto Raptors,123,114,False,False,2025-01-11|Toronto Raptors|Detroit Pistons,,,,2025-01-11|Toronto Raptors|Detroit Pistons,0.8456561293366879,11.331965213328251,,elo,"{'home_advantage': 1.6127237911980004, 'scale': 0.042401947202710705, 'error_term': 13.120484570277233, 'win_prob_k': 6.66221816260796}",1.0,9
2025-01-11,Minnesota Timberwolves,Memphis Grizzlies,125,127,False,False,2025-01-11|Memphis Grizzlies|Minnesota Timberwolves,,,,2025-01-11|Memphis Grizzlies|Minnesota Timberwolves,0.579649722588263,2.140808117088844,,elo,"{'home_advantage': 1.6127237911980004, 'scale': 0.042401947202710705, 'error_term': 13.120484570277233, 'win_prob_k': 6.66221816260796}",0.0,-2
2025-01-11,Portland Trail Blazers,Miami Heat,98,119,False,False,2025-01-11|Miami Heat|Portland Trail Blazers,,,,2025-01-11|Miami Heat|Portland Trail Blazers,0.4102944162615355,-2.4167090542252616,,elo,"{'home_advantage': 1.6127237911980004, 'scale': 0.042401947202710705, 'error_term': 13.120484570277233, 'win_prob_k': 6.66221816260796}",0.0,-21
2025-01-12,Dallas Mavericks,Denver Nuggets,101,112,False,False,2025-01-12|Denver Nuggets|Dallas Mavericks,,,,2025-01-12|Denver Nuggets|Dallas Mavericks,0.5126796014908698,0.33794700223778174,,elo,"{'home_advantage': 1.5613541808591027, 'scale': 0.04222436440231325, 'error_term': 13.065003183775085, 'win_prob_k': 6.661773769082851}",0.0,-11
2025-01-12,New York Knicks,Milwaukee Bucks,140,106,False,False,2025-01-12|Milwaukee Bucks|New York Knicks,,,,2025-01-12|Milwaukee Bucks|New York Knicks,0.5706866619983623,1.8962956343032447,,elo,"{'home_advantage': 1.5613541808591027, 'scale': 0.04222436440231325, 'error_term': 13.065003183775085, 'win_prob_k': 6.661773769082851}",1.0,34
2025-01-12,Chicago Bulls,Sacramento Kings,119,124,False,False,2025-01-12|Sacramento Kings|Chicago Bulls,,,,2025-01-12|Sacramento Kings|Chicago Bulls,0.5082940839394328,0.22103351852616648,,elo,"{'home_advantage': 1.5613541808591027, 'scale': 0.04222436440231325, 'error_term': 13.065003183775085, 'win_prob_k': 6.661773769082851}",0.0,-5
2025-01-12,Boston Celtics,New Orleans Pelicans,120,119,False,False,2025-01-12|New Orleans Pelicans|Boston Celtics,,,,2025-01-12|New Orleans Pelicans|Boston Celtics,0.890269904819902,13.946430115222583,,elo,"{'home_advantage': 1.5613541808591027, 'scale': 0.04222436440231325, 'error_term': 13.065003183775085, 'win_prob_k': 6.661773769082851}",1.0,1
2025-01-12,Cleveland Cavaliers,Indiana Pacers,93,108,False,False,2025-01-12|Indiana Pacers|Cleveland Cavaliers,,,,2025-01-12|Indiana Pacers|Cleveland Cavaliers,0.7964588322904815,9.088705648144131,,elo,"{'home_advantage': 1.5613541808591027, 'scale': 0.04222436440231325, 'error_term': 13.065003183775085, 'win_prob_k': 6.661773769082851}",0.0,-15
2025-01-12,Orlando Magic,Philadelphia 76ers,104,99,False,False,2025-01-12|Philadelphia 76ers|Orlando Magic,,,,2025-01-12|Philadelphia 76ers|Orlando Magic,0.6122807039077834,3.043825921638345,,elo,"{'home_advantage': 1.5613541808591027, 'scale': 0.04222436440231325, 'error_term': 13.065003183775085, 'win_prob_k': 6.661773769082851}",1.0,5
2025-01-12,Washington Wizards,Oklahoma City Thunder,95,136,False,False,2025-01-12|Oklahoma City Thunder|Washington Wizards,,,,2025-01-12|Oklahoma City Thunder|Washington Wizards,0.057718307307198194,-18.604534519880534,,elo,"{'home_advantage': 1.5613541808591027, 'scale': 0.04222436440231325, 'error_term': 13.065003183775085, 'win_prob_k': 6.661773769082851}",0.0,-41
2025-01-12,Utah Jazz,Brooklyn Nets,112,111,False,False,2025-01-12|Brooklyn Nets|Utah Jazz,,,,2025-01-12|Brooklyn Nets|Utah Jazz,0.5384578743251979,1.026818735643693,,elo,"{'home_advantage': 1.5613541808591027, 'scale': 0.04222436440231325, 'error_term': 13.065003183775085, 'win_prob_k': 6.661773769082851}",1.0,1
2025-01-12,Phoenix Suns,Charlotte Hornets,120,113,False,False,2025-01-12|Charlotte Hornets|Phoenix Suns,,,,2025-01-12|Charlotte Hornets|Phoenix Suns,0.7766748741613778,8.303189208358136,,elo,"{'home_advantage': 1.5613541808591027, 'scale': 0.04222436440231325, 'error_term': 13.065003183775085, 'win_prob_k': 6.661773769082851}",1.0,7
2025-01-13,Washington Wizards,Minnesota Timberwolves,106,120,False,False,2025-01-13|Minnesota Timberwolves|Washington Wizards,,,,2025-01-13|Minnesota Timberwolves|Washington Wizards,0.18666236716623114,-10.012750418783977,,elo,"{'home_advantage': 1.5020842950360196, 'scale': 0.04207400350208871, 'error_term': 13.1234364389183, 'win_prob_k': 6.8028572378175305}",0.0,-14
2025-01-13,New York Knicks,Detroit Pistons,119,124,False,False,2025-01-13|Detroit Pistons|New York Knicks,,,,2025-01-13|Detroit Pistons|New York Knicks,0.6329923496849011,3.708071782343064,,elo,"{'home_advantage': 1.5020842950360196, 'scale': 0.04207400350208871, 'error_term': 13.1234364389183, 'win_prob_k': 6.8028572378175305}",0.0,-5
2025-01-13,Toronto Raptors,Golden State Warriors,104,101,False,False,2025-01-13|Golden State Warriors|Toronto Raptors,,,,2025-01-13|Golden State Warriors|Toronto Raptors,0.2919086633484723,-6.028230410680666,,elo,"{'home_advantage': 1.5020842950360196, 'scale': 0.04207400350208871, 'error_term': 13.1234364389183, 'win_prob_k': 6.8028572378175305}",1.0,3
2025-01-13,Houston Rockets,Memphis Grizzlies,120,118,False,False,2025-01-13|Memphis Grizzlies|Houston Rockets,,,,2025-01-13|Memphis Grizzlies|Houston Rockets,0.5973882314652166,2.684369791048561,,elo,"{'home_advantage': 1.5020842950360196, 'scale': 0.04207400350208871, 'error_term': 13.1234364389183, 'win_prob_k': 6.8028572378175305}",1.0,2
2025-01-13,Los Angeles Clippers,Miami Heat,109,98,False,False,2025-01-13|Miami Heat|Los Angeles Clippers,,,,2025-01-13|Miami Heat|Los Angeles Clippers,0.5413133575367644,1.1267643839782335,,elo,"{'home_advantage': 1.5020842950360196, 'scale': 0.04207400350208871, 'error_term': 13.1234364389183, 'win_prob_k': 6.8028572378175305}",1.0,11
2025-01-13,Los Angeles Lakers,San Antonio Spurs,102,126,False,False,2025-01-13|San Antonio Spurs|Los Angeles Lakers,,,,2025-01-13|San Antonio Spurs|Los Angeles Lakers,0.6294722214810865,3.6051966896606955,,elo,"{'home_advantage': 1.5020842950360196, 'scale': 0.04207400350208871, 'error_term': 13.1234364389183, 'win_prob_k': 6.8028572378175305}",0.0,-24
2025-01-14,Indiana Pacers,Cleveland Cavaliers,117,127,False,False,2025-01-14|Cleveland Cavaliers|Indiana Pacers,,,,2025-01-14|Cleveland Cavaliers|Indiana Pacers,0.37883806479032245,-3.383113275211697,,elo,"{'home_advantage': 1.4566393766039827, 'scale': 0.04200612725810333, 'error_term': 13.148959765898688, 'win_prob_k': 6.841718495408518}",0.0,-10
2025-01-14,Philadelphia 76ers,Oklahoma City Thunder,102,118,False,False,2025-01-14|Oklahoma City Thunder|Philadelphia 76ers,,,,2025-01-14|Oklahoma City Thunder|Philadelphia 76ers,0.15295007983923264,-11.710614038796317,,elo,"{'home_advantage': 1.4566393766039827, 'scale': 0.04200612725810333, 'error_term': 13.148959765898688, 'win_prob_k': 6.841718495408518}",0.0,-16
2025-01-14,Atlanta Hawks,Phoenix Suns,122,117,False,False,2025-01-14|Phoenix Suns|Atlanta Hawks,,,,2025-01-14|Phoenix Suns|Atlanta Hawks,0.6317690759694279,3.6932532996534833,,elo,"{'home_advantage': 1.4566393766039827, 'scale': 0.04200612725810333, 'error_term': 13.148959765898688, 'win_prob_k': 6.841718495408518}",1.0,5
2025-01-14,Chicago Bulls,New Orleans Pelicans,113,119,False,False,2025-01-14|New Orleans Pelicans|Chicago Bulls,,,,2025-01-14|New Orleans Pelicans|Chicago Bulls,0.7881971674899223,8.990650719180756,,elo,"{'home_advantage': 1.4566393766039827, 'scale': 0.04200612725810333, 'error_term': 13.148959765898688, 'win_prob_k': 6.841718495408518}",0.0,-6
2025-01-14,Milwaukee Bucks,Sacramento Kings,130,115,False,False,2025-01-14|Sacramento Kings|Milwaukee Bucks,,,,2025-01-14|Sacramento Kings|Milwaukee Bucks,0.5383840141208143,1.0525213554146333,,elo,"{'home_advantage': 1.4566393766039827, 'scale': 0.04200612725810333, 'error_term': 13.148959765898688, 'win_prob_k': 6.841718495408518}",1.0,15
2025-01-14,Dallas Mavericks,Denver Nuggets,99,118,False,False,2025-01-14|Denver Nuggets|Dallas Mavericks,,,,2025-01-14|Denver Nuggets|Dallas Mavericks,0.4438827798977977,-1.5422504763079203,,elo,"{'home_advantage': 1.4566393766039827, 'scale': 0.04200612725810333, 'error_term': 13.148959765898688, 'win_prob_k': 6.841718495408518}",0.0,-19
2025-01-14,Portland Trail Blazers,Brooklyn Nets,114,132,False,False,2025-01-14|Brooklyn Nets|Portland Trail Blazers,,,,2025-01-14|Brooklyn Nets|Portland Trail Blazers,0.6353791752424172,3.7996439432634155,,elo,"{'home_advantage': 1.4566393766039827, 'scale': 0.04200612725810333, 'error_term': 13.148959765898688, 'win_prob_k': 6.841718495408518}",0.0,-18
2025-01-15,Philadelphia 76ers,New York Knicks,119,125,False,False,2025-01-15|New York Knicks|Philadelphia 76ers,,,,2025-01-15|New York Knicks|Philadelphia 76ers,0.3541021098537517,-4.107383826020436,,elo,"{'home_advantage': 1.3780142976696033, 'scale': 0.04204901593085469, 'error_term': 13.132994960707814, 'win_prob_k': 6.833611312182336}",0.0,-6
2025-01-15,Toronto Raptors,Boston Celtics,110,97,False,False,2025-01-15|Boston Celtics|Toronto Raptors,,,,2025-01-15|Boston Celtics|Toronto Raptors,0.1738586502489593,-10.650342250240609,,elo,"{'home_advantage': 1.3780142976696033, 'scale': 0.04204901593085469, 'error_term': 13.132994960707814, 'win_prob_k': 6.833611312182336}",1.0,13
2025-01-15,Chicago Bulls,Atlanta Hawks,94,110,False,False,2025-01-15|Atlanta Hawks|Chicago Bulls,,,,2025-01-15|Atlanta Hawks|Chicago Bulls,0.44587194827204274,-1.4853810963930758,,elo,"{'home_advantage': 1.3780142976696033, 'scale': 0.04204901593085469, 'error_term': 13.132994960707814, 'win_prob_k': 6.833611312182336}",0.0,-16
2025-01-15,Milwaukee Bucks,Orlando Magic,122,93,False,False,2025-01-15|Orlando Magic|Milwaukee Bucks,,,,2025-01-15|Orlando Magic|Milwaukee Bucks,0.6387391126171166,3.8944458354685043,,elo,"{'home_advantage': 1.3780142976696033, 'scale': 0.04204901593085469, 'error_term': 13.132994960707814, 'win_prob_k': 6.833611312182336}",1.0,29
2025-01-15,New Orleans Pelicans,Dallas Mavericks,119,116,False,False,2025-01-15|Dallas Mavericks|New Orleans Pelicans,,,,2025-01-15|Dallas Mavericks|New Orleans Pelicans,0.3130558679349239,-5.370339011780704,,elo,"{'home_advantage': 1.3780142976696033, 'scale': 0.04204901593085469, 'error_term': 13.132994960707814, 'win_prob_k': 6.833611312182336}",1.0,3
2025-01-15,San Antonio Spurs,Memphis Grizzlies,115,129,False,False,2025-01-15|Memphis Grizzlies|San Antonio Spurs,,,,2025-01-15|Memphis Grizzlies|San Antonio Spurs,0.45386429000872813,-1.264691424810955,,elo,"{'home_advantage': 1.3780142976696033, 'scale': 0.04204901593085469, 'error_term': 13.132994960707814, 'win_prob_k': 6.833611312182336}",0.0,-14
2025-01-15,Denver Nuggets,Houston Rockets,108,128,False,False,2025-01-15|Houston Rockets|Denver Nuggets,,,,2025-01-15|Houston Rockets|Denver Nuggets,0.5249663395810052,0.6830090628012888,,elo,"{'home_advantage': 1.3780142976696033, 'scale': 0.04204901593085469, 'error_term': 13.132994960707814, 'win_prob_k': 6.833611312182336}",0.0,-20
2025-01-15,Utah Jazz,Charlotte Hornets,112,117,False,False,2025-01-15|Charlotte Hornets|Utah Jazz,,,,2025-01-15|Charlotte Hornets|Utah Jazz,0.6901231933897192,5.471640475647278,,elo,"{'home_advantage': 1.3780142976696033, 'scale': 0.04204901593085469, 'error_term': 13.132994960707814, 'win_prob_k': 6.833611312182336}",0.0,-5
2025-01-15,Minnesota Timberwolves,Golden State Warriors,115,116,False,False,2025-01-15|Golden State Warriors|Minnesota Timberwolves,,,,2025-01-15|Golden State Warriors|Minnesota Timberwolves,0.701457437396943,5.837596835272639,,elo,"{'home_advantage': 1.3780142976696033, 'scale': 0.04204901593085469, 'error_term': 13.132994960707814, 'win_prob_k': 6.833611312182336}",0.0,-1
2025-01-15,Los Angeles Lakers,Miami Heat,117,108,False,False,2025-01-15|Miami Heat|Los Angeles Lakers,,,,2025-01-15|Miami Heat|Los Angeles Lakers,0.5220442670130541,0.6029586892277745,,elo,"{'home_advantage': 1.3780142976696033, 'scale': 0.04204901593085469, 'error_term': 13.132994960707814, 'win_prob_k': 6.833611312182336}",1.0,9
2025-01-15,Los Angeles Clippers,Brooklyn Nets,126,67,False,False,2025-01-15|Brooklyn Nets|Los Angeles Clippers,,,,2025-01-15|Brooklyn Nets|Los Angeles Clippers,0.775266571865443,8.4620062048957,,elo,"{'home_advantage': 1.3780142976696033, 'scale': 0.04204901593085469, 'error_term': 13.132994960707814, 'win_prob_k': 6.833611312182336}",1.0,59
2025-01-16,Detroit Pistons,Indiana Pacers,100,111,False,False,2025-01-16|Indiana Pacers|Detroit Pistons,,,,2025-01-16|Indiana Pacers|Detroit Pistons,0.5037261976765434,0.10437338039019495,,elo,"{'home_advantage': 1.4412696504295879, 'scale': 0.042957065310940644, 'error_term': 13.32828002901642, 'win_prob_k': 7.002543690996621}",0.0,-11
2025-01-16,Washington Wizards,Phoenix Suns,123,130,False,False,2025-01-16|Phoenix Suns|Washington Wizards,,,,2025-01-16|Phoenix Suns|Washington Wizards,0.29275167359448456,-6.176643552772159,,elo,"{'home_advantage': 1.4412696504295879, 'scale': 0.042957065310940644, 'error_term': 13.32828002901642, 'win_prob_k': 7.002543690996621}",0.0,-7
2025-01-16,Oklahoma City Thunder,Cleveland Cavaliers,134,114,False,False,2025-01-16|Cleveland Cavaliers|Oklahoma City Thunder,,,,2025-01-16|Cleveland Cavaliers|Oklahoma City Thunder,0.5805868578111992,2.277107899927442,,elo,"{'home_advantage': 1.4412696504295879, 'scale': 0.042957065310940644, 'error_term': 13.32828002901642, 'win_prob_k': 7.002543690996621}",1.0,20
2025-01-16,Portland Trail Blazers,Los Angeles Clippers,89,118,False,False,2025-01-16|Los Angeles Clippers|Portland Trail Blazers,,,,2025-01-16|Los Angeles Clippers|Portland Trail Blazers,0.29782583138998847,-6.005889990383331,,elo,"{'home_advantage': 1.4412696504295879, 'scale': 0.042957065310940644, 'error_term': 13.32828002901642, 'win_prob_k': 7.002543690996621}",0.0,-29
2025-01-16,Sacramento Kings,Houston Rockets,132,127,False,False,2025-01-16|Houston Rockets|Sacramento Kings,,,,2025-01-16|Houston Rockets|Sacramento Kings,0.3937170522038369,-3.0230980934358547,,elo,"{'home_advantage': 1.4412696504295879, 'scale': 0.042957065310940644, 'error_term': 13.32828002901642, 'win_prob_k': 7.002543690996621}",1.0,5
2025-01-17,Boston Celtics,Orlando Magic,121,94,False,False,2025-01-17|Orlando Magic|Boston Celtics,,,,2025-01-17|Orlando Magic|Boston Celtics,0.6702183199577824,5.017936271976042,,elo,"{'home_advantage': 1.4314149537265277, 'scale': 0.04285412250073954, 'error_term': 13.319515250762771, 'win_prob_k': 7.075761129941377}",1.0,27
2025-01-17,New York Knicks,Minnesota Timberwolves,99,116,False,False,2025-01-17|Minnesota Timberwolves|New York Knicks,,,,2025-01-17|Minnesota Timberwolves|New York Knicks,0.6310452822524701,3.797587194815337,,elo,"{'home_advantage': 1.4314149537265277, 'scale': 0.04285412250073954, 'error_term': 13.319515250762771, 'win_prob_k': 7.075761129941377}",0.0,-17
2025-01-17,Chicago Bulls,Charlotte Hornets,123,125,False,False,2025-01-17|Charlotte Hornets|Chicago Bulls,,,,2025-01-17|Charlotte Hornets|Chicago Bulls,0.7296065122694865,7.023592282450524,,elo,"{'home_advantage': 1.4314149537265277, 'scale': 0.04285412250073954, 'error_term': 13.319515250762771, 'win_prob_k': 7.075761129941377}",0.0,-2
2025-01-17,Miami Heat,Denver Nuggets,113,133,False,False,2025-01-17|Denver Nuggets|Miami Heat,,,,2025-01-17|Denver Nuggets|Miami Heat,0.4230523332115013,-2.19529503148552,,elo,"{'home_advantage': 1.4314149537265277, 'scale': 0.04285412250073954, 'error_term': 13.319515250762771, 'win_prob_k': 7.075761129941377}",0.0,-20
2025-01-17,Milwaukee Bucks,Toronto Raptors,130,112,False,False,2025-01-17|Toronto Raptors|Milwaukee Bucks,,,,2025-01-17|Toronto Raptors|Milwaukee Bucks,0.828212700886815,11.130263733092278,,elo,"{'home_advantage': 1.4314149537265277, 'scale': 0.04285412250073954, 'error_term': 13.319515250762771, 'win_prob_k': 7.075761129941377}",1.0,18
2025-01-17,New Orleans Pelicans,Utah Jazz,136,123,False,False,2025-01-17|Utah Jazz|New Orleans Pelicans,,,,2025-01-17|Utah Jazz|New Orleans Pelicans,0.5772828276559492,2.2050122487253794,,elo,"{'home_advantage': 1.4314149537265277, 'scale': 0.04285412250073954, 'error_term': 13.319515250762771, 'win_prob_k': 7.075761129941377}",1.0,13
2025-01-17,Dallas Mavericks,Oklahoma City Thunder,106,98,False,False,2025-01-17|Oklahoma City Thunder|Dallas Mavericks,,,,2025-01-17|Oklahoma City Thunder|Dallas Mavericks,0.1603832787858108,-11.713066810983008,,elo,"{'home_advantage': 1.4314149537265277, 'scale': 0.04285412250073954, 'error_term': 13.319515250762771, 'win_prob_k': 7.075761129941377}",1.0,8
2025-01-17,San Antonio Spurs,Memphis Grizzlies,112,140,False,False,2025-01-17|Memphis Grizzlies|San Antonio Spurs,,,,2025-01-17|Memphis Grizzlies|San Antonio Spurs,0.3985180073028866,-2.9126939969868393,,elo,"{'home_advantage': 1.4314149537265277, 'scale': 0.04285412250073954, 'error_term': 13.319515250762771, 'win_prob_k': 7.075761129941377}",0.0,-28
2025-01-17,Los Angeles Lakers,Brooklyn Nets,102,101,False,False,2025-01-17|Brooklyn Nets|Los Angeles Lakers,,,,2025-01-17|Brooklyn Nets|Los Angeles Lakers,0.7530715947558374,7.889911404231578,,elo,"{'home_advantage': 1.4314149537265277, 'scale': 0.04285412250073954, 'error_term': 13.319515250762771, 'win_prob_k': 7.075761129941377}",1.0,1
2025-01-18,Detroit Pistons,Phoenix Suns,121,125,False,False,2025-01-18|Phoenix Suns|Detroit Pistons,,,,2025-01-18|Phoenix Suns|Detroit Pistons,0.6751284324963939,5.3173070462222825,,elo,"{'home_advantage': 1.3961404421492083, 'scale': 0.043593574822479546, 'error_term': 13.338277255537534, 'win_prob_k': 7.269314015958344}",0.0,-4
2025-01-18,Boston Celtics,Atlanta Hawks,115,119,False,False,2025-01-18|Atlanta Hawks|Boston Celtics,,,,2025-01-18|Atlanta Hawks|Boston Celtics,0.6192145612175678,3.5344551442269156,,elo,"{'home_advantage': 1.3961404421492083, 'scale': 0.043593574822479546, 'error_term': 13.338277255537534, 'win_prob_k': 7.269314015958344}",0.0,-4
2025-01-18,Indiana Pacers,Philadelphia 76ers,115,102,False,False,2025-01-18|Philadelphia 76ers|Indiana Pacers,,,,2025-01-18|Philadelphia 76ers|Indiana Pacers,0.7980741875646207,9.99022694063498,,elo,"{'home_advantage': 1.3961404421492083, 'scale': 0.043593574822479546, 'error_term': 13.338277255537534, 'win_prob_k': 7.269314015958344}",1.0,13
2025-01-18,Golden State Warriors,Washington Wizards,122,114,False,False,2025-01-18|Washington Wizards|Golden State Warriors,,,,2025-01-18|Washington Wizards|Golden State Warriors,0.8248190855275452,11.26267412540722,,elo,"{'home_advantage': 1.3961404421492083, 'scale': 0.043593574822479546, 'error_term': 13.338277255537534, 'win_prob_k': 7.269314015958344}",1.0,8
2025-01-18,Minnesota Timberwolves,Cleveland Cavaliers,117,124,False,False,2025-01-18|Cleveland Cavaliers|Minnesota Timberwolves,,,,2025-01-18|Cleveland Cavaliers|Minnesota Timberwolves,0.2969048388074103,-6.266734353464086,,elo,"{'home_advantage': 1.3961404421492083, 'scale': 0.043593574822479546, 'error_term': 13.338277255537534, 'win_prob_k': 7.269314015958344}",0.0,-7
2025-01-18,Portland Trail Blazers,Houston Rockets,103,125,False,False,2025-01-18|Houston Rockets|Portland Trail Blazers,,,,2025-01-18|Houston Rockets|Portland Trail Blazers,0.20792821554407873,-9.72241034196887,,elo,"{'home_advantage': 1.3961404421492083, 'scale': 0.043593574822479546, 'error_term': 13.338277255537534, 'win_prob_k': 7.269314015958344}",0.0,-22
2025-01-19,Miami Heat,San Antonio Spurs,128,107,False,False,2025-01-19|San Antonio Spurs|Miami Heat,,,,2025-01-19|San Antonio Spurs|Miami Heat,0.5727331146025489,2.1000629294478688,,elo,"{'home_advantage': 1.360408758364047, 'scale': 0.042659465417153694, 'error_term': 13.331219354328843, 'win_prob_k': 7.1671812622160385}",1.0,21
2025-01-19,Orlando Magic,Denver Nuggets,100,113,False,False,2025-01-19|Denver Nuggets|Orlando Magic,,,,2025-01-19|Denver Nuggets|Orlando Magic,0.3687551868247923,-3.8527956234185234,,elo,"{'home_advantage': 1.360408758364047, 'scale': 0.042659465417153694, 'error_term': 13.331219354328843, 'win_prob_k': 7.1671812622160385}",0.0,-13
2025-01-19,Milwaukee Bucks,Philadelphia 76ers,123,109,False,False,2025-01-19|Philadelphia 76ers|Milwaukee Bucks,,,,2025-01-19|Philadelphia 76ers|Milwaukee Bucks,0.7755384111845447,8.88625058961023,,elo,"{'home_advantage': 1.360408758364047, 'scale': 0.042659465417153694, 'error_term': 13.331219354328843, 'win_prob_k': 7.1671812622160385}",1.0,14
2025-01-19,Oklahoma City Thunder,Brooklyn Nets,127,101,False,False,2025-01-19|Brooklyn Nets|Oklahoma City Thunder,,,,2025-01-19|Brooklyn Nets|Oklahoma City Thunder,0.9240721740877532,17.910835779383817,,elo,"{'home_advantage': 1.360408758364047, 'scale': 0.042659465417153694, 'error_term': 13.331219354328843, 'win_prob_k': 7.1671812622160385}",1.0,26
2025-01-19,Los Angeles Clippers,Los Angeles Lakers,116,102,False,False,2025-01-19|Los Angeles Lakers|Los Angeles Clippers,,,,2025-01-19|Los Angeles Lakers|Los Angeles Clippers,0.6040532617713045,3.027293179420848,,elo,"{'home_advantage': 1.360408758364047, 'scale': 0.042659465417153694, 'error_term': 13.331219354328843, 'win_prob_k': 7.1671812622160385}",1.0,14
2025-01-19,Portland Trail Blazers,Chicago Bulls,113,102,False,False,2025-01-19|Chicago Bulls|Portland Trail Blazers,,,,2025-01-19|Chicago Bulls|Portland Trail Blazers,0.47697953188500974,-0.6604343908191714,,elo,"{'home_advantage': 1.360408758364047, 'scale': 0.042659465417153694, 'error_term': 13.331219354328843, 'win_prob_k': 7.1671812622160385}",1.0,11
2025-01-19,Sacramento Kings,Washington Wizards,123,100,False,False,2025-01-19|Washington Wizards|Sacramento Kings,,,,2025-01-19|Washington Wizards|Sacramento Kings,0.8912305689806987,15.075254402417276,,elo,"{'home_advantage': 1.360408758364047, 'scale': 0.042659465417153694, 'error_term': 13.331219354328843, 'win_prob_k': 7.1671812622160385}",1.0,23
2025-01-20,Charlotte Hornets,Dallas Mavericks,110,105,False,False,2025-01-20|Dallas Mavericks|Charlotte Hornets,,,,2025-01-20|Dallas Mavericks|Charlotte Hornets,0.31005228192939505,-5.772221972424418,,elo,"{'home_advantage': 1.4515806038514356, 'scale': 0.04234528422415677, 'error_term': 13.312714729902781, 'win_prob_k': 7.216406028768709}",1.0,5
2025-01-20,Houston Rockets,Detroit Pistons,96,107,False,False,2025-01-20|Detroit Pistons|Houston Rockets,,,,2025-01-20|Detroit Pistons|Houston Rockets,0.7075522959116847,6.375880058323727,,elo,"{'home_advantage': 1.4515806038514356, 'scale': 0.04234528422415677, 'error_term': 13.312714729902781, 'win_prob_k': 7.216406028768709}",0.0,-11
2025-01-20,Memphis Grizzlies,Minnesota Timberwolves,108,106,False,False,2025-01-20|Minnesota Timberwolves|Memphis Grizzlies,,,,2025-01-20|Minnesota Timberwolves|Memphis Grizzlies,0.6380906464946645,4.092326990281172,,elo,"{'home_advantage': 1.4515806038514356, 'scale': 0.04234528422415677, 'error_term': 13.312714729902781, 'win_prob_k': 7.216406028768709}",1.0,2
2025-01-20,New York Knicks,Atlanta Hawks,119,110,False,False,2025-01-20|Atlanta Hawks|New York Knicks,,,,2025-01-20|Atlanta Hawks|New York Knicks,0.5331451816743483,0.9581615228569557,,elo,"{'home_advantage': 1.4515806038514356, 'scale': 0.04234528422415677, 'error_term': 13.312714729902781, 'win_prob_k': 7.216406028768709}",1.0,9
2025-01-20,Cleveland Cavaliers,Phoenix Suns,118,92,False,False,2025-01-20|Phoenix Suns|Cleveland Cavaliers,,,,2025-01-20|Phoenix Suns|Cleveland Cavaliers,0.8484831211993863,12.432086304269808,,elo,"{'home_advantage': 1.4515806038514356, 'scale': 0.04234528422415677, 'error_term': 13.312714729902781, 'win_prob_k': 7.216406028768709}",1.0,26
2025-01-20,Golden State Warriors,Boston Celtics,85,125,False,False,2025-01-20|Boston Celtics|Golden State Warriors,,,,2025-01-20|Boston Celtics|Golden State Warriors,0.43135246237968167,-1.9941474820671343,,elo,"{'home_advantage': 1.4515806038514356, 'scale': 0.04234528422415677, 'error_term': 13.312714729902781, 'win_prob_k': 7.216406028768709}",0.0,-40
2025-01-20,New Orleans Pelicans,Utah Jazz,123,119,False,False,2025-01-20|Utah Jazz|New Orleans Pelicans,,,,2025-01-20|Utah Jazz|New Orleans Pelicans,0.621612723790321,3.5822171468045516,,elo,"{'home_advantage': 1.4515806038514356, 'scale': 0.04234528422415677, 'error_term': 13.312714729902781, 'win_prob_k': 7.216406028768709}",1.0,4
2025-01-20,Los Angeles Clippers,Chicago Bulls,99,112,False,False,2025-01-20|Chicago Bulls|Los Angeles Clippers,,,,2025-01-20|Chicago Bulls|Los Angeles Clippers,0.7948980399222522,9.77611311383608,,elo,"{'home_advantage': 1.4515806038514356, 'scale': 0.04234528422415677, 'error_term': 13.312714729902781, 'win_prob_k': 7.216406028768709}",0.0,-13
2025-01-21,Brooklyn Nets,New York Knicks,95,99,False,False,2025-01-21|New York Knicks|Brooklyn Nets,,,,2025-01-21|New York Knicks|Brooklyn Nets,0.25172127516672843,-7.9378125745501436,,elo,"{'home_advantage': 1.3539751800122024, 'scale': 0.04273545080949519, 'error_term': 13.377418153121516, 'win_prob_k': 7.286052511313999}",0.0,-4
2025-01-21,Miami Heat,Portland Trail Blazers,107,116,False,False,2025-01-21|Portland Trail Blazers|Miami Heat,,,,2025-01-21|Portland Trail Blazers|Miami Heat,0.7098387030525233,6.518108410533354,,elo,"{'home_advantage': 1.3539751800122024, 'scale': 0.04273545080949519, 'error_term': 13.377418153121516, 'win_prob_k': 7.286052511313999}",0.0,-9
2025-01-21,Toronto Raptors,Orlando Magic,109,93,False,False,2025-01-21|Orlando Magic|Toronto Raptors,,,,2025-01-21|Orlando Magic|Toronto Raptors,0.3775456191382777,-3.642872775761833,,elo,"{'home_advantage': 1.3539751800122024, 'scale': 0.04273545080949519, 'error_term': 13.377418153121516, 'win_prob_k': 7.286052511313999}",1.0,16
2025-01-21,Denver Nuggets,Philadelphia 76ers,144,109,False,False,2025-01-21|Philadelphia 76ers|Denver Nuggets,,,,2025-01-21|Philadelphia 76ers|Denver Nuggets,0.8104485016832743,10.58610280821973,,elo,"{'home_advantage': 1.3539751800122024, 'scale': 0.04273545080949519, 'error_term': 13.377418153121516, 'win_prob_k': 7.286052511313999}",1.0,35
2025-01-21,Los Angeles Lakers,Washington Wizards,111,88,False,False,2025-01-21|Washington Wizards|Los Angeles Lakers,,,,2025-01-21|Washington Wizards|Los Angeles Lakers,0.8573607978197575,13.06782990466776,,elo,"{'home_advantage': 1.3539751800122024, 'scale': 0.04273545080949519, 'error_term': 13.377418153121516, 'win_prob_k': 7.286052511313999}",1.0,23
2025-01-22,Atlanta Hawks,Detroit Pistons,104,114,False,False,2025-01-22|Detroit Pistons|Atlanta Hawks,,,,2025-01-22|Detroit Pistons|Atlanta Hawks,0.5539936630406328,1.5866213813038232,,elo,"{'home_advantage': 1.4070053018821396, 'scale': 0.042553549975304014, 'error_term': 13.435080112753491, 'win_prob_k': 7.31768627878307}",0.0,-10
2025-01-22,Brooklyn Nets,Phoenix Suns,84,108,False,False,2025-01-22|Phoenix Suns|Brooklyn Nets,,,,2025-01-22|Phoenix Suns|Brooklyn Nets,0.3613865617613316,-4.166332949684938,,elo,"{'home_advantage': 1.4070053018821396, 'scale': 0.042553549975304014, 'error_term': 13.435080112753491, 'win_prob_k': 7.31768627878307}",0.0,-24
2025-01-22,Dallas Mavericks,Minnesota Timberwolves,114,115,False,False,2025-01-22|Minnesota Timberwolves|Dallas Mavericks,,,,2025-01-22|Minnesota Timberwolves|Dallas Mavericks,0.4802187126134159,-0.5793153950344363,,elo,"{'home_advantage': 1.4070053018821396, 'scale': 0.042553549975304014, 'error_term': 13.435080112753491, 'win_prob_k': 7.31768627878307}",0.0,-1
2025-01-22,Houston Rockets,Cleveland Cavaliers,109,108,False,False,2025-01-22|Cleveland Cavaliers|Houston Rockets,,,,2025-01-22|Cleveland Cavaliers|Houston Rockets,0.3453569646569718,-4.679744825657494,,elo,"{'home_advantage': 1.4070053018821396, 'scale': 0.042553549975304014, 'error_term': 13.435080112753491, 'win_prob_k': 7.31768627878307}",1.0,1
2025-01-22,Memphis Grizzlies,Charlotte Hornets,132,120,False,False,2025-01-22|Charlotte Hornets|Memphis Grizzlies,,,,2025-01-22|Charlotte Hornets|Memphis Grizzlies,0.8413137983593978,12.206164428442413,,elo,"{'home_advantage': 1.4070053018821396, 'scale': 0.042553549975304014, 'error_term': 13.435080112753491, 'win_prob_k': 7.31768627878307}",1.0,12
2025-01-22,Oklahoma City Thunder,Utah Jazz,123,114,False,False,2025-01-22|Utah Jazz|Oklahoma City Thunder,,,,2025-01-22|Utah Jazz|Oklahoma City Thunder,0.9379254831130748,19.869969341831723,,elo,"{'home_advantage': 1.4070053018821396, 'scale': 0.042553549975304014, 'error_term': 13.435080112753491, 'win_prob_k': 7.31768627878307}",1.0,9
2025-01-22,Sacramento Kings,Golden State Warriors,123,117,False,False,2025-01-22|Golden State Warriors|Sacramento Kings,,,,2025-01-22|Golden State Warriors|Sacramento Kings,0.689391184499277,5.834205212894734,,elo,"{'home_advantage': 1.4070053018821396, 'scale': 0.042553549975304014, 'error_term': 13.435080112753491, 'win_prob_k': 7.31768627878307}",1.0,6
2025-01-22,Los Angeles Clippers,Boston Celtics,113,117,False,False,2025-01-22|Boston Celtics|Los Angeles Clippers,,,,2025-01-22|Boston Celtics|Los Angeles Clippers,0.5004844337832249,0.014179742230797432,,elo,"{'home_advantage': 1.4070053018821396, 'scale': 0.042553549975304014, 'error_term': 13.435080112753491, 'win_prob_k': 7.31768627878307}",0.0,-4
2025-01-23,Indiana Pacers,San Antonio Spurs,110,140,False,False,2025-01-23|San Antonio Spurs|Indiana Pacers,,,,2025-01-23|San Antonio Spurs|Indiana Pacers,0.7644398743800134,8.672748877875208,,elo,"{'home_advantage': 1.339139307661232, 'scale': 0.04184346293254043, 'error_term': 13.38747753730701, 'win_prob_k': 7.367411632037246}",0.0,-30
2025-01-23,Orlando Magic,Portland Trail Blazers,79,101,False,False,2025-01-23|Portland Trail Blazers|Orlando Magic,,,,2025-01-23|Portland Trail Blazers|Orlando Magic,0.5930449739898681,2.774328217780481,,elo,"{'home_advantage': 1.339139307661232, 'scale': 0.04184346293254043, 'error_term': 13.38747753730701, 'win_prob_k': 7.367411632037246}",0.0,-22
2025-01-23,Atlanta Hawks,Toronto Raptors,119,122,False,False,2025-01-23|Toronto Raptors|Atlanta Hawks,,,,2025-01-23|Toronto Raptors|Atlanta Hawks,0.741615417199473,7.768063979789712,,elo,"{'home_advantage': 1.339139307661232, 'scale': 0.04184346293254043, 'error_term': 13.38747753730701, 'win_prob_k': 7.367411632037246}",0.0,-3
2025-01-23,Oklahoma City Thunder,Dallas Mavericks,115,121,False,False,2025-01-23|Dallas Mavericks|Oklahoma City Thunder,,,,2025-01-23|Dallas Mavericks|Oklahoma City Thunder,0.8641448220213997,13.630823425837026,,elo,"{'home_advantage': 1.339139307661232, 'scale': 0.04184346293254043, 'error_term': 13.38747753730701, 'win_prob_k': 7.367411632037246}",0.0,-6
2025-01-23,Milwaukee Bucks,Miami Heat,125,96,False,False,2025-01-23|Miami Heat|Milwaukee Bucks,,,,2025-01-23|Miami Heat|Milwaukee Bucks,0.711547581638451,6.652125445263027,,elo,"{'home_advantage': 1.339139307661232, 'scale': 0.04184346293254043, 'error_term': 13.38747753730701, 'win_prob_k': 7.367411632037246}",1.0,29
2025-01-23,Denver Nuggets,Sacramento Kings,132,123,False,False,2025-01-23|Sacramento Kings|Denver Nuggets,,,,2025-01-23|Sacramento Kings|Denver Nuggets,0.6084595527112131,3.2478616496368904,,elo,"{'home_advantage': 1.339139307661232, 'scale': 0.04184346293254043, 'error_term': 13.38747753730701, 'win_prob_k': 7.367411632037246}",1.0,9
2025-01-23,Golden State Warriors,Chicago Bulls,131,106,False,False,2025-01-23|Chicago Bulls|Golden State Warriors,,,,2025-01-23|Chicago Bulls|Golden State Warriors,0.5946300345152652,2.8227447607190483,,elo,"{'home_advantage': 1.339139307661232, 'scale': 0.04184346293254043, 'error_term': 13.38747753730701, 'win_prob_k': 7.367411632037246}",1.0,25
2025-01-23,Los Angeles Lakers,Boston Celtics,117,96,False,False,2025-01-23|Boston Celtics|Los Angeles Lakers,,,,2025-01-23|Boston Celtics|Los Angeles Lakers,0.4250497199950617,-2.225528677229342,,elo,"{'home_advantage': 1.339139307661232, 'scale': 0.04184346293254043, 'error_term': 13.38747753730701, 'win_prob_k': 7.367411632037246}",1.0,21
2025-01-23,Los Angeles Clippers,Washington Wizards,110,93,False,False,2025-01-23|Washington Wizards|Los Angeles Clippers,,,,2025-01-23|Washington Wizards|Los Angeles Clippers,0.8651709727294785,13.695426124266127,,elo,"{'home_advantage': 1.339139307661232, 'scale': 0.04184346293254043, 'error_term': 13.38747753730701, 'win_prob_k': 7.367411632037246}",1.0,17
2025-01-24,Charlotte Hornets,Portland Trail Blazers,97,102,False,False,2025-01-24|Portland Trail Blazers|Charlotte Hornets,,,,2025-01-24|Portland Trail Blazers|Charlotte Hornets,0.4319142401329623,-2.0358373430380636,,elo,"{'home_advantage': 1.2920912610062585, 'scale': 0.04321892234568738, 'error_term': 13.50683979421565, 'win_prob_k': 7.428833940886225}",0.0,-5
2025-01-24,Philadelphia 76ers,Cleveland Cavaliers,132,129,False,False,2025-01-24|Cleveland Cavaliers|Philadelphia 76ers,,,,2025-01-24|Cleveland Cavaliers|Philadelphia 76ers,0.1524154297560545,-12.746250188470981,,elo,"{'home_advantage': 1.2920912610062585, 'scale': 0.04321892234568738, 'error_term': 13.50683979421565, 'win_prob_k': 7.428833940886225}",1.0,3
2025-01-24,Memphis Grizzlies,New Orleans Pelicans,139,126,False,False,2025-01-24|New Orleans Pelicans|Memphis Grizzlies,,,,2025-01-24|New Orleans Pelicans|Memphis Grizzlies,0.8159114806346017,11.06071020740415,,elo,"{'home_advantage': 1.2920912610062585, 'scale': 0.04321892234568738, 'error_term': 13.50683979421565, 'win_prob_k': 7.428833940886225}",1.0,13
2025-01-25,San Antonio Spurs,Indiana Pacers,98,136,False,False,2025-01-25|Indiana Pacers|San Antonio Spurs,,,,2025-01-25|Indiana Pacers|San Antonio Spurs,0.38307299004830225,-3.5630985964979995,,elo,"{'home_advantage': 1.3298038359442768, 'scale': 0.04351551873883234, 'error_term': 13.508570788830049, 'win_prob_k': 7.477251566152274}",0.0,-38
2025-01-25,Minnesota Timberwolves,Denver Nuggets,133,104,False,False,2025-01-25|Denver Nuggets|Minnesota Timberwolves,,,,2025-01-25|Denver Nuggets|Minnesota Timberwolves,0.4058385639495035,-2.85029543833247,,elo,"{'home_advantage': 1.3298038359442768, 'scale': 0.04351551873883234, 'error_term': 13.508570788830049, 'win_prob_k': 7.477251566152274}",1.0,29
2025-01-25,Dallas Mavericks,Boston Celtics,107,122,False,False,2025-01-25|Boston Celtics|Dallas Mavericks,,,,2025-01-25|Boston Celtics|Dallas Mavericks,0.41611321793870176,-2.5329168442028553,,elo,"{'home_advantage': 1.3298038359442768, 'scale': 0.04351551873883234, 'error_term': 13.508570788830049, 'win_prob_k': 7.477251566152274}",0.0,-15
2025-01-25,Brooklyn Nets,Miami Heat,97,106,False,False,2025-01-25|Miami Heat|Brooklyn Nets,,,,2025-01-25|Miami Heat|Brooklyn Nets,0.3589283221961418,-4.33694471294911,,elo,"{'home_advantage': 1.3298038359442768, 'scale': 0.04351551873883234, 'error_term': 13.508570788830049, 'win_prob_k': 7.477251566152274}",0.0,-9
2025-01-25,Charlotte Hornets,New Orleans Pelicans,123,92,False,False,2025-01-25|New Orleans Pelicans|Charlotte Hornets,,,,2025-01-25|New Orleans Pelicans|Charlotte Hornets,0.46989491895610985,-0.9015035086595617,,elo,"{'home_advantage': 1.3298038359442768, 'scale': 0.04351551873883234, 'error_term': 13.508570788830049, 'win_prob_k': 7.477251566152274}",1.0,31
2025-01-25,Orlando Magic,Detroit Pistons,121,113,False,False,2025-01-25|Detroit Pistons|Orlando Magic,,,,2025-01-25|Detroit Pistons|Orlando Magic,0.33152946289341834,-5.2436143718765305,,elo,"{'home_advantage': 1.3298038359442768, 'scale': 0.04351551873883234, 'error_term': 13.508570788830049, 'win_prob_k': 7.477251566152274}",1.0,8
2025-01-25,Atlanta Hawks,Toronto Raptors,94,117,False,False,2025-01-25|Toronto Raptors|Atlanta Hawks,,,,2025-01-25|Toronto Raptors|Atlanta Hawks,0.6718376972245645,5.357514138027248,,elo,"{'home_advantage': 1.3298038359442768, 'scale': 0.04351551873883234, 'error_term': 13.508570788830049, 'win_prob_k': 7.477251566152274}",0.0,-23
2025-01-25,Cleveland Cavaliers,Houston Rockets,131,135,False,False,2025-01-25|Houston Rockets|Cleveland Cavaliers,,,,2025-01-25|Houston Rockets|Cleveland Cavaliers,0.6279686627000947,3.9144322250752754,,elo,"{'home_advantage': 1.3298038359442768, 'scale': 0.04351551873883234, 'error_term': 13.508570788830049, 'win_prob_k': 7.477251566152274}",0.0,-4
2025-01-25,New York Knicks,Sacramento Kings,143,120,False,False,2025-01-25|Sacramento Kings|New York Knicks,,,,2025-01-25|Sacramento Kings|New York Knicks,0.5698122627457333,2.101744985963642,,elo,"{'home_advantage': 1.3298038359442768, 'scale': 0.04351551873883234, 'error_term': 13.508570788830049, 'win_prob_k': 7.477251566152274}",1.0,23
2025-01-25,Chicago Bulls,Philadelphia 76ers,97,109,False,False,2025-01-25|Philadelphia 76ers|Chicago Bulls,,,,2025-01-25|Philadelphia 76ers|Chicago Bulls,0.505822339232136,0.17414825226933162,,elo,"{'home_advantage': 1.3298038359442768, 'scale': 0.04351551873883234, 'error_term': 13.508570788830049, 'win_prob_k': 7.477251566152274}",0.0,-12
2025-01-25,Memphis Grizzlies,Utah Jazz,125,103,False,False,2025-01-25|Utah Jazz|Memphis Grizzlies,,,,2025-01-25|Utah Jazz|Memphis Grizzlies,0.8814735361558588,15.002796612435528,,elo,"{'home_advantage': 1.3298038359442768, 'scale': 0.04351551873883234, 'error_term': 13.508570788830049, 'win_prob_k': 7.477251566152274}",1.0,22
2025-01-25,Golden State Warriors,Los Angeles Lakers,108,118,False,False,2025-01-25|Los Angeles Lakers|Golden State Warriors,,,,2025-01-25|Los Angeles Lakers|Golden State Warriors,0.4398745509777256,-1.8070363579945983,,elo,"{'home_advantage': 1.3298038359442768, 'scale': 0.04351551873883234, 'error_term': 13.508570788830049, 'win_prob_k': 7.477251566152274}",0.0,-10
2025-01-25,Phoenix Suns,Washington Wizards,119,109,False,False,2025-01-25|Washington Wizards|Phoenix Suns,,,,2025-01-25|Washington Wizards|Phoenix Suns,0.8457004271602873,12.72081779683604,,elo,"{'home_advantage': 1.3298038359442768, 'scale': 0.04351551873883234, 'error_term': 13.508570788830049, 'win_prob_k': 7.477251566152274}",1.0,10
2025-01-25,Los Angeles Clippers,Milwaukee Bucks,127,117,False,False,2025-01-25|Milwaukee Bucks|Los Angeles Clippers,,,,2025-01-25|Milwaukee Bucks|Los Angeles Clippers,0.43794170928278375,-1.865721918755875,,elo,"{'home_advantage': 1.3298038359442768, 'scale': 0.04351551873883234, 'error_term': 13.508570788830049, 'win_prob_k': 7.477251566152274}",1.0,10
2025-01-26,Portland Trail Blazers,Oklahoma City Thunder,108,118,False,False,2025-01-26|Oklahoma City Thunder|Portland Trail Blazers,,,,2025-01-26|Oklahoma City Thunder|Portland Trail Blazers,0.20416161950805853,-10.252374242124272,,elo,"{'home_advantage': 1.351577729080238, 'scale': 0.04360098085932831, 'error_term': 13.615624196987003, 'win_prob_k': 7.5358275348166455}",0.0,-10
2025-01-27,Charlotte Hornets,Los Angeles Lakers,107,112,False,False,2025-01-27|Los Angeles Lakers|Charlotte Hornets,,,,2025-01-27|Los Angeles Lakers|Charlotte Hornets,0.2704433272526879,-7.464972424033382,,elo,"{'home_advantage': 1.350137395078281, 'scale': 0.04345848973645761, 'error_term': 13.59340261255069, 'win_prob_k': 7.522334081863857}",0.0,-5
2025-01-27,Cleveland Cavaliers,Detroit Pistons,110,91,False,False,2025-01-27|Detroit Pistons|Cleveland Cavaliers,,,,2025-01-27|Detroit Pistons|Cleveland Cavaliers,0.704809278342841,6.5467293073264035,,elo,"{'home_advantage': 1.350137395078281, 'scale': 0.04345848973645761, 'error_term': 13.59340261255069, 'win_prob_k': 7.522334081863857}",1.0,19
2025-01-27,Boston Celtics,Houston Rockets,112,114,False,False,2025-01-27|Houston Rockets|Boston Celtics,,,,2025-01-27|Houston Rockets|Boston Celtics,0.4656438408584628,-1.0353855678267907,,elo,"{'home_advantage': 1.350137395078281, 'scale': 0.04345848973645761, 'error_term': 13.59340261255069, 'win_prob_k': 7.522334081863857}",0.0,-2
2025-01-27,Brooklyn Nets,Sacramento Kings,96,110,False,False,2025-01-27|Sacramento Kings|Brooklyn Nets,,,,2025-01-27|Sacramento Kings|Brooklyn Nets,0.23381391418722017,-8.928254648128783,,elo,"{'home_advantage': 1.350137395078281, 'scale': 0.04345848973645761, 'error_term': 13.59340261255069, 'win_prob_k': 7.522334081863857}",0.0,-14
2025-01-27,Miami Heat,Orlando Magic,125,119,False,False,2025-01-27|Orlando Magic|Miami Heat,,,,2025-01-27|Orlando Magic|Miami Heat,0.5904714067407845,2.7525310142397377,,elo,"{'home_advantage': 1.350137395078281, 'scale': 0.04345848973645761, 'error_term': 13.59340261255069, 'win_prob_k': 7.522334081863857}",1.0,6
2025-01-27,New York Knicks,Memphis Grizzlies,143,106,False,False,2025-01-27|Memphis Grizzlies|New York Knicks,,,,2025-01-27|Memphis Grizzlies|New York Knicks,0.4991099539998334,-0.0267809217330941,,elo,"{'home_advantage': 1.350137395078281, 'scale': 0.04345848973645761, 'error_term': 13.59340261255069, 'win_prob_k': 7.522334081863857}",1.0,37
2025-01-27,Toronto Raptors,New Orleans Pelicans,113,104,False,False,2025-01-27|New Orleans Pelicans|Toronto Raptors,,,,2025-01-27|New Orleans Pelicans|Toronto Raptors,0.6323330308053162,4.078900273022201,,elo,"{'home_advantage': 1.350137395078281, 'scale': 0.04345848973645761, 'error_term': 13.59340261255069, 'win_prob_k': 7.522334081863857}",1.0,9
2025-01-27,Chicago Bulls,Denver Nuggets,129,121,False,False,2025-01-27|Denver Nuggets|Chicago Bulls,,,,2025-01-27|Denver Nuggets|Chicago Bulls,0.23333559788037478,-8.94835354489288,,elo,"{'home_advantage': 1.350137395078281, 'scale': 0.04345848973645761, 'error_term': 13.59340261255069, 'win_prob_k': 7.522334081863857}",1.0,8
2025-01-27,Minnesota Timberwolves,Atlanta Hawks,100,92,False,False,2025-01-27|Atlanta Hawks|Minnesota Timberwolves,,,,2025-01-27|Atlanta Hawks|Minnesota Timberwolves,0.6809014411765828,5.701309033914644,,elo,"{'home_advantage': 1.350137395078281, 'scale': 0.04345848973645761, 'error_term': 13.59340261255069, 'win_prob_k': 7.522334081863857}",1.0,8
2025-01-27,Dallas Mavericks,Washington Wizards,130,108,False,False,2025-01-27|Washington Wizards|Dallas Mavericks,,,,2025-01-27|Washington Wizards|Dallas Mavericks,0.8368800898124525,12.300484754058797,,elo,"{'home_advantage': 1.350137395078281, 'scale': 0.04345848973645761, 'error_term': 13.59340261255069, 'win_prob_k': 7.522334081863857}",1.0,22
2025-01-27,Utah Jazz,Milwaukee Bucks,110,125,False,False,2025-01-27|Milwaukee Bucks|Utah Jazz,,,,2025-01-27|Milwaukee Bucks|Utah Jazz,0.19429294795727248,-10.699415624237302,,elo,"{'home_advantage': 1.350137395078281, 'scale': 0.04345848973645761, 'error_term': 13.59340261255069, 'win_prob_k': 7.522334081863857}",0.0,-15
2025-01-27,Phoenix Suns,Los Angeles Clippers,111,109,False,False,2025-01-27|Los Angeles Clippers|Phoenix Suns,,,,2025-01-27|Los Angeles Clippers|Phoenix Suns,0.46000779185748036,-1.2059150197559458,,elo,"{'home_advantage': 1.350137395078281, 'scale': 0.04345848973645761, 'error_term': 13.59340261255069, 'win_prob_k': 7.522334081863857}",1.0,2
2025-01-28,Atlanta Hawks,Houston Rockets,96,100,False,False,2025-01-28|Houston Rockets|Atlanta Hawks,,,,2025-01-28|Houston Rockets|Atlanta Hawks,0.25850547747772185,-7.795396845936555,,elo,"{'home_advantage': 1.4567058043628174, 'scale': 0.042327965177775005, 'error_term': 13.61665131260722, 'win_prob_k': 7.397760618796651}",0.0,-4
2025-01-28,Philadelphia 76ers,Los Angeles Lakers,118,104,False,False,2025-01-28|Los Angeles Lakers|Philadelphia 76ers,,,,2025-01-28|Los Angeles Lakers|Philadelphia 76ers,0.37935740267896567,-3.6417445403423816,,elo,"{'home_advantage': 1.4567058043628174, 'scale': 0.042327965177775005, 'error_term': 13.61665131260722, 'win_prob_k': 7.397760618796651}",1.0,14
2025-01-28,Golden State Warriors,Utah Jazz,114,103,False,False,2025-01-28|Utah Jazz|Golden State Warriors,,,,2025-01-28|Utah Jazz|Golden State Warriors,0.7413276724389959,7.788958745490195,,elo,"{'home_advantage': 1.4567058043628174, 'scale': 0.042327965177775005, 'error_term': 13.61665131260722, 'win_prob_k': 7.397760618796651}",1.0,11
2025-01-28,Portland Trail Blazers,Milwaukee Bucks,125,112,False,False,2025-01-28|Milwaukee Bucks|Portland Trail Blazers,,,,2025-01-28|Milwaukee Bucks|Portland Trail Blazers,0.33645996555608876,-5.023893371441199,,elo,"{'home_advantage': 1.4567058043628174, 'scale': 0.042327965177775005, 'error_term': 13.61665131260722, 'win_prob_k': 7.397760618796651}",1.0,13
2025-01-29,Charlotte Hornets,Brooklyn Nets,83,104,False,False,2025-01-29|Brooklyn Nets|Charlotte Hornets,,,,2025-01-29|Brooklyn Nets|Charlotte Hornets,0.6094572520447253,3.2732847974775443,,elo,"{'home_advantage': 1.5193814747288807, 'scale': 0.0422394847746349, 'error_term': 13.621827870812108, 'win_prob_k': 7.355177555187762}",0.0,-21
2025-01-29,Indiana Pacers,Detroit Pistons,133,119,False,False,2025-01-29|Detroit Pistons|Indiana Pacers,,,,2025-01-29|Detroit Pistons|Indiana Pacers,0.6584768189454916,4.828775279132613,,elo,"{'home_advantage': 1.5193814747288807, 'scale': 0.0422394847746349, 'error_term': 13.621827870812108, 'win_prob_k': 7.355177555187762}",1.0,14
2025-01-29,Washington Wizards,Toronto Raptors,82,106,False,False,2025-01-29|Toronto Raptors|Washington Wizards,,,,2025-01-29|Toronto Raptors|Washington Wizards,0.2504216411183079,-8.063957758981681,,elo,"{'home_advantage': 1.5193814747288807, 'scale': 0.0422394847746349, 'error_term': 13.621827870812108, 'win_prob_k': 7.355177555187762}",0.0,-24
2025-01-29,Boston Celtics,Chicago Bulls,122,100,False,False,2025-01-29|Chicago Bulls|Boston Celtics,,,,2025-01-29|Chicago Bulls|Boston Celtics,0.7640394152409733,8.641999710529692,,elo,"{'home_advantage': 1.5193814747288807, 'scale': 0.0422394847746349, 'error_term': 13.621827870812108, 'win_prob_k': 7.355177555187762}",1.0,22
2025-01-29,Miami Heat,Cleveland Cavaliers,106,126,False,False,2025-01-29|Cleveland Cavaliers|Miami Heat,,,,2025-01-29|Cleveland Cavaliers|Miami Heat,0.3010472868111084,-6.1953818198314305,,elo,"{'home_advantage': 1.5193814747288807, 'scale': 0.0422394847746349, 'error_term': 13.621827870812108, 'win_prob_k': 7.355177555187762}",0.0,-20
2025-01-29,New York Knicks,Denver Nuggets,122,112,False,False,2025-01-29|Denver Nuggets|New York Knicks,,,,2025-01-29|Denver Nuggets|New York Knicks,0.5941872248825116,2.8045479934898516,,elo,"{'home_advantage': 1.5193814747288807, 'scale': 0.0422394847746349, 'error_term': 13.621827870812108, 'win_prob_k': 7.355177555187762}",1.0,10
2025-01-29,Philadelphia 76ers,Sacramento Kings,117,104,False,False,2025-01-29|Sacramento Kings|Philadelphia 76ers,,,,2025-01-29|Sacramento Kings|Philadelphia 76ers,0.429340809882315,-2.092850564911577,,elo,"{'home_advantage': 1.5193814747288807, 'scale': 0.0422394847746349, 'error_term': 13.621827870812108, 'win_prob_k': 7.355177555187762}",1.0,13
2025-01-29,New Orleans Pelicans,Dallas Mavericks,136,137,False,False,2025-01-29|Dallas Mavericks|New Orleans Pelicans,,,,2025-01-29|Dallas Mavericks|New Orleans Pelicans,0.3718083020736086,-3.857547663514984,,elo,"{'home_advantage': 1.5193814747288807, 'scale': 0.0422394847746349, 'error_term': 13.621827870812108, 'win_prob_k': 7.355177555187762}",0.0,-1
2025-01-29,San Antonio Spurs,Los Angeles Clippers,116,128,False,False,2025-01-29|Los Angeles Clippers|San Antonio Spurs,,,,2025-01-29|Los Angeles Clippers|San Antonio Spurs,0.45045727066460606,-1.4623807276963015,,elo,"{'home_advantage': 1.5193814747288807, 'scale': 0.0422394847746349, 'error_term': 13.621827870812108, 'win_prob_k': 7.355177555187762}",0.0,-12
2025-01-29,Phoenix Suns,Minnesota Timberwolves,113,121,False,False,2025-01-29|Minnesota Timberwolves|Phoenix Suns,,,,2025-01-29|Minnesota Timberwolves|Phoenix Suns,0.462003664085913,-1.1200385503954151,,elo,"{'home_advantage': 1.5193814747288807, 'scale': 0.0422394847746349, 'error_term': 13.621827870812108, 'win_prob_k': 7.355177555187762}",0.0,-8
2025-01-29,Golden State Warriors,Oklahoma City Thunder,116,109,False,False,2025-01-29|Oklahoma City Thunder|Golden State Warriors,,,,2025-01-29|Oklahoma City Thunder|Golden State Warriors,0.21065543271260892,-9.71603627669811,,elo,"{'home_advantage': 1.5193814747288807, 'scale': 0.0422394847746349, 'error_term': 13.621827870812108, 'win_prob_k': 7.355177555187762}",1.0,7
2025-01-30,Cleveland Cavaliers,Atlanta Hawks,137,115,False,False,2025-01-30|Atlanta Hawks|Cleveland Cavaliers,,,,2025-01-30|Atlanta Hawks|Cleveland Cavaliers,0.8314952109834548,11.69832534978677,,elo,"{'home_advantage': 1.5238231497047936, 'scale': 0.04226746224347772, 'error_term': 13.600955235788842, 'win_prob_k': 7.328577626630311}",1.0,22
2025-01-30,Washington Wizards,Los Angeles Lakers,96,134,False,False,2025-01-30|Los Angeles Lakers|Washington Wizards,,,,2025-01-30|Los Angeles Lakers|Washington Wizards,0.1473638373429228,-12.864792602838289,,elo,"{'home_advantage': 1.5238231497047936, 'scale': 0.04226746224347772, 'error_term': 13.600955235788842, 'win_prob_k': 7.328577626630311}",0.0,-38
2025-01-30,Utah Jazz,Minnesota Timberwolves,113,138,False,False,2025-01-30|Minnesota Timberwolves|Utah Jazz,,,,2025-01-30|Minnesota Timberwolves|Utah Jazz,0.17233480819943328,-11.499781009400511,,elo,"{'home_advantage': 1.5238231497047936, 'scale': 0.04226746224347772, 'error_term': 13.600955235788842, 'win_prob_k': 7.328577626630311}",0.0,-25
2025-01-30,Memphis Grizzlies,Houston Rockets,120,119,False,False,2025-01-30|Houston Rockets|Memphis Grizzlies,,,,2025-01-30|Houston Rockets|Memphis Grizzlies,0.44775384124189427,-1.5371711121762672,,elo,"{'home_advantage': 1.5238231497047936, 'scale': 0.04226746224347772, 'error_term': 13.600955235788842, 'win_prob_k': 7.328577626630311}",1.0,1
2025-01-30,Portland Trail Blazers,Orlando Magic,119,90,False,False,2025-01-30|Orlando Magic|Portland Trail Blazers,,,,2025-01-30|Orlando Magic|Portland Trail Blazers,0.6081790529477253,3.2221144349731725,,elo,"{'home_advantage': 1.5238231497047936, 'scale': 0.04226746224347772, 'error_term': 13.600955235788842, 'win_prob_k': 7.328577626630311}",1.0,29
2025-01-31,Charlotte Hornets,Los Angeles Clippers,104,112,False,False,2025-01-31|Los Angeles Clippers|Charlotte Hornets,,,,2025-01-31|Los Angeles Clippers|Charlotte Hornets,0.24435206843725424,-8.36283475339305,,elo,"{'home_advantage': 1.5145325844771291, 'scale': 0.0422258323215189, 'error_term': 13.649496973529995, 'win_prob_k': 7.407520337611329}",0.0,-8
2025-01-31,Detroit Pistons,Dallas Mavericks,117,102,False,False,2025-01-31|Dallas Mavericks|Detroit Pistons,,,,2025-01-31|Dallas Mavericks|Detroit Pistons,0.5808375775255059,2.416427010143317,,elo,"{'home_advantage': 1.5145325844771291, 'scale': 0.0422258323215189, 'error_term': 13.649496973529995, 'win_prob_k': 7.407520337611329}",1.0,15
2025-01-31,Philadelphia 76ers,Denver Nuggets,134,137,False,False,2025-01-31|Denver Nuggets|Philadelphia 76ers,,,,2025-01-31|Denver Nuggets|Philadelphia 76ers,0.4424932763617761,-1.7115023437718693,,elo,"{'home_advantage': 1.5145325844771291, 'scale': 0.0422258323215189, 'error_term': 13.649496973529995, 'win_prob_k': 7.407520337611329}",0.0,-3
2025-01-31,Toronto Raptors,Chicago Bulls,106,122,False,False,2025-01-31|Chicago Bulls|Toronto Raptors,,,,2025-01-31|Chicago Bulls|Toronto Raptors,0.6232188601484765,3.727710678516231,,elo,"{'home_advantage': 1.5145325844771291, 'scale': 0.0422258323215189, 'error_term': 13.649496973529995, 'win_prob_k': 7.407520337611329}",0.0,-16
2025-01-31,New Orleans Pelicans,Boston Celtics,116,118,False,False,2025-01-31|Boston Celtics|New Orleans Pelicans,,,,2025-01-31|Boston Celtics|New Orleans Pelicans,0.2274325826107217,-9.058400486325594,,elo,"{'home_advantage': 1.5145325844771291, 'scale': 0.0422258323215189, 'error_term': 13.649496973529995, 'win_prob_k': 7.407520337611329}",0.0,-2
2025-01-31,San Antonio Spurs,Milwaukee Bucks,144,118,False,False,2025-01-31|Milwaukee Bucks|San Antonio Spurs,,,,2025-01-31|Milwaukee Bucks|San Antonio Spurs,0.37778278877761823,-3.6961292996599697,,elo,"{'home_advantage': 1.5145325844771291, 'scale': 0.0422258323215189, 'error_term': 13.649496973529995, 'win_prob_k': 7.407520337611329}",1.0,26
2025-01-31,Golden State Warriors,Phoenix Suns,105,130,False,False,2025-01-31|Phoenix Suns|Golden State Warriors,,,,2025-01-31|Phoenix Suns|Golden State Warriors,0.5408000550126781,1.2116029250021647,,elo,"{'home_advantage': 1.5145325844771291, 'scale': 0.0422258323215189, 'error_term': 13.649496973529995, 'win_prob_k': 7.407520337611329}",0.0,-25
2025-02-01,Indiana Pacers,Atlanta Hawks,132,127,False,False,2025-02-01|Atlanta Hawks|Indiana Pacers,,,,2025-02-01|Atlanta Hawks|Indiana Pacers,0.7780705169826964,9.163159019195747,,elo,"{'home_advantage': 1.5292477207458226, 'scale': 0.041459173558095225, 'error_term': 13.688493786549436, 'win_prob_k': 7.304479607503456}",1.0,5
2025-02-01,Utah Jazz,Orlando Magic,113,99,False,False,2025-02-01|Orlando Magic|Utah Jazz,,,,2025-02-01|Orlando Magic|Utah Jazz,0.37238054633449663,-3.813067731233147,,elo,"{'home_advantage': 1.5292477207458226, 'scale': 0.041459173558095225, 'error_term': 13.688493786549436, 'win_prob_k': 7.304479607503456}",1.0,14
2025-02-01,Charlotte Hornets,Denver Nuggets,104,107,False,False,2025-02-01|Denver Nuggets|Charlotte Hornets,,,,2025-02-01|Denver Nuggets|Charlotte Hornets,0.19901253288318255,-10.171323490577985,,elo,"{'home_advantage': 1.5292477207458226, 'scale': 0.041459173558095225, 'error_term': 13.688493786549436, 'win_prob_k': 7.304479607503456}",0.0,-3
2025-02-01,Houston Rockets,Brooklyn Nets,98,110,False,False,2025-02-01|Brooklyn Nets|Houston Rockets,,,,2025-02-01|Brooklyn Nets|Houston Rockets,0.89219407937501,15.436930067582962,,elo,"{'home_advantage': 1.5292477207458226, 'scale': 0.041459173558095225, 'error_term': 13.688493786549436, 'win_prob_k': 7.304479607503456}",0.0,-12
2025-02-01,Minnesota Timberwolves,Washington Wizards,103,105,False,False,2025-02-01|Washington Wizards|Minnesota Timberwolves,,,,2025-02-01|Washington Wizards|Minnesota Timberwolves,0.925002187496231,18.351315522268568,,elo,"{'home_advantage': 1.5292477207458226, 'scale': 0.041459173558095225, 'error_term': 13.688493786549436, 'win_prob_k': 7.304479607503456}",0.0,-2
2025-02-01,Oklahoma City Thunder,Sacramento Kings,144,110,False,False,2025-02-01|Sacramento Kings|Oklahoma City Thunder,,,,2025-02-01|Sacramento Kings|Oklahoma City Thunder,0.7495698243966932,8.008042210796994,,elo,"{'home_advantage': 1.5292477207458226, 'scale': 0.041459173558095225, 'error_term': 13.688493786549436, 'win_prob_k': 7.304479607503456}",1.0,34
2025-02-01,New York Knicks,Los Angeles Lakers,112,128,False,False,2025-02-01|Los Angeles Lakers|New York Knicks,,,,2025-02-01|Los Angeles Lakers|New York Knicks,0.661287212940431,4.886957961789616,,elo,"{'home_advantage': 1.5292477207458226, 'scale': 0.041459173558095225, 'error_term': 13.688493786549436, 'win_prob_k': 7.304479607503456}",0.0,-16
2025-02-01,San Antonio Spurs,Miami Heat,103,105,False,False,2025-02-01|Miami Heat|San Antonio Spurs,,,,2025-02-01|Miami Heat|San Antonio Spurs,0.5412593264107208,1.2082591087869496,,elo,"{'home_advantage': 1.5292477207458226, 'scale': 0.041459173558095225, 'error_term': 13.688493786549436, 'win_prob_k': 7.304479607503456}",0.0,-2
2025-02-01,Portland Trail Blazers,Phoenix Suns,127,108,False,False,2025-02-01|Phoenix Suns|Portland Trail Blazers,,,,2025-02-01|Phoenix Suns|Portland Trail Blazers,0.498381175517,-0.047298846965284636,,elo,"{'home_advantage': 1.5292477207458226, 'scale': 0.041459173558095225, 'error_term': 13.688493786549436, 'win_prob_k': 7.304479607503456}",1.0,19
2025-02-02,Detroit Pistons,Chicago Bulls,127,119,False,False,2025-02-02|Chicago Bulls|Detroit Pistons,,,,2025-02-02|Chicago Bulls|Detroit Pistons,0.6931371435415681,6.024531826264982,,elo,"{'home_advantage': 1.5490264735876937, 'scale': 0.04220115557497673, 'error_term': 13.807948595685064, 'win_prob_k': 7.393633473942446}",1.0,8
2025-02-02,Cleveland Cavaliers,Dallas Mavericks,144,101,False,False,2025-02-02|Dallas Mavericks|Cleveland Cavaliers,,,,2025-02-02|Dallas Mavericks|Cleveland Cavaliers,0.8041384037225922,10.442495314916455,,elo,"{'home_advantage': 1.5490264735876937, 'scale': 0.04220115557497673, 'error_term': 13.807948595685064, 'win_prob_k': 7.393633473942446}",1.0,43
2025-02-02,Toronto Raptors,Los Angeles Clippers,115,108,False,False,2025-02-02|Los Angeles Clippers|Toronto Raptors,,,,2025-02-02|Los Angeles Clippers|Toronto Raptors,0.36355606013077524,-4.140159925714929,,elo,"{'home_advantage': 1.5490264735876937, 'scale': 0.04220115557497673, 'error_term': 13.807948595685064, 'win_prob_k': 7.393633473942446}",1.0,7
2025-02-02,Philadelphia 76ers,Boston Celtics,110,118,False,False,2025-02-02|Boston Celtics|Philadelphia 76ers,,,,2025-02-02|Boston Celtics|Philadelphia 76ers,0.38320886650024144,-3.5190017984280475,,elo,"{'home_advantage': 1.5490264735876937, 'scale': 0.04220115557497673, 'error_term': 13.807948595685064, 'win_prob_k': 7.393633473942446}",0.0,-8
2025-02-02,Milwaukee Bucks,Memphis Grizzlies,119,132,False,False,2025-02-02|Memphis Grizzlies|Milwaukee Bucks,,,,2025-02-02|Memphis Grizzlies|Milwaukee Bucks,0.4252869238112457,-2.2262737766082994,,elo,"{'home_advantage': 1.5490264735876937, 'scale': 0.04220115557497673, 'error_term': 13.807948595685064, 'win_prob_k': 7.393633473942446}",0.0,-13
2025-02-03,Charlotte Hornets,Washington Wizards,114,124,False,False,2025-02-03|Washington Wizards|Charlotte Hornets,,,,2025-02-03|Washington Wizards|Charlotte Hornets,0.639202167816487,4.258318597757011,,elo,"{'home_advantage': 1.588121652626076, 'scale': 0.042129103805997416, 'error_term': 13.825950008130777, 'win_prob_k': 7.4458755285754705}",0.0,-10
2025-02-03,Detroit Pistons,Atlanta Hawks,130,132,False,False,2025-02-03|Atlanta Hawks|Detroit Pistons,,,,2025-02-03|Atlanta Hawks|Detroit Pistons,0.7043091434716994,6.462296808572754,,elo,"{'home_advantage': 1.588121652626076, 'scale': 0.042129103805997416, 'error_term': 13.825950008130777, 'win_prob_k': 7.4458755285754705}",0.0,-2
2025-02-03,New York Knicks,Houston Rockets,124,118,False,False,2025-02-03|Houston Rockets|New York Knicks,,,,2025-02-03|Houston Rockets|New York Knicks,0.5241715546010095,0.720475161431315,,elo,"{'home_advantage': 1.588121652626076, 'scale': 0.042129103805997416, 'error_term': 13.825950008130777, 'win_prob_k': 7.4458755285754705}",1.0,6
2025-02-03,Memphis Grizzlies,San Antonio Spurs,128,109,False,False,2025-02-03|San Antonio Spurs|Memphis Grizzlies,,,,2025-02-03|San Antonio Spurs|Memphis Grizzlies,0.7976130487437828,10.211587270028975,,elo,"{'home_advantage': 1.588121652626076, 'scale': 0.042129103805997416, 'error_term': 13.825950008130777, 'win_prob_k': 7.4458755285754705}",1.0,19
2025-02-03,Minnesota Timberwolves,Sacramento Kings,114,116,False,False,2025-02-03|Sacramento Kings|Minnesota Timberwolves,,,,2025-02-03|Sacramento Kings|Minnesota Timberwolves,0.608204367366822,3.274477130151566,,elo,"{'home_advantage': 1.588121652626076, 'scale': 0.042129103805997416, 'error_term': 13.825950008130777, 'win_prob_k': 7.4458755285754705}",0.0,-2
2025-02-03,Oklahoma City Thunder,Milwaukee Bucks,125,96,False,False,2025-02-03|Milwaukee Bucks|Oklahoma City Thunder,,,,2025-02-03|Milwaukee Bucks|Oklahoma City Thunder,0.7710442204761664,9.040907486838318,,elo,"{'home_advantage': 1.588121652626076, 'scale': 0.042129103805997416, 'error_term': 13.825950008130777, 'win_prob_k': 7.4458755285754705}",1.0,29
2025-02-03,Denver Nuggets,New Orleans Pelicans,125,113,False,False,2025-02-03|New Orleans Pelicans|Denver Nuggets,,,,2025-02-03|New Orleans Pelicans|Denver Nuggets,0.8516497446787917,13.012406688152076,,elo,"{'home_advantage': 1.588121652626076, 'scale': 0.042129103805997416, 'error_term': 13.825950008130777, 'win_prob_k': 7.4458755285754705}",1.0,12
2025-02-03,Utah Jazz,Indiana Pacers,111,112,False,False,2025-02-03|Indiana Pacers|Utah Jazz,,,,2025-02-03|Indiana Pacers|Utah Jazz,0.1660050452176192,-12.019200572890895,,elo,"{'home_advantage': 1.588121652626076, 'scale': 0.042129103805997416, 'error_term': 13.825950008130777, 'win_prob_k': 7.4458755285754705}",0.0,-1
2025-02-03,Golden State Warriors,Orlando Magic,104,99,False,False,2025-02-03|Orlando Magic|Golden State Warriors,,,,2025-02-03|Orlando Magic|Golden State Warriors,0.6611422654631661,4.9767389692918265,,elo,"{'home_advantage': 1.588121652626076, 'scale': 0.042129103805997416, 'error_term': 13.825950008130777, 'win_prob_k': 7.4458755285754705}",1.0,5
2025-02-03,Portland Trail Blazers,Phoenix Suns,121,119,False,False,2025-02-03|Phoenix Suns|Portland Trail Blazers,,,,2025-02-03|Phoenix Suns|Portland Trail Blazers,0.5539537317334929,1.613212069716861,,elo,"{'home_advantage': 1.588121652626076, 'scale': 0.042129103805997416, 'error_term': 13.825950008130777, 'win_prob_k': 7.4458755285754705}",1.0,2
2025-02-04,Philadelphia 76ers,Dallas Mavericks,118,116,False,False,2025-02-04|Dallas Mavericks|Philadelphia 76ers,,,,2025-02-04|Dallas Mavericks|Philadelphia 76ers,0.5384727607055466,1.1388969844449535,,elo,"{'home_advantage': 1.6073548096359254, 'scale': 0.04099205481518321, 'error_term': 13.837751787871618, 'win_prob_k': 7.386042408231841}",1.0,2
2025-02-04,Brooklyn Nets,Houston Rockets,99,97,False,False,2025-02-04|Houston Rockets|Brooklyn Nets,,,,2025-02-04|Houston Rockets|Brooklyn Nets,0.24194359036259602,-8.43525337216341,,elo,"{'home_advantage': 1.6073548096359254, 'scale': 0.04099205481518321, 'error_term': 13.837751787871618, 'win_prob_k': 7.386042408231841}",1.0,2
2025-02-04,Cleveland Cavaliers,Boston Celtics,105,112,False,False,2025-02-04|Boston Celtics|Cleveland Cavaliers,,,,2025-02-04|Boston Celtics|Cleveland Cavaliers,0.665356929594953,5.076125083742065,,elo,"{'home_advantage': 1.6073548096359254, 'scale': 0.04099205481518321, 'error_term': 13.837751787871618, 'win_prob_k': 7.386042408231841}",0.0,-7
2025-02-04,Toronto Raptors,New York Knicks,115,121,False,False,2025-02-04|New York Knicks|Toronto Raptors,,,,2025-02-04|New York Knicks|Toronto Raptors,0.32406250795720876,-5.429953820810363,,elo,"{'home_advantage': 1.6073548096359254, 'scale': 0.04099205481518321, 'error_term': 13.837751787871618, 'win_prob_k': 7.386042408231841}",0.0,-6
2025-02-04,Chicago Bulls,Miami Heat,133,124,False,False,2025-02-04|Miami Heat|Chicago Bulls,,,,2025-02-04|Miami Heat|Chicago Bulls,0.43935039526876357,-1.800708706329329,,elo,"{'home_advantage': 1.6073548096359254, 'scale': 0.04099205481518321, 'error_term': 13.837751787871618, 'win_prob_k': 7.386042408231841}",1.0,9
2025-02-04,Los Angeles Clippers,Los Angeles Lakers,97,122,False,False,2025-02-04|Los Angeles Lakers|Los Angeles Clippers,,,,2025-02-04|Los Angeles Lakers|Los Angeles Clippers,0.4967643988951452,-0.09559448230732959,,elo,"{'home_advantage': 1.6073548096359254, 'scale': 0.04099205481518321, 'error_term': 13.837751787871618, 'win_prob_k': 7.386042408231841}",0.0,-25
2025-02-04,Portland Trail Blazers,Indiana Pacers,112,89,False,False,2025-02-04|Indiana Pacers|Portland Trail Blazers,,,,2025-02-04|Indiana Pacers|Portland Trail Blazers,0.3910241387307412,-3.272085745098506,,elo,"{'home_advantage': 1.6073548096359254, 'scale': 0.04099205481518321, 'error_term': 13.837751787871618, 'win_prob_k': 7.386042408231841}",1.0,23
2025-02-05,Atlanta Hawks,San Antonio Spurs,125,126,False,False,2025-02-05|San Antonio Spurs|Atlanta Hawks,,,,2025-02-05|San Antonio Spurs|Atlanta Hawks,0.5805782077683707,2.4100155780307095,,elo,"{'home_advantage': 1.6228192985946706, 'scale': 0.04072818205097453, 'error_term': 13.910479523835704, 'win_prob_k': 7.412069992943373}",0.0,-1
2025-02-05,Charlotte Hornets,Milwaukee Bucks,102,112,False,False,2025-02-05|Milwaukee Bucks|Charlotte Hornets,,,,2025-02-05|Milwaukee Bucks|Charlotte Hornets,0.2460900912187502,-8.298369619789508,,elo,"{'home_advantage': 1.6228192985946706, 'scale': 0.04072818205097453, 'error_term': 13.910479523835704, 'win_prob_k': 7.412069992943373}",0.0,-10
2025-02-05,Detroit Pistons,Cleveland Cavaliers,115,118,False,False,2025-02-05|Cleveland Cavaliers|Detroit Pistons,,,,2025-02-05|Cleveland Cavaliers|Detroit Pistons,0.34727104082652294,-4.677434209265353,,elo,"{'home_advantage': 1.6228192985946706, 'scale': 0.04072818205097453, 'error_term': 13.910479523835704, 'win_prob_k': 7.412069992943373}",0.0,-3
2025-02-05,Brooklyn Nets,Washington Wizards,102,119,False,False,2025-02-05|Washington Wizards|Brooklyn Nets,,,,2025-02-05|Washington Wizards|Brooklyn Nets,0.7185535712348694,6.947319413761523,,elo,"{'home_advantage': 1.6228192985946706, 'scale': 0.04072818205097453, 'error_term': 13.910479523835704, 'win_prob_k': 7.412069992943373}",0.0,-17
2025-02-05,Philadelphia 76ers,Miami Heat,101,108,False,False,2025-02-05|Miami Heat|Philadelphia 76ers,,,,2025-02-05|Miami Heat|Philadelphia 76ers,0.5575054218799715,1.712514426161906,,elo,"{'home_advantage': 1.6228192985946706, 'scale': 0.04072818205097453, 'error_term': 13.910479523835704, 'win_prob_k': 7.412069992943373}",0.0,-7
2025-02-05,Toronto Raptors,Memphis Grizzlies,107,138,False,False,2025-02-05|Memphis Grizzlies|Toronto Raptors,,,,2025-02-05|Memphis Grizzlies|Toronto Raptors,0.27233830736949366,-7.284516879126647,,elo,"{'home_advantage': 1.6228192985946706, 'scale': 0.04072818205097453, 'error_term': 13.910479523835704, 'win_prob_k': 7.412069992943373}",0.0,-31
2025-02-05,Minnesota Timberwolves,Chicago Bulls,127,108,False,False,2025-02-05|Chicago Bulls|Minnesota Timberwolves,,,,2025-02-05|Chicago Bulls|Minnesota Timberwolves,0.6894552132525725,5.911671407173319,,elo,"{'home_advantage': 1.6228192985946706, 'scale': 0.04072818205097453, 'error_term': 13.910479523835704, 'win_prob_k': 7.412069992943373}",1.0,19
2025-02-05,Denver Nuggets,New Orleans Pelicans,144,119,False,False,2025-02-05|New Orleans Pelicans|Denver Nuggets,,,,2025-02-05|New Orleans Pelicans|Denver Nuggets,0.8543067285182397,13.110371302437445,,elo,"{'home_advantage': 1.6228192985946706, 'scale': 0.04072818205097453, 'error_term': 13.910479523835704, 'win_prob_k': 7.412069992943373}",1.0,25
2025-02-05,Utah Jazz,Golden State Warriors,131,128,False,False,2025-02-05|Golden State Warriors|Utah Jazz,,,,2025-02-05|Golden State Warriors|Utah Jazz,0.3163664692248926,-5.711153699976797,,elo,"{'home_advantage': 1.6228192985946706, 'scale': 0.04072818205097453, 'error_term': 13.910479523835704, 'win_prob_k': 7.412069992943373}",1.0,3
2025-02-05,Oklahoma City Thunder,Phoenix Suns,140,109,False,False,2025-02-05|Phoenix Suns|Oklahoma City Thunder,,,,2025-02-05|Phoenix Suns|Oklahoma City Thunder,0.813799107764071,10.931968511083044,,elo,"{'home_advantage': 1.6228192985946706, 'scale': 0.04072818205097453, 'error_term': 13.910479523835704, 'win_prob_k': 7.412069992943373}",1.0,31
2025-02-05,Sacramento Kings,Orlando Magic,111,130,False,False,2025-02-05|Orlando Magic|Sacramento Kings,,,,2025-02-05|Orlando Magic|Sacramento Kings,0.7690363034875333,8.91581323743604,,elo,"{'home_advantage': 1.6228192985946706, 'scale': 0.04072818205097453, 'error_term': 13.910479523835704, 'win_prob_k': 7.412069992943373}",0.0,-19
2025-02-06,Boston Celtics,Dallas Mavericks,120,127,False,False,2025-02-06|Dallas Mavericks|Boston Celtics,,,,2025-02-06|Dallas Mavericks|Boston Celtics,0.77501058338318,9.27562864451907,,elo,"{'home_advantage': 1.5919606829674329, 'scale': 0.041337948239777295, 'error_term': 13.894008432772218, 'win_prob_k': 7.499558331442474}",0.0,-7
2025-02-06,Minnesota Timberwolves,Houston Rockets,127,114,False,False,2025-02-06|Houston Rockets|Minnesota Timberwolves,,,,2025-02-06|Houston Rockets|Minnesota Timberwolves,0.5200302331380798,0.6011933515669551,,elo,"{'home_advantage': 1.5919606829674329, 'scale': 0.041337948239777295, 'error_term': 13.894008432772218, 'win_prob_k': 7.499558331442474}",1.0,13
2025-02-06,Denver Nuggets,Orlando Magic,112,90,False,False,2025-02-06|Orlando Magic|Denver Nuggets,,,,2025-02-06|Orlando Magic|Denver Nuggets,0.792080469559923,10.030748195595457,,elo,"{'home_advantage': 1.5919606829674329, 'scale': 0.041337948239777295, 'error_term': 13.894008432772218, 'win_prob_k': 7.499558331442474}",1.0,22
2025-02-06,Los Angeles Lakers,Golden State Warriors,120,112,False,False,2025-02-06|Golden State Warriors|Los Angeles Lakers,,,,2025-02-06|Golden State Warriors|Los Angeles Lakers,0.7358981606371869,7.6852245710592735,,elo,"{'home_advantage': 1.5919606829674329, 'scale': 0.041337948239777295, 'error_term': 13.894008432772218, 'win_prob_k': 7.499558331442474}",1.0,8
2025-02-06,Portland Trail Blazers,Sacramento Kings,108,102,False,False,2025-02-06|Sacramento Kings|Portland Trail Blazers,,,,2025-02-06|Sacramento Kings|Portland Trail Blazers,0.5801346653968368,2.4248039245379234,,elo,"{'home_advantage': 1.5919606829674329, 'scale': 0.041337948239777295, 'error_term': 13.894008432772218, 'win_prob_k': 7.499558331442474}",1.0,6
2025-02-06,Los Angeles Clippers,Indiana Pacers,112,119,False,False,2025-02-06|Indiana Pacers|Los Angeles Clippers,,,,2025-02-06|Indiana Pacers|Los Angeles Clippers,0.4227399678292472,-2.3363791838478916,,elo,"{'home_advantage': 1.5919606829674329, 'scale': 0.041337948239777295, 'error_term': 13.894008432772218, 'win_prob_k': 7.499558331442474}",0.0,-7
2025-02-07,Charlotte Hornets,San Antonio Spurs,117,116,False,False,2025-02-07|San Antonio Spurs|Charlotte Hornets,,,,2025-02-07|San Antonio Spurs|Charlotte Hornets,0.29734492322482353,-6.445490320245286,,elo,"{'home_advantage': 1.6125614156733012, 'scale': 0.04055705080659175, 'error_term': 13.928081731021848, 'win_prob_k': 7.494988843890923}",1.0,1
2025-02-07,Washington Wizards,Cleveland Cavaliers,124,134,False,False,2025-02-07|Cleveland Cavaliers|Washington Wizards,,,,2025-02-07|Cleveland Cavaliers|Washington Wizards,0.1293083081437936,-14.293606322611334,,elo,"{'home_advantage': 1.6125614156733012, 'scale': 0.04055705080659175, 'error_term': 13.928081731021848, 'win_prob_k': 7.494988843890923}",0.0,-10
2025-02-07,Atlanta Hawks,Milwaukee Bucks,115,110,False,False,2025-02-07|Milwaukee Bucks|Atlanta Hawks,,,,2025-02-07|Milwaukee Bucks|Atlanta Hawks,0.4281743660777041,-2.1683272478412468,,elo,"{'home_advantage': 1.6125614156733012, 'scale': 0.04055705080659175, 'error_term': 13.928081731021848, 'win_prob_k': 7.494988843890923}",1.0,5
2025-02-07,Brooklyn Nets,Miami Heat,102,86,False,False,2025-02-07|Miami Heat|Brooklyn Nets,,,,2025-02-07|Miami Heat|Brooklyn Nets,0.373144568740478,-3.8880255645948516,,elo,"{'home_advantage': 1.6125614156733012, 'scale': 0.04055705080659175, 'error_term': 13.928081731021848, 'win_prob_k': 7.494988843890923}",1.0,16
2025-02-07,Detroit Pistons,Philadelphia 76ers,125,112,False,False,2025-02-07|Philadelphia 76ers|Detroit Pistons,,,,2025-02-07|Philadelphia 76ers|Detroit Pistons,0.6136213702065502,3.466884154272792,,elo,"{'home_advantage': 1.6125614156733012, 'scale': 0.04055705080659175, 'error_term': 13.928081731021848, 'win_prob_k': 7.494988843890923}",1.0,13
2025-02-07,Oklahoma City Thunder,Toronto Raptors,121,109,False,False,2025-02-07|Toronto Raptors|Oklahoma City Thunder,,,,2025-02-07|Toronto Raptors|Oklahoma City Thunder,0.8558259108373226,13.34891584093232,,elo,"{'home_advantage': 1.6125614156733012, 'scale': 0.04055705080659175, 'error_term': 13.928081731021848, 'win_prob_k': 7.494988843890923}",1.0,12
2025-02-07,Phoenix Suns,Utah Jazz,135,127,False,False,2025-02-07|Utah Jazz|Phoenix Suns,,,,2025-02-07|Utah Jazz|Phoenix Suns,0.7353034829106206,7.657625340385068,,elo,"{'home_advantage': 1.6125614156733012, 'scale': 0.04055705080659175, 'error_term': 13.928081731021848, 'win_prob_k': 7.494988843890923}",1.0,8
2025-02-08,Dallas Mavericks,Houston Rockets,116,105,False,False,2025-02-08|Houston Rockets|Dallas Mavericks,,,,2025-02-08|Houston Rockets|Dallas Mavericks,0.4560071682330106,-1.3143326673854459,,elo,"{'home_advantage': 1.6644935178774136, 'scale': 0.04070874472089057, 'error_term': 13.880732677798616, 'win_prob_k': 7.449702367289511}",1.0,11
2025-02-08,Los Angeles Lakers,Indiana Pacers,124,117,False,False,2025-02-08|Indiana Pacers|Los Angeles Lakers,,,,2025-02-08|Indiana Pacers|Los Angeles Lakers,0.5282108230678905,0.8415426905043963,,elo,"{'home_advantage': 1.6644935178774136, 'scale': 0.04070874472089057, 'error_term': 13.880732677798616, 'win_prob_k': 7.449702367289511}",1.0,7
2025-02-08,Orlando Magic,San Antonio Spurs,112,111,False,False,2025-02-08|San Antonio Spurs|Orlando Magic,,,,2025-02-08|San Antonio Spurs|Orlando Magic,0.5058135003048576,0.17324319496566454,,elo,"{'home_advantage': 1.6644935178774136, 'scale': 0.04070874472089057, 'error_term': 13.880732677798616, 'win_prob_k': 7.449702367289511}",1.0,1
2025-02-08,Washington Wizards,Atlanta Hawks,111,125,False,False,2025-02-08|Atlanta Hawks|Washington Wizards,,,,2025-02-08|Atlanta Hawks|Washington Wizards,0.33199122538521625,-5.208778034580559,,elo,"{'home_advantage': 1.6644935178774136, 'scale': 0.04070874472089057, 'error_term': 13.880732677798616, 'win_prob_k': 7.449702367289511}",0.0,-14
2025-02-08,Chicago Bulls,Golden State Warriors,111,132,False,False,2025-02-08|Golden State Warriors|Chicago Bulls,,,,2025-02-08|Golden State Warriors|Chicago Bulls,0.5323555098555904,0.9655048707540583,,elo,"{'home_advantage': 1.6644935178774136, 'scale': 0.04070874472089057, 'error_term': 13.880732677798616, 'win_prob_k': 7.449702367289511}",0.0,-21
2025-02-08,Memphis Grizzlies,Oklahoma City Thunder,112,125,False,False,2025-02-08|Oklahoma City Thunder|Memphis Grizzlies,,,,2025-02-08|Oklahoma City Thunder|Memphis Grizzlies,0.4825441481956488,-0.5203750865417622,,elo,"{'home_advantage': 1.6644935178774136, 'scale': 0.04070874472089057, 'error_term': 13.880732677798616, 'win_prob_k': 7.449702367289511}",0.0,-13
2025-02-08,Minnesota Timberwolves,Portland Trail Blazers,114,98,False,False,2025-02-08|Portland Trail Blazers|Minnesota Timberwolves,,,,2025-02-08|Portland Trail Blazers|Minnesota Timberwolves,0.5762950369808489,2.291397150545514,,elo,"{'home_advantage': 1.6644935178774136, 'scale': 0.04070874472089057, 'error_term': 13.880732677798616, 'win_prob_k': 7.449702367289511}",1.0,16
2025-02-08,New York Knicks,Boston Celtics,104,131,False,False,2025-02-08|Boston Celtics|New York Knicks,,,,2025-02-08|Boston Celtics|New York Knicks,0.5942133119867342,2.8413965182941263,,elo,"{'home_advantage': 1.6644935178774136, 'scale': 0.04070874472089057, 'error_term': 13.880732677798616, 'win_prob_k': 7.449702367289511}",0.0,-27
2025-02-08,Phoenix Suns,Denver Nuggets,105,122,False,False,2025-02-08|Denver Nuggets|Phoenix Suns,,,,2025-02-08|Denver Nuggets|Phoenix Suns,0.37887590864093806,-3.6825529163160664,,elo,"{'home_advantage': 1.6644935178774136, 'scale': 0.04070874472089057, 'error_term': 13.880732677798616, 'win_prob_k': 7.449702367289511}",0.0,-17
2025-02-08,Sacramento Kings,New Orleans Pelicans,123,118,False,False,2025-02-08|New Orleans Pelicans|Sacramento Kings,,,,2025-02-08|New Orleans Pelicans|Sacramento Kings,0.7775731052025446,9.323892385367131,,elo,"{'home_advantage': 1.6644935178774136, 'scale': 0.04070874472089057, 'error_term': 13.880732677798616, 'win_prob_k': 7.449702367289511}",1.0,5
2025-02-08,Los Angeles Clippers,Utah Jazz,130,110,False,False,2025-02-08|Utah Jazz|Los Angeles Clippers,,,,2025-02-08|Utah Jazz|Los Angeles Clippers,0.7725427625189627,9.108938143864911,,elo,"{'home_advantage': 1.6644935178774136, 'scale': 0.04070874472089057, 'error_term': 13.880732677798616, 'win_prob_k': 7.449702367289511}",1.0,20
2025-02-09,Detroit Pistons,Charlotte Hornets,112,102,False,False,2025-02-09|Charlotte Hornets|Detroit Pistons,,,,2025-02-09|Charlotte Hornets|Detroit Pistons,0.811981191059951,10.817289776531307,,elo,"{'home_advantage': 1.6074495577265802, 'scale': 0.04103792199266045, 'error_term': 13.806515961043472, 'win_prob_k': 7.394237278916343}",1.0,10
2025-02-09,Houston Rockets,Toronto Raptors,94,87,False,False,2025-02-09|Toronto Raptors|Houston Rockets,,,,2025-02-09|Toronto Raptors|Houston Rockets,0.7015801643409816,6.320844166527471,,elo,"{'home_advantage': 1.6074495577265802, 'scale': 0.04103792199266045, 'error_term': 13.806515961043472, 'win_prob_k': 7.394237278916343}",1.0,7
2025-02-09,Milwaukee Bucks,Philadelphia 76ers,135,127,False,False,2025-02-09|Philadelphia 76ers|Milwaukee Bucks,,,,2025-02-09|Philadelphia 76ers|Milwaukee Bucks,0.6385420005299941,4.2076286304520725,,elo,"{'home_advantage': 1.6074495577265802, 'scale': 0.04103792199266045, 'error_term': 13.806515961043472, 'win_prob_k': 7.394237278916343}",1.0,8
2025-02-10,Cleveland Cavaliers,Minnesota Timberwolves,128,107,False,False,2025-02-10|Minnesota Timberwolves|Cleveland Cavaliers,,,,2025-02-10|Minnesota Timberwolves|Cleveland Cavaliers,0.6854495525325436,5.712171371193244,,elo,"{'home_advantage': 1.6193841417461545, 'scale': 0.04073904887534733, 'error_term': 13.771886924578306, 'win_prob_k': 7.333352390533786}",1.0,21
2025-02-10,Orlando Magic,Atlanta Hawks,106,112,False,False,2025-02-10|Atlanta Hawks|Orlando Magic,,,,2025-02-10|Atlanta Hawks|Orlando Magic,0.481865450508023,-0.5321816017126211,,elo,"{'home_advantage': 1.6193841417461545, 'scale': 0.04073904887534733, 'error_term': 13.771886924578306, 'win_prob_k': 7.333352390533786}",0.0,-6
2025-02-10,Washington Wizards,San Antonio Spurs,121,131,False,False,2025-02-10|San Antonio Spurs|Washington Wizards,,,,2025-02-10|San Antonio Spurs|Washington Wizards,0.3629429998532064,-4.1258418598983315,,elo,"{'home_advantage': 1.6193841417461545, 'scale': 0.04073904887534733, 'error_term': 13.771886924578306, 'win_prob_k': 7.333352390533786}",0.0,-10
2025-02-10,Brooklyn Nets,Charlotte Hornets,97,89,False,False,2025-02-10|Charlotte Hornets|Brooklyn Nets,,,,2025-02-10|Charlotte Hornets|Brooklyn Nets,0.6895252177177096,5.851286190953727,,elo,"{'home_advantage': 1.6193841417461545, 'scale': 0.04073904887534733, 'error_term': 13.771886924578306, 'win_prob_k': 7.333352390533786}",1.0,8
2025-02-10,Miami Heat,Boston Celtics,85,103,False,False,2025-02-10|Boston Celtics|Miami Heat,,,,2025-02-10|Boston Celtics|Miami Heat,0.340900908312802,-4.834747570646939,,elo,"{'home_advantage': 1.6193841417461545, 'scale': 0.04073904887534733, 'error_term': 13.771886924578306, 'win_prob_k': 7.333352390533786}",0.0,-18
2025-02-10,Milwaukee Bucks,Golden State Warriors,111,125,False,False,2025-02-10|Golden State Warriors|Milwaukee Bucks,,,,2025-02-10|Golden State Warriors|Milwaukee Bucks,0.6267450192002194,3.8007152780355034,,elo,"{'home_advantage': 1.6193841417461545, 'scale': 0.04073904887534733, 'error_term': 13.771886924578306, 'win_prob_k': 7.333352390533786}",0.0,-14
2025-02-10,Oklahoma City Thunder,New Orleans Pelicans,137,101,False,False,2025-02-10|New Orleans Pelicans|Oklahoma City Thunder,,,,2025-02-10|New Orleans Pelicans|Oklahoma City Thunder,0.932778336321454,19.287978264701728,,elo,"{'home_advantage': 1.6193841417461545, 'scale': 0.04073904887534733, 'error_term': 13.771886924578306, 'win_prob_k': 7.333352390533786}",1.0,36
2025-02-10,Dallas Mavericks,Sacramento Kings,128,129,False,False,2025-02-10|Sacramento Kings|Dallas Mavericks,,,,2025-02-10|Sacramento Kings|Dallas Mavericks,0.5475579587044255,1.3992670500574875,,elo,"{'home_advantage': 1.6193841417461545, 'scale': 0.04073904887534733, 'error_term': 13.771886924578306, 'win_prob_k': 7.333352390533786}",0.0,-1
2025-02-10,Denver Nuggets,Portland Trail Blazers,146,117,False,False,2025-02-10|Portland Trail Blazers|Denver Nuggets,,,,2025-02-10|Portland Trail Blazers|Denver Nuggets,0.6742859821094858,5.336000758031114,,elo,"{'home_advantage': 1.6193841417461545, 'scale': 0.04073904887534733, 'error_term': 13.771886924578306, 'win_prob_k': 7.333352390533786}",1.0,29
2025-02-10,Los Angeles Lakers,Utah Jazz,132,113,False,False,2025-02-10|Utah Jazz|Los Angeles Lakers,,,,2025-02-10|Utah Jazz|Los Angeles Lakers,0.880125115863225,14.619885050032213,,elo,"{'home_advantage': 1.6193841417461545, 'scale': 0.04073904887534733, 'error_term': 13.771886924578306, 'win_prob_k': 7.333352390533786}",1.0,19
2025-02-11,Philadelphia 76ers,Toronto Raptors,103,106,False,False,2025-02-11|Toronto Raptors|Philadelphia 76ers,,,,2025-02-11|Toronto Raptors|Philadelphia 76ers,0.5762678629813874,2.253725341057967,,elo,"{'home_advantage': 1.6420323032585722, 'scale': 0.04022940515768372, 'error_term': 13.759477836597187, 'win_prob_k': 7.329877247269062}",0.0,-3
2025-02-11,Indiana Pacers,New York Knicks,115,128,False,False,2025-02-11|New York Knicks|Indiana Pacers,,,,2025-02-11|New York Knicks|Indiana Pacers,0.5536491695778467,1.5790458437140118,,elo,"{'home_advantage': 1.6420323032585722, 'scale': 0.04022940515768372, 'error_term': 13.759477836597187, 'win_prob_k': 7.329877247269062}",0.0,-13
2025-02-11,Chicago Bulls,Detroit Pistons,92,132,False,False,2025-02-11|Detroit Pistons|Chicago Bulls,,,,2025-02-11|Detroit Pistons|Chicago Bulls,0.39403787497349335,-3.1545625701413824,,elo,"{'home_advantage': 1.6420323032585722, 'scale': 0.04022940515768372, 'error_term': 13.759477836597187, 'win_prob_k': 7.329877247269062}",0.0,-40
2025-02-11,Phoenix Suns,Memphis Grizzlies,112,119,False,False,2025-02-11|Memphis Grizzlies|Phoenix Suns,,,,2025-02-11|Memphis Grizzlies|Phoenix Suns,0.3187248998459159,-5.568052132561805,,elo,"{'home_advantage': 1.6420323032585722, 'scale': 0.04022940515768372, 'error_term': 13.759477836597187, 'win_prob_k': 7.329877247269062}",0.0,-7
2025-02-12,Boston Celtics,San Antonio Spurs,116,103,False,False,2025-02-12|San Antonio Spurs|Boston Celtics,,,,2025-02-12|San Antonio Spurs|Boston Celtics,0.8008017882298728,10.2807045517638,,elo,"{'home_advantage': 1.5590676850398082, 'scale': 0.04015467544738714, 'error_term': 13.782938686655951, 'win_prob_k': 7.389209951007313}",1.0,13
2025-02-12,Orlando Magic,Charlotte Hornets,102,86,False,False,2025-02-12|Charlotte Hornets|Orlando Magic,,,,2025-02-12|Charlotte Hornets|Orlando Magic,0.7076138633352541,6.530755477133873,,elo,"{'home_advantage': 1.5590676850398082, 'scale': 0.04015467544738714, 'error_term': 13.782938686655951, 'win_prob_k': 7.389209951007313}",1.0,16
2025-02-12,Washington Wizards,Indiana Pacers,130,134,False,False,2025-02-12|Indiana Pacers|Washington Wizards,,,,2025-02-12|Indiana Pacers|Washington Wizards,0.17072403256375054,-11.678680196044846,,elo,"{'home_advantage': 1.5590676850398082, 'scale': 0.04015467544738714, 'error_term': 13.782938686655951, 'win_prob_k': 7.389209951007313}",0.0,-4
2025-02-12,Brooklyn Nets,Philadelphia 76ers,100,96,False,False,2025-02-12|Philadelphia 76ers|Brooklyn Nets,,,,2025-02-12|Philadelphia 76ers|Brooklyn Nets,0.5480879105713333,1.4257334761916298,,elo,"{'home_advantage': 1.5590676850398082, 'scale': 0.04015467544738714, 'error_term': 13.782938686655951, 'win_prob_k': 7.389209951007313}",1.0,4
2025-02-12,New York Knicks,Atlanta Hawks,149,148,False,False,2025-02-12|Atlanta Hawks|New York Knicks,,,,2025-02-12|Atlanta Hawks|New York Knicks,0.732338746992058,7.437394814213603,,elo,"{'home_advantage': 1.5590676850398082, 'scale': 0.04015467544738714, 'error_term': 13.782938686655951, 'win_prob_k': 7.389209951007313}",1.0,1
2025-02-12,Toronto Raptors,Cleveland Cavaliers,108,131,False,False,2025-02-12|Cleveland Cavaliers|Toronto Raptors,,,,2025-02-12|Cleveland Cavaliers|Toronto Raptors,0.22608951676136177,-9.092609048798227,,elo,"{'home_advantage': 1.5590676850398082, 'scale': 0.04015467544738714, 'error_term': 13.782938686655951, 'win_prob_k': 7.389209951007313}",0.0,-23
2025-02-12,Chicago Bulls,Detroit Pistons,110,128,False,False,2025-02-12|Detroit Pistons|Chicago Bulls,,,,2025-02-12|Detroit Pistons|Chicago Bulls,0.35170419576005657,-4.518920194635239,,elo,"{'home_advantage': 1.5590676850398082, 'scale': 0.04015467544738714, 'error_term': 13.782938686655951, 'win_prob_k': 7.389209951007313}",0.0,-18
2025-02-12,Minnesota Timberwolves,Milwaukee Bucks,101,103,False,False,2025-02-12|Milwaukee Bucks|Minnesota Timberwolves,,,,2025-02-12|Milwaukee Bucks|Minnesota Timberwolves,0.6617385606767107,4.958540191401163,,elo,"{'home_advantage': 1.5590676850398082, 'scale': 0.04015467544738714, 'error_term': 13.782938686655951, 'win_prob_k': 7.389209951007313}",0.0,-2
2025-02-12,New Orleans Pelicans,Sacramento Kings,111,119,False,False,2025-02-12|Sacramento Kings|New Orleans Pelicans,,,,2025-02-12|Sacramento Kings|New Orleans Pelicans,0.26217554112443786,-7.645553851217759,,elo,"{'home_advantage': 1.5590676850398082, 'scale': 0.04015467544738714, 'error_term': 13.782938686655951, 'win_prob_k': 7.389209951007313}",0.0,-8
2025-02-12,Oklahoma City Thunder,Miami Heat,115,101,False,False,2025-02-12|Miami Heat|Oklahoma City Thunder,,,,2025-02-12|Miami Heat|Oklahoma City Thunder,0.8525550051028857,12.966456598392549,,elo,"{'home_advantage': 1.5590676850398082, 'scale': 0.04015467544738714, 'error_term': 13.782938686655951, 'win_prob_k': 7.389209951007313}",1.0,14
2025-02-12,Houston Rockets,Phoenix Suns,119,111,False,False,2025-02-12|Phoenix Suns|Houston Rockets,,,,2025-02-12|Phoenix Suns|Houston Rockets,0.6709411464768849,5.264404221225811,,elo,"{'home_advantage': 1.5590676850398082, 'scale': 0.04015467544738714, 'error_term': 13.782938686655951, 'win_prob_k': 7.389209951007313}",1.0,8
2025-02-12,Denver Nuggets,Portland Trail Blazers,132,121,False,False,2025-02-12|Portland Trail Blazers|Denver Nuggets,,,,2025-02-12|Portland Trail Blazers|Denver Nuggets,0.6985351400473242,6.209389773579625,,elo,"{'home_advantage': 1.5590676850398082, 'scale': 0.04015467544738714, 'error_term': 13.782938686655951, 'win_prob_k': 7.389209951007313}",1.0,11
2025-02-12,Utah Jazz,Los Angeles Lakers,131,119,False,False,2025-02-12|Los Angeles Lakers|Utah Jazz,,,,2025-02-12|Los Angeles Lakers|Utah Jazz,0.17228044940332515,-11.597739808117016,,elo,"{'home_advantage': 1.5590676850398082, 'scale': 0.04015467544738714, 'error_term': 13.782938686655951, 'win_prob_k': 7.389209951007313}",1.0,12
2025-02-12,Dallas Mavericks,Golden State Warriors,111,107,False,False,2025-02-12|Golden State Warriors|Dallas Mavericks,,,,2025-02-12|Golden State Warriors|Dallas Mavericks,0.5454899119608696,1.3482663017609355,,elo,"{'home_advantage': 1.5590676850398082, 'scale': 0.04015467544738714, 'error_term': 13.782938686655951, 'win_prob_k': 7.389209951007313}",1.0,4
2025-02-12,Los Angeles Clippers,Memphis Grizzlies,128,114,False,False,2025-02-12|Memphis Grizzlies|Los Angeles Clippers,,,,2025-02-12|Memphis Grizzlies|Los Angeles Clippers,0.34857790503907166,-4.620443886377549,,elo,"{'home_advantage': 1.5590676850398082, 'scale': 0.04015467544738714, 'error_term': 13.782938686655951, 'win_prob_k': 7.389209951007313}",1.0,14
2025-02-13,Houston Rockets,Golden State Warriors,98,105,False,False,2025-02-13|Golden State Warriors|Houston Rockets,,,,2025-02-13|Golden State Warriors|Houston Rockets,0.6692574619638506,5.161116113254091,,elo,"{'home_advantage': 1.6120105889379113, 'scale': 0.040033142279983266, 'error_term': 13.67392967115943, 'win_prob_k': 7.322512431995699}",0.0,-7
2025-02-13,New Orleans Pelicans,Sacramento Kings,140,133,False,False,2025-02-13|Sacramento Kings|New Orleans Pelicans,,,,2025-02-13|Sacramento Kings|New Orleans Pelicans,0.24085449924462676,-8.406247537989868,,elo,"{'home_advantage': 1.6120105889379113, 'scale': 0.040033142279983266, 'error_term': 13.67392967115943, 'win_prob_k': 7.322512431995699}",1.0,7
2025-02-13,Dallas Mavericks,Miami Heat,118,113,False,False,2025-02-13|Miami Heat|Dallas Mavericks,,,,2025-02-13|Miami Heat|Dallas Mavericks,0.6170484114430128,3.4931232970376715,,elo,"{'home_advantage': 1.6120105889379113, 'scale': 0.040033142279983266, 'error_term': 13.67392967115943, 'win_prob_k': 7.322512431995699}",1.0,5
2025-02-13,Minnesota Timberwolves,Oklahoma City Thunder,116,101,False,False,2025-02-13|Oklahoma City Thunder|Minnesota Timberwolves,,,,2025-02-13|Oklahoma City Thunder|Minnesota Timberwolves,0.29428945307438953,-6.404572129363302,,elo,"{'home_advantage': 1.6120105889379113, 'scale': 0.040033142279983266, 'error_term': 13.67392967115943, 'win_prob_k': 7.322512431995699}",1.0,15
2025-02-13,Utah Jazz,Los Angeles Clippers,116,120,False,False,2025-02-13|Los Angeles Clippers|Utah Jazz,,,,2025-02-13|Los Angeles Clippers|Utah Jazz,0.2988264440034644,-6.245315859822358,,elo,"{'home_advantage': 1.6120105889379113, 'scale': 0.040033142279983266, 'error_term': 13.67392967115943, 'win_prob_k': 7.322512431995699}",0.0,-4
2025-02-19,Los Angeles Lakers,Charlotte Hornets,97,100,False,False,2025-02-19|Charlotte Hornets|Los Angeles Lakers,,,,2025-02-19|Charlotte Hornets|Los Angeles Lakers,0.8881971215341081,15.285378362077266,,elo,"{'home_advantage': 1.6328922812789985, 'scale': 0.040575240892993664, 'error_term': 13.675655146861997, 'win_prob_k': 7.3754885256550455}",0.0,-3
2025-02-20,Indiana Pacers,Memphis Grizzlies,127,113,False,False,2025-02-20|Memphis Grizzlies|Indiana Pacers,,,,2025-02-20|Memphis Grizzlies|Indiana Pacers,0.4963690645847924,-0.10904601793369562,,elo,"{'home_advantage': 1.5989767548476095, 'scale': 0.041758290837001534, 'error_term': 13.636945256058576, 'win_prob_k': 7.507989581087566}",1.0,14
2025-02-20,Philadelphia 76ers,Boston Celtics,104,124,False,False,2025-02-20|Boston Celtics|Philadelphia 76ers,,,,2025-02-20|Boston Celtics|Philadelphia 76ers,0.2182009734898249,-9.581554952882605,,elo,"{'home_advantage': 1.5989767548476095, 'scale': 0.041758290837001534, 'error_term': 13.636945256058576, 'win_prob_k': 7.507989581087566}",0.0,-20
2025-02-20,Atlanta Hawks,Orlando Magic,108,114,False,False,2025-02-20|Orlando Magic|Atlanta Hawks,,,,2025-02-20|Orlando Magic|Atlanta Hawks,0.6486877254196854,4.604469361204236,,elo,"{'home_advantage': 1.5989767548476095, 'scale': 0.041758290837001534, 'error_term': 13.636945256058576, 'win_prob_k': 7.507989581087566}",0.0,-6
2025-02-20,Brooklyn Nets,Cleveland Cavaliers,97,110,False,False,2025-02-20|Cleveland Cavaliers|Brooklyn Nets,,,,2025-02-20|Cleveland Cavaliers|Brooklyn Nets,0.1956629249379726,-10.61348192852907,,elo,"{'home_advantage': 1.5989767548476095, 'scale': 0.041758290837001534, 'error_term': 13.636945256058576, 'win_prob_k': 7.507989581087566}",0.0,-13
2025-02-20,New York Knicks,Chicago Bulls,113,111,False,False,2025-02-20|Chicago Bulls|New York Knicks,,,,2025-02-20|Chicago Bulls|New York Knicks,0.8490956222558312,12.970242952005245,,elo,"{'home_advantage': 1.5989767548476095, 'scale': 0.041758290837001534, 'error_term': 13.636945256058576, 'win_prob_k': 7.507989581087566}",1.0,2
2025-02-20,Milwaukee Bucks,Los Angeles Clippers,116,110,False,False,2025-02-20|Los Angeles Clippers|Milwaukee Bucks,,,,2025-02-20|Los Angeles Clippers|Milwaukee Bucks,0.5166556547127231,0.5003870667209118,,elo,"{'home_advantage': 1.5989767548476095, 'scale': 0.041758290837001534, 'error_term': 13.636945256058576, 'win_prob_k': 7.507989581087566}",1.0,6
2025-02-20,Denver Nuggets,Charlotte Hornets,129,115,False,False,2025-02-20|Charlotte Hornets|Denver Nuggets,,,,2025-02-20|Charlotte Hornets|Denver Nuggets,0.9001537865029801,16.50957720579574,,elo,"{'home_advantage': 1.5989767548476095, 'scale': 0.041758290837001534, 'error_term': 13.636945256058576, 'win_prob_k': 7.507989581087566}",1.0,14
2025-02-20,San Antonio Spurs,Phoenix Suns,120,109,False,False,2025-02-20|Phoenix Suns|San Antonio Spurs,,,,2025-02-20|Phoenix Suns|San Antonio Spurs,0.5224956660366192,0.6760453061816479,,elo,"{'home_advantage': 1.5989767548476095, 'scale': 0.041758290837001534, 'error_term': 13.636945256058576, 'win_prob_k': 7.507989581087566}",1.0,11
2025-02-20,Portland Trail Blazers,Los Angeles Lakers,102,110,False,False,2025-02-20|Los Angeles Lakers|Portland Trail Blazers,,,,2025-02-20|Los Angeles Lakers|Portland Trail Blazers,0.4903151664480128,-0.29089090045619326,,elo,"{'home_advantage': 1.5989767548476095, 'scale': 0.041758290837001534, 'error_term': 13.636945256058576, 'win_prob_k': 7.507989581087566}",0.0,-8
2025-02-21,Cleveland Cavaliers,New York Knicks,142,105,False,False,2025-02-21|New York Knicks|Cleveland Cavaliers,,,,2025-02-21|New York Knicks|Cleveland Cavaliers,0.6422235810009734,4.340815137460453,,elo,"{'home_advantage': 1.5861868167124529, 'scale': 0.04105614123545797, 'error_term': 13.58684181542664, 'win_prob_k': 7.419838676321705}",1.0,37
2025-02-21,Orlando Magic,Memphis Grizzlies,104,105,False,False,2025-02-21|Memphis Grizzlies|Orlando Magic,,,,2025-02-21|Memphis Grizzlies|Orlando Magic,0.311030083278893,-5.901056831872249,,elo,"{'home_advantage': 1.5861868167124529, 'scale': 0.04105614123545797, 'error_term': 13.58684181542664, 'win_prob_k': 7.419838676321705}",0.0,-1
2025-02-21,Washington Wizards,Milwaukee Bucks,101,104,False,False,2025-02-21|Milwaukee Bucks|Washington Wizards,,,,2025-02-21|Milwaukee Bucks|Washington Wizards,0.20282406730648125,-10.15580371119784,,elo,"{'home_advantage': 1.5861868167124529, 'scale': 0.04105614123545797, 'error_term': 13.58684181542664, 'win_prob_k': 7.419838676321705}",0.0,-3
2025-02-21,Toronto Raptors,Miami Heat,111,120,False,False,2025-02-21|Miami Heat|Toronto Raptors,,,,2025-02-21|Miami Heat|Toronto Raptors,0.5338598919876277,1.0064801930323157,,elo,"{'home_advantage': 1.5861868167124529, 'scale': 0.04105614123545797, 'error_term': 13.58684181542664, 'win_prob_k': 7.419838676321705}",0.0,-9
2025-02-21,Dallas Mavericks,New Orleans Pelicans,111,103,False,False,2025-02-21|New Orleans Pelicans|Dallas Mavericks,,,,2025-02-21|New Orleans Pelicans|Dallas Mavericks,0.7806856793842941,9.42072175190881,,elo,"{'home_advantage': 1.5861868167124529, 'scale': 0.04105614123545797, 'error_term': 13.58684181542664, 'win_prob_k': 7.419838676321705}",1.0,8
2025-02-21,San Antonio Spurs,Detroit Pistons,110,125,False,False,2025-02-21|Detroit Pistons|San Antonio Spurs,,,,2025-02-21|Detroit Pistons|San Antonio Spurs,0.39970174224272764,-3.0177077734714723,,elo,"{'home_advantage': 1.5861868167124529, 'scale': 0.04105614123545797, 'error_term': 13.58684181542664, 'win_prob_k': 7.419838676321705}",0.0,-15
2025-02-21,Houston Rockets,Minnesota Timberwolves,121,115,False,False,2025-02-21|Minnesota Timberwolves|Houston Rockets,,,,2025-02-21|Minnesota Timberwolves|Houston Rockets,0.49292095028750993,-0.21011566749702482,,elo,"{'home_advantage': 1.5861868167124529, 'scale': 0.04105614123545797, 'error_term': 13.58684181542664, 'win_prob_k': 7.419838676321705}",1.0,6
2025-02-21,Utah Jazz,Oklahoma City Thunder,107,130,False,False,2025-02-21|Oklahoma City Thunder|Utah Jazz,,,,2025-02-21|Oklahoma City Thunder|Utah Jazz,0.12157114358022456,-14.673734783049639,,elo,"{'home_advantage': 1.5861868167124529, 'scale': 0.04105614123545797, 'error_term': 13.58684181542664, 'win_prob_k': 7.419838676321705}",0.0,-23
2025-02-21,Sacramento Kings,Golden State Warriors,108,132,False,False,2025-02-21|Golden State Warriors|Sacramento Kings,,,,2025-02-21|Golden State Warriors|Sacramento Kings,0.5739576906658046,2.211238247835978,,elo,"{'home_advantage': 1.5861868167124529, 'scale': 0.04105614123545797, 'error_term': 13.58684181542664, 'win_prob_k': 7.419838676321705}",0.0,-24
2025-02-22,Chicago Bulls,Phoenix Suns,117,121,False,False,2025-02-22|Phoenix Suns|Chicago Bulls,,,,2025-02-22|Phoenix Suns|Chicago Bulls,0.4738249500902821,-0.7677414492687382,,elo,"{'home_advantage': 1.5962868248225774, 'scale': 0.040345548177202116, 'error_term': 13.581734622093768, 'win_prob_k': 7.326056668326705}",0.0,-4
2025-02-22,Philadelphia 76ers,Brooklyn Nets,103,105,False,False,2025-02-22|Brooklyn Nets|Philadelphia 76ers,,,,2025-02-22|Brooklyn Nets|Philadelphia 76ers,0.5100268192653521,0.29386758158389026,,elo,"{'home_advantage': 1.5962868248225774, 'scale': 0.040345548177202116, 'error_term': 13.581734622093768, 'win_prob_k': 7.326056668326705}",0.0,-2
2025-02-22,Denver Nuggets,Los Angeles Lakers,100,123,False,False,2025-02-22|Los Angeles Lakers|Denver Nuggets,,,,2025-02-22|Los Angeles Lakers|Denver Nuggets,0.6539751899250269,4.66346684473136,,elo,"{'home_advantage': 1.5962868248225774, 'scale': 0.040345548177202116, 'error_term': 13.581734622093768, 'win_prob_k': 7.326056668326705}",0.0,-23
2025-02-22,Utah Jazz,Houston Rockets,124,115,False,False,2025-02-22|Houston Rockets|Utah Jazz,,,,2025-02-22|Houston Rockets|Utah Jazz,0.2565376859818909,-7.795235649764457,,elo,"{'home_advantage': 1.5962868248225774, 'scale': 0.040345548177202116, 'error_term': 13.581734622093768, 'win_prob_k': 7.326056668326705}",1.0,9
2025-02-22,Portland Trail Blazers,Charlotte Hornets,141,88,False,False,2025-02-22|Charlotte Hornets|Portland Trail Blazers,,,,2025-02-22|Charlotte Hornets|Portland Trail Blazers,0.7911243166563513,9.756225862912475,,elo,"{'home_advantage': 1.5962868248225774, 'scale': 0.040345548177202116, 'error_term': 13.581734622093768, 'win_prob_k': 7.326056668326705}",1.0,53
2025-02-23,Boston Celtics,New York Knicks,118,105,False,False,2025-02-23|New York Knicks|Boston Celtics,,,,2025-02-23|New York Knicks|Boston Celtics,0.589424510702476,2.664780108127714,,elo,"{'home_advantage': 1.6405721818581784, 'scale': 0.040176525525256766, 'error_term': 13.722991656628988, 'win_prob_k': 7.369682077163056}",1.0,13
2025-02-23,Golden State Warriors,Dallas Mavericks,126,102,False,False,2025-02-23|Dallas Mavericks|Golden State Warriors,,,,2025-02-23|Dallas Mavericks|Golden State Warriors,0.5542261188278457,1.6048288202358043,,elo,"{'home_advantage': 1.6405721818581784, 'scale': 0.040176525525256766, 'error_term': 13.722991656628988, 'win_prob_k': 7.369682077163056}",1.0,24
2025-02-23,Indiana Pacers,Los Angeles Clippers,129,111,False,False,2025-02-23|Los Angeles Clippers|Indiana Pacers,,,,2025-02-23|Los Angeles Clippers|Indiana Pacers,0.6680363447970183,5.153744622890599,,elo,"{'home_advantage': 1.6405721818581784, 'scale': 0.040176525525256766, 'error_term': 13.722991656628988, 'win_prob_k': 7.369682077163056}",1.0,18
2025-02-23,Atlanta Hawks,Detroit Pistons,143,148,False,False,2025-02-23|Detroit Pistons|Atlanta Hawks,,,,2025-02-23|Detroit Pistons|Atlanta Hawks,0.3978850362086626,-3.0531508545717885,,elo,"{'home_advantage': 1.6405721818581784, 'scale': 0.040176525525256766, 'error_term': 13.722991656628988, 'win_prob_k': 7.369682077163056}",0.0,-5
2025-02-23,Milwaukee Bucks,Miami Heat,120,113,False,False,2025-02-23|Miami Heat|Milwaukee Bucks,,,,2025-02-23|Miami Heat|Milwaukee Bucks,0.6632113727683763,4.993978372428137,,elo,"{'home_advantage': 1.6405721818581784, 'scale': 0.040176525525256766, 'error_term': 13.722991656628988, 'win_prob_k': 7.369682077163056}",1.0,7
2025-02-23,Orlando Magic,Washington Wizards,110,90,False,False,2025-02-23|Washington Wizards|Orlando Magic,,,,2025-02-23|Washington Wizards|Orlando Magic,0.7667966888355525,8.772213936330301,,elo,"{'home_advantage': 1.6405721818581784, 'scale': 0.040176525525256766, 'error_term': 13.722991656628988, 'win_prob_k': 7.369682077163056}",1.0,20
2025-02-23,Toronto Raptors,Phoenix Suns,127,109,False,False,2025-02-23|Phoenix Suns|Toronto Raptors,,,,2025-02-23|Phoenix Suns|Toronto Raptors,0.499630218808196,-0.010900681274224056,,elo,"{'home_advantage': 1.6405721818581784, 'scale': 0.040176525525256766, 'error_term': 13.722991656628988, 'win_prob_k': 7.369682077163056}",1.0,18
2025-02-23,Cleveland Cavaliers,Memphis Grizzlies,129,123,False,False,2025-02-23|Memphis Grizzlies|Cleveland Cavaliers,,,,2025-02-23|Memphis Grizzlies|Cleveland Cavaliers,0.6854612982836877,5.740871153718235,,elo,"{'home_advantage': 1.6405721818581784, 'scale': 0.040176525525256766, 'error_term': 13.722991656628988, 'win_prob_k': 7.369682077163056}",1.0,6
2025-02-23,New Orleans Pelicans,San Antonio Spurs,114,96,False,False,2025-02-23|San Antonio Spurs|New Orleans Pelicans,,,,2025-02-23|San Antonio Spurs|New Orleans Pelicans,0.4116120521430675,-2.633225882363018,,elo,"{'home_advantage': 1.6405721818581784, 'scale': 0.040176525525256766, 'error_term': 13.722991656628988, 'win_prob_k': 7.369682077163056}",1.0,18
2025-02-23,Minnesota Timberwolves,Oklahoma City Thunder,123,130,False,False,2025-02-23|Oklahoma City Thunder|Minnesota Timberwolves,,,,2025-02-23|Oklahoma City Thunder|Minnesota Timberwolves,0.3328290118990193,-5.125005787968544,,elo,"{'home_advantage': 1.6405721818581784, 'scale': 0.040176525525256766, 'error_term': 13.722991656628988, 'win_prob_k': 7.369682077163056}",0.0,-7
2025-02-24,Detroit Pistons,Los Angeles Clippers,106,97,False,False,2025-02-24|Los Angeles Clippers|Detroit Pistons,,,,2025-02-24|Los Angeles Clippers|Detroit Pistons,0.6494654897345775,4.527880143974756,,elo,"{'home_advantage': 1.738686118121429, 'scale': 0.03927794086856152, 'error_term': 13.741584509275777, 'win_prob_k': 7.3422241056447515}",1.0,9
2025-02-24,Indiana Pacers,Denver Nuggets,116,125,False,False,2025-02-24|Denver Nuggets|Indiana Pacers,,,,2025-02-24|Denver Nuggets|Indiana Pacers,0.5526402566206035,1.551736430931333,,elo,"{'home_advantage': 1.738686118121429, 'scale': 0.03927794086856152, 'error_term': 13.741584509275777, 'win_prob_k': 7.3422241056447515}",0.0,-9
2025-02-24,Philadelphia 76ers,Chicago Bulls,110,142,False,False,2025-02-24|Chicago Bulls|Philadelphia 76ers,,,,2025-02-24|Chicago Bulls|Philadelphia 76ers,0.5695720982088415,2.0565976455907213,,elo,"{'home_advantage': 1.738686118121429, 'scale': 0.03927794086856152, 'error_term': 13.741584509275777, 'win_prob_k': 7.3422241056447515}",0.0,-32
2025-02-24,Washington Wizards,Brooklyn Nets,107,99,False,False,2025-02-24|Brooklyn Nets|Washington Wizards,,,,2025-02-24|Brooklyn Nets|Washington Wizards,0.3085860342682723,-5.923251504133463,,elo,"{'home_advantage': 1.738686118121429, 'scale': 0.03927794086856152, 'error_term': 13.741584509275777, 'win_prob_k': 7.3422241056447515}",1.0,8
2025-02-24,Atlanta Hawks,Miami Heat,98,86,False,False,2025-02-24|Miami Heat|Atlanta Hawks,,,,2025-02-24|Miami Heat|Atlanta Hawks,0.5407898765516403,1.2006218851078467,,elo,"{'home_advantage': 1.738686118121429, 'scale': 0.03927794086856152, 'error_term': 13.741584509275777, 'win_prob_k': 7.3422241056447515}",1.0,12
2025-02-24,Oklahoma City Thunder,Minnesota Timberwolves,128,131,False,False,2025-02-24|Minnesota Timberwolves|Oklahoma City Thunder,,,,2025-02-24|Minnesota Timberwolves|Oklahoma City Thunder,0.7826914556829582,9.40847543774274,,elo,"{'home_advantage': 1.738686118121429, 'scale': 0.03927794086856152, 'error_term': 13.741584509275777, 'win_prob_k': 7.3422241056447515}",0.0,-3
2025-02-24,Utah Jazz,Portland Trail Blazers,112,114,False,False,2025-02-24|Portland Trail Blazers|Utah Jazz,,,,2025-02-24|Portland Trail Blazers|Utah Jazz,0.35698609993694236,-4.320674920800601,,elo,"{'home_advantage': 1.738686118121429, 'scale': 0.03927794086856152, 'error_term': 13.741584509275777, 'win_prob_k': 7.3422241056447515}",0.0,-2
2025-02-24,Sacramento Kings,Charlotte Hornets,130,88,False,False,2025-02-24|Charlotte Hornets|Sacramento Kings,,,,2025-02-24|Charlotte Hornets|Sacramento Kings,0.7911246690982471,9.777771955296323,,elo,"{'home_advantage': 1.738686118121429, 'scale': 0.03927794086856152, 'error_term': 13.741584509275777, 'win_prob_k': 7.3422241056447515}",1.0,42
2025-02-25,Toronto Raptors,Boston Celtics,101,111,False,False,2025-02-25|Boston Celtics|Toronto Raptors,,,,2025-02-25|Boston Celtics|Toronto Raptors,0.24698930281936762,-8.283054843444543,,elo,"{'home_advantage': 1.7329851057853203, 'scale': 0.0393775827252383, 'error_term': 13.82450435274563, 'win_prob_k': 7.430518691295411}",0.0,-10
2025-02-25,Orlando Magic,Cleveland Cavaliers,82,122,False,False,2025-02-25|Cleveland Cavaliers|Orlando Magic,,,,2025-02-25|Cleveland Cavaliers|Orlando Magic,0.1936810099903696,-10.597902904549123,,elo,"{'home_advantage': 1.7329851057853203, 'scale': 0.0393775827252383, 'error_term': 13.82450435274563, 'win_prob_k': 7.430518691295411}",0.0,-40
2025-02-25,Houston Rockets,Milwaukee Bucks,100,97,False,False,2025-02-25|Milwaukee Bucks|Houston Rockets,,,,2025-02-25|Milwaukee Bucks|Houston Rockets,0.5116491991789318,0.346301037198004,,elo,"{'home_advantage': 1.7329851057853203, 'scale': 0.0393775827252383, 'error_term': 13.82450435274563, 'win_prob_k': 7.430518691295411}",1.0,3
2025-02-25,Memphis Grizzlies,Phoenix Suns,151,148,False,False,2025-02-25|Phoenix Suns|Memphis Grizzlies,,,,2025-02-25|Phoenix Suns|Memphis Grizzlies,0.7767759659381722,9.265679014067397,,elo,"{'home_advantage': 1.7329851057853203, 'scale': 0.0393775827252383, 'error_term': 13.82450435274563, 'win_prob_k': 7.430518691295411}",1.0,3
2025-02-25,New Orleans Pelicans,San Antonio Spurs,109,103,False,False,2025-02-25|San Antonio Spurs|New Orleans Pelicans,,,,2025-02-25|San Antonio Spurs|New Orleans Pelicans,0.47890490617256015,-0.6273623702746263,,elo,"{'home_advantage': 1.7329851057853203, 'scale': 0.0393775827252383, 'error_term': 13.82450435274563, 'win_prob_k': 7.430518691295411}",1.0,6
2025-02-25,Golden State Warriors,Charlotte Hornets,128,92,False,False,2025-02-25|Charlotte Hornets|Golden State Warriors,,,,2025-02-25|Charlotte Hornets|Golden State Warriors,0.8347074657228832,12.032718065612002,,elo,"{'home_advantage': 1.7329851057853203, 'scale': 0.0393775827252383, 'error_term': 13.82450435274563, 'win_prob_k': 7.430518691295411}",1.0,36
2025-02-25,Los Angeles Lakers,Dallas Mavericks,107,99,False,False,2025-02-25|Dallas Mavericks|Los Angeles Lakers,,,,2025-02-25|Dallas Mavericks|Los Angeles Lakers,0.6843656469951324,5.7505372169526465,,elo,"{'home_advantage': 1.7329851057853203, 'scale': 0.0393775827252383, 'error_term': 13.82450435274563, 'win_prob_k': 7.430518691295411}",1.0,8
